source_row_id,SOIL,SEASON,SOWN,WATER_SOURCE,SOIL_PH,CROPDURATION,TEMP,WATERREQUIRED,RELATIVE_HUMIDITY,N,P,K,target,crop_label,SOIL_raw
5002,-0.9089503032237339,0.17449124089587287,-0.09597647149880119,-0.8975029591088394,-0.6519615575001118,0.06522705952371047,-2.022871882733332,0.22050484790919628,-2.2933468932349625,-1.4932301647065682,-1.4804971026958318,-1.2322611952378473,36,ragi,Sandy soil
5007,-0.9089503032237339,0.17449124089587287,-0.6043429600973992,1.114202454544477,-2.0368450133190725,0.16159772269811293,-0.5727134388100558,0.5600911228931267,-2.3063028350831676,-1.3660735411655345,-1.2413624972608632,-1.1958192762096556,36,ragi,Sandy soil
5012,-0.9089503032237339,0.17449124089587287,-0.09597647149880119,-0.8975029591088394,-1.421341255177312,-0.15207933783033392,-2.2787821963668513,0.46775733407518183,-2.3883571334551306,-1.2359597868444772,-1.2938554594295149,-1.0500516000968882,36,ragi,Sandy soil
5017,-0.9089503032237339,0.17449124089587287,-0.6043429600973992,1.114202454544477,2.271681293673248,-0.1388519919044355,-2.3470249466691233,0.8587025250277558,-2.310621482365902,-1.230045525284429,-1.5504877189207007,-1.305145033294231,36,ragi,Sandy soil
5022,-0.9089503032237339,0.17449124089587287,-0.09597647149880119,-0.8975029591088394,-0.49808561796467227,0.10301947645484862,-1.5792940057685652,0.2516569772672263,-2.2674350095385534,-1.5168872109467604,-1.4746645513437595,-0.9735235701376855,36,ragi,Sandy soil
5027,-0.9089503032237339,0.17449124089587287,-0.6043429600973992,1.114202454544477,2.4255572332086874,-0.051929432962817865,-2.159357383337876,0.44221820099787823,-2.310621482365902,-1.3512878872654144,-1.439669243231325,-1.330654376613965,36,ragi,Sandy soil
5032,-0.9089503032237339,0.17449124089587287,-0.09597647149880119,-0.8975029591088394,-0.6519615575001118,0.1672665852377836,-0.3338638127521039,0.03836311859963382,-2.280390951386758,-1.4636588569063278,-1.6029806810893525,-1.1411563976673678,36,ragi,Sandy soil
5047,-0.9089503032237339,0.17449124089587287,-0.6043429600973992,1.114202454544477,1.6561775355314885,-0.14452085444410617,-0.0779534991185845,0.2227500464214869,-2.3624452497587214,-1.244831179184549,-1.3113531134857321,-1.1739541247927403,36,ragi,Sandy soil
5052,-0.9089503032237339,0.17449124089587287,-0.09597647149880119,-0.8975029591088394,0.11741814017708838,-0.15207933783033392,-1.7499008815242447,0.3667234010221117,-2.3322147187795768,-1.407473372085871,-1.567985372976918,-1.1921750843068362,36,ragi,Sandy soil
5057,-0.9089503032237339,0.17449124089587287,-0.6043429600973992,1.114202454544477,-2.0368450133190725,0.09546099306862114,-0.9480485654725508,0.723990614290329,-2.409950369868805,-1.230045525284429,-1.5271575135124111,-1.1375122057645486,36,ragi,Sandy soil
5062,-0.9089503032237339,0.17449124089587287,-0.09597647149880119,-0.8975029591088394,2.1178053541378086,0.15970810185155584,-1.5451726306174294,0.07260239591206327,-2.3926757807378656,-1.5109729493867121,-1.5563202702727732,-1.2140402357237514,36,ragi,Sandy soil
5067,-0.9089503032237339,0.17449124089587287,-0.6043429600973992,1.114202454544477,-0.9597134365709921,-0.16719630460278911,-1.8522650069776525,0.8502830306066667,-2.241523125842144,-1.4607017261263038,-1.4513343459354697,-1.3015008413914115,36,ragi,Sandy soil
5072,-0.9089503032237339,0.17449124089587287,-0.09597647149880119,-0.8975029591088394,1.1945497169251689,-0.1577482003700046,-0.2826817500253999,0.44530534895227736,-2.3063028350831676,-1.33354510258527,-1.4105064864709629,-1.312433417099869,36,ragi,Sandy soil
5082,-0.9089503032237339,0.17449124089587287,-0.09597647149880119,-0.8975029591088394,0.4251700192479687,-0.16719630460278911,0.17795681451493492,0.04145026655403325,-2.314940129648637,-1.3690306719455585,-1.626310886497642,-1.330654376613965,36,ragi,Sandy soil
5087,-0.9089503032237339,0.17449124089587287,-0.6043429600973992,1.114202454544477,-0.8058374970355525,0.11246758068763316,-0.35092450032767214,0.619027583840751,-2.314940129648637,-1.3010166640050058,-1.2063671891484287,-1.0755609434166225,36,ragi,Sandy soil
5092,-0.9089503032237339,0.17449124089587287,-0.09597647149880119,-0.8975029591088394,1.1945497169251689,0.05199971359781206,-1.0333520033503905,0.7764721295151183,-2.241523125842144,-1.4193018952059673,-1.2588601513170803,-1.1848867005011978,36,ragi,Sandy soil
5097,-0.9089503032237339,0.17449124089587287,-0.6043429600973992,1.114202454544477,0.7329218983188477,-0.1237350251319803,-0.4703493133566477,0.5817011585739218,-2.3840384861723956,-1.2537025715246213,-1.124711470219415,-1.1375122057645486,36,ragi,Sandy soil
5102,-0.9089503032237339,0.17449124089587287,-0.09597647149880119,-0.8975029591088394,-2.190720952854512,0.0009799507407757676,-0.6238955015367591,0.3799139422818182,-2.2890282459522275,-1.3069309255650539,-1.3871762810626733,-0.9917445296517814,36,ragi,Sandy soil
5107,-0.9089503032237339,0.17449124089587287,-0.6043429600973992,1.114202454544477,-2.498472831925392,0.09546099306862114,0.041471313910391105,0.18738816985291232,-2.2631163622558184,-1.2241312637243809,-1.2646927026691528,-1.1958192762096556,36,ragi,Sandy soil
5112,-0.9089503032237339,0.17449124089587287,-0.09597647149880119,-0.8975029591088394,0.27129407971252784,-0.10294919581985415,-0.6068348139611915,-0.246777092461253,-2.280390951386758,-1.3719878027255827,-1.2705252540212253,-1.2249728114322087,36,ragi,Sandy soil
5122,-0.9089503032237339,0.17449124089587287,-0.09597647149880119,-0.8975029591088394,1.5023015959960477,-0.16719630460278911,-0.6921382518390313,0.5233259972543702,-2.2717536568212884,-1.227088394504405,-1.142209124275632,-1.2614147304604006,36,ragi,Sandy soil
5127,-0.9089503032237339,0.17449124089587287,-0.6043429600973992,1.114202454544477,-0.9597134365709921,-0.16719630460278911,-1.135716128803798,-0.08512279957634077,-2.327896071496842,-1.4163447644259433,-1.1188789188673425,-1.1411563976673678,36,ragi,Sandy soil
5132,-0.9089503032237339,0.17449124089587287,-0.09597647149880119,-0.8975029591088394,1.3484256564606083,-0.010357774338565839,-2.3470249466691233,0.16690073342826178,-2.2717536568212884,-1.4577445953462795,-1.567985372976918,-1.046407408194069,36,ragi,Sandy soil
5137,-0.9089503032237339,0.17449124089587287,-0.6043429600973992,1.114202454544477,-0.49808561796467227,-0.040591707883476255,0.024410626334822903,-0.19233102853820974,-2.284709598669493,-1.3779020642856306,-1.497994756752049,-0.9953887215546006,36,ragi,Sandy soil
5142,-0.9089503032237339,0.17449124089587287,-0.09597647149880119,-0.8975029591088394,-0.49808561796467227,-0.029253982804134916,-0.6580168766878955,-0.5249010581712322,-2.2976655405176976,-1.3838163258456788,-1.142209124275632,-1.1338680138617294,36,ragi,Sandy soil
5147,-0.9089503032237339,0.17449124089587287,-0.6043429600973992,1.114202454544477,-0.6519615575001118,-0.04626057042314692,-1.2551409418327741,0.10038672750165749,-2.3883571334551306,-1.4193018952059673,-1.567985372976918,-0.9953887215546006,36,ragi,Sandy soil
5157,-0.9089503032237339,0.17449124089587287,-0.6043429600973992,1.114202454544477,-1.2674653156418723,0.180493931163682,-0.0779534991185845,0.10319322564202055,-2.340852013345047,-1.4429589414461594,-1.2063671891484287,-1.0208980648743347,36,ragi,Sandy soil
5162,-0.9089503032237339,0.17449124089587287,-0.09597647149880119,-0.8975029591088394,0.7329218983188477,0.016096917513230974,-1.7328401939486768,-0.006540851646175117,-2.2458417731248788,-1.3010166640050058,-1.5271575135124111,-0.9808119539433239,36,ragi,Sandy soil
5167,-0.9089503032237339,0.17449124089587287,-0.6043429600973992,1.114202454544477,-1.2674653156418723,-0.17475478798901686,-0.4191672506299437,0.23818578619348374,-2.314940129648637,-1.2803167485448377,-1.2471950486129355,-1.3087892251970499,36,ragi,Sandy soil
5172,-0.9089503032237339,0.17449124089587287,-0.09597647149880119,-0.8975029591088394,1.5023015959960477,0.017986538359787776,0.09265337663709511,0.21994354828112386,-2.310621482365902,-1.312845187125102,-1.3346833188940217,-1.1375122057645486,36,ragi,Sandy soil
5177,-0.9089503032237339,0.17449124089587287,-0.6043429600973992,1.114202454544477,-0.9597134365709921,-0.04815019126970399,-0.7774416897168711,-0.43986416451823135,-2.280390951386758,-1.3158023179051261,-1.4105064864709629,-1.188530892404017,36,ragi,Sandy soil
5192,-0.9089503032237339,0.17449124089587287,-0.09597647149880119,-0.8975029591088394,-1.1135893761064315,0.06522705952371047,-0.4191672506299437,0.15314889254048286,-2.2674350095385534,-1.2211741329443568,-1.2646927026691528,-1.1411563976673678,36,ragi,Sandy soil
5197,-0.9089503032237339,0.17449124089587287,-0.6043429600973992,1.114202454544477,-0.8058374970355525,0.20127976047580787,0.3485636902706145,-0.3941182448303136,-2.3322147187795768,-1.4163447644259433,-1.0780510594028356,-1.0719167515138033,36,ragi,Sandy soil
5202,-0.9089503032237339,0.17449124089587287,-0.09597647149880119,-0.8975029591088394,1.5023015959960477,0.15403923931188518,-0.9992306281992548,0.6684219511111406,-2.409950369868805,-1.3305879718052462,-1.2588601513170803,-1.126579630056091,36,ragi,Sandy soil
5207,-0.9089503032237339,0.17449124089587287,-0.6043429600973992,1.114202454544477,-0.49808561796467227,0.180493931163682,-0.6068348139611915,-0.3573531191915575,-2.3969944280206,-1.4518303337862315,-1.3055205621336596,-1.0609841758053458,36,ragi,Sandy soil
5212,-0.9089503032237339,0.17449124089587287,-0.09597647149880119,-0.8975029591088394,1.3484256564606083,-0.1086180583595251,-2.2105394460645797,0.4826317742191059,-2.3365333660623118,-1.5080158186066883,-1.381343729710601,-1.2140402357237514,36,ragi,Sandy soil
5217,-0.9089503032237339,0.17449124089587287,-0.6043429600973992,1.114202454544477,-0.036457799358352465,-0.12940388767165098,0.1097140642126627,0.8558960268873927,-2.3019841878004326,-1.5050586878266643,-1.2763578053732976,-1.04276321629125,36,ragi,Sandy soil
5222,-0.9089503032237339,0.17449124089587287,-0.09597647149880119,-0.8975029591088394,2.1178053541378086,0.11435720153419023,0.1438354393637991,-0.11571362930629804,-2.2458417731248788,-1.4932301647065682,-1.5796504756810628,-1.0974260948335375,36,ragi,Sandy soil
5232,-0.9089503032237339,0.17449124089587287,-0.09597647149880119,-0.8975029591088394,1.5023015959960477,0.004759192433889368,-2.295842883942419,0.3338873727798638,-2.340852013345047,-1.407473372085871,-1.497994756752049,-1.1520889733758253,36,ragi,Sandy soil
5237,-0.9089503032237339,0.17449124089587287,-0.6043429600973992,1.114202454544477,-1.729093134248192,0.09924023476173476,-0.6409561891123273,0.09982542787358475,-2.3538079551932514,-1.2773596177648134,-1.2646927026691528,-1.2322611952378473,36,ragi,Sandy soil
5242,-0.9089503032237339,0.17449124089587287,-0.09597647149880119,-0.8975029591088394,1.963929414602369,0.12947416830664543,-0.7262596269901671,0.03583727027330714,-2.280390951386758,-1.2744024869847894,-1.2180322918525734,-1.228617003335028,36,ragi,Sandy soil
5267,-0.9089503032237339,0.17449124089587287,-0.6043429600973992,1.114202454544477,-2.498472831925392,-0.027364361957577847,-1.9716898200066284,0.5626169712194531,-2.237204478559409,-1.3394593641453183,-1.2763578053732976,-1.2249728114322087,36,ragi,Sandy soil
5272,-0.9089503032237339,0.17449124089587287,-0.09597647149880119,-0.8975029591088394,0.5790459587834081,0.04444123021158459,-1.1186554412282304,0.5592491734510173,-2.3063028350831676,-1.2744024869847894,-1.3288507675419494,-1.1921750843068362,36,ragi,Sandy soil
5277,-0.9089503032237339,0.17449124089587287,-0.6043429600973992,1.114202454544477,-1.421341255177312,0.16348734354466973,-0.7091989394145989,-0.4393028648901589,-2.2458417731248788,-1.4577445953462795,-1.4046739351188906,-1.0719167515138033,36,ragi,Sandy soil
5282,-0.9089503032237339,0.17449124089587287,-0.09597647149880119,-0.8975029591088394,-1.421341255177312,0.15403923931188518,-1.7328401939486768,0.47168643147169037,-2.3019841878004326,-1.3039737947850298,-1.2180322918525734,-1.2832798818773157,36,ragi,Sandy soil
5287,-0.9089503032237339,0.17449124089587287,-0.6043429600973992,1.114202454544477,-1.5752171947127527,0.08034402629616567,0.31444231511947873,-0.30178445601236903,-2.409950369868805,-1.244831179184549,-1.3055205621336596,-0.9881003377489622,36,ragi,Sandy soil
5292,-0.9089503032237339,0.17449124089587287,-0.09597647149880119,-0.8975029591088394,-1.421341255177312,-0.014137016031679708,-1.681658131221973,-0.3528627221669765,-2.2933468932349625,-1.3660735411655345,-1.2355299459087907,-1.312433417099869,36,ragi,Sandy soil
5297,-0.9089503032237339,0.17449124089587287,-0.6043429600973992,1.114202454544477,-0.8058374970355525,0.12947416830664543,0.3485636902706145,-0.02281854086028073,-2.2933468932349625,-1.499144426266616,-1.2063671891484287,-1.0755609434166225,36,ragi,Sandy soil
5307,-0.9089503032237339,0.17449124089587287,-0.6043429600973992,1.114202454544477,-0.8058374970355525,-0.14263123359754937,-1.28926231698391,-0.15668850215559876,-2.345170660627782,-1.3779020642856306,-1.1655393296839218,-1.0136096810686963,36,ragi,Sandy soil
5312,-0.9089503032237339,0.17449124089587287,-0.09597647149880119,-0.8975029591088394,-2.0368450133190725,-0.07082564142838693,-1.7499008815242447,0.33108087463950076,-2.254479067690349,-1.2744024869847894,-1.3463484215981665,-1.1047144786391758,36,ragi,Sandy soil
5317,-0.9089503032237339,0.17449124089587287,-0.6043429600973992,1.114202454544477,0.4251700192479687,0.13136378915320224,0.33150300269504634,0.6125726381179154,-2.310621482365902,-1.5050586878266643,-1.3113531134857321,-1.0136096810686963,36,ragi,Sandy soil
5327,-0.9089503032237339,0.17449124089587287,-0.6043429600973992,1.114202454544477,-0.3442096784292314,0.027434642592572313,-1.3233836921350457,-0.2622128322332498,-2.2458417731248788,-1.4281732875460393,-1.5271575135124111,-1.2577705385575813,36,ragi,Sandy soil
5337,-0.9089503032237339,0.17449124089587287,-0.6043429600973992,1.114202454544477,1.5023015959960477,0.12380530576697477,-1.135716128803798,0.05576340706988492,-2.40563172258607,-1.2418740484045252,-1.142209124275632,-1.1156470543476333,36,ragi,Sandy soil
5342,-0.9089503032237339,0.17449124089587287,-0.09597647149880119,-0.8975029591088394,-0.036457799358352465,0.05199971359781206,-0.9651092530481183,0.696206282700735,-2.40563172258607,-1.4400018106661354,-1.4571668972875422,-1.2140402357237514,36,ragi,Sandy soil
5352,-0.9089503032237339,0.17449124089587287,-0.09597647149880119,-0.8975029591088394,-0.8058374970355525,0.09924023476173476,-0.23149968729869652,0.09814152898936684,-2.314940129648637,-1.4754873800264239,-1.1947020864442839,-1.0573399839025266,36,ragi,Sandy soil
5357,-0.9089503032237339,0.17449124089587287,-0.6043429600973992,1.114202454544477,1.5023015959960477,0.057668576137482996,-1.0333520033503905,0.4899286693840502,-2.3926757807378656,-1.3394593641453183,-1.4163390378230354,-1.1775983166955595,36,ragi,Sandy soil
5362,-0.9089503032237339,0.17449124089587287,-0.09597647149880119,-0.8975029591088394,-0.3442096784292314,-0.16341706290967525,-1.5622333181929973,0.6818931421848831,-2.41426901715154,-1.2418740484045252,-1.6204783351455698,-1.0318306405827924,36,ragi,Sandy soil
5367,-0.9089503032237339,0.17449124089587287,-0.6043429600973992,1.114202454544477,-0.3442096784292314,0.07467516375649501,-1.2551409418327741,0.2704605148076589,-2.2674350095385534,-1.3690306719455585,-1.4280041405271802,-1.2067518519181129,36,ragi,Sandy soil
5372,-0.9089503032237339,0.17449124089587287,-0.09597647149880119,-0.8975029591088394,1.1945497169251689,-0.0783841248146144,-1.9716898200066284,-0.2279735549208204,-2.241523125842144,-1.407473372085871,-1.6379759892017869,-1.330654376613965,36,ragi,Sandy soil
5377,-0.9089503032237339,0.17449124089587287,-0.6043429600973992,1.114202454544477,0.11741814017708838,0.14459113507910065,-1.2722016294083418,0.04622131339265026,-2.258797714973084,-1.3098880563450779,-1.1947020864442839,-1.305145033294231,36,ragi,Sandy soil
5387,-0.9089503032237339,0.17449124089587287,-0.6043429600973992,1.114202454544477,-0.6519615575001118,0.16159772269811293,-1.28926231698391,0.6423215184057642,-2.2501604204076138,-1.4577445953462795,-1.0897161621069804,-1.228617003335028,36,ragi,Sandy soil
5392,-0.9089503032237339,0.17449124089587287,-0.09597647149880119,-0.8975029591088394,2.271681293673248,-0.16152744206311845,0.2461995648172065,0.15258759291241045,-2.228567183993939,-1.230045525284429,-1.1597067783318493,-1.0391190243884307,36,ragi,Sandy soil
5397,-0.9089503032237339,0.17449124089587287,-0.6043429600973992,1.114202454544477,0.5790459587834081,-0.040591707883476255,-0.5044706885077835,0.4893673697559775,-2.310621482365902,-1.4281732875460393,-1.3580135243023115,-1.0136096810686963,36,ragi,Sandy soil
5402,-0.9089503032237339,0.17449124089587287,-0.09597647149880119,-0.8975029591088394,-0.036457799358352465,-0.008468153492008771,-0.8286237524435751,0.28982535197616394,-2.4272249589997448,-1.4340875491060874,-1.5096598594561939,-1.126579630056091,36,ragi,Sandy soil
5407,-0.9089503032237339,0.17449124089587287,-0.6043429600973992,1.114202454544477,-1.1135893761064315,0.014207296666673907,-1.9034470697043564,-0.2453738433910715,-2.327896071496842,-1.3010166640050058,-1.1772044323880666,-1.1083586705419952,36,ragi,Sandy soil
5412,-0.9089503032237339,0.17449124089587287,-0.09597647149880119,-0.8975029591088394,1.5023015959960477,-0.08594260820084215,-0.1973783121475601,0.35970715567120404,-2.3883571334551306,-1.3098880563450779,-1.5563202702727732,-1.1192912462504527,36,ragi,Sandy soil
5417,-0.9089503032237339,0.17449124089587287,-0.6043429600973992,1.114202454544477,-1.5752171947127527,0.11624682238074703,-2.12523600818674,0.4899286693840502,-2.409950369868805,-1.2921452716649338,-1.171371881035994,-1.1192912462504527,36,ragi,Sandy soil
5422,-0.9089503032237339,0.17449124089587287,-0.09597647149880119,-0.8975029591088394,1.8100534750669282,-0.01980587857135038,-2.2617215087912834,-0.2849454671701907,-2.2674350095385534,-1.490273033926544,-1.4629994486396145,-1.246837962849124,36,ragi,Sandy soil
5427,-0.9089503032237339,0.17449124089587287,-0.6043429600973992,1.114202454544477,-1.421341255177312,-0.17286516714245978,-0.3679851879032397,-0.47747123959909626,-2.3063028350831676,-1.4163447644259433,-1.1013812648111252,-0.9990329134574197,36,ragi,Sandy soil
5432,-0.9089503032237339,0.17449124089587287,-0.09597647149880119,-0.8975029591088394,0.8867978378542885,0.14270151423254385,0.26326025239277473,0.10207062638587538,-2.2156112421457346,-1.312845187125102,-1.1188789188673425,-1.1812425085983786,36,ragi,Sandy soil
5437,-0.9089503032237339,0.17449124089587287,-0.6043429600973992,1.114202454544477,2.4255572332086874,0.03688274682535685,-0.23149968729869652,-0.4530547057779378,-2.284709598669493,-1.407473372085871,-1.2763578053732976,-1.2577705385575813,36,ragi,Sandy soil
5442,-0.9089503032237339,0.17449124089587287,-0.09597647149880119,-0.8975029591088394,-1.8829690737836315,0.15214961846532837,-1.1015947536526622,-0.12329117428527843,-2.409950369868805,-1.2418740484045252,-1.323018216189877,-1.3233659928083268,36,ragi,Sandy soil
5447,-0.9089503032237339,0.17449124089587287,-0.6043429600973992,1.114202454544477,0.8867978378542885,0.18616279370335267,-1.135716128803798,-0.47915513848331415,-2.323577424214107,-1.2862310101048857,-1.0663859566986909,-1.254126346654762,36,ragi,Sandy soil
5477,-0.9089503032237339,0.17449124089587287,-0.6043429600973992,1.114202454544477,-1.2674653156418723,0.006648813280446437,-0.0608928115430169,-0.38710199947940593,-2.4272249589997448,-1.2359597868444772,-1.352180972950239,-1.1229354381532717,36,ragi,Sandy soil
5487,-0.9089503032237339,0.17449124089587287,-0.6043429600973992,1.114202454544477,1.8100534750669282,0.1672665852377836,-2.2787821963668513,0.0664281000032644,-2.2933468932349625,-1.4340875491060874,-1.497994756752049,-1.064628367708165,36,ragi,Sandy soil
5497,-0.9089503032237339,0.17449124089587287,-0.6043429600973992,1.114202454544477,-1.421341255177312,-0.0009096701057813012,-1.8693256945532204,0.1963689639020739,-2.323577424214107,-1.233002656064453,-1.398841383766818,-1.0901377110278991,36,ragi,Sandy soil
5502,-0.9089503032237339,0.17449124089587287,-0.09597647149880119,-0.8975029591088394,1.1945497169251689,0.06711668037026754,-2.2446608212157155,-0.4951521778833837,-2.3624452497587214,-1.2596168330846693,-1.3696786270064563,-1.0901377110278991,36,ragi,Sandy soil
5507,-0.9089503032237339,0.17449124089587287,-0.6043429600973992,1.114202454544477,-0.9597134365709921,0.06711668037026754,-0.5556527512344875,0.2937544493726722,-2.3365333660623118,-1.407473372085871,-1.2355299459087907,-0.9771677620405046,36,ragi,Sandy soil
5512,-0.9089503032237339,0.17449124089587287,-0.09597647149880119,-0.8975029591088394,0.27129407971252784,0.07089592206338113,-2.0399325703089,-0.34584647681606884,-2.2890282459522275,-1.2773596177648134,-1.5446551675686284,-1.1229354381532717,36,ragi,Sandy soil
5517,-0.9089503032237339,0.17449124089587287,-0.6043429600973992,1.114202454544477,1.0406737773897279,-0.04437094957659012,-0.8456844400191428,0.5292196433491331,-2.2717536568212884,-1.4725302492463999,-1.5796504756810628,-1.2759914980716773,36,ragi,Sandy soil
5522,-0.9089503032237339,0.17449124089587287,-0.09597647149880119,-0.8975029591088394,1.1945497169251689,0.08601288883583662,-1.6304760684952693,0.8264277964135807,-2.40563172258607,-1.2507454407445973,-1.5504877189207007,-0.9735235701376855,36,ragi,Sandy soil
5527,-0.9089503032237339,0.17449124089587287,-0.6043429600973992,1.114202454544477,-0.49808561796467227,-0.05759829550248853,-1.4598691927395895,0.20029806129858244,-2.40563172258607,-1.3808591950656548,-1.1072138161631977,-1.0828493272222608,36,ragi,Sandy soil
5532,-0.9089503032237339,0.17449124089587287,-0.09597647149880119,-0.8975029591088394,-1.5752171947127527,-0.16341706290967525,-1.8522650069776525,0.6148178366302064,-2.3322147187795768,-1.398601979745799,-1.4746645513437595,-1.0063212972630582,36,ragi,Sandy soil
5537,-0.9089503032237339,0.17449124089587287,-0.6043429600973992,1.114202454544477,1.1945497169251689,-0.15585857952344778,0.024410626334822903,0.14023900109481274,-2.3883571334551306,-1.5168872109467604,-1.1013812648111252,-1.04276321629125,36,ragi,Sandy soil
5547,-0.9089503032237339,0.17449124089587287,-0.6043429600973992,1.114202454544477,2.4255572332086874,-0.16719630460278911,-0.6409561891123273,0.23958903526366526,-2.224248536711204,-1.5050586878266643,-1.3405158702460942,-0.9844561458461429,36,ragi,Sandy soil
5557,-0.9089503032237339,0.17449124089587287,-0.6043429600973992,1.114202454544477,1.963929414602369,-0.05948791634904533,-0.9651092530481183,-0.18896323076977395,-2.241523125842144,-1.2477883099645732,-1.5038273081041216,-1.0719167515138033,36,ragi,Sandy soil
5562,-0.9089503032237339,0.17449124089587287,-0.09597647149880119,-0.8975029591088394,0.27129407971252784,-0.0783841248146144,0.17795681451493492,0.4410956017417328,-2.310621482365902,-1.2832738793248617,-1.4571668972875422,-1.13022382195891,36,ragi,Sandy soil
5567,-0.9089503032237339,0.17449124089587287,-0.6043429600973992,1.114202454544477,-1.5752171947127527,0.1842731728567956,-0.29974243760096814,0.6165017355144239,-2.3581266024759864,-1.496187295486592,-1.323018216189877,-1.188530892404017,36,ragi,Sandy soil
5572,-0.9089503032237339,0.17449124089587287,-0.09597647149880119,-0.8975029591088394,1.0406737773897279,0.06711668037026754,-0.4874100009322159,0.801169313150313,-2.41426901715154,-1.4518303337862315,-1.5854830270331353,-0.9990329134574197,36,ragi,Sandy soil
5587,-0.9089503032237339,0.17449124089587287,-0.6043429600973992,1.114202454544477,1.3484256564606083,0.059558196984039795,-0.09501418669415271,0.018717631617092414,-2.3019841878004326,-1.3483307564853904,-1.3346833188940217,-0.9990329134574197,36,ragi,Sandy soil
5592,-0.9089503032237339,0.17449124089587287,-0.09597647149880119,-0.8975029591088394,0.8867978378542885,0.18805241454990945,0.3485636902706145,0.08186383977526124,-2.254479067690349,-1.2803167485448377,-1.2938554594295149,-1.0901377110278991,36,ragi,Sandy soil
5597,-0.9089503032237339,0.17449124089587287,-0.6043429600973992,1.114202454544477,-1.421341255177312,-0.033033224497248784,-1.2551409418327741,0.512100004692918,-2.241523125842144,-1.2537025715246213,-1.5621528216248457,-1.046407408194069,36,ragi,Sandy soil
5602,-0.9089503032237339,0.17449124089587287,-0.09597647149880119,-0.8975029591088394,2.4255572332086874,-0.09161147074051282,-0.9309878778969826,0.4208888151311186,-2.2199298894284696,-1.2803167485448377,-1.2121997405005012,-1.144800589570187,36,ragi,Sandy soil
5612,-0.9089503032237339,0.17449124089587287,-0.09597647149880119,-0.8975029591088394,-0.6519615575001118,0.07467516375649501,-1.681658131221973,-0.4491256083814296,-2.241523125842144,-1.3808591950656548,-1.468831999991687,-0.9844561458461429,36,ragi,Sandy soil
5617,-0.9089503032237339,0.17449124089587287,-0.6043429600973992,1.114202454544477,1.0406737773897279,0.12947416830664543,-1.8181436318265167,0.7265164626166559,-2.4185876644342748,-1.4311304183260634,-1.223864843204646,-1.2140402357237514,36,ragi,Sandy soil
5627,-0.9089503032237339,0.17449124089587287,-0.6043429600973992,1.114202454544477,-2.0368450133190725,0.15025999761877132,-2.3129035715179875,0.1643748851019351,-2.3063028350831676,-1.2359597868444772,-1.3580135243023115,-1.2650589223632198,36,ragi,Sandy soil
5632,-0.9089503032237339,0.17449124089587287,-0.09597647149880119,-0.8975029591088394,-2.0368450133190725,0.09546099306862114,-1.186898191530502,0.1579199393791002,-2.2674350095385534,-1.478444510806448,-1.4163390378230354,-1.068272559610984,36,ragi,Sandy soil
5637,-0.9089503032237339,0.17449124089587287,-0.6043429600973992,1.114202454544477,2.271681293673248,0.0009799507407757676,-1.3916264424373173,-0.11908142707473383,-2.2890282459522275,-1.481401641586472,-1.3171856648378044,-1.068272559610984,36,ragi,Sandy soil
5642,-0.9089503032237339,0.17449124089587287,-0.09597647149880119,-0.8975029591088394,1.0406737773897279,-0.13318312936476484,-2.3299642590935554,0.7043451273077875,-2.401313075303335,-1.3039737947850298,-1.567985372976918,-1.228617003335028,36,ragi,Sandy soil
5647,-0.9089503032237339,0.17449124089587287,-0.6043429600973992,1.114202454544477,0.5790459587834081,0.05388933444436913,-1.613415380919701,0.15427149179662802,-2.371082544324191,-1.4400018106661354,-1.538822616216556,-1.0281864486799732,36,ragi,Sandy soil
5652,-0.9089503032237339,0.17449124089587287,-0.09597647149880119,-0.8975029591088394,-1.2674653156418723,-0.13129350851820776,0.28032093996834234,0.8693672179611353,-2.276072304104023,-1.3305879718052462,-1.6088132324414248,-1.1593773571814636,36,ragi,Sandy soil
5657,-0.9089503032237339,0.17449124089587287,-0.6043429600973992,1.114202454544477,1.5023015959960477,0.1842731728567956,-1.28926231698391,-0.3121684991317122,-2.319258776931372,-1.3305879718052462,-1.6029806810893525,-1.2031076600152937,36,ragi,Sandy soil
5662,-0.9089503032237339,0.17449124089587287,-0.09597647149880119,-0.8975029591088394,-1.1135893761064315,0.180493931163682,0.22913887724163892,0.8196922008767097,-2.2976655405176976,-1.2566597023046453,-1.1072138161631977,-1.0281864486799732,36,ragi,Sandy soil
5677,-0.9089503032237339,0.17449124089587287,-0.6043429600973992,1.114202454544477,1.1945497169251689,0.04066198851847072,-0.1291355618452885,-0.14995290661872748,-2.371082544324191,-1.2832738793248617,-1.11304636751527,-1.305145033294231,36,ragi,Sandy soil
5682,-0.9089503032237339,0.17449124089587287,-0.09597647149880119,-0.8975029591088394,0.4251700192479687,0.15025999761877132,-1.613415380919701,-0.4042216381356207,-2.284709598669493,-1.2773596177648134,-1.59714812973728,-1.0573399839025266,36,ragi,Sandy soil
5687,-0.9089503032237339,0.17449124089587287,-0.6043429600973992,1.114202454544477,-1.729093134248192,0.09546099306862114,-2.12523600818674,0.588998053738866,-2.3624452497587214,-1.3808591950656548,-1.5563202702727732,-1.1229354381532717,36,ragi,Sandy soil
5692,-0.9089503032237339,0.17449124089587287,-0.09597647149880119,-0.8975029591088394,-0.6519615575001118,-0.07271526227494374,-0.1461962494208567,-0.463438748897281,-2.3624452497587214,-1.2359597868444772,-1.253027599965008,-1.0901377110278991,36,ragi,Sandy soil
5697,-0.9089503032237339,0.17449124089587287,-0.6043429600973992,1.114202454544477,0.5790459587834081,0.15403923931188518,0.0073499387592553065,0.11020947099292819,-2.224248536711204,-1.4340875491060874,-1.153874226979777,-1.2213286195293895,36,ragi,Sandy soil
5702,-0.9089503032237339,0.17449124089587287,-0.09597647149880119,-0.8975029591088394,0.27129407971252784,-0.11050767920608189,-2.2787821963668513,-0.346969076072214,-2.2199298894284696,-1.4547874645662555,-1.1597067783318493,-1.1557331652786444,36,ragi,Sandy soil
5707,-0.9089503032237339,0.17449124089587287,-0.6043429600973992,1.114202454544477,-0.6519615575001118,0.17293544777745426,-0.4362279382055119,0.15034239440011982,-2.3538079551932514,-1.4518303337862315,-1.2588601513170803,-1.2031076600152937,36,ragi,Sandy soil
5717,-0.9089503032237339,0.17449124089587287,-0.6043429600973992,1.114202454544477,0.8867978378542885,0.12947416830664543,-2.142296695762308,0.5648621697317434,-2.241523125842144,-1.3512878872654144,-1.2880229080774424,-1.2249728114322087,36,ragi,Sandy soil
5727,-0.9089503032237339,0.17449124089587287,-0.6043429600973992,1.114202454544477,-1.1135893761064315,0.06522705952371047,-1.0333520033503905,0.6226760314232228,-2.258797714973084,-1.3897305874057269,-1.183036983740139,-1.0755609434166225,36,ragi,Sandy soil
5732,-0.9089503032237339,0.17449124089587287,-0.09597647149880119,-0.8975029591088394,-2.0368450133190725,0.07467516375649501,-1.1698375039549345,0.14950044495801101,-2.3624452497587214,-1.4340875491060874,-1.5096598594561939,-1.068272559610984,36,ragi,Sandy soil
5737,-0.9089503032237339,0.17449124089587287,-0.6043429600973992,1.114202454544477,1.3484256564606083,-0.09728033328018348,-1.596354693344133,-0.22376380771027582,-2.3365333660623118,-1.3808591950656548,-1.323018216189877,-1.3197218009055074,36,ragi,Sandy soil
5742,-0.9089503032237339,0.17449124089587287,-0.09597647149880119,-0.8975029591088394,-1.421341255177312,-0.04437094957659012,-0.9480485654725508,0.19552701445996512,-2.2890282459522275,-1.3690306719455585,-1.439669243231325,-1.2577705385575813,36,ragi,Sandy soil
5757,-0.9089503032237339,0.17449124089587287,-0.6043429600973992,1.114202454544477,1.0406737773897279,-0.14830009613722003,-1.3233836921350457,-0.5114298670974894,-2.3581266024759864,-1.2803167485448377,-1.6204783351455698,-1.210396043820932,36,ragi,Sandy soil
5762,-0.9089503032237339,0.17449124089587287,-0.09597647149880119,-0.8975029591088394,-1.1135893761064315,-0.12184540428542323,-1.681658131221973,-0.07726460478332432,-2.2933468932349625,-1.4754873800264239,-1.3871762810626733,-1.1229354381532717,36,ragi,Sandy soil
5767,-0.9089503032237339,0.17449124089587287,-0.6043429600973992,1.114202454544477,-0.19033373889379193,-0.06704639973527307,-1.9546291324310603,0.8752608640558981,-2.3063028350831676,-1.3542450180454384,-1.6204783351455698,-1.068272559610984,36,ragi,Sandy soil
5772,-0.9089503032237339,0.17449124089587287,-0.09597647149880119,-0.8975029591088394,0.27129407971252784,-0.15585857952344778,0.3656243778461821,-0.21281846496285994,-2.3926757807378656,-1.2951024024449578,-1.4863296540479043,-1.08649351912508,36,ragi,Sandy soil
5777,-0.9089503032237339,0.17449124089587287,-0.6043429600973992,1.114202454544477,-1.729093134248192,0.06333743867715366,-1.8522650069776525,0.18402037208447652,-2.375401191606926,-1.4045162413058472,-1.4163390378230354,-1.0609841758053458,36,ragi,Sandy soil
5782,-0.9089503032237339,0.17449124089587287,-0.09597647149880119,-0.8975029591088394,1.0406737773897279,-0.0613775371956024,-0.23149968729869652,-0.02085399216202678,-2.3883571334551306,-1.2980595332249818,-1.4921622053999766,-1.166665740987102,36,ragi,Sandy soil
5787,-0.9089503032237339,0.17449124089587287,-0.6043429600973992,1.114202454544477,-0.8058374970355525,-0.042481328730033324,-2.2105394460645797,0.7604750901150488,-2.2631163622558184,-1.4163447644259433,-1.3696786270064563,-1.2504821547519431,36,ragi,Sandy soil
5792,-0.9089503032237339,0.17449124089587287,-0.09597647149880119,-0.8975029591088394,0.27129407971252784,0.08601288883583662,-0.1461962494208567,0.007210989241603807,-2.4185876644342748,-1.5139300801667361,-1.59714812973728,-0.9953887215546006,36,ragi,Sandy soil
5802,-0.9089503032237339,0.17449124089587287,-0.09597647149880119,-0.8975029591088394,2.1178053541378086,0.19372127708958015,-1.0504126909259581,-0.47522604108680594,-2.2199298894284696,-1.4666159876863516,-1.4629994486396145,-1.3197218009055074,36,ragi,Sandy soil
5807,-0.9089503032237339,0.17449124089587287,-0.6043429600973992,1.114202454544477,0.11741814017708838,-0.05381905380937466,-2.3299642590935554,0.43604390508907936,-2.276072304104023,-1.3572021488254624,-1.5154924108082664,-1.0391190243884307,36,ragi,Sandy soil
5812,-0.9089503032237339,0.17449124089587287,-0.09597647149880119,-0.8975029591088394,-0.49808561796467227,0.017986538359787776,-0.7603810021413029,0.43885040322944247,-2.2156112421457346,-1.2862310101048857,-1.6088132324414248,-1.188530892404017,36,ragi,Sandy soil
5817,-0.9089503032237339,0.17449124089587287,-0.6043429600973992,1.114202454544477,-2.190720952854512,0.05577895529092593,-0.35092450032767214,0.6633702544584872,-2.254479067690349,-1.4400018106661354,-1.6438085405538594,-1.3197218009055074,36,ragi,Sandy soil
5827,-0.9089503032237339,0.17449124089587287,-0.6043429600973992,1.114202454544477,1.1945497169251689,-0.11995578343886643,0.07559268906152691,-0.3812083533846435,-2.232885831276674,-1.3098880563450779,-1.28219035672537,-1.0281864486799732,36,ragi,Sandy soil
5832,-0.9089503032237339,0.17449124089587287,-0.09597647149880119,-0.8975029591088394,1.963929414602369,-0.031143603650691715,-0.8968665027458468,0.3251872285447386,-2.280390951386758,-1.4045162413058472,-1.1947020864442839,-0.9735235701376855,36,ragi,Sandy soil
5837,-0.9089503032237339,0.17449124089587287,-0.6043429600973992,1.114202454544477,0.7329218983188477,-0.012247395185122639,-1.0845340660770946,0.04762456246283179,-2.3883571334551306,-1.5080158186066883,-1.538822616216556,-1.1775983166955595,36,ragi,Sandy soil
5842,-0.9089503032237339,0.17449124089587287,-0.09597647149880119,-0.8975029591088394,-0.3442096784292314,0.10679871814796249,-2.3129035715179875,0.5676686678721065,-2.2674350095385534,-1.31875944868515,-1.3055205621336596,-1.144800589570187,36,ragi,Sandy soil
5847,-0.9089503032237339,0.17449124089587287,-0.6043429600973992,1.114202454544477,1.963929414602369,0.12569492661353157,-1.6304760684952693,0.6226760314232228,-2.237204478559409,-1.4547874645662555,-1.1072138161631977,-1.2942124575857732,36,ragi,Sandy soil
5852,-0.9089503032237339,0.17449124089587287,-0.09597647149880119,-0.8975029591088394,1.963929414602369,-0.15207933783033392,-1.8352043194020846,0.5606524225211988,-2.3019841878004326,-1.422259025985991,-1.5854830270331353,-1.2176844276265704,36,ragi,Sandy soil
5857,-0.9089503032237339,0.17449124089587287,-0.6043429600973992,1.114202454544477,-0.8058374970355525,0.006648813280446437,-0.2485603748742641,-0.5108685674694169,-2.3365333660623118,-1.3276308410252222,-1.4163390378230354,-1.3197218009055074,36,ragi,Sandy soil
5862,-0.9089503032237339,0.17449124089587287,-0.09597647149880119,-0.8975029591088394,-2.0368450133190725,-0.09350109158706961,-0.0438321239674487,-0.0009278553654489994,-2.2933468932349625,-1.2744024869847894,-1.2180322918525734,-1.0099654891658774,36,ragi,Sandy soil
5872,-0.9089503032237339,0.17449124089587287,-0.09597647149880119,-0.8975029591088394,0.8867978378542885,-0.1086180583595251,-0.8456844400191428,0.20394650888105428,-2.228567183993939,-1.4459160722261835,-1.2996880107815874,-1.228617003335028,36,ragi,Sandy soil
5877,-0.9089503032237339,0.17449124089587287,-0.6043429600973992,1.114202454544477,1.5023015959960477,0.09357137222206408,0.3485636902706145,-0.02337984048835347,-2.319258776931372,-1.4547874645662555,-1.5096598594561939,-0.9735235701376855,36,ragi,Sandy soil
5887,-0.9089503032237339,0.17449124089587287,-0.6043429600973992,1.114202454544477,-1.1135893761064315,-0.033033224497248784,-1.8352043194020846,-0.27512272367892,-2.2674350095385534,-1.3867734566257028,-1.0897161621069804,-1.0974260948335375,36,ragi,Sandy soil
5892,-0.9089503032237339,0.17449124089587287,-0.09597647149880119,-0.8975029591088394,-1.1135893761064315,0.14081189338598676,-0.5044706885077835,0.039485717855778986,-2.345170660627782,-1.3394593641453183,-1.352180972950239,-1.188530892404017,36,ragi,Sandy soil
5897,-0.9089503032237339,0.17449124089587287,-0.6043429600973992,1.114202454544477,-0.036457799358352465,0.1823835520102388,-1.2210195666816377,0.667018702040959,-2.401313075303335,-1.3719878027255827,-1.5154924108082664,-1.0026771053602388,36,ragi,Sandy soil
5902,-0.9089503032237339,0.17449124089587287,-0.09597647149880119,-0.8975029591088394,-0.49808561796467227,-0.029253982804134916,-1.7328401939486768,-0.3191847444826198,-2.3969944280206,-1.3542450180454384,-1.1655393296839218,-1.2359053871406662,36,ragi,Sandy soil
5907,-0.9089503032237339,0.17449124089587287,-0.6043429600973992,1.114202454544477,1.963929414602369,-0.16341706290967525,-1.238080254257206,-0.1695983936012689,-2.340852013345047,-1.496187295486592,-1.253027599965008,-1.330654376613965,36,ragi,Sandy soil
5912,-0.9089503032237339,0.17449124089587287,-0.09597647149880119,-0.8975029591088394,-2.0368450133190725,0.057668576137482996,-2.176418070913444,0.5637395704755985,-2.2112925948629996,-1.4400018106661354,-1.5796504756810628,-1.2504821547519431,36,ragi,Sandy soil
5917,-0.9089503032237339,0.17449124089587287,-0.6043429600973992,1.114202454544477,1.3484256564606083,0.17482506862401107,-1.9546291324310603,0.1051577743402745,-2.3019841878004326,-1.2921452716649338,-1.1947020864442839,-1.2140402357237514,36,ragi,Sandy soil
5922,-0.9089503032237339,0.17449124089587287,-0.09597647149880119,-0.8975029591088394,-2.0368450133190725,0.06900630121682434,-1.596354693344133,-0.4322866195392513,-2.401313075303335,-1.5080158186066883,-1.4105064864709629,-1.272347306168858,36,ragi,Sandy soil
5927,-0.9089503032237339,0.17449124089587287,-0.6043429600973992,1.114202454544477,-2.3445968923899527,0.09168175137550728,-1.1527768163793661,0.3117160374709957,-2.349489307910517,-1.2477883099645732,-1.4571668972875422,-1.312433417099869,36,ragi,Sandy soil
5932,-0.9089503032237339,0.17449124089587287,-0.09597647149880119,-0.8975029591088394,-2.0368450133190725,0.12002606407386089,-0.4191672506299437,0.45204094448914894,-2.2501604204076138,-1.3453736257053663,-1.2355299459087907,-1.04276321629125,36,ragi,Sandy soil
5937,-0.9089503032237339,0.17449124089587287,-0.6043429600973992,1.114202454544477,1.0406737773897279,-0.14830009613722003,-0.6409561891123273,0.21966289846708748,-2.3365333660623118,-1.2714453562047656,-1.2996880107815874,-1.0937819029307183,36,ragi,Sandy soil
5947,-0.9089503032237339,0.17449124089587287,-0.6043429600973992,1.114202454544477,-0.6519615575001118,0.11624682238074703,0.31444231511947873,0.5067676582262286,-2.284709598669493,-1.321716579465174,-1.6379759892017869,-1.1010702867363569,36,ragi,Sandy soil
5952,-0.9089503032237339,0.17449124089587287,-0.09597647149880119,-0.8975029591088394,2.1178053541378086,0.03877236767191392,-2.091114633035604,-0.2759646731210288,-2.280390951386758,-1.3749449335056068,-1.11304636751527,-1.228617003335028,36,ragi,Sandy soil
5957,-0.9089503032237339,0.17449124089587287,-0.6043429600973992,1.114202454544477,-2.0368450133190725,-0.05381905380937466,-2.176418070913444,0.7046257771218243,-2.258797714973084,-1.3660735411655345,-1.323018216189877,-1.0609841758053458,36,ragi,Sandy soil
5962,-0.9089503032237339,0.17449124089587287,-0.09597647149880119,-0.8975029591088394,0.7329218983188477,0.05577895529092593,0.16089612693936672,-0.3497755742125771,-2.319258776931372,-1.4636588569063278,-1.352180972950239,-1.166665740987102,36,ragi,Sandy soil
5967,-0.9089503032237339,0.17449124089587287,-0.6043429600973992,1.114202454544477,0.7329218983188477,0.006648813280446437,-2.3129035715179875,0.7447587005290158,-2.323577424214107,-1.4932301647065682,-1.4863296540479043,-1.1520889733758253,36,ragi,Sandy soil
5972,-0.9089503032237339,0.17449124089587287,-0.09597647149880119,-0.8975029591088394,-0.8058374970355525,-0.05570867465593146,-1.5110512554662934,-0.2420060456226357,-2.327896071496842,-1.3808591950656548,-1.538822616216556,-1.1484447814730059,36,ragi,Sandy soil
5977,-0.9089503032237339,0.17449124089587287,-0.6043429600973992,1.114202454544477,2.1178053541378086,0.11246758068763316,-0.7091989394145989,-0.3621241660301748,-2.2976655405176976,-1.3808591950656548,-1.11304636751527,-1.2359053871406662,36,ragi,Sandy soil
5987,-0.9089503032237339,0.17449124089587287,-0.6043429600973992,1.114202454544477,0.4251700192479687,-0.170975546295903,-0.40210656305437614,0.5617750217773443,-2.327896071496842,-1.2891881408849095,-1.5096598594561939,-1.1375122057645486,36,ragi,Sandy soil
5992,-0.9089503032237339,0.17449124089587287,-0.09597647149880119,-0.8975029591088394,0.27129407971252784,0.12002606407386089,0.2973816275439105,0.1438874486772849,-2.2717536568212884,-1.395644848965775,-1.6321434378497146,-1.228617003335028,36,ragi,Sandy soil
5997,-0.9089503032237339,0.17449124089587287,-0.6043429600973992,1.114202454544477,0.4251700192479687,0.031213884285686184,-1.5451726306174294,0.4416569013698055,-2.241523125842144,-1.2241312637243809,-1.5213249621603386,-1.1010702867363569,36,ragi,Sandy soil
12002,-0.9089503032237339,1.4177413322789671,-1.1127094486959972,-0.8975029591088394,0.11741814017708838,-0.17664440883557367,1.4745690702580996,0.0262951765960728,-0.2981318486114369,-1.7209292347684186,-1.2880229080774424,-0.7002091774262471,24,greengram,Sandy soil
12005,-0.9089503032237339,1.4177413322789671,-1.1127094486959972,1.114202454544477,0.7329218983188477,-0.17664440883557367,1.2869015069268517,0.055482757255848544,-0.16425378284665446,-1.5287157340668565,-0.5297912323080289,-1.1775983166955595,24,greengram,Sandy soil
12008,-0.9089503032237339,1.4177413322789671,-1.1127094486959972,-0.8975029591088394,1.1945497169251689,-0.17664440883557367,0.05853200148595931,0.002439942402986799,-0.08219948447469164,-1.2803167485448377,-1.3871762810626733,-0.9261490754010362,24,greengram,Sandy soil
12011,-0.9089503032237339,1.4177413322789671,-1.1127094486959972,1.114202454544477,1.1945497169251689,-0.17664440883557367,1.082173256020037,0.07540889405242633,-0.15561648828118513,-1.564201303427145,-0.4889633728435223,-1.0974260948335375,24,greengram,Sandy soil
12017,-0.9089503032237339,1.4177413322789671,-1.1127094486959972,1.114202454544477,1.3484256564606083,-0.17664440883557367,0.3485636902706145,0.006369039799495017,-0.4449658562244236,-1.6263010498076498,-0.6406097079974047,-0.9917445296517814,24,greengram,Sandy soil
12020,-0.9089503032237339,1.4177413322789671,-1.1127094486959972,-0.8975029591088394,0.5790459587834081,-0.17664440883557367,1.3892656323802597,0.10459647471220207,-0.06492489534375176,-1.5228014725068084,-1.4804971026958318,-1.0792051353194416,24,greengram,Sandy soil
12023,-0.9089503032237339,1.4177413322789671,-1.1127094486959972,1.114202454544477,-0.036457799358352465,-0.17664440883557367,0.5362312536018617,0.2800026084848933,-0.1728910774121244,-1.567158434207169,-0.5997818485328981,-1.2249728114322087,24,greengram,Sandy soil
12029,-0.9089503032237339,1.4177413322789671,-1.1127094486959972,1.114202454544477,0.11741814017708838,-0.17664440883557367,1.2186587566245801,0.10487712452623844,-0.15561648828118513,-1.7091007116483226,-0.9205721728968805,-1.0609841758053458,24,greengram,Sandy soil
12032,-0.9089503032237339,1.4177413322789671,-1.1127094486959972,-0.8975029591088394,0.5790459587834081,-0.17664440883557367,1.406326319955828,0.1553940910527735,-0.2074402556740035,-1.652915226827866,-1.142209124275632,-1.1010702867363569,24,greengram,Sandy soil
12038,-0.9089503032237339,1.4177413322789671,-1.1127094486959972,-0.8975029591088394,1.1945497169251689,-0.17664440883557367,0.928627067839925,-0.09410359362550268,-0.1469791937157152,-1.6972721885282265,-0.8797443134323736,-1.1010702867363569,24,greengram,Sandy soil
12041,-0.9089503032237339,1.4177413322789671,-1.1127094486959972,1.114202454544477,0.11741814017708838,-0.17664440883557367,0.7580201920842453,0.14248419960710337,-0.336999674156051,-1.5346299956269045,-0.4889633728435223,-1.068272559610984,24,greengram,Sandy soil
12044,-0.9089503032237339,1.4177413322789671,-1.1127094486959972,-0.8975029591088394,0.8867978378542885,-0.17664440883557367,1.7134186963160507,0.23958903526366526,-0.21607755023947342,-1.741629150228587,-1.1597067783318493,-0.8131791264136418,24,greengram,Sandy soil
12047,-0.9089503032237339,1.4177413322789671,-1.1127094486959972,1.114202454544477,0.4251700192479687,-0.17664440883557367,1.0139305057177648,0.22331134604955935,-0.40177938339707453,-1.6203867882476015,-1.013892994530039,-1.1958192762096556,24,greengram,Sandy soil
12050,-0.9089503032237339,1.4177413322789671,-1.1127094486959972,-0.8975029591088394,1.0406737773897279,-0.17664440883557367,0.8945056926887891,0.2679346664813319,-0.4449658562244236,-1.6115153959075295,-0.8505815566720115,-1.305145033294231,24,greengram,Sandy soil
12059,-0.9089503032237339,1.4177413322789671,-1.1127094486959972,1.114202454544477,-0.19033373889379193,-0.17664440883557367,0.09265337663709511,-0.018047494021663724,-0.2592640230668225,-1.4754873800264239,-0.815586248559577,-1.2504821547519431,24,greengram,Sandy soil
12065,-0.9089503032237339,1.4177413322789671,-1.1127094486959972,1.114202454544477,0.27129407971252784,-0.17664440883557367,0.7580201920842453,-0.07726460478332432,-0.12970460458477534,-1.8007717658290676,-1.253027599965008,-0.9844561458461429,24,greengram,Sandy soil
12068,-0.9089503032237339,1.4177413322789671,-1.1127094486959972,-0.8975029591088394,0.27129407971252784,-0.17664440883557367,1.4404476951069645,0.2533408761514442,-0.39314208883160456,-1.2803167485448377,-1.0255580972341838,-0.6309695312726828,24,greengram,Sandy soil
12071,-0.9089503032237339,1.4177413322789671,-1.1127094486959972,1.114202454544477,0.5790459587834081,-0.17664440883557367,1.6622366335893475,-0.07137095868856184,-0.21175890295673877,-1.4725302492463999,-1.171371881035994,-0.6783440260093321,24,greengram,Sandy soil
12077,-0.9089503032237339,1.4177413322789671,-1.1127094486959972,1.114202454544477,1.0406737773897279,-0.17664440883557367,1.2527801317757166,0.166058783986153,-0.11243001545383609,-1.564201303427145,-1.3405158702460942,-1.268703114266039,24,greengram,Sandy soil
12083,-0.9089503032237339,1.4177413322789671,-1.1127094486959972,1.114202454544477,-0.19033373889379193,-0.17664440883557367,1.611054570862644,0.04285351562421478,-0.11243001545383609,-1.4370446798861114,-0.7630932863909253,-1.2031076600152937,24,greengram,Sandy soil
12086,-0.9089503032237339,1.4177413322789671,-1.1127094486959972,-0.8975029591088394,0.8867978378542885,-0.17664440883557367,1.3551442572291246,-0.05874171705692807,-0.06492489534375176,-1.3601592796054867,-1.4513343459354697,-1.3270101847111457,24,greengram,Sandy soil
12089,-0.9089503032237339,1.4177413322789671,-1.1127094486959972,1.114202454544477,0.8867978378542885,-0.17664440883557367,1.508690445409236,-0.02899283676907959,-0.31108779045964147,-1.3394593641453183,-0.6931026701660566,-0.9480142268179512,24,greengram,Sandy soil
12095,-0.9089503032237339,1.4177413322789671,-1.1127094486959972,1.114202454544477,1.1945497169251689,-0.17664440883557367,1.0651125684444687,0.15932318844928173,-0.2592640230668225,-1.3010166640050058,-0.5006284755476669,-1.312433417099869,24,greengram,Sandy soil
12098,-0.9089503032237339,1.4177413322789671,-1.1127094486959972,-0.8975029591088394,0.4251700192479687,-0.17664440883557367,1.4916297578336677,0.2931931497445994,-0.40177938339707453,-1.4370446798861114,-0.49479592419559437,-1.3160776090026882,24,greengram,Sandy soil
12101,-0.9089503032237339,1.4177413322789671,-1.1127094486959972,1.114202454544477,0.7329218983188477,-0.17664440883557367,0.3656243778461821,-0.011031248670756074,-0.21607755023947342,-1.4400018106661354,-1.5563202702727732,-0.6236811474670444,24,greengram,Sandy soil
12107,-0.9089503032237339,1.4177413322789671,-1.1127094486959972,1.114202454544477,1.0406737773897279,-0.17664440883557367,0.33150300269504634,0.06783134907344594,-0.47087773992083304,-1.481401641586472,-1.4746645513437595,-1.1958192762096556,24,greengram,Sandy soil
12110,-0.9089503032237339,1.4177413322789671,-1.1127094486959972,-0.8975029591088394,-0.036457799358352465,-0.17664440883557367,0.6385953790552698,-0.04302532747089488,-0.1728910774121244,-1.6943150577482025,-0.6814375674619116,-0.7876697830939073,24,greengram,Sandy soil
12113,-0.9089503032237339,1.4177413322789671,-1.1127094486959972,1.114202454544477,1.1945497169251689,-0.17664440883557367,0.6385953790552698,0.24941177875493598,-0.47087773992083304,-1.6943150577482025,-0.7980885945033599,-0.8058907426080033,24,greengram,Sandy soil
12116,-0.9089503032237339,1.4177413322789671,-1.1127094486959972,-0.8975029591088394,0.27129407971252784,-0.17664440883557367,1.6622366335893475,0.28561560476561937,-0.10811136817110081,-1.2241312637243809,-1.1072138161631977,-0.860553621150291,24,greengram,Sandy soil
12119,-0.9089503032237339,1.4177413322789671,-1.1127094486959972,1.114202454544477,1.0406737773897279,-0.17664440883557367,0.9968698181421971,0.04958911116108606,-0.2203961975222087,-1.4163447644259433,-1.1947020864442839,-1.1630215490842828,24,greengram,Sandy soil
12122,-0.9089503032237339,1.4177413322789671,-1.1127094486959972,-0.8975029591088394,0.11741814017708838,-0.17664440883557367,1.4404476951069645,0.1396777014667403,-0.1599351355639198,-1.3926877181857509,-1.4221715891751077,-1.1630215490842828,24,greengram,Sandy soil
12125,-0.9089503032237339,1.4177413322789671,-1.1127094486959972,1.114202454544477,0.11741814017708838,-0.17664440883557367,0.16089612693936672,0.16409423528789874,-0.4449658562244236,-1.6470009652678177,-0.5881167458287531,-0.9261490754010362,24,greengram,Sandy soil
12128,-0.9089503032237339,1.4177413322789671,-1.1127094486959972,-0.8975029591088394,0.7329218983188477,-0.17664440883557367,0.9627484429910608,0.20815625609159888,-0.1815283719775943,-1.590815480447361,-1.3871762810626733,-0.6819882179121513,24,greengram,Sandy soil
12131,-0.9089503032237339,1.4177413322789671,-1.1127094486959972,1.114202454544477,0.8867978378542885,-0.17664440883557367,0.041471313910391105,-0.09747139139393816,-0.2679013176322924,-1.395644848965775,-0.7805909404471428,-0.9225048834982169,24,greengram,Sandy soil
12134,-0.9089503032237339,1.4177413322789671,-1.1127094486959972,-0.8975029591088394,-0.036457799358352465,-0.17664440883557367,0.9968698181421971,0.08859943531213252,-0.41041667796254416,-1.3690306719455585,-0.6872701188139841,-1.254126346654762,24,greengram,Sandy soil
12137,-0.9089503032237339,1.4177413322789671,-1.1127094486959972,1.114202454544477,0.7329218983188477,-0.17664440883557367,0.7580201920842453,0.16830398249844333,-0.30245049589417156,-1.413387633645919,-0.9555674810093149,-0.6200369555642251,24,greengram,Sandy soil
12140,-0.9089503032237339,1.4177413322789671,-1.1127094486959972,-0.8975029591088394,1.3484256564606083,-0.17664440883557367,0.7921415672353811,-0.0758613557131428,-0.1340232518675106,-1.3394593641453183,-0.6872701188139841,-1.0391190243884307,24,greengram,Sandy soil
12146,-0.9089503032237339,1.4177413322789671,-1.1127094486959972,-0.8975029591088394,1.1945497169251689,-0.17664440883557367,0.7580201920842453,0.2154531512565429,-0.09947407360563087,-1.395644848965775,-1.3405158702460942,-1.1120028624448142,24,greengram,Sandy soil
12149,-0.9089503032237339,1.4177413322789671,-1.1127094486959972,1.114202454544477,-0.19033373889379193,-0.17664440883557367,1.1845373814734443,0.17560087766338733,-0.41041667796254416,-1.7712004580288274,-0.6464422593494771,-0.6929207936206087,24,greengram,Sandy soil
12152,-0.9089503032237339,1.4177413322789671,-1.1127094486959972,-0.8975029591088394,1.3484256564606083,-0.17664440883557367,1.3380835696535565,0.29656094751303524,-0.17720972469485965,-1.8037288966090919,-1.0488883026424736,-1.2213286195293895,24,greengram,Sandy soil
12155,-0.9089503032237339,1.4177413322789671,-1.1127094486959972,1.114202454544477,0.4251700192479687,-0.17664440883557367,1.2015980690490127,-0.0214152917900992,-0.37154885241793006,-1.4163447644259433,-0.4772982701393773,-0.8314000859277376,24,greengram,Sandy soil
12158,-0.9089503032237339,1.4177413322789671,-1.1127094486959972,-0.8975029591088394,0.27129407971252784,-0.17664440883557367,0.46798850329959013,0.20422715869509067,-0.44064720894168863,-1.6144725266875535,-1.468831999991687,-0.9553026106235897,24,greengram,Sandy soil
12164,-0.9089503032237339,1.4177413322789671,-1.1127094486959972,-0.8975029591088394,-0.036457799358352465,-0.17664440883557367,1.2869015069268517,0.018717631617092414,-0.1253859573020407,-1.5375871264069287,-0.8039211458554324,-1.0755609434166225,24,greengram,Sandy soil
12167,-0.9089503032237339,1.4177413322789671,-1.1127094486959972,1.114202454544477,-0.036457799358352465,-0.17664440883557367,0.655656066630838,0.12115481374034406,-0.1210673100193054,-1.4370446798861114,-1.2763578053732976,-1.1229354381532717,24,greengram,Sandy soil
12173,-0.9089503032237339,1.4177413322789671,-1.1127094486959972,1.114202454544477,1.0406737773897279,-0.17664440883557367,1.5257511329848041,0.08326708884544276,-0.34563696872152055,-1.5316728648468805,-0.9555674810093149,-1.2359053871406662,24,greengram,Sandy soil
12176,-0.9089503032237339,1.4177413322789671,-1.1127094486959972,-0.8975029591088394,0.5790459587834081,-0.17664440883557367,0.43386712814845435,0.2929124999305634,-0.4665590926380981,-1.3069309255650539,-1.0255580972341838,-0.7512278640657156,24,greengram,Sandy soil
12182,-0.9089503032237339,1.4177413322789671,-1.1127094486959972,-0.8975029591088394,-0.036457799358352465,-0.17664440883557367,0.8092022548109493,0.0001947438906961603,-0.17720972469485965,-1.422259025985991,-0.7630932863909253,-0.6819882179121513,24,greengram,Sandy soil
12185,-0.9089503032237339,1.4177413322789671,-1.1127094486959972,1.114202454544477,1.1945497169251689,-0.17664440883557367,1.0651125684444687,-0.05593521891656501,-0.2938132013287016,-1.395644848965775,-1.3463484215981665,-0.6236811474670444,24,greengram,Sandy soil
12188,-0.9089503032237339,1.4177413322789671,-1.1127094486959972,-0.8975029591088394,1.1945497169251689,-0.17664440883557367,0.4168064405728861,-0.05004157282180253,-0.37154885241793006,-1.664743749947962,-1.6204783351455698,-0.6419021069811403,24,greengram,Sandy soil
12191,-0.9089503032237339,1.4177413322789671,-1.1127094486959972,1.114202454544477,1.1945497169251689,-0.17664440883557367,1.1674766938978767,0.009175537939858076,-0.3888234415488696,-1.576029826547241,-1.2705252540212253,-0.9334374592066745,24,greengram,Sandy soil
12194,-0.9089503032237339,1.4177413322789671,-1.1127094486959972,-0.8975029591088394,1.3484256564606083,-0.17664440883557367,0.4168064405728861,0.2724250635059129,-0.1728910774121244,-1.5287157340668565,-0.9672325837134597,-0.8241117021220992,24,greengram,Sandy soil
12197,-0.9089503032237339,1.4177413322789671,-1.1127094486959972,1.114202454544477,0.4251700192479687,-0.17664440883557367,0.46798850329959013,-0.02618633862871653,-0.15129784099844987,-1.324673710245198,-1.4629994486396145,-1.04276321629125,24,greengram,Sandy soil
12200,-0.9089503032237339,1.4177413322789671,-1.1127094486959972,-0.8975029591088394,0.11741814017708838,-0.17664440883557367,1.5769331957115076,0.013104635336366294,-0.34995561600425557,-1.7002293193082505,-0.6697724647577666,-1.1848867005011978,24,greengram,Sandy soil
12209,-0.9089503032237339,1.4177413322789671,-1.1127094486959972,1.114202454544477,-0.19033373889379193,-0.17664440883557367,0.12677475178823092,-0.04583182561125794,-0.42769126709348404,-1.6056011343474814,-0.6464422593494771,-0.6528346826895977,24,greengram,Sandy soil
12212,-0.9089503032237339,1.4177413322789671,-1.1127094486959972,-0.8975029591088394,0.11741814017708838,-0.17664440883557367,0.05853200148595931,-0.09185839511321205,-0.14266054643297993,-1.401559110525823,-0.5239586809559564,-0.9225048834982169,24,greengram,Sandy soil
12215,-0.9089503032237339,1.4177413322789671,-1.1127094486959972,1.114202454544477,0.5790459587834081,-0.17664440883557367,1.4916297578336677,0.19468506501785632,-0.31108779045964147,-1.4370446798861114,-0.6931026701660566,-0.6564788745924169,24,greengram,Sandy soil
12221,-0.9089503032237339,1.4177413322789671,-1.1127094486959972,1.114202454544477,0.7329218983188477,-0.17664440883557367,1.1504160063223086,-0.08933254678688535,-0.2981318486114369,-1.5228014725068084,-0.6522748107015496,-0.8569094292474717,24,greengram,Sandy soil
12230,-0.9089503032237339,1.4177413322789671,-1.1127094486959972,-0.8975029591088394,1.1945497169251689,-0.17664440883557367,0.48504919087515835,-0.09691009176586574,-0.21175890295673877,-1.2803167485448377,-0.7047677728702012,-0.8314000859277376,24,greengram,Sandy soil
12236,-0.9089503032237339,1.4177413322789671,-1.1127094486959972,-0.8975029591088394,0.4251700192479687,-0.17664440883557367,0.7921415672353811,0.31283863672714085,-0.22471484480494336,-1.6410867037077699,-1.3463484215981665,-1.1994634681124745,24,greengram,Sandy soil
12239,-0.9089503032237339,1.4177413322789671,-1.1127094486959972,1.114202454544477,-0.19033373889379193,-0.17664440883557367,1.0139305057177648,0.20899820553370768,-0.336999674156051,-1.401559110525823,-1.5913155783852078,-0.6965649855234279,24,greengram,Sandy soil
12242,-0.9089503032237339,1.4177413322789671,-1.1127094486959972,-0.8975029591088394,0.11741814017708838,-0.17664440883557367,0.4509278157240219,0.005807740171422278,-0.1210673100193054,-1.741629150228587,-0.5822841944766806,-0.9480142268179512,24,greengram,Sandy soil
12245,-0.9089503032237339,1.4177413322789671,-1.1127094486959972,1.114202454544477,1.3484256564606083,-0.17664440883557367,0.8433236299620851,0.24688593042860896,-0.4751963872035677,-1.652915226827866,-0.6581073620536221,-0.7220743288431622,24,greengram,Sandy soil
12248,-0.9089503032237339,1.4177413322789671,-1.1127094486959972,-0.8975029591088394,0.4251700192479687,-0.17664440883557367,0.7068381293575413,0.26035712150235185,-0.44928450350715854,-1.4400018106661354,-0.7047677728702012,-1.2650589223632198,24,greengram,Sandy soil
12251,-0.9089503032237339,1.4177413322789671,-1.1127094486959972,1.114202454544477,0.27129407971252784,-0.17664440883557367,1.3380835696535565,0.1890720687371302,-0.19016566654306424,-1.4340875491060874,-0.4831308214914498,-1.0609841758053458,24,greengram,Sandy soil
12254,-0.9089503032237339,1.4177413322789671,-1.1127094486959972,-0.8975029591088394,-0.19033373889379193,-0.17664440883557367,1.0992339435956047,0.21685640032672443,-0.1469791937157152,-1.4547874645662555,-0.9147396215448081,-1.1848867005011978,24,greengram,Sandy soil
12257,-0.9089503032237339,1.4177413322789671,-1.1127094486959972,1.114202454544477,0.11741814017708838,-0.17664440883557367,0.17795681451493492,-0.018889443463772512,-0.44928450350715854,-1.3838163258456788,-0.7339305296305633,-0.8386884697333759,24,greengram,Sandy soil
12260,-0.9089503032237339,1.4177413322789671,-1.1127094486959972,-0.8975029591088394,0.8867978378542885,-0.17664440883557367,0.05853200148595931,0.13406470518601418,-0.26358267034955774,-1.5109729493867121,-0.7572607350388528,-1.1192912462504527,24,greengram,Sandy soil
12263,-0.9089503032237339,1.4177413322789671,-1.1127094486959972,1.114202454544477,1.3484256564606083,-0.17664440883557367,0.6727167542064055,0.22303069623552296,-0.1728910774121244,-1.6203867882476015,-1.6029806810893525,-0.7257185207459812,24,greengram,Sandy soil
12266,-0.9089503032237339,1.4177413322789671,-1.1127094486959972,-0.8975029591088394,1.1945497169251689,-0.17664440883557367,0.5703526287529982,0.12143546355438042,-0.15129784099844987,-1.667700880727986,-0.6114469512370426,-0.8933513482756635,24,greengram,Sandy soil
12272,-0.9089503032237339,1.4177413322789671,-1.1127094486959972,-0.8975029591088394,0.8867978378542885,-0.17664440883557367,0.6897774417819738,-0.017205544579554612,-0.34131832143878593,-1.395644848965775,-1.2880229080774424,-0.7658046316769923,24,greengram,Sandy soil
12275,-0.9089503032237339,1.4177413322789671,-1.1127094486959972,1.114202454544477,1.1945497169251689,-0.17664440883557367,1.2015980690490127,0.1520262932843377,-0.41041667796254416,-1.567158434207169,-1.398841383766818,-1.2176844276265704,24,greengram,Sandy soil
12278,-0.9089503032237339,1.4177413322789671,-1.1127094486959972,-0.8975029591088394,0.27129407971252784,-0.17664440883557367,0.5191705660262941,0.06390225167693772,-0.2938132013287016,-1.7120578424283466,-0.8855768647844461,-1.126579630056091,24,greengram,Sandy soil
12281,-0.9089503032237339,1.4177413322789671,-1.1127094486959972,1.114202454544477,1.3484256564606083,-0.17664440883557367,1.0139305057177648,0.11638376690172673,-0.21175890295673877,-1.5819440881072893,-0.5414563350121739,-1.246837962849124,24,greengram,Sandy soil
12287,-0.9089503032237339,1.4177413322789671,-1.1127094486959972,1.114202454544477,0.11741814017708838,-0.17664440883557367,1.7134186963160507,0.2903866516042364,-0.16857243012938972,-1.6351724421477216,-1.11304636751527,-1.1958192762096556,24,greengram,Sandy soil
12290,-0.9089503032237339,1.4177413322789671,-1.1127094486959972,-0.8975029591088394,-0.036457799358352465,-0.17664440883557367,0.6727167542064055,0.12452261150877986,-0.3888234415488696,-1.3719878027255827,-1.0780510594028356,-1.0354748324856116,24,greengram,Sandy soil
12293,-0.9089503032237339,1.4177413322789671,-1.1127094486959972,1.114202454544477,-0.036457799358352465,-0.17664440883557367,1.3210228820779881,0.2606377713163882,-0.09947407360563087,-1.6115153959075295,-1.381343729710601,-0.9115723077897594,24,greengram,Sandy soil
12296,-0.9089503032237339,1.4177413322789671,-1.1127094486959972,-0.8975029591088394,0.4251700192479687,-0.17664440883557367,0.3997457529973185,0.19973676167050972,-0.375867499700665,-1.6351724421477216,-0.5939492971808256,-1.0573399839025266,24,greengram,Sandy soil
12299,-0.9089503032237339,1.4177413322789671,-1.1127094486959972,1.114202454544477,-0.036457799358352465,-0.17664440883557367,1.2869015069268517,0.2830897564392927,-0.336999674156051,-1.321716579465174,-0.6989352215181287,-0.7949581668995458,24,greengram,Sandy soil
12302,-0.9089503032237339,1.4177413322789671,-1.1127094486959972,-0.8975029591088394,1.3484256564606083,-0.17664440883557367,1.6622366335893475,-0.09382294381146632,-0.1340232518675106,-1.50210155704664,-0.8097536972075049,-0.6528346826895977,24,greengram,Sandy soil
12305,-0.9089503032237339,1.4177413322789671,-1.1127094486959972,1.114202454544477,0.4251700192479687,-0.17664440883557367,0.4168064405728861,0.15034239440011982,-0.32404373230784606,-1.7623290656887551,-1.468831999991687,-0.7439394802600772,24,greengram,Sandy soil
12308,-0.9089503032237339,1.4177413322789671,-1.1127094486959972,-0.8975029591088394,0.4251700192479687,-0.17664440883557367,1.2527801317757166,0.17924932524585951,-0.1469791937157152,-1.3690306719455585,-0.5647865404204635,-0.962590994429228,24,greengram,Sandy soil
12311,-0.9089503032237339,1.4177413322789671,-1.1127094486959972,1.114202454544477,0.4251700192479687,-0.17664440883557367,1.0651125684444687,-0.09101644567110326,-0.34131832143878593,-1.7031864500882745,-0.8505815566720115,-1.1047144786391758,24,greengram,Sandy soil
12314,-0.9089503032237339,1.4177413322789671,-1.1127094486959972,-0.8975029591088394,0.7329218983188477,-0.17664440883557367,1.4745690702580996,0.003843191473168328,-0.23767078665314795,-1.3572021488254624,-1.323018216189877,-1.2504821547519431,24,greengram,Sandy soil
12317,-0.9089503032237339,1.4177413322789671,-1.1127094486959972,1.114202454544477,0.8867978378542885,-0.17664440883557367,1.628115258438211,0.30245459360779775,-0.24198943393588324,-1.7978146350490436,-0.7689258377429978,-1.2140402357237514,24,greengram,Sandy soil
12326,-0.9089503032237339,1.4177413322789671,-1.1127094486959972,-0.8975029591088394,0.27129407971252784,-0.17664440883557367,1.3722049448046916,-0.10308438767466428,-0.4838336817690376,-1.4340875491060874,-1.0080604431779667,-1.305145033294231,24,greengram,Sandy soil
12329,-0.9089503032237339,1.4177413322789671,-1.1127094486959972,1.114202454544477,1.0406737773897279,-0.17664440883557367,1.2527801317757166,-0.07558070589910643,-0.21175890295673877,-1.3512878872654144,-1.3871762810626733,-1.272347306168858,24,greengram,Sandy soil
12332,-0.9089503032237339,1.4177413322789671,-1.1127094486959972,-0.8975029591088394,0.5790459587834081,-0.17664440883557367,1.3210228820779881,0.15763928956506382,-0.4190539725280141,-1.7031864500882745,-0.7047677728702012,-1.024542256777154,24,greengram,Sandy soil
12335,-0.9089503032237339,1.4177413322789671,-1.1127094486959972,1.114202454544477,0.8867978378542885,-0.17664440883557367,0.31444231511947873,0.04004701748385172,-0.375867499700665,-1.5996868727874332,-1.3055205621336596,-1.334298568516784,24,greengram,Sandy soil
12338,-0.9089503032237339,1.4177413322789671,-1.1127094486959972,-0.8975029591088394,0.4251700192479687,-0.17664440883557367,1.1674766938978767,0.2516569772672263,-0.1210673100193054,-1.2951024024449578,-1.1305440215714873,-0.9188606915953978,24,greengram,Sandy soil
12341,-0.9089503032237339,1.4177413322789671,-1.1127094486959972,1.114202454544477,1.1945497169251689,-0.17664440883557367,0.9115663802643573,0.16409423528789874,-0.1728910774121244,-1.4695731184663758,-0.8797443134323736,-0.7949581668995458,24,greengram,Sandy soil
12344,-0.9089503032237339,1.4177413322789671,-1.1127094486959972,-0.8975029591088394,0.7329218983188477,-0.17664440883557367,0.09265337663709511,-0.04751572449547584,-0.21607755023947342,-1.5582870418670967,-0.5997818485328981,-1.0500516000968882,24,greengram,Sandy soil
12347,-0.9089503032237339,1.4177413322789671,-1.1127094486959972,1.114202454544477,0.11741814017708838,-0.17664440883557367,1.6451759460137791,0.14501004793343006,-0.39314208883160456,-1.5494156495270248,-1.0313906485862563,-0.6346137231755018,24,greengram,Sandy soil
12350,-0.9089503032237339,1.4177413322789671,-1.1127094486959972,-0.8975029591088394,0.7329218983188477,-0.17664440883557367,1.5257511329848041,0.05323755874355791,-0.20312160839126883,-1.658829488387914,-1.3755111783585285,-0.9662351863320471,24,greengram,Sandy soil
12353,-0.9089503032237339,1.4177413322789671,-1.1127094486959972,1.114202454544477,0.8867978378542885,-0.17664440883557367,1.6792973211649156,0.14192289997903063,-0.09083677904016156,-1.3690306719455585,-1.183036983740139,-0.8204675102192799,24,greengram,Sandy soil
12356,-0.9089503032237339,1.4177413322789671,-1.1127094486959972,-0.8975029591088394,0.8867978378542885,-0.17664440883557367,0.1950175020905025,0.02685647622414522,-0.328362379590581,-1.7830289811489235,-1.381343729710601,-0.9152164996925787,24,greengram,Sandy soil
12362,-0.9089503032237339,1.4177413322789671,-1.1127094486959972,-0.8975029591088394,0.11741814017708838,-0.17664440883557367,1.5257511329848041,0.07372499516820843,-0.14266054643297993,-1.398601979745799,-1.2005346377963562,-0.8386884697333759,24,greengram,Sandy soil
12365,-0.9089503032237339,1.4177413322789671,-1.1127094486959972,1.114202454544477,0.4251700192479687,-0.17664440883557367,0.5191705660262941,0.2943157490007449,-0.0735621899092217,-1.6026440035674572,-0.7280979782784908,-0.7512278640657156,24,greengram,Sandy soil
12368,-0.9089503032237339,1.4177413322789671,-1.1127094486959972,-0.8975029591088394,-0.19033373889379193,-0.17664440883557367,0.43386712814845435,-0.10027788953430122,-0.3801861469834,-1.3276308410252222,-0.5997818485328981,-0.7184301369403431,24,greengram,Sandy soil
12371,-0.9089503032237339,1.4177413322789671,-1.1127094486959972,1.114202454544477,0.5790459587834081,-0.17664440883557367,0.9627484429910608,0.13827445239655878,-0.11674866273657075,-1.6292581805876736,-0.9788976864176047,-0.8933513482756635,24,greengram,Sandy soil
12377,-0.9089503032237339,1.4177413322789671,-1.1127094486959972,1.114202454544477,-0.19033373889379193,-0.17664440883557367,0.6897774417819738,-0.05256742114812922,-0.4147353252452791,-1.233002656064453,-1.4046739351188906,-1.0974260948335375,24,greengram,Sandy soil
12380,-0.9089503032237339,1.4177413322789671,-1.1127094486959972,-0.8975029591088394,1.1945497169251689,-0.17664440883557367,1.5428118205603711,0.04594066357861421,-0.056287600778281835,-1.7327577578885147,-1.1772044323880666,-0.8787745806643869,24,greengram,Sandy soil
12386,-0.9089503032237339,1.4177413322789671,-1.1127094486959972,-0.8975029591088394,1.0406737773897279,-0.17664440883557367,0.8092022548109493,-0.026466988442752897,-0.3154064377423764,-1.490273033926544,-0.5647865404204635,-0.882418772567206,24,greengram,Sandy soil
12389,-0.9089503032237339,1.4177413322789671,-1.1127094486959972,1.114202454544477,-0.036457799358352465,-0.17664440883557367,1.4404476951069645,0.16970723156862486,-0.22471484480494336,-1.484358772366496,-0.5064610268997394,-0.6419021069811403,24,greengram,Sandy soil
12395,-0.9089503032237339,1.4177413322789671,-1.1127094486959972,1.114202454544477,0.7329218983188477,-0.17664440883557367,1.6963580087404837,-0.0045763029479208486,-0.280857259480497,-1.6233439190276255,-0.8214187999116495,-0.7475836721628963,24,greengram,Sandy soil
12398,-0.9089503032237339,1.4177413322789671,-1.1127094486959972,-0.8975029591088394,0.7329218983188477,-0.17664440883557367,1.6792973211649156,0.06614745018922805,-0.4536031507898932,-1.6706580115080103,-0.7339305296305633,-0.8095349345108225,24,greengram,Sandy soil
12401,-0.9089503032237339,1.4177413322789671,-1.1127094486959972,1.114202454544477,1.1945497169251689,-0.17664440883557367,1.3380835696535565,0.07625084349453512,-0.2074402556740035,-1.3424164949253423,-1.043055751290401,-0.7548720559685348,24,greengram,Sandy soil
12404,-0.9089503032237339,1.4177413322789671,-1.1127094486959972,-0.8975029591088394,1.3484256564606083,-0.17664440883557367,1.628115258438211,-0.0733355073868158,-0.1815283719775943,-1.5967297420074094,-0.5764516431246085,-1.1375122057645486,24,greengram,Sandy soil
12407,-0.9089503032237339,1.4177413322789671,-1.1127094486959972,1.114202454544477,0.11741814017708838,-0.17664440883557367,1.2698408193512847,0.3148031854253951,-0.2765386121977623,-1.48731590314652,-0.9380698269530977,-0.9480142268179512,24,greengram,Sandy soil
12410,-0.9089503032237339,1.4177413322789671,-1.1127094486959972,-0.8975029591088394,0.27129407971252784,-0.17664440883557367,1.30396219450242,0.2393083854496289,-0.2679013176322924,-1.395644848965775,-1.5738179243289905,-0.762160439774173,24,greengram,Sandy soil
12422,-0.9089503032237339,1.4177413322789671,-1.1127094486959972,-0.8975029591088394,1.0406737773897279,-0.17664440883557367,1.4404476951069645,0.07793474237875302,-0.12970460458477534,-1.2980595332249818,-0.8039211458554324,-0.8350442778305566,24,greengram,Sandy soil
12425,-0.9089503032237339,1.4177413322789671,-1.1127094486959972,1.114202454544477,1.1945497169251689,-0.17664440883557367,1.1674766938978767,-0.10392633711677339,-0.06492489534375176,-1.7179721039883946,-1.1072138161631977,-0.6637672583980554,24,greengram,Sandy soil
12428,-0.9089503032237339,1.4177413322789671,-1.1127094486959972,-0.8975029591088394,1.0406737773897279,-0.17664440883557367,1.0139305057177648,0.18065257431604104,-0.3672302051351951,-1.5198443417267844,-0.9730651350655322,-1.3233659928083268,24,greengram,Sandy soil
12434,-0.9089503032237339,1.4177413322789671,-1.1127094486959972,-0.8975029591088394,1.3484256564606083,-0.17664440883557367,0.55329194117743,0.0829864390314064,-0.2851759067632323,-1.744586281008611,-1.538822616216556,-1.2796356899744965,24,greengram,Sandy soil
12440,-0.9089503032237339,1.4177413322789671,-1.1127094486959972,-0.8975029591088394,0.8867978378542885,-0.17664440883557367,1.4404476951069645,-0.019170093277808883,-0.3585929105697255,-1.324673710245198,-1.2413624972608632,-1.144800589570187,24,greengram,Sandy soil
12443,-0.9089503032237339,1.4177413322789671,-1.1127094486959972,1.114202454544477,0.11741814017708838,-0.17664440883557367,0.2461995648172065,0.0066496896135313874,-0.2851759067632323,-1.3276308410252222,-0.9847302377696769,-0.9917445296517814,24,greengram,Sandy soil
12446,-0.9089503032237339,1.4177413322789671,-1.1127094486959972,-0.8975029591088394,1.0406737773897279,-0.17664440883557367,1.0992339435956047,-0.06070626575518202,-0.2765386121977623,-1.3039737947850298,-1.5621528216248457,-0.6892766017177895,24,greengram,Sandy soil
12449,-0.9089503032237339,1.4177413322789671,-1.1127094486959972,1.114202454544477,0.8867978378542885,-0.17664440883557367,0.4509278157240219,0.09842217880340322,-0.24198943393588324,-1.3069309255650539,-1.3871762810626733,-0.6637672583980554,24,greengram,Sandy soil
12452,-0.9089503032237339,1.4177413322789671,-1.1127094486959972,-0.8975029591088394,-0.036457799358352465,-0.17664440883557367,1.30396219450242,0.19608831408803787,-0.34563696872152055,-1.6706580115080103,-0.5064610268997394,-0.6163927636614059,24,greengram,Sandy soil
12455,-0.9089503032237339,1.4177413322789671,-1.1127094486959972,1.114202454544477,0.8867978378542885,-0.17664440883557367,1.1504160063223086,-0.0921390449272484,-0.25062672850135254,-1.7889432427089715,-0.5414563350121739,-0.6163927636614059,24,greengram,Sandy soil
12458,-0.9089503032237339,1.4177413322789671,-1.1127094486959972,-0.8975029591088394,0.8867978378542885,-0.17664440883557367,1.7475400714671872,-0.10027788953430122,-0.25062672850135254,-1.413387633645919,-0.7222654269264187,-0.9553026106235897,24,greengram,Sandy soil
12461,-0.9089503032237339,1.4177413322789671,-1.1127094486959972,1.114202454544477,1.1945497169251689,-0.17664440883557367,0.55329194117743,0.12227741299648921,-0.328362379590581,-1.407473372085871,-1.4221715891751077,-1.1557331652786444,24,greengram,Sandy soil
12464,-0.9089503032237339,1.4177413322789671,-1.1127094486959972,-0.8975029591088394,1.1945497169251689,-0.17664440883557367,0.3997457529973185,0.14978109477204737,-0.056287600778281835,-1.3838163258456788,-0.8797443134323736,-0.7330069045516197,24,greengram,Sandy soil
12467,-0.9089503032237339,1.4177413322789671,-1.1127094486959972,1.114202454544477,0.27129407971252784,-0.17664440883557367,0.4509278157240219,-0.05481261966041986,-0.32404373230784606,-1.2625739638646933,-0.7630932863909253,-0.9261490754010362,24,greengram,Sandy soil
12470,-0.9089503032237339,1.4177413322789671,-1.1127094486959972,-0.8975029591088394,0.4251700192479687,-0.17664440883557367,1.5769331957115076,0.0484665119049409,-0.19016566654306424,-1.7830289811489235,-0.5647865404204635,-0.6856324098149705,24,greengram,Sandy soil
12473,-0.9089503032237339,1.4177413322789671,-1.1127094486959972,1.114202454544477,0.8867978378542885,-0.17664440883557367,0.28032093996834234,0.12199676318245285,-0.31108779045964147,-1.5287157340668565,-0.8622466593761565,-1.0281864486799732,24,greengram,Sandy soil
12476,-0.9089503032237339,1.4177413322789671,-1.1127094486959972,-0.8975029591088394,-0.036457799358352465,-0.17664440883557367,1.1504160063223086,0.18345907245640408,-0.4147353252452791,-1.233002656064453,-0.7222654269264187,-1.166665740987102,24,greengram,Sandy soil
12479,-0.9089503032237339,1.4177413322789671,-1.1127094486959972,1.114202454544477,0.4251700192479687,-0.17664440883557367,1.1504160063223086,0.020120880687273943,-0.4665590926380981,-1.2951024024449578,-0.8097536972075049,-1.2796356899744965,24,greengram,Sandy soil
12482,-0.9089503032237339,1.4177413322789671,-1.1127094486959972,-0.8975029591088394,1.1945497169251689,-0.17664440883557367,1.6792973211649156,0.06698939963133715,-0.09083677904016156,-1.7475434117886348,-0.8505815566720115,-0.6637672583980554,24,greengram,Sandy soil
12485,-0.9089503032237339,1.4177413322789671,-1.1127094486959972,1.114202454544477,0.11741814017708838,-0.17664440883557367,0.6215346914797015,0.015069184034620563,-0.06924354262648703,-1.2389169176245012,-1.0255580972341838,-1.0208980648743347,24,greengram,Sandy soil
12488,-0.9089503032237339,1.4177413322789671,-1.1127094486959972,-0.8975029591088394,0.27129407971252784,-0.17664440883557367,0.979809130566629,0.0027205922170228493,-0.4363285616589536,-1.48731590314652,-0.5239586809559564,-0.6564788745924169,24,greengram,Sandy soil
12491,-0.9089503032237339,1.4177413322789671,-1.1127094486959972,1.114202454544477,0.5790459587834081,-0.17664440883557367,0.4509278157240219,0.15511344123873713,-0.3585929105697255,-1.50210155704664,-1.4280041405271802,-1.1192912462504527,24,greengram,Sandy soil
12497,-0.9089503032237339,1.4177413322789671,-1.1127094486959972,1.114202454544477,1.3484256564606083,-0.17664440883557367,1.2015980690490127,0.28814145309194605,-0.3067691431769068,-1.7327577578885147,-0.7397630809826358,-1.0281864486799732,24,greengram,Sandy soil
12503,-0.9089503032237339,1.4177413322789671,-1.1127094486959972,1.114202454544477,1.1945497169251689,-0.17664440883557367,1.5939938832870757,0.2235919958635957,-0.17720972469485965,-1.3394593641453183,-1.6379759892017869,-1.1375122057645486,24,greengram,Sandy soil
12506,-0.9089503032237339,1.4177413322789671,-1.1127094486959972,-0.8975029591088394,0.4251700192479687,-0.17664440883557367,1.6792973211649156,0.0911252836384592,-0.1815283719775943,-1.6351724421477216,-1.4513343459354697,-1.024542256777154,24,greengram,Sandy soil
12509,-0.9089503032237339,1.4177413322789671,-1.1127094486959972,1.114202454544477,0.7329218983188477,-0.17664440883557367,0.877445005113221,0.1784073758037504,-0.3542742632869905,-1.4932301647065682,-1.567985372976918,-0.9079281158869403,24,greengram,Sandy soil
12512,-0.9089503032237339,1.4177413322789671,-1.1127094486959972,-0.8975029591088394,1.3484256564606083,-0.17664440883557367,1.2527801317757166,0.022646729013600632,-0.31108779045964147,-1.7948575042690196,-1.5329900648644836,-1.1338680138617294,24,greengram,Sandy soil
12515,-0.9089503032237339,1.4177413322789671,-1.1127094486959972,1.114202454544477,0.8867978378542885,-0.17664440883557367,0.5874133163285657,0.24520203154439138,-0.4060980306798095,-1.756414804128707,-1.2471950486129355,-0.7293627126488005,24,greengram,Sandy soil
12518,-0.9089503032237339,1.4177413322789671,-1.1127094486959972,-0.8975029591088394,-0.19033373889379193,-0.17664440883557367,1.3892656323802597,0.18935271855116625,-0.2074402556740035,-1.33354510258527,-0.8972419674885911,-0.638257915078321,24,greengram,Sandy soil
12521,-0.9089503032237339,1.4177413322789671,-1.1127094486959972,1.114202454544477,0.27129407971252784,-0.17664440883557367,0.1950175020905025,0.1857042709686944,-0.30245049589417156,-1.2714453562047656,-0.6989352215181287,-0.7913139749967266,24,greengram,Sandy soil
12524,-0.9089503032237339,1.4177413322789671,-1.1127094486959972,-0.8975029591088394,0.11741814017708838,-0.17664440883557367,0.9968698181421971,0.08719618624195098,-0.41041667796254416,-1.490273033926544,-0.6406097079974047,-0.882418772567206,24,greengram,Sandy soil
12527,-0.9089503032237339,1.4177413322789671,-1.1127094486959972,1.114202454544477,0.11741814017708838,-0.17664440883557367,0.7921415672353811,0.012823985522329925,-0.30245049589417156,-1.5582870418670967,-0.8797443134323736,-0.9881003377489622,24,greengram,Sandy soil
12533,-0.9089503032237339,1.4177413322789671,-1.1127094486959972,1.114202454544477,0.5790459587834081,-0.17664440883557367,0.877445005113221,0.2466052806145729,-0.10811136817110081,-1.4429589414461594,-1.3113531134857321,-0.9808119539433239,24,greengram,Sandy soil
12539,-0.9089503032237339,1.4177413322789671,-1.1127094486959972,1.114202454544477,0.8867978378542885,-0.17664440883557367,0.05853200148595931,0.22246939660745055,-0.1340232518675106,-1.673615142288034,-1.1947020864442839,-0.7512278640657156,24,greengram,Sandy soil
12542,-0.9089503032237339,1.4177413322789671,-1.1127094486959972,-0.8975029591088394,1.1945497169251689,-0.17664440883557367,0.7580201920842453,0.21152405386003467,-0.47951503448630267,-1.4607017261263038,-1.398841383766818,-0.9698793782348663,24,greengram,Sandy soil
12548,-0.9089503032237339,1.4177413322789671,-1.1127094486959972,-0.8975029591088394,-0.036457799358352465,-0.17664440883557367,1.6622366335893475,0.08214448958929761,-0.2592640230668225,-1.6322153113676976,-1.3346833188940217,-1.13022382195891,24,greengram,Sandy soil
12551,-0.9089503032237339,1.4177413322789671,-1.1127094486959972,1.114202454544477,1.1945497169251689,-0.17664440883557367,0.7921415672353811,0.08270578921737003,-0.41041667796254416,-1.3808591950656548,-1.0080604431779667,-0.8969955401784827,24,greengram,Sandy soil
12554,-0.9089503032237339,1.4177413322789671,-1.1127094486959972,-0.8975029591088394,1.0406737773897279,-0.17664440883557367,0.8945056926887891,0.11077077062100062,-0.06060624806101711,-1.658829488387914,-0.7280979782784908,-0.6929207936206087,24,greengram,Sandy soil
12557,-0.9089503032237339,1.4177413322789671,-1.1127094486959972,1.114202454544477,0.7329218983188477,-0.17664440883557367,0.5191705660262941,-0.018889443463772512,-0.3974607361143396,-1.7682433272488032,-1.5621528216248457,-1.1775983166955595,24,greengram,Sandy soil
12560,-0.9089503032237339,1.4177413322789671,-1.1127094486959972,-0.8975029591088394,1.1945497169251689,-0.17664440883557367,1.5598725081359395,0.1357486040702321,-0.42337261981074903,-1.756414804128707,-0.7339305296305633,-0.6200369555642251,24,greengram,Sandy soil
12563,-0.9089503032237339,1.4177413322789671,-1.1127094486959972,1.114202454544477,1.1945497169251689,-0.17664440883557367,1.1845373814734443,0.25698932373391603,-0.30245049589417156,-1.6322153113676976,-0.6697724647577666,-0.9990329134574197,24,greengram,Sandy soil
12566,-0.9089503032237339,1.4177413322789671,-1.1127094486959972,-0.8975029591088394,1.1945497169251689,-0.17664440883557367,0.3485636902706145,0.22808239288817667,-0.3154064377423764,-1.5316728648468805,-0.570619091772536,-0.9553026106235897,24,greengram,Sandy soil
12569,-0.9089503032237339,1.4177413322789671,-1.1127094486959972,1.114202454544477,-0.036457799358352465,-0.17664440883557367,0.2973816275439105,-0.06463536315169056,-0.47951503448630267,-1.587858349667337,-0.5297912323080289,-0.7913139749967266,24,greengram,Sandy soil
12572,-0.9089503032237339,1.4177413322789671,-1.1127094486959972,-0.8975029591088394,0.27129407971252784,-0.17664440883557367,1.2357194442001485,0.054640807813739437,-0.16857243012938972,-1.6884007961881542,-1.28219035672537,-0.7585162478713541,24,greengram,Sandy soil
12578,-0.9089503032237339,1.4177413322789671,-1.1127094486959972,-0.8975029591088394,0.4251700192479687,-0.17664440883557367,0.7750808796598135,0.26372491927078734,-0.44928450350715854,-1.667700880727986,-1.2646927026691528,-1.0937819029307183,24,greengram,Sandy soil
12581,-0.9089503032237339,1.4177413322789671,-1.1127094486959972,1.114202454544477,1.3484256564606083,-0.17664440883557367,0.877445005113221,0.008333588497748966,-0.43200991437621866,-1.5464585187470006,-0.7280979782784908,-0.842332661636195,24,greengram,Sandy soil
12584,-0.9089503032237339,1.4177413322789671,-1.1127094486959972,-0.8975029591088394,0.4251700192479687,-0.17664440883557367,1.4233870075313961,-0.02618633862871653,-0.4363285616589536,-1.3158023179051261,-1.0372231999383288,-1.0500516000968882,24,greengram,Sandy soil
12587,-0.9089503032237339,1.4177413322789671,-1.1127094486959972,1.114202454544477,0.27129407971252784,-0.17664440883557367,1.30396219450242,0.15062304421415618,-0.336999674156051,-1.7741575888088514,-1.6029806810893525,-1.1630215490842828,24,greengram,Sandy soil
12590,-0.9089503032237339,1.4177413322789671,-1.1127094486959972,-0.8975029591088394,0.11741814017708838,-0.17664440883557367,1.1333553187467404,0.06277965242079256,-0.23767078665314795,-1.3867734566257028,-0.6056143998849705,-1.13022382195891,24,greengram,Sandy soil
12596,-0.9089503032237339,1.4177413322789671,-1.1127094486959972,-0.8975029591088394,-0.036457799358352465,-0.17664440883557367,0.7409595045086778,-0.09550684269568421,-0.34131832143878593,-1.3690306719455585,-1.6321434378497146,-1.3160776090026882,24,greengram,Sandy soil
12599,-0.9089503032237339,1.4177413322789671,-1.1127094486959972,1.114202454544477,1.0406737773897279,-0.17664440883557367,1.4916297578336677,0.08017994089104334,-0.3585929105697255,-1.567158434207169,-0.5356237836601014,-1.13022382195891,24,greengram,Sandy soil
12605,-0.9089503032237339,1.4177413322789671,-1.1127094486959972,1.114202454544477,1.0406737773897279,-0.17664440883557367,1.1162946311711728,-0.05116417207794769,-0.4536031507898932,-1.5405442571869525,-1.6088132324414248,-0.9334374592066745,24,greengram,Sandy soil
12611,-0.9089503032237339,1.4177413322789671,-1.1127094486959972,1.114202454544477,0.8867978378542885,-0.17664440883557367,0.7238988169331095,-0.0946648932535751,-0.4363285616589536,-1.3926877181857509,-1.626310886497642,-0.802246550705184,24,greengram,Sandy soil
12614,-0.9089503032237339,1.4177413322789671,-1.1127094486959972,-0.8975029591088394,0.8867978378542885,-0.17664440883557367,1.1162946311711728,0.070637847213809,-0.3801861469834,-1.321716579465174,-1.1013812648111252,-1.0318306405827924,24,greengram,Sandy soil
12620,-0.9089503032237339,1.4177413322789671,-1.1127094486959972,-0.8975029591088394,0.11741814017708838,-0.17664440883557367,0.9456877554154931,0.21320795274425225,-0.2894945540459669,-1.2655310946447174,-1.6379759892017869,-1.0354748324856116,24,greengram,Sandy soil
12623,-0.9089503032237339,1.4177413322789671,-1.1127094486959972,1.114202454544477,0.27129407971252784,-0.17664440883557367,1.6622366335893475,0.10964817136485545,-0.4449658562244236,-1.413387633645919,-0.5764516431246085,-1.3270101847111457,24,greengram,Sandy soil
12626,-0.9089503032237339,1.4177413322789671,-1.1127094486959972,-0.8975029591088394,1.3484256564606083,-0.17664440883557367,0.877445005113221,0.0484665119049409,-0.47087773992083304,-1.744586281008611,-1.253027599965008,-0.6419021069811403,24,greengram,Sandy soil
12632,-0.9089503032237339,1.4177413322789671,-1.1127094486959972,-0.8975029591088394,0.11741814017708838,-0.17664440883557367,0.4509278157240219,0.01787568217498362,-0.40177938339707453,-1.3512878872654144,-1.4163390378230354,-0.7986023588023649,24,greengram,Sandy soil
12635,-0.9089503032237339,1.4177413322789671,-1.1127094486959972,1.114202454544477,0.11741814017708838,-0.17664440883557367,0.2973816275439105,-0.08736799808863108,-0.1340232518675106,-1.4518303337862315,-0.815586248559577,-0.6965649855234279,24,greengram,Sandy soil
12638,-0.9089503032237339,1.4177413322789671,-1.1127094486959972,-0.8975029591088394,-0.036457799358352465,-0.17664440883557367,1.1845373814734443,0.28814145309194605,-0.07788083719195636,-1.4281732875460393,-0.9672325837134597,-1.046407408194069,24,greengram,Sandy soil
12644,-0.9089503032237339,1.4177413322789671,-1.1127094486959972,-0.8975029591088394,-0.036457799358352465,-0.17664440883557367,0.48504919087515835,0.18121387394411345,-0.2765386121977623,-1.2744024869847894,-1.1597067783318493,-0.9297932673038553,24,greengram,Sandy soil
12653,-0.9089503032237339,1.4177413322789671,-1.1127094486959972,1.114202454544477,1.1945497169251689,-0.17664440883557367,0.4509278157240219,-0.004856952761957218,-0.44928450350715854,-1.312845187125102,-1.2180322918525734,-1.330654376613965,24,greengram,Sandy soil
12656,-0.9089503032237339,1.4177413322789671,-1.1127094486959972,-0.8975029591088394,1.0406737773897279,-0.17664440883557367,1.7134186963160507,0.27326701294802197,-0.09947407360563087,-1.8096431581691397,-1.3930088324147458,-0.6309695312726828,24,greengram,Sandy soil
12668,-0.9089503032237339,1.4177413322789671,-1.1127094486959972,-0.8975029591088394,0.27129407971252784,-0.17664440883557367,0.928627067839925,0.1553940910527735,-0.3154064377423764,-1.5109729493867121,-0.7397630809826358,-1.2140402357237514,24,greengram,Sandy soil
12671,-0.9089503032237339,1.4177413322789671,-1.1127094486959972,1.114202454544477,1.0406737773897279,-0.17664440883557367,0.3997457529973185,0.08523163754369703,-0.21175890295673877,-1.7712004580288274,-0.7514281836867808,-0.9917445296517814,24,greengram,Sandy soil
12677,-0.9089503032237339,1.4177413322789671,-1.1127094486959972,1.114202454544477,0.11741814017708838,-0.17664440883557367,1.1504160063223086,0.08691553642791461,-0.336999674156051,-1.3483307564853904,-1.2646927026691528,-0.900639732081302,24,greengram,Sandy soil
12680,-0.9089503032237339,1.4177413322789671,-1.1127094486959972,-0.8975029591088394,-0.036457799358352465,-0.17664440883557367,0.43386712814845435,0.005527090357385908,-0.40177938339707453,-1.7712004580288274,-1.2121997405005012,-1.1520889733758253,24,greengram,Sandy soil
12686,-0.9089503032237339,1.4177413322789671,-1.1127094486959972,-0.8975029591088394,1.0406737773897279,-0.17664440883557367,0.7921415672353811,0.09729957954725806,-0.11243001545383609,-1.7830289811489235,-1.1480416756277045,-1.0026771053602388,24,greengram,Sandy soil
12689,-0.9089503032237339,1.4177413322789671,-1.1127094486959972,1.114202454544477,0.5790459587834081,-0.17664440883557367,0.3997457529973185,-0.10476828655888218,-0.06492489534375176,-1.8096431581691397,-0.6931026701660566,-0.6710556422036936,24,greengram,Sandy soil
12692,-0.9089503032237339,1.4177413322789671,-1.1127094486959972,-0.8975029591088394,0.5790459587834081,-0.17664440883557367,1.1162946311711728,0.2581119229900612,-0.280857259480497,-1.7741575888088514,-1.5563202702727732,-1.1775983166955595,24,greengram,Sandy soil
12695,-0.9089503032237339,1.4177413322789671,-1.1127094486959972,1.114202454544477,0.8867978378542885,-0.17664440883557367,1.5939938832870757,0.17082983082477032,-0.09947407360563087,-1.7978146350490436,-1.3696786270064563,-0.8641978130531102,24,greengram,Sandy soil
12698,-0.9089503032237339,1.4177413322789671,-1.1127094486959972,-0.8975029591088394,0.7329218983188477,-0.17664440883557367,0.8262629423865175,0.010017487381966866,-0.09515542632289622,-1.5967297420074094,-1.1072138161631977,-0.6200369555642251,24,greengram,Sandy soil
12701,-0.9089503032237339,1.4177413322789671,-1.1127094486959972,1.114202454544477,0.11741814017708838,-0.17664440883557367,1.508690445409236,0.07905734163489818,-0.34995561600425557,-1.652915226827866,-1.3346833188940217,-0.8933513482756635,24,greengram,Sandy soil
12704,-0.9089503032237339,1.4177413322789671,-1.1127094486959972,-0.8975029591088394,0.7329218983188477,-0.17664440883557367,1.4916297578336677,0.22499524493377723,-0.4060980306798095,-1.7091007116483226,-1.043055751290401,-0.9516584187207704,24,greengram,Sandy soil
12707,-0.9089503032237339,1.4177413322789671,-1.1127094486959972,1.114202454544477,0.27129407971252784,-0.17664440883557367,1.611054570862644,0.1455713475615028,-0.4060980306798095,-1.652915226827866,-0.8214187999116495,-0.8350442778305566,24,greengram,Sandy soil
12713,-0.9089503032237339,1.4177413322789671,-1.1127094486959972,1.114202454544477,0.7329218983188477,-0.17664440883557367,0.3485636902706145,0.31452253561135873,-0.1599351355639198,-1.6351724421477216,-1.043055751290401,-1.272347306168858,24,greengram,Sandy soil
12716,-0.9089503032237339,1.4177413322789671,-1.1127094486959972,-0.8975029591088394,1.1945497169251689,-0.17664440883557367,0.655656066630838,-0.007382801088283907,-0.3672302051351951,-1.5553299110870726,-1.4746645513437595,-0.9917445296517814,24,greengram,Sandy soil
12719,-0.9089503032237339,1.4177413322789671,-1.1127094486959972,1.114202454544477,1.0406737773897279,-0.17664440883557367,0.6385953790552698,-0.05256742114812922,-0.39314208883160456,-1.6292581805876736,-1.439669243231325,-1.246837962849124,24,greengram,Sandy soil
12722,-0.9089503032237339,1.4177413322789671,-1.1127094486959972,-0.8975029591088394,0.8867978378542885,-0.17664440883557367,1.4233870075313961,0.29599964788496247,-0.384504794266135,-1.31875944868515,-0.8622466593761565,-1.312433417099869,24,greengram,Sandy soil
12725,-0.9089503032237339,1.4177413322789671,-1.1127094486959972,1.114202454544477,0.27129407971252784,-0.17664440883557367,0.33150300269504634,0.21685640032672443,-0.24630808121861789,-1.7771147195888752,-1.4338366918792524,-0.7038533693290664,24,greengram,Sandy soil
12728,-0.9089503032237339,1.4177413322789671,-1.1127094486959972,-0.8975029591088394,1.3484256564606083,-0.17664440883557367,1.4916297578336677,-0.09157774529917567,-0.3585929105697255,-1.6824865346281064,-1.043055751290401,-1.2067518519181129,24,greengram,Sandy soil
12731,-0.9089503032237339,1.4177413322789671,-1.1127094486959972,1.114202454544477,1.1945497169251689,-0.17664440883557367,0.2461995648172065,0.29964809546743465,-0.2074402556740035,-1.65587235760789,-0.7397630809826358,-0.9917445296517814,24,greengram,Sandy soil
12740,-0.9089503032237339,1.4177413322789671,-1.1127094486959972,-0.8975029591088394,-0.19033373889379193,-0.17664440883557367,1.1333553187467404,0.254182825593553,-0.4060980306798095,-1.6085582651275054,-0.5297912323080289,-1.1921750843068362,24,greengram,Sandy soil
12743,-0.9089503032237339,1.4177413322789671,-1.1127094486959972,1.114202454544477,0.11741814017708838,-0.17664440883557367,0.12677475178823092,0.30554174156219716,-0.26358267034955774,-1.4163447644259433,-0.7864234917992149,-0.7074975612318853,24,greengram,Sandy soil
12752,-0.9089503032237339,1.4177413322789671,-1.1127094486959972,-0.8975029591088394,1.0406737773897279,-0.17664440883557367,1.4404476951069645,0.2409922843338468,-0.17720972469485965,-1.741629150228587,-0.5822841944766806,-1.305145033294231,24,greengram,Sandy soil
12758,-0.9089503032237339,1.4177413322789671,-1.1127094486959972,-0.8975029591088394,1.0406737773897279,-0.17664440883557367,1.508690445409236,0.08354773865947913,-0.328362379590581,-1.395644848965775,-0.62894460529326,-0.6309695312726828,24,greengram,Sandy soil
12764,-0.9089503032237339,1.4177413322789671,-1.1127094486959972,-0.8975029591088394,0.5790459587834081,-0.17664440883557367,0.3656243778461821,0.14837784570186585,-0.22471484480494336,-1.756414804128707,-1.4221715891751077,-1.1994634681124745,24,greengram,Sandy soil
12767,-0.9089503032237339,1.4177413322789671,-1.1127094486959972,1.114202454544477,0.5790459587834081,-0.17664440883557367,0.22913887724163892,0.3125579869131048,-0.44928450350715854,-1.753457673348683,-0.5006284755476669,-0.9225048834982169,24,greengram,Sandy soil
12770,-0.9089503032237339,1.4177413322789671,-1.1127094486959972,-0.8975029591088394,0.27129407971252784,-0.17664440883557367,0.8945056926887891,0.03162752306276255,-0.3197250850251114,-1.4488732030062077,-0.7047677728702012,-1.0136096810686963,24,greengram,Sandy soil
12773,-0.9089503032237339,1.4177413322789671,-1.1127094486959972,1.114202454544477,0.4251700192479687,-0.17664440883557367,0.7068381293575413,0.13602925388426815,-0.40177938339707453,-1.3039737947850298,-0.7280979782784908,-0.7730930154826308,24,greengram,Sandy soil
12776,-0.9089503032237339,1.4177413322789671,-1.1127094486959972,-0.8975029591088394,0.4251700192479687,-0.17664440883557367,0.4168064405728861,0.14978109477204737,-0.4536031507898932,-1.5819440881072893,-1.3113531134857321,-1.1047144786391758,24,greengram,Sandy soil
12779,-0.9089503032237339,1.4177413322789671,-1.1127094486959972,1.114202454544477,0.7329218983188477,-0.17664440883557367,0.3997457529973185,-0.04583182561125794,-0.11243001545383609,-1.4163447644259433,-1.6029806810893525,-1.1739541247927403,24,greengram,Sandy soil
12782,-0.9089503032237339,1.4177413322789671,-1.1127094486959972,-0.8975029591088394,0.11741814017708838,-0.17664440883557367,0.6385953790552698,0.22864369251624908,-0.36291155785246043,-1.50210155704664,-1.1363765729235598,-0.8897071563728443,24,greengram,Sandy soil
12785,-0.9089503032237339,1.4177413322789671,-1.1127094486959972,1.114202454544477,0.5790459587834081,-0.17664440883557367,0.38268506542175035,-0.02702828807082532,-0.07788083719195636,-1.4932301647065682,-0.5414563350121739,-1.3233659928083268,24,greengram,Sandy soil
12788,-0.9089503032237339,1.4177413322789671,-1.1127094486959972,-0.8975029591088394,1.1945497169251689,-0.17664440883557367,1.5939938832870757,0.13546795425619573,-0.42337261981074903,-1.8037288966090919,-1.6088132324414248,-1.1010702867363569,24,greengram,Sandy soil
12791,-0.9089503032237339,1.4177413322789671,-1.1127094486959972,1.114202454544477,0.5790459587834081,-0.17664440883557367,1.3380835696535565,-0.03769298100420514,-0.26358267034955774,-1.570115564987193,-1.0022278918258942,-0.9261490754010362,24,greengram,Sandy soil
12794,-0.9089503032237339,1.4177413322789671,-1.1127094486959972,-0.8975029591088394,0.8867978378542885,-0.17664440883557367,0.7750808796598135,0.2915092508603819,-0.31108779045964147,-1.407473372085871,-0.6172795025891151,-1.2614147304604006,24,greengram,Sandy soil
12797,-0.9089503032237339,1.4177413322789671,-1.1127094486959972,1.114202454544477,-0.036457799358352465,-0.17664440883557367,0.8262629423865175,0.15090369402819254,-0.06060624806101711,-1.8007717658290676,-1.0605534053466183,-0.6236811474670444,24,greengram,Sandy soil
12800,-0.9089503032237339,1.4177413322789671,-1.1127094486959972,-0.8975029591088394,1.1945497169251689,-0.17664440883557367,0.5874133163285657,0.16886528212651605,-0.32404373230784606,-1.729800627108491,-0.9672325837134597,-1.2650589223632198,24,greengram,Sandy soil
12806,-0.9089503032237339,1.4177413322789671,-1.1127094486959972,-0.8975029591088394,0.5790459587834081,-0.17664440883557367,1.730479383891619,0.28645755420772817,-0.22471484480494336,-1.7327577578885147,-1.3638460756543838,-0.8241117021220992,24,greengram,Sandy soil
12809,-0.9089503032237339,1.4177413322789671,-1.1127094486959972,1.114202454544477,1.0406737773897279,-0.17664440883557367,1.7134186963160507,0.12845170890528806,-0.2722199649150271,-1.401559110525823,-1.142209124275632,-0.7986023588023649,24,greengram,Sandy soil
12812,-0.9089503032237339,1.4177413322789671,-1.1127094486959972,-0.8975029591088394,0.5790459587834081,-0.17664440883557367,0.5703526287529982,0.0911252836384592,-0.11674866273657075,-1.7593719349087313,-1.3171856648378044,-0.9115723077897594,24,greengram,Sandy soil
12815,-0.9089503032237339,1.4177413322789671,-1.1127094486959972,1.114202454544477,1.1945497169251689,-0.17664440883557367,1.2527801317757166,-0.039096230074386666,-0.3154064377423764,-1.5109729493867121,-0.6231120539411876,-0.6346137231755018,24,greengram,Sandy soil
12818,-0.9089503032237339,1.4177413322789671,-1.1127094486959972,-0.8975029591088394,0.8867978378542885,-0.17664440883557367,0.5703526287529982,0.05520210744181218,-0.4622404453553631,-1.6410867037077699,-0.6056143998849705,-1.2577705385575813,24,greengram,Sandy soil
12821,-0.9089503032237339,1.4177413322789671,-1.1127094486959972,1.114202454544477,0.27129407971252784,-0.17664440883557367,0.31444231511947873,-0.013557096997082765,-0.20312160839126883,-1.5405442571869525,-1.2121997405005012,-1.2869240737801348,24,greengram,Sandy soil
12824,-0.9089503032237339,1.4177413322789671,-1.1127094486959972,-0.8975029591088394,0.5790459587834081,-0.17664440883557367,1.2698408193512847,0.21573380107057927,-0.3888234415488696,-1.6292581805876736,-0.8739117620803011,-0.7220743288431622,24,greengram,Sandy soil
12827,-0.9089503032237339,1.4177413322789671,-1.1127094486959972,1.114202454544477,1.1945497169251689,-0.17664440883557367,0.5191705660262941,0.011701386266184765,-0.2894945540459669,-1.3690306719455585,-1.3580135243023115,-1.0063212972630582,24,greengram,Sandy soil
12830,-0.9089503032237339,1.4177413322789671,-1.1127094486959972,-0.8975029591088394,0.4251700192479687,-0.17664440883557367,0.5362312536018617,0.07344434535417206,-0.4665590926380981,-1.667700880727986,-1.0897161621069804,-0.6637672583980554,24,greengram,Sandy soil
12833,-0.9089503032237339,1.4177413322789671,-1.1127094486959972,1.114202454544477,1.1945497169251689,-0.17664440883557367,0.604474003904134,0.0846703379156243,-0.39314208883160456,-1.744586281008611,-1.2121997405005012,-1.1338680138617294,24,greengram,Sandy soil
12836,-0.9089503032237339,1.4177413322789671,-1.1127094486959972,-0.8975029591088394,0.8867978378542885,-0.17664440883557367,0.17795681451493492,-0.012995797369010026,-0.23767078665314795,-1.3483307564853904,-1.2588601513170803,-1.166665740987102,24,greengram,Sandy soil
12839,-0.9089503032237339,1.4177413322789671,-1.1127094486959972,1.114202454544477,1.0406737773897279,-0.17664440883557367,1.3210228820779881,-0.08764864790266745,-0.3067691431769068,-1.395644848965775,-0.7980885945033599,-0.9990329134574197,24,greengram,Sandy soil
12845,-0.9089503032237339,1.4177413322789671,-1.1127094486959972,1.114202454544477,0.5790459587834081,-0.17664440883557367,0.1950175020905025,0.18402037208447652,-0.4536031507898932,-1.324673710245198,-0.9555674810093149,-0.8787745806643869,24,greengram,Sandy soil
12848,-0.9089503032237339,1.4177413322789671,-1.1127094486959972,-0.8975029591088394,1.0406737773897279,-0.17664440883557367,0.16089612693936672,-0.06154821519729113,-0.3067691431769068,-1.2862310101048857,-1.142209124275632,-0.8131791264136418,24,greengram,Sandy soil
12851,-0.9089503032237339,1.4177413322789671,-1.1127094486959972,1.114202454544477,0.8867978378542885,-0.17664440883557367,1.3210228820779881,0.16549748435808026,-0.25062672850135254,-1.2951024024449578,-1.3755111783585285,-1.0536957919997074,24,greengram,Sandy soil
12854,-0.9089503032237339,1.4177413322789671,-1.1127094486959972,-0.8975029591088394,0.4251700192479687,-0.17664440883557367,0.7750808796598135,-0.07361615720085216,-0.4579217980726282,-1.652915226827866,-1.4105064864709629,-1.2359053871406662,24,greengram,Sandy soil
12857,-0.9089503032237339,1.4177413322789671,-1.1127094486959972,1.114202454544477,1.3484256564606083,-0.17664440883557367,0.1097140642126627,0.20338520925298156,-0.09947407360563087,-1.2596168330846693,-0.7222654269264187,-0.9297932673038553,24,greengram,Sandy soil
12860,-0.9089503032237339,1.4177413322789671,-1.1127094486959972,-0.8975029591088394,-0.036457799358352465,-0.17664440883557367,0.55329194117743,0.24688593042860896,-0.05196895349554718,-1.4163447644259433,-1.5154924108082664,-0.9370816511094937,24,greengram,Sandy soil
12863,-0.9089503032237339,1.4177413322789671,-1.1127094486959972,1.114202454544477,0.4251700192479687,-0.17664440883557367,1.2357194442001485,0.16970723156862486,-0.19448431382579892,-1.2359597868444772,-1.497994756752049,-1.2759914980716773,24,greengram,Sandy soil
12866,-0.9089503032237339,1.4177413322789671,-1.1127094486959972,-0.8975029591088394,0.4251700192479687,-0.17664440883557367,0.6215346914797015,0.26877661592344104,-0.2722199649150271,-1.2862310101048857,-0.9030745188406631,-1.2359053871406662,24,greengram,Sandy soil
12869,-0.9089503032237339,1.4177413322789671,-1.1127094486959972,1.114202454544477,0.5790459587834081,-0.17664440883557367,0.16089612693936672,-0.07221290813067063,-0.44064720894168863,-1.3897305874057269,-1.5329900648644836,-1.024542256777154,24,greengram,Sandy soil
12872,-0.9089503032237339,1.4177413322789671,-1.1127094486959972,-0.8975029591088394,0.27129407971252784,-0.17664440883557367,0.46798850329959013,0.19721091334418303,-0.41041667796254416,-1.321716579465174,-0.558953989068391,-0.9771677620405046,24,greengram,Sandy soil
12875,-0.9089503032237339,1.4177413322789671,-1.1127094486959972,1.114202454544477,0.4251700192479687,-0.17664440883557367,0.31444231511947873,0.21320795274425225,-0.11674866273657075,-1.5139300801667361,-1.3871762810626733,-0.9917445296517814,24,greengram,Sandy soil
12881,-0.9089503032237339,1.4177413322789671,-1.1127094486959972,1.114202454544477,1.3484256564606083,-0.17664440883557367,1.1845373814734443,0.08438968810158792,-0.336999674156051,-1.230045525284429,-0.7222654269264187,-1.2978566494885924,24,greengram,Sandy soil
12884,-0.9089503032237339,1.4177413322789671,-1.1127094486959972,-0.8975029591088394,-0.036457799358352465,-0.17664440883557367,1.0309911932933329,0.1405196509088491,-0.2074402556740035,-1.3779020642856306,-0.9905627891217494,-0.8058907426080033,24,greengram,Sandy soil
12887,-0.9089503032237339,1.4177413322789671,-1.1127094486959972,1.114202454544477,0.27129407971252784,-0.17664440883557367,0.3485636902706145,-0.014118396625155504,-0.2333521393704133,-1.2832738793248617,-0.8039211458554324,-0.6346137231755018,24,greengram,Sandy soil
12890,-0.9089503032237339,1.4177413322789671,-1.1127094486959972,-0.8975029591088394,0.7329218983188477,-0.17664440883557367,0.21207818966607073,0.040327667297888094,-0.34995561600425557,-1.744586281008611,-1.1305440215714873,-1.13022382195891,24,greengram,Sandy soil
12893,-0.9089503032237339,1.4177413322789671,-1.1127094486959972,1.114202454544477,0.11741814017708838,-0.17664440883557367,0.22913887724163892,0.05716665614006645,-0.1253859573020407,-1.6056011343474814,-1.3171856648378044,-1.0136096810686963,24,greengram,Sandy soil
12896,-0.9089503032237339,1.4177413322789671,-1.1127094486959972,-0.8975029591088394,1.1945497169251689,-0.17664440883557367,1.4404476951069645,-0.019450743091845253,-0.11243001545383609,-1.2389169176245012,-1.3580135243023115,-1.2140402357237514,24,greengram,Sandy soil
12902,-0.9089503032237339,1.4177413322789671,-1.1127094486959972,-0.8975029591088394,0.27129407971252784,-0.17664440883557367,0.9627484429910608,0.1321001564877599,-0.13834189915024528,-1.2389169176245012,-1.5446551675686284,-0.8386884697333759,24,greengram,Sandy soil
12905,-0.9089503032237339,1.4177413322789671,-1.1127094486959972,1.114202454544477,0.7329218983188477,-0.17664440883557367,0.7921415672353811,-0.10308438767466428,-0.1815283719775943,-1.5553299110870726,-1.0780510594028356,-0.8386884697333759,24,greengram,Sandy soil
12908,-0.9089503032237339,1.4177413322789671,-1.1127094486959972,-0.8975029591088394,0.7329218983188477,-0.17664440883557367,1.5769331957115076,0.15904253863524534,-0.36291155785246043,-1.7771147195888752,-1.4571668972875422,-0.8532652373446525,24,greengram,Sandy soil
12911,-0.9089503032237339,1.4177413322789671,-1.1127094486959972,1.114202454544477,0.5790459587834081,-0.17664440883557367,1.4745690702580996,0.03443402120312561,-0.47951503448630267,-1.496187295486592,-1.1772044323880666,-0.7512278640657156,24,greengram,Sandy soil
12914,-0.9089503032237339,1.4177413322789671,-1.1127094486959972,-0.8975029591088394,0.5790459587834081,-0.17664440883557367,1.6792973211649156,0.058850555024284025,-0.4622404453553631,-1.744586281008611,-0.844749005319939,-0.8204675102192799,24,greengram,Sandy soil
12917,-0.9089503032237339,1.4177413322789671,-1.1127094486959972,1.114202454544477,1.1945497169251689,-0.17664440883557367,0.8945056926887891,-0.0733355073868158,-0.34995561600425557,-1.570115564987193,-0.6697724647577666,-0.9261490754010362,24,greengram,Sandy soil
12923,-0.9089503032237339,1.4177413322789671,-1.1127094486959972,1.114202454544477,0.7329218983188477,-0.17664440883557367,0.9115663802643573,-0.031799334909442645,-0.4579217980726282,-1.4607017261263038,-0.8622466593761565,-1.1593773571814636,24,greengram,Sandy soil
12926,-0.9089503032237339,1.4177413322789671,-1.1127094486959972,-0.8975029591088394,-0.036457799358352465,-0.17664440883557367,0.1438354393637991,0.1817751735721862,-0.3585929105697255,-1.5464585187470006,-1.497994756752049,-1.254126346654762,24,greengram,Sandy soil
12929,-0.9089503032237339,1.4177413322789671,-1.1127094486959972,1.114202454544477,0.5790459587834081,-0.17664440883557367,0.6385953790552698,0.29066730141827274,-0.19016566654306424,-1.7800718503688993,-1.095548713459053,-0.762160439774173,24,greengram,Sandy soil
12935,-0.9089503032237339,1.4177413322789671,-1.1127094486959972,1.114202454544477,0.5790459587834081,-0.17664440883557367,0.22913887724163892,0.2800026084848933,-0.2203961975222087,-1.4725302492463999,-1.4921622053999766,-0.7876697830939073,24,greengram,Sandy soil
12938,-0.9089503032237339,1.4177413322789671,-1.1127094486959972,-0.8975029591088394,0.27129407971252784,-0.17664440883557367,0.3997457529973185,0.2993674456533983,-0.33268102687331597,-1.3926877181857509,-0.8330839026157945,-0.9225048834982169,24,greengram,Sandy soil
12941,-0.9089503032237339,1.4177413322789671,-1.1127094486959972,1.114202454544477,1.0406737773897279,-0.17664440883557367,1.2015980690490127,0.15174564347030134,-0.18584701926032898,-1.7475434117886348,-0.570619091772536,-1.1083586705419952,24,greengram,Sandy soil
12944,-0.9089503032237339,1.4177413322789671,-1.1127094486959972,-0.8975029591088394,1.0406737773897279,-0.17664440883557367,1.2186587566245801,0.1988948122284009,-0.36291155785246043,-1.5582870418670967,-1.4046739351188906,-0.8714861968587484,24,greengram,Sandy soil
12947,-0.9089503032237339,1.4177413322789671,-1.1127094486959972,1.114202454544477,1.0406737773897279,-0.17664440883557367,0.38268506542175035,0.2847736553235103,-0.4579217980726282,-1.2744024869847894,-0.9672325837134597,-0.9917445296517814,24,greengram,Sandy soil
12950,-0.9089503032237339,1.4177413322789671,-1.1127094486959972,-0.8975029591088394,0.8867978378542885,-0.17664440883557367,1.2698408193512847,-0.012434497740937604,-0.42337261981074903,-1.7475434117886348,-1.4280041405271802,-1.2614147304604006,24,greengram,Sandy soil
12956,-0.9089503032237339,1.4177413322789671,-1.1127094486959972,-0.8975029591088394,-0.036457799358352465,-0.17664440883557367,1.3551442572291246,0.23341473935486642,-0.3888234415488696,-1.7150149732083708,-1.5446551675686284,-0.7949581668995458,24,greengram,Sandy soil
12968,-0.9089503032237339,1.4177413322789671,-1.1127094486959972,-0.8975029591088394,0.11741814017708838,-0.17664440883557367,1.6792973211649156,0.07821539219278939,-0.0735621899092217,-1.6233439190276255,-0.9089070701927356,-1.144800589570187,24,greengram,Sandy soil
12971,-0.9089503032237339,1.4177413322789671,-1.1127094486959972,1.114202454544477,0.5790459587834081,-0.17664440883557367,0.22913887724163892,0.16718138324229817,-0.1599351355639198,-1.31875944868515,-1.171371881035994,-0.8241117021220992,24,greengram,Sandy soil
12974,-0.9089503032237339,1.4177413322789671,-1.1127094486959972,-0.8975029591088394,0.8867978378542885,-0.17664440883557367,1.3551442572291246,0.11413856838943641,-0.2203961975222087,-1.312845187125102,-1.2880229080774424,-1.166665740987102,24,greengram,Sandy soil
12977,-0.9089503032237339,1.4177413322789671,-1.1127094486959972,1.114202454544477,0.7329218983188477,-0.17664440883557367,0.5191705660262941,0.15567474086680955,-0.21175890295673877,-1.7031864500882745,-0.5297912323080289,-0.7402952883572582,24,greengram,Sandy soil
12980,-0.9089503032237339,1.4177413322789671,-1.1127094486959972,-0.8975029591088394,1.0406737773897279,-0.17664440883557367,1.5769331957115076,0.02180477957149184,-0.280857259480497,-1.584901218887313,-1.381343729710601,-0.6200369555642251,24,greengram,Sandy soil
12986,-0.9089503032237339,1.4177413322789671,-1.1127094486959972,-0.8975029591088394,0.7329218983188477,-0.17664440883557367,0.16089612693936672,0.10936752155081908,-0.25062672850135254,-1.2862310101048857,-1.5329900648644836,-1.1010702867363569,24,greengram,Sandy soil
12989,-0.9089503032237339,1.4177413322789671,-1.1127094486959972,1.114202454544477,0.11741814017708838,-0.17664440883557367,0.6215346914797015,0.05520210744181218,-0.4536031507898932,-1.3660735411655345,-0.8622466593761565,-0.8714861968587484,24,greengram,Sandy soil
12992,-0.9089503032237339,1.4177413322789671,-1.1127094486959972,-0.8975029591088394,1.0406737773897279,-0.17664440883557367,1.1162946311711728,0.30357719286394286,-0.3542742632869905,-1.6470009652678177,-0.5181261296038844,-1.1630215490842828,24,greengram,Sandy soil
12995,-0.9089503032237339,1.4177413322789671,-1.1127094486959972,1.114202454544477,1.1945497169251689,-0.17664440883557367,1.0480518808689006,0.278038059786639,-0.21175890295673877,-1.6085582651275054,-1.626310886497642,-0.9808119539433239,24,greengram,Sandy soil
12998,-0.9089503032237339,1.4177413322789671,-1.1127094486959972,-0.8975029591088394,0.27129407971252784,-0.17664440883557367,0.3656243778461821,-0.029834786211188378,-0.3585929105697255,-1.6056011343474814,-1.4221715891751077,-1.1375122057645486,24,greengram,Sandy soil
23002,-0.9089503032237339,0.17449124089587287,-0.09597647149880119,-0.8975029591088394,-0.19033373889379193,0.2693061109518564,0.604474003904134,0.554197476798364,0.7988045612032292,0.05630636402602608,0.09429176236371875,-0.7366510964544389,27,jute,Sandy soil
23004,-0.9089503032237339,0.17449124089587287,-0.09597647149880119,-0.8975029591088394,-0.9597134365709921,0.41102767444362454,1.0992339435956047,0.712203322100804,0.7815299720722894,-0.08563591341512748,-0.1798381511836843,-0.8641978130531102,27,jute,Sandy soil
23006,-0.9089503032237339,0.17449124089587287,-0.09597647149880119,-0.8975029591088394,-0.6519615575001118,0.29576080280365324,2.2423000111586577,0.5904013028090476,0.6649264954384467,-0.4138774299977956,0.012636043434705087,-0.2957038762133183,27,jute,Sandy soil
23008,-0.9089503032237339,0.17449124089587287,-0.09597647149880119,-0.8975029591088394,-0.6519615575001118,0.23529293571383217,1.9693290099495702,0.9370038231438854,0.6217400226110977,0.4111620576289102,-0.13901029171917767,-0.9261490754010362,27,jute,Sandy soil
23010,-0.9089503032237339,0.17449124089587287,-0.09597647149880119,-0.8975029591088394,0.27129407971252784,0.46582667899377495,1.2869015069268517,0.6656154529707775,0.7081129682657958,-0.05015034405483941,-0.7397630809826358,-0.7366510964544389,27,jute,Sandy soil
23012,-0.9089503032237339,0.17449124089587287,-0.09597647149880119,-0.8975029591088394,-0.19033373889379193,0.31465701126922235,1.628115258438211,0.9527202127299182,0.48354330956358127,0.4939617194695831,0.07679410830750169,-0.33943417904714857,27,jute,Sandy soil
23014,-0.9089503032237339,0.17449124089587287,-0.09597647149880119,-0.8975029591088394,0.5790459587834081,0.4790540249196731,1.1162946311711728,0.6869448388375364,0.3194347128196544,0.3135767418881172,-0.6406097079974047,-0.6710556422036936,27,jute,Sandy soil
23016,-0.9089503032237339,0.17449124089587287,-0.09597647149880119,-0.8975029591088394,-0.6519615575001118,0.20127976047580787,1.0651125684444687,0.789101371146752,0.41444495303982243,0.4052477960688621,-0.9730651350655322,-0.3831644818809785,27,jute,Sandy soil
23018,-0.9089503032237339,0.17449124089587287,-0.09597647149880119,-0.8975029591088394,-0.49808561796467227,0.4053588119039541,1.3892656323802597,0.37710744414145514,0.5483230188046049,-0.5646910997790211,-0.7280979782784908,-0.8131791264136418,27,jute,Sandy soil
23020,-0.9089503032237339,0.17449124089587287,-0.09597647149880119,-0.8975029591088394,1.0406737773897279,0.23529293571383217,0.877445005113221,1.0644188387163678,0.7037943209830612,-0.18617835993594484,-0.31981938363342205,-0.45969251184018134,27,jute,Sandy soil
23022,-0.9089503032237339,0.17449124089587287,-0.09597647149880119,-0.8975029591088394,-0.036457799358352465,0.39402108682461223,2.122875198129683,0.8034145116626034,0.16828205792393272,-0.5587768382189732,-0.43647041067487025,-0.25197357337948806,27,jute,Sandy soil
23024,-0.9089503032237339,0.17449124089587287,-0.09597647149880119,-0.8975029591088394,0.7329218983188477,0.548969996242279,1.1162946311711728,0.44362145006805975,0.03440399215915092,-0.011707643914526628,-0.7689258377429978,-0.8314000859277376,27,jute,Sandy soil
23026,-0.9089503032237339,0.17449124089587287,-0.09597647149880119,-0.8975029591088394,0.27129407971252784,0.5376322711629377,0.4509278157240219,0.5794559600616315,0.5008178986945205,-0.5587768382189732,-0.12734518901503267,-0.4086738252007129,27,jute,Sandy soil
23034,-0.9089503032237339,0.17449124089587287,-0.09597647149880119,-0.8975029591088394,0.8867978378542885,0.4960606125386854,0.8262629423865175,0.6223953816091861,0.6433332590247722,-0.2689780217766177,-0.838916453967867,-0.5617298851191183,27,jute,Sandy soil
23036,-0.9089503032237339,0.17449124089587287,-0.09597647149880119,-0.8975029591088394,1.1945497169251689,0.24852028163973056,0.6897774417819738,0.7189389176376756,0.06031587585556011,0.15093454898679526,0.012636043434705087,-0.28112710860204165,27,jute,Sandy soil
23038,-0.9089503032237339,0.17449124089587287,-0.09597647149880119,-0.8975029591088394,0.7329218983188477,0.44882009137476264,0.1950175020905025,1.096132267702471,0.04735993400735551,-0.2453209755364255,-0.1798381511836843,-0.8095349345108225,27,jute,Sandy soil
23042,-0.9089503032237339,0.17449124089587287,-0.09597647149880119,-0.8975029591088394,-0.49808561796467227,0.21072786470859242,1.935207634798435,0.5572846247527636,0.6562892008729775,-0.3517776836172906,0.035966248842994646,-0.9553026106235897,27,jute,Sandy soil
23046,-0.9089503032237339,0.17449124089587287,-0.09597647149880119,-0.8975029591088394,1.3484256564606083,0.5055087167714699,2.0034503851007064,0.4236953132714817,0.5871908443492186,0.2721769109677805,-0.2964891782251325,-0.49977862277119234,27,jute,Sandy soil
23048,-0.9089503032237339,0.17449124089587287,-0.09597647149880119,-0.8975029591088394,0.7329218983188477,0.46015781645410403,0.604474003904134,0.32434527910262945,0.794485913920494,0.21303429536729981,-0.1856707025357568,-0.7220743288431622,27,jute,Sandy soil
23050,-0.9089503032237339,0.17449124089587287,-0.09597647149880119,-0.8975029591088394,-0.6519615575001118,0.4866125083059008,0.21207818966607073,0.9280230290947235,0.030085344876416262,-0.46414865325820426,0.035966248842994646,-0.27019453289358397,27,jute,Sandy soil
23052,-0.9089503032237339,0.17449124089587287,-0.09597647149880119,-0.8975029591088394,0.8867978378542885,0.3751248783590432,2.1911179484319545,0.4239759630855184,0.2546550035786308,0.5117045041497271,-0.045689470086019014,-0.24832938147666908,27,jute,Sandy soil
23054,-0.9089503032237339,0.17449124089587287,-0.09597647149880119,-0.8975029591088394,-0.6519615575001118,0.24096179825350283,0.1950175020905025,0.7767527793291543,0.574234902501014,-0.5232912688586847,-0.4772982701393773,-0.8496210454418335,27,jute,Sandy soil
23056,-0.9089503032237339,0.17449124089587287,-0.09597647149880119,-0.8975029591088394,1.0406737773897279,0.36378715327970185,0.5191705660262941,0.31732903375172183,0.4619500731499067,-0.4316202146779396,-0.3081542809292775,-0.5799508446332141,27,jute,Sandy soil
23058,-0.9089503032237339,0.17449124089587287,-0.09597647149880119,-0.8975029591088394,-0.8058374970355525,0.3486701865072466,1.3210228820779881,1.0175503197723053,0.6476519063075076,-0.06789312873498345,0.035966248842994646,-0.7512278640657156,27,jute,Sandy soil
23062,-0.9089503032237339,0.17449124089587287,-0.09597647149880119,-0.8975029591088394,0.8867978378542885,0.3241051155020069,1.406326319955828,0.7436361012728704,0.1380515269447889,-0.5617339689989973,-1.0022278918258942,-0.4487599361317239,27,jute,Sandy soil
23064,-0.9089503032237339,0.17449124089587287,-0.09597647149880119,-0.8975029591088394,0.4251700192479687,0.5659765838612912,0.8092022548109493,1.0677866364848037,-0.02173842251640272,0.041520710125905906,0.024301146138850073,-0.30663645192177574,27,jute,Sandy soil
23068,-0.9089503032237339,0.17449124089587287,-0.09597647149880119,-0.8975029591088394,1.0406737773897279,0.21450710640170628,0.979809130566629,0.5527942277281824,0.18987529433760725,0.147977418206771,-0.7514281836867808,-0.6309695312726828,27,jute,Sandy soil
23070,-0.9089503032237339,0.17449124089587287,-0.09597647149880119,-0.8975029591088394,0.4251700192479687,0.28253345687775483,0.4509278157240219,1.0231633160530313,0.7297062046794703,0.15093454898679526,-1.0488883026424736,-0.2957038762133183,27,jute,Sandy soil
23072,-0.9089503032237339,0.17449124089587287,-0.09597647149880119,-0.8975029591088394,0.5790459587834081,0.30520890703643777,0.9456877554154931,0.8777867123822245,0.47058736771537607,0.3756764882686217,-0.9380698269530977,-0.5107111984796497,27,jute,Sandy soil
23074,-0.9089503032237339,0.17449124089587287,-0.09597647149880119,-0.8975029591088394,-0.19033373889379193,0.4960606125386854,1.7646007590427555,0.6052757429529717,0.24169906173042624,-0.18617835993594484,-0.21483345929611883,-0.6419021069811403,27,jute,Sandy soil
23078,-0.9089503032237339,0.17449124089587287,-0.09597647149880119,-0.8975029591088394,0.11741814017708838,0.3259947363485637,2.037571760251843,1.1000613650989788,0.3496652437987988,-0.22462106007625718,-1.0313906485862563,-0.6819882179121513,27,jute,Sandy soil
23080,-0.9089503032237339,0.17449124089587287,-0.09597647149880119,-0.8975029591088394,-0.9597134365709921,0.4280342620626368,1.935207634798435,0.3757041950712736,0.7426621465276756,-0.061978867174935295,-0.45396806473108775,-0.6856324098149705,27,jute,Sandy soil
23084,-0.9089503032237339,0.17449124089587287,-0.09597647149880119,-0.8975029591088394,0.27129407971252784,0.23151369402071828,1.628115258438211,1.0548767450391339,-0.008782480668198128,-0.5203341380786606,-0.4889633728435223,-0.7111417531347046,27,jute,Sandy soil
23086,-0.9089503032237339,0.17449124089587287,-0.09597647149880119,-0.8975029591088394,1.0406737773897279,0.4299238829091936,1.9010862596472986,1.1312134944570091,0.47058736771537607,0.5205758964897995,-0.3664797944500016,-0.6601230664952361,27,jute,Sandy soil
23088,-0.9089503032237339,0.17449124089587287,-0.09597647149880119,-0.8975029591088394,0.11741814017708838,0.22206558978793375,1.0480518808689006,0.6838576908831373,0.6476519063075076,-0.32516350659707455,-0.10401498360674312,-0.6674114503008746,27,jute,Sandy soil
23090,-0.9089503032237339,0.17449124089587287,-0.09597647149880119,-0.8975029591088394,0.7329218983188477,0.40346919105739676,1.0480518808689006,1.1567526275343127,0.7772113247895547,-0.3872632529775791,-0.12734518901503267,-0.8350442778305566,27,jute,Sandy soil
23096,-0.9089503032237339,0.17449124089587287,-0.09597647149880119,-0.8975029591088394,-0.49808561796467227,0.28253345687775483,0.31444231511947873,1.0952903182603615,0.37557712749520866,0.17459159522698744,-0.9905627891217494,-0.5252879660909264,27,jute,Sandy soil
23098,-0.9089503032237339,0.17449124089587287,-0.09597647149880119,-0.8975029591088394,1.0406737773897279,0.23340331486727536,1.8499041969205952,0.42706311103991745,0.7426621465276756,0.08883480260629029,0.024301146138850073,-0.8532652373446525,27,jute,Sandy soil
23100,-0.9089503032237339,0.17449124089587287,-0.09597647149880119,-0.8975029591088394,-0.3442096784292314,0.2598580067190719,1.30396219450242,0.5822624582019945,0.626058669893833,-0.08267878263510363,-0.43647041067487025,-0.59817180414731,27,jute,Sandy soil
23102,-0.9089503032237339,0.17449124089587287,-0.09597647149880119,-0.8975029591088394,0.8867978378542885,0.3978003285177264,1.0651125684444687,0.8205341503188185,0.7815299720722894,0.4703046732293909,-0.9672325837134597,-0.8058907426080033,27,jute,Sandy soil
23106,-0.9089503032237339,0.17449124089587287,-0.09597647149880119,-0.8975029591088394,-0.036457799358352465,0.29387118195709644,0.9627484429910608,0.9022032462033832,0.6433332590247722,-0.13590713667553617,-0.5239586809559564,-0.28112710860204165,27,jute,Sandy soil
23108,-0.9089503032237339,0.17449124089587287,-0.09597647149880119,-0.8975029591088394,0.8867978378542885,0.20694862301547853,-0.0779534991185845,0.712203322100804,0.07759046498649996,0.17163446444696318,-0.8972419674885911,-0.9225048834982169,27,jute,Sandy soil
23110,-0.9089503032237339,0.17449124089587287,-0.09597647149880119,-0.8975029591088394,-0.8058374970355525,0.49039174999901497,0.07559268906152691,0.9142711882069442,0.626058669893833,0.40820492684888593,-0.8622466593761565,-0.7986023588023649,27,jute,Sandy soil
23112,-0.9089503032237339,0.17449124089587287,-0.09597647149880119,-0.8975029591088394,1.3484256564606083,0.36567677412625865,1.6622366335893475,0.9636655554773345,0.574234902501014,0.298791087987997,-0.7397630809826358,-0.45969251184018134,27,jute,Sandy soil
23116,-0.9089503032237339,0.17449124089587287,-0.09597647149880119,-0.8975029591088394,-0.49808561796467227,0.5451907545491649,0.928627067839925,1.0040791286985622,-0.04333165893007724,0.44073336542915054,-0.5414563350121739,-0.6200369555642251,27,jute,Sandy soil
23120,-0.9089503032237339,0.17449124089587287,-0.09597647149880119,-0.8975029591088394,-0.3442096784292314,0.4790540249196731,1.1674766938978767,0.6111693890477339,0.12509558509658367,0.0770062794861944,-0.22649856200026383,-0.8386884697333759,27,jute,Sandy soil
23122,-0.9089503032237339,0.17449124089587287,-0.09597647149880119,-0.8975029591088394,0.7329218983188477,0.5376322711629377,0.502109878450726,0.5163097519034626,0.7858486193550246,0.48804745790953497,-0.9672325837134597,-0.8641978130531102,27,jute,Sandy soil
23126,-0.9089503032237339,0.17449124089587287,-0.09597647149880119,-0.8975029591088394,1.1945497169251689,0.524404925237039,0.09265337663709511,0.9490717651474464,0.5396857242391349,0.020820794665737583,-0.49479592419559437,-0.8058907426080033,27,jute,Sandy soil
23132,-0.9089503032237339,0.17449124089587287,-0.09597647149880119,-0.8975029591088394,-0.6519615575001118,0.3770144992056005,1.611054570862644,0.5440940834930571,0.1941939416203425,0.12432037196657879,0.035966248842994646,-0.3321457952415101,27,jute,Sandy soil
23134,-0.9089503032237339,0.17449124089587287,-0.09597647149880119,-0.8975029591088394,0.4251700192479687,0.5754246880940758,1.8840255720717305,0.5440940834930571,0.3539838910815341,-0.5972195383592855,-0.7980885945033599,-0.59817180414731,27,jute,Sandy soil
23136,-0.9089503032237339,0.17449124089587287,-0.09597647149880119,-0.8975029591088394,-0.49808561796467227,0.548969996242279,-0.09501418669415271,1.0254085145653218,0.48354330956358127,-0.532162661198757,-0.6406097079974047,-0.7220743288431622,27,jute,Sandy soil
23138,-0.9089503032237339,0.17449124089587287,-0.09597647149880119,-0.8975029591088394,1.1945497169251689,0.4431512288350923,1.7646007590427555,0.8213760997609272,0.09918370140017449,0.008992271545641278,-0.7164328755743462,-0.7803813992882689,27,jute,Sandy soil
23142,-0.9089503032237339,0.17449124089587287,-0.09597647149880119,-0.8975029591088394,0.11741814017708838,0.25040990248628736,0.33150300269504634,1.0641381889023318,0.06463452313829537,0.04447784090592977,-0.01069416197358447,-0.3977412494922552,27,jute,Sandy soil
23146,-0.9089503032237339,0.17449124089587287,-0.09597647149880119,-0.8975029591088394,0.27129407971252784,0.2900919402639826,0.12677475178823092,0.881715809778733,0.29352282912324523,-0.1802640983758967,-0.6056143998849705,-0.4961344308683731,27,jute,Sandy soil
23148,-0.9089503032237339,0.17449124089587287,-0.09597647149880119,-0.8975029591088394,-0.6519615575001118,0.45070971222131945,0.4509278157240219,0.8048177607327849,0.7815299720722894,0.27809117252782867,-0.6931026701660566,-0.9115723077897594,27,jute,Sandy soil
23150,-0.9089503032237339,0.17449124089587287,-0.09597647149880119,-0.8975029591088394,-0.3442096784292314,0.20883824386203562,0.6215346914797015,0.6804898931147015,-0.03901301164734258,-0.3902203837576034,-0.3781448971541462,-0.24468518957384985,27,jute,Sandy soil
23152,-0.9089503032237339,0.17449124089587287,-0.09597647149880119,-0.8975029591088394,0.7329218983188477,0.46771629984033175,1.2698408193512847,0.6395150202654012,-0.03037571708187265,0.13023463352662695,-0.045689470086019014,-0.6601230664952361,27,jute,Sandy soil
23158,-0.9089503032237339,0.17449124089587287,-0.09597647149880119,-0.8975029591088394,-0.036457799358352465,0.5168464418508112,1.3551442572291246,0.8471958826522675,0.05599722857282544,0.041520710125905906,0.0009709407305605154,-0.3175690276302334,27,jute,Sandy soil
23160,-0.9089503032237339,0.17449124089587287,-0.09597647149880119,-0.8975029591088394,-0.9597134365709921,0.2636372484121858,0.502109878450726,0.6487764641285991,0.012810755745476398,0.08883480260629029,-0.5822841944766806,-0.5362205417993842,27,jute,Sandy soil
23162,-0.9089503032237339,0.17449124089587287,-0.09597647149880119,-0.8975029591088394,1.1945497169251689,0.23340331486727536,0.502109878450726,0.404611125917013,0.7772113247895547,-0.5706053613390693,-0.33731703768963955,-0.9662351863320471,27,jute,Sandy soil
23164,-0.9089503032237339,0.17449124089587287,-0.09597647149880119,-0.8975029591088394,-0.3442096784292314,0.2277344523276047,1.7475400714671872,0.40180462777664994,0.12509558509658367,0.47326180400941475,-0.7455956323347083,-0.5690182689247567,27,jute,Sandy soil
23166,-0.9089503032237339,0.17449124089587287,-0.09597647149880119,-0.8975029591088394,0.27129407971252784,0.2579683858725151,0.7238988169331095,1.089957971793672,0.7081129682657958,-0.20983540617613702,-0.9963953404738217,-0.4123180171035321,27,jute,Sandy soil
23168,-0.9089503032237339,0.17449124089587287,-0.09597647149880119,-0.8975029591088394,-0.036457799358352465,0.5187360626973686,0.2461995648172065,0.5429714842369117,0.07759046498649996,-0.2630637602165696,-0.6231120539411876,-0.48884604706273466,27,jute,Sandy soil
23170,-0.9089503032237339,0.17449124089587287,-0.09597647149880119,-0.8975029591088394,0.27129407971252784,0.5565284796285067,1.406326319955828,0.5982594976020641,-0.008782480668198128,0.3579337035884777,-0.1740055998316118,-0.4779134713542772,27,jute,Sandy soil
23172,-0.9089503032237339,0.17449124089587287,-0.09597647149880119,-0.8975029591088394,-0.8058374970355525,0.21450710640170628,1.2357194442001485,1.1418781873903887,0.617421375328363,0.25443412628763645,0.0009709407305605154,-0.6018159960501293,27,jute,Sandy soil
23174,-0.9089503032237339,0.17449124089587287,-0.09597647149880119,-0.8975029591088394,-0.49808561796467227,0.24663066079317375,1.6451759460137791,0.559529823265054,0.5871908443492186,0.36089083436850156,-0.8739117620803011,-0.8386884697333759,27,jute,Sandy soil
23176,-0.9089503032237339,0.17449124089587287,-0.09597647149880119,-0.8975029591088394,-0.9597134365709921,0.36000791158658824,2.05463244782741,1.1062356610077777,0.6649264954384467,-0.10633582887529582,-0.7572607350388528,-0.6491904907867787,27,jute,Sandy soil
23180,-0.9089503032237339,0.17449124089587287,-0.09597647149880119,-0.8975029591088394,-0.9597134365709921,0.25229952333284444,0.5703526287529982,1.0197955182845957,0.03440399215915092,0.5176187657097753,-0.02235926467772946,-0.9079281158869403,27,jute,Sandy soil
23182,-0.9089503032237339,0.17449124089587287,-0.09597647149880119,-0.8975029591088394,1.0406737773897279,0.4469304705282059,0.9115663802643573,0.9704011510142054,0.0862277595519699,0.01490653310568943,-0.7339305296305633,-0.8641978130531102,27,jute,Sandy soil
23184,-0.9089503032237339,0.17449124089587287,-0.09597647149880119,-0.8975029591088394,-0.8058374970355525,0.2560787650259583,0.5703526287529982,0.6176243347705694,0.16396341064119807,0.27513404174780437,-0.2964891782251325,-0.9079281158869403,27,jute,Sandy soil
23186,-0.9089503032237339,0.17449124089587287,-0.09597647149880119,-0.8975029591088394,-0.8058374970355525,0.278754215184641,1.1674766938978767,0.8803125607085515,0.1380515269447889,0.0977061949463623,-0.4714657187873048,-0.8459768535390143,27,jute,Sandy soil
23188,-0.9089503032237339,0.17449124089587287,-0.09597647149880119,-0.8975029591088394,0.11741814017708838,0.5357426503163804,1.3380835696535565,1.1009033145410876,0.2503363562958962,-0.5913052767992376,-0.3664797944500016,-0.3722319061725211,27,jute,Sandy soil
23190,-0.9089503032237339,0.17449124089587287,-0.09597647149880119,-0.8975029591088394,0.5790459587834081,0.3184362529623362,1.4575083826825315,0.9482298157053376,0.6217400226110977,-0.12407861355544027,-0.838916453967867,-0.8277558940249184,27,jute,Sandy soil
23192,-0.9089503032237339,0.17449124089587287,-0.09597647149880119,-0.8975029591088394,1.1945497169251689,0.5792039297871894,0.877445005113221,0.47168643147169037,0.12941423237931896,-0.07085025951500731,-0.7514281836867808,-0.6491904907867787,27,jute,Sandy soil
23194,-0.9089503032237339,0.17449124089587287,-0.09597647149880119,-0.8975029591088394,-0.49808561796467227,0.40913805359706773,1.4916297578336677,0.5513909786580008,0.6908383791348566,0.3579337035884777,-0.06901967549430858,-0.4669808956458198,27,jute,Sandy soil
23196,-0.9089503032237339,0.17449124089587287,-0.09597647149880119,-0.8975029591088394,0.11741814017708838,0.5338530294698235,-0.0608928115430169,1.030179561403939,0.025766697593680988,-0.360649075957363,-0.2731589728168429,-0.8168233183164607,27,jute,Sandy soil
23198,-0.9089503032237339,0.17449124089587287,-0.09597647149880119,-0.8975029591088394,-0.036457799358352465,0.5395218920094944,2.0034503851007064,0.4060143749871945,0.479224662280846,-0.43753447623798775,-0.827251351263722,-0.6091043798557677,27,jute,Sandy soil
23200,-0.9089503032237339,0.17449124089587287,-0.09597647149880119,-0.8975029591088394,-0.3442096784292314,0.280643836031198,1.3892656323802597,0.807343609059112,0.49649925141178586,-0.3813489914175309,-0.29065662687306,-0.860553621150291,27,jute,Sandy soil
23202,-0.9089503032237339,0.17449124089587287,-0.09597647149880119,-0.8975029591088394,0.27129407971252784,0.42614464121608,1.1333553187467404,0.34258751701498935,0.02144805031094633,0.026735056225785737,-0.49479592419559437,-0.944370034915132,27,jute,Sandy soil
23204,-0.9089503032237339,0.17449124089587287,-0.09597647149880119,-0.8975029591088394,-0.6519615575001118,0.41669653698329545,0.09265337663709511,1.0669446870426949,0.7599367356586147,-0.532162661198757,-0.08651732955052564,-0.4086738252007129,27,jute,Sandy soil
23208,-0.9089503032237339,0.17449124089587287,-0.09597647149880119,-0.8975029591088394,-0.036457799358352465,0.31087776957610846,0.0073499387592553065,0.6807705429287383,0.28488553455777527,-0.40204890687769923,0.10595686506786374,-0.6746998341065128,27,jute,Sandy soil
23210,-0.9089503032237339,0.17449124089587287,-0.09597647149880119,-0.8975029591088394,-0.49808561796467227,0.47149554153344586,0.43386712814845435,0.6162210857003879,0.33670930195059423,0.16276307210689114,-0.9439023783051701,-0.5908834203416719,27,jute,Sandy soil
23212,-0.9089503032237339,0.17449124089587287,-0.09597647149880119,-0.8975029591088394,0.27129407971252784,0.46015781645410403,1.832843509345027,0.9125872893227267,0.4662687204326414,-0.6179194538194539,-0.5647865404204635,-0.7402952883572582,27,jute,Sandy soil
23214,-0.9089503032237339,0.17449124089587287,-0.09597647149880119,-0.8975029591088394,0.5790459587834081,0.37134563666592957,1.7646007590427555,0.7195002172657483,0.7642553829413501,-0.2837636756767379,-0.7747583890950703,-0.5835950365360334,27,jute,Sandy soil
23216,-0.9089503032237339,0.17449124089587287,-0.09597647149880119,-0.8975029591088394,-0.036457799358352465,0.40346919105739676,1.3551442572291246,0.7708591332343921,0.6649264954384467,-0.5883481460192136,-0.5239586809559564,-0.6455462988839594,27,jute,Sandy soil
23220,-0.9089503032237339,0.17449124089587287,-0.09597647149880119,-0.8975029591088394,-0.6519615575001118,0.2239552106344908,-0.0608928115430169,1.0178309695863414,0.3539838910815341,0.147977418206771,-0.03402436738187403,-0.4560483199373621,27,jute,Sandy soil
23222,-0.9089503032237339,0.17449124089587287,-0.09597647149880119,-0.8975029591088394,0.7329218983188477,0.2863126985708687,1.1162946311711728,0.502557911015684,0.1337328796620536,0.387505011388718,-0.926404724248953,-0.5653740770219374,27,jute,Sandy soil
23226,-0.9089503032237339,0.17449124089587287,-0.09597647149880119,-0.8975029591088394,-0.19033373889379193,0.36567677412625865,0.07559268906152691,0.8999580476910929,0.11213964324837908,-0.23053532163630536,-0.7106003242222737,-0.8131791264136418,27,jute,Sandy soil
23228,-0.9089503032237339,0.17449124089587287,-0.09597647149880119,-0.8975029591088394,-0.6519615575001118,0.5017294750783563,0.6385953790552698,0.3627943036256035,0.7512994410931448,-0.056064605614887145,-0.5064610268997394,-0.5580856932162992,27,jute,Sandy soil
23232,-0.9089503032237339,0.17449124089587287,-0.09597647149880119,-0.8975029591088394,0.8867978378542885,0.5395218920094944,1.4916297578336677,0.5584072240089085,0.24169906173042624,-0.4050060376577235,-0.302321729577205,-0.4779134713542772,27,jute,Sandy soil
23234,-0.9089503032237339,0.17449124089587287,-0.09597647149880119,-0.8975029591088394,-0.49808561796467227,0.46204743730066133,0.7580201920842453,1.0952903182603615,-0.02605706979913799,-0.2748922833366659,-0.01069416197358447,-0.6528346826895977,27,jute,Sandy soil
23236,-0.9089503032237339,0.17449124089587287,-0.09597647149880119,-0.8975029591088394,0.11741814017708838,0.2579683858725151,0.31444231511947873,0.8348472908346698,0.06031587585556011,0.3579337035884777,-0.8739117620803011,-0.40502963329789365,27,jute,Sandy soil
23238,-0.9089503032237339,0.17449124089587287,-0.09597647149880119,-0.8975029591088394,1.1945497169251689,0.45070971222131945,0.0073499387592553065,0.5519522782860736,0.531048429673665,0.18937724912710763,-0.15650794577539473,-0.8314000859277376,27,jute,Sandy soil
23240,-0.9089503032237339,0.17449124089587287,-0.09597647149880119,-0.8975029591088394,-0.49808561796467227,0.2447410399466167,1.6451759460137791,1.0057630275827802,0.04735993400735551,0.10657758728643475,-0.7514281836867808,-0.6674114503008746,27,jute,Sandy soil
23244,-0.9089503032237339,0.17449124089587287,-0.09597647149880119,-0.8975029591088394,0.5790459587834081,0.3902418451314986,1.2527801317757166,0.3361325712921544,0.8031232084859639,-0.6090480614793816,-0.16234049712746723,-0.7658046316769923,27,jute,Sandy soil
23246,-0.9089503032237339,0.17449124089587287,-0.09597647149880119,-0.8975029591088394,0.7329218983188477,0.3826833617452709,1.9181469472228667,0.812675955525802,0.03440399215915092,-0.4316202146779396,-0.7397630809826358,-0.7512278640657156,27,jute,Sandy soil
23248,-0.9089503032237339,0.17449124089587287,-0.09597647149880119,-0.8975029591088394,1.3484256564606083,0.3297739780416775,1.5939938832870757,0.6013466455564632,0.1941939416203425,-0.33403489893714655,-0.016526713325656965,-0.4487599361317239,27,jute,Sandy soil
23250,-0.9089503032237339,0.17449124089587287,-0.09597647149880119,-0.8975029591088394,1.0406737773897279,0.5225153043904822,1.0480518808689006,1.125881147990319,0.2503363562958962,-0.03240755937469495,-0.12734518901503267,-0.5107111984796497,27,jute,Sandy soil
23252,-0.9089503032237339,0.17449124089587287,-0.09597647149880119,-0.8975029591088394,0.4251700192479687,0.22962407317416147,0.28032093996834234,0.5940497503915194,0.07759046498649996,0.30766248032806903,-0.7572607350388528,-0.5435089256050223,27,jute,Sandy soil
23254,-0.9089503032237339,0.17449124089587287,-0.09597647149880119,-0.8975029591088394,0.4251700192479687,0.4544889539144336,0.041471313910391105,1.113813205986758,0.677882437286652,-0.34290629127721856,-0.43647041067487025,-0.3977412494922552,27,jute,Sandy soil
23256,-0.9089503032237339,0.17449124089587287,-0.09597647149880119,-0.8975029591088394,-0.19033373889379193,0.41669653698329545,1.5428118205603711,0.571597765268615,-0.03469436436460731,0.5146616349297514,-0.44230296202694275,-0.3576551385612444,27,jute,Sandy soil
23260,-0.9089503032237339,0.17449124089587287,-0.09597647149880119,-0.8975029591088394,1.0406737773897279,0.3770144992056005,1.9522683223740032,0.9389683718421397,0.16396341064119807,0.25443412628763645,-0.9730651350655322,-0.8095349345108225,27,jute,Sandy soil
23262,-0.9089503032237339,0.17449124089587287,-0.09597647149880119,-0.8975029591088394,-0.19033373889379193,0.2598580067190719,1.1333553187467404,0.869647867775172,0.3712584802124734,-0.21870679851620903,-0.22066601064819133,-0.594527612244491,27,jute,Sandy soil
23264,-0.9089503032237339,0.17449124089587287,-0.09597647149880119,-0.8975029591088394,-0.49808561796467227,0.41102767444362454,1.8499041969205952,0.667299351854995,0.18123799977213792,0.16276307210689114,-0.045689470086019014,-0.26655034099076497,27,jute,Sandy soil
23266,-0.9089503032237339,0.17449124089587287,-0.09597647149880119,-0.8975029591088394,0.7329218983188477,0.30898814872955166,0.9968698181421971,0.4646701861207827,0.2719295927095707,0.11840611040653064,-0.1856707025357568,-0.49977862277119234,27,jute,Sandy soil
23270,-0.9089503032237339,0.17449124089587287,-0.09597647149880119,-0.8975029591088394,1.0406737773897279,0.22584483148104761,0.28032093996834234,0.8598251242839012,0.32375336010238964,-0.3192492450370264,-0.4014751025624361,-0.6236811474670444,27,jute,Sandy soil
23272,-0.9089503032237339,0.17449124089587287,-0.09597647149880119,-0.8975029591088394,1.1945497169251689,0.3996899493642832,1.8840255720717305,1.1362651911096626,0.1985125889030772,-0.12407861355544027,0.04179880019506714,-0.36129933046406343,27,jute,Sandy soil
23274,-0.9089503032237339,0.17449124089587287,-0.09597647149880119,-0.8975029591088394,1.1945497169251689,0.4299238829091936,1.9181469472228667,0.7015386291674245,0.043041286724620854,0.39637640372879,-0.43647041067487025,-0.5325763498965649,27,jute,Sandy soil
23278,-0.9089503032237339,0.17449124089587287,-0.09597647149880119,-0.8975029591088394,-0.8058374970355525,0.35811829074003143,0.6727167542064055,0.7427941518307616,0.3669398329297387,-0.5972195383592855,-0.302321729577205,-0.4524041280345429,27,jute,Sandy soil
23282,-0.9089503032237339,0.17449124089587287,-0.09597647149880119,-0.8975029591088394,0.4251700192479687,0.46204743730066133,0.3656243778461821,0.4711251318436176,0.5785535497837486,-0.2867208064567622,-0.3839774485062187,-0.904283923984121,27,jute,Sandy soil
23284,-0.9089503032237339,0.17449124089587287,-0.09597647149880119,-0.8975029591088394,1.0406737773897279,0.4318135037557504,1.5257511329848041,0.9280230290947235,0.4533127785844368,0.36089083436850156,-0.6639399134056946,-0.8714861968587484,27,jute,Sandy soil
23286,-0.9089503032237339,0.17449124089587287,-0.09597647149880119,-0.8975029591088394,-0.3442096784292314,0.48283326661278725,2.037571760251843,1.0498250483864804,0.5958281389146886,-0.552862576658925,-0.7864234917992149,-0.3795202899781593,27,jute,Sandy soil
23288,-0.9089503032237339,0.17449124089587287,-0.09597647149880119,-0.8975029591088394,1.0406737773897279,0.4790540249196731,2.13993588570525,0.8741382647997527,0.24169906173042624,0.3638479651485254,-0.9322372756010252,-0.4013854413950744,27,jute,Sandy soil
23290,-0.9089503032237339,0.17449124089587287,-0.09597647149880119,-0.8975029591088394,-0.036457799358352465,0.21072786470859242,1.8840255720717305,1.0082888759091067,0.08190911226923463,-0.37839186063750707,-0.20900090794404635,-0.7512278640657156,27,jute,Sandy soil
23292,-0.9089503032237339,0.17449124089587287,-0.09597647149880119,-0.8975029591088394,-0.49808561796467227,0.49039174999901497,1.9522683223740032,0.8528088789329936,0.04735993400735551,0.36976222670857356,-0.7514281836867808,-0.2556177652823073,27,jute,Sandy soil
23294,-0.9089503032237339,0.17449124089587287,-0.09597647149880119,-0.8975029591088394,-0.9597134365709921,0.25418914417940125,1.0651125684444687,0.5550394262404726,0.6433332590247722,0.047434971685954064,-0.7222654269264187,-0.2556177652823073,27,jute,Sandy soil
23296,-0.9089503032237339,0.17449124089587287,-0.09597647149880119,-0.8975029591088394,-0.9597134365709921,0.46393705814721814,1.2357194442001485,0.7237099644762929,0.14237017422752354,-0.6060909306993578,-0.5531214377163185,-0.9480142268179512,27,jute,Sandy soil
23298,-0.9089503032237339,0.17449124089587287,-0.09597647149880119,-0.8975029591088394,-0.6519615575001118,0.35811829074003143,0.33150300269504634,0.6799285934866288,0.36262118564700346,-0.46414865325820426,-0.9963953404738217,-0.7730930154826308,27,jute,Sandy soil
23300,-0.9089503032237339,0.17449124089587287,-0.09597647149880119,-0.8975029591088394,0.5790459587834081,0.320325873808893,0.2973816275439105,0.8342859912065971,0.3583025383642688,0.27513404174780437,-0.6172795025891151,-0.9152164996925787,27,jute,Sandy soil
23302,-0.9089503032237339,0.17449124089587287,-0.09597647149880119,-0.8975029591088394,-0.9597134365709921,0.4374823662954213,1.082173256020037,1.105393711565669,0.6649264954384467,-0.10633582887529582,-0.7630932863909253,-0.39045286568661697,27,jute,Sandy soil
23304,-0.9089503032237339,0.17449124089587287,-0.09597647149880119,-0.8975029591088394,0.8867978378542885,0.5735350672475185,0.05853200148595931,0.7203421667078571,0.051678581290090786,-0.3369920297171704,-1.0547208539945458,-0.47426927945145797,27,jute,Sandy soil
23306,-0.9089503032237339,0.17449124089587287,-0.09597647149880119,-0.8975029591088394,0.4251700192479687,0.4450408496816491,0.9627484429910608,0.7444780507149792,0.4533127785844368,0.09179193338631458,-0.2498287674085534,-0.8095349345108225,27,jute,Sandy soil
23308,-0.9089503032237339,0.17449124089587287,-0.09597647149880119,-0.8975029591088394,0.4251700192479687,0.49039174999901497,0.0073499387592553065,1.046176600804008,0.1985125889030772,-0.2955921987968342,-0.11568008631088769,-0.7184301369403431,27,jute,Sandy soil
23310,-0.9089503032237339,0.17449124089587287,-0.09597647149880119,-0.8975029591088394,0.5790459587834081,0.2768645943380842,1.9010862596472986,0.9448620179369018,0.30216012368871514,0.2928768264279488,-0.3489821403937841,-0.35036675475560597,27,jute,Sandy soil
23320,-0.9089503032237339,0.17449124089587287,-0.09597647149880119,-0.8975029591088394,0.4251700192479687,0.46204743730066133,1.3892656323802597,0.9462652670070834,0.09486505411743984,-0.15660705213570447,-0.558953989068391,-0.3430783709499675,27,jute,Sandy soil
23322,-0.9089503032237339,0.17449124089587287,-0.09597647149880119,-0.8975029591088394,-0.19033373889379193,0.49795023338524214,1.8669648844961635,0.8295149443679803,0.7383434992449402,0.3993335345088139,-0.14484284307124975,-0.36494352236688266,27,jute,Sandy soil
23324,-0.9089503032237339,0.17449124089587287,-0.09597647149880119,-0.8975029591088394,1.1945497169251689,0.3467805656606898,1.4233870075313961,0.5390423868404037,0.4446754840189669,-0.41979169155784374,0.035966248842994646,-0.41960640090917034,27,jute,Sandy soil
23326,-0.9089503032237339,0.17449124089587287,-0.09597647149880119,-0.8975029591088394,0.11741814017708838,0.3241051155020069,1.5257511329848041,0.607240291651226,0.267610945426836,-0.46119152247817996,-0.9439023783051701,-0.6346137231755018,27,jute,Sandy soil
23328,-0.9089503032237339,0.17449124089587287,-0.09597647149880119,-0.8975029591088394,0.8867978378542885,0.4582681956075472,1.611054570862644,0.788820721332716,0.5353670769563996,-0.0738073902950316,-0.6697724647577666,-0.3321457952415101,27,jute,Sandy soil
23330,-0.9089503032237339,0.17449124089587287,-0.09597647149880119,-0.8975029591088394,-0.6519615575001118,0.2900919402639826,0.05853200148595931,0.7571072923466129,0.4576314258671715,0.4910045886895592,-0.43647041067487025,-0.904283923984121,27,jute,Sandy soil
23332,-0.9089503032237339,0.17449124089587287,-0.09597647149880119,-0.8975029591088394,1.1945497169251689,0.3278843571951207,-0.11207487426972029,0.3712137980466927,0.5569603133700741,-0.45823439169815605,-1.0372231999383288,-0.46333670374300057,27,jute,Sandy soil
23334,-0.9089503032237339,0.17449124089587287,-0.09597647149880119,-0.8975029591088394,-0.8058374970355525,0.21450710640170628,1.3551442572291246,0.48319307384717863,-0.02173842251640272,-0.2867208064567622,-0.10401498360674312,-0.7548720559685348,27,jute,Sandy soil
23338,-0.9089503032237339,0.17449124089587287,-0.09597647149880119,-0.8975029591088394,-0.8058374970355525,0.484722887459344,1.8840255720717305,0.478702676822598,0.29784147640597985,-0.4789343071583244,-0.4889633728435223,-0.59817180414731,27,jute,Sandy soil
23340,-0.9089503032237339,0.17449124089587287,-0.09597647149880119,-0.8975029591088394,-0.036457799358352465,0.3845729825918277,2.1911179484319545,0.8915385532700038,0.5180924878254604,-0.35769194517733877,-0.8622466593761565,-0.8131791264136418,27,jute,Sandy soil
23342,-0.9089503032237339,0.17449124089587287,-0.09597647149880119,-0.8975029591088394,0.7329218983188477,0.280643836031198,0.6897774417819738,0.5906819526230837,0.522411135108195,0.05926349480604995,0.08262665965957418,-0.7330069045516197,27,jute,Sandy soil
23344,-0.9089503032237339,0.17449124089587287,-0.09597647149880119,-0.8975029591088394,-0.9597134365709921,0.4525993330678768,1.3210228820779881,0.9254971807683965,0.11645829053111435,0.10657758728643475,-0.05152202143809151,-0.8314000859277376,27,jute,Sandy soil
23346,-0.9089503032237339,0.17449124089587287,-0.09597647149880119,-0.8975029591088394,0.11741814017708838,0.23718255656038922,0.928627067839925,1.0355119078706285,0.4619500731499067,-0.12407861355544027,0.07096155695542919,-0.900639732081302,27,jute,Sandy soil
23350,-0.9089503032237339,0.17449124089587287,-0.09597647149880119,-0.8975029591088394,1.3484256564606083,0.5659765838612912,1.3722049448046916,0.4888060701279048,0.025766697593680988,0.3638479651485254,-0.856414108024084,-0.5580856932162992,27,jute,Sandy soil
23352,-0.9089503032237339,0.17449124089587287,-0.09597647149880119,-0.8975029591088394,0.4251700192479687,0.3996899493642832,1.9522683223740032,0.5401649860965486,0.10782099596564443,-0.21574966773618517,-0.3781448971541462,-0.8277558940249184,27,jute,Sandy soil
23356,-0.9089503032237339,0.17449124089587287,-0.09597647149880119,-0.8975029591088394,0.7329218983188477,0.46393705814721814,-0.0438321239674487,0.3790719928397091,0.7599367356586147,0.4673475424493666,-0.9497349296572426,-0.6163927636614059,27,jute,Sandy soil
23360,-0.9089503032237339,0.17449124089587287,-0.09597647149880119,-0.8975029591088394,0.5790459587834081,0.2560787650259583,0.877445005113221,1.0680672862988403,0.4317195421707623,-0.20983540617613702,-0.5939492971808256,-0.5107111984796497,27,jute,Sandy soil
23362,-0.9089503032237339,0.17449124089587287,-0.09597647149880119,-0.8975029591088394,0.27129407971252784,0.4374823662954213,0.5191705660262941,0.5048031095279744,0.11645829053111435,-0.12112148277541598,-0.2673264214647704,-0.3321457952415101,27,jute,Sandy soil
23364,-0.9089503032237339,0.17449124089587287,-0.09597647149880119,-0.8975029591088394,0.27129407971252784,0.42047577867640906,0.05853200148595931,0.9431781190526842,0.33670930195059423,0.25443412628763645,-0.2731589728168429,-0.7876697830939073,27,jute,Sandy soil
23366,-0.9089503032237339,0.17449124089587287,-0.09597647149880119,-0.8975029591088394,-0.9597134365709921,0.36945601581937276,2.0205110726762747,0.633902023984675,0.20283123618581245,-0.3843061221975552,-0.6114469512370426,-0.37587609807534034,27,jute,Sandy soil
23368,-0.9089503032237339,0.17449124089587287,-0.09597647149880119,-0.8975029591088394,-0.19033373889379193,0.5659765838612912,1.8499041969205952,0.6355859228688926,0.2805668872750406,0.1006633257263866,-0.016526713325656965,-0.59817180414731,27,jute,Sandy soil
23370,-0.9089503032237339,0.17449124089587287,-0.09597647149880119,-0.8975029591088394,-0.19033373889379193,0.3070985278829946,0.8433236299620851,0.43548260546100664,0.2460177090131615,0.17163446444696318,-0.028191816029801538,-0.6856324098149705,27,jute,Sandy soil
23372,-0.9089503032237339,0.17449124089587287,-0.09597647149880119,-0.8975029591088394,-0.19033373889379193,0.5395218920094944,0.05853200148595931,0.7562653429045041,0.6908383791348566,0.4170763191889584,-0.3956425512103636,-0.44511574422890465,27,jute,Sandy soil
23376,-0.9089503032237339,0.17449124089587287,-0.09597647149880119,-0.8975029591088394,-0.036457799358352465,0.42047577867640906,0.2973816275439105,0.3529715601343328,0.5526416660873394,-0.2482781063164494,-0.5122935782518119,-0.5252879660909264,27,jute,Sandy soil
23378,-0.9089503032237339,0.17449124089587287,-0.09597647149880119,-0.8975029591088394,-0.19033373889379193,0.5451907545491649,1.0309911932933329,0.34314881664306207,0.3453465965160642,0.1006633257263866,-0.7572607350388528,-0.4560483199373621,27,jute,Sandy soil
23380,-0.9089503032237339,0.17449124089587287,-0.09597647149880119,-0.8975029591088394,0.8867978378542885,0.26741649010529966,0.024410626334822903,0.47701877793837977,0.012810755745476398,-0.37839186063750707,0.07096155695542919,-0.6419021069811403,27,jute,Sandy soil
23382,-0.9089503032237339,0.17449124089587287,-0.09597647149880119,-0.8975029591088394,0.5790459587834081,0.5792039297871894,0.7750808796598135,0.41106607163984793,-0.013101127950932786,-0.5025913533985166,-0.7164328755743462,-0.6710556422036936,27,jute,Sandy soil
23386,-0.9089503032237339,0.17449124089587287,-0.09597647149880119,-0.8975029591088394,0.8867978378542885,0.543301133702608,0.43386712814845435,0.3322034738956462,0.6908383791348566,-0.15069279057565632,-0.28482407552098793,-0.31028064382459497,27,jute,Sandy soil
23392,-0.9089503032237339,0.17449124089587287,-0.09597647149880119,-0.8975029591088394,0.5790459587834081,0.36378715327970185,0.979809130566629,0.4234146634574456,0.07759046498649996,-0.22757819085628148,-0.045689470086019014,-0.24468518957384985,27,jute,Sandy soil
23396,-0.9089503032237339,0.17449124089587287,-0.09597647149880119,-0.8975029591088394,-0.49808561796467227,0.36378715327970185,1.2015980690490127,0.4730896805418719,0.7297062046794703,0.36976222670857356,-0.5064610268997394,-0.4669808956458198,27,jute,Sandy soil
23400,-0.9089503032237339,0.17449124089587287,-0.09597647149880119,-0.8975029591088394,0.5790459587834081,0.4053588119039541,1.1162946311711728,1.1399136386921345,0.33670930195059423,-0.5646910997790211,-0.8739117620803011,-0.9188606915953978,27,jute,Sandy soil
23402,-0.9089503032237339,0.17449124089587287,-0.09597647149880119,-0.8975029591088394,-0.9597134365709921,0.4053588119039541,0.9115663802643573,1.02176006698285,0.522411135108195,-0.5972195383592855,-0.5881167458287531,-0.802246550705184,27,jute,Sandy soil
23404,-0.9089503032237339,0.17449124089587287,-0.09597647149880119,-0.8975029591088394,-0.6519615575001118,0.47338516238000267,-0.0779534991185845,0.7812431763537356,0.28488553455777527,0.4111620576289102,-0.9905627891217494,-0.7366510964544389,27,jute,Sandy soil
23406,-0.9089503032237339,0.17449124089587287,-0.09597647149880119,-0.8975029591088394,-0.49808561796467227,0.548969996242279,0.5362312536018617,0.8182889518065282,0.49649925141178586,0.20712003380725166,-0.6522748107015496,-0.29205968431049906,27,jute,Sandy soil
23408,-0.9089503032237339,0.17449124089587287,-0.09597647149880119,-0.8975029591088394,-0.49808561796467227,0.2579683858725151,1.1845373814734443,0.9656301041755887,0.4662687204326414,-0.5439911843188531,-0.5297912323080289,-0.7293627126488005,27,jute,Sandy soil
23410,-0.9089503032237339,0.17449124089587287,-0.09597647149880119,-0.8975029591088394,-0.8058374970355525,0.22017596894137695,0.6897774417819738,1.10455176212356,0.11213964324837908,-0.13886426745556044,-0.2731589728168429,-0.6892766017177895,27,jute,Sandy soil
23412,-0.9089503032237339,0.17449124089587287,-0.09597647149880119,-0.8975029591088394,-0.3442096784292314,0.47338516238000267,1.2357194442001485,0.3201355318920849,0.03440399215915092,-0.6208765845994779,-0.9147396215448081,-0.9115723077897594,27,jute,Sandy soil
23414,-0.9089503032237339,0.17449124089587287,-0.09597647149880119,-0.8975029591088394,0.4251700192479687,0.2126174855551492,1.5769331957115076,0.3167677341236494,0.3496652437987988,-0.2482781063164494,-0.07485222684638107,-0.9261490754010362,27,jute,Sandy soil
23416,-0.9089503032237339,0.17449124089587287,-0.09597647149880119,-0.8975029591088394,0.11741814017708838,0.49039174999901497,0.09265337663709511,1.1334586929692996,0.26329229814410077,0.48804745790953497,-0.9439023783051701,-0.41596220900635106,27,jute,Sandy soil
23418,-0.9089503032237339,0.17449124089587287,-0.09597647149880119,-0.8975029591088394,-0.3442096784292314,0.3996899493642832,1.1845373814734443,0.9044484447156735,0.5915094916319539,-0.4878056994983964,-0.016526713325656965,-0.7002091774262471,27,jute,Sandy soil
23420,-0.9089503032237339,0.17449124089587287,-0.09597647149880119,-0.8975029591088394,0.7329218983188477,0.4412616079885349,2.05463244782741,0.9785399956212585,0.5008178986945205,0.24851986472758833,-0.1215126376629602,-0.6273253393698636,27,jute,Sandy soil
23424,-0.9089503032237339,0.17449124089587287,-0.09597647149880119,-0.8975029591088394,-0.49808561796467227,0.46771629984033175,-0.0438321239674487,0.33725517054829957,-0.03037571708187265,0.49987598102963127,-0.6114469512370426,-0.8897071563728443,27,jute,Sandy soil
23426,-0.9089503032237339,0.17449124089587287,-0.09597647149880119,-0.8975029591088394,-0.9597134365709921,0.278754215184641,1.1162946311711728,0.5382004373982944,0.5612789606528095,-0.03536469015471924,-0.7222654269264187,-0.4961344308683731,27,jute,Sandy soil
23428,-0.9089503032237339,0.17449124089587287,-0.09597647149880119,-0.8975029591088394,0.7329218983188477,0.24096179825350283,1.5769331957115076,1.108480859520068,0.7599367356586147,0.4703046732293909,0.024301146138850073,-0.26655034099076497,27,jute,Sandy soil
23430,-0.9089503032237339,0.17449124089587287,-0.09597647149880119,-0.8975029591088394,-0.9597134365709921,0.5206256835439254,1.935207634798435,0.8991160982489841,-0.01741977523366806,0.4821331963494868,-0.09234988090259813,-0.9225048834982169,27,jute,Sandy soil
23434,-0.9089503032237339,0.17449124089587287,-0.09597647149880119,-0.8975029591088394,-0.8058374970355525,0.47527478322655947,0.26326025239277473,0.38019459209585427,0.2805668872750406,-0.192092621495993,-0.5414563350121739,-0.7147859450375238,27,jute,Sandy soil
23436,-0.9089503032237339,0.17449124089587287,-0.09597647149880119,-0.8975029591088394,-0.036457799358352465,0.3959107076711696,1.611054570862644,0.4352019556469706,0.5526416660873394,-0.626790846159526,-0.15650794577539473,-0.7475836721628963,27,jute,Sandy soil
23438,-0.9089503032237339,0.17449124089587287,-0.09597647149880119,-0.8975029591088394,-0.8058374970355525,0.4242550203695232,0.9968698181421971,0.9521589131018455,0.03440399215915092,0.4348191038691024,-0.1740055998316118,-0.4378273604232662,27,jute,Sandy soil
23440,-0.9089503032237339,0.17449124089587287,-0.09597647149880119,-0.8975029591088394,1.1945497169251689,0.24096179825350283,1.7475400714671872,0.6159404358863512,0.5483230188046049,0.3313195265682612,-0.4831308214914498,-0.44511574422890465,27,jute,Sandy soil
23442,-0.9089503032237339,0.17449124089587287,-0.09597647149880119,-0.8975029591088394,-0.49808561796467227,0.48283326661278725,0.7580201920842453,1.093325769562108,0.7642553829413501,-0.4878056994983964,0.10012431371579124,-0.6965649855234279,27,jute,Sandy soil
23444,-0.9089503032237339,0.17449124089587287,-0.09597647149880119,-0.8975029591088394,0.4251700192479687,0.2919815611105394,0.9115663802643573,0.5454973325632387,0.6001467861974232,-0.3902203837576034,0.059296454251284623,-0.31028064382459497,27,jute,Sandy soil
23448,-0.9089503032237339,0.17449124089587287,-0.09597647149880119,-0.8975029591088394,0.11741814017708838,0.21072786470859242,0.655656066630838,0.8036951614766401,0.531048429673665,0.24556273394756403,-0.37231234580207406,-0.4815576632570964,27,jute,Sandy soil
23450,-0.9089503032237339,0.17449124089587287,-0.09597647149880119,-0.8975029591088394,1.3484256564606083,0.35622866989347407,1.5769331957115076,0.6106080894196618,0.6303773171765676,0.0770062794861944,-0.3839774485062187,-0.6091043798557677,27,jute,Sandy soil
23454,-0.9089503032237339,0.17449124089587287,-0.09597647149880119,-0.8975029591088394,-0.8058374970355525,0.5073983376180267,0.9456877554154931,0.7523362455079963,-0.03469436436460731,-0.08267878263510363,-0.8097536972075049,-0.8204675102192799,27,jute,Sandy soil
23458,-0.9089503032237339,0.17449124089587287,-0.09597647149880119,-0.8975029591088394,1.0406737773897279,0.34489094481413274,1.2527801317757166,0.9908885874388562,0.6519705535902421,0.035606448565857755,-0.8972419674885911,-0.32121321953305265,27,jute,Sandy soil
23460,-0.9089503032237339,0.17449124089587287,-0.09597647149880119,-0.8975029591088394,-0.8058374970355525,0.2239552106344908,0.7580201920842453,0.9574912595685355,0.2201058253167517,0.16276307210689114,-0.6581073620536221,-0.8897071563728443,27,jute,Sandy soil
23462,-0.9089503032237339,0.17449124089587287,-0.09597647149880119,-0.8975029591088394,-0.19033373889379193,0.41480691613673865,0.9968698181421971,0.4004013787064684,0.5008178986945205,0.03856357934588162,-0.08651732955052564,-0.8787745806643869,27,jute,Sandy soil
23464,-0.9089503032237339,0.17449124089587287,-0.09597647149880119,-0.8975029591088394,0.11741814017708838,0.5640869630147339,1.6622366335893475,0.3709331482326563,0.522411135108195,-0.11225009043534397,-0.838916453967867,-0.5507973094106607,27,jute,Sandy soil
23466,-0.9089503032237339,0.17449124089587287,-0.09597647149880119,-0.8975029591088394,0.7329218983188477,0.4393719871419781,1.406326319955828,0.4323954575066075,0.40148901119161784,0.0030780099855935448,-0.4656331674352323,-0.5471531175078416,27,jute,Sandy soil
23468,-0.9089503032237339,0.17449124089587287,-0.09597647149880119,-0.8975029591088394,0.11741814017708838,0.48283326661278725,1.7134186963160507,0.8536508283751024,0.20714988346854712,-0.0264932978146468,-0.27899152416891543,-0.5835950365360334,27,jute,Sandy soil
23470,-0.9089503032237339,0.17449124089587287,-0.09597647149880119,-0.8975029591088394,0.5790459587834081,0.3807937408987141,2.037571760251843,0.5269744448368421,0.3539838910815341,-0.03832182093474311,-0.2731589728168429,-0.6746998341065128,27,jute,Sandy soil
23472,-0.9089503032237339,0.17449124089587287,-0.09597647149880119,-0.8975029591088394,-0.8058374970355525,0.4885021291524576,1.0992339435956047,0.4318341578785348,0.5353670769563996,0.2012057722472035,0.05346390289921213,-0.6892766017177895,27,jute,Sandy soil
23474,-0.9089503032237339,0.17449124089587287,-0.09597647149880119,-0.8975029591088394,0.8867978378542885,0.2277344523276047,0.7580201920842453,1.02176006698285,-0.004463833385463468,-0.07676452107505546,-0.302321729577205,-0.7876697830939073,27,jute,Sandy soil
23476,-0.9089503032237339,0.17449124089587287,-0.09597647149880119,-0.8975029591088394,0.8867978378542885,0.23340331486727536,1.2015980690490127,0.8115533562696565,0.3453465965160642,0.26626264940773237,-0.1798381511836843,-0.27019453289358397,27,jute,Sandy soil
23480,-0.9089503032237339,0.17449124089587287,-0.09597647149880119,-0.8975029591088394,1.1945497169251689,0.49039174999901497,1.7134186963160507,0.5244485965105158,0.27624823999230536,-0.6179194538194539,-0.19733580523990177,-0.430538976617628,27,jute,Sandy soil
23482,-0.9089503032237339,0.17449124089587287,-0.09597647149880119,-0.8975029591088394,0.11741814017708838,0.29576080280365324,1.3210228820779881,0.5280970440929876,0.004173461180006464,-0.21574966773618517,-0.8097536972075049,-0.8095349345108225,27,jute,Sandy soil
23484,-0.9089503032237339,0.17449124089587287,-0.09597647149880119,-0.8975029591088394,0.8867978378542885,0.3959107076711696,0.655656066630838,1.1146551554288668,0.06463452313829537,-0.3724775990774589,-0.4772982701393773,-0.4268947847148088,27,jute,Sandy soil
23486,-0.9089503032237339,0.17449124089587287,-0.09597647149880119,-0.8975029591088394,-0.8058374970355525,0.29387118195709644,0.5874133163285657,0.6215534321670774,-0.02173842251640272,0.36976222670857356,-0.7047677728702012,-0.39045286568661697,27,jute,Sandy soil
23490,-0.9089503032237339,0.17449124089587287,-0.09597647149880119,-0.8975029591088394,0.4251700192479687,0.2693061109518564,1.3380835696535565,0.5746849132230141,0.20714988346854712,0.2514769955076122,-0.40730765391450824,-0.9480142268179512,27,jute,Sandy soil
23492,-0.9089503032237339,0.17449124089587287,-0.09597647149880119,-0.8975029591088394,-0.8058374970355525,0.36189753243314504,0.5362312536018617,0.7402683035044346,0.20714988346854712,0.16572020288691544,-0.7280979782784908,-0.8058907426080033,27,jute,Sandy soil
23494,-0.9089503032237339,0.17449124089587287,-0.09597647149880119,-0.8975029591088394,0.27129407971252784,0.29387118195709644,0.6727167542064055,1.0952903182603615,0.47058736771537607,0.05039210246597793,-0.9730651350655322,-0.2774829166992224,27,jute,Sandy soil
23496,-0.9089503032237339,0.17449124089587287,-0.09597647149880119,-0.8975029591088394,0.4251700192479687,0.46204743730066133,1.935207634798435,0.6580379079917971,0.5180924878254604,0.30766248032806903,-0.4014751025624361,-0.7949581668995458,27,jute,Sandy soil
23498,-0.9089503032237339,0.17449124089587287,-0.09597647149880119,-0.8975029591088394,-0.49808561796467227,0.20883824386203562,1.4575083826825315,0.5017159615735746,0.2546550035786308,-0.4434487377980359,-0.6056143998849705,-0.6965649855234279,27,jute,Sandy soil
23502,-0.9089503032237339,0.17449124089587287,-0.09597647149880119,-0.8975029591088394,-0.19033373889379193,0.25418914417940125,1.2186587566245801,0.42762441066799023,0.677882437286652,-0.3724775990774589,-0.5472888863642464,-0.9297932673038553,27,jute,Sandy soil
23506,-0.9089503032237339,0.17449124089587287,-0.09597647149880119,-0.8975029591088394,0.7329218983188477,0.5017294750783563,1.3551442572291246,0.34427141589920723,0.06463452313829537,-0.3074207219169301,-0.8914094161365186,-0.7184301369403431,27,jute,Sandy soil
23508,-0.9089503032237339,0.17449124089587287,-0.09597647149880119,-0.8975029591088394,-0.19033373889379193,0.5357426503163804,0.1097140642126627,0.6501797131987807,0.2460177090131615,-0.49371996105844457,-0.5647865404204635,-0.6746998341065128,27,jute,Sandy soil
23510,-0.9089503032237339,0.17449124089587287,-0.09597647149880119,-0.8975029591088394,0.5790459587834081,0.5111775793111408,2.13993588570525,1.0270924134495394,0.2546550035786308,-0.6179194538194539,0.07096155695542919,-0.5362205417993842,27,jute,Sandy soil
23514,-0.9089503032237339,0.17449124089587287,-0.09597647149880119,-0.8975029591088394,-0.49808561796467227,0.2447410399466167,1.0309911932933329,0.986398190414275,0.06031587585556011,0.5146616349297514,-0.558953989068391,-0.5763066527303952,27,jute,Sandy soil
23516,-0.9089503032237339,0.17449124089587287,-0.09597647149880119,-0.8975029591088394,1.0406737773897279,0.29576080280365324,1.7134186963160507,0.5011546619455025,0.09054640683470457,-0.07972165185507976,-0.5472888863642464,-0.6309695312726828,27,jute,Sandy soil
23518,-0.9089503032237339,0.17449124089587287,-0.09597647149880119,-0.8975029591088394,-0.8058374970355525,0.4053588119039541,1.9693290099495702,0.9838723420879486,0.05599722857282544,-0.5587768382189732,-0.13901029171917767,-0.8933513482756635,27,jute,Sandy soil
23522,-0.9089503032237339,0.17449124089587287,-0.09597647149880119,-0.8975029591088394,0.5790459587834081,0.4960606125386854,0.46798850329959013,0.9816271435756576,0.574234902501014,0.3135767418881172,-0.21483345929611883,-0.9662351863320471,27,jute,Sandy soil
23524,-0.9089503032237339,0.17449124089587287,-0.09597647149880119,-0.8975029591088394,-0.3442096784292314,0.3335532197347914,1.2869015069268517,0.8396183376732871,-0.03901301164734258,-0.4138774299977956,-0.6114469512370426,-0.6491904907867787,27,jute,Sandy soil
23526,-0.9089503032237339,0.17449124089587287,-0.09597647149880119,-0.8975029591088394,0.11741814017708838,0.4544889539144336,1.5769331957115076,1.146929884043042,0.12077693781384902,-0.46414865325820426,-0.7922560431512874,-0.3540109466584252,27,jute,Sandy soil
23530,-0.9089503032237339,0.17449124089587287,-0.09597647149880119,-0.8975029591088394,0.11741814017708838,0.46204743730066133,1.6963580087404837,0.9153937874630897,0.6994756737003265,-0.5617339689989973,-0.8739117620803011,-0.8459768535390143,27,jute,Sandy soil
23534,-0.9089503032237339,0.17449124089587287,-0.09597647149880119,-0.8975029591088394,0.8867978378542885,0.20505900216892176,0.07559268906152691,0.490770618826159,0.6692451427211821,0.43186197308907853,-1.0255580972341838,-0.7439394802600772,27,jute,Sandy soil
23536,-0.9089503032237339,0.17449124089587287,-0.09597647149880119,-0.8975029591088394,1.3484256564606083,0.5168464418508112,0.07559268906152691,0.5772107615493411,0.6908383791348566,0.147977418206771,-0.44230296202694275,-0.8496210454418335,27,jute,Sandy soil
23540,-0.9089503032237339,0.17449124089587287,-0.09597647149880119,-0.8975029591088394,0.27129407971252784,0.46960592068688856,2.1911179484319545,0.6706671496234309,0.5699162552182794,0.06222062558607423,-0.1798381511836843,-0.5763066527303952,27,jute,Sandy soil
23542,-0.9089503032237339,0.17449124089587287,-0.09597647149880119,-0.8975029591088394,-0.3442096784292314,0.5225153043904822,0.26326025239277473,0.37205574748880144,0.28920418184051055,-0.4523201301381079,-0.9147396215448081,-0.7840255911910882,27,jute,Sandy soil
23544,-0.9089503032237339,0.17449124089587287,-0.09597647149880119,-0.8975029591088394,-0.3442096784292314,0.5527492379353925,0.877445005113221,0.41274997052406615,0.12509558509658367,0.4259477115290304,-0.23233111335233592,-0.4123180171035321,27,jute,Sandy soil
23548,-0.9089503032237339,0.17449124089587287,-0.09597647149880119,-0.8975029591088394,0.27129407971252784,0.2579683858725151,1.5257511329848041,0.4399730024855873,-0.03469436436460731,-0.46414865325820426,-0.5822841944766806,-0.7402952883572582,27,jute,Sandy soil
23550,-0.9089503032237339,0.17449124089587287,-0.09597647149880119,-0.8975029591088394,0.5790459587834081,0.4053588119039541,2.0887538229785463,1.0610510409479328,0.38421442206067796,-0.2571494986565218,-0.8855768647844461,-0.28841549240767983,27,jute,Sandy soil
23552,-0.9089503032237339,0.17449124089587287,-0.09597647149880119,-0.8975029591088394,1.0406737773897279,0.3184362529623362,0.21207818966607073,1.0046404283266348,0.23738041444769156,-0.5706053613390693,-0.8855768647844461,-0.28112710860204165,27,jute,Sandy soil
23556,-0.9089503032237339,0.17449124089587287,-0.09597647149880119,-0.8975029591088394,0.7329218983188477,0.29387118195709644,1.4575083826825315,0.3347293222219729,0.12077693781384902,-0.3843061221975552,-0.4248053079707257,-0.5107111984796497,27,jute,Sandy soil
23560,-0.9089503032237339,0.17449124089587287,-0.09597647149880119,-0.8975029591088394,-0.036457799358352465,0.5754246880940758,0.55329194117743,0.9998693814880175,0.6649264954384467,-0.06493599795495958,-0.261493870112698,-0.24468518957384985,27,jute,Sandy soil
23562,-0.9089503032237339,0.17449124089587287,-0.09597647149880119,-0.8975029591088394,0.27129407971252784,0.5262945460835958,1.8499041969205952,1.1326167435271908,0.40580765847435246,0.3934192729487658,0.04179880019506714,-0.8897071563728443,27,jute,Sandy soil
23564,-0.9089503032237339,0.17449124089587287,-0.09597647149880119,-0.8975029591088394,1.0406737773897279,0.36756639497281596,1.2869015069268517,0.35718130734487735,0.7858486193550246,-0.3813489914175309,-0.06318712414223608,-0.39045286568661697,27,jute,Sandy soil
23566,-0.9089503032237339,0.17449124089587287,-0.09597647149880119,-0.8975029591088394,-0.8058374970355525,0.5716454464009617,0.46798850329959013,1.120268151709593,0.37557712749520866,-0.5913052767992376,-0.9030745188406631,-0.7184301369403431,27,jute,Sandy soil
23568,-0.9089503032237339,0.17449124089587287,-0.09597647149880119,-0.8975029591088394,-0.036457799358352465,0.5319634086232667,-0.026771436391880492,0.3560587080887322,-0.004463833385463468,-0.47302004559827626,-0.23233111335233592,-0.5398647337022033,27,jute,Sandy soil
23570,-0.9089503032237339,0.17449124089587287,-0.09597647149880119,-0.8975029591088394,0.11741814017708838,0.4771644040731163,0.8433236299620851,0.5909626024371204,0.7512994410931448,-0.4523201301381079,-0.5764516431246085,-0.8277558940249184,27,jute,Sandy soil
23572,-0.9089503032237339,0.17449124089587287,-0.09597647149880119,-0.8975029591088394,0.8867978378542885,0.4960606125386854,1.4745690702580996,0.476176828496271,0.11645829053111435,-0.17139270603582465,-1.0372231999383288,-0.36129933046406343,27,jute,Sandy soil
23574,-0.9089503032237339,0.17449124089587287,-0.09597647149880119,-0.8975029591088394,0.27129407971252784,0.3505598073538037,1.4745690702580996,0.4057337251731585,0.5569603133700741,-0.2453209755364255,-0.9847302377696769,-0.24832938147666908,27,jute,Sandy soil
23576,-0.9089503032237339,0.17449124089587287,-0.09597647149880119,-0.8975029591088394,0.11741814017708838,0.31276739042266555,1.406326319955828,0.7843303243081348,0.794485913920494,-0.549905445878901,-0.016526713325656965,-0.7111417531347046,27,jute,Sandy soil
23578,-0.9089503032237339,0.17449124089587287,-0.09597647149880119,-0.8975029591088394,1.1945497169251689,0.4563785747609904,1.1674766938978767,0.44390209988209584,0.4187636003225577,-0.6001766691393097,-0.44813551337901525,-0.5799508446332141,27,jute,Sandy soil
23580,-0.9089503032237339,0.17449124089587287,-0.09597647149880119,-0.8975029591088394,0.7329218983188477,0.21072786470859242,1.4575083826825315,0.8331633919504522,0.06031587585556011,0.4111620576289102,-0.7339305296305633,-0.8058907426080033,27,jute,Sandy soil
23582,-0.9089503032237339,0.17449124089587287,-0.09597647149880119,-0.8975029591088394,0.7329218983188477,0.2598580067190719,0.5874133163285657,0.38721083744676194,0.4662687204326414,0.298791087987997,0.10012431371579124,-0.5471531175078416,27,jute,Sandy soil
23586,-0.9089503032237339,0.17449124089587287,-0.09597647149880119,-0.8975029591088394,0.4251700192479687,0.2919815611105394,1.730479383891619,0.738584404620217,0.5958281389146886,-0.36952046829743507,-0.7047677728702012,-0.8168233183164607,27,jute,Sandy soil
23588,-0.9089503032237339,0.17449124089587287,-0.09597647149880119,-0.8975029591088394,1.0406737773897279,0.26552686925874286,1.2698408193512847,0.4826317742191059,0.18123799977213792,-0.1891354907159687,-0.9439023783051701,-0.5471531175078416,27,jute,Sandy soil
23590,-0.9089503032237339,0.17449124089587287,-0.09597647149880119,-0.8975029591088394,0.7329218983188477,0.46960592068688856,1.082173256020037,1.0882740729094538,0.5612789606528095,0.006035140765617411,-0.28482407552098793,-0.6018159960501293,27,jute,Sandy soil
23594,-0.9089503032237339,0.17449124089587287,-0.09597647149880119,-0.8975029591088394,0.5790459587834081,0.5565284796285067,0.55329194117743,1.0905192714217449,0.7642553829413501,-0.3636062067373869,-1.0022278918258942,-0.7111417531347046,27,jute,Sandy soil
23598,-0.9089503032237339,0.17449124089587287,-0.09597647149880119,-0.8975029591088394,0.5790459587834081,0.3845729825918277,0.4168064405728861,0.786294873006389,0.7772113247895547,-0.29854932957685804,0.08845921101164668,-0.5908834203416719,27,jute,Sandy soil
23600,-0.9089503032237339,0.17449124089587287,-0.09597647149880119,-0.8975029591088394,0.4251700192479687,0.5338530294698235,1.2698408193512847,0.6451280165461273,0.3323906546678596,-0.07972165185507976,-0.8797443134323736,-0.5690182689247567,27,jute,Sandy soil
23602,-0.9089503032237339,0.17449124089587287,-0.09597647149880119,-0.8975029591088394,-0.3442096784292314,0.5187360626973686,2.0716931354029784,0.3846849891204355,0.4749060149981113,0.03264931778583389,-0.6989352215181287,-0.5763066527303952,27,jute,Sandy soil
23604,-0.9089503032237339,0.17449124089587287,-0.09597647149880119,-0.8975029591088394,0.27129407971252784,0.5527492379353925,2.05463244782741,0.35718130734487735,0.49649925141178586,0.47621893478943905,-0.22066601064819133,-0.762160439774173,27,jute,Sandy soil
23606,-0.9089503032237339,0.17449124089587287,-0.09597647149880119,-0.8975029591088394,0.5790459587834081,0.2598580067190719,1.0139305057177648,0.8772254127541523,0.582872197066484,0.147977418206771,-0.868079210728229,-0.6273253393698636,27,jute,Sandy soil
23608,-0.9089503032237339,0.17449124089587287,-0.09597647149880119,-0.8975029591088394,-0.49808561796467227,0.47149554153344586,1.9181469472228667,0.9928531361371099,0.267610945426836,0.42890484230905424,-0.7222654269264187,-0.3139248357274142,27,jute,Sandy soil
23610,-0.9089503032237339,0.17449124089587287,-0.09597647149880119,-0.8975029591088394,-0.8058374970355525,0.3354428405813482,0.6215346914797015,1.1244778989201376,0.7728926775068193,-0.4434487377980359,-0.06901967549430858,-0.40502963329789365,27,jute,Sandy soil
23612,-0.9089503032237339,0.17449124089587287,-0.09597647149880119,-0.8975029591088394,0.5790459587834081,0.29387118195709644,1.5939938832870757,0.49554166566477637,0.5267297823909303,-0.5676482305590452,-0.7047677728702012,-0.4013854413950744,27,jute,Sandy soil
23614,-0.9089503032237339,0.17449124089587287,-0.09597647149880119,-0.8975029591088394,0.7329218983188477,0.37134563666592957,0.6215346914797015,0.7644041875115573,0.49649925141178586,-0.4316202146779396,-0.4189727566186532,-0.28112710860204165,27,jute,Sandy soil
23616,-0.9089503032237339,0.17449124089587287,-0.09597647149880119,-0.8975029591088394,-0.8058374970355525,0.5659765838612912,-0.026771436391880492,0.9131485889507994,0.41012630575708775,-0.1654784444757765,-0.5181261296038844,-0.6783440260093321,27,jute,Sandy soil
23620,-0.9089503032237339,0.17449124089587287,-0.09597647149880119,-0.8975029591088394,0.5790459587834081,0.2749749734915274,0.3485636902706145,0.4587765400260199,0.8031232084859639,0.47621893478943905,-0.45396806473108775,-0.4669808956458198,27,jute,Sandy soil
23622,-0.9089503032237339,0.17449124089587287,-0.09597647149880119,-0.8975029591088394,0.8867978378542885,0.4998398542317995,1.082173256020037,0.4469892478364949,0.37557712749520866,-0.27193515255664197,-0.815586248559577,-0.7512278640657156,27,jute,Sandy soil
23624,-0.9089503032237339,0.17449124089587287,-0.09597647149880119,-0.8975029591088394,1.0406737773897279,0.5527492379353925,1.3210228820779881,0.6532668611531798,0.7426621465276756,0.15389167976681914,-1.0080604431779667,-0.8678420049559294,27,jute,Sandy soil
23626,-0.9089503032237339,0.17449124089587287,-0.09597647149880119,-0.8975029591088394,1.1945497169251689,0.2711957317984135,0.31444231511947873,0.7899433205888609,0.29352282912324523,-0.42570595311789144,-0.9614000323613874,-0.8751303887615676,27,jute,Sandy soil
23628,-0.9089503032237339,0.17449124089587287,-0.09597647149880119,-0.8975029591088394,0.5790459587834081,0.41669653698329545,1.1504160063223086,0.619308233654787,0.40580765847435246,0.39637640372879,-0.31981938363342205,-0.32121321953305265,27,jute,Sandy soil
23632,-0.9089503032237339,0.17449124089587287,-0.09597647149880119,-0.8975029591088394,-0.19033373889379193,0.41858615782985226,0.33150300269504634,0.5073289578543007,0.21146853075128177,0.09474906416633845,-0.22066601064819133,-0.5362205417993842,27,jute,Sandy soil
23634,-0.9089503032237339,0.17449124089587287,-0.09597647149880119,-0.8975029591088394,-0.3442096784292314,0.21828634809482014,1.628115258438211,0.7391457042482897,0.008492108462741737,-0.6060909306993578,-0.9905627891217494,-0.8496210454418335,27,jute,Sandy soil
23636,-0.9089503032237339,0.17449124089587287,-0.09597647149880119,-0.8975029591088394,0.8867978378542885,0.31276739042266555,0.024410626334822903,0.8121146558977292,0.28920418184051055,0.49691885024960697,-0.09234988090259813,-0.8314000859277376,27,jute,Sandy soil
23638,-0.9089503032237339,0.17449124089587287,-0.09597647149880119,-0.8975029591088394,-0.3442096784292314,0.49795023338524214,0.5703526287529982,0.4913319184542318,0.39717036390888316,0.15389167976681914,-0.06901967549430858,-0.7220743288431622,27,jute,Sandy soil
23640,-0.9089503032237339,0.17449124089587287,-0.09597647149880119,-0.8975029591088394,1.0406737773897279,0.4790540249196731,1.2698408193512847,0.44614729839438616,0.0862277595519699,-0.41683456077781944,-0.868079210728229,-0.4815576632570964,27,jute,Sandy soil
23642,-0.9089503032237339,0.17449124089587287,-0.09597647149880119,-0.8975029591088394,1.1945497169251689,0.2919815611105394,1.0480518808689006,0.6092048403494802,0.48354330956358127,0.4584761501092946,-0.045689470086019014,-0.45969251184018134,27,jute,Sandy soil
23644,-0.9089503032237339,0.17449124089587287,-0.09597647149880119,-0.8975029591088394,0.7329218983188477,0.3070985278829946,0.07559268906152691,0.6992934306551342,0.6994756737003265,0.5264901580498473,-0.5531214377163185,-0.9480142268179512,27,jute,Sandy soil
23646,-0.9089503032237339,0.17449124089587287,-0.09597647149880119,-0.8975029591088394,0.11741814017708838,0.30898814872955166,1.2698408193512847,0.4714057816576537,0.677882437286652,0.5324044196098955,-0.7805909404471428,-0.6892766017177895,27,jute,Sandy soil
23650,-0.9089503032237339,0.17449124089587287,-0.09597647149880119,-0.8975029591088394,0.4251700192479687,0.36000791158658824,-0.0608928115430169,0.8979934989928386,0.6433332590247722,-0.12703574433546413,-0.3839774485062187,-0.4268947847148088,27,jute,Sandy soil
23652,-0.9089503032237339,0.17449124089587287,-0.09597647149880119,-0.8975029591088394,1.3484256564606083,0.35244942820036046,1.5598725081359395,0.36054910511331284,0.7340248519622056,0.4939617194695831,-0.4189727566186532,-0.514355390382469,27,jute,Sandy soil
23654,-0.9089503032237339,0.17449124089587287,-0.09597647149880119,-0.8975029591088394,-0.8058374970355525,0.4072484327505109,1.0309911932933329,0.3296776255693192,0.7469807938104102,-0.3281206373770984,0.08845921101164668,-0.6929207936206087,27,jute,Sandy soil
23658,-0.9089503032237339,0.17449124089587287,-0.09597647149880119,-0.8975029591088394,1.3484256564606083,0.5017294750783563,1.406326319955828,0.7691752343501745,0.3583025383642688,0.3668050959285497,-0.8214187999116495,-0.8314000859277376,27,jute,Sandy soil
23660,-0.9089503032237339,0.17449124089587287,-0.09597647149880119,-0.8975029591088394,-0.49808561796467227,0.5262945460835958,1.1333553187467404,1.057683243179497,0.29784147640597985,-0.47006291481825196,-0.34314958904171206,-0.3795202899781593,27,jute,Sandy soil
23662,-0.9089503032237339,0.17449124089587287,-0.09597647149880119,-0.8975029591088394,-0.3442096784292314,0.47338516238000267,1.2527801317757166,0.5426908344228756,0.04735993400735551,0.23373421082746815,-0.7689258377429978,-0.8897071563728443,27,jute,Sandy soil
23664,-0.9089503032237339,0.17449124089587287,-0.09597647149880119,-0.8975029591088394,0.11741814017708838,0.5546388587819494,0.604474003904134,0.34342946645709843,0.2460177090131615,-0.30150646035688233,-0.5181261296038844,-0.4560483199373621,27,jute,Sandy soil
23666,-0.9089503032237339,0.17449124089587287,-0.09597647149880119,-0.8975029591088394,1.0406737773897279,0.46393705814721814,0.33150300269504634,0.41162737126792065,0.10782099596564443,-0.002836251574454608,-1.013892994530039,-0.3940970575894362,27,jute,Sandy soil
23668,-0.9089503032237339,0.17449124089587287,-0.09597647149880119,-0.8975029591088394,1.3484256564606083,0.22584483148104761,0.12677475178823092,1.0400023048952098,0.6433332590247722,0.11249184884648249,-0.7689258377429978,-0.30299226001895674,27,jute,Sandy soil
23670,-0.9089503032237339,0.17449124089587287,-0.09597647149880119,-0.8975029591088394,-0.036457799358352465,0.23907217740694603,0.33150300269504634,0.5993820968582095,0.6994756737003265,0.4259477115290304,-0.22066601064819133,-0.6929207936206087,27,jute,Sandy soil
23672,-0.9089503032237339,0.17449124089587287,-0.09597647149880119,-0.8975029591088394,-0.49808561796467227,0.40913805359706773,1.5598725081359395,0.7018192789814612,0.02144805031094633,-0.005793382354478895,-0.6756050161098391,-0.6892766017177895,27,jute,Sandy soil
23674,-0.9089503032237339,0.17449124089587287,-0.09597647149880119,-0.8975029591088394,0.8867978378542885,0.4450408496816491,1.5598725081359395,0.9805045443195128,0.04735993400735551,0.39637640372879,0.030133697490922567,-0.28112710860204165,27,jute,Sandy soil
23676,-0.9089503032237339,0.17449124089587287,-0.09597647149880119,-0.8975029591088394,0.5790459587834081,0.2239552106344908,2.0887538229785463,0.46046043891023813,0.7901672666377593,0.2603483878476842,0.08262665965957418,-0.5216437741881075,27,jute,Sandy soil
23678,-0.9089503032237339,0.17449124089587287,-0.09597647149880119,-0.8975029591088394,1.1945497169251689,0.41858615782985226,0.21207818966607073,0.9642268551054072,0.2546550035786308,-0.4671057840382281,-0.5064610268997394,-0.638257915078321,27,jute,Sandy soil
23680,-0.9089503032237339,0.17449124089587287,-0.09597647149880119,-0.8975029591088394,0.7329218983188477,0.5300737877767099,0.8262629423865175,1.155910678092204,0.32375336010238964,-0.1802640983758967,-0.6872701188139841,-0.8314000859277376,27,jute,Sandy soil
23682,-0.9089503032237339,0.17449124089587287,-0.09597647149880119,-0.8975029591088394,-0.19033373889379193,0.21828634809482014,1.0139305057177648,0.4554087422575841,0.7124316155485311,0.07404914870617012,-0.7047677728702012,-0.6455462988839594,27,jute,Sandy soil
23690,-0.9089503032237339,0.17449124089587287,-0.09597647149880119,-0.8975029591088394,-0.3442096784292314,0.4242550203695232,0.9968698181421971,0.6858222395813917,0.5483230188046049,-0.14182139823558432,-1.0547208539945458,-0.6528346826895977,27,jute,Sandy soil
23694,-0.9089503032237339,0.17449124089587287,-0.09597647149880119,-0.8975029591088394,-0.8058374970355525,0.320325873808893,1.0480518808689006,0.8985547986209114,0.3194347128196544,-0.5676482305590452,-0.2964891782251325,-0.32121321953305265,27,jute,Sandy soil
23696,-0.9089503032237339,0.17449124089587287,-0.09597647149880119,-0.8975029591088394,-0.49808561796467227,0.3392220822744621,1.4575083826825315,0.8258664967855078,0.11645829053111435,-0.3990917760976754,-0.34314958904171206,-0.39045286568661697,27,jute,Sandy soil
23698,-0.9089503032237339,0.17449124089587287,-0.09597647149880119,-0.8975029591088394,1.1945497169251689,0.3807937408987141,0.0073499387592553065,0.628569677517985,0.16828205792393272,0.4821331963494868,-0.3839774485062187,-0.44511574422890465,27,jute,Sandy soil
23700,-0.9089503032237339,0.17449124089587287,-0.09597647149880119,-0.8975029591088394,1.0406737773897279,0.2636372484121858,0.09265337663709511,1.0262504640074306,0.07327181770376531,0.2840054340878768,-0.13317774036710517,-0.47426927945145797,27,jute,Sandy soil
23702,-0.9089503032237339,0.17449124089587287,-0.09597647149880119,-0.8975029591088394,0.5790459587834081,0.21828634809482014,2.259360698734226,1.0228826662389947,0.7901672666377593,0.24556273394756403,-0.7864234917992149,-0.6018159960501293,27,jute,Sandy soil
23704,-0.9089503032237339,0.17449124089587287,-0.09597647149880119,-0.8975029591088394,-0.6519615575001118,0.4053588119039541,0.9627484429910608,0.5031192106437561,0.31511606553691973,-0.34290629127721856,-0.570619091772536,-0.40502963329789365,27,jute,Sandy soil
23706,-0.9089503032237339,0.17449124089587287,-0.09597647149880119,-0.8975029591088394,-0.3442096784292314,0.25418914417940125,0.7921415672353811,0.743916751086907,0.3496652437987988,-0.22166392929623333,-0.11568008631088769,-0.8787745806643869,27,jute,Sandy soil
23708,-0.9089503032237339,0.17449124089587287,-0.09597647149880119,-0.8975029591088394,-0.49808561796467227,0.5376322711629377,1.0480518808689006,0.416679067920574,0.5915094916319539,-0.40796316843774744,-0.6581073620536221,-0.39045286568661697,27,jute,Sandy soil
23710,-0.9089503032237339,0.17449124089587287,-0.09597647149880119,-0.8975029591088394,0.27129407971252784,0.5697558255544048,1.7816614466183236,0.7815238261677717,0.5483230188046049,-0.11816435199539212,0.018468594786777582,-0.5325763498965649,27,jute,Sandy soil
23712,-0.9089503032237339,0.17449124089587287,-0.09597647149880119,-0.8975029591088394,1.1945497169251689,0.3354428405813482,1.0139305057177648,0.7969595659397685,0.40148901119161784,-0.014664774694550914,-0.23233111335233592,-0.8532652373446525,27,jute,Sandy soil
23716,-0.9089503032237339,0.17449124089587287,-0.09597647149880119,-0.8975029591088394,1.1945497169251689,0.47527478322655947,0.7409595045086778,0.5673880180580704,0.12941423237931896,0.2041629030272278,-0.5647865404204635,-0.9553026106235897,27,jute,Sandy soil
23718,-0.9089503032237339,0.17449124089587287,-0.09597647149880119,-0.8975029591088394,-0.8058374970355525,0.4790540249196731,1.0139305057177648,0.8471958826522675,0.6217400226110977,0.3668050959285497,-0.9322372756010252,-0.8131791264136418,27,jute,Sandy soil
23722,-0.9089503032237339,0.17449124089587287,-0.09597647149880119,-0.8975029591088394,-0.8058374970355525,0.2126174855551492,1.6451759460137791,0.490770618826159,0.051678581290090786,0.3017482187680209,-0.5939492971808256,-0.7111417531347046,27,jute,Sandy soil
23726,-0.9089503032237339,0.17449124089587287,-0.09597647149880119,-0.8975029591088394,0.27129407971252784,0.5338530294698235,0.502109878450726,0.9698398513861333,0.7858486193550246,-0.6120051922594058,-0.1740055998316118,-0.8204675102192799,27,jute,Sandy soil
23728,-0.9089503032237339,0.17449124089587287,-0.09597647149880119,-0.8975029591088394,1.0406737773897279,0.30520890703643777,1.8499041969205952,0.7065903258200779,0.574234902501014,-0.1743498368158485,-0.7747583890950703,-0.5398647337022033,27,jute,Sandy soil
23734,-0.9089503032237339,0.17449124089587287,-0.09597647149880119,-0.8975029591088394,0.5790459587834081,0.2636372484121858,0.21207818966607073,0.8674026692628817,0.14237017422752354,-0.3902203837576034,-0.7805909404471428,-0.4779134713542772,27,jute,Sandy soil
23738,-0.9089503032237339,0.17449124089587287,-0.09597647149880119,-0.8975029591088394,1.1945497169251689,0.41669653698329545,-0.0608928115430169,0.7615976893711942,0.48354330956358127,0.24556273394756403,-0.4014751025624361,-0.5726624608275759,27,jute,Sandy soil
23740,-0.9089503032237339,0.17449124089587287,-0.09597647149880119,-0.8975029591088394,0.4251700192479687,0.3845729825918277,1.2698408193512847,0.5769301117353051,0.617421375328363,-0.31037785269695434,-0.926404724248953,-0.3795202899781593,27,jute,Sandy soil
23742,-0.9089503032237339,0.17449124089587287,-0.09597647149880119,-0.8975029591088394,-0.036457799358352465,0.2239552106344908,0.5874133163285657,0.7063096760060418,0.4662687204326414,0.37271935748859786,-0.27899152416891543,-0.9152164996925787,27,jute,Sandy soil
23746,-0.9089503032237339,0.17449124089587287,-0.09597647149880119,-0.8975029591088394,1.1945497169251689,0.2919815611105394,1.5598725081359395,0.6201501830968957,0.41444495303982243,0.4348191038691024,-0.3664797944500016,-0.6018159960501293,27,jute,Sandy soil
23752,-0.9089503032237339,0.17449124089587287,-0.09597647149880119,-0.8975029591088394,-0.19033373889379193,0.21072786470859242,1.4404476951069645,1.137668440179844,0.41444495303982243,0.06222062558607423,-0.6931026701660566,-0.8532652373446525,27,jute,Sandy soil
23754,-0.9089503032237339,0.17449124089587287,-0.09597647149880119,-0.8975029591088394,-0.8058374970355525,0.2447410399466167,1.628115258438211,1.1455266349728606,0.3496652437987988,-0.04719321327481513,-0.926404724248953,-0.6018159960501293,27,jute,Sandy soil
23756,-0.9089503032237339,0.17449124089587287,-0.09597647149880119,-0.8975029591088394,0.8867978378542885,0.36945601581937276,0.9115663802643573,1.0554380446672067,0.6390146117420376,0.37271935748859786,-0.6056143998849705,-0.6601230664952361,27,jute,Sandy soil
23758,-0.9089503032237339,0.17449124089587287,-0.09597647149880119,-0.8975029591088394,1.3484256564606083,0.5621973421681772,1.1162946311711728,0.3902979854011617,0.677882437286652,0.5501472042900399,0.08262665965957418,-0.8678420049559294,27,jute,Sandy soil
23762,-0.9089503032237339,0.17449124089587287,-0.09597647149880119,-0.8975029591088394,0.5790459587834081,0.5130672001576977,0.8945056926887891,1.0893966721655994,0.2719295927095707,0.5353615503899197,-0.261493870112698,-0.28112710860204165,27,jute,Sandy soil
23764,-0.9089503032237339,0.17449124089587287,-0.09597647149880119,-0.8975029591088394,-0.19033373889379193,0.20505900216892176,0.2973816275439105,0.48656087161561445,-0.047650306212812514,0.24556273394756403,-0.9905627891217494,-0.9297932673038553,27,jute,Sandy soil
23766,-0.9089503032237339,0.17449124089587287,-0.09597647149880119,-0.8975029591088394,-0.8058374970355525,0.4885021291524576,0.4168064405728861,0.7279197116868376,0.14237017422752354,0.47326180400941475,-0.6114469512370426,-0.30663645192177574,27,jute,Sandy soil
23768,-0.9089503032237339,0.17449124089587287,-0.09597647149880119,-0.8975029591088394,0.7329218983188477,0.35433904904691726,0.877445005113221,0.8491604313505218,0.3928517166261479,-0.6060909306993578,-0.868079210728229,-0.5362205417993842,27,jute,Sandy soil
23770,-0.9089503032237339,0.17449124089587287,-0.09597647149880119,-0.8975029591088394,0.11741814017708838,0.45070971222131945,0.5191705660262941,0.40264657721875874,0.6476519063075076,-0.1773069675958728,-0.4248053079707257,-0.6564788745924169,27,jute,Sandy soil
23772,-0.9089503032237339,0.17449124089587287,-0.09597647149880119,-0.8975029591088394,-0.8058374970355525,0.20694862301547853,0.4168064405728861,0.4714057816576537,0.11645829053111435,0.3934192729487658,-0.827251351263722,-0.5471531175078416,27,jute,Sandy soil
23774,-0.9089503032237339,0.17449124089587287,-0.09597647149880119,-0.8975029591088394,0.5790459587834081,0.3222154946554501,1.1333553187467404,0.595733649275737,0.2589736508613661,-0.31333498347697825,-0.261493870112698,-0.8168233183164607,27,jute,Sandy soil
23776,-0.9089503032237339,0.17449124089587287,-0.09597647149880119,-0.8975029591088394,-0.19033373889379193,0.3354428405813482,-0.0438321239674487,0.39534968205381504,0.7383434992449402,-0.5587768382189732,-0.20900090794404635,-0.3576551385612444,27,jute,Sandy soil
23778,-0.9089503032237339,0.17449124089587287,-0.09597647149880119,-0.8975029591088394,0.11741814017708838,0.5773143089406326,1.611054570862644,0.6521442618970349,0.40148901119161784,-0.5617339689989973,-0.31981938363342205,-0.900639732081302,27,jute,Sandy soil
23780,-0.9089503032237339,0.17449124089587287,-0.09597647149880119,-0.8975029591088394,0.5790459587834081,0.46771629984033175,1.406326319955828,0.908377542112182,0.3928517166261479,0.5353615503899197,-0.868079210728229,-0.6783440260093321,27,jute,Sandy soil
23782,-0.9089503032237339,0.17449124089587287,-0.09597647149880119,-0.8975029591088394,0.5790459587834081,0.40346919105739676,0.502109878450726,0.46130238835234694,0.28920418184051055,0.05334923324600179,-0.2731589728168429,-0.6419021069811403,27,jute,Sandy soil
23784,-0.9089503032237339,0.17449124089587287,-0.09597647149880119,-0.8975029591088394,0.11741814017708838,0.3373324614279053,2.13993588570525,0.4340793563908251,0.1466888215102582,0.4170763191889584,-0.11568008631088769,-0.6309695312726828,27,jute,Sandy soil
23786,-0.9089503032237339,0.17449124089587287,-0.09597647149880119,-0.8975029591088394,-0.3442096784292314,0.3411117031210191,1.1674766938978767,1.1463685844149694,0.1985125889030772,0.22190568770737185,-0.09234988090259813,-0.44511574422890465,27,jute,Sandy soil
23790,-0.9089503032237339,0.17449124089587287,-0.09597647149880119,-0.8975029591088394,0.4251700192479687,0.5565284796285067,-0.0608928115430169,0.7750688804449367,0.06895317042103004,0.26626264940773237,-0.844749005319939,-0.42325059281198957,27,jute,Sandy soil
23792,-0.9089503032237339,0.17449124089587287,-0.09597647149880119,-0.8975029591088394,1.1945497169251689,0.2844230777243119,1.1674766938978767,0.7012579793533884,0.09054640683470457,-0.11520722121536783,-0.09818243225467063,-0.6965649855234279,27,jute,Sandy soil
23796,-0.9089503032237339,0.17449124089587287,-0.09597647149880119,-0.8975029591088394,-0.036457799358352465,0.40346919105739676,1.2015980690490127,1.081538477372583,0.28920418184051055,0.36976222670857356,-0.7455956323347083,-0.5179995822852882,27,jute,Sandy soil
23798,-0.9089503032237339,0.17449124089587287,-0.09597647149880119,-0.8975029591088394,0.7329218983188477,0.5527492379353925,1.406326319955828,0.43800845378733366,0.33670930195059423,-0.03832182093474311,-0.6406097079974047,-0.7366510964544389,27,jute,Sandy soil
23800,-0.9089503032237339,0.17449124089587287,-0.09597647149880119,-0.8975029591088394,-0.3442096784292314,0.484722887459344,1.3551442572291246,0.7860142231923529,0.6865197318521213,0.4229905807490061,-0.3956425512103636,-0.8277558940249184,27,jute,Sandy soil
23802,-0.9089503032237339,0.17449124089587287,-0.09597647149880119,-0.8975029591088394,-0.19033373889379193,0.36945601581937276,0.6215346914797015,0.5752462128510869,0.20714988346854712,-0.3074207219169301,-0.6231120539411876,-0.3722319061725211,27,jute,Sandy soil
23804,-0.9089503032237339,0.17449124089587287,-0.09597647149880119,-0.8975029591088394,0.7329218983188477,0.42236539952296587,0.024410626334822903,0.9600171078948626,0.012810755745476398,-0.2571494986565218,-0.8739117620803011,-0.5362205417993842,27,jute,Sandy soil
23806,-0.9089503032237339,0.17449124089587287,-0.09597647149880119,-0.8975029591088394,0.4251700192479687,0.3826833617452709,1.5428118205603711,0.7921885191011512,0.7901672666377593,0.32540526500821304,-0.3839774485062187,-0.8787745806643869,27,jute,Sandy soil
23808,-0.9089503032237339,0.17449124089587287,-0.09597647149880119,-0.8975029591088394,-0.19033373889379193,0.23151369402071828,1.3551442572291246,0.6052757429529717,0.051678581290090786,-0.20983540617613702,0.07679410830750169,-0.4669808956458198,27,jute,Sandy soil
23810,-0.9089503032237339,0.17449124089587287,-0.09597647149880119,-0.8975029591088394,1.0406737773897279,0.49795023338524214,1.5598725081359395,0.5149065028332811,0.2503363562958962,-0.45823439169815605,0.09429176236371875,-0.8751303887615676,27,jute,Sandy soil
23812,-0.9089503032237339,0.17449124089587287,-0.09597647149880119,-0.8975029591088394,-0.19033373889379193,0.3921314659780554,1.082173256020037,0.3824397906081449,0.4403568367362322,-0.4966770918384684,-0.16817304847953973,-0.7658046316769923,27,jute,Sandy soil
23816,-0.9089503032237339,0.17449124089587287,-0.09597647149880119,-0.8975029591088394,0.5790459587834081,0.22206558978793375,0.8603843175376533,0.9364425235158127,0.7512994410931448,0.1450202874267471,-0.9672325837134597,-0.8058907426080033,27,jute,Sandy soil
23818,-0.9089503032237339,0.17449124089587287,-0.09597647149880119,-0.8975029591088394,-0.036457799358352465,0.3751248783590432,0.0073499387592553065,0.4598991392821654,0.6519705535902421,-0.029450428594671087,-0.7047677728702012,-0.4414715523260854,27,jute,Sandy soil
23820,-0.9089503032237339,0.17449124089587287,-0.09597647149880119,-0.8975029591088394,-0.3442096784292314,0.3996899493642832,1.6622366335893475,1.0203568179126683,0.5915094916319539,-0.11816435199539212,-0.20900090794404635,-0.30663645192177574,27,jute,Sandy soil
23822,-0.9089503032237339,0.17449124089587287,-0.09597647149880119,-0.8975029591088394,0.11741814017708838,0.5300737877767099,1.6451759460137791,0.34820051329571544,0.6822010845693867,-0.4671057840382281,-0.11568008631088769,-0.4852018551599157,27,jute,Sandy soil
23824,-0.9089503032237339,0.17449124089587287,-0.09597647149880119,-0.8975029591088394,-0.036457799358352465,0.5697558255544048,0.9115663802643573,1.1191455524534475,0.38853306934341325,-0.2334924524163292,0.10012431371579124,-0.6236811474670444,27,jute,Sandy soil
23826,-0.9089503032237339,0.17449124089587287,-0.09597647149880119,-0.8975029591088394,0.4251700192479687,0.3978003285177264,0.1097140642126627,0.5631782708475258,0.7512994410931448,0.02377792544576145,-0.6522748107015496,-0.6892766017177895,27,jute,Sandy soil
23828,-0.9089503032237339,0.17449124089587287,-0.09597647149880119,-0.8975029591088394,0.8867978378542885,0.4866125083059008,0.6897774417819738,0.39675293112399657,0.20283123618581245,0.5146616349297514,-0.261493870112698,-0.40502963329789365,27,jute,Sandy soil
23830,-0.9089503032237339,0.17449124089587287,-0.09597647149880119,-0.8975029591088394,1.0406737773897279,0.47527478322655947,-0.026771436391880492,1.089957971793672,0.23738041444769156,-0.5706053613390693,-0.3781448971541462,-0.8168233183164607,27,jute,Sandy soil
23832,-0.9089503032237339,0.17449124089587287,-0.09597647149880119,-0.8975029591088394,-0.49808561796467227,0.4998398542317995,2.1911179484319545,0.6476538648724537,0.07327181770376531,0.26626264940773237,-0.9788976864176047,-0.2738387247964032,27,jute,Sandy soil
23834,-0.9089503032237339,0.17449124089587287,-0.09597647149880119,-0.8975029591088394,1.0406737773897279,0.5414115128560513,1.730479383891619,0.7166937191253853,0.29352282912324523,0.1923343799071315,-0.1856707025357568,-0.3139248357274142,27,jute,Sandy soil
23836,-0.9089503032237339,0.17449124089587287,-0.09597647149880119,-0.8975029591088394,1.1945497169251689,0.5508596170888358,1.7816614466183236,0.9434587688667203,0.1855566470548726,-0.32220637581705025,-0.868079210728229,-0.762160439774173,27,jute,Sandy soil
23838,-0.9089503032237339,0.17449124089587287,-0.09597647149880119,-0.8975029591088394,-0.6519615575001118,0.40346919105739676,0.5362312536018617,0.8140792045959835,0.574234902501014,-0.15069279057565632,-0.1740055998316118,-0.904283923984121,27,jute,Sandy soil
23840,-0.9089503032237339,0.17449124089587287,-0.09597647149880119,-0.8975029591088394,0.5790459587834081,0.4280342620626368,2.174057260856386,0.7220260655920747,0.531048429673665,0.45551901932927075,-0.5647865404204635,-0.4815576632570964,27,jute,Sandy soil
23842,-0.9089503032237339,0.17449124089587287,-0.09597647149880119,-0.8975029591088394,-0.3442096784292314,0.5527492379353925,1.3210228820779881,0.6038724938827902,0.12941423237931896,-0.6208765845994779,0.08845921101164668,-0.7293627126488005,27,jute,Sandy soil
23844,-0.9089503032237339,0.17449124089587287,-0.09597647149880119,-0.8975029591088394,0.4251700192479687,0.23718255656038922,0.31444231511947873,0.9931337859511465,0.5569603133700741,-0.5824338844591654,-1.0372231999383288,-0.47062508754863874,27,jute,Sandy soil
23846,-0.9089503032237339,0.17449124089587287,-0.09597647149880119,-0.8975029591088394,-0.036457799358352465,0.4563785747609904,1.8499041969205952,1.0767674305339656,0.28920418184051055,-0.5380769227588049,-0.45396806473108775,-0.6419021069811403,27,jute,Sandy soil
23848,-0.9089503032237339,0.17449124089587287,-0.09597647149880119,-0.8975029591088394,-0.3442096784292314,0.3921314659780554,2.208178636007523,0.8413022365575047,0.27624823999230536,0.298791087987997,-0.3489821403937841,-0.7147859450375238,27,jute,Sandy soil
23850,-0.9089503032237339,0.17449124089587287,-0.09597647149880119,-0.8975029591088394,0.8867978378542885,0.2882023194174255,0.21207818966607073,0.4596184894681287,0.6433332590247722,-0.3902203837576034,-0.8855768647844461,-0.6674114503008746,27,jute,Sandy soil
23852,-0.9089503032237339,0.17449124089587287,-0.09597647149880119,-0.8975029591088394,-0.9597134365709921,0.31276739042266555,1.3210228820779881,0.6114500388617705,0.6865197318521213,-0.192092621495993,-0.9788976864176047,-0.6419021069811403,27,jute,Sandy soil
23854,-0.9089503032237339,0.17449124089587287,-0.09597647149880119,-0.8975029591088394,1.1945497169251689,0.47338516238000267,1.4233870075313961,0.8735769651716798,0.3410279492333289,-0.22757819085628148,-0.31398683228135,-0.9480142268179512,27,jute,Sandy soil
23858,-0.9089503032237339,0.17449124089587287,-0.09597647149880119,-0.8975029591088394,-0.036457799358352465,0.24096179825350283,1.6451759460137791,0.8881707555015679,0.4403568367362322,-0.29854932957685804,-0.7047677728702012,-0.7366510964544389,27,jute,Sandy soil
23860,-0.9089503032237339,0.17449124089587287,-0.09597647149880119,-0.8975029591088394,0.4251700192479687,0.4866125083059008,0.928627067839925,0.9103420908104364,0.479224662280846,0.45551901932927075,-0.3548146917458566,-0.39045286568661697,27,jute,Sandy soil
23864,-0.9089503032237339,0.17449124089587287,-0.09597647149880119,-0.8975029591088394,1.1945497169251689,0.2749749734915274,0.8945056926887891,0.9906079376248196,0.06031587585556011,0.17459159522698744,-0.08068477819845356,-0.8131791264136418,27,jute,Sandy soil
23868,-0.9089503032237339,0.17449124089587287,-0.09597647149880119,-0.8975029591088394,0.27129407971252784,0.23340331486727536,1.0992339435956047,0.46270563742252846,0.4662687204326414,0.40820492684888593,-0.6114469512370426,-0.5289321579937457,27,jute,Sandy soil
23870,-0.9089503032237339,0.17449124089587287,-0.09597647149880119,-0.8975029591088394,-0.19033373889379193,0.42614464121608,0.38268506542175035,0.9990274320459087,0.6865197318521213,0.27809117252782867,-0.9963953404738217,-0.2957038762133183,27,jute,Sandy soil
23874,-0.9089503032237339,0.17449124089587287,-0.09597647149880119,-0.8975029591088394,1.0406737773897279,0.30142966534332394,-0.0438321239674487,1.0298989115899024,0.5483230188046049,-0.2541923678764975,-0.5822841944766806,-0.842332661636195,27,jute,Sandy soil
23876,-0.9089503032237339,0.17449124089587287,-0.09597647149880119,-0.8975029591088394,1.3484256564606083,0.48094364576623044,1.730479383891619,0.3706524984186199,0.11645829053111435,-0.6208765845994779,-0.6989352215181287,-0.38680867378379774,27,jute,Sandy soil
23878,-0.9089503032237339,0.17449124089587287,-0.09597647149880119,-0.8975029591088394,0.11741814017708838,0.5546388587819494,0.55329194117743,0.9900466379967469,0.37557712749520866,0.26626264940773237,-0.926404724248953,-0.7658046316769923,27,jute,Sandy soil
23880,-0.9089503032237339,0.17449124089587287,-0.09597647149880119,-0.8975029591088394,-0.3442096784292314,0.29954004449676713,1.935207634798435,0.8603864239119741,0.3583025383642688,-0.626790846159526,-0.7106003242222737,-0.4268947847148088,27,jute,Sandy soil
23884,-0.9089503032237339,0.17449124089587287,-0.09597647149880119,-0.8975029591088394,0.11741814017708838,0.4582681956075472,0.2973816275439105,1.0995000654709062,0.15532611607572813,0.45551901932927075,0.0009709407305605154,-0.25197357337948806,27,jute,Sandy soil
23886,-0.9089503032237339,0.17449124089587287,-0.09597647149880119,-0.8975029591088394,1.1945497169251689,0.3467805656606898,1.3722049448046916,0.333045423337755,0.7383434992449402,-0.2867208064567622,-0.3489821403937841,-0.44511574422890465,27,jute,Sandy soil
23888,-0.9089503032237339,0.17449124089587287,-0.09597647149880119,-0.8975029591088394,1.1945497169251689,0.26552686925874286,1.2357194442001485,1.0329860595443021,0.6433332590247722,-0.30150646035688233,-0.6931026701660566,-0.8496210454418335,27,jute,Sandy soil
23890,-0.9089503032237339,0.17449124089587287,-0.09597647149880119,-0.8975029591088394,-0.8058374970355525,0.5640869630147339,1.2869015069268517,0.7178163183815301,0.4662687204326414,0.18346298756705948,-0.27899152416891543,-0.5325763498965649,27,jute,Sandy soil
23892,-0.9089503032237339,0.17449124089587287,-0.09597647149880119,-0.8975029591088394,-0.19033373889379193,0.2919815611105394,0.928627067839925,0.8960289502945843,0.1855566470548726,0.36976222670857356,-0.5122935782518119,-0.3321457952415101,27,jute,Sandy soil
23894,-0.9089503032237339,0.17449124089587287,-0.09597647149880119,-0.8975029591088394,0.4251700192479687,0.36567677412625865,1.2869015069268517,1.0254085145653218,0.18123799977213792,0.19529151068715578,-0.5414563350121739,-0.24104099767103063,27,jute,Sandy soil
23896,-0.9089503032237339,0.17449124089587287,-0.09597647149880119,-0.8975029591088394,1.0406737773897279,0.21072786470859242,0.31444231511947873,0.8157631034802011,0.6994756737003265,-0.2364495831963535,-0.926404724248953,-0.4815576632570964,27,jute,Sandy soil
23898,-0.9089503032237339,0.17449124089587287,-0.09597647149880119,-0.8975029591088394,0.7329218983188477,0.2636372484121858,1.406326319955828,0.9277423792806874,0.582872197066484,0.37863361904864556,-0.8797443134323736,-0.962590994429228,27,jute,Sandy soil
23902,-0.9089503032237339,0.17449124089587287,-0.09597647149880119,-0.8975029591088394,1.1945497169251689,0.24663066079317375,1.6451759460137791,0.3644782025098214,0.06463452313829537,-0.552862576658925,-0.9672325837134597,-0.48884604706273466,27,jute,Sandy soil
23904,-0.9089503032237339,0.17449124089587287,-0.09597647149880119,-0.8975029591088394,-0.8058374970355525,0.25229952333284444,0.22913887724163892,0.6086435407214075,0.626058669893833,-0.5883481460192136,-0.9788976864176047,-0.28112710860204165,27,jute,Sandy soil
23908,-0.9089503032237339,0.17449124089587287,-0.09597647149880119,-0.8975029591088394,0.7329218983188477,0.22206558978793375,1.508690445409236,0.390017335587125,0.574234902501014,-0.6208765845994779,-0.22066601064819133,-0.9079281158869403,27,jute,Sandy soil
23910,-0.9089503032237339,0.17449124089587287,-0.09597647149880119,-0.8975029591088394,-0.8058374970355525,0.3505598073538037,1.4575083826825315,0.5311841920473866,0.37557712749520866,-0.4050060376577235,-0.6931026701660566,-0.7949581668995458,27,jute,Sandy soil
23912,-0.9089503032237339,0.17449124089587287,-0.09597647149880119,-0.8975029591088394,0.11741814017708838,0.4318135037557504,0.8092022548109493,1.0826610766287277,0.22442447259948697,-0.14182139823558432,-0.4889633728435223,-0.8241117021220992,27,jute,Sandy soil
23914,-0.9089503032237339,0.17449124089587287,-0.09597647149880119,-0.8975029591088394,0.8867978378542885,0.2239552106344908,1.1333553187467404,0.7924691689151878,0.15100746879299348,-0.5262483996387088,-0.62894460529326,-0.594527612244491,27,jute,Sandy soil
23916,-0.9089503032237339,0.17449124089587287,-0.09597647149880119,-0.8975029591088394,-0.3442096784292314,0.4412616079885349,1.3892656323802597,0.3897366857730889,0.26329229814410077,0.24260560316754018,-0.9439023783051701,-0.26655034099076497,27,jute,Sandy soil
23918,-0.9089503032237339,0.17449124089587287,-0.09597647149880119,-0.8975029591088394,0.5790459587834081,0.22206558978793375,1.1333553187467404,0.9883627391125293,0.6476519063075076,-0.1743498368158485,-0.815586248559577,-0.36129933046406343,27,jute,Sandy soil
23920,-0.9089503032237339,0.17449124089587287,-0.09597647149880119,-0.8975029591088394,-0.19033373889379193,0.4525993330678768,0.8945056926887891,0.696206282700735,0.3410279492333289,0.23077708004744385,-0.8797443134323736,-0.7002091774262471,27,jute,Sandy soil
23922,-0.9089503032237339,0.17449124089587287,-0.09597647149880119,-0.8975029591088394,-0.19033373889379193,0.4998398542317995,0.5703526287529982,1.0436507524776817,0.02144805031094633,-0.002836251574454608,-0.5064610268997394,-0.7585162478713541,27,jute,Sandy soil
23924,-0.9089503032237339,0.17449124089587287,-0.09597647149880119,-0.8975029591088394,0.4251700192479687,0.21828634809482014,0.8092022548109493,0.5205194991140072,-0.00014518610272819458,-0.020579036254599066,-0.4248053079707257,-0.6491904907867787,27,jute,Sandy soil
23926,-0.9089503032237339,0.17449124089587287,-0.09597647149880119,-0.8975029591088394,0.5790459587834081,0.25040990248628736,0.16089612693936672,0.3902979854011617,0.626058669893833,0.5176187657097753,-0.8622466593761565,-0.802246550705184,27,jute,Sandy soil
23928,-0.9089503032237339,0.17449124089587287,-0.09597647149880119,-0.8975029591088394,1.0406737773897279,0.5092879584645841,0.4509278157240219,1.0343893086144837,0.3496652437987988,-0.32516350659707455,-0.23233111335233592,-0.46333670374300057,27,jute,Sandy soil
23930,-0.9089503032237339,0.17449124089587287,-0.09597647149880119,-0.8975029591088394,0.7329218983188477,0.46960592068688856,0.041471313910391105,0.6375504715671468,0.36262118564700346,-0.549905445878901,-0.1215126376629602,-0.28841549240767983,27,jute,Sandy soil
23936,-0.9089503032237339,0.17449124089587287,-0.09597647149880119,-0.8975029591088394,0.8867978378542885,0.320325873808893,-0.009710748816312897,0.9521589131018455,0.24169906173042624,-0.5853910152391895,-0.45396806473108775,-0.6710556422036936,27,jute,Sandy soil
23938,-0.9089503032237339,0.17449124089587287,-0.09597647149880119,-0.8975029591088394,-0.49808561796467227,0.2239552106344908,-0.11207487426972029,0.7155711198692398,0.522411135108195,0.4229905807490061,-0.570619091772536,-0.28112710860204165,27,jute,Sandy soil
23940,-0.9089503032237339,0.17449124089587287,-0.09597647149880119,-0.8975029591088394,0.8867978378542885,0.3732352575124864,1.6451759460137791,0.798082165195914,0.2201058253167517,0.2041629030272278,-0.10401498360674312,-0.8751303887615676,27,jute,Sandy soil
23942,-0.9089503032237339,0.17449124089587287,-0.09597647149880119,-0.8975029591088394,-0.8058374970355525,0.47149554153344586,2.174057260856386,0.9810658439475856,0.2330617671649563,0.3106196111080929,0.05346390289921213,-0.5617298851191183,27,jute,Sandy soil
23944,-0.9089503032237339,0.17449124089587287,-0.09597647149880119,-0.8975029591088394,-0.19033373889379193,0.36000791158658824,0.21207818966607073,0.920164834301707,0.5051365459772558,-0.056064605614887145,0.10595686506786374,-0.4961344308683731,27,jute,Sandy soil
23946,-0.9089503032237339,0.17449124089587287,-0.09597647149880119,-0.8975029591088394,-0.6519615575001118,0.3770144992056005,2.1058145105541146,0.9754528476668595,0.5440043715218695,-0.04127895171476697,-0.9730651350655322,-0.5435089256050223,27,jute,Sandy soil
23948,-0.9089503032237339,0.17449124089587287,-0.09597647149880119,-0.8975029591088394,-0.8058374970355525,0.3241051155020069,0.928627067839925,0.9131485889507994,0.626058669893833,0.45256188854924645,-0.06901967549430858,-0.5799508446332141,27,jute,Sandy soil
23950,-0.9089503032237339,0.17449124089587287,-0.09597647149880119,-0.8975029591088394,0.11741814017708838,0.5546388587819494,0.38268506542175035,0.5873141548546479,0.7901672666377593,-0.5765196228991175,-0.7164328755743462,-0.6163927636614059,27,jute,Sandy soil
23952,-0.9089503032237339,0.17449124089587287,-0.09597647149880119,-0.8975029591088394,-0.49808561796467227,0.41669653698329545,0.7409595045086778,0.9841529919019847,0.07327181770376531,0.387505011388718,-0.10984753495881562,-0.860553621150291,27,jute,Sandy soil
23954,-0.9089503032237339,0.17449124089587287,-0.09597647149880119,-0.8975029591088394,-0.6519615575001118,0.5130672001576977,0.041471313910391105,0.7136065711709855,0.7988045612032292,-0.07676452107505546,-0.11568008631088769,-0.514355390382469,27,jute,Sandy soil
23956,-0.9089503032237339,0.17449124089587287,-0.09597647149880119,-0.8975029591088394,-0.9597134365709921,0.4280342620626368,1.7816614466183236,0.7068709756341146,0.5569603133700741,0.4939617194695831,-0.10984753495881562,-0.6091043798557677,27,jute,Sandy soil
23958,-0.9089503032237339,0.17449124089587287,-0.09597647149880119,-0.8975029591088394,0.5790459587834081,0.4072484327505109,1.5598725081359395,0.7282003615008735,0.617421375328363,-0.12112148277541598,-0.6697724647577666,-0.7803813992882689,27,jute,Sandy soil
23960,-0.9089503032237339,0.17449124089587287,-0.09597647149880119,-0.8975029591088394,-0.6519615575001118,0.4885021291524576,0.5191705660262941,0.6426021682198002,0.28920418184051055,0.2958339572079727,-0.6522748107015496,-0.4961344308683731,27,jute,Sandy soil
23962,-0.9089503032237339,0.17449124089587287,-0.09597647149880119,-0.8975029591088394,1.3484256564606083,0.5017294750783563,1.935207634798435,0.3650395021378938,0.5699162552182794,0.27513404174780437,-0.9497349296572426,-0.5216437741881075,27,jute,Sandy soil
23964,-0.9089503032237339,0.17449124089587287,-0.09597647149880119,-0.8975029591088394,1.1945497169251689,0.5376322711629377,-0.026771436391880492,0.9987467822318726,0.38421442206067796,-0.13295000589551229,-0.6114469512370426,-0.39045286568661697,27,jute,Sandy soil
23968,-0.9089503032237339,0.17449124089587287,-0.09597647149880119,-0.8975029591088394,-0.3442096784292314,0.25040990248628736,0.6727167542064055,1.1542267792079857,0.41012630575708775,-0.5558197074389492,-0.6406097079974047,-0.8641978130531102,27,jute,Sandy soil
23970,-0.9089503032237339,0.17449124089587287,-0.09597647149880119,-0.8975029591088394,-0.6519615575001118,0.3959107076711696,0.024410626334822903,0.7068709756341146,0.5958281389146886,-0.5292055304187329,0.07096155695542919,-0.2738387247964032,27,jute,Sandy soil
23972,-0.9089503032237339,0.17449124089587287,-0.09597647149880119,-0.8975029591088394,0.11741814017708838,0.484722887459344,0.8092022548109493,0.38187849098007215,0.18123799977213792,0.18642011834708333,-0.08651732955052564,-0.47062508754863874,27,jute,Sandy soil
23974,-0.9089503032237339,0.17449124089587287,-0.09597647149880119,-0.8975029591088394,-0.3442096784292314,0.39402108682461223,0.5703526287529982,0.9743302484107139,0.23738041444769156,-0.6090480614793816,-0.4189727566186532,-0.4123180171035321,27,jute,Sandy soil
23976,-0.9089503032237339,0.17449124089587287,-0.09597647149880119,-0.8975029591088394,1.1945497169251689,0.3335532197347914,1.3892656323802597,0.8210954499468912,0.4489941313017015,-0.32220637581705025,-0.06901967549430858,-0.5107111984796497,27,jute,Sandy soil
23978,-0.9089503032237339,0.17449124089587287,-0.09597647149880119,-0.8975029591088394,-0.49808561796467227,0.5773143089406326,2.0887538229785463,1.1104454082183224,0.3323906546678596,0.011949402325665564,-0.22649856200026383,-0.8969955401784827,27,jute,Sandy soil
23980,-0.9089503032237339,0.17449124089587287,-0.09597647149880119,-0.8975029591088394,-0.6519615575001118,0.4242550203695232,0.7580201920842453,0.7136065711709855,0.7988045612032292,0.07404914870617012,-0.6931026701660566,-0.7111417531347046,27,jute,Sandy soil
23982,-0.9089503032237339,0.17449124089587287,-0.09597647149880119,-0.8975029591088394,1.0406737773897279,0.5451907545491649,0.6215346914797015,0.9566493101264268,0.7599367356586147,-0.18617835993594484,-0.05152202143809151,-0.3977412494922552,27,jute,Sandy soil
23984,-0.9089503032237339,0.17449124089587287,-0.09597647149880119,-0.8975029591088394,-0.8058374970355525,0.46393705814721814,0.024410626334822903,0.7105194232165865,0.5612789606528095,-0.2541923678764975,0.04179880019506714,-0.594527612244491,27,jute,Sandy soil
23986,-0.9089503032237339,0.17449124089587287,-0.09597647149880119,-0.8975029591088394,-0.49808561796467227,0.5395218920094944,1.4916297578336677,1.1244778989201376,0.7297062046794703,-0.6120051922594058,-0.4889633728435223,-0.9407258430123129,27,jute,Sandy soil
23988,-0.9089503032237339,0.17449124089587287,-0.09597647149880119,-0.8975029591088394,1.3484256564606083,0.46582667899377495,2.208178636007523,0.5334293905596776,0.3194347128196544,-0.4523201301381079,-0.3839774485062187,-0.5763066527303952,27,jute,Sandy soil
23990,-0.9089503032237339,0.17449124089587287,-0.09597647149880119,-0.8975029591088394,-0.49808561796467227,0.5073983376180267,2.122875198129683,0.4888060701279048,0.48786195684631595,0.09474906416633845,-0.7689258377429978,-0.6346137231755018,27,jute,Sandy soil
23994,-0.9089503032237339,0.17449124089587287,-0.09597647149880119,-0.8975029591088394,-0.6519615575001118,0.29387118195709644,0.9115663802643573,0.6956449830726623,0.3064787709714498,0.15093454898679526,-0.12734518901503267,-0.6346137231755018,27,jute,Sandy soil
23996,-0.9089503032237339,0.17449124089587287,-0.09597647149880119,-0.8975029591088394,-0.3442096784292314,0.5338530294698235,0.5703526287529982,0.8452313339540133,0.267610945426836,-0.05015034405483941,-0.14484284307124975,-0.430538976617628,27,jute,Sandy soil
23998,-0.9089503032237339,0.17449124089587287,-0.09597647149880119,-0.8975029591088394,-0.49808561796467227,0.3751248783590432,2.1058145105541146,0.7826464254239172,0.11213964324837908,-0.5794767536791413,-0.3839774485062187,-0.6455462988839594,27,jute,Sandy soil
40000,-0.9089503032237339,-1.0687588504872214,0.4123900170997968,-0.8975029591088394,1.1945497169251689,-0.5262242654486016,0.05853200148595931,0.3279937266851016,0.4446754840189669,0.5324044196098955,-0.13317774036710517,0.7428908160901475,55,watermelon,Sandy soil
40001,-0.9089503032237339,-1.0687588504872214,-1.621075937294595,-0.8975029591088394,-0.49808561796467227,-0.6736146914800403,-0.0438321239674487,0.2788800092287481,0.5051365459772558,0.8044604513721068,0.4150820867277013,0.6007673318801994,55,watermelon,Sandy soil
40002,-0.9089503032237339,-1.0687588504872214,0.9207565056983947,-0.8975029591088394,0.27129407971252784,-0.7057382458715078,-0.09501418669415271,0.41892426643286435,0.37557712749520866,0.5412758119499674,0.1351196218282258,0.2727900606264733,55,watermelon,Sandy soil
40003,-0.9089503032237339,-1.0687588504872214,-0.09597647149880119,-0.8975029591088394,0.11741814017708838,-0.7076278667180647,0.16089612693936672,0.1281710590912517,0.2589736508613661,0.18642011834708333,0.6658817948668152,1.5409688428075479,55,watermelon,Sandy soil
40005,-0.9089503032237339,-1.0687588504872214,0.4123900170997968,-0.8975029591088394,-0.6519615575001118,-0.5677959240728536,0.041471313910391105,0.4318341578785348,0.24169906173042624,0.47326180400941475,0.2459380975176015,0.6116999075886573,55,watermelon,Sandy soil
40006,-0.9089503032237339,-1.0687588504872214,-1.621075937294595,-0.8975029591088394,0.5790459587834081,-0.5583478198400691,-0.0608928115430169,0.6322181251004568,0.48786195684631595,0.156848810546843,0.1234545191240808,0.16710849544471745,55,watermelon,Sandy soil
40007,-0.9089503032237339,-1.0687588504872214,0.9207565056983947,-0.8975029591088394,1.3484256564606083,-0.5696855449194104,0.1438354393637991,0.10543842415431087,0.40148901119161784,0.4673475424493666,0.5317331137691496,1.1036658144692464,55,watermelon,Sandy soil
40008,-0.9089503032237339,-1.0687588504872214,-0.09597647149880119,-0.8975029591088394,0.8867978378542885,-0.5734647866125243,0.09265337663709511,0.38636888800465313,0.32375336010238964,0.2012057722472035,0.32759381644661517,1.1619728849143531,55,watermelon,Sandy soil
40009,-0.9089503032237339,-1.0687588504872214,-0.6043429600973992,-0.8975029591088394,0.11741814017708838,-0.5904713742315365,0.28032093996834234,0.6636509042725232,0.5612789606528095,0.825160366832275,0.15844982723651535,1.329605712444035,55,watermelon,Sandy soil
40010,-0.9089503032237339,-1.0687588504872214,0.4123900170997968,-0.8975029591088394,-0.3442096784292314,-0.701959004178394,0.31444231511947873,0.7085548745183321,0.18123799977213792,0.5590185966301119,0.1409521731802983,0.19261783876445154,55,watermelon,Sandy soil
40011,-0.9089503032237339,-1.0687588504872214,-1.621075937294595,-0.8975029591088394,0.7329218983188477,-0.6641665872472557,0.17795681451493492,0.40713697424334,0.2719295927095707,0.9079600286729479,0.6833794489230323,0.6955163213534983,55,watermelon,Sandy soil
40015,-0.9089503032237339,-1.0687588504872214,0.4123900170997968,-0.8975029591088394,1.0406737773897279,-0.7227448334905201,0.05853200148595931,0.7441974009009431,0.20283123618581245,1.0321595214339574,0.3509240218549051,0.8121304622437121,55,watermelon,Sandy soil
40017,-0.9089503032237339,-1.0687588504872214,0.9207565056983947,-0.8975029591088394,0.27129407971252784,-0.6055883410039917,0.38268506542175035,0.23958903526366526,0.29784147640597985,0.10953471806645862,0.39175188131941174,1.194770612039726,55,watermelon,Sandy soil
40018,-0.9089503032237339,-1.0687588504872214,-0.09597647149880119,-0.8975029591088394,-0.8058374970355525,-0.6055883410039917,-0.0779534991185845,0.06109575353657466,0.4749060149981113,0.5205758964897995,0.1817800326448049,0.2982994039462077,55,watermelon,Sandy soil
40019,-0.9089503032237339,-1.0687588504872214,-0.6043429600973992,-0.8975029591088394,-0.19033373889379193,-0.5980298576177641,0.2461995648172065,0.6945223838165169,0.3410279492333289,1.1208734448346784,0.5842260759378015,0.8194188460493501,55,watermelon,Sandy soil
40020,-0.9089503032237339,-1.0687588504872214,0.4123900170997968,-0.8975029591088394,0.7329218983188477,-0.5129969195227032,0.2461995648172065,0.15455214161066438,0.16828205792393272,0.020820794665737583,-0.4656331674352323,1.1291751577889801,55,watermelon,Sandy soil
40021,-0.9089503032237339,-1.0687588504872214,-1.621075937294595,-0.8975029591088394,1.0406737773897279,-0.5715751657659675,0.07559268906152691,0.7105194232165865,0.4619500731499067,0.5738042505302321,0.5725609732336566,0.45499965576743223,55,watermelon,Sandy soil
40022,-0.9089503032237339,-1.0687588504872214,0.9207565056983947,-0.8975029591088394,1.0406737773897279,-0.7397514211095321,0.17795681451493492,0.3409036181307714,0.31079741825418505,0.06813488714612197,-0.2498287674085534,1.4024895505004187,55,watermelon,Sandy soil
40024,-0.9089503032237339,-1.0687588504872214,-0.6043429600973992,-0.8975029591088394,0.8867978378542885,-0.4846526068243496,-0.09501418669415271,0.6869448388375364,0.28920418184051055,0.38159074982866986,-0.43647041067487025,0.2837226363349313,55,watermelon,Sandy soil
40025,-0.9089503032237339,-1.0687588504872214,0.4123900170997968,-0.8975029591088394,1.1945497169251689,-0.5451204739141706,0.0073499387592553065,0.6288503273320216,0.4403568367362322,0.1598059413268673,0.32759381644661517,0.7246698565760517,55,watermelon,Sandy soil
40026,-0.9089503032237339,-1.0687588504872214,-1.621075937294595,-0.8975029591088394,-0.19033373889379193,-0.7397514211095321,0.31444231511947873,0.7924691689151878,0.20714988346854712,1.0173738675338373,0.5317331137691496,1.1291751577889801,55,watermelon,Sandy soil
40027,-0.9089503032237339,-1.0687588504872214,0.9207565056983947,-0.8975029591088394,-0.19033373889379193,-0.599919478464321,-0.1291355618452885,0.46270563742252846,0.3798957747779433,0.12136324118655492,0.6600492435147427,0.29101102014056923,55,watermelon,Sandy soil
40028,-0.9089503032237339,-1.0687588504872214,-0.09597647149880119,-0.8975029591088394,-0.6519615575001118,-0.5829128908453088,0.26326025239277473,0.5707558158265063,0.4533127785844368,0.5531043350700637,0.6483841408105977,0.15617591973625977,55,watermelon,Sandy soil
40029,-0.9089503032237339,-1.0687588504872214,-0.6043429600973992,-0.8975029591088394,0.11741814017708838,-0.6433807579351299,-0.026771436391880492,0.09000268438231404,0.5915094916319539,1.0025882136337172,-0.4306378593227982,0.49872995860126246,55,watermelon,Sandy soil
40030,-0.9089503032237339,-1.0687588504872214,0.4123900170997968,-0.8975029591088394,-0.19033373889379193,-0.5356723696813861,0.1950175020905025,0.6832963912550646,0.40148901119161784,-0.03240755937469495,-0.4014751025624361,0.6955163213534983,55,watermelon,Sandy soil
40031,-0.9089503032237339,-1.0687588504872214,-1.621075937294595,-0.8975029591088394,0.5790459587834081,-0.5451204739141706,-0.0438321239674487,0.21994354828112386,0.24169906173042624,-0.011707643914526628,0.6658817948668152,1.508171115682175,55,watermelon,Sandy soil
40032,-0.9089503032237339,-1.0687588504872214,0.9207565056983947,-0.8975029591088394,0.4251700192479687,-0.6717250706334835,-0.0438321239674487,0.41836296680479224,0.5094551932599904,0.041520710125905906,0.3742542272631947,0.5169509181153584,55,watermelon,Sandy soil
40034,-0.9089503032237339,-1.0687588504872214,-0.6043429600973992,-0.8975029591088394,1.1945497169251689,-0.46197715666566663,-0.009710748816312897,0.0689539483295911,0.5871908443492186,0.6802609586110971,0.50840290836086,0.8740817245916378,55,watermelon,Sandy soil
40035,-0.9089503032237339,-1.0687588504872214,0.4123900170997968,-0.8975029591088394,0.11741814017708838,-0.5394516113745,-0.009710748816312897,0.2278017430741403,0.3712584802124734,0.7985461898120586,-0.3081542809292775,0.14524334402780234,55,watermelon,Sandy soil
40036,-0.9089503032237339,-1.0687588504872214,-1.621075937294595,-0.8975029591088394,1.3484256564606083,-0.5753544074590811,0.22913887724163892,0.23145019065661215,0.574234902501014,0.006035140765617411,-0.3956425512103636,1.1364635415946187,55,watermelon,Sandy soil
40037,-0.9089503032237339,-1.0687588504872214,0.9207565056983947,-0.8975029591088394,0.7329218983188477,-0.5659063032262965,0.0073499387592553065,0.5825431080160312,0.1985125889030772,0.8399460207323952,-0.05152202143809151,1.5664781861272816,55,watermelon,Sandy soil
40038,-0.9089503032237339,-1.0687588504872214,-0.09597647149880119,-0.8975029591088394,-0.49808561796467227,-0.6641665872472557,0.09265337663709511,0.1974915631582194,0.5353670769563996,1.0025882136337172,0.45007739484013587,0.8740817245916378,55,watermelon,Sandy soil
40039,-0.9089503032237339,-1.0687588504872214,-0.6043429600973992,-0.8975029591088394,1.3484256564606083,-0.7340825585698614,-0.0438321239674487,0.6501797131987807,0.49218060412905057,0.913874290232996,-0.33731703768963955,1.001628441190309,55,watermelon,Sandy soil
40040,-0.9089503032237339,-1.0687588504872214,0.4123900170997968,-0.8975029591088394,1.1945497169251689,-0.7114071084111785,0.2461995648172065,0.3428681668290257,0.4533127785844368,0.7867176666919626,0.4325797407839188,0.9360329869395639,55,watermelon,Sandy soil
40041,-0.9089503032237339,-1.0687588504872214,-1.621075937294595,-0.8975029591088394,0.11741814017708838,-0.4808733651312357,0.31444231511947873,0.688067438093682,0.1855566470548726,0.5205758964897995,-0.22066601064819133,0.9506097545508408,55,watermelon,Sandy soil
40043,-0.9089503032237339,-1.0687588504872214,-0.09597647149880119,-0.8975029591088394,0.7329218983188477,-0.5111072986761463,0.0073499387592553065,0.5662654188019249,0.3323906546678596,0.8044604513721068,-0.22066601064819133,0.2071946063757282,55,watermelon,Sandy soil
40044,-0.9089503032237339,-1.0687588504872214,-0.6043429600973992,-0.8975029591088394,-0.3442096784292314,-0.5205554029089309,0.31444231511947873,0.24716658024264535,0.4187636003225577,0.18642011834708333,0.6308864867543806,0.39304839341950665,55,watermelon,Sandy soil
40045,-0.9089503032237339,-1.0687588504872214,0.4123900170997968,-0.8975029591088394,-0.3442096784292314,-0.6944005207921665,0.3485636902706145,0.061657053164647084,0.3798957747779433,0.93161707491314,0.3334263677986877,1.0417145521213202,55,watermelon,Sandy soil
40046,-0.9089503032237339,-1.0687588504872214,-1.621075937294595,-0.8975029591088394,-0.3442096784292314,-0.5677959240728536,0.041471313910391105,0.44362145006805975,0.5094551932599904,-0.014664774694550914,0.1351196218282258,1.4024895505004187,55,watermelon,Sandy soil
40047,-0.9089503032237339,-1.0687588504872214,0.9207565056983947,-0.8975029591088394,-0.036457799358352465,-0.4808733651312357,0.1438354393637991,0.41920491624690104,0.5267297823909303,1.0262452598739094,-0.22066601064819133,1.1255309658861612,55,watermelon,Sandy soil
40048,-0.9089503032237339,-1.0687588504872214,-0.09597647149880119,-0.8975029591088394,1.0406737773897279,-0.4922110902105773,-0.0779534991185845,0.5519522782860736,0.38853306934341325,1.1179163140546542,0.09429176236371875,1.0089168249959475,55,watermelon,Sandy soil
40049,-0.9089503032237339,-1.0687588504872214,-0.6043429600973992,-0.8975029591088394,-0.19033373889379193,-0.5300035071417154,0.26326025239277473,0.38187849098007215,0.26329229814410077,0.4466476269891987,-0.4656331674352323,0.7210256646732327,55,watermelon,Sandy soil
40051,-0.9089503032237339,-1.0687588504872214,-1.621075937294595,-0.8975029591088394,0.8867978378542885,-0.5148865403692603,0.3656243778461821,0.723990614290329,0.427400894888027,0.18642011834708333,-0.15650794577539473,0.1415991521249831,55,watermelon,Sandy soil
40052,-0.9089503032237339,-1.0687588504872214,0.9207565056983947,-0.8975029591088394,1.0406737773897279,-0.7416410419560892,-0.009710748816312897,0.06614745018922805,0.172600705206668,0.11544897962650677,0.4267471894318463,1.2275683391650982,55,watermelon,Sandy soil
40053,-0.9089503032237339,-1.0687588504872214,-0.09597647149880119,-0.8975029591088394,0.5790459587834081,-0.6452703787816867,0.33150300269504634,0.12396131188070712,0.41012630575708775,0.9464027288132603,0.08262665965957418,1.2749428339017475,55,watermelon,Sandy soil
40054,-0.9089503032237339,-1.0687588504872214,-0.6043429600973992,-0.8975029591088394,1.3484256564606083,-0.6490496204748005,0.2461995648172065,0.8177276521784553,0.31511606553691973,0.2159914261473237,-0.31398683228135,1.3368940962496736,55,watermelon,Sandy soil
40055,-0.9089503032237339,-1.0687588504872214,0.4123900170997968,-0.8975029591088394,-0.6519615575001118,-0.6906212790990526,-0.026771436391880492,0.4413762515557688,0.5137738405427251,0.5176187657097753,0.6483841408105977,0.1816852630559941,55,watermelon,Sandy soil
40056,-0.9089503032237339,-1.0687588504872214,-1.621075937294595,-0.8975029591088394,-0.8058374970355525,-0.701959004178394,0.07559268906152691,0.42958895936624447,0.27624823999230536,0.18050585678703562,0.32759381644661517,1.2567218743876516,55,watermelon,Sandy soil
40057,-0.9089503032237339,-1.0687588504872214,0.9207565056983947,-0.8975029591088394,1.3484256564606083,-0.5545685781469551,0.05853200148595931,0.5578459243808358,0.38421442206067796,0.44369049620917445,0.2576032002217465,0.30194359584902714,55,watermelon,Sandy soil
40058,-0.9089503032237339,-1.0687588504872214,-0.09597647149880119,-0.8975029591088394,-0.8058374970355525,-0.6414911370885729,0.1097140642126627,0.846073283396122,0.2719295927095707,0.7541892281116981,-0.02235926467772946,0.22541556588982412,55,watermelon,Sandy soil
40060,-0.9089503032237339,-1.0687588504872214,0.4123900170997968,-0.8975029591088394,1.3484256564606083,-0.475204502591565,0.05853200148595931,0.15820058919313656,0.5137738405427251,0.6773038278310733,0.5433982164732946,1.0672238954410547,55,watermelon,Sandy soil
40061,-0.9089503032237339,-1.0687588504872214,-1.621075937294595,-0.8975029591088394,0.7329218983188477,-0.6188156869298902,0.09265337663709511,0.44418274969613186,0.32375336010238964,0.9345742056931644,0.22260789210931195,1.2275683391650982,55,watermelon,Sandy soil
40062,-0.9089503032237339,-1.0687588504872214,0.9207565056983947,-0.8975029591088394,-0.3442096784292314,-0.7340825585698614,0.2461995648172065,0.08354773865947913,0.2719295927095707,0.2840054340878768,-0.09234988090259813,1.4170663181116956,55,watermelon,Sandy soil
40063,-0.9089503032237339,-1.0687588504872214,-0.09597647149880119,-0.8975029591088394,0.5790459587834081,-0.6301534120092315,0.12677475178823092,0.5435327838649844,0.4187636003225577,0.08587767182626642,0.1292870704761533,1.2421451067763751,55,watermelon,Sandy soil
40064,-0.9089503032237339,-1.0687588504872214,-0.6043429600973992,-0.8975029591088394,0.8867978378542885,-0.6925108999456094,0.17795681451493492,0.7792786276554814,0.2201058253167517,0.899088636332876,0.44424484348806337,0.4659322314758902,55,watermelon,Sandy soil
40065,-0.9089503032237339,-1.0687588504872214,0.4123900170997968,-0.8975029591088394,0.5790459587834081,-0.7170759709508492,-0.09501418669415271,0.042292215996142045,0.37557712749520866,0.76306062045177,0.6717143462188877,0.3310971310715805,55,watermelon,Sandy soil
40066,-0.9089503032237339,-1.0687588504872214,-1.621075937294595,-0.8975029591088394,0.11741814017708838,-0.5470100947607275,0.07559268906152691,0.26372491927078734,0.16396341064119807,1.0025882136337172,0.006803492082632595,0.6408534428112106,55,watermelon,Sandy soil
40067,-0.9089503032237339,-1.0687588504872214,0.9207565056983947,-0.8975029591088394,-0.036457799358352465,-0.6301534120092315,-0.0779534991185845,0.14837784570186585,0.24169906173042624,1.1267877063947267,-0.22066601064819133,0.7647559675070624,55,watermelon,Sandy soil
40068,-0.9089503032237339,-1.0687588504872214,-0.09597647149880119,-0.8975029591088394,1.3484256564606083,-0.7189655917974063,0.024410626334822903,0.8721737161014983,0.4749060149981113,1.0558165676741496,0.5783935245857291,0.6044115237830189,55,watermelon,Sandy soil
40069,-0.9089503032237339,-1.0687588504872214,-0.6043429600973992,-0.8975029591088394,0.11741814017708838,-0.5848025116918656,0.1438354393637991,0.3987174798222508,0.3410279492333289,0.8902172439928039,0.3042636110383256,0.9433213707452024,55,watermelon,Sandy soil
40070,-0.9089503032237339,-1.0687588504872214,0.4123900170997968,-0.8975029591088394,1.0406737773897279,-0.5848025116918656,0.21207818966607073,0.38187849098007215,0.565597607935544,1.1179163140546542,0.07096155695542919,0.46957642337870914,55,watermelon,Sandy soil
40071,-0.9089503032237339,-1.0687588504872214,-1.621075937294595,-0.8975029591088394,0.8867978378542885,-0.537561990527943,0.05853200148595931,0.17896867543182313,0.2503363562958962,0.4466476269891987,0.520068011065005,0.2873668282377502,55,watermelon,Sandy soil
40073,-0.9089503032237339,-1.0687588504872214,-0.09597647149880119,-0.8975029591088394,0.11741814017708838,-0.497879952750248,0.31444231511947873,0.39759488056610537,0.21578717803401704,0.4377762346491263,0.50840290836086,1.1473961173030762,55,watermelon,Sandy soil
40075,-0.9089503032237339,-1.0687588504872214,0.4123900170997968,-0.8975029591088394,0.4251700192479687,-0.6093675826971057,0.33150300269504634,0.8000467138941683,0.16828205792393272,0.18050585678703562,0.0009709407305605154,0.4513554638646133,55,watermelon,Sandy soil
40076,-0.9089503032237339,-1.0687588504872214,-1.621075937294595,-0.8975029591088394,-0.19033373889379193,-0.516776161215817,0.17795681451493492,0.5682299675001792,0.4749060149981113,0.9700597750534524,0.1934451353489499,0.7793327351183393,55,watermelon,Sandy soil
40078,-0.9089503032237339,-1.0687588504872214,-0.09597647149880119,-0.8975029591088394,0.4251700192479687,-0.7416410419560892,0.31444231511947873,0.5999433964862816,0.5094551932599904,0.011949402325665564,-0.15650794577539473,1.4826617723624407,55,watermelon,Sandy soil
40079,-0.9089503032237339,-1.0687588504872214,-0.6043429600973992,-0.8975029591088394,-0.036457799358352465,-0.6112572035436624,0.21207818966607073,0.5679493176861432,0.27624823999230536,0.9907596905136208,-0.09234988090259813,0.42220192864205996,55,watermelon,Sandy soil
40080,-0.9089503032237339,-1.0687588504872214,0.4123900170997968,-0.8975029591088394,0.8867978378542885,-0.7170759709508492,-0.11207487426972029,0.2572699735479524,0.39717036390888316,0.3017482187680209,-0.05735457279016359,0.502374150504082,55,watermelon,Sandy soil
40081,-0.9089503032237339,-1.0687588504872214,-1.621075937294595,-0.8975029591088394,-0.19033373889379193,-0.5545685781469551,0.3485636902706145,0.5191162500438257,0.4576314258671715,0.12136324118655492,-0.08068477819845356,0.571613796657646,55,watermelon,Sandy soil
40082,-0.9089503032237339,-1.0687588504872214,0.9207565056983947,-0.8975029591088394,0.5790459587834081,-0.6566081038610283,0.28032093996834234,0.5199581994859345,0.18123799977213792,0.13023463352662695,-0.01069416197358447,0.589834756171742,55,watermelon,Sandy soil
40083,-0.9089503032237339,-1.0687588504872214,-0.09597647149880119,-0.8975029591088394,1.1945497169251689,-0.7189655917974063,-0.0438321239674487,0.15735863975102746,0.3928517166261479,0.8074175821521306,-0.40730765391450824,0.33474132297439946,55,watermelon,Sandy soil
40084,-0.9089503032237339,-1.0687588504872214,-0.6043429600973992,-0.8975029591088394,0.27129407971252784,-0.5337827488348293,0.07559268906152691,0.488244770499832,0.5051365459772558,0.9907596905136208,-0.23233111335233592,1.034426168315682,55,watermelon,Sandy soil
40085,-0.9089503032237339,-1.0687588504872214,0.4123900170997968,-0.8975029591088394,1.3484256564606083,-0.5035488152899187,0.3485636902706145,0.08579293717176946,0.2546550035786308,0.9345742056931644,-0.20316835659197385,0.9251004112311064,55,watermelon,Sandy soil
40086,-0.9089503032237339,-1.0687588504872214,-1.621075937294595,-0.8975029591088394,-0.6519615575001118,-0.4941007110571341,-0.09501418669415271,0.05997315428042951,0.33670930195059423,0.9197885517930442,-0.03985691873394653,1.4498640452370684,55,watermelon,Sandy soil
40087,-0.9089503032237339,-1.0687588504872214,0.9207565056983947,-0.8975029591088394,1.1945497169251689,-0.6055883410039917,0.3485636902706145,0.4927351675244133,0.3194347128196544,0.9050028978929241,0.018468594786777582,1.1583286930115342,55,watermelon,Sandy soil
40089,-0.9089503032237339,-1.0687588504872214,-0.6043429600973992,-0.8975029591088394,0.4251700192479687,-0.5186657820623738,0.17795681451493492,0.8435474350697957,0.565597607935544,0.2012057722472035,0.5900586272898737,0.8995910679113721,55,watermelon,Sandy soil
40090,-0.9089503032237339,-1.0687588504872214,0.4123900170997968,-0.8975029591088394,-0.3442096784292314,-0.4789837442846789,0.041471313910391105,0.4130306203381022,0.31511606553691973,0.38159074982866986,0.07679410830750169,1.4207105100145145,55,watermelon,Sandy soil
40091,-0.9089503032237339,-1.0687588504872214,-1.621075937294595,-0.8975029591088394,0.11741814017708838,-0.6074779618505486,-0.11207487426972029,0.4646701861207827,0.2503363562958962,0.2603483878476842,0.5433982164732946,0.7428908160901475,55,watermelon,Sandy soil
40092,-0.9089503032237339,-1.0687588504872214,0.9207565056983947,-0.8975029591088394,-0.3442096784292314,-0.5243346446020448,-0.09501418669415271,0.3364132211061908,0.3410279492333289,0.3993335345088139,-0.15650794577539473,1.4425756614314298,55,watermelon,Sandy soil
40093,-0.9089503032237339,-1.0687588504872214,-0.09597647149880119,-0.8975029591088394,0.4251700192479687,-0.5980298576177641,0.1950175020905025,0.8547734276312479,0.29784147640597985,0.08587767182626642,0.21677534075723945,0.4841531909899861,55,watermelon,Sandy soil
40094,-0.9089503032237339,-1.0687588504872214,-0.6043429600973992,-0.8975029591088394,1.1945497169251689,-0.7151863501042923,0.09265337663709511,0.5525135779141463,0.4403568367362322,0.5028331118096551,0.6075562813460911,0.33838551487721896,55,watermelon,Sandy soil
40095,-0.9089503032237339,-1.0687588504872214,0.4123900170997968,-0.8975029591088394,1.3484256564606083,-0.5262242654486016,-0.0779534991185845,0.37879134302567274,0.2330617671649563,0.5383186811699436,0.3042636110383256,0.8194188460493501,55,watermelon,Sandy soil
40096,-0.9089503032237339,-1.0687588504872214,-1.621075937294595,-0.8975029591088394,1.0406737773897279,-0.5772440283056381,0.1097140642126627,0.3291163259412468,0.3064787709714498,0.9523169903733084,0.6775468975709598,0.42220192864205996,55,watermelon,Sandy soil
40097,-0.9089503032237339,-1.0687588504872214,0.9207565056983947,-0.8975029591088394,-0.9597134365709921,-0.6830627957128249,0.21207818966607073,0.42790506048202626,0.5483230188046049,0.8133318437121787,-0.11568008631088769,1.4170663181116956,55,watermelon,Sandy soil
40098,-0.9089503032237339,-1.0687588504872214,-0.09597647149880119,-0.8975029591088394,0.7329218983188477,-0.7227448334905201,0.12677475178823092,0.31592578468154026,0.3496652437987988,0.5235330272698234,-0.43647041067487025,1.2494334905820135,55,watermelon,Sandy soil
40100,-0.9089503032237339,-1.0687588504872214,0.4123900170997968,-0.8975029591088394,0.5790459587834081,-0.7000693833318371,0.28032093996834234,0.3299582753833556,0.27624823999230536,0.9996310828536928,0.6133888326981636,1.5664781861272816,55,watermelon,Sandy soil
40101,-0.9089503032237339,-1.0687588504872214,-1.621075937294595,-0.8975029591088394,0.7329218983188477,-0.7189655917974063,0.22913887724163892,0.38636888800465313,0.4619500731499067,0.3520194420284295,0.6483841408105977,0.994340057384671,55,watermelon,Sandy soil
40102,-0.9089503032237339,-1.0687588504872214,0.9207565056983947,-0.8975029591088394,0.7329218983188477,-0.6263741703161176,0.3485636902706145,0.2252758947478136,0.28488553455777527,0.9671026442734286,0.4267471894318463,1.48630596426526,55,watermelon,Sandy soil
40103,-0.9089503032237339,-1.0687588504872214,-0.09597647149880119,-0.8975029591088394,-0.6519615575001118,-0.7170759709508492,0.1097140642126627,0.8152018038521284,0.3669398329297387,0.4052477960688621,0.49090525430464294,0.12337819261088721,55,watermelon,Sandy soil
40105,-0.9089503032237339,-1.0687588504872214,0.4123900170997968,-0.8975029591088394,-0.49808561796467227,-0.6962901416387233,0.024410626334822903,0.36868794972036595,0.33670930195059423,0.9730169058334768,0.3217612650945431,0.7574675837014244,55,watermelon,Sandy soil
40106,-0.9089503032237339,-1.0687588504872214,-1.621075937294595,-0.8975029591088394,0.27129407971252784,-0.5885817533849794,0.041471313910391105,0.20085936092665488,0.21146853075128177,0.9759740366135006,-0.13317774036710517,0.6116999075886573,55,watermelon,Sandy soil
40107,-0.9089503032237339,-1.0687588504872214,0.9207565056983947,-0.8975029591088394,-0.19033373889379193,-0.69817976248528,-0.026771436391880492,0.6350246232408199,0.27624823999230536,0.2159914261473237,-0.3956425512103636,1.5737665699329202,55,watermelon,Sandy soil
40108,-0.9089503032237339,-1.0687588504872214,-0.09597647149880119,-0.8975029591088394,0.27129407971252784,-0.6679458289403697,0.3656243778461821,0.21882094902497837,0.4619500731499067,0.9907596905136208,0.1876125839968774,1.1546845011087146,55,watermelon,Sandy soil
40109,-0.9089503032237339,-1.0687588504872214,-0.6043429600973992,-0.8975029591088394,-0.036457799358352465,-0.4770941234381221,0.3485636902706145,0.5370778381421495,0.5871908443492186,1.0499023061141015,-0.045689470086019014,0.16710849544471745,55,watermelon,Sandy soil
40110,-0.9089503032237339,-1.0687588504872214,0.4123900170997968,-0.8975029591088394,-0.036457799358352465,-0.5035488152899187,0.1097140642126627,0.6086435407214075,0.28920418184051055,0.3756764882686217,-0.06318712414223608,0.994340057384671,55,watermelon,Sandy soil
40111,-0.9089503032237339,-1.0687588504872214,-1.621075937294595,-0.8975029591088394,-0.6519615575001118,-0.5413412322210568,-0.11207487426972029,0.2870188538358009,0.29352282912324523,0.7778462743518902,-0.2964891782251325,1.2494334905820135,55,watermelon,Sandy soil
40112,-0.9089503032237339,-1.0687588504872214,0.9207565056983947,-0.8975029591088394,0.8867978378542885,-0.6698354497869264,0.024410626334822903,0.3583039066010225,0.18123799977213792,0.2012057722472035,-0.19150325388782927,0.5424602614350927,55,watermelon,Sandy soil
40113,-0.9089503032237339,-1.0687588504872214,-0.09597647149880119,-0.8975029591088394,-0.6519615575001118,-0.6925108999456094,0.22913887724163892,0.7966789161257325,0.40148901119161784,0.5945041659904005,-0.1740055998316118,0.4367786962533364,55,watermelon,Sandy soil
40114,-0.9089503032237339,-1.0687588504872214,-0.6043429600973992,-0.8975029591088394,0.27129407971252784,-0.497879952750248,0.0073499387592553065,0.40180462777664994,0.2460177090131615,0.6240754737906408,-0.05735457279016359,1.2275683391650982,55,watermelon,Sandy soil
40116,-0.9089503032237339,-1.0687588504872214,-1.621075937294595,-0.8975029591088394,-0.19033373889379193,-0.6414911370885729,0.0073499387592553065,0.8564573265154655,0.49218060412905057,0.6033755583304724,0.39758443267148424,1.3368940962496736,55,watermelon,Sandy soil
40117,-0.9089503032237339,-1.0687588504872214,0.9207565056983947,-0.8975029591088394,0.11741814017708838,-0.6377118953954592,-0.11207487426972029,0.8107114068275477,0.2719295927095707,1.1179163140546542,0.08262665965957418,0.9214562193282875,55,watermelon,Sandy soil
40118,-0.9089503032237339,-1.0687588504872214,-0.09597647149880119,-0.8975029591088394,-0.3442096784292314,-0.4770941234381221,-0.009710748816312897,0.03724051934348867,0.21146853075128177,0.3668050959285497,0.2051102380530949,0.14888753593062157,55,watermelon,Sandy soil
40119,-0.9089503032237339,-1.0687588504872214,-0.6043429600973992,-0.8975029591088394,-0.8058374970355525,-0.6660562080938128,0.041471313910391105,0.0978608791753308,0.4187636003225577,0.4939617194695831,-0.08068477819845356,0.3675390500997723,55,watermelon,Sandy soil
40120,-0.9089503032237339,-1.0687588504872214,0.4123900170997968,-0.8975029591088394,1.3484256564606083,-0.4884318485174634,0.21207818966607073,0.2696185653655498,0.29784147640597985,0.3017482187680209,-0.05152202143809151,0.3128761715574846,55,watermelon,Sandy soil
40121,-0.9089503032237339,-1.0687588504872214,-1.621075937294595,-0.8975029591088394,0.7329218983188477,-0.6055883410039917,0.3656243778461821,0.34567466496938876,0.1941939416203425,0.4348191038691024,-0.44230296202694275,1.4207105100145145,55,watermelon,Sandy soil
40122,-0.9089503032237339,-1.0687588504872214,0.9207565056983947,-0.8975029591088394,1.1945497169251689,-0.5394516113745,-0.1291355618452885,0.2019819601828,0.5440043715218695,0.7394035742115779,0.6133888326981636,0.4258461205448789,55,watermelon,Sandy soil
40123,-0.9089503032237339,-1.0687588504872214,-0.09597647149880119,-0.8975029591088394,-0.19033373889379193,-0.4884318485174634,-0.009710748816312897,0.4408149519276967,0.3798957747779433,0.9818882981735487,-0.3489821403937841,1.4717291966539832,55,watermelon,Sandy soil
40124,-0.9089503032237339,-1.0687588504872214,-0.6043429600973992,-0.8975029591088394,-0.49808561796467227,-0.7000693833318371,0.2461995648172065,0.5811398589458496,0.5267297823909303,0.7423607049916021,-0.14484284307124975,1.5664781861272816,55,watermelon,Sandy soil
40125,-0.9089503032237339,-1.0687588504872214,0.4123900170997968,-0.8975029591088394,1.0406737773897279,-0.6018090993108779,0.041471313910391105,0.26989921517958615,0.4662687204326414,0.5057902425896794,0.012636043434705087,1.489950156168079,55,watermelon,Sandy soil
40126,-0.9089503032237339,-1.0687588504872214,-1.621075937294595,-0.8975029591088394,-0.19033373889379193,-0.5848025116918656,-0.009710748816312897,0.5536361771702911,0.1941939416203425,0.736446443431554,0.29259850833418105,0.6627185942281255,55,watermelon,Sandy soil
40127,-0.9089503032237339,-1.0687588504872214,0.9207565056983947,-0.8975029591088394,1.1945497169251689,-0.4884318485174634,0.05853200148595931,0.08102189033315245,0.41012630575708775,0.5619757274101358,-0.4772982701393773,1.0818006630523311,55,watermelon,Sandy soil
40128,-0.9089503032237339,-1.0687588504872214,-0.09597647149880119,-0.8975029591088394,0.4251700192479687,-0.6698354497869264,0.12677475178823092,0.6367085221250381,0.22442447259948697,0.3993335345088139,0.3100961623903981,1.2567218743876516,55,watermelon,Sandy soil
40129,-0.9089503032237339,-1.0687588504872214,-0.6043429600973992,-0.8975029591088394,0.7329218983188477,-0.46386677751222366,0.1438354393637991,0.4834737236612147,0.16396341064119807,0.19529151068715578,0.6133888326981636,0.5497486452407312,55,watermelon,Sandy soil
40130,-0.9089503032237339,-1.0687588504872214,0.4123900170997968,-0.8975029591088394,0.4251700192479687,-0.7340825585698614,0.2973816275439105,0.6347439734267838,0.3669398329297387,1.0972163985944863,0.5667284218815841,0.8777259164944572,55,watermelon,Sandy soil
40133,-0.9089503032237339,-1.0687588504872214,-0.09597647149880119,-0.8975029591088394,0.5790459587834081,-0.6414911370885729,0.3656243778461821,0.8575799257716109,0.5440043715218695,1.0735593523542937,0.48507270295257043,1.3696918233750464,55,watermelon,Sandy soil
40134,-0.9089503032237339,-1.0687588504872214,-0.6043429600973992,-0.8975029591088394,1.1945497169251689,-0.5942506159246501,-0.1291355618452885,0.478702676822598,0.18987529433760725,0.8783887208727076,-0.20316835659197385,0.9287446031339255,55,watermelon,Sandy soil
40135,-0.9089503032237339,-1.0687588504872214,0.4123900170997968,-0.8975029591088394,1.0406737773897279,-0.6925108999456094,-0.0779534991185845,0.7540201443922139,0.267610945426836,0.36089083436850156,-0.1798381511836843,1.0417145521213202,55,watermelon,Sandy soil
40137,-0.9089503032237339,-1.0687588504872214,0.9207565056983947,-0.8975029591088394,-0.036457799358352465,-0.6490496204748005,-0.11207487426972029,0.46046043891023813,0.38853306934341325,0.40229066528883817,0.5025703570087875,1.4535082371398873,55,watermelon,Sandy soil
40139,-0.9089503032237339,-1.0687588504872214,-0.6043429600973992,-0.8975029591088394,-0.49808561796467227,-0.5035488152899187,0.3485636902706145,0.40068202852050444,0.4619500731499067,0.18050585678703562,0.3042636110383256,0.586190564268923,55,watermelon,Sandy soil
40141,-0.9089503032237339,-1.0687588504872214,-1.621075937294595,-0.8975029591088394,-0.6519615575001118,-0.47142526089845116,0.22913887724163892,0.3125579869131048,0.3194347128196544,0.1450202874267471,0.1992776867010224,0.6299208671027532,55,watermelon,Sandy soil
40142,-0.9089503032237339,-1.0687588504872214,0.9207565056983947,-0.8975029591088394,1.1945497169251689,-0.7227448334905201,-0.0608928115430169,0.6832963912550646,0.3323906546678596,0.035606448565857755,0.48507270295257043,1.2312125310679176,55,watermelon,Sandy soil
40143,-0.9089503032237339,-1.0687588504872214,-0.09597647149880119,-0.8975029591088394,-0.19033373889379193,-0.5281138862951584,-0.11207487426972029,0.6869448388375364,0.31079741825418505,0.46439041166934275,0.6775468975709598,0.34567389868285686,55,watermelon,Sandy soil
40144,-0.9089503032237339,-1.0687588504872214,-0.6043429600973992,-0.8975029591088394,1.1945497169251689,-0.6849524165593819,0.3485636902706145,0.5831044076441033,0.4662687204326414,0.8813458516527314,-0.261493870112698,0.37482743390541073,55,watermelon,Sandy soil
40145,-0.9089503032237339,-1.0687588504872214,0.4123900170997968,-0.8975029591088394,0.7329218983188477,-0.556458198993512,0.22913887724163892,0.07933799144893455,0.172600705206668,0.07996341026621827,-0.02235926467772946,1.0125610168987669,55,watermelon,Sandy soil
40146,-0.9089503032237339,-1.0687588504872214,-1.621075937294595,-0.8975029591088394,0.4251700192479687,-0.7321929377233046,-0.009710748816312897,0.2104014546038892,0.4317195421707623,0.8931743747728278,0.2051102380530949,0.8886584922029147,55,watermelon,Sandy soil
40147,-0.9089503032237339,-1.0687588504872214,0.9207565056983947,-0.8975029591088394,-0.036457799358352465,-0.6584977247075852,0.3656243778461821,0.47673812812434374,0.3280720073851243,0.25739125706766036,0.5900586272898737,1.2895196015130244,55,watermelon,Sandy soil
40148,-0.9089503032237339,-1.0687588504872214,-0.09597647149880119,-0.8975029591088394,-0.19033373889379193,-0.5621270615331829,0.2973816275439105,0.12789040927721534,0.40148901119161784,0.9582312519333566,0.22260789210931195,1.406133742403238,55,watermelon,Sandy soil
40149,-0.9089503032237339,-1.0687588504872214,-0.6043429600973992,-0.8975029591088394,-0.3442096784292314,-0.6414911370885729,0.12677475178823092,0.2221887467934142,0.33670930195059423,0.17459159522698744,-0.3781448971541462,1.3733360152778653,55,watermelon,Sandy soil
40151,-0.9089503032237339,-1.0687588504872214,-1.621075937294595,-0.8975029591088394,0.4251700192479687,-0.475204502591565,0.28032093996834234,0.8062210098029665,0.5915094916319539,0.5501472042900399,0.6425515894585256,0.22541556588982412,55,watermelon,Sandy soil
40152,-0.9089503032237339,-1.0687588504872214,0.9207565056983947,-0.8975029591088394,1.1945497169251689,-0.7114071084111785,0.2973816275439105,0.14697459663168433,0.3410279492333289,0.576761381310256,0.09429176236371875,0.5533928371435501,55,watermelon,Sandy soil
40153,-0.9089503032237339,-1.0687588504872214,-0.09597647149880119,-0.8975029591088394,1.1945497169251689,-0.5432308530676139,0.2973816275439105,0.36560080176596654,0.5612789606528095,0.33427665734828504,-0.44813551337901525,1.4425756614314298,55,watermelon,Sandy soil
40154,-0.9089503032237339,-1.0687588504872214,-0.6043429600973992,-0.8975029591088394,0.8867978378542885,-0.6755043123265974,0.33150300269504634,0.34735856385360664,0.5051365459772558,0.3668050959285497,-0.19733580523990177,0.6153440994914763,55,watermelon,Sandy soil
40155,-0.9089503032237339,-1.0687588504872214,0.4123900170997968,-0.8975029591088394,-0.6519615575001118,-0.599919478464321,0.2973816275439105,0.2794413088568205,0.3064787709714498,0.24851986472758833,-0.1798381511836843,0.12702238451370645,55,watermelon,Sandy soil
40157,-0.9089503032237339,-1.0687588504872214,0.9207565056983947,-0.8975029591088394,1.3484256564606083,-0.5281138862951584,0.33150300269504634,0.04004701748385172,0.3453465965160642,0.14206315664672284,-0.3781448971541462,0.5169509181153584,55,watermelon,Sandy soil
40158,-0.9089503032237339,-1.0687588504872214,-0.09597647149880119,-0.8975029591088394,-0.6519615575001118,-0.6055883410039917,0.041471313910391105,0.5556007258685455,0.479224662280846,1.0321595214339574,-0.13901029171917767,0.833995613660627,55,watermelon,Sandy soil
40159,-0.9089503032237339,-1.0687588504872214,-0.6043429600973992,-0.8975029591088394,0.8867978378542885,-0.6566081038610283,0.2973816275439105,0.4074176240573761,0.574234902501014,0.5619757274101358,-0.34314958904171206,0.2363481415982818,55,watermelon,Sandy soil
40162,-0.9089503032237339,-1.0687588504872214,0.9207565056983947,-0.8975029591088394,0.11741814017708838,-0.5394516113745,0.09265337663709511,0.35409415939047795,0.24169906173042624,0.42003344996898223,-0.3781448971541462,1.329605712444035,55,watermelon,Sandy soil
40163,-0.9089503032237339,-1.0687588504872214,-0.09597647149880119,-0.8975029591088394,0.7329218983188477,-0.47142526089845116,0.05853200148595931,0.7405489533184713,0.47058736771537607,0.4259477115290304,0.6308864867543806,1.1255309658861612,55,watermelon,Sandy soil
40164,-0.9089503032237339,-1.0687588504872214,-0.6043429600973992,-0.8975029591088394,0.5790459587834081,-0.5696855449194104,0.05853200148595931,0.6094854901635163,0.49218060412905057,0.42003344996898223,0.0651290056033567,0.9287446031339255,55,watermelon,Sandy soil
40165,-0.9089503032237339,-1.0687588504872214,0.4123900170997968,-0.8975029591088394,-0.19033373889379193,-0.5640166823797398,-0.11207487426972029,0.5202388492999711,0.20283123618581245,1.0706022215742699,0.5433982164732946,1.3879127828891422,55,watermelon,Sandy soil
40166,-0.9089503032237339,-1.0687588504872214,-1.621075937294595,-0.8975029591088394,-0.49808561796467227,-0.5224450237554877,0.041471313910391105,0.7116420224727319,0.23738041444769156,0.7187036587514095,0.50840290836086,1.140107733497438,55,watermelon,Sandy soil
40167,-0.9089503032237339,-1.0687588504872214,0.9207565056983947,-0.8975029591088394,0.27129407971252784,-0.7151863501042923,0.22913887724163892,0.366162101394039,0.4662687204326414,0.17163446444696318,-0.028191816029801538,1.1583286930115342,55,watermelon,Sandy soil
40169,-0.9089503032237339,-1.0687588504872214,-0.6043429600973992,-0.8975029591088394,-0.3442096784292314,-0.6358222745489022,0.05853200148595931,0.31620643449557667,0.32375336010238964,-0.014664774694550914,0.6892120002751048,0.16346430354189823,55,watermelon,Sandy soil
40170,-0.9089503032237339,-1.0687588504872214,0.4123900170997968,-0.8975029591088394,-0.036457799358352465,-0.5262242654486016,-0.0779534991185845,0.05772795576813887,0.41444495303982243,0.3638479651485254,0.5025703570087875,0.34567389868285686,55,watermelon,Sandy soil
40172,-0.9089503032237339,-1.0687588504872214,0.9207565056983947,-0.8975029591088394,0.11741814017708838,-0.5696855449194104,-0.0438321239674487,0.2112434040459983,0.574234902501014,0.32540526500821304,-0.06318712414223608,0.13431076831934463,55,watermelon,Sandy soil
40173,-0.9089503032237339,-1.0687588504872214,-0.09597647149880119,-0.8975029591088394,0.11741814017708838,-0.6925108999456094,-0.0779534991185845,0.2830897564392927,0.4619500731499067,0.7955890590320347,0.22260789210931195,0.837639805563446,55,watermelon,Sandy soil
40174,-0.9089503032237339,-1.0687588504872214,-0.6043429600973992,-0.8975029591088394,0.5790459587834081,-0.5092176778295893,0.09265337663709511,0.7986434648239867,0.2805668872750406,0.46439041166934275,0.09429176236371875,0.8412839974662655,55,watermelon,Sandy soil
40175,-0.9089503032237339,-1.0687588504872214,0.4123900170997968,-0.8975029591088394,-0.3442096784292314,-0.743530662802646,0.33150300269504634,0.41415321959424767,0.5353670769563996,0.5324044196098955,-0.10984753495881562,1.1473961173030762,55,watermelon,Sandy soil
40178,-0.9089503032237339,-1.0687588504872214,-0.09597647149880119,-0.8975029591088394,-0.3442096784292314,-0.7416410419560892,-0.11207487426972029,0.37289769693091057,0.29784147640597985,0.4111620576289102,0.5025703570087875,0.18897364686163232,55,watermelon,Sandy soil
40179,-0.9089503032237339,-1.0687588504872214,-0.6043429600973992,-0.8975029591088394,0.4251700192479687,-0.5224450237554877,0.22913887724163892,0.6785253444164473,0.565597607935544,0.9464027288132603,0.5550633191774396,0.6736511699365829,55,watermelon,Sandy soil
40180,-0.9089503032237339,-1.0687588504872214,0.4123900170997968,-0.8975029591088394,-0.19033373889379193,-0.5356723696813861,0.09265337663709511,0.8738576149857166,0.28488553455777527,0.6181612122305926,-0.4772982701393773,0.9834074816762131,55,watermelon,Sandy soil
40181,-0.9089503032237339,-1.0687588504872214,-1.621075937294595,-0.8975029591088394,-0.19033373889379193,-0.6641665872472557,-0.026771436391880492,0.767771985279993,0.1941939416203425,0.3194910034481649,0.50840290836086,0.2982994039462077,55,watermelon,Sandy soil
40182,-0.9089503032237339,-1.0687588504872214,0.9207565056983947,-0.8975029591088394,1.3484256564606083,-0.6755043123265974,0.09265337663709511,0.5418488849807669,0.31511606553691973,0.03264931778583389,-0.08651732955052564,1.4790175804596217,55,watermelon,Sandy soil
40183,-0.9089503032237339,-1.0687588504872214,-0.09597647149880119,-0.8975029591088394,0.8867978378542885,-0.6263741703161176,0.041471313910391105,0.5325874411175682,0.5915094916319539,0.04447784090592977,-0.19150325388782927,1.0490029359269588,55,watermelon,Sandy soil
40184,-0.9089503032237339,-1.0687588504872214,-0.6043429600973992,-0.8975029591088394,0.5790459587834081,-0.7227448334905201,0.024410626334822903,0.6566346589216155,0.3194347128196544,0.34610518046838135,-0.045689470086019014,1.4644408128483448,55,watermelon,Sandy soil
40185,-0.9089503032237339,-1.0687588504872214,0.4123900170997968,-0.8975029591088394,1.1945497169251689,-0.7321929377233046,0.024410626334822903,0.5398843362825125,0.3712584802124734,0.3135767418881172,0.3217612650945431,1.2676544500961093,55,watermelon,Sandy soil
40186,-0.9089503032237339,-1.0687588504872214,-1.621075937294595,-0.8975029591088394,-0.49808561796467227,-0.7378618002629753,0.22913887724163892,0.2073143066494901,0.22442447259948697,0.5087473733697032,-0.34314958904171206,0.20355041447290925,55,watermelon,Sandy soil
40187,-0.9089503032237339,-1.0687588504872214,0.9207565056983947,-0.8975029591088394,-0.49808561796467227,-0.5942506159246501,0.2461995648172065,0.4144338694082837,0.172600705206668,0.6211183430106165,-0.43647041067487025,0.7392466241873286,55,watermelon,Sandy soil
40188,-0.9089503032237339,-1.0687588504872214,-0.09597647149880119,-0.8975029591088394,0.8867978378542885,-0.5753544074590811,-0.009710748816312897,0.08270578921737003,0.5915094916319539,0.5383186811699436,0.23427299481345693,1.3806243990835037,55,watermelon,Sandy soil
40190,-0.9089503032237339,-1.0687588504872214,0.4123900170997968,-0.8975029591088394,0.4251700192479687,-0.5470100947607275,0.26326025239277473,0.6468119154303449,0.5958281389146886,1.094259267814462,-0.2731589728168429,0.753823391798605,55,watermelon,Sandy soil
40192,-0.9089503032237339,-1.0687588504872214,0.9207565056983947,-0.8975029591088394,0.5790459587834081,-0.5470100947607275,0.17795681451493492,0.7641235376975206,0.5483230188046049,0.8606459361925636,0.45007739484013587,0.17439687925035566,55,watermelon,Sandy soil
40194,-0.9089503032237339,-1.0687588504872214,-0.6043429600973992,-0.8975029591088394,0.27129407971252784,-0.6773939331731542,-0.026771436391880492,0.2409922843338468,0.574234902501014,-0.03832182093474311,-0.4306378593227982,0.8230630379521696,55,watermelon,Sandy soil
40196,-0.9089503032237339,-1.0687588504872214,-1.621075937294595,-0.8975029591088394,0.7329218983188477,-0.6528288621679145,0.2461995648172065,0.7593524908589039,0.5871908443492186,0.5205758964897995,0.11178941641993623,0.13795496022216389,55,watermelon,Sandy soil
40197,-0.9089503032237339,-1.0687588504872214,0.9207565056983947,-0.8975029591088394,-0.19033373889379193,-0.6906212790990526,-0.0438321239674487,0.22976629177239458,0.28488553455777527,0.06813488714612197,0.5725609732336566,0.491441574795624,55,watermelon,Sandy soil
40198,-0.9089503032237339,-1.0687588504872214,-0.09597647149880119,-0.8975029591088394,0.7329218983188477,-0.6320430328557883,0.3656243778461821,0.58338505745814,0.4619500731499067,0.7660177512317944,0.5142354597129325,1.5446130347103668,55,watermelon,Sandy soil
40199,-0.9089503032237339,-1.0687588504872214,-0.6043429600973992,-0.8975029591088394,0.7329218983188477,-0.6055883410039917,0.33150300269504634,0.7054677265639331,0.5871908443492186,0.02377792544576145,-0.4014751025624361,1.508171115682175,55,watermelon,Sandy soil
40200,-0.9089503032237339,-1.0687588504872214,0.4123900170997968,-0.8975029591088394,0.5790459587834081,-0.497879952750248,-0.09501418669415271,0.09477373122093137,0.20714988346854712,0.020820794665737583,0.40341698402355675,0.3310971310715805,55,watermelon,Sandy soil
40201,-0.9089503032237339,-1.0687588504872214,-1.621075937294595,-0.8975029591088394,0.7329218983188477,-0.7095174875646216,-0.11207487426972029,0.2800026084848933,0.5051365459772558,0.638861127690761,-0.2673264214647704,1.1109541982748843,55,watermelon,Sandy soil
40202,-0.9089503032237339,-1.0687588504872214,0.9207565056983947,-0.8975029591088394,-0.6519615575001118,-0.5677959240728536,0.33150300269504634,0.37289769693091057,0.2589736508613661,-0.0264932978146468,0.4150820867277013,0.6955163213534983,55,watermelon,Sandy soil
40203,-0.9089503032237339,-1.0687588504872214,-0.09597647149880119,-0.8975029591088394,1.0406737773897279,-0.6755043123265974,0.2461995648172065,0.588998053738866,0.582872197066484,0.026735056225785737,-0.19733580523990177,1.2931637934158433,55,watermelon,Sandy soil
40204,-0.9089503032237339,-1.0687588504872214,-0.6043429600973992,-0.8975029591088394,-0.8058374970355525,-0.4789837442846789,0.17795681451493492,0.7124839719148407,0.28920418184051055,0.08883480260629029,0.5725609732336566,1.325961520541216,55,watermelon,Sandy soil
40206,-0.9089503032237339,-1.0687588504872214,-1.621075937294595,-0.8975029591088394,1.0406737773897279,-0.5054384361364757,0.28032093996834234,0.7949950172415142,0.48786195684631595,0.00012087920556925818,0.10012431371579124,0.9979842492874901,55,watermelon,Sandy soil
40207,-0.9089503032237339,-1.0687588504872214,0.9207565056983947,-0.8975029591088394,1.0406737773897279,-0.537561990527943,-0.009710748816312897,0.5168710515315353,0.40148901119161784,0.9257028133530919,0.36842167591112224,0.6882279375478598,55,watermelon,Sandy soil
40208,-0.9089503032237339,-1.0687588504872214,-0.09597647149880119,-0.8975029591088394,0.4251700192479687,-0.6414911370885729,0.17795681451493492,0.08074124051911608,0.16396341064119807,1.1415733602948468,0.024301146138850073,0.6044115237830189,55,watermelon,Sandy soil
40209,-0.9089503032237339,-1.0687588504872214,-0.6043429600973992,-0.8975029591088394,-0.3442096784292314,-0.7397514211095321,-0.0779534991185845,0.52641314520877,0.38853306934341325,0.5471900735100156,0.5259005624170775,1.183838036331268,55,watermelon,Sandy soil
40210,-0.9089503032237339,-1.0687588504872214,0.4123900170997968,-0.8975029591088394,0.8867978378542885,-0.7416410419560892,0.07559268906152691,0.7815238261677717,0.5267297823909303,0.9050028978929241,0.4267471894318463,0.9214562193282875,55,watermelon,Sandy soil
40211,-0.9089503032237339,-1.0687588504872214,-1.621075937294595,-0.8975029591088394,0.4251700192479687,-0.46764601920533755,-0.009710748816312897,0.2763541609024211,0.30216012368871514,0.07109201792614625,-0.3781448971541462,0.7210256646732327,55,watermelon,Sandy soil
40212,-0.9089503032237339,-1.0687588504872214,0.9207565056983947,-0.8975029591088394,-0.6519615575001118,-0.5507893364538413,0.024410626334822903,0.7927498187292239,0.18123799977213792,0.4170763191889584,0.10595686506786374,0.7100930889647747,55,watermelon,Sandy soil
40213,-0.9089503032237339,-1.0687588504872214,-0.09597647149880119,-0.8975029591088394,-0.19033373889379193,-0.701959004178394,0.1438354393637991,0.7669300358378837,0.17691935248940266,0.5264901580498473,-0.44230296202694275,0.5825463723661035,55,watermelon,Sandy soil
40214,-0.9089503032237339,-1.0687588504872214,-0.6043429600973992,-0.8975029591088394,-0.19033373889379193,-0.5942506159246501,0.1438354393637991,0.5438134336790205,0.2805668872750406,1.079473613914342,-0.4656331674352323,1.4753733885568021,55,watermelon,Sandy soil
40215,-0.9089503032237339,-1.0687588504872214,0.4123900170997968,-0.8975029591088394,0.5790459587834081,-0.6528288621679145,0.05853200148595931,0.34651661441149756,0.23738041444769156,0.37271935748859786,0.46174249754428087,1.0854448549551505,55,watermelon,Sandy soil
40217,-0.9089503032237339,-1.0687588504872214,0.9207565056983947,-0.8975029591088394,-0.6519615575001118,-0.5224450237554877,0.05853200148595931,0.6496184135707079,0.37557712749520866,1.1120020524946064,-0.45980061608316025,0.6335650590055721,55,watermelon,Sandy soil
40218,-0.9089503032237339,-1.0687588504872214,-0.09597647149880119,-0.8975029591088394,0.7329218983188477,-0.5507893364538413,0.3485636902706145,0.512100004692918,0.41012630575708775,0.7601034896717462,0.3100961623903981,1.0453587440241392,55,watermelon,Sandy soil
40219,-0.9089503032237339,-1.0687588504872214,-0.6043429600973992,-0.8975029591088394,0.11741814017708838,-0.5224450237554877,0.0073499387592553065,0.7551427436483593,0.5785535497837486,0.6595610431509289,-0.004861610621511978,1.183838036331268,55,watermelon,Sandy soil
40221,-0.9089503032237339,-1.0687588504872214,-1.621075937294595,-0.8975029591088394,-0.6519615575001118,-0.720855212643963,0.024410626334822903,0.15483279142470077,0.5785535497837486,0.298791087987997,-0.08068477819845356,1.2421451067763751,55,watermelon,Sandy soil
40222,-0.9089503032237339,-1.0687588504872214,0.9207565056983947,-0.8975029591088394,1.0406737773897279,-0.5980298576177641,0.1438354393637991,0.3518489608781876,0.23738041444769156,0.34610518046838135,0.4675750488963534,0.23999233350110102,55,watermelon,Sandy soil
40223,-0.9089503032237339,-1.0687588504872214,-0.09597647149880119,-0.8975029591088394,-0.49808561796467227,-0.7246344543370768,0.2973816275439105,0.554197476798364,0.41444495303982243,0.08883480260629029,0.11178941641993623,0.13795496022216389,55,watermelon,Sandy soil
40225,-0.9089503032237339,-1.0687588504872214,0.4123900170997968,-0.8975029591088394,1.3484256564606083,-0.5961402367712072,0.12677475178823092,0.14978109477204737,0.3496652437987988,0.4703046732293909,0.1351196218282258,0.837639805563446,55,watermelon,Sandy soil
40226,-0.9089503032237339,-1.0687588504872214,-1.621075937294595,-0.8975029591088394,-0.6519615575001118,-0.4884318485174634,0.1097140642126627,0.8345666410206337,0.5353670769563996,1.0085024751937652,-0.05735457279016359,0.19990622257009,55,watermelon,Sandy soil
40227,-0.9089503032237339,-1.0687588504872214,0.9207565056983947,-0.8975029591088394,-0.3442096784292314,-0.6849524165593819,0.38268506542175035,0.5048031095279744,0.4317195421707623,0.44073336542915054,-0.22649856200026383,0.6080557156858378,55,watermelon,Sandy soil
40228,-0.9089503032237339,-1.0687588504872214,-0.09597647149880119,-0.8975029591088394,0.4251700192479687,-0.6906212790990526,0.26326025239277473,0.5819818083879584,0.3280720073851243,0.006035140765617411,0.36258912455904974,0.8667933407859998,55,watermelon,Sandy soil
40229,-0.9089503032237339,-1.0687588504872214,-0.6043429600973992,-0.8975029591088394,1.3484256564606083,-0.5413412322210568,0.1097140642126627,0.8398989874873232,0.4749060149981113,0.31653387266814104,0.3509240218549051,1.4571524290427063,55,watermelon,Sandy soil
40230,-0.9089503032237339,-1.0687588504872214,0.4123900170997968,-0.8975029591088394,1.1945497169251689,-0.6962901416387233,0.21207818966607073,0.1809332241300771,0.39717036390888316,0.7955890590320347,0.2984310596862531,0.6481418266168492,55,watermelon,Sandy soil
40231,-0.9089503032237339,-1.0687588504872214,-1.621075937294595,-0.8975029591088394,0.5790459587834081,-0.6112572035436624,-0.026771436391880492,0.7209034663359298,0.32375336010238964,0.7541892281116981,-0.02235926467772946,1.019849400704405,55,watermelon,Sandy soil
40232,-0.9089503032237339,-1.0687588504872214,0.9207565056983947,-0.8975029591088394,0.27129407971252784,-0.6887316582524955,0.22913887724163892,0.5059257087841191,0.4317195421707623,0.22781994926742,-0.261493870112698,0.7756885432155204,55,watermelon,Sandy soil
40233,-0.9089503032237339,-1.0687588504872214,-0.09597647149880119,-0.8975029591088394,-0.9597134365709921,-0.5923609950780934,0.12677475178823092,0.2219080969793778,0.31511606553691973,0.9582312519333566,-0.25566131876062587,0.45499965576743223,55,watermelon,Sandy soil
40234,-0.9089503032237339,-1.0687588504872214,-0.6043429600973992,-0.8975029591088394,1.0406737773897279,-0.47331488174500824,0.1097140642126627,0.4340793563908251,0.4360381894534969,0.5412758119499674,0.6250539354023081,1.1218867739833422,55,watermelon,Sandy soil
40235,-0.9089503032237339,-1.0687588504872214,0.4123900170997968,-0.8975029591088394,-0.6519615575001118,-0.6282637911626747,0.33150300269504634,0.8182889518065282,0.3194347128196544,0.7955890590320347,-0.31398683228135,0.8558607650775418,55,watermelon,Sandy soil
40237,-0.9089503032237339,-1.0687588504872214,0.9207565056983947,-0.8975029591088394,1.3484256564606083,-0.5016591944433618,0.1097140642126627,0.5704751660124695,0.32375336010238964,0.36976222670857356,-0.2731589728168429,0.571613796657646,55,watermelon,Sandy soil
40238,-0.9089503032237339,-1.0687588504872214,-0.09597647149880119,-0.8975029591088394,-0.8058374970355525,-0.5451204739141706,0.17795681451493492,0.0970189297332217,0.2589736508613661,0.7246179203114577,-0.2381636647044084,0.41855773673924046,55,watermelon,Sandy soil
40239,-0.9089503032237339,-1.0687588504872214,-0.6043429600973992,-0.8975029591088394,0.11741814017708838,-0.556458198993512,0.26326025239277473,0.16998788138266122,0.3712584802124734,0.17163446444696318,0.6308864867543806,0.9251004112311064,55,watermelon,Sandy soil
40240,-0.9089503032237339,-1.0687588504872214,0.4123900170997968,-0.8975029591088394,0.4251700192479687,-0.6528288621679145,0.22913887724163892,0.5539168269843279,0.3928517166261479,0.08883480260629029,0.5667284218815841,0.4950857666984435,55,watermelon,Sandy soil
40241,-0.9089503032237339,-1.0687588504872214,-1.621075937294595,-0.8975029591088394,1.1945497169251689,-0.639601516242016,-0.026771436391880492,0.6835770410691013,0.18123799977213792,0.2899196956479245,-0.03985691873394653,1.5336804590019093,55,watermelon,Sandy soil
40243,-0.9089503032237339,-1.0687588504872214,-0.09597647149880119,-0.8975029591088394,0.11741814017708838,-0.46953564005189435,0.28032093996834234,0.7099581235885136,0.40580765847435246,0.12432037196657879,0.08845921101164668,0.37118324200259123,55,watermelon,Sandy soil
40245,-0.9089503032237339,-1.0687588504872214,0.4123900170997968,-0.8975029591088394,-0.3442096784292314,-0.7246344543370768,0.33150300269504634,0.5926465013213379,0.565597607935544,0.28696256486790067,-0.2498287674085534,1.48630596426526,55,watermelon,Sandy soil
40246,-0.9089503032237339,-1.0687588504872214,-1.621075937294595,-0.8975029591088394,-0.49808561796467227,-0.5092176778295893,0.1097140642126627,0.7832077250519899,0.427400894888027,0.6980037432912416,0.6892120002751048,1.3368940962496736,55,watermelon,Sandy soil
40248,-0.9089503032237339,-1.0687588504872214,-0.09597647149880119,-0.8975029591088394,0.11741814017708838,-0.6074779618505486,-0.009710748816312897,0.7865755228204251,0.22442447259948697,0.4052477960688621,0.4150820867277013,1.100021622566427,55,watermelon,Sandy soil
40249,-0.9089503032237339,-1.0687588504872214,-0.6043429600973992,-0.8975029591088394,-0.8058374970355525,-0.5961402367712072,0.2973816275439105,0.8062210098029665,0.20714988346854712,0.3106196111080929,0.006803492082632595,1.2822312177073858,55,watermelon,Sandy soil
40250,-0.9089503032237339,-1.0687588504872214,0.4123900170997968,-0.8975029591088394,-0.036457799358352465,-0.47142526089845116,0.1097140642126627,0.7658074365817388,0.4317195421707623,1.0646879600142216,0.29259850833418105,1.2275683391650982,55,watermelon,Sandy soil
40251,-0.9089503032237339,-1.0687588504872214,-1.621075937294595,-0.8975029591088394,-0.8058374970355525,-0.5866921325384227,0.17795681451493492,0.8180083019924914,0.23738041444769156,0.6329468661307128,0.39175188131941174,1.1911264201369063,55,watermelon,Sandy soil
40253,-0.9089503032237339,-1.0687588504872214,-0.09597647149880119,-0.8975029591088394,0.8867978378542885,-0.5035488152899187,0.024410626334822903,0.03667921971541593,0.4317195421707623,0.5501472042900399,-0.2498287674085534,0.33474132297439946,55,watermelon,Sandy soil
40255,-0.9089503032237339,-1.0687588504872214,0.4123900170997968,-0.8975029591088394,-0.19033373889379193,-0.537561990527943,0.07559268906152691,0.6703864998093948,0.3798957747779433,0.09179193338631458,0.5842260759378015,0.7574675837014244,55,watermelon,Sandy soil
40256,-0.9089503032237339,-1.0687588504872214,-1.621075937294595,-0.8975029591088394,-0.6519615575001118,-0.6736146914800403,0.024410626334822903,0.08551228735773309,0.4317195421707623,0.7127893971913618,0.04179880019506714,0.6991605132563173,55,watermelon,Sandy soil
40257,-0.9089503032237339,-1.0687588504872214,0.9207565056983947,-0.8975029591088394,0.27129407971252784,-0.701959004178394,-0.11207487426972029,0.27972195867085686,0.5612789606528095,0.6122469506705445,0.07096155695542919,1.180193844428449,55,watermelon,Sandy soil
40258,-0.9089503032237339,-1.0687588504872214,-0.09597647149880119,-0.8975029591088394,0.8867978378542885,-0.6698354497869264,0.041471313910391105,0.7108000730306224,0.2330617671649563,1.1120020524946064,-0.3489821403937841,0.3092319796546651,55,watermelon,Sandy soil
40259,-0.9089503032237339,-1.0687588504872214,-0.6043429600973992,-0.8975029591088394,-0.3442096784292314,-0.5148865403692603,-0.009710748816312897,0.8396183376732871,0.4446754840189669,0.25443412628763645,-0.13317774036710517,1.4972385399737176,55,watermelon,Sandy soil
40260,-0.9089503032237339,-1.0687588504872214,0.4123900170997968,-0.8975029591088394,0.5790459587834081,-0.6414911370885729,-0.0438321239674487,0.2847736553235103,0.1855566470548726,0.6950466125112174,0.1351196218282258,0.7210256646732327,55,watermelon,Sandy soil
40261,-0.9089503032237339,-1.0687588504872214,-1.621075937294595,-0.8975029591088394,1.3484256564606083,-0.620705307776447,0.38268506542175035,0.5252905459526245,0.20283123618581245,-0.011707643914526628,-0.10401498360674312,0.8011978865352541,55,watermelon,Sandy soil
40262,-0.9089503032237339,-1.0687588504872214,0.9207565056983947,-0.8975029591088394,0.5790459587834081,-0.701959004178394,0.2461995648172065,0.15062304421415618,0.427400894888027,0.836988889952371,0.47924015160049793,0.40398096912796405,55,watermelon,Sandy soil
40263,-0.9089503032237339,-1.0687588504872214,-0.09597647149880119,-0.8975029591088394,0.8867978378542885,-0.6433807579351299,-0.1291355618452885,0.8370924893469601,0.3496652437987988,0.6625181739309531,0.012636043434705087,1.3004521772214817,55,watermelon,Sandy soil
40264,-0.9089503032237339,-1.0687588504872214,-0.6043429600973992,-0.8975029591088394,0.11741814017708838,-0.6962901416387233,0.22913887724163892,0.3653201519519302,0.522411135108195,0.6773038278310733,0.1234545191240808,0.9251004112311064,55,watermelon,Sandy soil
40265,-0.9089503032237339,-1.0687588504872214,0.4123900170997968,-0.8975029591088394,1.1945497169251689,-0.5848025116918656,0.38268506542175035,0.3066643408183423,0.5267297823909303,0.0296921870058096,-0.22649856200026383,0.6116999075886573,55,watermelon,Sandy soil
40266,-0.9089503032237339,-1.0687588504872214,-1.621075937294595,-0.8975029591088394,-0.9597134365709921,-0.5243346446020448,0.09265337663709511,0.7787173280274086,0.29352282912324523,1.10017352937451,0.3742542272631947,0.4404228881561558,55,watermelon,Sandy soil
40267,-0.9089503032237339,-1.0687588504872214,0.9207565056983947,-0.8975029591088394,-0.6519615575001118,-0.6055883410039917,0.1097140642126627,0.13911640183866758,0.4403568367362322,0.6832180893911215,0.6833794489230323,0.16346430354189823,55,watermelon,Sandy soil
40270,-0.9089503032237339,-1.0687588504872214,0.4123900170997968,-0.8975029591088394,-0.6519615575001118,-0.49976957359680474,-0.09501418669415271,0.07484759442435358,0.38421442206067796,0.5560614658500876,-0.13317774036710517,1.2749428339017475,55,watermelon,Sandy soil
40271,-0.9089503032237339,-1.0687588504872214,-1.621075937294595,-0.8975029591088394,-0.3442096784292314,-0.6698354497869264,0.38268506542175035,0.8300762439960525,0.41444495303982243,0.8162889744922031,0.15261727588444285,0.6627185942281255,55,watermelon,Sandy soil
40272,-0.9089503032237339,-1.0687588504872214,0.9207565056983947,-0.8975029591088394,0.11741814017708838,-0.7416410419560892,0.2973816275439105,0.15820058919313656,0.5483230188046049,0.14206315664672284,0.45590994619220837,0.5971231399773804,55,watermelon,Sandy soil
40273,-0.9089503032237339,-1.0687588504872214,-0.09597647149880119,-0.8975029591088394,0.7329218983188477,-0.720855212643963,0.024410626334822903,0.45821524039794714,0.5051365459772558,0.7867176666919626,0.35675657320697723,1.5373246509047283,55,watermelon,Sandy soil
40274,-0.9089503032237339,-1.0687588504872214,-0.6043429600973992,-0.8975029591088394,1.3484256564606083,-0.6962901416387233,0.07559268906152691,0.35465545901855067,0.38853306934341325,0.7571463588917223,0.3392589191507602,0.45864384767025174,55,watermelon,Sandy soil
40275,-0.9089503032237339,-1.0687588504872214,0.4123900170997968,-0.8975029591088394,1.1945497169251689,-0.7246344543370768,0.12677475178823092,0.7792786276554814,0.31511606553691973,0.6802609586110971,0.26926830292589105,1.0307819764128627,55,watermelon,Sandy soil
40276,-0.9089503032237339,-1.0687588504872214,-1.621075937294595,-0.8975029591088394,1.0406737773897279,-0.7416410419560892,0.07559268906152691,0.6765607957181936,0.18987529433760725,1.1179163140546542,-0.07485222684638107,0.5388160695322738,55,watermelon,Sandy soil
40277,-0.9089503032237339,-1.0687588504872214,0.9207565056983947,-0.8975029591088394,-0.6519615575001118,-0.4922110902105773,-0.026771436391880492,0.276073511088385,0.48786195684631595,0.3194910034481649,0.36842167591112224,0.815774654146531,55,watermelon,Sandy soil
40278,-0.9089503032237339,-1.0687588504872214,-0.09597647149880119,-0.8975029591088394,-0.3442096784292314,-0.69817976248528,0.31444231511947873,0.20871755571967163,0.33670930195059423,1.020330998313861,0.263435751573819,1.0818006630523311,55,watermelon,Sandy soil
40279,-0.9089503032237339,-1.0687588504872214,-0.6043429600973992,-0.8975029591088394,0.8867978378542885,-0.6490496204748005,0.31444231511947873,0.4910512686401951,0.3928517166261479,0.9552741211533323,0.08262665965957418,1.3587592476665888,55,watermelon,Sandy soil
40280,-0.9089503032237339,-1.0687588504872214,0.4123900170997968,-0.8975029591088394,1.0406737773897279,-0.5394516113745,0.16089612693936672,0.0863542367998422,0.5051365459772558,1.1090449217145821,0.08262665965957418,1.4316430857229725,55,watermelon,Sandy soil
40282,-0.9089503032237339,-1.0687588504872214,0.9207565056983947,-0.8975029591088394,0.27129407971252784,-0.5205554029089309,0.3656243778461821,0.17447827840724217,0.3064787709714498,0.49691885024960697,0.39175188131941174,1.100021622566427,55,watermelon,Sandy soil
40283,-0.9089503032237339,-1.0687588504872214,-0.09597647149880119,-0.8975029591088394,0.4251700192479687,-0.6509392413213574,0.22913887724163892,0.7040644774937515,0.267610945426836,0.6713895662710252,-0.09818243225467063,0.34567389868285686,55,watermelon,Sandy soil
40284,-0.9089503032237339,-1.0687588504872214,-0.6043429600973992,-0.8975029591088394,1.0406737773897279,-0.7321929377233046,0.1950175020905025,0.7470038990413062,0.4749060149981113,0.39046214216874187,0.39175188131941174,0.9287446031339255,55,watermelon,Sandy soil
40285,-0.9089503032237339,-1.0687588504872214,0.4123900170997968,-0.8975029591088394,0.11741814017708838,-0.47142526089845116,0.024410626334822903,0.848599131722449,0.2460177090131615,0.6418182584707848,0.44424484348806337,1.1036658144692464,55,watermelon,Sandy soil
40286,-0.9089503032237339,-1.0687588504872214,-1.621075937294595,-0.8975029591088394,-0.036457799358352465,-0.6755043123265974,0.26326025239277473,0.1814945237581498,0.36262118564700346,0.3106196111080929,0.3509240218549051,1.2348567229707366,55,watermelon,Sandy soil
40287,-0.9089503032237339,-1.0687588504872214,0.9207565056983947,-0.8975029591088394,1.1945497169251689,-0.4789837442846789,-0.0438321239674487,0.40096267833454113,0.427400894888027,0.7305321818715058,0.1409521731802983,0.6736511699365829,55,watermelon,Sandy soil
40289,-0.9089503032237339,-1.0687588504872214,-0.6043429600973992,-0.8975029591088394,-0.49808561796467227,-0.7057382458715078,-0.11207487426972029,0.18233647320025861,0.574234902501014,0.2840054340878768,0.26926830292589105,1.555545610418824,55,watermelon,Sandy soil
40291,-0.9089503032237339,-1.0687588504872214,-1.621075937294595,-0.8975029591088394,0.8867978378542885,-0.5073280569830325,0.2461995648172065,0.237624486565411,0.21146853075128177,0.9996310828536928,0.10595686506786374,1.3223173286383971,55,watermelon,Sandy soil
40292,-0.9089503032237339,-1.0687588504872214,0.9207565056983947,-0.8975029591088394,0.8867978378542885,-0.5545685781469551,0.2973816275439105,0.5098548061806277,0.28488553455777527,0.18642011834708333,0.024301146138850073,1.53003626709909,55,watermelon,Sandy soil
40293,-0.9089503032237339,-1.0687588504872214,-0.09597647149880119,-0.8975029591088394,0.7329218983188477,-0.7321929377233046,0.041471313910391105,0.5073289578543007,0.16828205792393272,1.0439880445540533,-0.03402436738187403,0.7064488970619558,55,watermelon,Sandy soil
40295,-0.9089503032237339,-1.0687588504872214,0.4123900170997968,-0.8975029591088394,0.7329218983188477,-0.5848025116918656,0.38268506542175035,0.6232373310512955,0.17691935248940266,0.6418182584707848,-0.28482407552098793,0.37482743390541073,55,watermelon,Sandy soil
40296,-0.9089503032237339,-1.0687588504872214,-1.621075937294595,-0.8975029591088394,0.5790459587834081,-0.7378618002629753,0.2461995648172065,0.11301596913329125,0.41012630575708775,0.836988889952371,-0.05152202143809151,1.5446130347103668,55,watermelon,Sandy soil
40298,-0.9089503032237339,-1.0687588504872214,-0.09597647149880119,-0.8975029591088394,1.0406737773897279,-0.516776161215817,0.28032093996834234,0.5693525667563247,0.4403568367362322,0.13023463352662695,0.035966248842994646,1.1073100063720653,55,watermelon,Sandy soil
40301,-0.9089503032237339,-1.0687588504872214,-1.621075937294595,-0.8975029591088394,0.5790459587834081,-0.5923609950780934,0.3656243778461821,0.2704605148076589,0.16828205792393272,0.8636030669725874,0.3800867786152672,1.180193844428449,55,watermelon,Sandy soil
40302,-0.9089503032237339,-1.0687588504872214,0.9207565056983947,-0.8975029591088394,-0.6519615575001118,-0.6584977247075852,-0.09501418669415271,0.4262211615978087,0.31511606553691973,0.10362045650641047,0.6600492435147427,0.7246698565760517,55,watermelon,Sandy soil
40303,-0.9089503032237339,-1.0687588504872214,-0.09597647149880119,-0.8975029591088394,0.8867978378542885,-0.6471599996282438,0.21207818966607073,0.8059403599889304,0.3669398329297387,0.727575051091482,0.23427299481345693,0.914167835522649,55,watermelon,Sandy soil
40304,-0.9089503032237339,-1.0687588504872214,-0.6043429600973992,-0.8975029591088394,-0.49808561796467227,-0.6112572035436624,0.21207818966607073,0.8685252685190264,0.20283123618581245,0.21303429536729981,0.520068011065005,1.522747883293452,55,watermelon,Sandy soil
40305,-0.9089503032237339,-1.0687588504872214,0.4123900170997968,-0.8975029591088394,-0.3442096784292314,-0.7189655917974063,-0.0779534991185845,0.5193968998578624,0.39717036390888316,-0.014664774694550914,0.5608958705295116,0.14888753593062157,55,watermelon,Sandy soil
40306,-0.9089503032237339,-1.0687588504872214,-1.621075937294595,-0.8975029591088394,0.8867978378542885,-0.681173174866268,0.1438354393637991,0.23229214009872126,0.20714988346854712,0.7601034896717462,-0.13317774036710517,0.589834756171742,55,watermelon,Sandy soil
40307,-0.9089503032237339,-1.0687588504872214,0.9207565056983947,-0.8975029591088394,0.4251700192479687,-0.46197715666566663,0.31444231511947873,0.21348860255828864,0.267610945426836,0.6447753892508087,0.035966248842994646,0.5789021804632846,55,watermelon,Sandy soil
40309,-0.9089503032237339,-1.0687588504872214,-0.6043429600973992,-0.8975029591088394,-0.49808561796467227,-0.5413412322210568,-0.0779534991185845,0.13350340555794146,0.23738041444769156,0.3194910034481649,-0.19733580523990177,0.327452939168761,55,watermelon,Sandy soil
40310,-0.9089503032237339,-1.0687588504872214,0.4123900170997968,-0.8975029591088394,0.11741814017708838,-0.5318931279882723,0.2461995648172065,0.12480326132281591,0.3194347128196544,0.15389167976681914,0.6600492435147427,0.2181271820841859,55,watermelon,Sandy soil
40311,-0.9089503032237339,-1.0687588504872214,-1.621075937294595,-0.8975029591088394,-0.3442096784292314,-0.46386677751222366,0.3656243778461821,0.04706326283475937,0.37557712749520866,0.7719320127918425,-0.3839774485062187,0.38576000961386814,55,watermelon,Sandy soil
40312,-0.9089503032237339,-1.0687588504872214,0.9207565056983947,-0.8975029591088394,0.27129407971252784,-0.48276298597779277,0.2973816275439105,0.42004686568900984,0.5915094916319539,0.6950466125112174,0.1934451353489499,1.5008827318765365,55,watermelon,Sandy soil
40313,-0.9089503032237339,-1.0687588504872214,-0.09597647149880119,-0.8975029591088394,1.1945497169251689,-0.5602374406866258,-0.0608928115430169,0.4130306203381022,0.22874311988222162,0.8902172439928039,0.3100961623903981,1.1364635415946187,55,watermelon,Sandy soil
40314,-0.9089503032237339,-1.0687588504872214,-0.6043429600973992,-0.8975029591088394,-0.8058374970355525,-0.5659063032262965,0.12677475178823092,0.6628089548304145,0.4489941313017015,0.5531043350700637,0.6542166921626702,0.6262766751999337,55,watermelon,Sandy soil
40315,-0.9089503032237339,-1.0687588504872214,0.4123900170997968,-0.8975029591088394,0.5790459587834081,-0.5980298576177641,0.31444231511947873,0.10908687173678304,0.18987529433760725,0.47326180400941475,0.10595686506786374,0.8850143003000958,55,watermelon,Sandy soil
40316,-0.9089503032237339,-1.0687588504872214,-1.621075937294595,-0.8975029591088394,0.11741814017708838,-0.5092176778295893,0.22913887724163892,0.5606524225211988,0.41012630575708775,0.585632773650328,0.21677534075723945,1.140107733497438,55,watermelon,Sandy soil
40319,-0.9089503032237339,-1.0687588504872214,-0.6043429600973992,-0.8975029591088394,-0.9597134365709921,-0.6244845494695608,-0.11207487426972029,0.6636509042725232,0.26329229814410077,0.4614332808893189,-0.1798381511836843,1.5336804590019093,55,watermelon,Sandy soil
40320,-0.9089503032237339,-1.0687588504872214,0.4123900170997968,-0.8975029591088394,1.3484256564606083,-0.537561990527943,0.1438354393637991,0.8640348714944459,0.38853306934341325,0.21894855692734796,-0.32565193498549455,0.16710849544471745,55,watermelon,Sandy soil
40321,-0.9089503032237339,-1.0687588504872214,-1.621075937294595,-0.8975029591088394,0.7329218983188477,-0.6773939331731542,0.1950175020905025,0.5943304002055555,0.574234902501014,0.3106196111080929,0.08845921101164668,1.3223173286383971,55,watermelon,Sandy soil
40322,-0.9089503032237339,-1.0687588504872214,0.9207565056983947,-0.8975029591088394,0.11741814017708838,-0.6263741703161176,0.28032093996834234,0.24885047912686323,0.3323906546678596,0.7039180048512894,0.1351196218282258,1.5591898023216437,55,watermelon,Sandy soil
40324,-0.9089503032237339,-1.0687588504872214,-0.6043429600973992,-0.8975029591088394,0.11741814017708838,-0.5602374406866258,0.05853200148595931,0.12311936243859833,0.40148901119161784,0.9523169903733084,-0.4656331674352323,0.5096625343097199,55,watermelon,Sandy soil
40326,-0.9089503032237339,-1.0687588504872214,-1.621075937294595,-0.8975029591088394,-0.8058374970355525,-0.46953564005189435,0.05853200148595931,0.5443747333070932,0.3064787709714498,0.9109171594529718,0.4267471894318463,0.13795496022216389,55,watermelon,Sandy soil
40327,-0.9089503032237339,-1.0687588504872214,0.9207565056983947,-0.8975029591088394,0.4251700192479687,-0.5413412322210568,0.31444231511947873,0.41162737126792065,0.5483230188046049,0.9375313364731882,-0.31981938363342205,0.502374150504082,55,watermelon,Sandy soil
40329,-0.9089503032237339,-1.0687588504872214,-0.6043429600973992,-0.8975029591088394,1.1945497169251689,-0.5772440283056381,0.3656243778461821,0.31620643449557667,0.40580765847435246,0.8488174130724673,0.4209146380797738,0.18532945495881334,55,watermelon,Sandy soil
40330,-0.9089503032237339,-1.0687588504872214,0.4123900170997968,-0.8975029591088394,-0.6519615575001118,-0.6773939331731542,0.33150300269504634,0.29263185011652704,0.5871908443492186,0.6004184275504482,0.047631351547139635,1.4535082371398873,55,watermelon,Sandy soil
40331,-0.9089503032237339,-1.0687588504872214,-1.621075937294595,-0.8975029591088394,0.11741814017708838,-0.6944005207921665,0.024410626334822903,0.5272550946508788,0.21578717803401704,0.585632773650328,0.520068011065005,0.4112693529336025,55,watermelon,Sandy soil
40332,-0.9089503032237339,-1.0687588504872214,0.9207565056983947,-0.8975029591088394,-0.49808561796467227,-0.5262242654486016,0.16089612693936672,0.6207114827249686,0.32375336010238964,0.8458602822924434,-0.44813551337901525,0.40033677722514455,55,watermelon,Sandy soil
40334,-0.9089503032237339,-1.0687588504872214,-0.6043429600973992,-0.8975029591088394,0.4251700192479687,-0.6225949286230038,0.22913887724163892,0.4054530753591218,0.5353670769563996,0.40229066528883817,-0.045689470086019014,1.165617076817172,55,watermelon,Sandy soil
40335,-0.9089503032237339,-1.0687588504872214,0.4123900170997968,-0.8975029591088394,-0.3442096784292314,-0.5791336491521949,0.0073499387592553065,0.3709331482326563,0.48354330956358127,0.7157465279713857,0.16428237858858785,0.39304839341950665,55,watermelon,Sandy soil
40336,-0.9089503032237339,-1.0687588504872214,-1.621075937294595,-0.8975029591088394,-0.49808561796467227,-0.5677959240728536,0.1950175020905025,0.7944337176134422,0.4489941313017015,-0.008750513134502761,0.40341698402355675,1.1874822282340873,55,watermelon,Sandy soil
40337,-0.9089503032237339,-1.0687588504872214,0.9207565056983947,-0.8975029591088394,0.4251700192479687,-0.6131468243902192,0.2973816275439105,0.521361448556116,0.5137738405427251,0.4229905807490061,-0.05152202143809151,1.3514708638609505,55,watermelon,Sandy soil
40339,-0.9089503032237339,-1.0687588504872214,-0.6043429600973992,-0.8975029591088394,0.7329218983188477,-0.5129969195227032,0.3656243778461821,0.26204102038656973,0.5137738405427251,0.38159074982866986,0.27510085427796355,0.4950857666984435,55,watermelon,Sandy soil
40340,-0.9089503032237339,-1.0687588504872214,0.4123900170997968,-0.8975029591088394,-0.6519615575001118,-0.4959903319036912,0.26326025239277473,0.7924691689151878,0.5180924878254604,0.2041629030272278,0.5783935245857291,0.7647559675070624,55,watermelon,Sandy soil
40341,-0.9089503032237339,-1.0687588504872214,-1.621075937294595,-0.8975029591088394,0.7329218983188477,-0.581023269998752,0.024410626334822903,0.09365113196478621,0.5483230188046049,1.1267877063947267,0.3100961623903981,0.7137372808675942,55,watermelon,Sandy soil
40342,-0.9089503032237339,-1.0687588504872214,0.9207565056983947,-0.8975029591088394,-0.6519615575001118,-0.7284136960301908,0.3485636902706145,0.261479720758497,0.20714988346854712,0.8044604513721068,-0.44230296202694275,1.3952011666947808,55,watermelon,Sandy soil
40343,-0.9089503032237339,-1.0687588504872214,-0.09597647149880119,-0.8975029591088394,0.8867978378542885,-0.4770941234381221,0.0073499387592553065,0.49526101585073967,0.48786195684631595,0.4496047577692226,0.2459380975176015,0.5424602614350927,55,watermelon,Sandy soil
40345,-0.9089503032237339,-1.0687588504872214,0.4123900170997968,-0.8975029591088394,-0.6519615575001118,-0.5545685781469551,0.09265337663709511,0.04060831711192414,0.2330617671649563,0.6181612122305926,-0.3956425512103636,0.327452939168761,55,watermelon,Sandy soil
40346,-0.9089503032237339,-1.0687588504872214,-1.621075937294595,-0.8975029591088394,0.8867978378542885,-0.720855212643963,0.041471313910391105,0.8575799257716109,0.28488553455777527,0.4141191884089341,0.3450914705028327,0.8558607650775418,55,watermelon,Sandy soil
40347,-0.9089503032237339,-1.0687588504872214,0.9207565056983947,-0.8975029591088394,0.7329218983188477,-0.6282637911626747,0.16089612693936672,0.7520555956939595,0.41444495303982243,1.08538787547439,0.39758443267148424,0.5789021804632846,55,watermelon,Sandy soil
40348,-0.9089503032237339,-1.0687588504872214,-0.09597647149880119,-0.8975029591088394,0.7329218983188477,-0.6509392413213574,0.17795681451493492,0.1486584955159019,0.4662687204326414,0.30766248032806903,0.0009709407305605154,0.6080557156858378,55,watermelon,Sandy soil
40349,-0.9089503032237339,-1.0687588504872214,-0.6043429600973992,-0.8975029591088394,-0.036457799358352465,-0.47331488174500824,-0.09501418669415271,0.8514056298628121,0.3669398329297387,0.6477325200308329,-0.4248053079707257,0.15617591973625977,55,watermelon,Sandy soil
40350,-0.9089503032237339,-1.0687588504872214,0.4123900170997968,-0.8975029591088394,1.0406737773897279,-0.6112572035436624,-0.009710748816312897,0.831198843252198,0.41444495303982243,0.9966739520736689,0.23427299481345693,1.3769802071806847,55,watermelon,Sandy soil
40351,-0.9089503032237339,-1.0687588504872214,-1.621075937294595,-0.8975029591088394,0.11741814017708838,-0.7000693833318371,0.17795681451493492,0.8702091674032447,0.32375336010238964,0.36089083436850156,0.3450914705028327,0.45864384767025174,55,watermelon,Sandy soil
40352,-0.9089503032237339,-1.0687588504872214,0.9207565056983947,-0.8975029591088394,-0.49808561796467227,-0.4959903319036912,-0.11207487426972029,0.8665607198207722,0.20714988346854712,0.9493598595932846,-0.1740055998316118,0.6736511699365829,55,watermelon,Sandy soil
40353,-0.9089503032237339,-1.0687588504872214,-0.09597647149880119,-0.8975029591088394,0.5790459587834081,-0.5545685781469551,0.2461995648172065,0.6835770410691013,0.4749060149981113,0.4939617194695831,0.024301146138850073,1.325961520541216,55,watermelon,Sandy soil
40355,-0.9089503032237339,-1.0687588504872214,0.4123900170997968,-0.8975029591088394,0.4251700192479687,-0.4846526068243496,0.22913887724163892,0.46242498760849177,0.267610945426836,0.7926319282520105,0.1992776867010224,0.7756885432155204,55,watermelon,Sandy soil
40356,-0.9089503032237339,-1.0687588504872214,-1.621075937294595,-0.8975029591088394,-0.036457799358352465,-0.5148865403692603,0.1438354393637991,0.09617698029111289,0.3712584802124734,0.19529151068715578,-0.004861610621511978,0.9906958654818515,55,watermelon,Sandy soil
40357,-0.9089503032237339,-1.0687588504872214,0.9207565056983947,-0.8975029591088394,0.4251700192479687,-0.679283554019711,0.2461995648172065,0.4455859987663134,0.3194347128196544,0.6950466125112174,-0.4656331674352323,0.8048420784380736,55,watermelon,Sandy soil
40358,-0.9089503032237339,-1.0687588504872214,-0.09597647149880119,-0.8975029591088394,0.7329218983188477,-0.620705307776447,-0.0608928115430169,0.3804752419098906,0.5353670769563996,0.7601034896717462,0.16428237858858785,0.5461044533379117,55,watermelon,Sandy soil
40361,-0.9089503032237339,-1.0687588504872214,-1.621075937294595,-0.8975029591088394,0.11741814017708838,-0.6698354497869264,0.05853200148595931,0.4472698976505316,0.3496652437987988,0.12432037196657879,0.3334263677986877,1.2931637934158433,55,watermelon,Sandy soil
40362,-0.9089503032237339,-1.0687588504872214,0.9207565056983947,-0.8975029591088394,0.8867978378542885,-0.7246344543370768,0.0073499387592553065,0.720061516893821,0.22874311988222162,0.9759740366135006,0.5958911786419462,0.8121304622437121,55,watermelon,Sandy soil
40363,-0.9089503032237339,-1.0687588504872214,-0.09597647149880119,-0.8975029591088394,0.7329218983188477,-0.5186657820623738,0.1097140642126627,0.7498103971816692,0.3928517166261479,0.18642011834708333,0.22260789210931195,1.0052726330931285,55,watermelon,Sandy soil
40365,-0.9089503032237339,-1.0687588504872214,0.4123900170997968,-0.8975029591088394,-0.3442096784292314,-0.5318931279882723,0.28032093996834234,0.1618490367756084,0.31511606553691973,0.91683142101302,-0.2439962160564809,0.8850143003000958,55,watermelon,Sandy soil
40366,-0.9089503032237339,-1.0687588504872214,-1.621075937294595,-0.8975029591088394,-0.49808561796467227,-0.6566081038610283,0.024410626334822903,0.7282003615008735,0.565597607935544,0.04447784090592977,-0.08068477819845356,0.9396771788423833,55,watermelon,Sandy soil
40367,-0.9089503032237339,-1.0687588504872214,0.9207565056983947,-0.8975029591088394,0.27129407971252784,-0.5129969195227032,0.28032093996834234,0.6653348031567414,0.5526416660873394,0.8931743747728278,0.22844044346138445,0.2873668282377502,55,watermelon,Sandy soil
40369,-0.9089503032237339,-1.0687588504872214,-0.6043429600973992,-0.8975029591088394,1.1945497169251689,-0.475204502591565,0.16089612693936672,0.7638428878834845,0.3453465965160642,1.0499023061141015,0.32759381644661517,0.9797632897733941,55,watermelon,Sandy soil
40370,-0.9089503032237339,-1.0687588504872214,0.4123900170997968,-0.8975029591088394,0.4251700192479687,-0.5470100947607275,0.1097140642126627,0.03780181897156108,0.38421442206067796,0.5590185966301119,-0.34314958904171206,0.8995910679113721,55,watermelon,Sandy soil
40371,-0.9089503032237339,-1.0687588504872214,-1.621075937294595,-0.8975029591088394,0.27129407971252784,-0.46764601920533755,0.3656243778461821,0.10375452527009296,0.22874311988222162,0.3579337035884777,0.17594748129273283,0.35296228248849537,55,watermelon,Sandy soil
40372,-0.9089503032237339,-1.0687588504872214,0.9207565056983947,-0.8975029591088394,-0.3442096784292314,-0.5035488152899187,0.1950175020905025,0.5258518455806973,0.3539838910815341,0.6684324354910013,-0.302321729577205,1.2968079853186627,55,watermelon,Sandy soil
40373,-0.9089503032237339,-1.0687588504872214,-0.09597647149880119,-0.8975029591088394,0.8867978378542885,-0.6887316582524955,-0.09501418669415271,0.06839264870151868,0.2546550035786308,0.32836239578823734,0.1351196218282258,0.502374150504082,55,watermelon,Sandy soil
40374,-0.9089503032237339,-1.0687588504872214,-0.6043429600973992,-0.8975029591088394,-0.8058374970355525,-0.5054384361364757,0.041471313910391105,0.32574852817281097,0.49218060412905057,0.9227456825730681,-0.2439962160564809,0.44406708005897483,55,watermelon,Sandy soil
40375,-0.9089503032237339,-1.0687588504872214,0.4123900170997968,-0.8975029591088394,0.7329218983188477,-0.5659063032262965,0.3485636902706145,0.22892434233028544,0.5008178986945205,0.017863663885713716,-0.34314958904171206,1.2057031877481832,55,watermelon,Sandy soil
40376,-0.9089503032237339,-1.0687588504872214,-1.621075937294595,-0.8975029591088394,-0.19033373889379193,-0.6698354497869264,0.1950175020905025,0.6759994960901209,0.3669398329297387,0.4910045886895592,0.22844044346138445,0.8740817245916378,55,watermelon,Sandy soil
40377,-0.9089503032237339,-1.0687588504872214,0.9207565056983947,-0.8975029591088394,-0.6519615575001118,-0.6528288621679145,0.3656243778461821,0.7489684477395604,0.5008178986945205,0.39046214216874187,0.15261727588444285,1.0453587440241392,55,watermelon,Sandy soil
40378,-0.9089503032237339,-1.0687588504872214,-0.09597647149880119,-0.8975029591088394,0.4251700192479687,-0.6868420374059387,0.1438354393637991,0.5095741563665916,0.3669398329297387,0.39637640372879,0.5667284218815841,1.0162052088015858,55,watermelon,Sandy soil
40379,-0.9089503032237339,-1.0687588504872214,-0.6043429600973992,-0.8975029591088394,-0.19033373889379193,-0.5300035071417154,0.12677475178823092,0.3038578426779793,0.40148901119161784,0.4348191038691024,-0.14484284307124975,1.180193844428449,55,watermelon,Sandy soil
40380,-0.9089503032237339,-1.0687588504872214,0.4123900170997968,-0.8975029591088394,0.8867978378542885,-0.5696855449194104,0.024410626334822903,0.25698932373391603,0.33670930195059423,0.7748891435718663,0.018468594786777582,0.6517860185196681,55,watermelon,Sandy soil
40382,-0.9089503032237339,-1.0687588504872214,0.9207565056983947,-0.8975029591088394,-0.6519615575001118,-0.7114071084111785,0.12677475178823092,0.42874700992413506,0.5051365459772558,0.5176187657097753,0.4267471894318463,0.9251004112311064,55,watermelon,Sandy soil
40383,-0.9089503032237339,-1.0687588504872214,-0.09597647149880119,-0.8975029591088394,1.1945497169251689,-0.5337827488348293,-0.11207487426972029,0.7290423109429823,0.4662687204326414,1.0587736984541736,-0.3956425512103636,1.0672238954410547,55,watermelon,Sandy soil
40384,-0.9089503032237339,-1.0687588504872214,-0.6043429600973992,-0.8975029591088394,0.8867978378542885,-0.5148865403692603,-0.0608928115430169,0.1980528627862918,0.1855566470548726,0.21007716458727596,-0.13317774036710517,1.0526471278297778,55,watermelon,Sandy soil
40385,-0.9089503032237339,-1.0687588504872214,0.4123900170997968,-0.8975029591088394,-0.3442096784292314,-0.7170759709508492,0.0073499387592553065,0.6535475109672164,0.2330617671649563,0.4466476269891987,0.006803492082632595,0.37118324200259123,55,watermelon,Sandy soil
40386,-0.9089503032237339,-1.0687588504872214,-1.621075937294595,-0.8975029591088394,-0.19033373889379193,-0.516776161215817,0.28032093996834234,0.4744929296120534,0.18987529433760725,0.3638479651485254,0.0651290056033567,0.9797632897733941,55,watermelon,Sandy soil
40387,-0.9089503032237339,-1.0687588504872214,0.9207565056983947,-0.8975029591088394,1.1945497169251689,-0.6736146914800403,0.0073499387592553065,0.6886287377217547,0.21146853075128177,0.6684324354910013,0.6717143462188877,0.7465350079929665,55,watermelon,Sandy soil
40388,-0.9089503032237339,-1.0687588504872214,-0.09597647149880119,-0.8975029591088394,-0.9597134365709921,-0.6339326537023454,0.3656243778461821,0.5286583437210604,0.5958281389146886,0.7748891435718663,0.09429176236371875,1.2421451067763751,55,watermelon,Sandy soil
40389,-0.9089503032237339,-1.0687588504872214,-0.6043429600973992,-0.8975029591088394,0.5790459587834081,-0.6263741703161176,0.12677475178823092,0.3709331482326563,0.4662687204326414,0.7896747974719865,0.6775468975709598,1.3988453585975997,55,watermelon,Sandy soil
40390,-0.9089503032237339,-1.0687588504872214,0.4123900170997968,-0.8975029591088394,0.5790459587834081,-0.4884318485174634,0.1097140642126627,0.2943157490007449,0.1855566470548726,0.6181612122305926,-0.302321729577205,0.8267072298549886,55,watermelon,Sandy soil
40393,-0.9089503032237339,-1.0687588504872214,-0.09597647149880119,-0.8975029591088394,-0.6519615575001118,-0.5545685781469551,0.33150300269504634,0.8157631034802011,0.49649925141178586,0.7187036587514095,0.030133697490922567,1.3004521772214817,55,watermelon,Sandy soil
40394,-0.9089503032237339,-1.0687588504872214,-0.6043429600973992,-0.8975029591088394,-0.9597134365709921,-0.6603873455541419,0.2461995648172065,0.4568119913277656,0.41444495303982243,-0.01762190547457478,0.09429176236371875,0.26550167682083514,55,watermelon,Sandy soil
40395,-0.9089503032237339,-1.0687588504872214,0.4123900170997968,-0.8975029591088394,0.8867978378542885,-0.7189655917974063,-0.09501418669415271,0.5685106173142159,0.30216012368871514,0.3638479651485254,0.6775468975709598,0.49872995860126246,55,watermelon,Sandy soil
40396,-0.9089503032237339,-1.0687588504872214,-1.621075937294595,-0.8975029591088394,0.7329218983188477,-0.5659063032262965,0.07559268906152691,0.3437101162711345,0.31079741825418505,0.8695173285326355,0.5900586272898737,0.9797632897733941,55,watermelon,Sandy soil
40398,-0.9089503032237339,-1.0687588504872214,-0.09597647149880119,-0.8975029591088394,-0.3442096784292314,-0.516776161215817,0.024410626334822903,0.22022419809515992,0.3539838910815341,0.8695173285326355,-0.01069416197358447,0.8558607650775418,55,watermelon,Sandy soil
40399,-0.9089503032237339,-1.0687588504872214,-0.6043429600973992,-0.8975029591088394,-0.49808561796467227,-0.5318931279882723,-0.09501418669415271,0.5252905459526245,0.5915094916319539,0.9464027288132603,-0.29065662687306,1.1291751577889801,55,watermelon,Sandy soil
40401,-0.9089503032237339,-1.0687588504872214,-1.621075937294595,-0.8975029591088394,0.4251700192479687,-0.6093675826971057,0.1438354393637991,0.058008605582175236,0.4489941313017015,0.5117045041497271,0.15261727588444285,0.15617591973625977,55,watermelon,Sandy soil
40402,-0.9089503032237339,-1.0687588504872214,0.9207565056983947,-0.8975029591088394,-0.036457799358352465,-0.46386677751222366,0.33150300269504634,0.6799285934866288,0.3496652437987988,0.5176187657097753,0.47340760024842543,0.4841531909899861,55,watermelon,Sandy soil
40403,-0.9089503032237339,-1.0687588504872214,-0.09597647149880119,-0.8975029591088394,0.7329218983188477,-0.5734647866125243,0.07559268906152691,0.32602917798684733,0.5396857242391349,0.6418182584707848,-0.45396806473108775,0.9323887950367449,55,watermelon,Sandy soil
40404,-0.9089503032237339,-1.0687588504872214,-0.6043429600973992,-0.8975029591088394,0.7329218983188477,-0.6566081038610283,-0.026771436391880492,0.14669394681764797,0.17691935248940266,0.8931743747728278,0.36258912455904974,0.3092319796546651,55,watermelon,Sandy soil
40406,-0.9089503032237339,-1.0687588504872214,-1.621075937294595,-0.8975029591088394,0.5790459587834081,-0.6093675826971057,0.31444231511947873,0.75963314067294,0.41444495303982243,0.09179193338631458,0.10012431371579124,0.3128761715574846,55,watermelon,Sandy soil
40407,-0.9089503032237339,-1.0687588504872214,0.9207565056983947,-0.8975029591088394,0.7329218983188477,-0.4922110902105773,0.041471313910391105,0.3291163259412468,0.5483230188046049,0.8931743747728278,-0.2498287674085534,1.4134221262088766,55,watermelon,Sandy soil
40408,-0.9089503032237339,-1.0687588504872214,-0.09597647149880119,-0.8975029591088394,0.7329218983188477,-0.6736146914800403,0.2461995648172065,0.38636888800465313,0.2589736508613661,0.8724744593126594,0.29259850833418105,1.0417145521213202,55,watermelon,Sandy soil
40409,-0.9089503032237339,-1.0687588504872214,-0.6043429600973992,-0.8975029591088394,0.11741814017708838,-0.4600875358191098,0.3485636902706145,0.2047884583231631,0.28488553455777527,0.4584761501092946,-0.07485222684638107,1.3769802071806847,55,watermelon,Sandy soil
40411,-0.9089503032237339,-1.0687588504872214,-1.621075937294595,-0.8975029591088394,1.0406737773897279,-0.5413412322210568,0.07559268906152691,0.5828237578300672,0.22442447259948697,1.0499023061141015,-0.2439962160564809,0.6153440994914763,55,watermelon,Sandy soil
40412,-0.9089503032237339,-1.0687588504872214,0.9207565056983947,-0.8975029591088394,1.0406737773897279,-0.5281138862951584,0.0073499387592553065,0.11694506652979947,0.32375336010238964,0.674346697051049,-0.3664797944500016,0.8595049569803613,55,watermelon,Sandy soil
40413,-0.9089503032237339,-1.0687588504872214,-0.09597647149880119,-0.8975029591088394,-0.3442096784292314,-0.5488997156072846,0.2973816275439105,0.6838576908831373,0.18123799977213792,0.8399460207323952,0.1292870704761533,0.4805089990871666,55,watermelon,Sandy soil
40414,-0.9089503032237339,-1.0687588504872214,-0.6043429600973992,-0.8975029591088394,1.3484256564606083,-0.6452703787816867,0.09265337663709511,0.24941177875493598,0.33670930195059423,0.07996341026621827,-0.33731703768963955,0.17439687925035566,55,watermelon,Sandy soil
40415,-0.9089503032237339,-1.0687588504872214,0.4123900170997968,-0.8975029591088394,1.0406737773897279,-0.5602374406866258,0.024410626334822903,0.12536456095088866,0.4360381894534969,1.005545344413741,0.15844982723651535,0.6627185942281255,55,watermelon,Sandy soil
40416,-0.9089503032237339,-1.0687588504872214,-1.621075937294595,-0.8975029591088394,0.8867978378542885,-0.6584977247075852,0.05853200148595931,0.7935917681713327,0.26329229814410077,0.27809117252782867,-0.10401498360674312,0.8412839974662655,55,watermelon,Sandy soil
40417,-0.9089503032237339,-1.0687588504872214,0.9207565056983947,-0.8975029591088394,0.5790459587834081,-0.7132967292577356,0.1438354393637991,0.7753495302589728,0.2719295927095707,0.727575051091482,0.047631351547139635,0.837639805563446,55,watermelon,Sandy soil
40418,-0.9089503032237339,-1.0687588504872214,-0.09597647149880119,-0.8975029591088394,1.0406737773897279,-0.6509392413213574,0.2461995648172065,0.6818931421848831,0.3280720073851243,1.0351166522139814,0.11762196777200873,1.1073100063720653,55,watermelon,Sandy soil
40419,-0.9089503032237339,-1.0687588504872214,-0.6043429600973992,-0.8975029591088394,-0.036457799358352465,-0.6433807579351299,-0.009710748816312897,0.8494410811645579,0.20714988346854712,0.07109201792614625,0.1292870704761533,0.3420297067800379,55,watermelon,Sandy soil
40421,-0.9089503032237339,-1.0687588504872214,-1.621075937294595,-0.8975029591088394,-0.6519615575001118,-0.6377118953954592,0.33150300269504634,0.3437101162711345,0.3928517166261479,0.21894855692734796,-0.22066601064819133,0.8485723812719039,55,watermelon,Sandy soil
40422,-0.9089503032237339,-1.0687588504872214,0.9207565056983947,-0.8975029591088394,1.1945497169251689,-0.4884318485174634,-0.0438321239674487,0.738584404620217,0.5094551932599904,0.47326180400941475,-0.19733580523990177,0.4258461205448789,55,watermelon,Sandy soil
40423,-0.9089503032237339,-1.0687588504872214,-0.09597647149880119,-0.8975029591088394,0.8867978378542885,-0.7416410419560892,-0.09501418669415271,0.4144338694082837,0.3453465965160642,0.10657758728643475,0.5550633191774396,0.7465350079929665,55,watermelon,Sandy soil
40424,-0.9089503032237339,-1.0687588504872214,-0.6043429600973992,-0.8975029591088394,-0.9597134365709921,-0.516776161215817,0.1950175020905025,0.12536456095088866,0.2460177090131615,-0.03536469015471924,0.5900586272898737,0.7246698565760517,55,watermelon,Sandy soil
40425,-0.9089503032237339,-1.0687588504872214,0.4123900170997968,-0.8975029591088394,-0.9597134365709921,-0.6679458289403697,-0.11207487426972029,0.6841383406971734,0.26329229814410077,0.49987598102963127,-0.22649856200026383,0.159820111639079,55,watermelon,Sandy soil
40426,-0.9089503032237339,-1.0687588504872214,-1.621075937294595,-0.8975029591088394,0.27129407971252784,-0.743530662802646,0.07559268906152691,0.20927885534774404,0.3798957747779433,0.638861127690761,-0.3489821403937841,1.0745122792466926,55,watermelon,Sandy soil
40428,-0.9089503032237339,-1.0687588504872214,-0.09597647149880119,-0.8975029591088394,0.7329218983188477,-0.620705307776447,0.12677475178823092,0.3510070114360785,0.5483230188046049,0.36976222670857356,-0.09818243225467063,0.586190564268923,55,watermelon,Sandy soil
40431,-0.9089503032237339,-1.0687588504872214,-1.621075937294595,-0.8975029591088394,-0.6519615575001118,-0.6868420374059387,0.26326025239277473,0.2662507675971143,0.48786195684631595,0.17163446444696318,0.09429176236371875,1.2895196015130244,55,watermelon,Sandy soil
40432,-0.9089503032237339,-1.0687588504872214,0.9207565056983947,-0.8975029591088394,-0.49808561796467227,-0.5016591944433618,-0.11207487426972029,0.7907852700309697,0.565597607935544,0.9848454289535726,0.6192213840502357,0.5096625343097199,55,watermelon,Sandy soil
40433,-0.9089503032237339,-1.0687588504872214,-0.09597647149880119,-0.8975029591088394,1.1945497169251689,-0.5111072986761463,-0.1291355618452885,0.7921885191011512,0.3280720073851243,0.36976222670857356,-0.028191816029801538,1.0490029359269588,55,watermelon,Sandy soil
40435,-0.9089503032237339,-1.0687588504872214,0.4123900170997968,-0.8975029591088394,1.1945497169251689,-0.639601516242016,0.0073499387592553065,0.6184662842126782,0.3064787709714498,0.2633055186277085,0.4150820867277013,0.15617591973625977,55,watermelon,Sandy soil
40436,-0.9089503032237339,-1.0687588504872214,-1.621075937294595,-0.8975029591088394,0.27129407971252784,-0.475204502591565,-0.0438321239674487,0.6830157414410286,0.29352282912324523,0.0977061949463623,-0.2673264214647704,0.2727900606264733,55,watermelon,Sandy soil
40438,-0.9089503032237339,-1.0687588504872214,-0.09597647149880119,-0.8975029591088394,0.11741814017708838,-0.46197715666566663,-0.09501418669415271,0.24772787987071807,0.40148901119161784,0.4584761501092946,-0.028191816029801538,1.2494334905820135,55,watermelon,Sandy soil
40439,-0.9089503032237339,-1.0687588504872214,-0.6043429600973992,-0.8975029591088394,-0.8058374970355525,-0.6944005207921665,-0.09501418669415271,0.5019966113876113,0.32375336010238964,0.6240754737906408,-0.14484284307124975,1.4571524290427063,55,watermelon,Sandy soil
40440,-0.9089503032237339,-1.0687588504872214,0.4123900170997968,-0.8975029591088394,1.0406737773897279,-0.703848625024951,-0.0438321239674487,0.7141678707990583,0.21578717803401704,0.6181612122305926,0.09429176236371875,0.5971231399773804,55,watermelon,Sandy soil
40441,-0.9089503032237339,-1.0687588504872214,-1.621075937294595,-0.8975029591088394,1.1945497169251689,-0.4884318485174634,0.33150300269504634,0.22471459511974087,0.21578717803401704,0.48509032712951106,-0.25566131876062587,1.0052726330931285,55,watermelon,Sandy soil
40442,-0.9089503032237339,-1.0687588504872214,0.9207565056983947,-0.8975029591088394,1.0406737773897279,-0.5243346446020448,0.024410626334822903,0.8342859912065971,0.1855566470548726,0.12136324118655492,0.5667284218815841,0.327452939168761,55,watermelon,Sandy soil
40443,-0.9089503032237339,-1.0687588504872214,-0.09597647149880119,-0.8975029591088394,-0.19033373889379193,-0.516776161215817,0.3656243778461821,0.3504457118080061,0.2805668872750406,0.3431480496883575,0.6483841408105977,0.5461044533379117,55,watermelon,Sandy soil
40444,-0.9089503032237339,-1.0687588504872214,-0.6043429600973992,-0.8975029591088394,0.7329218983188477,-0.5545685781469551,0.1097140642126627,0.2572699735479524,0.41444495303982243,0.18346298756705948,-0.03402436738187403,1.493594348070898,55,watermelon,Sandy soil
40445,-0.9089503032237339,-1.0687588504872214,0.4123900170997968,-0.8975029591088394,0.8867978378542885,-0.7114071084111785,0.16089612693936672,0.7702978336063194,0.267610945426836,0.8606459361925636,-0.3489821403937841,0.24363652540392,55,watermelon,Sandy soil
40446,-0.9089503032237339,-1.0687588504872214,-1.621075937294595,-0.8975029591088394,1.1945497169251689,-0.6150364452367763,0.28032093996834234,0.6094854901635163,0.4446754840189669,-0.002836251574454608,-0.302321729577205,1.504526923779356,55,watermelon,Sandy soil
40447,-0.9089503032237339,-1.0687588504872214,0.9207565056983947,-0.8975029591088394,0.4251700192479687,-0.6490496204748005,-0.009710748816312897,0.45344419355933047,0.27624823999230536,0.4584761501092946,-0.45396806473108775,0.21083879827854743,55,watermelon,Sandy soil
40448,-0.9089503032237339,-1.0687588504872214,-0.09597647149880119,-0.8975029591088394,0.5790459587834081,-0.7246344543370768,0.3485636902706145,0.27270571331994925,0.565597607935544,0.32540526500821304,0.4967378056567154,1.078156471149512,55,watermelon,Sandy soil
40449,-0.9089503032237339,-1.0687588504872214,-0.6043429600973992,-0.8975029591088394,-0.9597134365709921,-0.6074779618505486,0.21207818966607073,0.08270578921737003,0.18987529433760725,1.1208734448346784,0.3100961623903981,0.24363652540392,55,watermelon,Sandy soil
40450,-0.9089503032237339,-1.0687588504872214,0.4123900170997968,-0.8975029591088394,-0.9597134365709921,-0.5753544074590811,0.041471313910391105,0.5839463570862127,0.5396857242391349,1.0587736984541736,0.44424484348806337,1.3769802071806847,55,watermelon,Sandy soil
40451,-0.9089503032237339,-1.0687588504872214,-1.621075937294595,-0.8975029591088394,1.0406737773897279,-0.46386677751222366,0.1097140642126627,0.14276484942113973,0.38853306934341325,0.4259477115290304,-0.03985691873394653,0.7028047051591367,55,watermelon,Sandy soil
40452,-0.9089503032237339,-1.0687588504872214,0.9207565056983947,-0.8975029591088394,-0.6519615575001118,-0.5866921325384227,0.0073499387592553065,0.454847442629512,0.28488553455777527,0.5383186811699436,0.520068011065005,1.1692612687199915,55,watermelon,Sandy soil
40453,-0.9089503032237339,-1.0687588504872214,-0.09597647149880119,-0.8975029591088394,-0.036457799358352465,-0.4846526068243496,-0.009710748816312897,0.5614943719633082,0.4619500731499067,0.9611883827133805,-0.15067539442332223,0.26550167682083514,55,watermelon,Sandy soil
40454,-0.9089503032237339,-1.0687588504872214,-0.6043429600973992,-0.8975029591088394,1.0406737773897279,-0.5205554029089309,-0.0779534991185845,0.7416715525746161,0.4533127785844368,0.18937724912710763,0.32759381644661517,0.8959468760085532,55,watermelon,Sandy soil
40456,-0.9089503032237339,-1.0687588504872214,-1.621075937294595,-0.8975029591088394,0.27129407971252784,-0.6244845494695608,0.024410626334822903,0.8488797815364851,0.5612789606528095,0.07109201792614625,-0.16817304847953973,0.5205951100181778,55,watermelon,Sandy soil
40457,-0.9089503032237339,-1.0687588504872214,0.9207565056983947,-0.8975029591088394,-0.19033373889379193,-0.7227448334905201,0.16089612693936672,0.7063096760060418,0.5353670769563996,0.9286599441331163,0.2984310596862531,1.019849400704405,55,watermelon,Sandy soil
40458,-0.9089503032237339,-1.0687588504872214,-0.09597647149880119,-0.8975029591088394,-0.3442096784292314,-0.6433807579351299,0.2973816275439105,0.19777221297225545,0.1855566470548726,0.7778462743518902,-0.19733580523990177,0.24363652540392,55,watermelon,Sandy soil
40460,-0.9089503032237339,-1.0687588504872214,0.4123900170997968,-0.8975029591088394,1.1945497169251689,-0.6377118953954592,-0.026771436391880492,0.664212203900596,0.3539838910815341,0.5560614658500876,0.49090525430464294,0.7137372808675942,55,watermelon,Sandy soil
40465,-0.9089503032237339,-1.0687588504872214,0.4123900170997968,-0.8975029591088394,0.27129407971252784,-0.6018090993108779,0.26326025239277473,0.8589831748417924,0.40148901119161784,0.1686773336669393,-0.10401498360674312,0.8704375326888187,55,watermelon,Sandy soil
40466,-0.9089503032237339,-1.0687588504872214,-1.621075937294595,-0.8975029591088394,-0.19033373889379193,-0.620705307776447,0.05853200148595931,0.24379878247420986,0.3453465965160642,0.5324044196098955,0.2459380975176015,0.4149135448364215,55,watermelon,Sandy soil
40467,-0.9089503032237339,-1.0687588504872214,0.9207565056983947,-0.8975029591088394,0.7329218983188477,-0.537561990527943,0.2461995648172065,0.06755069925940957,0.23738041444769156,0.6181612122305926,0.16428237858858785,0.6991605132563173,55,watermelon,Sandy soil
40468,-0.9089503032237339,-1.0687588504872214,-0.09597647149880119,-0.8975029591088394,-0.036457799358352465,-0.6358222745489022,-0.009710748816312897,0.5511103288439648,0.42308224760529234,0.24260560316754018,0.1992776867010224,0.6226324832971147,55,watermelon,Sandy soil
40472,-0.9089503032237339,-1.0687588504872214,0.9207565056983947,-0.8975029591088394,-0.9597134365709921,-0.5073280569830325,0.09265337663709511,0.822218049203036,0.18123799977213792,0.006035140765617411,0.10012431371579124,1.17654965252563,55,watermelon,Sandy soil
40476,-0.9089503032237339,-1.0687588504872214,-1.621075937294595,-0.8975029591088394,-0.19033373889379193,-0.5300035071417154,0.17795681451493492,0.04734391264879574,0.2201058253167517,0.3549765728084534,0.3042636110383256,0.7793327351183393,55,watermelon,Sandy soil
40477,-0.9089503032237339,-1.0687588504872214,0.9207565056983947,-0.8975029591088394,-0.49808561796467227,-0.7076278667180647,-0.0438321239674487,0.8514056298628121,0.5440043715218695,0.0030780099855935448,0.4209146380797738,1.2421451067763751,55,watermelon,Sandy soil
40478,-0.9089503032237339,-1.0687588504872214,-0.09597647149880119,-0.8975029591088394,1.1945497169251689,-0.4941007110571341,0.1438354393637991,0.47028318240150885,0.2460177090131615,1.1327019679547743,0.40924953537562925,0.7465350079929665,55,watermelon,Sandy soil
40480,-0.9089503032237339,-1.0687588504872214,0.4123900170997968,-0.8975029591088394,0.4251700192479687,-0.6093675826971057,0.31444231511947873,0.4983481638051394,0.22874311988222162,0.9700597750534524,-0.2731589728168429,1.2202799553594597,55,watermelon,Sandy soil
40482,-0.9089503032237339,-1.0687588504872214,0.9207565056983947,-0.8975029591088394,1.1945497169251689,-0.5734647866125243,0.2461995648172065,0.1217161133684168,0.2589736508613661,1.0617308292341978,0.3742542272631947,1.4024895505004187,55,watermelon,Sandy soil
40483,-0.9089503032237339,-1.0687588504872214,-0.09597647149880119,-0.8975029591088394,0.8867978378542885,-0.7303033168767475,0.33150300269504634,0.5906819526230837,0.3539838910815341,0.16572020288691544,-0.2673264214647704,1.194770612039726,55,watermelon,Sandy soil
40485,-0.9089503032237339,-1.0687588504872214,0.4123900170997968,-0.8975029591088394,1.0406737773897279,-0.5016591944433618,-0.0438321239674487,0.3504457118080061,0.40148901119161784,1.0735593523542937,0.5317331137691496,0.7100930889647747,55,watermelon,Sandy soil
40486,-0.9089503032237339,-1.0687588504872214,-1.621075937294595,-0.8975029591088394,0.11741814017708838,-0.5507893364538413,0.1097140642126627,0.06334095204886499,0.3453465965160642,0.3845478806086937,0.15844982723651535,0.9651865221621172,55,watermelon,Sandy soil
40487,-0.9089503032237339,-1.0687588504872214,0.9207565056983947,-0.8975029591088394,0.27129407971252784,-0.5866921325384227,0.21207818966607073,0.5126613043209908,0.40580765847435246,0.9996310828536928,-0.10984753495881562,1.340538288152493,55,watermelon,Sandy soil
40488,-0.9089503032237339,-1.0687588504872214,-0.09597647149880119,-0.8975029591088394,-0.9597134365709921,-0.6377118953954592,0.28032093996834234,0.23341473935486642,0.5871908443492186,0.34610518046838135,0.5958911786419462,0.5205951100181778,55,watermelon,Sandy soil
40490,-0.9089503032237339,-1.0687588504872214,0.4123900170997968,-0.8975029591088394,-0.6519615575001118,-0.7132967292577356,-0.026771436391880492,0.26737336685325946,0.1985125889030772,0.3106196111080929,-0.03402436738187403,0.666362786130945,55,watermelon,Sandy soil
40491,-0.9089503032237339,-1.0687588504872214,-1.621075937294595,-0.8975029591088394,0.8867978378542885,-0.5432308530676139,0.2973816275439105,0.09673827991918532,0.3453465965160642,0.0030780099855935448,-0.2964891782251325,1.114598390177704,55,watermelon,Sandy soil
40492,-0.9089503032237339,-1.0687588504872214,0.9207565056983947,-0.8975029591088394,-0.49808561796467227,-0.5621270615331829,0.2973816275439105,0.11610311708769068,0.427400894888027,0.27513404174780437,0.11178941641993623,0.7720443513127009,55,watermelon,Sandy soil
40494,-0.9089503032237339,-1.0687588504872214,-0.6043429600973992,-0.8975029591088394,0.8867978378542885,-0.5659063032262965,0.07559268906152691,0.6981708313989887,0.5526416660873394,0.7571463588917223,0.21094278940516697,0.2363481415982818,55,watermelon,Sandy soil
40495,-0.9089503032237339,-1.0687588504872214,0.4123900170997968,-0.8975029591088394,-0.19033373889379193,-0.6433807579351299,0.17795681451493492,0.14950044495801101,0.4749060149981113,1.0706022215742699,0.3159287137424706,0.2618574849180159,55,watermelon,Sandy soil
40496,-0.9089503032237339,-1.0687588504872214,-1.621075937294595,-0.8975029591088394,1.1945497169251689,-0.5829128908453088,0.09265337663709511,0.612853287931952,0.49218060412905057,0.8636030669725874,-0.2439962160564809,0.14524334402780234,55,watermelon,Sandy soil
40497,-0.9089503032237339,-1.0687588504872214,0.9207565056983947,-0.8975029591088394,1.3484256564606083,-0.5129969195227032,0.024410626334822903,0.29880614602532557,0.20714988346854712,0.4052477960688621,-0.01069416197358447,0.2982994039462077,55,watermelon,Sandy soil
40499,-0.9089503032237339,-1.0687588504872214,-0.6043429600973992,-0.8975029591088394,-0.19033373889379193,-0.6414911370885729,0.1950175020905025,0.6858222395813917,0.36262118564700346,0.44369049620917445,0.018468594786777582,0.46957642337870914,55,watermelon,Sandy soil
40501,-0.9089503032237339,-1.0687588504872214,-1.621075937294595,-0.8975029591088394,0.8867978378542885,-0.49976957359680474,0.16089612693936672,0.7658074365817388,0.3669398329297387,0.36089083436850156,-0.40730765391450824,0.7137372808675942,55,watermelon,Sandy soil
40502,-0.9089503032237339,-1.0687588504872214,0.9207565056983947,-0.8975029591088394,0.27129407971252784,-0.537561990527943,-0.0608928115430169,0.25895387243217033,0.27624823999230536,0.04447784090592977,-0.016526713325656965,1.0271377845100433,55,watermelon,Sandy soil
40504,-0.9089503032237339,-1.0687588504872214,-0.6043429600973992,-0.8975029591088394,1.0406737773897279,-0.5337827488348293,0.024410626334822903,0.8516862796768482,0.3496652437987988,0.0770062794861944,0.17594748129273283,1.0927332387607884,55,watermelon,Sandy soil
40505,-0.9089503032237339,-1.0687588504872214,0.4123900170997968,-0.8975029591088394,0.8867978378542885,-0.5904713742315365,-0.0779534991185845,0.2631636196427149,0.2330617671649563,1.0824307446943662,0.5142354597129325,1.180193844428449,55,watermelon,Sandy soil
40506,-0.9089503032237339,-1.0687588504872214,-1.621075937294595,-0.8975029591088394,0.8867978378542885,-0.5923609950780934,0.1438354393637991,0.24295683303210075,0.26329229814410077,0.4466476269891987,0.07096155695542919,1.4498640452370684,55,watermelon,Sandy soil
40507,-0.9089503032237339,-1.0687588504872214,0.9207565056983947,-0.8975029591088394,-0.036457799358352465,-0.6263741703161176,0.17795681451493492,0.8093081577573662,0.582872197066484,0.5235330272698234,0.28093340563003605,0.21448299018136668,55,watermelon,Sandy soil
40508,-0.9089503032237339,-1.0687588504872214,-0.09597647149880119,-0.8975029591088394,-0.6519615575001118,-0.5016591944433618,-0.0438321239674487,0.5177130009736441,0.582872197066484,0.9818882981735487,-0.028191816029801538,0.4367786962533364,55,watermelon,Sandy soil
40509,-0.9089503032237339,-1.0687588504872214,-0.6043429600973992,-0.8975029591088394,0.11741814017708838,-0.5073280569830325,-0.0438321239674487,0.8143598544100196,0.3410279492333289,0.0030780099855935448,-0.02235926467772946,0.3092319796546651,55,watermelon,Sandy soil
40511,-0.9089503032237339,-1.0687588504872214,-1.621075937294595,-0.8975029591088394,0.8867978378542885,-0.5866921325384227,0.22913887724163892,0.11357726876136368,0.21146853075128177,1.1356590987347988,-0.4656331674352323,0.6189882913942952,55,watermelon,Sandy soil
40513,-0.9089503032237339,-1.0687588504872214,-0.09597647149880119,-0.8975029591088394,0.7329218983188477,-0.5470100947607275,0.21207818966607073,0.23229214009872126,0.40580765847435246,0.6773038278310733,-0.3081542809292775,0.4805089990871666,55,watermelon,Sandy soil
40514,-0.9089503032237339,-1.0687588504872214,-0.6043429600973992,-0.8975029591088394,0.5790459587834081,-0.556458198993512,0.07559268906152691,0.47589617868223494,0.2330617671649563,0.07996341026621827,-0.2439962160564809,0.18897364686163232,55,watermelon,Sandy soil
40515,-0.9089503032237339,-1.0687588504872214,0.4123900170997968,-0.8975029591088394,-0.9597134365709921,-0.5281138862951584,0.22913887724163892,0.6291309771460577,0.2201058253167517,0.638861127690761,0.32759381644661517,1.4170663181116956,55,watermelon,Sandy soil
40517,-0.9089503032237339,-1.0687588504872214,0.9207565056983947,-0.8975029591088394,-0.9597134365709921,-0.7057382458715078,0.2461995648172065,0.8730156655436078,0.17691935248940266,0.8310746283923232,0.4267471894318463,0.5934789480745615,55,watermelon,Sandy soil
40518,-0.9089503032237339,-1.0687588504872214,-0.09597647149880119,-0.8975029591088394,-0.6519615575001118,-0.6074779618505486,-0.11207487426972029,0.5342713400017864,0.3798957747779433,0.298791087987997,-0.11568008631088769,0.833995613660627,55,watermelon,Sandy soil
40519,-0.9089503032237339,-1.0687588504872214,-0.6043429600973992,-0.8975029591088394,1.1945497169251689,-0.5545685781469551,0.041471313910391105,0.36475885232385746,0.2330617671649563,0.9197885517930442,0.23427299481345693,1.26401025819329,55,watermelon,Sandy soil
40520,-0.9089503032237339,-1.0687588504872214,0.4123900170997968,-0.8975029591088394,0.11741814017708838,-0.5281138862951584,0.17795681451493492,0.3914205846573065,0.28488553455777527,0.9730169058334768,0.39175188131941174,1.2858754096102054,55,watermelon,Sandy soil
40521,-0.9089503032237339,-1.0687588504872214,-1.621075937294595,-0.8975029591088394,0.5790459587834081,-0.6471599996282438,0.12677475178823092,0.48515762254543293,0.29784147640597985,0.18050585678703562,-0.045689470086019014,0.17439687925035566,55,watermelon,Sandy soil
40523,-0.9089503032237339,-1.0687588504872214,-0.09597647149880119,-0.8975029591088394,-0.3442096784292314,-0.6433807579351299,0.0073499387592553065,0.26204102038656973,0.3064787709714498,0.8606459361925636,0.11178941641993623,0.7902653108267967,55,watermelon,Sandy soil
40524,-0.9089503032237339,-1.0687588504872214,-0.6043429600973992,-0.8975029591088394,0.4251700192479687,-0.5224450237554877,0.3485636902706145,0.17054918101073396,0.3323906546678596,0.020820794665737583,0.5667284218815841,0.6226324832971147,55,watermelon,Sandy soil
40526,-0.9089503032237339,-1.0687588504872214,-1.621075937294595,-0.8975029591088394,-0.49808561796467227,-0.6641665872472557,-0.09501418669415271,0.6243599303074404,0.31511606553691973,0.05039210246597793,0.4675750488963534,0.5533928371435501,55,watermelon,Sandy soil
40527,-0.9089503032237339,-1.0687588504872214,0.9207565056983947,-0.8975029591088394,-0.6519615575001118,-0.6301534120092315,0.33150300269504634,0.8772254127541523,0.22442447259948697,1.005545344413741,0.08845921101164668,0.6189882913942952,55,watermelon,Sandy soil
40528,-0.9089503032237339,-1.0687588504872214,-0.09597647149880119,-0.8975029591088394,0.11741814017708838,-0.5470100947607275,-0.0438321239674487,0.5418488849807669,0.4317195421707623,0.17754872600701133,0.44424484348806337,1.4389314695286104,55,watermelon,Sandy soil
40529,-0.9089503032237339,-1.0687588504872214,-0.6043429600973992,-0.8975029591088394,0.8867978378542885,-0.6962901416387233,-0.026771436391880492,0.1059997237823836,0.22874311988222162,0.736446443431554,0.6717143462188877,0.7574675837014244,55,watermelon,Sandy soil
40530,-0.9089503032237339,-1.0687588504872214,0.4123900170997968,-0.8975029591088394,-0.036457799358352465,-0.5129969195227032,0.22913887724163892,0.6327794247285295,0.22874311988222162,0.9937168212936451,0.26926830292589105,1.4024895505004187,55,watermelon,Sandy soil
40532,-0.9089503032237339,-1.0687588504872214,0.9207565056983947,-0.8975029591088394,0.7329218983188477,-0.6509392413213574,0.041471313910391105,0.5275357444649148,0.5958281389146886,0.6891323509511692,0.018468594786777582,0.753823391798605,55,watermelon,Sandy soil
40533,-0.9089503032237339,-1.0687588504872214,-0.09597647149880119,-0.8975029591088394,-0.19033373889379193,-0.7416410419560892,0.17795681451493492,0.5126613043209908,0.40148901119161784,0.9937168212936451,-0.261493870112698,0.6991605132563173,55,watermelon,Sandy soil
40535,-0.9089503032237339,-1.0687588504872214,0.4123900170997968,-0.8975029591088394,-0.6519615575001118,-0.5394516113745,0.12677475178823092,0.5466199318193835,0.21146853075128177,0.18050585678703562,0.3859193299673393,1.3842685909863228,55,watermelon,Sandy soil
40537,-0.9089503032237339,-1.0687588504872214,0.9207565056983947,-0.8975029591088394,0.4251700192479687,-0.6018090993108779,0.28032093996834234,0.11245466950521851,0.26329229814410077,0.026735056225785737,0.018468594786777582,1.5336804590019093,55,watermelon,Sandy soil
40538,-0.9089503032237339,-1.0687588504872214,-0.09597647149880119,-0.8975029591088394,0.27129407971252784,-0.6112572035436624,0.33150300269504634,0.6271664284478035,0.1941939416203425,0.56493285819016,0.47924015160049793,0.2873668282377502,55,watermelon,Sandy soil
40539,-0.9089503032237339,-1.0687588504872214,-0.6043429600973992,-0.8975029591088394,0.4251700192479687,-0.6547184830144712,-0.0608928115430169,0.6709477994374675,0.3798957747779433,0.9878025597335969,0.45590994619220837,0.666362786130945,55,watermelon,Sandy soil
40540,-0.9089503032237339,-1.0687588504872214,0.4123900170997968,-0.8975029591088394,-0.8058374970355525,-0.5696855449194104,-0.009710748816312897,0.18935271855116625,0.29784147640597985,1.10017352937451,-0.08068477819845356,0.9797632897733941,55,watermelon,Sandy soil
40541,-0.9089503032237339,-1.0687588504872214,-1.621075937294595,-0.8975029591088394,-0.3442096784292314,-0.5753544074590811,0.1438354393637991,0.3518489608781876,0.17691935248940266,0.8547316746325154,0.22260789210931195,0.8194188460493501,55,watermelon,Sandy soil
40542,-0.9089503032237339,-1.0687588504872214,0.9207565056983947,-0.8975029591088394,-0.49808561796467227,-0.6131468243902192,0.09265337663709511,0.5297809429772051,0.41012630575708775,0.3549765728084534,-0.25566131876062587,0.8194188460493501,55,watermelon,Sandy soil
40544,-0.9089503032237339,-1.0687588504872214,-0.6043429600973992,-0.8975029591088394,-0.036457799358352465,-0.681173174866268,0.1950175020905025,0.4161177682925013,0.172600705206668,0.9552741211533323,-0.15067539442332223,0.5388160695322738,55,watermelon,Sandy soil
40545,-0.9089503032237339,-1.0687588504872214,0.4123900170997968,-0.8975029591088394,0.27129407971252784,-0.4959903319036912,0.28032093996834234,0.8704898172172808,0.3194347128196544,0.13910602586669896,0.48507270295257043,1.4207105100145145,55,watermelon,Sandy soil
40546,-0.9089503032237339,-1.0687588504872214,-1.621075937294595,-0.8975029591088394,0.11741814017708838,-0.581023269998752,-0.1291355618452885,0.14276484942113973,0.30216012368871514,0.4821331963494868,0.3509240218549051,0.4294903124476984,55,watermelon,Sandy soil
40547,-0.9089503032237339,-1.0687588504872214,0.9207565056983947,-0.8975029591088394,-0.036457799358352465,-0.5621270615331829,-0.09501418669415271,0.6953643332586257,0.1985125889030772,0.8961315055528516,-0.4189727566186532,0.2764342525292928,55,watermelon,Sandy soil
40548,-0.9089503032237339,-1.0687588504872214,-0.09597647149880119,-0.8975029591088394,1.0406737773897279,-0.6509392413213574,0.33150300269504634,0.3815978411660358,0.37557712749520866,-0.005793382354478895,0.059296454251284623,0.6882279375478598,55,watermelon,Sandy soil
40549,-0.9089503032237339,-1.0687588504872214,-0.6043429600973992,-0.8975029591088394,1.1945497169251689,-0.701959004178394,-0.09501418669415271,0.39759488056610537,0.5008178986945205,1.0676450907942459,0.5550633191774396,1.4279988938201529,55,watermelon,Sandy soil
40552,-0.9089503032237339,-1.0687588504872214,0.9207565056983947,-0.8975029591088394,-0.19033373889379193,-0.581023269998752,0.05853200148595931,0.33978101887462625,0.47058736771537607,0.1598059413268673,0.3509240218549051,1.2202799553594597,55,watermelon,Sandy soil
40554,-0.9089503032237339,-1.0687588504872214,-0.6043429600973992,-0.8975029591088394,1.0406737773897279,-0.6490496204748005,0.3656243778461821,0.5373584879561856,0.427400894888027,0.8547316746325154,0.6308864867543806,0.21448299018136668,55,watermelon,Sandy soil
40555,-0.9089503032237339,-1.0687588504872214,0.4123900170997968,-0.8975029591088394,0.7329218983188477,-0.5791336491521949,-0.026771436391880492,0.2755122114603123,0.28488553455777527,0.9582312519333566,0.17594748129273283,0.7756885432155204,55,watermelon,Sandy soil
40556,-0.9089503032237339,-1.0687588504872214,-1.621075937294595,-0.8975029591088394,0.4251700192479687,-0.5829128908453088,-0.0779534991185845,0.12564521076492502,0.4749060149981113,0.9020457671128997,0.006803492082632595,0.837639805563446,55,watermelon,Sandy soil
40557,-0.9089503032237339,-1.0687588504872214,0.9207565056983947,-0.8975029591088394,0.4251700192479687,-0.7057382458715078,0.0073499387592553065,0.43688585453118817,0.31079741825418505,0.006035140765617411,0.6542166921626702,0.9506097545508408,55,watermelon,Sandy soil
40558,-0.9089503032237339,-1.0687588504872214,-0.09597647149880119,-0.8975029591088394,-0.49808561796467227,-0.6566081038610283,-0.026771436391880492,0.8410215867434686,0.22442447259948697,0.07109201792614625,-0.33731703768963955,1.1073100063720653,55,watermelon,Sandy soil
40559,-0.9089503032237339,-1.0687588504872214,-0.6043429600973992,-0.8975029591088394,0.8867978378542885,-0.5488997156072846,0.3656243778461821,0.4506376954189674,0.427400894888027,1.0558165676741496,-0.045689470086019014,0.5825463723661035,55,watermelon,Sandy soil
40560,-0.9089503032237339,-1.0687588504872214,0.4123900170997968,-0.8975029591088394,0.4251700192479687,-0.6660562080938128,0.0073499387592553065,0.6131339377459881,0.30216012368871514,0.8754315900926837,-0.3956425512103636,0.9724749059677557,55,watermelon,Sandy soil
40563,-0.9089503032237339,-1.0687588504872214,-0.09597647149880119,-0.8975029591088394,1.0406737773897279,-0.6433807579351299,0.17795681451493492,0.30301589323587014,0.3496652437987988,1.1386162295148226,-0.14484284307124975,0.7028047051591367,55,watermelon,Sandy soil
40564,-0.9089503032237339,-1.0687588504872214,-0.6043429600973992,-0.8975029591088394,-0.19033373889379193,-0.6263741703161176,0.1950175020905025,0.8758221636839708,0.1855566470548726,0.020820794665737583,-0.33148448633756705,0.4294903124476984,55,watermelon,Sandy soil
40565,-0.9089503032237339,-1.0687588504872214,0.4123900170997968,-0.8975029591088394,0.8867978378542885,-0.5186657820623738,-0.11207487426972029,0.7587911912308312,0.3410279492333289,0.48509032712951106,0.16428237858858785,0.3675390500997723,55,watermelon,Sandy soil
40569,-0.9089503032237339,-1.0687588504872214,-0.6043429600973992,-0.8975029591088394,0.8867978378542885,-0.6188156869298902,0.26326025239277473,0.5112580552508093,0.5267297823909303,0.9079600286729479,0.39758443267148424,0.1816852630559941,55,watermelon,Sandy soil
40570,-0.9089503032237339,-1.0687588504872214,0.4123900170997968,-0.8975029591088394,1.3484256564606083,-0.7246344543370768,0.09265337663709511,0.7343746574096724,0.28920418184051055,0.4673475424493666,-0.2439962160564809,0.4404228881561558,55,watermelon,Sandy soil
40571,-0.9089503032237339,-1.0687588504872214,-1.621075937294595,-0.8975029591088394,0.7329218983188477,-0.6471599996282438,0.041471313910391105,0.4815091749629611,0.16828205792393272,0.6891323509511692,-0.2731589728168429,0.5205951100181778,55,watermelon,Sandy soil
40572,-0.9089503032237339,-1.0687588504872214,0.9207565056983947,-0.8975029591088394,-0.8058374970355525,-0.516776161215817,-0.1291355618452885,0.7231486648482202,0.4489941313017015,0.6950466125112174,-0.3489821403937841,0.19261783876445154,55,watermelon,Sandy soil
40573,-0.9089503032237339,-1.0687588504872214,-0.09597647149880119,-0.8975029591088394,-0.3442096784292314,-0.46197715666566663,-0.0608928115430169,0.7335327079675636,0.2546550035786308,0.8606459361925636,-0.43647041067487025,0.5424602614350927,55,watermelon,Sandy soil
40574,-0.9089503032237339,-1.0687588504872214,-0.6043429600973992,-0.8975029591088394,0.7329218983188477,-0.7170759709508492,0.33150300269504634,0.5918045518792292,0.5569603133700741,0.16572020288691544,-0.03985691873394653,0.5242393019209969,55,watermelon,Sandy soil
40576,-0.9089503032237339,-1.0687588504872214,-1.621075937294595,-0.8975029591088394,0.27129407971252784,-0.6698354497869264,0.024410626334822903,0.04060831711192414,0.27624823999230536,0.7305321818715058,-0.10401498360674312,1.0453587440241392,55,watermelon,Sandy soil
40577,-0.9089503032237339,-1.0687588504872214,0.9207565056983947,-0.8975029591088394,1.3484256564606083,-0.6131468243902192,0.22913887724163892,0.10712232303852877,0.29352282912324523,0.6063326891104963,0.28093340563003605,1.1328193496917998,55,watermelon,Sandy soil
40578,-0.9089503032237339,-1.0687588504872214,-0.09597647149880119,-0.8975029591088394,1.3484256564606083,-0.47331488174500824,-0.0779534991185845,0.7680526350940291,0.2719295927095707,0.020820794665737583,-0.06318712414223608,0.2363481415982818,55,watermelon,Sandy soil
40579,-0.9089503032237339,-1.0687588504872214,-0.6043429600973992,-0.8975029591088394,-0.49808561796467227,-0.46953564005189435,-0.09501418669415271,0.8415828863715414,0.24169906173042624,0.008992271545641278,0.08262665965957418,1.5409688428075479,55,watermelon,Sandy soil
40581,-0.9089503032237339,-1.0687588504872214,-1.621075937294595,-0.8975029591088394,0.11741814017708838,-0.4770941234381221,0.33150300269504634,0.6465312656163088,0.5569603133700741,0.7985461898120586,0.39175188131941174,1.143751925400257,55,watermelon,Sandy soil
40582,-0.9089503032237339,-1.0687588504872214,0.9207565056983947,-0.8975029591088394,0.5790459587834081,-0.6452703787816867,0.21207818966607073,0.31648708430961303,0.3798957747779433,0.12136324118655492,0.39758443267148424,0.7028047051591367,55,watermelon,Sandy soil
40583,-0.9089503032237339,-1.0687588504872214,-0.09597647149880119,-0.8975029591088394,1.1945497169251689,-0.5734647866125243,0.31444231511947873,0.08663488661387857,0.3539838910815341,0.8015033205920828,0.6542166921626702,0.2618574849180159,55,watermelon,Sandy soil
40584,-0.9089503032237339,-1.0687588504872214,-0.6043429600973992,-0.8975029591088394,1.3484256564606083,-0.6377118953954592,0.1950175020905025,0.21292730293021622,0.2330617671649563,0.035606448565857755,0.4967378056567154,0.7173814727704132,55,watermelon,Sandy soil
40585,-0.9089503032237339,-1.0687588504872214,0.4123900170997968,-0.8975029591088394,-0.8058374970355525,-0.6584977247075852,-0.026771436391880492,0.07905734163489818,0.17691935248940266,0.674346697051049,-0.01069416197358447,1.4680850047511642,55,watermelon,Sandy soil
40586,-0.9089503032237339,-1.0687588504872214,-1.621075937294595,-0.8975029591088394,1.3484256564606083,-0.6074779618505486,0.024410626334822903,0.47814137719452526,0.1855566470548726,1.1120020524946064,0.5433982164732946,1.3952011666947808,55,watermelon,Sandy soil
40587,-0.9089503032237339,-1.0687588504872214,0.9207565056983947,-0.8975029591088394,1.3484256564606083,-0.6679458289403697,0.0073499387592553065,0.16746203305633453,0.3410279492333289,1.1415733602948468,-0.19733580523990177,1.522747883293452,55,watermelon,Sandy soil
40588,-0.9089503032237339,-1.0687588504872214,-0.09597647149880119,-0.8975029591088394,-0.49808561796467227,-0.6150364452367763,-0.0779534991185845,0.08831878549809614,0.3453465965160642,1.1297448371747505,-0.2439962160564809,0.5971231399773804,55,watermelon,Sandy soil
40590,-0.9089503032237339,-1.0687588504872214,0.4123900170997968,-0.8975029591088394,-0.49808561796467227,-0.69817976248528,-0.11207487426972029,0.19608831408803787,0.4317195421707623,0.4821331963494868,0.6017237299940186,1.5409688428075479,55,watermelon,Sandy soil
40591,-0.9089503032237339,-1.0687588504872214,-1.621075937294595,-0.8975029591088394,0.8867978378542885,-0.6490496204748005,0.1097140642126627,0.6580379079917971,0.5051365459772558,0.03264931778583389,-0.3664797944500016,0.994340057384671,55,watermelon,Sandy soil
40592,-0.9089503032237339,-1.0687588504872214,0.9207565056983947,-0.8975029591088394,-0.19033373889379193,-0.6698354497869264,0.22913887724163892,0.08017994089104334,0.29784147640597985,0.11249184884648249,-0.20900090794404635,0.23270394969546257,55,watermelon,Sandy soil
40593,-0.9089503032237339,-1.0687588504872214,-0.09597647149880119,-0.8975029591088394,0.27129407971252784,-0.7170759709508492,-0.0438321239674487,0.6476538648724537,0.30216012368871514,0.6092898198905206,0.5608958705295116,0.8923026841057337,55,watermelon,Sandy soil
40594,-0.9089503032237339,-1.0687588504872214,-0.6043429600973992,-0.8975029591088394,-0.9597134365709921,-0.7095174875646216,-0.0438321239674487,0.061376403350611036,0.4403568367362322,0.7187036587514095,-0.4306378593227982,0.5971231399773804,55,watermelon,Sandy soil
40595,-0.9089503032237339,-1.0687588504872214,0.4123900170997968,-0.8975029591088394,0.8867978378542885,-0.6509392413213574,0.17795681451493492,0.7994854142660955,0.427400894888027,1.079473613914342,0.04179880019506714,0.8631491488831803,55,watermelon,Sandy soil
40596,-0.9089503032237339,-1.0687588504872214,-1.621075937294595,-0.8975029591088394,-0.6519615575001118,-0.5413412322210568,-0.11207487426972029,0.7335327079675636,0.565597607935544,0.03856357934588162,0.4675750488963534,1.2530776824848324,55,watermelon,Sandy soil
40597,-0.9089503032237339,-1.0687588504872214,0.9207565056983947,-0.8975029591088394,0.8867978378542885,-0.639601516242016,0.1097140642126627,0.11947091485612615,0.5569603133700741,1.0173738675338373,-0.302321729577205,0.2363481415982818,55,watermelon,Sandy soil
40598,-0.9089503032237339,-1.0687588504872214,-0.09597647149880119,-0.8975029591088394,-0.6519615575001118,-0.7151863501042923,0.0073499387592553065,0.6810511927427743,0.2546550035786308,0.6980037432912416,0.2576032002217465,1.5008827318765365,55,watermelon,Sandy soil
40599,-0.9089503032237339,-1.0687588504872214,-0.6043429600973992,-0.8975029591088394,1.3484256564606083,-0.6358222745489022,0.33150300269504634,0.3251872285447386,0.27624823999230536,0.9818882981735487,0.0651290056033567,0.9688307140649367,55,watermelon,Sandy soil
40601,-0.9089503032237339,-1.0687588504872214,-1.621075937294595,-0.8975029591088394,0.8867978378542885,-0.5772440283056381,-0.0438321239674487,0.07204109628399052,0.5180924878254604,0.2603483878476842,-0.3489821403937841,1.245789298679194,55,watermelon,Sandy soil
40602,-0.9089503032237339,-1.0687588504872214,0.9207565056983947,-0.8975029591088394,-0.036457799358352465,-0.5980298576177641,0.09265337663709511,0.17700412673356886,0.27624823999230536,0.2899196956479245,-0.23233111335233592,0.22177137398700514,55,watermelon,Sandy soil
40603,-0.9089503032237339,-1.0687588504872214,-0.09597647149880119,-0.8975029591088394,0.27129407971252784,-0.5659063032262965,0.33150300269504634,0.8744189146137893,0.2589736508613661,0.7896747974719865,-0.28482407552098793,1.3478266719581309,55,watermelon,Sandy soil
40604,-0.9089503032237339,-1.0687588504872214,-0.6043429600973992,-0.8975029591088394,-0.3442096784292314,-0.5545685781469551,-0.09501418669415271,0.47084448202958096,0.2805668872750406,0.32540526500821304,0.07096155695542919,1.4170663181116956,55,watermelon,Sandy soil
40606,-0.9089503032237339,-1.0687588504872214,-1.621075937294595,-0.8975029591088394,-0.6519615575001118,-0.5470100947607275,0.3485636902706145,0.5640202202896346,0.3583025383642688,0.7068751356313137,0.16428237858858785,0.5533928371435501,55,watermelon,Sandy soil
40607,-0.9089503032237339,-1.0687588504872214,0.9207565056983947,-0.8975029591088394,-0.49808561796467227,-0.5772440283056381,0.09265337663709511,0.1413616003509582,0.3712584802124734,0.27809117252782867,-0.06318712414223608,1.0125610168987669,55,watermelon,Sandy soil
40608,-0.9089503032237339,-1.0687588504872214,-0.09597647149880119,-0.8975029591088394,-0.49808561796467227,-0.6263741703161176,0.21207818966607073,0.20422715869509067,0.17691935248940266,1.0262452598739094,0.5142354597129325,0.8267072298549886,55,watermelon,Sandy soil
40609,-0.9089503032237339,-1.0687588504872214,-0.6043429600973992,-0.8975029591088394,1.0406737773897279,-0.4865422276709066,-0.09501418669415271,0.13771315276848603,0.48786195684631595,0.665475304710977,-0.11568008631088769,0.2727900606264733,55,watermelon,Sandy soil
40611,-0.9089503032237339,-1.0687588504872214,-1.621075937294595,-0.8975029591088394,-0.036457799358352465,-0.6944005207921665,0.17795681451493492,0.7565459927185408,0.2330617671649563,0.5028331118096551,0.6425515894585256,0.6044115237830189,55,watermelon,Sandy soil
40612,-0.9089503032237339,-1.0687588504872214,0.9207565056983947,-0.8975029591088394,-0.8058374970355525,-0.6339326537023454,0.2973816275439105,0.11133207024907335,0.23738041444769156,0.0030780099855935448,-0.3839774485062187,0.9797632897733941,55,watermelon,Sandy soil
40613,-0.9089503032237339,-1.0687588504872214,-0.09597647149880119,-0.8975029591088394,-0.8058374970355525,-0.7189655917974063,0.3485636902706145,0.2729863631339856,0.30216012368871514,0.17459159522698744,0.6425515894585256,0.8995910679113721,55,watermelon,Sandy soil
40614,-0.9089503032237339,-1.0687588504872214,-0.6043429600973992,-0.8975029591088394,-0.9597134365709921,-0.7189655917974063,0.05853200148595931,0.19047531780731175,0.28488553455777527,1.014416736753813,-0.4189727566186532,1.26401025819329,55,watermelon,Sandy soil
40617,-0.9089503032237339,-1.0687588504872214,0.9207565056983947,-0.8975029591088394,0.5790459587834081,-0.47142526089845116,0.16089612693936672,0.37402029618705573,0.42308224760529234,-0.014664774694550914,0.1234545191240808,1.1291751577889801,55,watermelon,Sandy soil
40619,-0.9089503032237339,-1.0687588504872214,-0.6043429600973992,-0.8975029591088394,-0.6519615575001118,-0.4846526068243496,0.26326025239277473,0.5466199318193835,0.2330617671649563,0.9286599441331163,0.6367190381064531,1.5482572266131858,55,watermelon,Sandy soil
40620,-0.9089503032237339,-1.0687588504872214,0.4123900170997968,-0.8975029591088394,-0.3442096784292314,-0.7114071084111785,0.28032093996834234,0.36784600027825687,0.49218060412905057,0.17163446444696318,-0.34314958904171206,0.5315276857266353,55,watermelon,Sandy soil
40621,-0.9089503032237339,-1.0687588504872214,-1.621075937294595,-0.8975029591088394,-0.49808561796467227,-0.6188156869298902,-0.026771436391880492,0.8093081577573662,0.4360381894534969,1.1238305756147025,0.251770648869674,0.22177137398700514,55,watermelon,Sandy soil
40623,-0.9089503032237339,-1.0687588504872214,-0.09597647149880119,-0.8975029591088394,-0.3442096784292314,-0.7416410419560892,0.1950175020905025,0.14725524644572038,0.40148901119161784,-0.01762190547457478,0.40341698402355675,0.16710849544471745,55,watermelon,Sandy soil
40625,-0.9089503032237339,-1.0687588504872214,0.4123900170997968,-0.8975029591088394,-0.8058374970355525,-0.6641665872472557,0.1438354393637991,0.11441921820347278,0.3798957747779433,0.7660177512317944,-0.07485222684638107,1.4680850047511642,55,watermelon,Sandy soil
40626,-0.9089503032237339,-1.0687588504872214,-1.621075937294595,-0.8975029591088394,0.11741814017708838,-0.4600875358191098,0.2973816275439105,0.597978847788028,0.5094551932599904,0.18937724912710763,0.39175188131941174,0.8048420784380736,55,watermelon,Sandy soil
40627,-0.9089503032237339,-1.0687588504872214,0.9207565056983947,-0.8975029591088394,-0.9597134365709921,-0.6773939331731542,0.33150300269504634,0.043695465066323574,0.1941939416203425,0.27809117252782867,-0.3664797944500016,0.39304839341950665,55,watermelon,Sandy soil
40631,-0.9089503032237339,-1.0687588504872214,-1.621075937294595,-0.8975029591088394,0.8867978378542885,-0.6584977247075852,0.2973816275439105,0.16970723156862486,0.21578717803401704,0.8783887208727076,0.059296454251284623,1.4753733885568021,55,watermelon,Sandy soil
40632,-0.9089503032237339,-1.0687588504872214,0.9207565056983947,-0.8975029591088394,-0.49808561796467227,-0.5734647866125243,0.2973816275439105,0.750652346623778,0.38853306934341325,0.7157465279713857,0.3509240218549051,1.3368940962496736,55,watermelon,Sandy soil
40634,-0.9089503032237339,-1.0687588504872214,-0.6043429600973992,-0.8975029591088394,0.4251700192479687,-0.5054384361364757,0.21207818966607073,0.40994347238370304,0.21578717803401704,0.585632773650328,-0.05735457279016359,1.5446130347103668,55,watermelon,Sandy soil
40635,-0.9089503032237339,-1.0687588504872214,0.4123900170997968,-0.8975029591088394,1.0406737773897279,-0.7076278667180647,0.07559268906152691,0.5530748775422191,0.5483230188046049,0.5353615503899197,0.5842260759378015,0.17804107115317488,55,watermelon,Sandy soil
40636,-0.9089503032237339,-1.0687588504872214,-1.621075937294595,-0.8975029591088394,0.7329218983188477,-0.4959903319036912,-0.11207487426972029,0.8020112625924218,0.3496652437987988,0.46439041166934275,-0.19150325388782927,0.18897364686163232,55,watermelon,Sandy soil
40637,-0.9089503032237339,-1.0687588504872214,0.9207565056983947,-0.8975029591088394,0.7329218983188477,-0.6074779618505486,-0.0779534991185845,0.6535475109672164,0.33670930195059423,0.0296921870058096,0.40341698402355675,1.4680850047511642,55,watermelon,Sandy soil
40638,-0.9089503032237339,-1.0687588504872214,-0.09597647149880119,-0.8975029591088394,-0.9597134365709921,-0.46386677751222366,-0.009710748816312897,0.6375504715671468,0.5353670769563996,0.9582312519333566,0.40341698402355675,1.4644408128483448,55,watermelon,Sandy soil
40639,-0.9089503032237339,-1.0687588504872214,-0.6043429600973992,-0.8975029591088394,-0.19033373889379193,-0.7340825585698614,-0.009710748816312897,0.3279937266851016,0.4619500731499067,0.13910602586669896,0.6192213840502357,1.1073100063720653,55,watermelon,Sandy soil
40641,-0.9089503032237339,-1.0687588504872214,-1.621075937294595,-0.8975029591088394,1.0406737773897279,-0.5526789573003984,0.28032093996834234,0.777314078957227,0.531048429673665,0.638861127690761,-0.07485222684638107,1.3769802071806847,55,watermelon,Sandy soil
40642,-0.9089503032237339,-1.0687588504872214,0.9207565056983947,-0.8975029591088394,0.7329218983188477,-0.46386677751222366,-0.0438321239674487,0.16998788138266122,0.49218060412905057,0.0770062794861944,0.2459380975176015,0.666362786130945,55,watermelon,Sandy soil
40643,-0.9089503032237339,-1.0687588504872214,-0.09597647149880119,-0.8975029591088394,-0.8058374970355525,-0.475204502591565,0.0073499387592553065,0.33725517054829957,0.4662687204326414,0.7571463588917223,0.28093340563003605,1.0162052088015858,55,watermelon,Sandy soil
40644,-0.9089503032237339,-1.0687588504872214,-0.6043429600973992,-0.8975029591088394,-0.8058374970355525,-0.46953564005189435,0.1950175020905025,0.5272550946508788,0.28488553455777527,0.01490653310568943,-0.1856707025357568,0.5789021804632846,55,watermelon,Sandy soil
40646,-0.9089503032237339,-1.0687588504872214,-1.621075937294595,-0.8975029591088394,-0.036457799358352465,-0.6377118953954592,-0.0779534991185845,0.8342859912065971,0.40580765847435246,0.25443412628763645,-0.33731703768963955,1.5737665699329202,55,watermelon,Sandy soil
40647,-0.9089503032237339,-1.0687588504872214,0.9207565056983947,-0.8975029591088394,1.0406737773897279,-0.6320430328557883,0.05853200148595931,0.5856302559704303,0.47058736771537607,0.3549765728084534,0.6833794489230323,0.21448299018136668,55,watermelon,Sandy soil
40648,-0.9089503032237339,-1.0687588504872214,-0.09597647149880119,-0.8975029591088394,0.7329218983188477,-0.6528288621679145,0.17795681451493492,0.35493610883258675,0.21146853075128177,0.45256188854924645,-0.08651732955052564,0.5096625343097199,55,watermelon,Sandy soil
40649,-0.9089503032237339,-1.0687588504872214,-0.6043429600973992,-0.8975029591088394,-0.036457799358352465,-0.5148865403692603,-0.0608928115430169,0.6734736477637939,0.5612789606528095,0.7157465279713857,0.012636043434705087,0.7100930889647747,55,watermelon,Sandy soil
40650,-0.9089503032237339,-1.0687588504872214,0.4123900170997968,-0.8975029591088394,-0.49808561796467227,-0.599919478464321,-0.0438321239674487,0.6322181251004568,0.4403568367362322,0.00012087920556925818,0.23427299481345693,0.18532945495881334,55,watermelon,Sandy soil
40651,-0.9089503032237339,-1.0687588504872214,-1.621075937294595,-0.8975029591088394,0.8867978378542885,-0.5507893364538413,0.09265337663709511,0.619308233654787,0.48786195684631595,0.44369049620917445,0.2576032002217465,1.0162052088015858,55,watermelon,Sandy soil
40652,-0.9089503032237339,-1.0687588504872214,0.9207565056983947,-0.8975029591088394,0.7329218983188477,-0.6339326537023454,-0.026771436391880492,0.5258518455806973,0.1985125889030772,0.47621893478943905,0.6133888326981636,1.3077405610271202,55,watermelon,Sandy soil
40653,-0.9089503032237339,-1.0687588504872214,-0.09597647149880119,-0.8975029591088394,1.0406737773897279,-0.6282637911626747,0.09265337663709511,0.5878754544827206,0.26329229814410077,0.1923343799071315,0.3159287137424706,1.3696918233750464,55,watermelon,Sandy soil
40655,-0.9089503032237339,-1.0687588504872214,0.4123900170997968,-0.8975029591088394,0.5790459587834081,-0.6584977247075852,0.3485636902706145,0.3790719928397091,0.5785535497837486,0.026735056225785737,0.520068011065005,0.45864384767025174,55,watermelon,Sandy soil
40656,-0.9089503032237339,-1.0687588504872214,-1.621075937294595,-0.8975029591088394,-0.3442096784292314,-0.681173174866268,-0.026771436391880492,0.8645961711225186,0.41444495303982243,0.7985461898120586,-0.1740055998316118,0.13066657641652568,55,watermelon,Sandy soil
40657,-0.9089503032237339,-1.0687588504872214,0.9207565056983947,-0.8975029591088394,0.7329218983188477,-0.6225949286230038,-0.0608928115430169,0.8382150886031056,0.16828205792393272,0.736446443431554,-0.20900090794404635,1.165617076817172,55,watermelon,Sandy soil
40659,-0.9089503032237339,-1.0687588504872214,-0.6043429600973992,-0.8975029591088394,-0.49808561796467227,-0.6055883410039917,0.16089612693936672,0.7284810113149103,0.42308224760529234,0.5057902425896794,-0.23233111335233592,0.7902653108267967,55,watermelon,Sandy soil
40660,-0.9089503032237339,-1.0687588504872214,0.4123900170997968,-0.8975029591088394,-0.036457799358352465,-0.5016591944433618,0.1097140642126627,0.7326907585254548,0.4446754840189669,0.48509032712951106,0.45007739484013587,0.8959468760085532,55,watermelon,Sandy soil
40662,-0.9089503032237339,-1.0687588504872214,0.9207565056983947,-0.8975029591088394,-0.3442096784292314,-0.7095174875646216,0.12677475178823092,0.2934737995586358,0.17691935248940266,0.28696256486790067,0.3859193299673393,0.30558778775184614,55,watermelon,Sandy soil
40663,-0.9089503032237339,-1.0687588504872214,-0.09597647149880119,-0.8975029591088394,0.8867978378542885,-0.6414911370885729,0.0073499387592553065,0.6807705429287383,0.3669398329297387,0.5057902425896794,-0.28482407552098793,1.0854448549551505,55,watermelon,Sandy soil
40665,-0.9089503032237339,-1.0687588504872214,0.4123900170997968,-0.8975029591088394,0.8867978378542885,-0.7095174875646216,0.1950175020905025,0.29599964788496247,0.582872197066484,0.2840054340878768,0.5667284218815841,0.8959468760085532,55,watermelon,Sandy soil
40666,-0.9089503032237339,-1.0687588504872214,-1.621075937294595,-0.8975029591088394,0.7329218983188477,-0.4922110902105773,0.17795681451493492,0.5457779823772747,0.29352282912324523,0.8310746283923232,-0.2673264214647704,0.4149135448364215,55,watermelon,Sandy soil
40667,-0.9089503032237339,-1.0687588504872214,0.9207565056983947,-0.8975029591088394,-0.036457799358352465,-0.662276966400699,-0.1291355618452885,0.2466052806145729,0.427400894888027,0.9345742056931644,-0.14484284307124975,0.9251004112311064,55,watermelon,Sandy soil
40669,-0.9089503032237339,-1.0687588504872214,-0.6043429600973992,-0.8975029591088394,1.1945497169251689,-0.5772440283056381,0.0073499387592553065,0.8539314781891385,0.21146853075128177,0.6447753892508087,0.15261727588444285,1.096377430663608,55,watermelon,Sandy soil
40671,-0.9089503032237339,-1.0687588504872214,-1.621075937294595,-0.8975029591088394,0.27129407971252784,-0.701959004178394,0.12677475178823092,0.6658961027848135,0.27624823999230536,0.9848454289535726,0.49090525430464294,1.4607966209455259,55,watermelon,Sandy soil
40672,-0.9089503032237339,-1.0687588504872214,0.9207565056983947,-0.8975029591088394,-0.3442096784292314,-0.7378618002629753,0.38268506542175035,0.580859209131813,0.49649925141178586,1.1356590987347988,-0.19733580523990177,0.3310971310715805,55,watermelon,Sandy soil
40673,-0.9089503032237339,-1.0687588504872214,-0.09597647149880119,-0.8975029591088394,-0.6519615575001118,-0.7359721794164182,0.16089612693936672,0.3125579869131048,0.531048429673665,0.9375313364731882,0.28676595698210855,1.2968079853186627,55,watermelon,Sandy soil
40676,-0.9089503032237339,-1.0687588504872214,-1.621075937294595,-0.8975029591088394,1.1945497169251689,-0.497879952750248,0.2973816275439105,0.7941530677994054,0.2503363562958962,1.0321595214339574,0.3450914705028327,1.4134221262088766,55,watermelon,Sandy soil
40677,-0.9089503032237339,-1.0687588504872214,0.9207565056983947,-0.8975029591088394,0.11741814017708838,-0.475204502591565,0.0073499387592553065,0.4590571898400566,0.21146853075128177,0.298791087987997,0.4267471894318463,0.2618574849180159,55,watermelon,Sandy soil
40678,-0.9089503032237339,-1.0687588504872214,-0.09597647149880119,-0.8975029591088394,0.4251700192479687,-0.7227448334905201,0.2461995648172065,0.2435181326601735,0.5267297823909303,-0.0264932978146468,-0.15067539442332223,1.0562913197325967,55,watermelon,Sandy soil
40680,-0.9089503032237339,-1.0687588504872214,0.4123900170997968,-0.8975029591088394,-0.19033373889379193,-0.5602374406866258,0.09265337663709511,0.3369745207342632,0.3496652437987988,0.00012087920556925818,0.4209146380797738,1.0818006630523311,55,watermelon,Sandy soil
40681,-0.9089503032237339,-1.0687588504872214,-1.621075937294595,-0.8975029591088394,1.1945497169251689,-0.5394516113745,-0.0779534991185845,0.07568954386646237,0.5569603133700741,0.1331917643066508,0.2459380975176015,0.3566064743913148,55,watermelon,Sandy soil
40682,-0.9089503032237339,-1.0687588504872214,0.9207565056983947,-0.8975029591088394,0.5790459587834081,-0.7170759709508492,-0.009710748816312897,0.8390570380452144,0.4489941313017015,0.12136324118655492,0.28093340563003605,0.2873668282377502,55,watermelon,Sandy soil
40683,-0.9089503032237339,-1.0687588504872214,-0.09597647149880119,-0.8975029591088394,-0.8058374970355525,-0.6225949286230038,0.16089612693936672,0.6625283050163784,0.18123799977213792,0.2810483033078525,-0.3081542809292775,0.6080557156858378,55,watermelon,Sandy soil
40684,-0.9089503032237339,-1.0687588504872214,-0.6043429600973992,-0.8975029591088394,-0.49808561796467227,-0.7227448334905201,0.33150300269504634,0.5699138663843974,0.5785535497837486,0.7098322664113376,0.22260789210931195,0.6809395537422214,55,watermelon,Sandy soil
40686,-0.9089503032237339,-1.0687588504872214,-1.621075937294595,-0.8975029591088394,0.5790459587834081,-0.7359721794164182,0.0073499387592553065,0.40713697424334,0.3064787709714498,1.1267877063947267,-0.06318712414223608,0.6736511699365829,55,watermelon,Sandy soil
40687,-0.9089503032237339,-1.0687588504872214,0.9207565056983947,-0.8975029591088394,-0.49808561796467227,-0.639601516242016,0.3485636902706145,0.15034239440011982,0.5526416660873394,0.19824864146717966,-0.1215126376629602,1.1874822282340873,55,watermelon,Sandy soil
40690,-0.9089503032237339,-1.0687588504872214,0.4123900170997968,-0.8975029591088394,-0.3442096784292314,-0.7397514211095321,0.3656243778461821,0.14501004793343006,0.5785535497837486,0.3313195265682612,-0.4131402052665807,0.7975536946324352,55,watermelon,Sandy soil
40691,-0.9089503032237339,-1.0687588504872214,-1.621075937294595,-0.8975029591088394,0.11741814017708838,-0.46764601920533755,0.26326025239277473,0.39534968205381504,0.3064787709714498,0.27809117252782867,-0.02235926467772946,0.47322061528152815,55,watermelon,Sandy soil
40693,-0.9089503032237339,-1.0687588504872214,-0.09597647149880119,-0.8975029591088394,0.7329218983188477,-0.5734647866125243,-0.0779534991185845,0.7644041875115573,0.3064787709714498,0.008992271545641278,0.1234545191240808,1.0526471278297778,55,watermelon,Sandy soil
40694,-0.9089503032237339,-1.0687588504872214,-0.6043429600973992,-0.8975029591088394,1.0406737773897279,-0.620705307776447,0.17795681451493492,0.7195002172657483,0.5180924878254604,0.4111620576289102,-0.3781448971541462,1.2312125310679176,55,watermelon,Sandy soil
40695,-0.9089503032237339,-1.0687588504872214,0.4123900170997968,-0.8975029591088394,-0.19033373889379193,-0.5451204739141706,0.3656243778461821,0.05155365985934033,0.47058736771537607,1.0321595214339574,0.6483841408105977,0.491441574795624,55,watermelon,Sandy soil
40696,-0.9089503032237339,-1.0687588504872214,-1.621075937294595,-0.8975029591088394,1.3484256564606083,-0.5980298576177641,-0.026771436391880492,0.16633943380018937,0.37557712749520866,0.011949402325665564,0.22844044346138445,1.3368940962496736,55,watermelon,Sandy soil
40697,-0.9089503032237339,-1.0687588504872214,0.9207565056983947,-0.8975029591088394,0.8867978378542885,-0.4903214693640202,0.024410626334822903,0.13827445239655878,0.2330617671649563,0.23373421082746815,0.251770648869674,1.5373246509047283,55,watermelon,Sandy soil
40698,-0.9089503032237339,-1.0687588504872214,-0.09597647149880119,-0.8975029591088394,-0.8058374970355525,-0.6414911370885729,-0.0438321239674487,0.12031286429823528,0.20714988346854712,0.585632773650328,0.035966248842994646,0.8740817245916378,55,watermelon,Sandy soil
40699,-0.9089503032237339,-1.0687588504872214,-0.6043429600973992,-0.8975029591088394,-0.3442096784292314,-0.5904713742315365,0.2461995648172065,0.46354758686463726,0.4360381894534969,1.011459605973789,0.240105546165529,1.4498640452370684,55,watermelon,Sandy soil
40701,-0.9089503032237339,-1.0687588504872214,-1.621075937294595,-0.8975029591088394,-0.6519615575001118,-0.5148865403692603,0.1097140642126627,0.5337100403737137,0.38421442206067796,0.5353615503899197,0.6075562813460911,0.4258461205448789,55,watermelon,Sandy soil
40702,-0.9089503032237339,-1.0687588504872214,0.9207565056983947,-0.8975029591088394,1.1945497169251689,-0.5186657820623738,0.21207818966607073,0.7590718410448672,0.4187636003225577,0.11840611040653064,-0.40730765391450824,0.3638948581969528,55,watermelon,Sandy soil
40703,-0.9089503032237339,-1.0687588504872214,-0.09597647149880119,-0.8975029591088394,-0.49808561796467227,-0.4941007110571341,0.07559268906152691,0.3479198634816791,0.5137738405427251,0.2159914261473237,-0.03985691873394653,1.2931637934158433,55,watermelon,Sandy soil
40704,-0.9089503032237339,-1.0687588504872214,-0.6043429600973992,-0.8975029591088394,-0.036457799358352465,-0.5942506159246501,0.2461995648172065,0.12985495797546961,0.2201058253167517,0.36976222670857356,-0.2381636647044084,1.078156471149512,55,watermelon,Sandy soil
40705,-0.9089503032237339,-1.0687588504872214,0.4123900170997968,-0.8975029591088394,0.27129407971252784,-0.5318931279882723,0.31444231511947873,0.04622131339265026,0.23738041444769156,1.0558165676741496,0.39758443267148424,0.13795496022216389,55,watermelon,Sandy soil
40707,-0.9089503032237339,-1.0687588504872214,0.9207565056983947,-0.8975029591088394,-0.036457799358352465,-0.5734647866125243,-0.0438321239674487,0.5783333608054866,0.48786195684631595,0.18937724912710763,0.059296454251284623,1.260366066290471,55,watermelon,Sandy soil
40708,-0.9089503032237339,-1.0687588504872214,-0.09597647149880119,-0.8975029591088394,-0.6519615575001118,-0.6717250706334835,0.09265337663709511,0.518554950415753,0.5440043715218695,0.9848454289535726,0.27510085427796355,0.4112693529336025,55,watermelon,Sandy soil
40709,-0.9089503032237339,-1.0687588504872214,-0.6043429600973992,-0.8975029591088394,1.0406737773897279,-0.6584977247075852,-0.026771436391880492,0.8449506841399772,0.3798957747779433,1.076516483134318,-0.13901029171917767,0.8303514217578081,55,watermelon,Sandy soil
40710,-0.9089503032237339,-1.0687588504872214,0.4123900170997968,-0.8975029591088394,-0.49808561796467227,-0.5451204739141706,0.05853200148595931,0.7088355243323688,0.3539838910815341,0.047434971685954064,0.5900586272898737,0.9979842492874901,55,watermelon,Sandy soil
40711,-0.9089503032237339,-1.0687588504872214,-1.621075937294595,-0.8975029591088394,-0.6519615575001118,-0.537561990527943,-0.1291355618452885,0.669544550367286,0.5353670769563996,0.7423607049916021,-0.33731703768963955,1.2239241472622793,55,watermelon,Sandy soil
40712,-0.9089503032237339,-1.0687588504872214,0.9207565056983947,-0.8975029591088394,1.3484256564606083,-0.703848625024951,-0.009710748816312897,0.5530748775422191,0.18123799977213792,0.07404914870617012,-0.33148448633756705,0.4404228881561558,55,watermelon,Sandy soil
40713,-0.9089503032237339,-1.0687588504872214,-0.09597647149880119,-0.8975029591088394,0.8867978378542885,-0.6244845494695608,0.0073499387592553065,0.8320407926943068,0.4489941313017015,0.7305321818715058,0.4384122921359913,1.1510403092058956,55,watermelon,Sandy soil
40714,-0.9089503032237339,-1.0687588504872214,-0.6043429600973992,-0.8975029591088394,0.27129407971252784,-0.6944005207921665,-0.0608928115430169,0.5106967556227365,0.3064787709714498,1.0469451753340777,0.28093340563003605,1.1729054606228104,55,watermelon,Sandy soil
40715,-0.9089503032237339,-1.0687588504872214,0.4123900170997968,-0.8975029591088394,0.27129407971252784,-0.6301534120092315,0.17795681451493492,0.7680526350940291,0.5137738405427251,0.8813458516527314,-0.28482407552098793,0.3821158177110487,55,watermelon,Sandy soil
40716,-0.9089503032237339,-1.0687588504872214,-1.621075937294595,-0.8975029591088394,-0.19033373889379193,-0.5904713742315365,0.024410626334822903,0.23285343972679368,0.41012630575708775,0.8695173285326355,0.2576032002217465,0.38940420151668714,55,watermelon,Sandy soil
40717,-0.9089503032237339,-1.0687588504872214,0.9207565056983947,-0.8975029591088394,-0.19033373889379193,-0.6452703787816867,0.05853200148595931,0.06979589777170021,0.5094551932599904,0.8103747129321549,0.4150820867277013,0.407625161030783,55,watermelon,Sandy soil
40718,-0.9089503032237339,-1.0687588504872214,-0.09597647149880119,-0.8975029591088394,0.11741814017708838,-0.7378618002629753,0.041471313910391105,0.5926465013213379,0.40580765847435246,1.0321595214339574,-0.09234988090259813,0.6444976347140297,55,watermelon,Sandy soil
40719,-0.9089503032237339,-1.0687588504872214,-0.6043429600973992,-0.8975029591088394,0.7329218983188477,-0.6528288621679145,0.12677475178823092,0.8283923451118349,0.4662687204326414,0.2012057722472035,0.6542166921626702,1.344182480055312,55,watermelon,Sandy soil
40721,-0.9089503032237339,-1.0687588504872214,-1.621075937294595,-0.8975029591088394,-0.9597134365709921,-0.720855212643963,0.26326025239277473,0.06249900260675619,0.23738041444769156,0.9523169903733084,0.6192213840502357,0.3675390500997723,55,watermelon,Sandy soil
40722,-0.9089503032237339,-1.0687588504872214,0.9207565056983947,-0.8975029591088394,0.27129407971252784,-0.4903214693640202,0.024410626334822903,0.31873228282190336,0.49649925141178586,0.656603912370905,0.5375656651212221,1.2567218743876516,55,watermelon,Sandy soil
40725,-0.9089503032237339,-1.0687588504872214,0.4123900170997968,-0.8975029591088394,-0.9597134365709921,-0.46575639835878047,0.31444231511947873,0.8345666410206337,0.16396341064119807,0.17163446444696318,0.2984310596862531,1.5701223780301012,55,watermelon,Sandy soil
40726,-0.9089503032237339,-1.0687588504872214,-1.621075937294595,-0.8975029591088394,-0.036457799358352465,-0.5507893364538413,0.22913887724163892,0.5592491734510173,0.16828205792393272,0.9286599441331163,0.4967378056567154,0.8631491488831803,55,watermelon,Sandy soil
40727,-0.9089503032237339,-1.0687588504872214,0.9207565056983947,-0.8975029591088394,-0.8058374970355525,-0.5715751657659675,0.12677475178823092,0.14950044495801101,0.5267297823909303,0.04447784090592977,0.28676595698210855,0.19261783876445154,55,watermelon,Sandy soil
40728,-0.9089503032237339,-1.0687588504872214,-0.09597647149880119,-0.8975029591088394,0.5790459587834081,-0.5300035071417154,0.33150300269504634,0.14837784570186585,0.3669398329297387,0.18050585678703562,0.030133697490922567,0.23270394969546257,55,watermelon,Sandy soil
40730,-0.9089503032237339,-1.0687588504872214,0.4123900170997968,-0.8975029591088394,0.8867978378542885,-0.5129969195227032,-0.026771436391880492,0.3206968315201576,0.38421442206067796,0.8310746283923232,0.08262665965957418,0.6627185942281255,55,watermelon,Sandy soil
40731,-0.9089503032237339,-1.0687588504872214,-1.621075937294595,-0.8975029591088394,1.0406737773897279,-0.6887316582524955,0.07559268906152691,0.8637542216804092,0.37557712749520866,1.10017352937451,0.4967378056567154,0.666362786130945,55,watermelon,Sandy soil
40732,-0.9089503032237339,-1.0687588504872214,0.9207565056983947,-0.8975029591088394,-0.49808561796467227,-0.5829128908453088,-0.026771436391880492,0.7599137904869759,0.4489941313017015,0.11249184884648249,0.08262665965957418,0.22177137398700514,55,watermelon,Sandy soil
40733,-0.9089503032237339,-1.0687588504872214,-0.09597647149880119,-0.8975029591088394,-0.19033373889379193,-0.5016591944433618,0.28032093996834234,0.12424196169474348,0.40148901119161784,0.156848810546843,0.22260789210931195,1.0162052088015858,55,watermelon,Sandy soil
40734,-0.9089503032237339,-1.0687588504872214,-0.6043429600973992,-0.8975029591088394,-0.8058374970355525,-0.6584977247075852,0.2973816275439105,0.7893820209607881,0.20283123618581245,0.9759740366135006,0.08845921101164668,0.7173814727704132,55,watermelon,Sandy soil
40735,-0.9089503032237339,-1.0687588504872214,0.4123900170997968,-0.8975029591088394,-0.19033373889379193,-0.537561990527943,0.07559268906152691,0.7638428878834845,0.172600705206668,0.42003344996898223,0.5375656651212221,0.9906958654818515,55,watermelon,Sandy soil
40737,-0.9089503032237339,-1.0687588504872214,0.9207565056983947,-0.8975029591088394,0.27129407971252784,-0.4865422276709066,0.22913887724163892,0.06277965242079256,0.20714988346854712,0.4052477960688621,0.45007739484013587,0.4805089990871666,55,watermelon,Sandy soil
40738,-0.9089503032237339,-1.0687588504872214,-0.09597647149880119,-0.8975029591088394,-0.6519615575001118,-0.6566081038610283,0.33150300269504634,0.4144338694082837,0.38421442206067796,-0.023536167034622933,0.3217612650945431,0.15617591973625977,55,watermelon,Sandy soil
40739,-0.9089503032237339,-1.0687588504872214,-0.6043429600973992,-0.8975029591088394,-0.8058374970355525,-0.6244845494695608,-0.09501418669415271,0.34735856385360664,0.33670930195059423,0.13023463352662695,0.29259850833418105,0.2727900606264733,55,watermelon,Sandy soil
40740,-0.9089503032237339,-1.0687588504872214,0.4123900170997968,-0.8975029591088394,0.27129407971252784,-0.6188156869298902,0.26326025239277473,0.5603717727071628,0.27624823999230536,0.8813458516527314,-0.2498287674085534,0.9068794517170106,55,watermelon,Sandy soil
40741,-0.9089503032237339,-1.0687588504872214,-1.621075937294595,-0.8975029591088394,-0.8058374970355525,-0.5356723696813861,-0.0608928115430169,0.8036951614766401,0.17691935248940266,0.1331917643066508,-0.07485222684638107,0.9797632897733941,55,watermelon,Sandy soil
40742,-0.9089503032237339,-1.0687588504872214,0.9207565056983947,-0.8975029591088394,-0.6519615575001118,-0.6849524165593819,0.31444231511947873,0.7905046202169336,0.267610945426836,0.7867176666919626,-0.13317774036710517,1.0052726330931285,55,watermelon,Sandy soil
40743,-0.9089503032237339,-1.0687588504872214,-0.09597647149880119,-0.8975029591088394,1.1945497169251689,-0.6282637911626747,0.041471313910391105,0.5819818083879584,0.1941939416203425,0.7423607049916021,-0.4189727566186532,1.1729054606228104,55,watermelon,Sandy soil
40744,-0.9089503032237339,-1.0687588504872214,-0.6043429600973992,-0.8975029591088394,0.5790459587834081,-0.4770941234381221,0.024410626334822903,0.12396131188070712,0.27624823999230536,1.1327019679547743,0.4150820867277013,1.3332499043468546,55,watermelon,Sandy soil
40745,-0.9089503032237339,-1.0687588504872214,0.4123900170997968,-0.8975029591088394,-0.49808561796467227,-0.5186657820623738,0.33150300269504634,0.4424988508119143,0.48354330956358127,0.2633055186277085,-0.4014751025624361,0.6007673318801994,55,watermelon,Sandy soil
40746,-0.9089503032237339,-1.0687588504872214,-1.621075937294595,-0.8975029591088394,-0.8058374970355525,-0.4865422276709066,-0.11207487426972029,0.15146499365626498,0.41012630575708775,1.094259267814462,0.5842260759378015,1.5591898023216437,55,watermelon,Sandy soil
40747,-0.9089503032237339,-1.0687588504872214,0.9207565056983947,-0.8975029591088394,-0.9597134365709921,-0.5942506159246501,-0.026771436391880492,0.16241033640368116,0.3798957747779433,1.0292023906539332,0.50840290836086,0.3128761715574846,55,watermelon,Sandy soil
40749,-0.9089503032237339,-1.0687588504872214,-0.6043429600973992,-0.8975029591088394,0.7329218983188477,-0.5545685781469551,0.07559268906152691,0.5011546619455025,0.5483230188046049,0.17163446444696318,0.47924015160049793,0.23270394969546257,55,watermelon,Sandy soil
40751,-0.9089503032237339,-1.0687588504872214,-1.621075937294595,-0.8975029591088394,-0.8058374970355525,-0.5942506159246501,0.0073499387592553065,0.4868415214296505,0.29784147640597985,0.9582312519333566,-0.44230296202694275,1.1729054606228104,55,watermelon,Sandy soil
40752,-0.9089503032237339,-1.0687588504872214,0.9207565056983947,-0.8975029591088394,1.0406737773897279,-0.7340825585698614,-0.11207487426972029,0.252218276895299,0.18123799977213792,-0.03536469015471924,0.07679410830750169,1.1911264201369063,55,watermelon,Sandy soil
40753,-0.9089503032237339,-1.0687588504872214,-0.09597647149880119,-0.8975029591088394,0.5790459587834081,-0.7359721794164182,0.22913887724163892,0.3821591407941085,0.5137738405427251,0.9937168212936451,0.1876125839968774,0.4477112719617943,55,watermelon,Sandy soil
40754,-0.9089503032237339,-1.0687588504872214,-0.6043429600973992,-0.8975029591088394,0.7329218983188477,-0.5621270615331829,0.28032093996834234,0.5367971883281129,0.4662687204326414,0.4111620576289102,0.48507270295257043,0.1816852630559941,55,watermelon,Sandy soil
40755,-0.9089503032237339,-1.0687588504872214,0.4123900170997968,-0.8975029591088394,-0.19033373889379193,-0.4884318485174634,0.024410626334822903,0.5564426753106543,0.5137738405427251,1.1120020524946064,-0.3606472430979291,1.3150289448327586,55,watermelon,Sandy soil
40756,-0.9089503032237339,-1.0687588504872214,-1.621075937294595,-0.8975029591088394,-0.3442096784292314,-0.6736146914800403,-0.009710748816312897,0.46017978909620144,0.40580765847435246,0.3756764882686217,0.05346390289921213,1.1182425820805229,55,watermelon,Sandy soil
40757,-0.9089503032237339,-1.0687588504872214,0.9207565056983947,-0.8975029591088394,1.1945497169251689,-0.46386677751222366,0.0073499387592553065,0.11722571634383584,0.40580765847435246,0.5176187657097753,0.1292870704761533,0.3128761715574846,55,watermelon,Sandy soil
40758,-0.9089503032237339,-1.0687588504872214,-0.09597647149880119,-0.8975029591088394,-0.3442096784292314,-0.5262242654486016,0.28032093996834234,0.37879134302567274,0.565597607935544,0.05039210246597793,-0.31398683228135,1.3952011666947808,55,watermelon,Sandy soil
40759,-0.9089503032237339,-1.0687588504872214,-0.6043429600973992,-0.8975029591088394,0.5790459587834081,-0.6830627957128249,-0.0608928115430169,0.15848123900717262,0.16828205792393272,0.8576888054125392,0.5259005624170775,0.3420297067800379,55,watermelon,Sandy soil
40760,-0.9089503032237339,-1.0687588504872214,0.4123900170997968,-0.8975029591088394,-0.19033373889379193,-0.701959004178394,0.07559268906152691,0.8595444744698646,0.38853306934341325,0.5412758119499674,0.6308864867543806,0.7137372808675942,55,watermelon,Sandy soil
40761,-0.9089503032237339,-1.0687588504872214,-1.621075937294595,-0.8975029591088394,0.27129407971252784,-0.5281138862951584,0.3485636902706145,0.27579286127434866,0.5526416660873394,0.24851986472758833,-0.28482407552098793,1.340538288152493,55,watermelon,Sandy soil
40762,-0.9089503032237339,-1.0687588504872214,0.9207565056983947,-0.8975029591088394,0.5790459587834081,-0.7378618002629753,-0.0438321239674487,0.586191555598503,0.2503363562958962,0.4939617194695831,0.36258912455904974,0.6189882913942952,55,watermelon,Sandy soil
40763,-0.9089503032237339,-1.0687588504872214,-0.09597647149880119,-0.8975029591088394,-0.036457799358352465,-0.5659063032262965,0.33150300269504634,0.7077129250762233,0.3064787709714498,0.3845478806086937,0.5025703570087875,0.21083879827854743,55,watermelon,Sandy soil
40764,-0.9089503032237339,-1.0687588504872214,-0.6043429600973992,-0.8975029591088394,-0.3442096784292314,-0.6377118953954592,0.3485636902706145,0.5965755987178465,0.20283123618581245,0.36976222670857356,-0.2673264214647704,0.9214562193282875,55,watermelon,Sandy soil
40765,-0.9089503032237339,-1.0687588504872214,0.4123900170997968,-0.8975029591088394,0.11741814017708838,-0.6263741703161176,-0.1291355618452885,0.23369538916890278,0.267610945426836,0.1331917643066508,-0.2673264214647704,1.3624034395694078,55,watermelon,Sandy soil
40766,-0.9089503032237339,-1.0687588504872214,-1.621075937294595,-0.8975029591088394,0.7329218983188477,-0.48276298597779277,0.31444231511947873,0.8662800700067361,0.3798957747779433,0.2840054340878768,-0.10401498360674312,1.2129915715538218,55,watermelon,Sandy soil
40767,-0.9089503032237339,-1.0687588504872214,0.9207565056983947,-0.8975029591088394,-0.6519615575001118,-0.4770941234381221,0.07559268906152691,0.46859928351729063,0.5440043715218695,0.15093454898679526,-0.3548146917458566,0.5643254128520075,55,watermelon,Sandy soil
40769,-0.9089503032237339,-1.0687588504872214,-0.6043429600973992,-0.8975029591088394,-0.6519615575001118,-0.46197715666566663,0.041471313910391105,0.2146112018144338,0.22442447259948697,0.7837605359119384,-0.4714657187873048,1.1182425820805229,55,watermelon,Sandy soil
40770,-0.9089503032237339,-1.0687588504872214,0.4123900170997968,-0.8975029591088394,0.27129407971252784,-0.5848025116918656,0.024410626334822903,0.060815103722538295,0.3453465965160642,0.28696256486790067,-0.2673264214647704,1.3223173286383971,55,watermelon,Sandy soil
40772,-0.9089503032237339,-1.0687588504872214,0.9207565056983947,-0.8975029591088394,-0.19033373889379193,-0.5451204739141706,0.1950175020905025,0.5976981979739914,0.21578717803401704,0.4259477115290304,0.1934451353489499,1.0125610168987669,55,watermelon,Sandy soil
40773,-0.9089503032237339,-1.0687588504872214,-0.09597647149880119,-0.8975029591088394,1.0406737773897279,-0.5980298576177641,0.041471313910391105,0.3874914872607986,0.5137738405427251,0.3194910034481649,0.006803492082632595,1.4717291966539832,55,watermelon,Sandy soil
40774,-0.9089503032237339,-1.0687588504872214,-0.6043429600973992,-0.8975029591088394,0.5790459587834081,-0.5035488152899187,0.1097140642126627,0.7430748016447977,0.5440043715218695,-0.01762190547457478,0.10012431371579124,0.22541556588982412,55,watermelon,Sandy soil
40775,-0.9089503032237339,-1.0687588504872214,0.4123900170997968,-0.8975029591088394,0.5790459587834081,-0.5318931279882723,0.041471313910391105,0.6546701102233613,0.47058736771537607,0.12136324118655492,0.07679410830750169,0.5643254128520075,55,watermelon,Sandy soil
40776,-0.9089503032237339,-1.0687588504872214,-1.621075937294595,-0.8975029591088394,-0.49808561796467227,-0.6452703787816867,0.07559268906152691,0.3874914872607986,0.582872197066484,0.9759740366135006,0.240105546165529,1.001628441190309,55,watermelon,Sandy soil
40777,-0.9089503032237339,-1.0687588504872214,0.9207565056983947,-0.8975029591088394,0.4251700192479687,-0.701959004178394,0.12677475178823092,0.6496184135707079,0.37557712749520866,0.9050028978929241,-0.13901029171917767,0.4149135448364215,55,watermelon,Sandy soil
40778,-0.9089503032237339,-1.0687588504872214,-0.09597647149880119,-0.8975029591088394,0.8867978378542885,-0.6679458289403697,-0.0779534991185845,0.8575799257716109,0.3669398329297387,0.4348191038691024,0.17011492994066033,0.8449281893690844,55,watermelon,Sandy soil
40779,-0.9089503032237339,-1.0687588504872214,-0.6043429600973992,-0.8975029591088394,-0.8058374970355525,-0.4770941234381221,-0.0779534991185845,0.6984514812130254,0.531048429673665,0.1923343799071315,-0.3606472430979291,0.9506097545508408,55,watermelon,Sandy soil
40780,-0.9089503032237339,-1.0687588504872214,0.4123900170997968,-0.8975029591088394,-0.036457799358352465,-0.6169260660833331,0.3656243778461821,0.7632815882554118,0.4187636003225577,0.7719320127918425,-0.2731589728168429,1.1218867739833422,55,watermelon,Sandy soil
40782,-0.9089503032237339,-1.0687588504872214,0.9207565056983947,-0.8975029591088394,0.27129407971252784,-0.5054384361364757,0.33150300269504634,0.5062063585981559,0.49218060412905057,0.6832180893911215,-0.3081542809292775,0.6590744023253066,55,watermelon,Sandy soil
40783,-0.9089503032237339,-1.0687588504872214,-0.09597647149880119,-0.8975029591088394,-0.49808561796467227,-0.7359721794164182,0.38268506542175035,0.48656087161561445,0.18987529433760725,0.11840611040653064,0.36842167591112224,1.4024895505004187,55,watermelon,Sandy soil
40784,-0.9089503032237339,-1.0687588504872214,-0.6043429600973992,-0.8975029591088394,0.27129407971252784,-0.6358222745489022,0.3485636902706145,0.7941530677994054,0.2330617671649563,0.5885899044303523,-0.4014751025624361,1.522747883293452,55,watermelon,Sandy soil
40785,-0.9089503032237339,-1.0687588504872214,0.4123900170997968,-0.8975029591088394,1.0406737773897279,-0.6698354497869264,0.2973816275439105,0.39591098168188776,0.2589736508613661,0.8695173285326355,0.04179880019506714,0.25092490920955846,55,watermelon,Sandy soil
40786,-0.9089503032237339,-1.0687588504872214,-1.621075937294595,-0.8975029591088394,-0.3442096784292314,-0.7170759709508492,0.1950175020905025,0.7759108298870455,0.28488553455777527,0.4170763191889584,0.4209146380797738,1.2166357634566407,55,watermelon,Sandy soil
40787,-0.9089503032237339,-1.0687588504872214,0.9207565056983947,-0.8975029591088394,-0.6519615575001118,-0.6188156869298902,0.31444231511947873,0.16493618473000785,0.1985125889030772,0.9907596905136208,0.47340760024842543,1.5008827318765365,55,watermelon,Sandy soil
40788,-0.9089503032237339,-1.0687588504872214,-0.09597647149880119,-0.8975029591088394,-0.49808561796467227,-0.6414911370885729,0.31444231511947873,0.6049950931389356,0.5526416660873394,0.5471900735100156,0.5492307678253671,1.26401025819329,55,watermelon,Sandy soil
40789,-0.9089503032237339,-1.0687588504872214,-0.6043429600973992,-0.8975029591088394,0.5790459587834081,-0.6377118953954592,0.05853200148595931,0.5522329281001096,0.41444495303982243,0.4377762346491263,0.6833794489230323,0.9506097545508408,55,watermelon,Sandy soil
40790,-0.9089503032237339,-1.0687588504872214,0.4123900170997968,-0.8975029591088394,1.1945497169251689,-0.5488997156072846,0.22913887724163892,0.5205194991140072,0.39717036390888316,0.45256188854924645,0.4209146380797738,1.329605712444035,55,watermelon,Sandy soil
40791,-0.9089503032237339,-1.0687588504872214,-1.621075937294595,-0.8975029591088394,-0.9597134365709921,-0.4922110902105773,-0.09501418669415271,0.48571892217350565,0.5483230188046049,0.9700597750534524,0.45007739484013587,1.48630596426526,55,watermelon,Sandy soil
40792,-0.9089503032237339,-1.0687588504872214,0.9207565056983947,-0.8975029591088394,-0.036457799358352465,-0.47142526089845116,0.1438354393637991,0.4888060701279048,0.5008178986945205,0.4791760655694629,-0.06318712414223608,1.143751925400257,55,watermelon,Sandy soil
40793,-0.9089503032237339,-1.0687588504872214,-0.09597647149880119,-0.8975029591088394,-0.036457799358352465,-0.5526789573003984,0.31444231511947873,0.2771961103445302,0.49218060412905057,0.9286599441331163,0.5667284218815841,0.4477112719617943,55,watermelon,Sandy soil
40794,-0.9089503032237339,-1.0687588504872214,-0.6043429600973992,-0.8975029591088394,0.27129407971252784,-0.5772440283056381,0.3485636902706145,0.6033111942547175,0.48786195684631595,0.4052477960688621,0.5667284218815841,1.48630596426526,55,watermelon,Sandy soil
40795,-0.9089503032237339,-1.0687588504872214,0.4123900170997968,-0.8975029591088394,-0.036457799358352465,-0.5829128908453088,0.041471313910391105,0.39366578316959683,0.267610945426836,-0.0264932978146468,-0.13901029171917767,0.5133067262125394,55,watermelon,Sandy soil
40796,-0.9089503032237339,-1.0687588504872214,-1.621075937294595,-0.8975029591088394,0.11741814017708838,-0.6225949286230038,0.21207818966607073,0.6330600745425663,0.28488553455777527,1.1386162295148226,-0.05152202143809151,1.2530776824848324,55,watermelon,Sandy soil
40797,-0.9089503032237339,-1.0687588504872214,0.9207565056983947,-0.8975029591088394,-0.6519615575001118,-0.6471599996282438,-0.0779534991185845,0.2171370501407608,0.3064787709714498,0.33427665734828504,0.059296454251284623,0.12337819261088721,55,watermelon,Sandy soil
40798,-0.9089503032237339,-1.0687588504872214,-0.09597647149880119,-0.8975029591088394,-0.6519615575001118,-0.6887316582524955,0.1950175020905025,0.5435327838649844,0.22874311988222162,0.31653387266814104,-0.13317774036710517,0.502374150504082,55,watermelon,Sandy soil
40800,-0.9089503032237339,-1.0687588504872214,0.4123900170997968,-0.8975029591088394,-0.036457799358352465,-0.5526789573003984,-0.09501418669415271,0.8556153770733567,0.5094551932599904,0.24260560316754018,0.5667284218815841,1.2057031877481832,55,watermelon,Sandy soil
40801,-0.9089503032237339,-1.0687588504872214,-1.621075937294595,-0.8975029591088394,-0.036457799358352465,-0.6717250706334835,-0.09501418669415271,0.5682299675001792,0.21578717803401704,-0.002836251574454608,0.36842167591112224,0.20355041447290925,55,watermelon,Sandy soil
40802,-0.9089503032237339,-1.0687588504872214,0.9207565056983947,-0.8975029591088394,-0.6519615575001118,-0.46764601920533755,-0.0608928115430169,0.3100321385867778,0.21146853075128177,0.4791760655694629,-0.10401498360674312,0.5133067262125394,55,watermelon,Sandy soil
40804,-0.9089503032237339,-1.0687588504872214,-0.6043429600973992,-0.8975029591088394,1.0406737773897279,-0.6962901416387233,-0.009710748816312897,0.25137632745318994,0.28920418184051055,0.8724744593126594,0.15261727588444285,0.8485723812719039,55,watermelon,Sandy soil
40805,-0.9089503032237339,-1.0687588504872214,0.4123900170997968,-0.8975029591088394,0.4251700192479687,-0.5148865403692603,0.07559268906152691,0.7669300358378837,0.531048429673665,0.42890484230905424,0.40341698402355675,1.3660476314722267,55,watermelon,Sandy soil
40807,-0.9089503032237339,-1.0687588504872214,0.9207565056983947,-0.8975029591088394,1.1945497169251689,-0.5186657820623738,0.1438354393637991,0.24716658024264535,0.3496652437987988,0.8606459361925636,0.39758443267148424,0.571613796657646,55,watermelon,Sandy soil
40808,-0.9089503032237339,-1.0687588504872214,-0.09597647149880119,-0.8975029591088394,0.11741814017708838,-0.5866921325384227,0.2461995648172065,0.07176044646995416,0.21578717803401704,0.387505011388718,0.018468594786777582,0.6080557156858378,55,watermelon,Sandy soil
40809,-0.9089503032237339,-1.0687588504872214,-0.6043429600973992,-0.8975029591088394,-0.49808561796467227,-0.6301534120092315,0.1950175020905025,0.20394650888105428,0.172600705206668,0.5738042505302321,0.08262665965957418,1.4389314695286104,55,watermelon,Sandy soil
40810,-0.9089503032237339,-1.0687588504872214,0.4123900170997968,-0.8975029591088394,-0.9597134365709921,-0.5507893364538413,-0.0438321239674487,0.8112727064556204,0.31511606553691973,0.6773038278310733,0.4675750488963534,0.35296228248849537,55,watermelon,Sandy soil
40811,-0.9089503032237339,-1.0687588504872214,-1.621075937294595,-0.8975029591088394,1.1945497169251689,-0.7114071084111785,0.1097140642126627,0.40320787684683146,0.5008178986945205,-0.023536167034622933,-0.3839774485062187,0.9105236436198295,55,watermelon,Sandy soil
40813,-0.9089503032237339,-1.0687588504872214,-0.09597647149880119,-0.8975029591088394,0.5790459587834081,-0.5734647866125243,-0.0779534991185845,0.7761914797010823,0.5396857242391349,0.03264931778583389,0.1817800326448049,1.2348567229707366,55,watermelon,Sandy soil
40815,-0.9089503032237339,-1.0687588504872214,0.4123900170997968,-0.8975029591088394,1.0406737773897279,-0.6566081038610283,0.09265337663709511,0.24604398098650018,0.16396341064119807,0.16572020288691544,-0.23233111335233592,0.7064488970619558,55,watermelon,Sandy soil
40816,-0.9089503032237339,-1.0687588504872214,-1.621075937294595,-0.8975029591088394,-0.49808561796467227,-0.6679458289403697,0.05853200148595931,0.6308148760302753,0.2589736508613661,0.5028331118096551,-0.22649856200026383,1.1473961173030762,55,watermelon,Sandy soil
40817,-0.9089503032237339,-1.0687588504872214,0.9207565056983947,-0.8975029591088394,-0.6519615575001118,-0.5772440283056381,-0.026771436391880492,0.24716658024264535,0.3194347128196544,0.18937724912710763,-0.3606472430979291,1.4680850047511642,55,watermelon,Sandy soil
40818,-0.9089503032237339,-1.0687588504872214,-0.09597647149880119,-0.8975029591088394,-0.3442096784292314,-0.6263741703161176,0.28032093996834234,0.5918045518792292,0.32375336010238964,0.9464027288132603,-0.3081542809292775,1.4024895505004187,55,watermelon,Sandy soil
40819,-0.9089503032237339,-1.0687588504872214,-0.6043429600973992,-0.8975029591088394,0.5790459587834081,-0.6131468243902192,0.024410626334822903,0.6148178366302064,0.5612789606528095,1.0439880445540533,0.46174249754428087,0.5205951100181778,55,watermelon,Sandy soil
40820,-0.9089503032237339,-1.0687588504872214,0.4123900170997968,-0.8975029591088394,-0.19033373889379193,-0.6263741703161176,0.2461995648172065,0.3804752419098906,0.574234902501014,0.6980037432912416,0.36258912455904974,1.5519014185160052,55,watermelon,Sandy soil
40822,-0.9089503032237339,-1.0687588504872214,0.9207565056983947,-0.8975029591088394,0.8867978378542885,-0.6150364452367763,0.07559268906152691,0.36475885232385746,0.1941939416203425,-0.023536167034622933,0.6542166921626702,0.327452939168761,55,watermelon,Sandy soil
40823,-0.9089503032237339,-1.0687588504872214,-0.09597647149880119,-0.8975029591088394,0.11741814017708838,-0.4884318485174634,0.2461995648172065,0.6571959585496883,0.172600705206668,0.5264901580498473,0.17011492994066033,0.2946552120433887,55,watermelon,Sandy soil
40824,-0.9089503032237339,-1.0687588504872214,-0.6043429600973992,-0.8975029591088394,1.0406737773897279,-0.5337827488348293,-0.009710748816312897,0.09140593345249558,0.4576314258671715,0.9700597750534524,0.11178941641993623,0.5570370290463696,55,watermelon,Sandy soil
40825,-0.9089503032237339,-1.0687588504872214,0.4123900170997968,-0.8975029591088394,0.11741814017708838,-0.6641665872472557,0.1097140642126627,0.23257278991275762,0.37557712749520866,0.00012087920556925818,0.030133697490922567,0.7137372808675942,55,watermelon,Sandy soil
40826,-0.9089503032237339,-1.0687588504872214,-1.621075937294595,-0.8975029591088394,0.7329218983188477,-0.5961402367712072,0.2461995648172065,0.4719670812857264,0.3583025383642688,0.30470534954804473,0.1817800326448049,0.37482743390541073,55,watermelon,Sandy soil
40827,-0.9089503032237339,-1.0687588504872214,0.9207565056983947,-0.8975029591088394,0.5790459587834081,-0.662276966400699,0.09265337663709511,0.12704845983510654,0.36262118564700346,0.7098322664113376,-0.07485222684638107,1.3952011666947808,55,watermelon,Sandy soil
40828,-0.9089503032237339,-1.0687588504872214,-0.09597647149880119,-0.8975029591088394,-0.6519615575001118,-0.6131468243902192,0.22913887724163892,0.7520555956939595,0.48354330956358127,1.0025882136337172,-0.44813551337901525,1.1510403092058956,55,watermelon,Sandy soil
40831,-0.9089503032237339,-1.0687588504872214,-1.621075937294595,-0.8975029591088394,1.0406737773897279,-0.5659063032262965,-0.026771436391880492,0.7607557399290854,0.24169906173042624,1.103130660154534,0.2051102380530949,0.7611117756042435,55,watermelon,Sandy soil
40832,-0.9089503032237339,-1.0687588504872214,0.9207565056983947,-0.8975029591088394,-0.6519615575001118,-0.679283554019711,0.3656243778461821,0.7761914797010823,0.1985125889030772,0.6152040814505684,-0.19150325388782927,1.4134221262088766,55,watermelon,Sandy soil
40835,-0.9089503032237339,-1.0687588504872214,0.4123900170997968,-0.8975029591088394,-0.19033373889379193,-0.4865422276709066,0.31444231511947873,0.29263185011652704,0.5440043715218695,0.3845478806086937,-0.06318712414223608,1.3769802071806847,55,watermelon,Sandy soil
40836,-0.9089503032237339,-1.0687588504872214,-1.621075937294595,-0.8975029591088394,0.4251700192479687,-0.5885817533849794,0.12677475178823092,0.8003273637082043,0.427400894888027,0.5294472888298716,0.49090525430464294,0.7902653108267967,55,watermelon,Sandy soil
40837,-0.9089503032237339,-1.0687588504872214,0.9207565056983947,-0.8975029591088394,-0.19033373889379193,-0.5753544074590811,0.12677475178823092,0.11694506652979947,0.4187636003225577,0.06813488714612197,-0.3606472430979291,0.917812027425468,55,watermelon,Sandy soil
40838,-0.9089503032237339,-1.0687588504872214,-0.09597647149880119,-0.8975029591088394,1.0406737773897279,-0.5488997156072846,0.2973816275439105,0.46158303816638296,0.3194347128196544,0.16276307210689114,0.1234545191240808,0.6955163213534983,55,watermelon,Sandy soil
40839,-0.9089503032237339,-1.0687588504872214,-0.6043429600973992,-0.8975029591088394,0.5790459587834081,-0.6679458289403697,0.38268506542175035,0.43548260546100664,0.5137738405427251,0.7748891435718663,-0.19733580523990177,0.3128761715574846,55,watermelon,Sandy soil
40840,-0.9089503032237339,-1.0687588504872214,0.4123900170997968,-0.8975029591088394,0.8867978378542885,-0.7189655917974063,0.1950175020905025,0.6229566812372589,0.3194347128196544,0.2928768264279488,-0.3548146917458566,1.329605712444035,55,watermelon,Sandy soil
40841,-0.9089503032237339,-1.0687588504872214,-1.621075937294595,-0.8975029591088394,-0.036457799358352465,-0.5772440283056381,0.22913887724163892,0.22415329549166846,0.39717036390888316,0.3756764882686217,0.27510085427796355,1.406133742403238,55,watermelon,Sandy soil
40842,-0.9089503032237339,-1.0687588504872214,0.9207565056983947,-0.8975029591088394,1.0406737773897279,-0.6358222745489022,-0.0608928115430169,0.8017306127783859,0.2330617671649563,0.22781994926742,0.50840290836086,0.46957642337870914,55,watermelon,Sandy soil
40843,-0.9089503032237339,-1.0687588504872214,-0.09597647149880119,-0.8975029591088394,0.8867978378542885,-0.6093675826971057,0.1097140642126627,0.4161177682925013,0.2546550035786308,0.91683142101302,-0.14484284307124975,1.3587592476665888,55,watermelon,Sandy soil
40844,-0.9089503032237339,-1.0687588504872214,-0.6043429600973992,-0.8975029591088394,0.7329218983188477,-0.7378618002629753,-0.0608928115430169,0.05772795576813887,0.5569603133700741,0.5117045041497271,0.6717143462188877,0.9287446031339255,55,watermelon,Sandy soil
40846,-0.9089503032237339,-1.0687588504872214,-1.621075937294595,-0.8975029591088394,0.27129407971252784,-0.6641665872472557,0.1097140642126627,0.38721083744676194,0.21146853075128177,0.36976222670857356,0.4267471894318463,1.409777934306057,55,watermelon,Sandy soil
40847,-0.9089503032237339,-1.0687588504872214,0.9207565056983947,-0.8975029591088394,1.0406737773897279,-0.6849524165593819,-0.0438321239674487,0.09589633047707653,0.31511606553691973,0.2928768264279488,-0.06318712414223608,1.019849400704405,55,watermelon,Sandy soil
40848,-0.9089503032237339,-1.0687588504872214,-0.09597647149880119,-0.8975029591088394,1.1945497169251689,-0.6358222745489022,0.31444231511947873,0.6810511927427743,0.41444495303982243,0.4170763191889584,-0.1856707025357568,0.15617591973625977,55,watermelon,Sandy soil
40849,-0.9089503032237339,-1.0687588504872214,-0.6043429600973992,-0.8975029591088394,0.27129407971252784,-0.662276966400699,0.09265337663709511,0.4834737236612147,0.3194347128196544,0.9197885517930442,-0.15067539442332223,0.5825463723661035,55,watermelon,Sandy soil
40850,-0.9089503032237339,-1.0687588504872214,0.4123900170997968,-0.8975029591088394,-0.8058374970355525,-0.581023269998752,0.22913887724163892,0.2929124999305634,0.5483230188046049,0.7009608740712655,-0.2381636647044084,0.4294903124476984,55,watermelon,Sandy soil
40852,-0.9089503032237339,-1.0687588504872214,0.9207565056983947,-0.8975029591088394,-0.6519615575001118,-0.5621270615331829,0.3656243778461821,0.7006966797253157,0.5915094916319539,0.5708471197502079,0.0009709407305605154,1.4826617723624407,55,watermelon,Sandy soil
40853,-0.9089503032237339,-1.0687588504872214,-0.09597647149880119,-0.8975029591088394,0.4251700192479687,-0.6150364452367763,0.21207818966607073,0.583665707272176,0.40580765847435246,0.6802609586110971,0.10012431371579124,0.833995613660627,55,watermelon,Sandy soil
40854,-0.9089503032237339,-1.0687588504872214,-0.6043429600973992,-0.8975029591088394,-0.8058374970355525,-0.4789837442846789,0.22913887724163892,0.6294116269600938,0.29784147640597985,0.7719320127918425,0.45590994619220837,0.5388160695322738,55,watermelon,Sandy soil
40855,-0.9089503032237339,-1.0687588504872214,0.4123900170997968,-0.8975029591088394,0.4251700192479687,-0.5961402367712072,0.05853200148595931,0.7832077250519899,0.29784147640597985,0.15093454898679526,0.29259850833418105,0.7975536946324352,55,watermelon,Sandy soil
40856,-0.9089503032237339,-1.0687588504872214,-1.621075937294595,-0.8975029591088394,1.0406737773897279,-0.6509392413213574,0.26326025239277473,0.21096275423196195,0.3453465965160642,0.4348191038691024,-0.22649856200026383,0.9323887950367449,55,watermelon,Sandy soil
40857,-0.9089503032237339,-1.0687588504872214,0.9207565056983947,-0.8975029591088394,0.27129407971252784,-0.6528288621679145,-0.026771436391880492,0.3324841237096823,0.30216012368871514,0.48509032712951106,0.018468594786777582,1.3915569747919612,55,watermelon,Sandy soil
40858,-0.9089503032237339,-1.0687588504872214,-0.09597647149880119,-0.8975029591088394,0.11741814017708838,-0.679283554019711,-0.0608928115430169,0.7697365339782467,0.3410279492333289,0.76306062045177,-0.09818243225467063,1.1364635415946187,55,watermelon,Sandy soil
40859,-0.9089503032237339,-1.0687588504872214,-0.6043429600973992,-0.8975029591088394,1.3484256564606083,-0.7057382458715078,0.26326025239277473,0.7930304685432606,0.2503363562958962,1.0913021370344382,-0.02235926467772946,0.753823391798605,55,watermelon,Sandy soil
40860,-0.9089503032237339,-1.0687588504872214,0.4123900170997968,-0.8975029591088394,0.27129407971252784,-0.6358222745489022,0.07559268906152691,0.040327667297888094,0.5440043715218695,0.9434455980332365,-0.15650794577539473,1.1182425820805229,55,watermelon,Sandy soil
40861,-0.9089503032237339,-1.0687588504872214,-1.621075937294595,-0.8975029591088394,0.5790459587834081,-0.5677959240728536,-0.0608928115430169,0.1455713475615028,0.49649925141178586,0.5205758964897995,-0.07485222684638107,1.5664781861272816,55,watermelon,Sandy soil
40862,-0.9089503032237339,-1.0687588504872214,0.9207565056983947,-0.8975029591088394,0.5790459587834081,-0.6471599996282438,0.041471313910391105,0.5878754544827206,0.29352282912324523,0.7601034896717462,0.6308864867543806,0.8230630379521696,55,watermelon,Sandy soil
40863,-0.9089503032237339,-1.0687588504872214,-0.09597647149880119,-0.8975029591088394,1.0406737773897279,-0.6755043123265974,-0.0608928115430169,0.2833704062533287,0.48354330956358127,0.18050585678703562,0.012636043434705087,0.29101102014056923,55,watermelon,Sandy soil
40864,-0.9089503032237339,-1.0687588504872214,-0.6043429600973992,-0.8975029591088394,0.7329218983188477,-0.5281138862951584,-0.009710748816312897,0.6223953816091861,0.4576314258671715,0.8458602822924434,-0.12734518901503267,1.5628339942244627,55,watermelon,Sandy soil
40866,-0.9089503032237339,-1.0687588504872214,-1.621075937294595,-0.8975029591088394,0.7329218983188477,-0.7114071084111785,-0.026771436391880492,0.28505430513754665,0.39717036390888316,-0.002836251574454608,0.3100961623903981,1.504526923779356,55,watermelon,Sandy soil
40867,-0.9089503032237339,-1.0687588504872214,0.9207565056983947,-0.8975029591088394,-0.036457799358352465,-0.7284136960301908,0.31444231511947873,0.3919818842853792,0.28920418184051055,0.7867176666919626,-0.20316835659197385,0.33838551487721896,55,watermelon,Sandy soil
40868,-0.9089503032237339,-1.0687588504872214,-0.09597647149880119,-0.8975029591088394,1.1945497169251689,-0.6868420374059387,0.28032093996834234,0.6788059942304839,0.267610945426836,0.2958339572079727,0.21677534075723945,0.2545691011123777,55,watermelon,Sandy soil
40869,-0.9089503032237339,-1.0687588504872214,-0.6043429600973992,-0.8975029591088394,-0.19033373889379193,-0.7303033168767475,0.33150300269504634,0.7978015153818773,0.39717036390888316,0.7719320127918425,-0.11568008631088769,0.8449281893690844,55,watermelon,Sandy soil
40870,-0.9089503032237339,-1.0687588504872214,0.4123900170997968,-0.8975029591088394,-0.8058374970355525,-0.6566081038610283,0.1950175020905025,0.8227793488311088,0.2805668872750406,0.156848810546843,-0.43647041067487025,0.40033677722514455,55,watermelon,Sandy soil
40871,-0.9089503032237339,-1.0687588504872214,-1.621075937294595,-0.8975029591088394,-0.19033373889379193,-0.5885817533849794,-0.0608928115430169,0.5982594976020641,0.33670930195059423,0.76306062045177,-0.2439962160564809,1.5664781861272816,55,watermelon,Sandy soil
40872,-0.9089503032237339,-1.0687588504872214,0.9207565056983947,-0.8975029591088394,-0.19033373889379193,-0.6018090993108779,0.26326025239277473,0.487964120685796,0.2330617671649563,0.4348191038691024,-0.2381636647044084,0.7975536946324352,55,watermelon,Sandy soil
40873,-0.9089503032237339,-1.0687588504872214,-0.09597647149880119,-0.8975029591088394,0.8867978378542885,-0.5980298576177641,0.07559268906152691,0.6027498946266447,0.3539838910815341,0.5531043350700637,-0.15650794577539473,0.38576000961386814,55,watermelon,Sandy soil
40874,-0.9089503032237339,-1.0687588504872214,-0.6043429600973992,-0.8975029591088394,0.5790459587834081,-0.6036987201574346,0.024410626334822903,0.04060831711192414,0.3583025383642688,0.10953471806645862,-0.15067539442332223,0.30194359584902714,55,watermelon,Sandy soil
40875,-0.9089503032237339,-1.0687588504872214,0.4123900170997968,-0.8975029591088394,1.0406737773897279,-0.7378618002629753,0.12677475178823092,0.5730010143387966,0.1941939416203425,0.5590185966301119,0.46174249754428087,0.3420297067800379,55,watermelon,Sandy soil
40876,-0.9089503032237339,-1.0687588504872214,-1.621075937294595,-0.8975029591088394,0.5790459587834081,-0.6433807579351299,0.024410626334822903,0.3759848448853097,0.1855566470548726,0.17754872600701133,0.6425515894585256,0.833995613660627,55,watermelon,Sandy soil
40877,-0.9089503032237339,-1.0687588504872214,0.9207565056983947,-0.8975029591088394,-0.8058374970355525,-0.7076278667180647,0.024410626334822903,0.1537101921685556,0.18123799977213792,0.00012087920556925818,0.263435751573819,0.30194359584902714,55,watermelon,Sandy soil
40878,-0.9089503032237339,-1.0687588504872214,-0.09597647149880119,-0.8975029591088394,-0.9597134365709921,-0.7284136960301908,0.3656243778461821,0.8224986990170727,0.4187636003225577,1.014416736753813,-0.29065662687306,0.8813701083972763,55,watermelon,Sandy soil
40880,-0.9089503032237339,-1.0687588504872214,0.4123900170997968,-0.8975029591088394,0.11741814017708838,-0.6036987201574346,0.024410626334822903,0.6319374752864207,0.33670930195059423,0.56493285819016,0.23427299481345693,1.114598390177704,55,watermelon,Sandy soil
40881,-0.9089503032237339,-1.0687588504872214,-1.621075937294595,-0.8975029591088394,-0.9597134365709921,-0.599919478464321,0.21207818966607073,0.46410888649271,0.20283123618581245,0.825160366832275,-0.10401498360674312,0.41855773673924046,55,watermelon,Sandy soil
40882,-0.9089503032237339,-1.0687588504872214,0.9207565056983947,-0.8975029591088394,0.11741814017708838,-0.7416410419560892,-0.0608928115430169,0.8415828863715414,0.2805668872750406,0.27513404174780437,0.6483841408105977,0.13066657641652568,55,watermelon,Sandy soil
40883,-0.9089503032237339,-1.0687588504872214,-0.09597647149880119,-0.8975029591088394,-0.3442096784292314,-0.5488997156072846,0.09265337663709511,0.7961176164976597,0.4576314258671715,0.7601034896717462,0.5550633191774396,0.3420297067800379,55,watermelon,Sandy soil
40884,-0.9089503032237339,-1.0687588504872214,-0.6043429600973992,-0.8975029591088394,0.11741814017708838,-0.4846526068243496,0.1438354393637991,0.5370778381421495,0.172600705206668,0.46439041166934275,0.2459380975176015,1.194770612039726,55,watermelon,Sandy soil
40885,-0.9089503032237339,-1.0687588504872214,0.4123900170997968,-0.8975029591088394,0.27129407971252784,-0.5337827488348293,0.31444231511947873,0.6120113384898433,0.5483230188046049,0.43186197308907853,0.4384122921359913,0.8558607650775418,55,watermelon,Sandy soil
40887,-0.9089503032237339,-1.0687588504872214,0.9207565056983947,-0.8975029591088394,1.0406737773897279,-0.5583478198400691,0.12677475178823092,0.7989241146380228,0.38853306934341325,0.42890484230905424,0.47340760024842543,1.1874822282340873,55,watermelon,Sandy soil
40888,-0.9089503032237339,-1.0687588504872214,-0.09597647149880119,-0.8975029591088394,0.5790459587834081,-0.5961402367712072,-0.009710748816312897,0.6995740804691702,0.574234902501014,0.3845478806086937,-0.1856707025357568,0.5934789480745615,55,watermelon,Sandy soil
40889,-0.9089503032237339,-1.0687588504872214,-0.6043429600973992,-0.8975029591088394,-0.49808561796467227,-0.5092176778295893,-0.026771436391880492,0.8539314781891385,0.24169906173042624,0.9789311673935249,0.6483841408105977,1.3842685909863228,55,watermelon,Sandy soil
40890,-0.9089503032237339,-1.0687588504872214,0.4123900170997968,-0.8975029591088394,0.11741814017708838,-0.5451204739141706,0.1097140642126627,0.392823833727488,0.20714988346854712,0.9582312519333566,-0.2498287674085534,0.4950857666984435,55,watermelon,Sandy soil
40891,-0.9089503032237339,-1.0687588504872214,-1.621075937294595,-0.8975029591088394,-0.9597134365709921,-0.497879952750248,0.21207818966607073,0.24632463080053654,0.172600705206668,0.008992271545641278,0.14678472453237076,0.5533928371435501,55,watermelon,Sandy soil
40893,-0.9089503032237339,-1.0687588504872214,-0.09597647149880119,-0.8975029591088394,-0.19033373889379193,-0.5772440283056381,-0.1291355618452885,0.6041531436968263,0.3539838910815341,0.8192461052722269,-0.4014751025624361,1.5482572266131858,55,watermelon,Sandy soil
40895,-0.9089503032237339,-1.0687588504872214,0.4123900170997968,-0.8975029591088394,-0.19033373889379193,-0.703848625024951,-0.09501418669415271,0.15763928956506382,0.4749060149981113,0.44369049620917445,0.3742542272631947,0.3092319796546651,55,watermelon,Sandy soil
40897,-0.9089503032237339,-1.0687588504872214,0.9207565056983947,-0.8975029591088394,0.4251700192479687,-0.497879952750248,0.2973816275439105,0.5429714842369117,0.5871908443492186,0.4910045886895592,0.030133697490922567,0.5570370290463696,55,watermelon,Sandy soil
40898,-0.9089503032237339,-1.0687588504872214,-0.09597647149880119,-0.8975029591088394,0.5790459587834081,-0.6509392413213574,0.28032093996834234,0.21208535348810711,0.17691935248940266,0.9848454289535726,0.28093340563003605,0.4768648071843476,55,watermelon,Sandy soil
40899,-0.9089503032237339,-1.0687588504872214,-0.6043429600973992,-0.8975029591088394,0.27129407971252784,-0.7095174875646216,-0.009710748816312897,0.771701082676501,0.5483230188046049,1.005545344413741,0.22260789210931195,1.114598390177704,55,watermelon,Sandy soil
40900,-0.9089503032237339,-1.0687588504872214,0.4123900170997968,-0.8975029591088394,-0.036457799358352465,-0.6036987201574346,0.041471313910391105,0.46186368798041966,0.3064787709714498,0.4496047577692226,-0.20316835659197385,0.4513554638646133,55,watermelon,Sandy soil
40901,-0.9089503032237339,-1.0687588504872214,-1.621075937294595,-0.8975029591088394,1.0406737773897279,-0.720855212643963,0.3656243778461821,0.5783333608054866,0.3323906546678596,0.91683142101302,-0.19150325388782927,0.9870516735790326,55,watermelon,Sandy soil
40902,-0.9089503032237339,-1.0687588504872214,0.9207565056983947,-0.8975029591088394,-0.036457799358352465,-0.6736146914800403,0.33150300269504634,0.8474765324663035,0.2719295927095707,0.09474906416633845,-0.43647041067487025,0.6153440994914763,55,watermelon,Sandy soil
40903,-0.9089503032237339,-1.0687588504872214,-0.09597647149880119,-0.8975029591088394,0.4251700192479687,-0.7227448334905201,0.28032093996834234,0.712203322100804,0.4619500731499067,0.7246179203114577,-0.1740055998316118,0.13431076831934463,55,watermelon,Sandy soil
40904,-0.9089503032237339,-1.0687588504872214,-0.6043429600973992,-0.8975029591088394,-0.9597134365709921,-0.5848025116918656,0.12677475178823092,0.628569677517985,0.21146853075128177,0.05039210246597793,0.240105546165529,0.2873668282377502,55,watermelon,Sandy soil
40905,-0.9089503032237339,-1.0687588504872214,0.4123900170997968,-0.8975029591088394,-0.8058374970355525,-0.6377118953954592,-0.09501418669415271,0.15876188882120898,0.26329229814410077,1.1149591832746304,-0.34314958904171206,0.6444976347140297,55,watermelon,Sandy soil
40906,-0.9089503032237339,-1.0687588504872214,-1.621075937294595,-0.8975029591088394,0.27129407971252784,-0.4959903319036912,0.17795681451493492,0.8727350157295711,0.5008178986945205,0.6211183430106165,0.035966248842994646,1.325961520541216,55,watermelon,Sandy soil
40908,-0.9089503032237339,-1.0687588504872214,-0.09597647149880119,-0.8975029591088394,-0.3442096784292314,-0.5545685781469551,0.09265337663709511,0.812675955525802,0.18987529433760725,0.07404914870617012,0.22260789210931195,0.7902653108267967,55,watermelon,Sandy soil
40909,-0.9089503032237339,-1.0687588504872214,-0.6043429600973992,-0.8975029591088394,-0.49808561796467227,-0.47142526089845116,0.2973816275439105,0.7430748016447977,0.41444495303982243,0.32836239578823734,-0.4248053079707257,1.2020589958453638,55,watermelon,Sandy soil
40910,-0.9089503032237339,-1.0687588504872214,0.4123900170997968,-0.8975029591088394,0.11741814017708838,-0.701959004178394,-0.0608928115430169,0.557003974938727,0.3064787709714498,1.0232881290938853,0.6192213840502357,1.344182480055312,55,watermelon,Sandy soil
40911,-0.9089503032237339,-1.0687588504872214,-1.621075937294595,-0.8975029591088394,-0.6519615575001118,-0.5696855449194104,0.3656243778461821,0.17139113045284274,0.36262118564700346,1.1149591832746304,0.21677534075723945,1.5519014185160052,55,watermelon,Sandy soil
40913,-0.9089503032237339,-1.0687588504872214,-0.09597647149880119,-0.8975029591088394,0.27129407971252784,-0.5300035071417154,0.05853200148595931,0.04201156618210567,0.23738041444769156,-0.03832182093474311,-0.45396806473108775,1.1692612687199915,55,watermelon,Sandy soil
40914,-0.9089503032237339,-1.0687588504872214,-0.6043429600973992,-0.8975029591088394,-0.9597134365709921,-0.6339326537023454,0.09265337663709511,0.7298842603850918,0.39717036390888316,0.5087473733697032,-0.03985691873394653,1.5336804590019093,55,watermelon,Sandy soil
40916,-0.9089503032237339,-1.0687588504872214,-1.621075937294595,-0.8975029591088394,0.4251700192479687,-0.5602374406866258,0.09265337663709511,0.42060816531708256,0.172600705206668,0.6240754737906408,0.4967378056567154,0.8886584922029147,55,watermelon,Sandy soil
40917,-0.9089503032237339,-1.0687588504872214,0.9207565056983947,-0.8975029591088394,0.27129407971252784,-0.7114071084111785,0.1438354393637991,0.20787560627756252,0.5180924878254604,0.18642011834708333,-0.016526713325656965,1.194770612039726,55,watermelon,Sandy soil
40918,-0.9089503032237339,-1.0687588504872214,-0.09597647149880119,-0.8975029591088394,1.0406737773897279,-0.5432308530676139,-0.009710748816312897,0.33725517054829957,0.23738041444769156,-0.029450428594671087,-0.4306378593227982,0.7246698565760517,55,watermelon,Sandy soil
40919,-0.9089503032237339,-1.0687588504872214,-0.6043429600973992,-0.8975029591088394,0.8867978378542885,-0.7265240751836337,-0.0438321239674487,0.3467972642255339,0.5440043715218695,0.40229066528883817,0.0651290056033567,0.43313450435051737,55,watermelon,Sandy soil
40920,-0.9089503032237339,-1.0687588504872214,0.4123900170997968,-0.8975029591088394,0.5790459587834081,-0.5300035071417154,0.33150300269504634,0.6650541533427047,0.33670930195059423,0.19824864146717966,0.23427299481345693,1.5482572266131858,55,watermelon,Sandy soil
40922,-0.9089503032237339,-1.0687588504872214,0.9207565056983947,-0.8975029591088394,1.3484256564606083,-0.6566081038610283,0.2461995648172065,0.6779640447883751,0.17691935248940266,0.9611883827133805,0.4675750488963534,0.6116999075886573,55,watermelon,Sandy soil
40923,-0.9089503032237339,-1.0687588504872214,-0.09597647149880119,-0.8975029591088394,1.0406737773897279,-0.4808733651312357,0.024410626334822903,0.41078542182581185,0.36262118564700346,0.34906231124840525,0.10012431371579124,0.7210256646732327,55,watermelon,Sandy soil
40924,-0.9089503032237339,-1.0687588504872214,-0.6043429600973992,-0.8975029591088394,-0.49808561796467227,-0.5413412322210568,0.22913887724163892,0.2005787111126185,0.21578717803401704,0.6980037432912416,-0.37231234580207406,0.22541556588982412,55,watermelon,Sandy soil
40926,-0.9089503032237339,-1.0687588504872214,-1.621075937294595,-0.8975029591088394,0.8867978378542885,-0.581023269998752,0.1438354393637991,0.7947143674274781,0.5267297823909303,0.91683142101302,0.47924015160049793,1.5591898023216437,55,watermelon,Sandy soil
40928,-0.9089503032237339,-1.0687588504872214,-0.09597647149880119,-0.8975029591088394,-0.19033373889379193,-0.4959903319036912,0.041471313910391105,0.2769154605304938,0.3064787709714498,0.76306062045177,-0.34314958904171206,1.3952011666947808,55,watermelon,Sandy soil
40929,-0.9089503032237339,-1.0687588504872214,-0.6043429600973992,-0.8975029591088394,-0.9597134365709921,-0.5791336491521949,0.21207818966607073,0.280844557927002,0.41012630575708775,0.13023463352662695,-0.045689470086019014,0.34931809058567637,55,watermelon,Sandy soil
40931,-0.9089503032237339,-1.0687588504872214,-1.621075937294595,-0.8975029591088394,-0.8058374970355525,-0.5432308530676139,-0.09501418669415271,0.04453741450843268,0.2546550035786308,0.15093454898679526,-0.1856707025357568,1.096377430663608,55,watermelon,Sandy soil
40932,-0.9089503032237339,-1.0687588504872214,0.9207565056983947,-0.8975029591088394,-0.3442096784292314,-0.5848025116918656,-0.026771436391880492,0.4015239779626139,0.48786195684631595,0.10362045650641047,-0.45396806473108775,1.2712986419989285,55,watermelon,Sandy soil
40933,-0.9089503032237339,-1.0687588504872214,-0.09597647149880119,-0.8975029591088394,1.1945497169251689,-0.701959004178394,-0.009710748816312897,0.049869760975122426,0.36262118564700346,0.9671026442734286,0.5375656651212221,1.504526923779356,55,watermelon,Sandy soil
40934,-0.9089503032237339,-1.0687588504872214,-0.6043429600973992,-0.8975029591088394,-0.8058374970355525,-0.69817976248528,0.0073499387592553065,0.4054530753591218,0.4317195421707623,0.7246179203114577,0.047631351547139635,0.1816852630559941,55,watermelon,Sandy soil
40935,-0.9089503032237339,-1.0687588504872214,0.4123900170997968,-0.8975029591088394,-0.9597134365709921,-0.5734647866125243,-0.0608928115430169,0.17784607617567796,0.3280720073851243,0.22781994926742,0.4150820867277013,1.5191036913906324,55,watermelon,Sandy soil
40938,-0.9089503032237339,-1.0687588504872214,-0.09597647149880119,-0.8975029591088394,1.0406737773897279,-0.599919478464321,0.12677475178823092,0.6745962470199394,0.47058736771537607,0.5471900735100156,-0.016526713325656965,0.13795496022216389,55,watermelon,Sandy soil
40940,-0.9089503032237339,-1.0687588504872214,0.4123900170997968,-0.8975029591088394,1.3484256564606083,-0.5904713742315365,0.3485636902706145,0.4803865757068156,0.3669398329297387,1.1415733602948468,0.5842260759378015,0.9906958654818515,55,watermelon,Sandy soil
40941,-0.9089503032237339,-1.0687588504872214,-1.621075937294595,-0.8975029591088394,-0.8058374970355525,-0.5413412322210568,0.3656243778461821,0.7910659198450063,0.479224662280846,0.03856357934588162,0.46174249754428087,1.5373246509047283,55,watermelon,Sandy soil
40942,-0.9089503032237339,-1.0687588504872214,0.9207565056983947,-0.8975029591088394,0.7329218983188477,-0.6225949286230038,0.1438354393637991,0.1200322144841989,0.21578717803401704,0.5383186811699436,-0.4656331674352323,0.5461044533379117,55,watermelon,Sandy soil
40943,-0.9089503032237339,-1.0687588504872214,-0.09597647149880119,-0.8975029591088394,0.8867978378542885,-0.5677959240728536,0.31444231511947873,0.5244485965105158,0.21146853075128177,1.1120020524946064,0.07679410830750169,1.489950156168079,55,watermelon,Sandy soil
40945,-0.9089503032237339,-1.0687588504872214,0.4123900170997968,-0.8975029591088394,1.1945497169251689,-0.46953564005189435,0.05853200148595931,0.762439638813303,0.3669398329297387,0.27513404174780437,-0.20900090794404635,1.019849400704405,55,watermelon,Sandy soil
40946,-0.9089503032237339,-1.0687588504872214,-1.621075937294595,-0.8975029591088394,-0.49808561796467227,-0.5243346446020448,-0.0608928115430169,0.142203549793067,0.5267297823909303,0.3224481342281892,-0.3489821403937841,1.0526471278297778,55,watermelon,Sandy soil
40947,-0.9089503032237339,-1.0687588504872214,0.9207565056983947,-0.8975029591088394,0.5790459587834081,-0.599919478464321,0.2973816275439105,0.7237099644762929,0.38853306934341325,0.5708471197502079,0.5783935245857291,1.508171115682175,55,watermelon,Sandy soil
40949,-0.9089503032237339,-1.0687588504872214,-0.6043429600973992,-0.8975029591088394,-0.49808561796467227,-0.5545685781469551,0.3485636902706145,0.7312875094552733,0.31079741825418505,0.9818882981735487,-0.10401498360674312,0.9323887950367449,55,watermelon,Sandy soil
40950,-0.9089503032237339,-1.0687588504872214,0.4123900170997968,-0.8975029591088394,0.11741814017708838,-0.6131468243902192,0.2461995648172065,0.440253652299624,0.22874311988222162,0.7334893126515297,-0.43647041067487025,1.526392075196271,55,watermelon,Sandy soil
40951,-0.9089503032237339,-1.0687588504872214,-1.621075937294595,-0.8975029591088394,-0.6519615575001118,-0.5734647866125243,-0.11207487426972029,0.13294210592986905,0.20714988346854712,0.47326180400941475,-0.10984753495881562,0.6882279375478598,55,watermelon,Sandy soil
40952,-0.9089503032237339,-1.0687588504872214,0.9207565056983947,-0.8975029591088394,0.27129407971252784,-0.6547184830144712,0.024410626334822903,0.27579286127434866,0.3410279492333289,0.6092898198905206,-0.43647041067487025,0.914167835522649,55,watermelon,Sandy soil
40953,-0.9089503032237339,-1.0687588504872214,-0.09597647149880119,-0.8975029591088394,0.5790459587834081,-0.5829128908453088,0.2973816275439105,0.230327591400467,0.18987529433760725,0.16276307210689114,-0.08068477819845356,0.9360329869395639,55,watermelon,Sandy soil
40956,-0.9089503032237339,-1.0687588504872214,-1.621075937294595,-0.8975029591088394,-0.8058374970355525,-0.4884318485174634,0.16089612693936672,0.64035696970751,0.1985125889030772,0.8162889744922031,-0.3081542809292775,1.0927332387607884,55,watermelon,Sandy soil
40957,-0.9089503032237339,-1.0687588504872214,0.9207565056983947,-0.8975029591088394,-0.49808561796467227,-0.5300035071417154,-0.0779534991185845,0.3445520657132436,0.29352282912324523,0.5471900735100156,0.49090525430464294,0.8850143003000958,55,watermelon,Sandy soil
40958,-0.9089503032237339,-1.0687588504872214,-0.09597647149880119,-0.8975029591088394,1.1945497169251689,-0.720855212643963,0.16089612693936672,0.6841383406971734,0.531048429673665,0.9079600286729479,-0.028191816029801538,0.2582132930151969,55,watermelon,Sandy soil
40959,-0.9089503032237339,-1.0687588504872214,-0.6043429600973992,-0.8975029591088394,0.4251700192479687,-0.6717250706334835,0.09265337663709511,0.7035031778656787,0.531048429673665,0.6625181739309531,-0.45396806473108775,0.7975536946324352,55,watermelon,Sandy soil
40960,-0.9089503032237339,-1.0687588504872214,0.4123900170997968,-0.8975029591088394,-0.8058374970355525,-0.7359721794164182,-0.009710748816312897,0.6956449830726623,0.20283123618581245,1.0706022215742699,0.2459380975176015,0.6080557156858378,55,watermelon,Sandy soil
40961,-0.9089503032237339,-1.0687588504872214,-1.621075937294595,-0.8975029591088394,-0.3442096784292314,-0.4865422276709066,0.024410626334822903,0.06727004944537321,0.21146853075128177,0.5797185120902802,0.29259850833418105,1.3806243990835037,55,watermelon,Sandy soil
40962,-0.9089503032237339,-1.0687588504872214,0.9207565056983947,-0.8975029591088394,0.4251700192479687,-0.6282637911626747,-0.1291355618452885,0.2794413088568205,0.33670930195059423,0.05926349480604995,-0.045689470086019014,0.5934789480745615,55,watermelon,Sandy soil
40963,-0.9089503032237339,-1.0687588504872214,-0.09597647149880119,-0.8975029591088394,0.7329218983188477,-0.47331488174500824,-0.0779534991185845,0.06727004944537321,0.5008178986945205,1.1090449217145821,0.49090525430464294,0.8194188460493501,55,watermelon,Sandy soil
40964,-0.9089503032237339,-1.0687588504872214,-0.6043429600973992,-0.8975029591088394,-0.8058374970355525,-0.599919478464321,0.3656243778461821,0.2892640523480912,0.3496652437987988,0.7748891435718663,-0.10984753495881562,0.9068794517170106,55,watermelon,Sandy soil
40965,-0.9089503032237339,-1.0687588504872214,0.4123900170997968,-0.8975029591088394,1.0406737773897279,-0.6906212790990526,0.07559268906152691,0.48628022180157776,0.2503363562958962,0.7748891435718663,0.16428237858858785,0.4149135448364215,55,watermelon,Sandy soil
40967,-0.9089503032237339,-1.0687588504872214,0.9207565056983947,-0.8975029591088394,0.4251700192479687,-0.6018090993108779,0.07559268906152691,0.4983481638051394,0.5094551932599904,0.047434971685954064,0.46174249754428087,0.8303514217578081,55,watermelon,Sandy soil
40969,-0.9089503032237339,-1.0687588504872214,-0.6043429600973992,-0.8975029591088394,-0.3442096784292314,-0.5507893364538413,0.31444231511947873,0.7952756670555509,0.20714988346854712,0.5974612967704243,0.4150820867277013,0.6408534428112106,55,watermelon,Sandy soil
40970,-0.9089503032237339,-1.0687588504872214,0.4123900170997968,-0.8975029591088394,-0.49808561796467227,-0.599919478464321,0.3656243778461821,0.12396131188070712,0.4489941313017015,0.5146616349297514,-0.1798381511836843,1.1510403092058956,55,watermelon,Sandy soil
40971,-0.9089503032237339,-1.0687588504872214,-1.621075937294595,-0.8975029591088394,1.1945497169251689,-0.620705307776447,0.21207818966607073,0.19524636464592876,0.17691935248940266,1.1090449217145821,-0.45980061608316025,1.0380703602185009,55,watermelon,Sandy soil
40973,-0.9089503032237339,-1.0687588504872214,-0.09597647149880119,-0.8975029591088394,1.0406737773897279,-0.5904713742315365,0.2973816275439105,0.8250245473433991,0.28488553455777527,0.7985461898120586,-0.3781448971541462,0.586190564268923,55,watermelon,Sandy soil
40974,-0.9089503032237339,-1.0687588504872214,-0.6043429600973992,-0.8975029591088394,0.27129407971252784,-0.5772440283056381,0.024410626334822903,0.35718130734487735,0.3410279492333289,0.46439041166934275,0.5259005624170775,0.7356024322845091,55,watermelon,Sandy soil
40975,-0.9089503032237339,-1.0687588504872214,0.4123900170997968,-0.8975029591088394,-0.6519615575001118,-0.6320430328557883,-0.026771436391880492,0.6788059942304839,0.4360381894534969,1.0883450062544138,0.5783935245857291,0.8850143003000958,55,watermelon,Sandy soil
40977,-0.9089503032237339,-1.0687588504872214,0.9207565056983947,-0.8975029591088394,0.7329218983188477,-0.5470100947607275,0.09265337663709511,0.10207062638587538,0.49218060412905057,0.2958339572079727,-0.06318712414223608,0.12702238451370645,55,watermelon,Sandy soil
40978,-0.9089503032237339,-1.0687588504872214,-0.09597647149880119,-0.8975029591088394,-0.9597134365709921,-0.5488997156072846,0.28032093996834234,0.8654381205646274,0.2201058253167517,0.26626264940773237,-0.3781448971541462,0.38576000961386814,55,watermelon,Sandy soil
40979,-0.9089503032237339,-1.0687588504872214,-0.6043429600973992,-0.8975029591088394,0.27129407971252784,-0.5866921325384227,0.3485636902706145,0.5300615927912419,0.5353670769563996,0.7216607895314339,-0.16234049712746723,1.180193844428449,55,watermelon,Sandy soil
40980,-0.9089503032237339,-1.0687588504872214,0.4123900170997968,-0.8975029591088394,0.27129407971252784,-0.6018090993108779,0.21207818966607073,0.6027498946266447,0.36262118564700346,0.7127893971913618,-0.44230296202694275,0.750179199895786,55,watermelon,Sandy soil
40982,-0.9089503032237339,-1.0687588504872214,0.9207565056983947,-0.8975029591088394,-0.3442096784292314,-0.620705307776447,0.22913887724163892,0.118348315599981,0.22874311988222162,0.45256188854924645,0.3742542272631947,1.063579703538235,55,watermelon,Sandy soil
40983,-0.9089503032237339,-1.0687588504872214,-0.09597647149880119,-0.8975029591088394,0.8867978378542885,-0.6055883410039917,-0.0608928115430169,0.24548268135842743,0.574234902501014,0.34610518046838135,-0.10401498360674312,1.260366066290471,55,watermelon,Sandy soil
40984,-0.9089503032237339,-1.0687588504872214,-0.6043429600973992,-0.8975029591088394,0.7329218983188477,-0.5980298576177641,-0.0438321239674487,0.41976621587497376,0.18987529433760725,0.12136324118655492,-0.19733580523990177,1.096377430663608,55,watermelon,Sandy soil
40986,-0.9089503032237339,-1.0687588504872214,-1.621075937294595,-0.8975029591088394,0.7329218983188477,-0.5243346446020448,0.05853200148595931,0.6664574024128863,0.4489941313017015,1.1356590987347988,-0.4714657187873048,0.26550167682083514,55,watermelon,Sandy soil
40988,-0.9089503032237339,-1.0687588504872214,-0.09597647149880119,-0.8975029591088394,0.8867978378542885,-0.537561990527943,0.17795681451493492,0.0484665119049409,0.37557712749520866,0.39046214216874187,-0.03985691873394653,1.3478266719581309,55,watermelon,Sandy soil
40989,-0.9089503032237339,-1.0687588504872214,-0.6043429600973992,-0.8975029591088394,0.27129407971252784,-0.7095174875646216,-0.0779534991185845,0.07765409256471664,0.3669398329297387,0.44073336542915054,-0.4189727566186532,0.6408534428112106,55,watermelon,Sandy soil
40991,-0.9089503032237339,-1.0687588504872214,-1.621075937294595,-0.8975029591088394,0.4251700192479687,-0.7000693833318371,0.07559268906152691,0.8547734276312479,0.3539838910815341,0.05630636402602608,0.40924953537562925,0.47322061528152815,55,watermelon,Sandy soil
40992,-0.9089503032237339,-1.0687588504872214,0.9207565056983947,-0.8975029591088394,0.11741814017708838,-0.5904713742315365,0.21207818966607073,0.8567379763295015,0.5699162552182794,0.48804745790953497,-0.2381636647044084,1.0052726330931285,55,watermelon,Sandy soil
40993,-0.9089503032237339,-1.0687588504872214,-0.09597647149880119,-0.8975029591088394,-0.036457799358352465,-0.5923609950780934,0.2973816275439105,0.4093821727556303,0.3496652437987988,0.40820492684888593,0.28676595698210855,0.9469655626480213,55,watermelon,Sandy soil
40994,-0.9089503032237339,-1.0687588504872214,-0.6043429600973992,-0.8975029591088394,1.1945497169251689,-0.4808733651312357,-0.009710748816312897,0.37710744414145514,0.23738041444769156,0.1598059413268673,-0.05735457279016359,1.3077405610271202,55,watermelon,Sandy soil
40995,-0.9089503032237339,-1.0687588504872214,0.4123900170997968,-0.8975029591088394,-0.036457799358352465,-0.5715751657659675,0.33150300269504634,0.7032225280516428,0.29784147640597985,0.11544897962650677,0.4675750488963534,0.39304839341950665,55,watermelon,Sandy soil
40996,-0.9089503032237339,-1.0687588504872214,-1.621075937294595,-0.8975029591088394,-0.6519615575001118,-0.681173174866268,0.1097140642126627,0.5115387050648453,0.4489941313017015,0.4791760655694629,0.15261727588444285,0.9105236436198295,55,watermelon,Sandy soil
40997,-0.9089503032237339,-1.0687588504872214,0.9207565056983947,-0.8975029591088394,0.5790459587834081,-0.7378618002629753,0.26326025239277473,0.366162101394039,0.5785535497837486,1.0321595214339574,0.22844044346138445,0.3821158177110487,55,watermelon,Sandy soil
40998,-0.9089503032237339,-1.0687588504872214,-0.09597647149880119,-0.8975029591088394,0.7329218983188477,-0.6471599996282438,0.17795681451493492,0.22808239288817667,0.172600705206668,0.76306062045177,0.4150820867277013,1.5519014185160052,55,watermelon,Sandy soil
