source_row_id,SOIL,SEASON,SOWN,WATER_SOURCE,SOIL_PH,CROPDURATION,TEMP,WATERREQUIRED,RELATIVE_HUMIDITY,N,P,K,target,crop_label,SOIL_raw
14001,-0.048939319018353855,1.4177413322789671,1.4291229942969927,1.114202454544477,-0.19033373889379193,-0.16341706290967525,0.17795681451493492,0.15062304421415618,-0.4838336817690376,-0.8722327009015209,-1.6204783351455698,-1.1593773571814636,5,bengalgram,heavy Black Soil
14003,-0.048939319018353855,1.4177413322789671,1.9374894828955906,1.114202454544477,-0.8058374970355525,0.11813644322730382,-0.11207487426972029,0.06839264870151868,-0.4838336817690376,-1.049660547702963,-0.8039211458554324,-0.9261490754010362,5,bengalgram,heavy Black Soil
14005,-0.048939319018353855,1.4177413322789671,-1.1127094486959972,1.114202454544477,0.11741814017708838,-0.1086180583595251,0.2973816275439105,0.03583727027330714,-0.4838336817690376,-1.0881032478432753,-1.2471950486129355,-0.9844561458461429,5,bengalgram,heavy Black Soil
14009,-0.048939319018353855,1.4177413322789671,1.9374894828955906,1.114202454544477,-0.8058374970355525,0.15214961846532837,0.4509278157240219,-0.21001196682249687,-0.4838336817690376,-1.1442887326637319,-1.5796504756810628,-0.8787745806643869,5,bengalgram,heavy Black Soil
14011,-0.048939319018353855,1.4177413322789671,-1.1127094486959972,1.114202454544477,0.11741814017708838,-0.2182160674598257,0.16089612693936672,-0.030957385467333856,-0.4838336817690376,-1.1945599559241407,-0.7980885945033599,-0.6346137231755018,5,bengalgram,heavy Black Soil
14013,-0.048939319018353855,1.4177413322789671,1.4291229942969927,1.114202454544477,0.4251700192479687,0.1370326516928729,-0.6409561891123273,0.02685647622414522,-0.4838336817690376,-1.1531601250038042,-1.4513343459354697,-1.1156470543476333,5,bengalgram,heavy Black Soil
14015,-0.048939319018353855,1.4177413322789671,1.9374894828955906,1.114202454544477,-0.9597134365709921,0.05011009275125526,0.12677475178823092,-0.02394114011642621,-0.4838336817690376,-0.9905179321024823,-1.5154924108082664,-1.144800589570187,5,bengalgram,heavy Black Soil
14019,-0.048939319018353855,1.4177413322789671,1.4291229942969927,1.114202454544477,-1.1135893761064315,-0.2484500010047361,0.09265337663709511,-0.573453475999513,-0.4838336817690376,-0.7007191156601268,-1.4746645513437595,-1.0136096810686963,5,bengalgram,heavy Black Soil
14021,-0.048939319018353855,1.4177413322789671,1.9374894828955906,1.114202454544477,-1.421341255177312,-0.2144368257667118,-0.3679851879032397,-0.4401448143322677,-0.4838336817690376,-0.6327051077195741,-1.4921622053999766,-1.1375122057645486,5,bengalgram,heavy Black Soil
14023,-0.048939319018353855,1.4177413322789671,-1.1127094486959972,1.114202454544477,-0.6519615575001118,-0.15018971698377684,0.8262629423865175,-0.15191745531698145,-0.4838336817690376,-0.9905179321024823,-0.827251351263722,-0.7913139749967266,5,bengalgram,heavy Black Soil
14025,-0.048939319018353855,1.4177413322789671,1.4291229942969927,1.114202454544477,0.11741814017708838,0.12002606407386089,0.0073499387592553065,0.19693026353014664,-0.4838336817690376,-1.1827314328040446,-1.3113531134857321,-1.2249728114322087,5,bengalgram,heavy Black Soil
14027,-0.048939319018353855,1.4177413322789671,1.9374894828955906,1.114202454544477,-0.6519615575001118,-0.36560649349126445,-0.1461962494208567,-0.15921435048192545,-0.4838336817690376,-1.0348748938028427,-1.4280041405271802,-0.6965649855234279,5,bengalgram,heavy Black Soil
14029,-0.048939319018353855,1.4177413322789671,-1.1127094486959972,1.114202454544477,-0.3442096784292314,-0.29946976386177265,0.1438354393637991,-0.47073564406222496,-0.4838336817690376,-0.98164653976241,-0.9555674810093149,-1.1156470543476333,5,bengalgram,heavy Black Soil
14033,-0.048939319018353855,1.4177413322789671,1.9374894828955906,1.114202454544477,-0.036457799358352465,0.1219156849204177,-0.5215313760833518,-0.311045899875567,-0.4838336817690376,-1.1620315173438762,-1.5621528216248457,-1.046407408194069,5,bengalgram,heavy Black Soil
14041,-0.048939319018353855,1.4177413322789671,-1.1127094486959972,1.114202454544477,-0.9597134365709921,-0.15585857952344778,-0.3338638127521039,-0.12918482038004092,-0.4838336817690376,-0.9225039241619294,-0.9147396215448081,-1.2359053871406662,5,bengalgram,heavy Black Soil
14043,-0.048939319018353855,1.4177413322789671,1.4291229942969927,1.114202454544477,-0.036457799358352465,-0.3221452140204556,0.43386712814845435,0.280844557927002,-0.4838336817690376,-0.7835187775007999,-0.9847302377696769,-1.1775983166955595,5,bengalgram,heavy Black Soil
14045,-0.048939319018353855,1.4177413322789671,1.9374894828955906,1.114202454544477,-1.729093134248192,0.05388933444436913,0.7580201920842453,-0.2091700173803881,-0.4838336817690376,-1.058531940043035,-0.7572607350388528,-0.6309695312726828,5,bengalgram,heavy Black Soil
14051,-0.048939319018353855,1.4177413322789671,1.9374894828955906,1.114202454544477,-0.3442096784292314,0.04255160936502752,0.8262629423865175,-0.07810655422543311,-0.4838336817690376,-1.1028889017433956,-0.7047677728702012,-0.6819882179121513,5,bengalgram,heavy Black Soil
14053,-0.048939319018353855,1.4177413322789671,-1.1127094486959972,1.114202454544477,-1.2674653156418723,-0.03492284534380558,-0.1632569369964243,-0.37559535710391734,-0.4838336817690376,-0.7835187775007999,-0.838916453967867,-1.2905682656829538,5,bengalgram,heavy Black Soil
14057,-0.048939319018353855,1.4177413322789671,1.9374894828955906,1.114202454544477,0.11741814017708838,-0.17853402968213047,0.31444231511947873,0.03920506804174261,-0.4838336817690376,-0.7243761619003192,-1.183036983740139,-0.6892766017177895,5,bengalgram,heavy Black Soil
14061,-0.048939319018353855,1.4177413322789671,1.4291229942969927,1.114202454544477,-0.036457799358352465,0.08223364714272274,0.604474003904134,0.03583727027330714,-0.4838336817690376,-0.9402467088420736,-0.856414108024084,-1.2759914980716773,5,bengalgram,heavy Black Soil
14065,-0.048939319018353855,1.4177413322789671,-1.1127094486959972,1.114202454544477,-1.5752171947127527,-0.16341706290967525,-0.2144389997231283,-0.23976084711034537,-0.4838336817690376,-1.1235888172035637,-0.9322372756010252,-0.7074975612318853,5,bengalgram,heavy Black Soil
14067,-0.048939319018353855,1.4177413322789671,1.4291229942969927,1.114202454544477,0.27129407971252784,-0.3259244557135695,0.5874133163285657,-0.5863633674451831,-0.4838336817690376,-1.067403332383107,-0.49479592419559437,-0.8386884697333759,5,bengalgram,heavy Black Soil
14069,-0.048939319018353855,1.4177413322789671,1.9374894828955906,1.114202454544477,-0.036457799358352465,0.023655400899458445,0.1438354393637991,-0.13367521740462154,-0.4838336817690376,-0.7391618158004394,-0.5239586809559564,-1.2942124575857732,5,bengalgram,heavy Black Soil
14071,-0.048939319018353855,1.4177413322789671,-1.1127094486959972,1.114202454544477,0.4251700192479687,0.10679871814796249,0.55329194117743,-0.37559535710391734,-0.4838336817690376,-0.6504478923997183,-0.9497349296572426,-1.3087892251970499,5,bengalgram,heavy Black Soil
14073,-0.048939319018353855,1.4177413322789671,1.4291229942969927,1.114202454544477,-1.421341255177312,0.09735061391517795,0.2461995648172065,-0.4976780262097104,-0.4838336817690376,-0.8160472160810641,-1.153874226979777,-1.0792051353194416,5,bengalgram,heavy Black Soil
14075,-0.048939319018353855,1.4177413322789671,1.9374894828955906,1.114202454544477,-0.8058374970355525,0.17860431031712493,-0.5556527512344875,-0.3399528307213064,-0.4838336817690376,-0.6652335462998384,-0.9322372756010252,-1.0792051353194416,5,bengalgram,heavy Black Soil
14077,-0.048939319018353855,1.4177413322789671,-1.1127094486959972,1.114202454544477,0.27129407971252784,-0.014137016031679708,0.8945056926887891,-0.4912230804868755,-0.4838336817690376,-0.9313753165020016,-0.8797443134323736,-0.8350442778305566,5,bengalgram,heavy Black Soil
14079,-0.048939319018353855,1.4177413322789671,1.4291229942969927,1.114202454544477,-1.5752171947127527,-0.15018971698377684,0.877445005113221,-0.6419320306243715,-0.4838336817690376,-0.6888905925400307,-1.2588601513170803,-0.7293627126488005,5,bengalgram,heavy Black Soil
14091,-0.048939319018353855,1.4177413322789671,1.4291229942969927,1.114202454544477,-1.2674653156418723,-0.09728033328018348,-0.5897741263856233,-0.5372496499888296,-0.4838336817690376,-1.1827314328040446,-0.62894460529326,-0.9407258430123129,5,bengalgram,heavy Black Soil
14099,-0.048939319018353855,1.4177413322789671,1.9374894828955906,1.114202454544477,-0.49808561796467227,-0.3221452140204556,-0.7262596269901671,-0.40843138534616524,-0.4838336817690376,-0.9254610549419534,-0.9439023783051701,-0.6419021069811403,5,bengalgram,heavy Black Soil
14101,-0.048939319018353855,1.4177413322789671,-1.1127094486959972,1.114202454544477,-1.1135893761064315,-0.00468891179889517,-0.7091989394145989,-0.08680669846055866,-0.4838336817690376,-0.7125476387802229,-1.5329900648644836,-1.0099654891658774,5,bengalgram,heavy Black Soil
14103,-0.048939319018353855,1.4177413322789671,1.4291229942969927,1.114202454544477,0.11741814017708838,-0.35237914756536604,0.3485636902706145,-0.04723507468143947,-0.4838336817690376,-0.7421189465804632,-0.9380698269530977,-0.9297932673038553,5,bengalgram,heavy Black Soil
14107,-0.048939319018353855,1.4177413322789671,-1.1127094486959972,1.114202454544477,-0.036457799358352465,-0.05570867465593146,0.2461995648172065,-0.046112475425294314,-0.4838336817690376,-0.9757322782023621,-0.9322372756010252,-0.8131791264136418,5,bengalgram,heavy Black Soil
14113,-0.048939319018353855,1.4177413322789671,-1.1127094486959972,1.114202454544477,-1.421341255177312,-0.36371687264470765,-0.09501418669415271,-0.11150388209575346,-0.4838336817690376,-0.6800192001999587,-0.7397630809826358,-1.068272559610984,5,bengalgram,heavy Black Soil
14115,-0.048939319018353855,1.4177413322789671,1.4291229942969927,1.114202454544477,-1.1135893761064315,0.06900630121682434,-0.0779534991185845,-0.18194698541886628,-0.4838336817690376,-1.1472458634437561,-1.5738179243289905,-1.3233659928083268,5,bengalgram,heavy Black Soil
14119,-0.048939319018353855,1.4177413322789671,-1.1127094486959972,1.114202454544477,-0.19033373889379193,-0.2805735553962036,-0.1291355618452885,0.28898340253405486,-0.4838336817690376,-1.138374471103684,-1.1888695350922114,-0.7803813992882689,5,bengalgram,heavy Black Soil
14121,-0.048939319018353855,1.4177413322789671,1.4291229942969927,1.114202454544477,-0.9597134365709921,-0.11428692089919576,0.48504919087515835,-0.5103072678413442,-0.4838336817690376,-0.6888905925400307,-0.6872701188139841,-1.1010702867363569,5,bengalgram,heavy Black Soil
14123,-0.048939319018353855,1.4177413322789671,1.9374894828955906,1.114202454544477,-0.6519615575001118,-0.0783841248146144,0.5874133163285657,0.08074124051911608,-0.4838336817690376,-1.0200892399027226,-0.827251351263722,-0.9516584187207704,5,bengalgram,heavy Black Soil
14125,-0.048939319018353855,1.4177413322789671,-1.1127094486959972,1.114202454544477,-1.5752171947127527,0.09168175137550728,0.0073499387592553065,-0.4463191102410666,-0.4838336817690376,-0.8397042623212565,-0.5181261296038844,-0.9334374592066745,5,bengalgram,heavy Black Soil
14129,-0.048939319018353855,1.4177413322789671,1.9374894828955906,1.114202454544477,0.4251700192479687,0.08790250968239341,0.5362312536018617,-0.4342511682375052,-0.4838336817690376,-0.8604041777814246,-0.5181261296038844,-0.7949581668995458,5,bengalgram,heavy Black Soil
14131,-0.048939319018353855,1.4177413322789671,-1.1127094486959972,1.114202454544477,-1.729093134248192,0.1086883389945193,-0.7603810021413029,0.27831870960067534,-0.4838336817690376,-1.058531940043035,-1.0722185080507631,-1.1083586705419952,5,bengalgram,heavy Black Soil
14133,-0.048939319018353855,1.4177413322789671,1.4291229942969927,1.114202454544477,-0.49808561796467227,-0.02547474111102105,-0.6238955015367591,-0.25968698390692313,-0.4838336817690376,-0.9254610549419534,-1.497994756752049,-1.2067518519181129,5,bengalgram,heavy Black Soil
14135,-0.048939319018353855,1.4177413322789671,1.9374894828955906,1.114202454544477,-0.036457799358352465,0.11435720153419023,0.4168064405728861,-0.33770763220901606,-0.4838336817690376,-0.8722327009015209,-1.2471950486129355,-1.0063212972630582,5,bengalgram,heavy Black Soil
14137,-0.048939319018353855,1.4177413322789671,-1.1127094486959972,1.114202454544477,-1.5752171947127527,0.09924023476173476,0.5874133163285657,-0.14630445903625533,-0.4838336817690376,-1.2182170021643328,-1.0722185080507631,-1.1848867005011978,5,bengalgram,heavy Black Soil
14139,-0.048939319018353855,1.4177413322789671,1.4291229942969927,1.114202454544477,-0.3442096784292314,0.004759192433889368,-0.29974243760096814,-0.5672791800907141,-0.4838336817690376,-0.7421189465804632,-1.183036983740139,-0.6856324098149705,5,bengalgram,heavy Black Soil
14141,-0.048939319018353855,1.4177413322789671,1.9374894828955906,1.114202454544477,-0.9597134365709921,-0.3372621807929108,-0.5727134388100558,-0.3621241660301748,-0.4838336817690376,-0.9993893244425543,-0.6114469512370426,-1.1411563976673678,5,bengalgram,heavy Black Soil
14145,-0.048939319018353855,1.4177413322789671,1.4291229942969927,1.114202454544477,0.27129407971252784,0.13136378915320224,-0.1291355618452885,-0.09382294381146632,-0.4838336817690376,-0.9225039241619294,-0.844749005319939,-0.7658046316769923,5,bengalgram,heavy Black Soil
14147,-0.048939319018353855,1.4177413322789671,1.9374894828955906,1.114202454544477,0.11741814017708838,0.15781848100499904,-0.35092450032767214,0.034995320831198024,-0.4838336817690376,-0.8988468779217371,-0.5997818485328981,-1.0937819029307183,5,bengalgram,heavy Black Soil
14151,-0.048939319018353855,1.4177413322789671,1.4291229942969927,1.114202454544477,0.4251700192479687,0.15025999761877132,0.604474003904134,-0.0045763029479208486,-0.4838336817690376,-0.9254610549419534,-1.1947020864442839,-0.6309695312726828,5,bengalgram,heavy Black Soil
14153,-0.048939319018353855,1.4177413322789671,1.9374894828955906,1.114202454544477,-1.5752171947127527,-0.14830009613722003,0.2973816275439105,0.2409922843338468,-0.4838336817690376,-0.6770620694199346,-1.5271575135124111,-0.6564788745924169,5,bengalgram,heavy Black Soil
14157,-0.048939319018353855,1.4177413322789671,1.4291229942969927,1.114202454544477,-0.6519615575001118,-0.016026636878236508,-0.4191672506299437,-0.4673678462937895,-0.4838336817690376,-1.156117255783828,-0.5181261296038844,-0.8350442778305566,5,bengalgram,heavy Black Soil
14159,-0.048939319018353855,1.4177413322789671,1.9374894828955906,1.114202454544477,-1.2674653156418723,-0.11995578343886643,-0.7262596269901671,0.10431582489816571,-0.4838336817690376,-0.6622764155198144,-0.6522748107015496,-1.0318306405827924,5,bengalgram,heavy Black Soil
14161,-0.048939319018353855,1.4177413322789671,-1.1127094486959972,1.114202454544477,-0.8058374970355525,-0.1369623710578787,-0.1461962494208567,-0.4059055370198383,-0.4838336817690376,-1.1709029096839483,-0.7047677728702012,-0.7949581668995458,5,bengalgram,heavy Black Soil
14163,-0.048939319018353855,1.4177413322789671,1.4291229942969927,1.114202454544477,-1.5752171947127527,-0.3410414224860247,-0.6921382518390313,-0.36998236082319125,-0.4838336817690376,-0.7273332926803431,-0.5414563350121739,-0.860553621150291,5,bengalgram,heavy Black Soil
14167,-0.048939319018353855,1.4177413322789671,-1.1127094486959972,1.114202454544477,-0.19033373889379193,0.021765780052901643,0.33150300269504634,-0.2532320381840879,-0.4838336817690376,-1.0141749783426746,-0.5472888863642464,-0.6419021069811403,5,bengalgram,heavy Black Soil
14169,-0.048939319018353855,1.4177413322789671,1.4291229942969927,1.114202454544477,-1.2674653156418723,0.16159772269811293,0.16089612693936672,-0.05060287244987527,-0.4838336817690376,-0.6948048541000789,-0.9439023783051701,-1.2577705385575813,5,bengalgram,heavy Black Soil
14171,-0.048939319018353855,1.4177413322789671,1.9374894828955906,1.114202454544477,0.11741814017708838,0.11435720153419023,0.1097140642126627,-0.5058168708167632,-0.4838336817690376,-1.0821889862832272,-0.9788976864176047,-1.0500516000968882,5,bengalgram,heavy Black Soil
14173,-0.048939319018353855,1.4177413322789671,-1.1127094486959972,1.114202454544477,-0.19033373889379193,-0.17853402968213047,0.7409595045086778,-0.6220058938277938,-0.4838336817690376,-0.6859334617600066,-1.4804971026958318,-1.1775983166955595,5,bengalgram,heavy Black Soil
14175,-0.048939319018353855,1.4177413322789671,1.4291229942969927,1.114202454544477,-0.49808561796467227,-0.20498872153392728,0.0073499387592553065,-0.6368803339717182,-0.4838336817690376,-0.9195467933819053,-1.3755111783585285,-1.1630215490842828,5,bengalgram,heavy Black Soil
14177,-0.048939319018353855,1.4177413322789671,1.9374894828955906,1.114202454544477,0.5790459587834081,-0.293800901322102,-0.3338638127521039,-0.5905731146557277,-0.4838336817690376,-0.9875608013224582,-1.352180972950239,-0.9881003377489622,5,bengalgram,heavy Black Soil
14179,-0.048939319018353855,1.4177413322789671,-1.1127094486959972,1.114202454544477,-1.729093134248192,-0.010357774338565839,0.7409595045086778,0.27972195867085686,-0.4838336817690376,-0.795347300620896,-1.1597067783318493,-1.1156470543476333,5,bengalgram,heavy Black Soil
14181,-0.048939319018353855,1.4177413322789671,1.4291229942969927,1.114202454544477,0.27129407971252784,0.08790250968239341,-0.7091989394145989,0.21825964939690595,-0.4838336817690376,-1.1856885635840684,-0.5297912323080289,-1.2796356899744965,5,bengalgram,heavy Black Soil
14185,-0.048939319018353855,1.4177413322789671,-1.1127094486959972,1.114202454544477,-0.19033373889379193,-0.033033224497248784,-0.6238955015367591,-0.6200413451295398,-0.4838336817690376,-1.1916028251441166,-1.095548713459053,-1.2650589223632198,5,bengalgram,heavy Black Soil
14187,-0.048939319018353855,1.4177413322789671,1.4291229942969927,1.114202454544477,-1.421341255177312,0.12002606407386089,0.5362312536018617,0.15651669030891865,-0.4838336817690376,-1.2152598713843088,-1.5038273081041216,-0.9844561458461429,5,bengalgram,heavy Black Soil
14193,-0.048939319018353855,1.4177413322789671,1.4291229942969927,1.114202454544477,-0.9597134365709921,-0.1086180583595251,-0.23149968729869652,-0.256038536324451,-0.4838336817690376,-0.9195467933819053,-1.2763578053732976,-0.8350442778305566,5,bengalgram,heavy Black Soil
14195,-0.048939319018353855,1.4177413322789671,1.9374894828955906,1.114202454544477,-1.1135893761064315,0.04255160936502752,-0.23149968729869652,-0.537810949616902,-0.4838336817690376,-1.1235888172035637,-1.3755111783585285,-1.0281864486799732,5,bengalgram,heavy Black Soil
14197,-0.048939319018353855,1.4177413322789671,-1.1127094486959972,1.114202454544477,-1.5752171947127527,-0.2616773469306345,0.2461995648172065,0.28028325829892964,-0.4838336817690376,-0.6356622384995981,-1.1772044323880666,-1.08649351912508,5,bengalgram,heavy Black Soil
14199,-0.048939319018353855,1.4177413322789671,1.4291229942969927,1.114202454544477,-0.49808561796467227,0.06711668037026754,-0.3168031251765363,-0.49094243067283916,-0.4838336817690376,-0.8071758237409921,-0.5122935782518119,-0.6674114503008746,5,bengalgram,heavy Black Soil
14201,-0.048939319018353855,1.4177413322789671,1.9374894828955906,1.114202454544477,-0.19033373889379193,-0.2616773469306345,0.877445005113221,-0.08849059734477656,-0.4838336817690376,-1.1945599559241407,-1.5913155783852078,-1.144800589570187,5,bengalgram,heavy Black Soil
14203,-0.048939319018353855,1.4177413322789671,-1.1127094486959972,1.114202454544477,-0.19033373889379193,-0.30324900555488654,-0.7774416897168711,-0.4325672693532873,-0.4838336817690376,-0.889975485581665,-1.2296973945567182,-1.3015008413914115,5,bengalgram,heavy Black Soil
14205,-0.048939319018353855,1.4177413322789671,1.4291229942969927,1.114202454544477,0.4251700192479687,-0.3315933182532401,-0.6750775642634631,-0.23218330213136498,-0.4838336817690376,-0.7628188620406315,-1.4455017945833974,-1.0901377110278991,5,bengalgram,heavy Black Soil
14207,-0.048939319018353855,1.4177413322789671,1.9374894828955906,1.114202454544477,0.5790459587834081,-0.25600848439096385,0.7068381293575413,-0.3941182448303136,-0.4838336817690376,-0.7007191156601268,-1.497994756752049,-0.9735235701376855,5,bengalgram,heavy Black Soil
14209,-0.048939319018353855,1.4177413322789671,-1.1127094486959972,1.114202454544477,-0.49808561796467227,0.10679871814796249,0.7750808796598135,0.12424196169474348,-0.4838336817690376,-1.1502029942237801,-1.538822616216556,-0.860553621150291,5,bengalgram,heavy Black Soil
14213,-0.048939319018353855,1.4177413322789671,1.9374894828955906,1.114202454544477,-0.036457799358352465,-0.3202555931738985,0.8603843175376533,-0.4286381719567791,-0.4838336817690376,-0.8190043468610881,-0.5414563350121739,-1.0172538729715157,5,bengalgram,heavy Black Soil
14215,-0.048939319018353855,1.4177413322789671,-1.1127094486959972,1.114202454544477,-1.421341255177312,0.08034402629616567,0.22913887724163892,0.0434148152522872,-0.4838336817690376,-0.887018354801641,-0.9497349296572426,-0.8897071563728443,5,bengalgram,heavy Black Soil
14219,-0.048939319018353855,1.4177413322789671,1.9374894828955906,1.114202454544477,-1.5752171947127527,-0.20687834238048408,0.502109878450726,-0.6590516692805863,-0.4838336817690376,-0.9491181011821457,-1.5038273081041216,-0.7402952883572582,5,bengalgram,heavy Black Soil
14223,-0.048939319018353855,1.4177413322789671,1.4291229942969927,1.114202454544477,-0.19033373889379193,-0.0783841248146144,0.5703526287529982,0.04650196320668663,-0.4838336817690376,-0.9195467933819053,-0.4772982701393773,-0.6819882179121513,5,bengalgram,heavy Black Soil
14227,-0.048939319018353855,1.4177413322789671,-1.1127094486959972,1.114202454544477,-0.8058374970355525,-0.22955379253916702,-0.1291355618452885,-0.151356155688909,-0.4838336817690376,-0.7007191156601268,-1.0663859566986909,-1.1083586705419952,5,bengalgram,heavy Black Soil
14229,-0.048939319018353855,1.4177413322789671,1.4291229942969927,1.114202454544477,-0.49808561796467227,-0.3372621807929108,-0.6921382518390313,0.30301589323587014,-0.4838336817690376,-1.2093456098242608,-0.7630932863909253,-0.8350442778305566,5,bengalgram,heavy Black Soil
14231,-0.048939319018353855,1.4177413322789671,1.9374894828955906,1.114202454544477,-0.036457799358352465,-0.11050767920608189,0.46798850329959013,-0.05761911780078292,-0.4838336817690376,-1.058531940043035,-0.856414108024084,-1.1994634681124745,5,bengalgram,heavy Black Soil
14239,-0.048939319018353855,1.4177413322789671,-1.1127094486959972,1.114202454544477,-0.036457799358352465,-0.06893602058182988,0.07559268906152691,0.015911133476729355,-0.4838336817690376,-0.7657759928206557,-1.1888695350922114,-1.0609841758053458,5,bengalgram,heavy Black Soil
14241,-0.048939319018353855,1.4177413322789671,1.4291229942969927,1.114202454544477,-0.9597134365709921,0.09924023476173476,-0.6580168766878955,-0.5366883503607569,-0.4838336817690376,-0.6415765000596461,-0.5414563350121739,-1.312433417099869,5,bengalgram,heavy Black Soil
14243,-0.048939319018353855,1.4177413322789671,1.9374894828955906,1.114202454544477,-0.9597134365709921,-0.0783841248146144,0.8092022548109493,-0.4030990388794752,-0.4838336817690376,-0.6593192847397903,-1.2005346377963562,-0.904283923984121,5,bengalgram,heavy Black Soil
14245,-0.048939319018353855,1.4177413322789671,-1.1127094486959972,1.114202454544477,0.5790459587834081,0.07467516375649501,0.16089612693936672,-0.2344285006436556,-0.4838336817690376,-0.638619369279622,-1.4046739351188906,-0.9917445296517814,5,bengalgram,heavy Black Soil
14247,-0.048939319018353855,1.4177413322789671,1.4291229942969927,1.114202454544477,-0.9597134365709921,0.180493931163682,0.7238988169331095,-0.08736799808863108,-0.4838336817690376,-0.8485756546613284,-0.5472888863642464,-0.8386884697333759,5,bengalgram,heavy Black Soil
14249,-0.048939319018353855,1.4177413322789671,1.9374894828955906,1.114202454544477,-1.421341255177312,0.19372127708958015,0.31444231511947873,-0.08203565162194133,-0.4838336817690376,-0.9550323627421938,-1.2938554594295149,-0.9334374592066745,5,bengalgram,heavy Black Soil
14251,-0.048939319018353855,1.4177413322789671,-1.1127094486959972,1.114202454544477,-1.729093134248192,-0.3240348348670124,-0.1973783121475601,0.08916073494020525,-0.4838336817690376,-0.8781469624615689,-1.11304636751527,-0.6710556422036936,5,bengalgram,heavy Black Soil
14253,-0.048939319018353855,1.4177413322789671,1.4291229942969927,1.114202454544477,-1.1135893761064315,-0.016026636878236508,0.1097140642126627,-0.24621579283318026,-0.4838336817690376,-1.1117602940834674,-1.5621528216248457,-1.1120028624448142,5,bengalgram,heavy Black Soil
14257,-0.048939319018353855,1.4177413322789671,-1.1127094486959972,1.114202454544477,-1.5752171947127527,-0.11617654174575257,0.604474003904134,-0.22937680399100194,-0.4838336817690376,-0.889975485581665,-0.5297912323080289,-0.8787745806643869,5,bengalgram,heavy Black Soil
14259,-0.048939319018353855,1.4177413322789671,1.4291229942969927,1.114202454544477,-0.036457799358352465,0.1653769643912265,-0.23149968729869652,-0.06070626575518202,-0.4838336817690376,-0.9934750628825062,-0.7514281836867808,-1.268703114266039,5,bengalgram,heavy Black Soil
14261,-0.048939319018353855,1.4177413322789671,1.9374894828955906,1.114202454544477,-0.8058374970355525,-0.08972184989395601,-0.6750775642634631,-0.5959054611224175,-0.4838336817690376,-0.7835187775007999,-1.1363765729235598,-1.1120028624448142,5,bengalgram,heavy Black Soil
14269,-0.048939319018353855,1.4177413322789671,-1.1127094486959972,1.114202454544477,0.4251700192479687,-0.1388519919044355,-0.18031762457199252,0.1604457877054269,-0.4838336817690376,-1.0792318555032032,-0.6406097079974047,-1.1848867005011978,5,bengalgram,heavy Black Soil
14271,-0.048939319018353855,1.4177413322789671,1.4291229942969927,1.114202454544477,0.4251700192479687,-0.293800901322102,0.21207818966607073,0.13378405537197782,-0.4838336817690376,-1.1058460325234196,-1.1772044323880666,-1.0901377110278991,5,bengalgram,heavy Black Soil
14273,-0.048939319018353855,1.4177413322789671,1.9374894828955906,1.114202454544477,-0.9597134365709921,0.033103505132242986,-0.3338638127521039,-0.42162192660587144,-0.4838336817690376,-0.9727751474223381,-1.538822616216556,-0.9735235701376855,5,bengalgram,heavy Black Soil
14277,-0.048939319018353855,1.4177413322789671,1.4291229942969927,1.114202454544477,-1.729093134248192,-0.13129350851820776,-0.4703493133566477,-0.5768212737679488,-0.4838336817690376,-1.0171321091226986,-1.2646927026691528,-1.312433417099869,5,bengalgram,heavy Black Soil
14279,-0.048939319018353855,1.4177413322789671,1.9374894828955906,1.114202454544477,0.11741814017708838,-0.051929432962817865,0.6385953790552698,-0.13760431480113008,-0.4838336817690376,-1.1886456943640924,-1.4338366918792524,-1.2504821547519431,5,bengalgram,heavy Black Soil
14281,-0.048939319018353855,1.4177413322789671,-1.1127094486959972,1.114202454544477,-1.1135893761064315,0.16348734354466973,0.12677475178823092,-0.1900858300259191,-0.4838336817690376,-0.9875608013224582,-1.4571668972875422,-1.1338680138617294,5,bengalgram,heavy Black Soil
14283,-0.048939319018353855,1.4177413322789671,1.4291229942969927,1.114202454544477,-1.1135893761064315,-0.014137016031679708,-0.1973783121475601,-0.16230149843632488,-0.4838336817690376,-0.6918477233200547,-1.0313906485862563,-0.7439394802600772,5,bengalgram,heavy Black Soil
14285,-0.048939319018353855,1.4177413322789671,1.9374894828955906,1.114202454544477,-0.6519615575001118,0.1691562060843404,0.43386712814845435,-0.06575796240783573,-0.4838336817690376,-1.2123027406042848,-0.5881167458287531,-1.126579630056091,5,bengalgram,heavy Black Soil
14287,-0.048939319018353855,1.4177413322789671,-1.1127094486959972,1.114202454544477,-0.9597134365709921,0.17104582693089745,-0.2144389997231283,-0.2551965868823422,-0.4838336817690376,-0.8692755701214968,-1.2588601513170803,-1.3197218009055074,5,bengalgram,heavy Black Soil
14289,-0.048939319018353855,1.4177413322789671,1.4291229942969927,1.114202454544477,-0.036457799358352465,0.14459113507910065,-0.3338638127521039,-0.2130991147768963,-0.4838336817690376,-1.0792318555032032,-1.6321434378497146,-1.1047144786391758,5,bengalgram,heavy Black Soil
14291,-0.048939319018353855,1.4177413322789671,1.9374894828955906,1.114202454544477,-1.5752171947127527,-0.0027992909523381015,0.7409595045086778,0.039485717855778986,-0.4838336817690376,-1.0733175939431552,-0.6697724647577666,-0.8532652373446525,5,bengalgram,heavy Black Soil
14293,-0.048939319018353855,1.4177413322789671,-1.1127094486959972,1.114202454544477,-1.421341255177312,0.014207296666673907,0.05853200148595931,-0.06828381073416241,-0.4838336817690376,-0.9550323627421938,-1.2121997405005012,-0.6200369555642251,5,bengalgram,heavy Black Soil
14297,-0.048939319018353855,1.4177413322789671,1.9374894828955906,1.114202454544477,-1.421341255177312,-0.16341706290967525,0.6385953790552698,0.118348315599981,-0.4838336817690376,-0.8751898316815447,-1.5504877189207007,-1.0391190243884307,5,bengalgram,heavy Black Soil
14299,-0.048939319018353855,1.4177413322789671,-1.1127094486959972,1.114202454544477,-0.9597134365709921,-0.2786839345496468,-0.1973783121475601,-0.45894835187270033,-0.4838336817690376,-0.978689408982386,-0.7106003242222737,-0.8277558940249184,5,bengalgram,heavy Black Soil
14303,-0.048939319018353855,1.4177413322789671,1.9374894828955906,1.114202454544477,0.11741814017708838,0.025545021746015514,0.7238988169331095,0.2954383482568901,-0.4838336817690376,-0.9905179321024823,-1.2705252540212253,-1.1848867005011978,5,bengalgram,heavy Black Soil
14305,-0.048939319018353855,1.4177413322789671,-1.1127094486959972,1.114202454544477,-0.9597134365709921,-0.2730150720099758,0.1438354393637991,-0.3391108812791976,-0.4838336817690376,-0.9225039241619294,-1.11304636751527,-1.0609841758053458,5,bengalgram,heavy Black Soil
14307,-0.048939319018353855,1.4177413322789671,1.4291229942969927,1.114202454544477,-0.3442096784292314,-0.18042365052868753,0.8262629423865175,-0.25295138837005154,-0.4838336817690376,-0.8367471315412324,-1.2121997405005012,-0.9079281158869403,5,bengalgram,heavy Black Soil
14309,-0.048939319018353855,1.4177413322789671,1.9374894828955906,1.114202454544477,-1.5752171947127527,-0.3259244557135695,0.1950175020905025,-0.518446112448397,-0.4838336817690376,-1.2034313482642127,-0.868079210728229,-0.882418772567206,5,bengalgram,heavy Black Soil
14311,-0.048939319018353855,1.4177413322789671,-1.1127094486959972,1.114202454544477,-1.729093134248192,-0.19176137560802886,-0.3850458754788079,0.22499524493377723,-0.4838336817690376,-1.1413316018837079,-1.3288507675419494,-0.8277558940249184,5,bengalgram,heavy Black Soil
14313,-0.048939319018353855,1.4177413322789671,1.4291229942969927,1.114202454544477,-0.9597134365709921,0.03877236767191392,0.2973816275439105,0.2179789995828696,-0.4838336817690376,-0.7125476387802229,-0.6931026701660566,-1.330654376613965,5,bengalgram,heavy Black Soil
14315,-0.048939319018353855,1.4177413322789671,1.9374894828955906,1.114202454544477,-0.19033373889379193,-0.1388519919044355,0.1097140642126627,-0.35398532142312167,-0.4838336817690376,-1.1531601250038042,-1.142209124275632,-1.2031076600152937,5,bengalgram,heavy Black Soil
14317,-0.048939319018353855,1.4177413322789671,-1.1127094486959972,1.114202454544477,-1.421341255177312,0.0727855429099382,-0.2485603748742641,-0.5414593971993742,-0.4838336817690376,-0.7569046004805834,-0.6231120539411876,-0.7694488235798115,5,bengalgram,heavy Black Soil
14319,-0.048939319018353855,1.4177413322789671,1.4291229942969927,1.114202454544477,0.27129407971252784,-0.22577455084605316,0.46798850329959013,0.002159292588950429,-0.4838336817690376,-0.8544899162213766,-0.9497349296572426,-1.334298568516784,5,bengalgram,heavy Black Soil
14321,-0.048939319018353855,1.4177413322789671,1.9374894828955906,1.114202454544477,0.27129407971252784,0.1219156849204177,-0.23149968729869652,-0.22909615417696555,-0.4838336817690376,-1.0319177630228187,-0.6872701188139841,-0.9225048834982169,5,bengalgram,heavy Black Soil
14323,-0.048939319018353855,1.4177413322789671,-1.1127094486959972,1.114202454544477,-1.2674653156418723,-0.28435279708931743,0.655656066630838,-0.5439852455257009,-0.4838336817690376,-0.8367471315412324,-0.7689258377429978,-1.2869240737801348,5,bengalgram,heavy Black Soil
14325,-0.048939319018353855,1.4177413322789671,1.4291229942969927,1.114202454544477,-0.49808561796467227,0.0614478178305966,-0.3338638127521039,-0.026466988442752897,-0.4838336817690376,-0.9313753165020016,-0.7047677728702012,-0.7658046316769923,5,bengalgram,heavy Black Soil
14327,-0.048939319018353855,1.4177413322789671,1.9374894828955906,1.114202454544477,-0.49808561796467227,0.0727855429099382,0.877445005113221,-0.6189187458733947,-0.4838336817690376,-0.9668608858622899,-1.4046739351188906,-0.7512278640657156,5,bengalgram,heavy Black Soil
14329,-0.048939319018353855,1.4177413322789671,-1.1127094486959972,1.114202454544477,-1.1135893761064315,-0.06893602058182988,0.2973816275439105,-0.4443545615428123,-0.4838336817690376,-0.7776045159407518,-1.3755111783585285,-1.1083586705419952,5,bengalgram,heavy Black Soil
14331,-0.048939319018353855,1.4177413322789671,1.4291229942969927,1.114202454544477,-0.19033373889379193,0.004759192433889368,0.7921415672353811,-0.08933254678688535,-0.4838336817690376,-1.0437462861429148,-1.1480416756277045,-1.305145033294231,5,bengalgram,heavy Black Soil
14333,-0.048939319018353855,1.4177413322789671,1.9374894828955906,1.114202454544477,-0.3442096784292314,-0.0613775371956024,0.17795681451493492,-0.1061715356290637,-0.4838336817690376,-0.892932616361689,-1.5913155783852078,-1.126579630056091,5,bengalgram,heavy Black Soil
14335,-0.048939319018353855,1.4177413322789671,-1.1127094486959972,1.114202454544477,0.27129407971252784,-0.35048952671880923,-0.1973783121475601,-0.6472643770910613,-0.4838336817690376,-0.8071758237409921,-0.5939492971808256,-1.3270101847111457,5,bengalgram,heavy Black Soil
14341,-0.048939319018353855,1.4177413322789671,-1.1127094486959972,1.114202454544477,-0.49808561796467227,-0.09916995412674055,-0.7262596269901671,0.00047539370473253,-0.4838336817690376,-0.7657759928206557,-0.6931026701660566,-1.330654376613965,5,bengalgram,heavy Black Soil
14343,-0.048939319018353855,1.4177413322789671,1.4291229942969927,1.114202454544477,-1.2674653156418723,-0.09350109158706961,-0.3168031251765363,0.15062304421415618,-0.4838336817690376,-0.7716902543807036,-0.9963953404738217,-1.0755609434166225,5,bengalgram,heavy Black Soil
14345,-0.048939319018353855,1.4177413322789671,1.9374894828955906,1.114202454544477,-1.1135893761064315,-0.0613775371956024,-0.7945023772924388,-0.39692474297067665,-0.4838336817690376,-0.6888905925400307,-1.626310886497642,-1.144800589570187,5,bengalgram,heavy Black Soil
14347,-0.048939319018353855,1.4177413322789671,-1.1127094486959972,1.114202454544477,0.27129407971252784,-0.2465603801581793,0.8092022548109493,0.1264871602070338,-0.4838336817690376,-0.718461900340271,-1.2005346377963562,-0.9698793782348663,5,bengalgram,heavy Black Soil
14351,-0.048939319018353855,1.4177413322789671,1.9374894828955906,1.114202454544477,-1.5752171947127527,-0.2730150720099758,0.3485636902706145,-0.6469837272770252,-0.4838336817690376,-0.889975485581665,-0.7864234917992149,-1.2942124575857732,5,bengalgram,heavy Black Soil
14353,-0.048939319018353855,1.4177413322789671,-1.1127094486959972,1.114202454544477,-0.9597134365709921,-0.29569052216865876,-0.1291355618452885,0.2665314174111504,-0.4838336817690376,-0.9343324472820255,-0.9788976864176047,-0.7767372073854499,5,bengalgram,heavy Black Soil
14355,-0.048939319018353855,1.4177413322789671,1.4291229942969927,1.114202454544477,0.11741814017708838,-0.0027992909523381015,0.655656066630838,-0.3562305199354123,-0.4838336817690376,-0.6356622384995981,-1.013892994530039,-0.9334374592066745,5,bengalgram,heavy Black Soil
14361,-0.048939319018353855,1.4177413322789671,1.4291229942969927,1.114202454544477,-0.9597134365709921,0.05011009275125526,-0.18031762457199252,0.0970189297332217,-0.4838336817690376,-0.6741049386399105,-0.7397630809826358,-0.6892766017177895,5,bengalgram,heavy Black Soil
14367,-0.048939319018353855,1.4177413322789671,1.4291229942969927,1.114202454544477,-1.2674653156418723,-0.25411886354440677,0.17795681451493492,-0.6492289257893156,-0.4838336817690376,-0.8781469624615689,-0.6581073620536221,-1.1520889733758253,5,bengalgram,heavy Black Soil
14369,-0.048939319018353855,1.4177413322789671,1.9374894828955906,1.114202454544477,0.4251700192479687,0.04066198851847072,0.4168064405728861,-0.6082540529400149,-0.4838336817690376,-0.8456185238813044,-1.6029806810893525,-0.7986023588023649,5,bengalgram,heavy Black Soil
14371,-0.048939319018353855,1.4177413322789671,-1.1127094486959972,1.114202454544477,-0.6519615575001118,0.0614478178305966,0.7750808796598135,-0.05733846798674654,-0.4838336817690376,-1.1916028251441166,-1.2121997405005012,-0.9917445296517814,5,bengalgram,heavy Black Soil
14373,-0.048939319018353855,1.4177413322789671,1.4291229942969927,1.114202454544477,-0.9597134365709921,0.17293544777745426,-0.7774416897168711,0.18738816985291232,-0.4838336817690376,-0.9372895780620495,-1.3580135243023115,-1.2978566494885924,5,bengalgram,heavy Black Soil
14377,-0.048939319018353855,1.4177413322789671,-1.1127094486959972,1.114202454544477,-1.2674653156418723,0.08601288883583662,-0.1461962494208567,0.30357719286394286,-0.4838336817690376,-1.1679457789039243,-0.570619091772536,-0.6564788745924169,5,bengalgram,heavy Black Soil
14381,-0.048939319018353855,1.4177413322789671,1.9374894828955906,1.114202454544477,-1.5752171947127527,-0.15018971698377684,0.8433236299620851,-0.20439897054177075,-0.4838336817690376,-0.7864759082808237,-1.1480416756277045,-1.2978566494885924,5,bengalgram,heavy Black Soil
14383,-0.048939319018353855,1.4177413322789671,-1.1127094486959972,1.114202454544477,0.4251700192479687,-0.310807488941114,-0.23149968729869652,-0.30964265080538544,-0.4838336817690376,-1.0023464552225785,-0.5881167458287531,-0.6637672583980554,5,bengalgram,heavy Black Soil
14385,-0.048939319018353855,1.4177413322789671,1.4291229942969927,1.114202454544477,-1.2674653156418723,-0.2616773469306345,0.46798850329959013,-0.28578741661229945,-0.4838336817690376,-0.7391618158004394,-1.0488883026424736,-0.6163927636614059,5,bengalgram,heavy Black Soil
14387,-0.048939319018353855,1.4177413322789671,1.9374894828955906,1.114202454544477,-0.9597134365709921,-0.25033962185129316,0.07559268906152691,-0.30992330061942186,-0.4838336817690376,-1.0999317709633714,-1.2005346377963562,-0.9990329134574197,5,bengalgram,heavy Black Soil
14389,-0.048939319018353855,1.4177413322789671,-1.1127094486959972,1.114202454544477,-0.036457799358352465,-0.3429310433325815,-0.5044706885077835,-0.0026117542496668987,-0.4838336817690376,-1.2123027406042848,-0.6464422593494771,-0.6564788745924169,5,bengalgram,heavy Black Soil
14391,-0.048939319018353855,1.4177413322789671,1.4291229942969927,1.114202454544477,-0.19033373889379193,0.008538434127003237,-0.2826817500253999,0.015911133476729355,-0.4838336817690376,-0.7036762464401508,-1.183036983740139,-1.2905682656829538,5,bengalgram,heavy Black Soil
14393,-0.048939319018353855,1.4177413322789671,1.9374894828955906,1.114202454544477,-1.1135893761064315,0.029324263439129382,0.48504919087515835,-0.42414777493219813,-0.4838336817690376,-0.8958897471417131,-1.171371881035994,-0.7767372073854499,5,bengalgram,heavy Black Soil
14395,-0.048939319018353855,1.4177413322789671,-1.1127094486959972,1.114202454544477,-0.036457799358352465,0.11435720153419023,-0.5727134388100558,-0.37054366045126397,-0.4838336817690376,-1.1088031633034436,-0.9380698269530977,-0.6528346826895977,5,bengalgram,heavy Black Soil
14397,-0.048939319018353855,1.4177413322789671,1.4291229942969927,1.114202454544477,-0.3442096784292314,0.019876159206344845,-0.2144389997231283,0.13378405537197782,-0.4838336817690376,-0.6800192001999587,-0.7164328755743462,-1.0099654891658774,5,bengalgram,heavy Black Soil
14399,-0.048939319018353855,1.4177413322789671,1.9374894828955906,1.114202454544477,0.4251700192479687,-0.13129350851820776,0.3485636902706145,-0.256038536324451,-0.4838336817690376,-0.6652335462998384,-1.2763578053732976,-0.7913139749967266,5,bengalgram,heavy Black Soil
14401,-0.048939319018353855,1.4177413322789671,-1.1127094486959972,1.114202454544477,0.27129407971252784,0.057668576137482996,0.604474003904134,-0.28578741661229945,-0.4838336817690376,-1.061489070823059,-1.1072138161631977,-1.2359053871406662,5,bengalgram,heavy Black Soil
14403,-0.048939319018353855,1.4177413322789671,1.4291229942969927,1.114202454544477,-0.49808561796467227,-0.10672843751296802,0.5874133163285657,0.13013560778950597,-0.4838336817690376,-0.79830443140092,-1.468831999991687,-0.900639732081302,5,bengalgram,heavy Black Soil
14405,-0.048939319018353855,1.4177413322789671,1.9374894828955906,1.114202454544477,0.4251700192479687,-0.033033224497248784,-0.5044706885077835,-0.39467954445838604,-0.4838336817690376,-0.8751898316815447,-0.5006284755476669,-1.0573399839025266,5,bengalgram,heavy Black Soil
14407,-0.048939319018353855,1.4177413322789671,-1.1127094486959972,1.114202454544477,-0.8058374970355525,0.15403923931188518,-0.009710748816312897,-0.4233058254900893,-0.4838336817690376,-0.9934750628825062,-1.4863296540479043,-1.210396043820932,5,bengalgram,heavy Black Soil
14409,-0.048939319018353855,1.4177413322789671,1.4291229942969927,1.114202454544477,-0.3442096784292314,-0.14452085444410617,0.3485636902706145,-0.16566929620476067,-0.4838336817690376,-0.9136325318218573,-0.7980885945033599,-0.6819882179121513,5,bengalgram,heavy Black Soil
14411,-0.048939319018353855,1.4177413322789671,1.9374894828955906,1.114202454544477,0.5790459587834081,-0.08972184989395601,0.024410626334822903,-0.26642257944379444,-0.4838336817690376,-0.7746473851607276,-1.5621528216248457,-0.8751303887615676,5,bengalgram,heavy Black Soil
14413,-0.048939319018353855,1.4177413322789671,-1.1127094486959972,1.114202454544477,-0.49808561796467227,-0.1860925130683582,0.4509278157240219,-0.16510799657668795,-0.4838336817690376,-1.1324602095436358,-1.3171856648378044,-1.1484447814730059,5,bengalgram,heavy Black Soil
14415,-0.048939319018353855,1.4177413322789671,1.4291229942969927,1.114202454544477,-0.3442096784292314,-0.2881320387824313,0.28032093996834234,-0.05088352226391132,-0.4838336817690376,-0.7302904234603671,-0.9905627891217494,-1.1630215490842828,5,bengalgram,heavy Black Soil
14417,-0.048939319018353855,1.4177413322789671,1.9374894828955906,1.114202454544477,-0.49808561796467227,-0.08594260820084215,0.4509278157240219,-0.3652113139845739,-0.4838336817690376,-0.6474907616196942,-1.626310886497642,-0.7949581668995458,5,bengalgram,heavy Black Soil
14421,-0.048939319018353855,1.4177413322789671,1.4291229942969927,1.114202454544477,-0.19033373889379193,-0.35426876841192306,-0.3850458754788079,-0.23274460175943773,-0.4838336817690376,-0.8958897471417131,-1.0197255458821115,-1.0500516000968882,5,bengalgram,heavy Black Soil
14425,-0.048939319018353855,1.4177413322789671,-1.1127094486959972,1.114202454544477,-1.421341255177312,0.002869571587332568,-0.4362279382055119,-0.6483869763472068,-0.4838336817690376,-1.1324602095436358,-1.5796504756810628,-0.9261490754010362,5,bengalgram,heavy Black Soil
14429,-0.048939319018353855,1.4177413322789671,1.9374894828955906,1.114202454544477,0.11741814017708838,-0.2201056883063825,0.4509278157240219,-0.39973124111103975,-0.4838336817690376,-0.7805616467207758,-1.398841383766818,-1.0281864486799732,5,bengalgram,heavy Black Soil
14431,-0.048939319018353855,1.4177413322789671,-1.1127094486959972,1.114202454544477,-0.49808561796467227,-0.08972184989395601,0.7921415672353811,0.29066730141827274,-0.4838336817690376,-1.1916028251441166,-0.7864234917992149,-1.0536957919997074,5,bengalgram,heavy Black Soil
14433,-0.048939319018353855,1.4177413322789671,1.4291229942969927,1.114202454544477,0.5790459587834081,-0.2749046928565329,-0.35092450032767214,-0.3396721809072703,-0.4838336817690376,-0.9165896626018815,-0.8214187999116495,-0.6419021069811403,5,bengalgram,heavy Black Soil
14435,-0.048939319018353855,1.4177413322789671,1.9374894828955906,1.114202454544477,-0.49808561796467227,0.16348734354466973,-0.7603810021413029,0.11077077062100062,-0.4838336817690376,-1.1472458634437561,-1.3171856648378044,-1.04276321629125,5,bengalgram,heavy Black Soil
14439,-0.048939319018353855,1.4177413322789671,1.4291229942969927,1.114202454544477,-0.3442096784292314,0.15214961846532837,-0.3679851879032397,0.206472357207381,-0.4838336817690376,-0.7569046004805834,-1.013892994530039,-0.9480142268179512,5,bengalgram,heavy Black Soil
14441,-0.048939319018353855,1.4177413322789671,1.9374894828955906,1.114202454544477,-1.5752171947127527,0.09168175137550728,-0.4874100009322159,-0.19148907909610063,-0.4838336817690376,-0.709590508000199,-0.9147396215448081,-0.7002091774262471,5,bengalgram,heavy Black Soil
14447,-0.048939319018353855,1.4177413322789671,1.9374894828955906,1.114202454544477,0.11741814017708838,-0.07649450396805761,-0.09501418669415271,-0.5159202641220703,-0.4838336817690376,-0.9136325318218573,-0.827251351263722,-0.7002091774262471,5,bengalgram,heavy Black Soil
14449,-0.048939319018353855,1.4177413322789671,-1.1127094486959972,1.114202454544477,-0.6519615575001118,0.19183165624302334,0.877445005113221,0.0246112777118549,-0.4838336817690376,-0.8633613085614487,-1.5563202702727732,-1.334298568516784,5,bengalgram,heavy Black Soil
14451,-0.048939319018353855,1.4177413322789671,1.4291229942969927,1.114202454544477,-0.49808561796467227,-0.09161147074051282,-0.6921382518390313,-0.14209471182571073,-0.4838336817690376,-1.1856885635840684,-0.6172795025891151,-0.7548720559685348,5,bengalgram,heavy Black Soil
14453,-0.048939319018353855,1.4177413322789671,1.9374894828955906,1.114202454544477,0.5790459587834081,-0.051929432962817865,-0.6580168766878955,-0.05088352226391132,-0.4838336817690376,-1.0910603786232993,-1.4746645513437595,-0.6091043798557677,5,bengalgram,heavy Black Soil
14455,-0.048939319018353855,1.4177413322789671,-1.1127094486959972,1.114202454544477,-1.1135893761064315,-0.09161147074051282,0.05853200148595931,0.2432374828461371,-0.4838336817690376,-1.0881032478432753,-1.5329900648644836,-0.9589468025264087,5,bengalgram,heavy Black Soil
14457,-0.048939319018353855,1.4177413322789671,1.4291229942969927,1.114202454544477,-0.036457799358352465,-0.3278140765601263,-0.5215313760833518,0.08859943531213252,-0.4838336817690376,-0.8308328699811842,-1.2121997405005012,-0.8459768535390143,5,bengalgram,heavy Black Soil
14459,-0.048939319018353855,1.4177413322789671,1.9374894828955906,1.114202454544477,-1.5752171947127527,-0.031143603650691715,0.2461995648172065,-0.47859383885524176,-0.4838336817690376,-0.8958897471417131,-1.381343729710601,-1.3015008413914115,5,bengalgram,heavy Black Soil
14461,-0.048939319018353855,1.4177413322789671,-1.1127094486959972,1.114202454544477,-1.2674653156418723,0.05011009275125526,-0.7774416897168711,-0.19654077574875434,-0.4838336817690376,-0.6800192001999587,-1.1363765729235598,-0.860553621150291,5,bengalgram,heavy Black Soil
14463,-0.048939319018353855,1.4177413322789671,1.4291229942969927,1.114202454544477,-1.2674653156418723,-0.23900189677195155,-0.7262596269901671,-0.5571757867854074,-0.4838336817690376,-1.1531601250038042,-1.6379759892017869,-1.1338680138617294,5,bengalgram,heavy Black Soil
14465,-0.048939319018353855,1.4177413322789671,1.9374894828955906,1.114202454544477,-0.036457799358352465,0.16348734354466973,-0.7603810021413029,-0.08343890069212287,-0.4838336817690376,-1.0792318555032032,-1.5621528216248457,-0.6601230664952361,5,bengalgram,heavy Black Soil
14467,-0.048939319018353855,1.4177413322789671,-1.1127094486959972,1.114202454544477,-0.19033373889379193,-0.0027992909523381015,-0.3168031251765363,-0.3464077764441416,-0.4838336817690376,-1.1945599559241407,-0.8097536972075049,-1.246837962849124,5,bengalgram,heavy Black Soil
14469,-0.048939319018353855,1.4177413322789671,1.4291229942969927,1.114202454544477,-0.19033373889379193,0.1691562060843404,0.12677475178823092,-0.5849601183750016,-0.4838336817690376,-0.9136325318218573,-0.868079210728229,-0.7986023588023649,5,bengalgram,heavy Black Soil
14471,-0.048939319018353855,1.4177413322789671,1.9374894828955906,1.114202454544477,-0.036457799358352465,0.017986538359787776,-0.6580168766878955,-0.13283326796251277,-0.4838336817690376,-1.1295030787636118,-0.5414563350121739,-0.7220743288431622,5,bengalgram,heavy Black Soil
14473,-0.048939319018353855,1.4177413322789671,-1.1127094486959972,1.114202454544477,0.11741814017708838,0.1086883389945193,0.2461995648172065,-0.24509319357703513,-0.4838336817690376,-0.8544899162213766,-1.2646927026691528,-1.2614147304604006,5,bengalgram,heavy Black Soil
14475,-0.048939319018353855,1.4177413322789671,1.4291229942969927,1.114202454544477,-1.5752171947127527,-0.09539071243362668,-0.6921382518390313,-0.609096002382124,-0.4838336817690376,-0.6948048541000789,-1.095548713459053,-1.188530892404017,5,bengalgram,heavy Black Soil
14477,-0.048939319018353855,1.4177413322789671,1.9374894828955906,1.114202454544477,-1.729093134248192,-0.09161147074051282,-0.1973783121475601,0.060253804094465555,-0.4838336817690376,-0.7569046004805834,-0.9672325837134597,-1.13022382195891,5,bengalgram,heavy Black Soil
14479,-0.048939319018353855,1.4177413322789671,-1.1127094486959972,1.114202454544477,-0.3442096784292314,-0.25033962185129316,-0.5556527512344875,-0.28775196531055375,-0.4838336817690376,-0.887018354801641,-1.3463484215981665,-1.0318306405827924,5,bengalgram,heavy Black Soil
14481,-0.048939319018353855,1.4177413322789671,1.4291229942969927,1.114202454544477,-0.036457799358352465,0.08979213052895021,0.6727167542064055,-0.6029217064733251,-0.4838336817690376,-1.1975170867041647,-1.1305440215714873,-0.6674114503008746,5,bengalgram,heavy Black Soil
14483,-0.048939319018353855,1.4177413322789671,1.9374894828955906,1.114202454544477,-0.9597134365709921,0.09735061391517795,0.8092022548109493,-0.13311391777654913,-0.4838336817690376,-0.7776045159407518,-0.815586248559577,-1.2650589223632198,5,bengalgram,heavy Black Soil
14487,-0.048939319018353855,1.4177413322789671,1.4291229942969927,1.114202454544477,-0.8058374970355525,-0.36560649349126445,-0.18031762457199252,-0.4047829377636931,-0.4838336817690376,-0.8012615621809439,-1.5038273081041216,-0.6710556422036936,5,bengalgram,heavy Black Soil
14491,-0.048939319018353855,1.4177413322789671,-1.1127094486959972,1.114202454544477,0.11741814017708838,-0.1388519919044355,-0.6921382518390313,-0.10813608432731797,-0.4838336817690376,-0.978689408982386,-0.7280979782784908,-0.9261490754010362,5,bengalgram,heavy Black Soil
14495,-0.048939319018353855,1.4177413322789671,1.9374894828955906,1.114202454544477,-0.036457799358352465,-0.010357774338565839,-0.6409561891123273,-0.46428069833939006,-0.4838336817690376,-1.2123027406042848,-1.3580135243023115,-1.1338680138617294,5,bengalgram,heavy Black Soil
14497,-0.048939319018353855,1.4177413322789671,-1.1127094486959972,1.114202454544477,-1.2674653156418723,-0.35993763095159376,-0.6580168766878955,-0.015521645695337033,-0.4838336817690376,-0.6652335462998384,-1.439669243231325,-0.8204675102192799,5,bengalgram,heavy Black Soil
14499,-0.048939319018353855,1.4177413322789671,1.4291229942969927,1.114202454544477,-1.1135893761064315,0.014207296666673907,-0.1973783121475601,-0.20888936756635174,-0.4838336817690376,-0.9905179321024823,-0.6464422593494771,-0.7475836721628963,5,bengalgram,heavy Black Soil
14501,-0.048939319018353855,1.4177413322789671,1.9374894828955906,1.114202454544477,-1.2674653156418723,-0.23711227592539477,0.28032093996834234,0.20927885534774404,-0.4838336817690376,-1.0289606322427947,-1.3463484215981665,-1.2905682656829538,5,bengalgram,heavy Black Soil
14503,-0.048939319018353855,1.4177413322789671,-1.1127094486959972,1.114202454544477,-0.19033373889379193,-0.17475478798901686,-0.35092450032767214,0.2575506233619888,-0.4838336817690376,-1.0792318555032032,-1.4863296540479043,-1.2650589223632198,5,bengalgram,heavy Black Soil
14505,-0.048939319018353855,1.4177413322789671,1.4291229942969927,1.114202454544477,-0.6519615575001118,-0.05570867465593146,-0.6580168766878955,-0.1235718240993148,-0.4838336817690376,-0.7569046004805834,-0.7222654269264187,-0.944370034915132,5,bengalgram,heavy Black Soil
14507,-0.048939319018353855,1.4177413322789671,1.9374894828955906,1.114202454544477,-0.6519615575001118,-0.2749046928565329,0.12677475178823092,-0.6525967235577513,-0.4838336817690376,-1.1176745556435157,-1.4863296540479043,-0.9589468025264087,5,bengalgram,heavy Black Soil
14509,-0.048939319018353855,1.4177413322789671,-1.1127094486959972,1.114202454544477,-0.9597134365709921,-0.17286516714245978,-0.4703493133566477,-0.1836308843030842,-0.4838336817690376,-0.9905179321024823,-1.1013812648111252,-0.8496210454418335,5,bengalgram,heavy Black Soil
14511,-0.048939319018353855,1.4177413322789671,1.4291229942969927,1.114202454544477,-0.49808561796467227,0.1351430308463161,-0.1291355618452885,-0.5956248113083811,-0.4838336817690376,-0.9491181011821457,-1.5213249621603386,-1.228617003335028,5,bengalgram,heavy Black Soil
14513,-0.048939319018353855,1.4177413322789671,1.9374894828955906,1.114202454544477,-0.036457799358352465,-0.24089151761850863,-0.3679851879032397,-0.030676735653297486,-0.4838336817690376,-0.8722327009015209,-1.5796504756810628,-0.8204675102192799,5,bengalgram,heavy Black Soil
14517,-0.048939319018353855,1.4177413322789671,1.4291229942969927,1.114202454544477,-1.5752171947127527,-0.20876796322704114,-0.3338638127521039,0.3150838352394315,-0.4838336817690376,-0.8544899162213766,-1.5271575135124111,-1.166665740987102,5,bengalgram,heavy Black Soil
14519,-0.048939319018353855,1.4177413322789671,1.9374894828955906,1.114202454544477,-0.8058374970355525,-0.17286516714245978,0.17795681451493492,-0.5220945600308692,-0.4838336817690376,-0.9905179321024823,-0.9439023783051701,-0.6929207936206087,5,bengalgram,heavy Black Soil
14521,-0.048939319018353855,1.4177413322789671,-1.1127094486959972,1.114202454544477,-1.421341255177312,0.05199971359781206,-0.6409561891123273,-0.4508095072656472,-0.4838336817690376,-0.8012615621809439,-0.7222654269264187,-0.7074975612318853,5,bengalgram,heavy Black Soil
14523,-0.048939319018353855,1.4177413322789671,1.4291229942969927,1.114202454544477,-1.729093134248192,0.10679871814796249,0.1950175020905025,-0.36465001435650146,-0.4838336817690376,-0.8722327009015209,-1.0197255458821115,-1.3270101847111457,5,bengalgram,heavy Black Soil
14525,-0.048939319018353855,1.4177413322789671,1.9374894828955906,1.114202454544477,-0.9597134365709921,-0.2730150720099758,-0.026771436391880492,-0.46428069833939006,-0.4838336817690376,-0.7362046850204153,-0.6989352215181287,-0.7184301369403431,5,bengalgram,heavy Black Soil
14527,-0.048939319018353855,1.4177413322789671,-1.1127094486959972,1.114202454544477,0.5790459587834081,-0.11617654174575257,0.8945056926887891,-0.08343890069212287,-0.4838336817690376,-0.8485756546613284,-0.6522748107015496,-1.0063212972630582,5,bengalgram,heavy Black Soil
14533,-0.048939319018353855,1.4177413322789671,-1.1127094486959972,1.114202454544477,-0.49808561796467227,-0.31647635148078496,0.604474003904134,-0.49010048123073,-0.4838336817690376,-0.7036762464401508,-1.2471950486129355,-1.13022382195891,5,bengalgram,heavy Black Soil
14535,-0.048939319018353855,1.4177413322789671,1.4291229942969927,1.114202454544477,-1.5752171947127527,0.19939013962925106,-0.5215313760833518,-0.1235718240993148,-0.4838336817690376,-0.6415765000596461,-1.4338366918792524,-1.1921750843068362,5,bengalgram,heavy Black Soil
14541,-0.048939319018353855,1.4177413322789671,1.4291229942969927,1.114202454544477,-0.19033373889379193,-0.24278113846506544,-0.7945023772924388,-0.1235718240993148,-0.4838336817690376,-1.0200892399027226,-1.5504877189207007,-1.1156470543476333,5,bengalgram,heavy Black Soil
14543,-0.048939319018353855,1.4177413322789671,1.9374894828955906,1.114202454544477,-1.729093134248192,0.03877236767191392,0.0073499387592553065,-0.46428069833939006,-0.4838336817690376,-0.7746473851607276,-1.59714812973728,-0.6710556422036936,5,bengalgram,heavy Black Soil
14545,-0.048939319018353855,1.4177413322789671,-1.1127094486959972,1.114202454544477,-1.2674653156418723,-0.36182725179815056,-0.7774416897168711,-0.2599676337209592,-0.4838336817690376,-0.6918477233200547,-0.838916453967867,-0.9188606915953978,5,bengalgram,heavy Black Soil
14547,-0.048939319018353855,1.4177413322789671,1.4291229942969927,1.114202454544477,-1.2674653156418723,-0.3334829390997969,-0.3338638127521039,0.030504923806617387,-0.4838336817690376,-1.0526176784829868,-1.5621528216248457,-0.6601230664952361,5,bengalgram,heavy Black Soil
14549,-0.048939319018353855,1.4177413322789671,1.9374894828955906,1.114202454544477,0.4251700192479687,-0.03681246619036239,-0.026771436391880492,-0.5796277719083118,-0.4838336817690376,-1.2211741329443568,-0.9730651350655322,-0.9152164996925787,5,bengalgram,heavy Black Soil
14551,-0.048939319018353855,1.4177413322789671,-1.1127094486959972,1.114202454544477,-1.421341255177312,0.08223364714272274,0.09265337663709511,0.002439942402986799,-0.4838336817690376,-0.9668608858622899,-0.7164328755743462,-1.0318306405827924,5,bengalgram,heavy Black Soil
14553,-0.048939319018353855,1.4177413322789671,1.4291229942969927,1.114202454544477,-1.2674653156418723,0.004759192433889368,0.09265337663709511,0.07709279293664391,-0.4838336817690376,-0.6356622384995981,-0.62894460529326,-1.1010702867363569,5,bengalgram,heavy Black Soil
14555,-0.048939319018353855,1.4177413322789671,1.9374894828955906,1.114202454544477,0.27129407971252784,-0.2805735553962036,-0.1632569369964243,-0.3073974522930952,-0.4838336817690376,-1.0644462016030831,-1.5738179243289905,-0.9516584187207704,5,bengalgram,heavy Black Soil
14557,-0.048939319018353855,1.4177413322789671,-1.1127094486959972,1.114202454544477,-0.49808561796467227,-0.11617654174575257,-0.40210656305437614,-0.5319173035221398,-0.4838336817690376,-1.1176745556435157,-1.124711470219415,-0.9407258430123129,5,bengalgram,heavy Black Soil
14559,-0.048939319018353855,1.4177413322789671,1.4291229942969927,1.114202454544477,-1.421341255177312,-0.11617654174575257,-0.0608928115430169,-0.37896315487235316,-0.4838336817690376,-0.7036762464401508,-1.3171856648378044,-0.762160439774173,5,bengalgram,heavy Black Soil
14561,-0.048939319018353855,1.4177413322789671,1.9374894828955906,1.114202454544477,-0.3442096784292314,-0.20687834238048408,-0.35092450032767214,0.1191902650420898,-0.4838336817690376,-0.8012615621809439,-1.0663859566986909,-1.2213286195293895,5,bengalgram,heavy Black Soil
14565,-0.048939319018353855,1.4177413322789671,1.4291229942969927,1.114202454544477,-0.8058374970355525,-0.08027374566117147,0.2461995648172065,-0.4362157169357595,-0.4838336817690376,-0.887018354801641,-0.9205721728968805,-1.254126346654762,5,bengalgram,heavy Black Soil
14571,-0.048939319018353855,1.4177413322789671,1.4291229942969927,1.114202454544477,-0.49808561796467227,0.09357137222206408,-0.0438321239674487,0.06923459814362747,-0.4838336817690376,-0.6977619848801027,-1.4163390378230354,-1.1593773571814636,5,bengalgram,heavy Black Soil
14573,-0.048939319018353855,1.4177413322789671,1.9374894828955906,1.114202454544477,-0.19033373889379193,0.033103505132242986,0.6215346914797015,-0.16230149843632488,-0.4838336817690376,-0.8456185238813044,-1.4163390378230354,-1.210396043820932,5,bengalgram,heavy Black Soil
14575,-0.048939319018353855,1.4177413322789671,-1.1127094486959972,1.114202454544477,-1.5752171947127527,0.12569492661353157,0.5362312536018617,-0.21927341068569484,-0.4838336817690376,-0.7036762464401508,-1.5446551675686284,-1.0354748324856116,5,bengalgram,heavy Black Soil
14577,-0.048939319018353855,1.4177413322789671,1.4291229942969927,1.114202454544477,-1.729093134248192,-0.1256246459785371,0.6897774417819738,0.2814058575550748,-0.4838336817690376,-0.98164653976241,-0.868079210728229,-1.0609841758053458,5,bengalgram,heavy Black Soil
14579,-0.048939319018353855,1.4177413322789671,1.9374894828955906,1.114202454544477,0.4251700192479687,-0.11806616259230963,0.16089612693936672,-0.1754920396960314,-0.4838336817690376,-0.889975485581665,-1.439669243231325,-0.944370034915132,5,bengalgram,heavy Black Soil
14581,-0.048939319018353855,1.4177413322789671,-1.1127094486959972,1.114202454544477,0.11741814017708838,-0.2805735553962036,-0.2485603748742641,-0.33714633258094334,-0.4838336817690376,-1.1856885635840684,-0.62894460529326,-1.2942124575857732,5,bengalgram,heavy Black Soil
14585,-0.048939319018353855,1.4177413322789671,1.9374894828955906,1.114202454544477,0.27129407971252784,-0.36182725179815056,0.3997457529973185,-0.21057326645056962,-0.4838336817690376,-1.2152598713843088,-0.49479592419559437,-0.7876697830939073,5,bengalgram,heavy Black Soil
14587,-0.048939319018353855,1.4177413322789671,-1.1127094486959972,1.114202454544477,-0.49808561796467227,0.14081189338598676,0.024410626334822903,-0.46428069833939006,-0.4838336817690376,-0.638619369279622,-0.4831308214914498,-1.210396043820932,5,bengalgram,heavy Black Soil
14589,-0.048939319018353855,1.4177413322789671,1.4291229942969927,1.114202454544477,0.4251700192479687,0.14459113507910065,0.28032093996834234,0.20675300702141736,-0.4838336817690376,-0.8692755701214968,-1.013892994530039,-1.0755609434166225,5,bengalgram,heavy Black Soil
14591,-0.048939319018353855,1.4177413322789671,1.9374894828955906,1.114202454544477,-0.19033373889379193,-0.20309910068737047,0.28032093996834234,-0.5538079890169716,-0.4838336817690376,-0.9993893244425543,-1.4571668972875422,-0.8678420049559294,5,bengalgram,heavy Black Soil
14593,-0.048939319018353855,1.4177413322789671,-1.1127094486959972,1.114202454544477,-0.3442096784292314,-0.00657853264545197,-0.1461962494208567,-0.3113265496896034,-0.4838336817690376,-1.0999317709633714,-1.1772044323880666,-1.2504821547519431,5,bengalgram,heavy Black Soil
14595,-0.048939319018353855,1.4177413322789671,1.4291229942969927,1.114202454544477,-0.036457799358352465,-0.2144368257667118,-0.1291355618452885,-0.0469544248674031,-0.4838336817690376,-1.156117255783828,-0.5764516431246085,-1.3087892251970499,5,bengalgram,heavy Black Soil
14597,-0.048939319018353855,1.4177413322789671,1.9374894828955906,1.114202454544477,-1.2674653156418723,-0.05381905380937466,0.7580201920842453,0.15314889254048286,-0.4838336817690376,-0.98164653976241,-0.4772982701393773,-1.2431937709463048,5,bengalgram,heavy Black Soil
14599,-0.048939319018353855,1.4177413322789671,-1.1127094486959972,1.114202454544477,-0.19033373889379193,0.1483703767722145,-0.5897741263856233,-0.3340591846265442,-0.4838336817690376,-1.058531940043035,-1.2705252540212253,-0.9589468025264087,5,bengalgram,heavy Black Soil
14601,-0.048939319018353855,1.4177413322789671,1.4291229942969927,1.114202454544477,-0.9597134365709921,-0.14830009613722003,0.5703526287529982,-0.37306950877759065,-0.4838336817690376,-0.6445336308396702,-1.4629994486396145,-0.7038533693290664,5,bengalgram,heavy Black Soil
14603,-0.048939319018353855,1.4177413322789671,1.9374894828955906,1.114202454544477,-1.1135893761064315,-0.28435279708931743,0.5874133163285657,-0.554088638831008,-0.4838336817690376,-0.7776045159407518,-1.253027599965008,-0.7402952883572582,5,bengalgram,heavy Black Soil
14605,-0.048939319018353855,1.4177413322789671,-1.1127094486959972,1.114202454544477,-1.5752171947127527,0.05388933444436913,0.8433236299620851,0.010017487381966866,-0.4838336817690376,-0.6534050231797421,-1.5038273081041216,-0.9152164996925787,5,bengalgram,heavy Black Soil
14607,-0.048939319018353855,1.4177413322789671,1.4291229942969927,1.114202454544477,0.11741814017708838,-0.09539071243362668,-0.4874100009322159,-0.40085384036718485,-0.4838336817690376,-0.7746473851607276,-0.9847302377696769,-1.024542256777154,5,bengalgram,heavy Black Soil
14609,-0.048939319018353855,1.4177413322789671,1.9374894828955906,1.114202454544477,0.27129407971252784,-0.0613775371956024,0.1097140642126627,-0.5852407681890379,-0.4838336817690376,-0.6977619848801027,-1.6088132324414248,-1.0755609434166225,5,bengalgram,heavy Black Soil
14611,-0.048939319018353855,1.4177413322789671,-1.1127094486959972,1.114202454544477,-1.5752171947127527,-0.20309910068737047,-0.0779534991185845,-0.3685791117530097,-0.4838336817690376,-1.1058460325234196,-1.497994756752049,-1.126579630056091,5,bengalgram,heavy Black Soil
14613,-0.048939319018353855,1.4177413322789671,1.4291229942969927,1.114202454544477,0.5790459587834081,-0.24278113846506544,0.0073499387592553065,-0.06407406352361782,-0.4838336817690376,-0.6534050231797421,-1.1188789188673425,-1.0099654891658774,5,bengalgram,heavy Black Soil
14615,-0.048939319018353855,1.4177413322789671,1.9374894828955906,1.114202454544477,-0.19033373889379193,0.004759192433889368,-0.45328862578107953,-0.1597756501099982,-0.4838336817690376,-0.7450760773604873,-1.095548713459053,-0.9771677620405046,5,bengalgram,heavy Black Soil
14617,-0.048939319018353855,1.4177413322789671,-1.1127094486959972,1.114202454544477,-0.8058374970355525,0.03688274682535685,0.33150300269504634,0.09589633047707653,-0.4838336817690376,-0.6593192847397903,-0.9730651350655322,-1.1812425085983786,5,bengalgram,heavy Black Soil
14619,-0.048939319018353855,1.4177413322789671,1.4291229942969927,1.114202454544477,0.5790459587834081,-0.24467075931162222,-0.0779534991185845,-0.04751572449547584,-0.4838336817690376,-1.1945599559241407,-1.439669243231325,-0.6054601879529484,5,bengalgram,heavy Black Soil
14621,-0.048939319018353855,1.4177413322789671,1.9374894828955906,1.114202454544477,0.4251700192479687,-0.051929432962817865,0.07559268906152691,-0.10729413488520886,-0.4838336817690376,-1.1058460325234196,-0.6756050161098391,-0.8787745806643869,5,bengalgram,heavy Black Soil
14623,-0.048939319018353855,1.4177413322789671,-1.1127094486959972,1.114202454544477,-1.2674653156418723,0.04444123021158459,-0.7603810021413029,-0.007382801088283907,-0.4838336817690376,-0.718461900340271,-1.1888695350922114,-0.9334374592066745,5,bengalgram,heavy Black Soil
14625,-0.048939319018353855,1.4177413322789671,1.4291229942969927,1.114202454544477,-0.6519615575001118,-0.26923583031686227,-0.2656210624498323,-0.020292692533954042,-0.4838336817690376,-0.6593192847397903,-1.6029806810893525,-0.8532652373446525,5,bengalgram,heavy Black Soil
14629,-0.048939319018353855,1.4177413322789671,-1.1127094486959972,1.114202454544477,0.4251700192479687,-0.07271526227494374,0.6215346914797015,-0.22488640696642095,-0.4838336817690376,-0.8811040932415929,-1.0722185080507631,-0.7002091774262471,5,bengalgram,heavy Black Soil
14631,-0.048939319018353855,1.4177413322789671,1.4291229942969927,1.114202454544477,-1.1135893761064315,0.15592886015844198,0.3656243778461821,-0.5824342700486749,-0.4838336817690376,-0.8811040932415929,-1.5504877189207007,-1.046407408194069,5,bengalgram,heavy Black Soil
14633,-0.048939319018353855,1.4177413322789671,1.9374894828955906,1.114202454544477,-0.8058374970355525,-0.11050767920608189,0.2973816275439105,-0.41516698088303655,-0.4838336817690376,-1.1354173403236598,-1.5271575135124111,-1.0719167515138033,5,bengalgram,heavy Black Soil
14635,-0.048939319018353855,1.4177413322789671,-1.1127094486959972,1.114202454544477,-0.6519615575001118,0.15970810185155584,0.5874133163285657,-0.4056248872058022,-0.4838336817690376,-0.6770620694199346,-0.5939492971808256,-1.2140402357237514,5,bengalgram,heavy Black Soil
14643,-0.048939319018353855,1.4177413322789671,1.4291229942969927,1.114202454544477,0.4251700192479687,0.07089592206338113,-0.09501418669415271,0.11273531931925489,-0.4838336817690376,-0.8988468779217371,-1.5621528216248457,-0.6965649855234279,5,bengalgram,heavy Black Soil
14645,-0.048939319018353855,1.4177413322789671,1.9374894828955906,1.114202454544477,0.5790459587834081,0.16159772269811293,0.16089612693936672,-0.5712082774872227,-0.4838336817690376,-1.1945599559241407,-0.868079210728229,-0.7694488235798115,5,bengalgram,heavy Black Soil
14647,-0.048939319018353855,1.4177413322789671,-1.1127094486959972,1.114202454544477,-1.5752171947127527,0.10679871814796249,-0.3168031251765363,-0.2908391132649529,-0.4838336817690376,-0.8337900007612083,-1.0022278918258942,-0.7293627126488005,5,bengalgram,heavy Black Soil
14651,-0.048939319018353855,1.4177413322789671,1.9374894828955906,1.114202454544477,-0.9597134365709921,0.0727855429099382,-0.5215313760833518,0.07568954386646237,-0.4838336817690376,-1.1324602095436358,-0.7106003242222737,-1.330654376613965,5,bengalgram,heavy Black Soil
14653,-0.048939319018353855,1.4177413322789671,-1.1127094486959972,1.114202454544477,0.4251700192479687,-0.031143603650691715,-0.6580168766878955,-0.39131174668995056,-0.4838336817690376,-0.6504478923997183,-1.497994756752049,-1.2650589223632198,5,bengalgram,heavy Black Soil
14655,-0.048939319018353855,1.4177413322789671,1.4291229942969927,1.114202454544477,-0.6519615575001118,-0.30513862640144335,0.3485636902706145,-0.4384609154480498,-0.4838336817690376,-0.8130900853010402,-0.5181261296038844,-0.7730930154826308,5,bengalgram,heavy Black Soil
14657,-0.048939319018353855,1.4177413322789671,1.9374894828955906,1.114202454544477,-0.6519615575001118,-0.05381905380937466,-0.6580168766878955,0.2623216702006058,-0.4838336817690376,-0.8604041777814246,-1.5271575135124111,-1.3270101847111457,5,bengalgram,heavy Black Soil
14661,-0.048939319018353855,1.4177413322789671,1.4291229942969927,1.114202454544477,-0.19033373889379193,0.034993125978800055,0.4168064405728861,-0.598992609076817,-0.4838336817690376,-1.0881032478432753,-0.9905627891217494,-0.7330069045516197,5,bengalgram,heavy Black Soil
14663,-0.048939319018353855,1.4177413322789671,1.9374894828955906,1.114202454544477,0.27129407971252784,-0.04815019126970399,0.5191705660262941,0.11133207024907335,-0.4838336817690376,-0.7480332081405113,-1.6029806810893525,-0.6273253393698636,5,bengalgram,heavy Black Soil
14665,-0.048939319018353855,1.4177413322789671,-1.1127094486959972,1.114202454544477,0.11741814017708838,-0.29569052216865876,-0.3679851879032397,-0.08680669846055866,-0.4838336817690376,-0.8781469624615689,-0.6114469512370426,-1.1010702867363569,5,bengalgram,heavy Black Soil
14667,-0.048939319018353855,1.4177413322789671,1.4291229942969927,1.114202454544477,0.11741814017708838,-0.2182160674598257,-0.3168031251765363,-0.29476821066146136,-0.4838336817690376,-0.7391618158004394,-0.9788976864176047,-1.0901377110278991,5,bengalgram,heavy Black Soil
14669,-0.048939319018353855,1.4177413322789671,1.9374894828955906,1.114202454544477,-0.6519615575001118,-0.012247395185122639,-0.009710748816312897,-0.16286279806439763,-0.4838336817690376,-0.9313753165020016,-1.4163390378230354,-1.1994634681124745,5,bengalgram,heavy Black Soil
14671,-0.048939319018353855,1.4177413322789671,-1.1127094486959972,1.114202454544477,0.27129407971252784,-0.2673462094703052,0.7750808796598135,-0.1359204159169122,-0.4838336817690376,-1.0319177630228187,-1.4513343459354697,-1.2942124575857732,5,bengalgram,heavy Black Soil
14673,-0.048939319018353855,1.4177413322789671,1.4291229942969927,1.114202454544477,-1.1135893761064315,0.016096917513230974,0.4168064405728861,-0.1951375266785728,-0.4838336817690376,-0.9875608013224582,-1.0722185080507631,-0.7876697830939073,5,bengalgram,heavy Black Soil
14675,-0.048939319018353855,1.4177413322789671,1.9374894828955906,1.114202454544477,-0.3442096784292314,-0.17286516714245978,0.7409595045086778,0.008333588497748966,-0.4838336817690376,-0.718461900340271,-0.7455956323347083,-1.0609841758053458,5,bengalgram,heavy Black Soil
14677,-0.048939319018353855,1.4177413322789671,-1.1127094486959972,1.114202454544477,0.27129407971252784,-0.2635669677771913,0.7750808796598135,0.2937544493726722,-0.4838336817690376,-0.7480332081405113,-0.6639399134056946,-0.7949581668995458,5,bengalgram,heavy Black Soil
14679,-0.048939319018353855,1.4177413322789671,1.4291229942969927,1.114202454544477,0.11741814017708838,0.06522705952371047,0.041471313910391105,0.12115481374034406,-0.4838336817690376,-0.7805616467207758,-0.9847302377696769,-0.8678420049559294,5,bengalgram,heavy Black Soil
14681,-0.048939319018353855,1.4177413322789671,1.9374894828955906,1.114202454544477,-1.2674653156418723,-0.13507275021132165,-0.29974243760096814,-0.6006765079610348,-0.4838336817690376,-1.049660547702963,-1.223864843204646,-0.9152164996925787,5,bengalgram,heavy Black Soil
14683,-0.048939319018353855,1.4177413322789671,-1.1127094486959972,1.114202454544477,-0.6519615575001118,-0.3070282472480004,0.024410626334822903,-0.12946547019407698,-0.4838336817690376,-0.9077182702618092,-1.5796504756810628,-1.1375122057645486,5,bengalgram,heavy Black Soil
14685,-0.048939319018353855,1.4177413322789671,1.4291229942969927,1.114202454544477,-0.8058374970355525,0.034993125978800055,-0.6409561891123273,-0.17998243672061204,-0.4838336817690376,-1.046703416922939,-0.8214187999116495,-1.3160776090026882,5,bengalgram,heavy Black Soil
14689,-0.048939319018353855,1.4177413322789671,-1.1127094486959972,1.114202454544477,0.27129407971252784,-0.023585120264464247,0.16089612693936672,-0.3666145630547554,-0.4838336817690376,-0.7835187775007999,-1.1888695350922114,-1.0755609434166225,5,bengalgram,heavy Black Soil
14691,-0.048939319018353855,1.4177413322789671,1.4291229942969927,1.114202454544477,0.27129407971252784,-0.10483881666641122,-0.026771436391880492,0.3069449906323787,-0.4838336817690376,-1.0555748092630108,-1.1655393296839218,-0.944370034915132,5,bengalgram,heavy Black Soil
14693,-0.048939319018353855,1.4177413322789671,1.9374894828955906,1.114202454544477,0.11741814017708838,-0.2465603801581793,0.28032093996834234,-0.647825676719134,-0.4838336817690376,-0.8397042623212565,-1.1947020864442839,-0.6892766017177895,5,bengalgram,heavy Black Soil
14695,-0.048939319018353855,1.4177413322789671,-1.1127094486959972,1.114202454544477,-1.5752171947127527,0.1672665852377836,-0.3679851879032397,-0.1718435921135592,-0.4838336817690376,-0.8958897471417131,-1.3346833188940217,-1.0719167515138033,5,bengalgram,heavy Black Soil
14697,-0.048939319018353855,1.4177413322789671,1.4291229942969927,1.114202454544477,-1.421341255177312,-0.11995578343886643,-0.5556527512344875,0.18794946948098473,-0.4838336817690376,-0.718461900340271,-0.6814375674619116,-0.8241117021220992,5,bengalgram,heavy Black Soil
14699,-0.048939319018353855,1.4177413322789671,1.9374894828955906,1.114202454544477,0.4251700192479687,-0.2597877260840777,0.6897774417819738,-0.06603861222187209,-0.4838336817690376,-0.7628188620406315,-0.5472888863642464,-0.6127485717585869,5,bengalgram,heavy Black Soil
14701,-0.048939319018353855,1.4177413322789671,-1.1127094486959972,1.114202454544477,-0.3442096784292314,-0.36560649349126445,-0.7262596269901671,0.24295683303210075,-0.4838336817690376,-1.0141749783426746,-1.2121997405005012,-0.6419021069811403,5,bengalgram,heavy Black Soil
14703,-0.048939319018353855,1.4177413322789671,1.4291229942969927,1.114202454544477,0.27129407971252784,0.057668576137482996,0.6897774417819738,-0.45726445298848245,-0.4838336817690376,-1.058531940043035,-1.171371881035994,-1.1775983166955595,5,bengalgram,heavy Black Soil
14705,-0.048939319018353855,1.4177413322789671,1.9374894828955906,1.114202454544477,0.4251700192479687,0.15025999761877132,0.5703526287529982,0.15904253863524534,-0.4838336817690376,-1.1502029942237801,-1.6321434378497146,-1.1156470543476333,5,bengalgram,heavy Black Soil
14709,-0.048939319018353855,1.4177413322789671,1.4291229942969927,1.114202454544477,-0.036457799358352465,0.1823835520102388,0.6897774417819738,-0.05481261966041986,-0.4838336817690376,-0.8219614776411123,-0.7106003242222737,-0.9188606915953978,5,bengalgram,heavy Black Soil
14711,-0.048939319018353855,1.4177413322789671,1.9374894828955906,1.114202454544477,0.11741814017708838,-0.3089178680945572,0.17795681451493492,0.07260239591206327,-0.4838336817690376,-0.6859334617600066,-1.0080604431779667,-0.8058907426080033,5,bengalgram,heavy Black Soil
14713,-0.048939319018353855,1.4177413322789671,-1.1127094486959972,1.114202454544477,-0.9597134365709921,0.06522705952371047,-0.4362279382055119,-0.151356155688909,-0.4838336817690376,-0.9727751474223381,-0.49479592419559437,-1.268703114266039,5,bengalgram,heavy Black Soil
14715,-0.048939319018353855,1.4177413322789671,1.4291229942969927,1.114202454544477,-0.8058374970355525,-0.10294919581985415,0.2461995648172065,-0.035167132677878445,-0.4838336817690376,-0.795347300620896,-1.1597067783318493,-0.8532652373446525,5,bengalgram,heavy Black Soil
14717,-0.048939319018353855,1.4177413322789671,1.9374894828955906,1.114202454544477,0.11741814017708838,-0.10294919581985415,-0.009710748816312897,0.29656094751303524,-0.4838336817690376,-0.892932616361689,-1.3171856648378044,-0.7475836721628963,5,bengalgram,heavy Black Soil
14721,-0.048939319018353855,1.4177413322789671,1.4291229942969927,1.114202454544477,0.4251700192479687,0.09357137222206408,-0.0779534991185845,-0.3267622894616002,-0.4838336817690376,-0.6681906770798623,-1.4804971026958318,-1.0172538729715157,5,bengalgram,heavy Black Soil
14723,-0.048939319018353855,1.4177413322789671,1.9374894828955906,1.114202454544477,0.27129407971252784,-0.11239730005263869,-0.7433203145657353,-0.003734353505812058,-0.4838336817690376,-1.1797743020240203,-1.5796504756810628,-0.6091043798557677,5,bengalgram,heavy Black Soil
14725,-0.048939319018353855,1.4177413322789671,-1.1127094486959972,1.114202454544477,0.4251700192479687,0.18616279370335267,-0.5044706885077835,-0.023660490302389838,-0.4838336817690376,-0.9579894935222178,-0.7805909404471428,-0.882418772567206,5,bengalgram,heavy Black Soil
14729,-0.048939319018353855,1.4177413322789671,1.9374894828955906,1.114202454544477,0.4251700192479687,-0.0027992909523381015,-0.7091989394145989,-0.08035175273772344,-0.4838336817690376,-0.7864759082808237,-0.5006284755476669,-0.9808119539433239,5,bengalgram,heavy Black Soil
14731,-0.048939319018353855,1.4177413322789671,-1.1127094486959972,1.114202454544477,0.4251700192479687,-0.23144341338572408,0.7238988169331095,0.10459647471220207,-0.4838336817690376,-0.9461609704021218,-1.5738179243289905,-0.9115723077897594,5,bengalgram,heavy Black Soil
14735,-0.048939319018353855,1.4177413322789671,1.9374894828955906,1.114202454544477,-0.8058374970355525,-0.20309910068737047,0.1438354393637991,-0.3761566567319901,-0.4838336817690376,-0.9905179321024823,-1.2180322918525734,-0.860553621150291,5,bengalgram,heavy Black Soil
14737,-0.048939319018353855,1.4177413322789671,-1.1127094486959972,1.114202454544477,-1.5752171947127527,0.03688274682535685,-0.45328862578107953,-0.19036647983995547,-0.4838336817690376,-0.8456185238813044,-1.5271575135124111,-1.1411563976673678,5,bengalgram,heavy Black Soil
14739,-0.048939319018353855,1.4177413322789671,1.4291229942969927,1.114202454544477,-1.421341255177312,-0.35426876841192306,0.12677475178823092,-0.4384609154480498,-0.4838336817690376,-0.795347300620896,-1.2705252540212253,-0.6965649855234279,5,bengalgram,heavy Black Soil
14743,-0.048939319018353855,1.4177413322789671,-1.1127094486959972,1.114202454544477,-0.3442096784292314,0.19939013962925106,-0.026771436391880492,0.2715831140638041,-0.4838336817690376,-1.2093456098242608,-0.868079210728229,-0.8787745806643869,5,bengalgram,heavy Black Soil
14745,-0.048939319018353855,1.4177413322789671,1.4291229942969927,1.114202454544477,-1.1135893761064315,-0.24278113846506544,0.1438354393637991,-0.3264816396475638,-0.4838336817690376,-1.0733175939431552,-0.570619091772536,-0.9334374592066745,5,bengalgram,heavy Black Soil
14747,-0.048939319018353855,1.4177413322789671,1.9374894828955906,1.114202454544477,-0.3442096784292314,-0.00657853264545197,-0.40210656305437614,-0.2849454671701907,-0.4838336817690376,-0.7421189465804632,-1.153874226979777,-0.9589468025264087,5,bengalgram,heavy Black Soil
14749,-0.048939319018353855,1.4177413322789671,-1.1127094486959972,1.114202454544477,-0.9597134365709921,-0.35048952671880923,0.3997457529973185,0.04622131339265026,-0.4838336817690376,-0.8308328699811842,-0.6522748107015496,-1.2759914980716773,5,bengalgram,heavy Black Soil
14751,-0.048939319018353855,1.4177413322789671,1.4291229942969927,1.114202454544477,0.4251700192479687,-0.11050767920608189,-0.5215313760833518,-0.08428085013423198,-0.4838336817690376,-0.6327051077195741,-1.6438085405538594,-1.2942124575857732,5,bengalgram,heavy Black Soil
14753,-0.048939319018353855,1.4177413322789671,1.9374894828955906,1.114202454544477,-1.2674653156418723,0.017986538359787776,0.877445005113221,0.2828091066252563,-0.4838336817690376,-0.9018040087017613,-1.626310886497642,-1.1192912462504527,5,bengalgram,heavy Black Soil
14755,-0.048939319018353855,1.4177413322789671,-1.1127094486959972,1.114202454544477,-1.1135893761064315,-0.3278140765601263,0.4168064405728861,-0.5748567250696945,-0.4838336817690376,-0.7864759082808237,-1.095548713459053,-1.0901377110278991,5,bengalgram,heavy Black Soil
14757,-0.048939319018353855,1.4177413322789671,1.4291229942969927,1.114202454544477,0.11741814017708838,0.1956108979361372,-0.026771436391880492,-0.43060272065503336,-0.4838336817690376,-0.9018040087017613,-0.8097536972075049,-1.2322611952378473,5,bengalgram,heavy Black Soil
14759,-0.048939319018353855,1.4177413322789671,1.9374894828955906,1.114202454544477,-0.9597134365709921,0.18994203539646654,-0.7091989394145989,-0.22179925901202185,-0.4838336817690376,-0.7421189465804632,-1.1480416756277045,-0.7293627126488005,5,bengalgram,heavy Black Soil
14761,-0.048939319018353855,1.4177413322789671,-1.1127094486959972,1.114202454544477,-1.729093134248192,-0.25411886354440677,0.604474003904134,-0.30010055712815115,-0.4838336817690376,-0.9106754010418333,-0.5297912323080289,-0.9662351863320471,5,bengalgram,heavy Black Soil
14763,-0.048939319018353855,1.4177413322789671,1.4291229942969927,1.114202454544477,-1.1135893761064315,-0.08783222904739894,-0.7774416897168711,-0.208328067938279,-0.4838336817690376,-0.8337900007612083,-1.223864843204646,-1.3233659928083268,5,bengalgram,heavy Black Soil
14765,-0.048939319018353855,1.4177413322789671,1.9374894828955906,1.114202454544477,-0.8058374970355525,-0.11428692089919576,0.3485636902706145,-0.11234583153786257,-0.4838336817690376,-1.0526176784829868,-1.4629994486396145,-0.7402952883572582,5,bengalgram,heavy Black Soil
14767,-0.048939319018353855,1.4177413322789671,-1.1127094486959972,1.114202454544477,0.4251700192479687,-0.07271526227494374,0.5362312536018617,-0.2880326151245898,-0.4838336817690376,-0.7923901698408718,-0.7514281836867808,-0.8933513482756635,5,bengalgram,heavy Black Soil
14769,-0.048939319018353855,1.4177413322789671,1.4291229942969927,1.114202454544477,0.4251700192479687,-0.24278113846506544,-0.0779534991185845,-0.151356155688909,-0.4838336817690376,-0.8515327854413526,-1.1013812648111252,-1.0937819029307183,5,bengalgram,heavy Black Soil
14771,-0.048939319018353855,1.4177413322789671,1.9374894828955906,1.114202454544477,-1.5752171947127527,-0.18987175476147206,-0.3679851879032397,0.14893914532993827,-0.4838336817690376,-1.058531940043035,-1.3755111783585285,-1.2249728114322087,5,bengalgram,heavy Black Soil
14773,-0.048939319018353855,1.4177413322789671,-1.1127094486959972,1.114202454544477,0.27129407971252784,-0.04626057042314692,-0.7262596269901671,-0.4393028648901589,-0.4838336817690376,-0.7362046850204153,-0.9730651350655322,-1.068272559610984,5,bengalgram,heavy Black Soil
14775,-0.048939319018353855,1.4177413322789671,1.4291229942969927,1.114202454544477,0.4251700192479687,0.021765780052901643,-0.2144389997231283,-0.5313560038940671,-0.4838336817690376,-1.0141749783426746,-0.7922560431512874,-1.1010702867363569,5,bengalgram,heavy Black Soil
14777,-0.048939319018353855,1.4177413322789671,1.9374894828955906,1.114202454544477,0.11741814017708838,-0.1369623710578787,0.38268506542175035,-0.5563338373432983,-0.4838336817690376,-1.1797743020240203,-0.5239586809559564,-0.6455462988839594,5,bengalgram,heavy Black Soil
14781,-0.048939319018353855,1.4177413322789671,1.4291229942969927,1.114202454544477,-1.421341255177312,0.15592886015844198,0.1950175020905025,0.23453733861101156,-0.4838336817690376,-0.960946624302242,-1.3755111783585285,-1.1739541247927403,5,bengalgram,heavy Black Soil
14783,-0.048939319018353855,1.4177413322789671,1.9374894828955906,1.114202454544477,-0.9597134365709921,-0.3410414224860247,0.55329194117743,-0.40169578980929366,-0.4838336817690376,-0.7598617312606075,-1.0488883026424736,-0.9115723077897594,5,bengalgram,heavy Black Soil
14785,-0.048939319018353855,1.4177413322789671,-1.1127094486959972,1.114202454544477,-0.3442096784292314,0.1956108979361372,0.31444231511947873,0.17700412673356886,-0.4838336817690376,-0.6356622384995981,-1.0722185080507631,-0.8678420049559294,5,bengalgram,heavy Black Soil
14787,-0.048939319018353855,1.4177413322789671,1.4291229942969927,1.114202454544477,-0.19033373889379193,-0.2730150720099758,-0.6068348139611915,0.060253804094465555,-0.4838336817690376,-0.7036762464401508,-0.8097536972075049,-1.1557331652786444,5,bengalgram,heavy Black Soil
14791,-0.048939319018353855,1.4177413322789671,-1.1127094486959972,1.114202454544477,0.4251700192479687,-0.35993763095159376,0.6385953790552698,0.2014206605547276,-0.4838336817690376,-0.9225039241619294,-1.0255580972341838,-1.1229354381532717,5,bengalgram,heavy Black Soil
14795,-0.048939319018353855,1.4177413322789671,1.9374894828955906,1.114202454544477,-0.49808561796467227,0.1370326516928729,-0.5385920636589193,-0.6318286373190645,-0.4838336817690376,-0.6445336308396702,-1.183036983740139,-1.04276321629125,5,bengalgram,heavy Black Soil
14797,-0.048939319018353855,1.4177413322789671,-1.1127094486959972,1.114202454544477,-1.421341255177312,0.05388933444436913,0.28032093996834234,0.2095595051617804,-0.4838336817690376,-0.9047611394817852,-1.1480416756277045,-0.7512278640657156,5,bengalgram,heavy Black Soil
14799,-0.048939319018353855,1.4177413322789671,1.4291229942969927,1.114202454544477,-1.1135893761064315,-0.021695499417907178,0.8433236299620851,0.12087416392630769,-0.4838336817690376,-1.046703416922939,-1.171371881035994,-1.1958192762096556,5,bengalgram,heavy Black Soil
14805,-0.048939319018353855,1.4177413322789671,1.4291229942969927,1.114202454544477,-1.2674653156418723,-0.28624241793587424,0.5703526287529982,0.19945611185647333,-0.4838336817690376,-1.0881032478432753,-0.7047677728702012,-0.9261490754010362,5,bengalgram,heavy Black Soil
14811,-0.048939319018353855,1.4177413322789671,1.4291229942969927,1.114202454544477,-0.3442096784292314,-0.1237350251319803,0.26326025239277473,-0.2507061898577612,-0.4838336817690376,-0.8219614776411123,-1.0313906485862563,-0.842332661636195,5,bengalgram,heavy Black Soil
14813,-0.048939319018353855,1.4177413322789671,1.9374894828955906,1.114202454544477,-0.3442096784292314,-0.14641047529066326,-0.4362279382055119,-0.3865406998513332,-0.4838336817690376,-0.7598617312606075,-1.6204783351455698,-0.8058907426080033,5,bengalgram,heavy Black Soil
14815,-0.048939319018353855,1.4177413322789671,-1.1127094486959972,1.114202454544477,-0.19033373889379193,-0.34859990587225215,-0.0779534991185845,-0.31946539429665616,-0.4838336817690376,-0.9905179321024823,-0.5006284755476669,-1.1411563976673678,5,bengalgram,heavy Black Soil
14817,-0.048939319018353855,1.4177413322789671,1.4291229942969927,1.114202454544477,-0.8058374970355525,-0.12940388767165098,0.7750808796598135,-0.6323899369471372,-0.4838336817690376,-0.7776045159407518,-1.2705252540212253,-0.9553026106235897,5,bengalgram,heavy Black Soil
14819,-0.048939319018353855,1.4177413322789671,1.9374894828955906,1.114202454544477,-0.49808561796467227,0.10301947645484862,-0.7433203145657353,0.3125579869131048,-0.4838336817690376,-0.8130900853010402,-1.0488883026424736,-1.1229354381532717,5,bengalgram,heavy Black Soil
14821,-0.048939319018353855,1.4177413322789671,-1.1127094486959972,1.114202454544477,-1.2674653156418723,-0.1577482003700046,0.09265337663709511,-0.37391145821969946,-0.4838336817690376,-1.2093456098242608,-1.083883610754908,-0.6528346826895977,5,bengalgram,heavy Black Soil
14823,-0.048939319018353855,1.4177413322789671,1.4291229942969927,1.114202454544477,-0.8058374970355525,-0.30135938470832946,-0.3850458754788079,-0.051725471706020425,-0.4838336817690376,-1.1916028251441166,-1.1363765729235598,-1.2395495790434854,5,bengalgram,heavy Black Soil
14825,-0.048939319018353855,1.4177413322789671,1.9374894828955906,1.114202454544477,0.27129407971252784,-0.17286516714245978,0.8262629423865175,-0.4943102284412746,-0.4838336817690376,-0.8544899162213766,-1.043055751290401,-1.2031076600152937,5,bengalgram,heavy Black Soil
14831,-0.048939319018353855,1.4177413322789671,1.9374894828955906,1.114202454544477,-1.421341255177312,0.09924023476173476,0.502109878450726,-0.5319173035221398,-0.4838336817690376,-1.0378320245828667,-0.7864234917992149,-0.9115723077897594,5,bengalgram,heavy Black Soil
14835,-0.048939319018353855,1.4177413322789671,1.4291229942969927,1.114202454544477,-0.49808561796467227,0.08223364714272274,0.48504919087515835,-0.6248123919681569,-0.4838336817690376,-0.6445336308396702,-0.9847302377696769,-0.6710556422036936,5,bengalgram,heavy Black Soil
14837,-0.048939319018353855,1.4177413322789671,1.9374894828955906,1.114202454544477,-0.6519615575001118,-0.13318312936476484,-0.2656210624498323,-0.15416265382927208,-0.4838336817690376,-1.0378320245828667,-0.8739117620803011,-0.6236811474670444,5,bengalgram,heavy Black Soil
14841,-0.048939319018353855,1.4177413322789671,1.4291229942969927,1.114202454544477,-0.3442096784292314,-0.293800901322102,0.7409595045086778,-0.07501940627103369,-0.4838336817690376,-0.9668608858622899,-0.7630932863909253,-1.0901377110278991,5,bengalgram,heavy Black Soil
14843,-0.048939319018353855,1.4177413322789671,1.9374894828955906,1.114202454544477,-1.421341255177312,-0.35426876841192306,-0.09501418669415271,0.24436008210228227,-0.4838336817690376,-0.8485756546613284,-0.5881167458287531,-1.3197218009055074,5,bengalgram,heavy Black Soil
14845,-0.048939319018353855,1.4177413322789671,-1.1127094486959972,1.114202454544477,-0.3442096784292314,-0.12751426682509417,0.7580201920842453,0.30413849249201563,-0.4838336817690376,-1.2152598713843088,-1.3055205621336596,-1.2869240737801348,5,bengalgram,heavy Black Soil
14847,-0.048939319018353855,1.4177413322789671,1.4291229942969927,1.114202454544477,-1.2674653156418723,0.19183165624302334,0.0073499387592553065,0.06614745018922805,-0.4838336817690376,-0.7302904234603671,-1.4280041405271802,-1.2832798818773157,5,bengalgram,heavy Black Soil
14849,-0.048939319018353855,1.4177413322789671,1.9374894828955906,1.114202454544477,-0.3442096784292314,-0.3240348348670124,0.55329194117743,0.28252845681121996,-0.4838336817690376,-0.6622764155198144,-0.7047677728702012,-0.6892766017177895,5,bengalgram,heavy Black Soil
14851,-0.048939319018353855,1.4177413322789671,-1.1127094486959972,1.114202454544477,-1.1135893761064315,-0.1993198589942566,-0.29974243760096814,0.2819671571831472,-0.4838336817690376,-1.0437462861429148,-1.6029806810893525,-1.1812425085983786,5,bengalgram,heavy Black Soil
14853,-0.048939319018353855,1.4177413322789671,1.4291229942969927,1.114202454544477,-0.19033373889379193,0.1483703767722145,-0.29974243760096814,-0.2855067667982631,-0.4838336817690376,-0.960946624302242,-1.0080604431779667,-0.7512278640657156,5,bengalgram,heavy Black Soil
14857,-0.048939319018353855,1.4177413322789671,-1.1127094486959972,1.114202454544477,-1.729093134248192,0.08412326798927955,-0.6409561891123273,0.06951524795766384,-0.4838336817690376,-1.156117255783828,-0.6931026701660566,-1.228617003335028,5,bengalgram,heavy Black Soil
14859,-0.048939319018353855,1.4177413322789671,1.4291229942969927,1.114202454544477,-0.49808561796467227,-0.11617654174575257,0.5703526287529982,-0.09045514604303051,-0.4838336817690376,-1.0526176784829868,-0.6056143998849705,-0.6091043798557677,5,bengalgram,heavy Black Soil
14863,-0.048939319018353855,1.4177413322789671,-1.1127094486959972,1.114202454544477,0.11741814017708838,-0.16719630460278911,-0.11207487426972029,-0.029834786211188378,-0.4838336817690376,-1.2034313482642127,-1.497994756752049,-1.0208980648743347,5,bengalgram,heavy Black Soil
14867,-0.048939319018353855,1.4177413322789671,1.9374894828955906,1.114202454544477,-1.421341255177312,0.09546099306862114,-0.5556527512344875,0.10431582489816571,-0.4838336817690376,-1.156117255783828,-1.1305440215714873,-0.9261490754010362,5,bengalgram,heavy Black Soil
14869,-0.048939319018353855,1.4177413322789671,-1.1127094486959972,1.114202454544477,-0.8058374970355525,-0.1256246459785371,-0.5044706885077835,-0.2369543489699823,-0.4838336817690376,-0.9195467933819053,-1.3405158702460942,-1.1958192762096556,5,bengalgram,heavy Black Soil
14871,-0.048939319018353855,1.4177413322789671,1.4291229942969927,1.114202454544477,0.11741814017708838,0.06333743867715366,-0.1973783121475601,-0.3197460441106925,-0.4838336817690376,-0.7302904234603671,-0.6522748107015496,-1.1593773571814636,5,bengalgram,heavy Black Soil
14873,-0.048939319018353855,1.4177413322789671,1.9374894828955906,1.114202454544477,-0.6519615575001118,-0.06704639973527307,0.6385953790552698,-0.053690020404274376,-0.4838336817690376,-0.8367471315412324,-1.2355299459087907,-0.860553621150291,5,bengalgram,heavy Black Soil
14877,-0.048939319018353855,1.4177413322789671,1.4291229942969927,1.114202454544477,-0.036457799358352465,0.09924023476173476,-0.5897741263856233,-0.4042216381356207,-0.4838336817690376,-0.9846036705424341,-1.381343729710601,-0.7257185207459812,5,bengalgram,heavy Black Soil
14879,-0.048939319018353855,1.4177413322789671,1.9374894828955906,1.114202454544477,-1.1135893761064315,-0.25222924269784996,-0.5556527512344875,-0.30206510582640506,-0.4838336817690376,-0.9343324472820255,-1.171371881035994,-0.8350442778305566,5,bengalgram,heavy Black Soil
14881,-0.048939319018353855,1.4177413322789671,-1.1127094486959972,1.114202454544477,-1.5752171947127527,0.18805241454990945,0.6897774417819738,-0.025063739372571368,-0.4838336817690376,-0.6711478078598865,-1.2763578053732976,-0.6674114503008746,5,bengalgram,heavy Black Soil
14883,-0.048939319018353855,1.4177413322789671,1.4291229942969927,1.114202454544477,-0.036457799358352465,0.14270151423254385,0.6385953790552698,-0.4143250314409274,-0.4838336817690376,-1.1176745556435157,-1.59714812973728,-0.6127485717585869,5,bengalgram,heavy Black Soil
14885,-0.048939319018353855,1.4177413322789671,1.9374894828955906,1.114202454544477,-0.49808561796467227,-0.0009096701057813012,-0.7945023772924388,0.2656894679690416,-0.4838336817690376,-0.6859334617600066,-1.0488883026424736,-0.8787745806643869,5,bengalgram,heavy Black Soil
14887,-0.048939319018353855,1.4177413322789671,-1.1127094486959972,1.114202454544477,-0.9597134365709921,-0.08027374566117147,0.8092022548109493,-0.048918973565657366,-0.4838336817690376,-1.1679457789039243,-0.558953989068391,-0.7730930154826308,5,bengalgram,heavy Black Soil
14891,-0.048939319018353855,1.4177413322789671,1.9374894828955906,1.114202454544477,-0.6519615575001118,-0.01791625772479331,0.09265337663709511,-0.2731581749806657,-0.4838336817690376,-1.1117602940834674,-0.868079210728229,-0.7402952883572582,5,bengalgram,heavy Black Soil
14893,-0.048939319018353855,1.4177413322789671,-1.1127094486959972,1.114202454544477,-1.1135893761064315,0.12758454746008838,-0.2826817500253999,-0.44351261210070353,-0.4838336817690376,-0.6474907616196942,-0.5997818485328981,-1.0136096810686963,5,bengalgram,heavy Black Soil
14895,-0.048939319018353855,1.4177413322789671,1.4291229942969927,1.114202454544477,-0.3442096784292314,0.046330851058141394,0.5362312536018617,-0.09943594009219243,-0.4838336817690376,-0.7835187775007999,-1.2938554594295149,-0.6929207936206087,5,bengalgram,heavy Black Soil
14897,-0.048939319018353855,1.4177413322789671,1.9374894828955906,1.114202454544477,-0.8058374970355525,-0.2182160674598257,-0.1632569369964243,-0.537810949616902,-0.4838336817690376,-1.0082607167826263,-0.49479592419559437,-1.064628367708165,5,bengalgram,heavy Black Soil
14899,-0.048939319018353855,1.4177413322789671,-1.1127094486959972,1.114202454544477,-1.5752171947127527,0.034993125978800055,-0.7603810021413029,-0.18727933188555604,-0.4838336817690376,-0.8190043468610881,-0.7106003242222737,-0.9990329134574197,5,bengalgram,heavy Black Soil
14901,-0.048939319018353855,1.4177413322789671,1.4291229942969927,1.114202454544477,-0.49808561796467227,-0.13318312936476484,-0.23149968729869652,-0.6416513808103352,-0.4838336817690376,-0.8337900007612083,-0.9205721728968805,-0.9225048834982169,5,bengalgram,heavy Black Soil
14903,-0.048939319018353855,1.4177413322789671,1.9374894828955906,1.114202454544477,-1.5752171947127527,-0.29946976386177265,0.4509278157240219,-0.6469837272770252,-0.4838336817690376,-1.1472458634437561,-1.11304636751527,-0.6746998341065128,5,bengalgram,heavy Black Soil
14905,-0.048939319018353855,1.4177413322789671,-1.1127094486959972,1.114202454544477,-0.6519615575001118,-0.10105957497329736,0.4509278157240219,0.14192289997903063,-0.4838336817690376,-1.1679457789039243,-1.3463484215981665,-0.6236811474670444,5,bengalgram,heavy Black Soil
14907,-0.048939319018353855,1.4177413322789671,1.4291229942969927,1.114202454544477,-0.3442096784292314,-0.22577455084605316,-0.18031762457199252,-0.6584903696525135,-0.4838336817690376,-1.138374471103684,-0.7572607350388528,-1.1156470543476333,5,bengalgram,heavy Black Soil
14909,-0.048939319018353855,1.4177413322789671,1.9374894828955906,1.114202454544477,-0.9597134365709921,-0.021695499417907178,0.8092022548109493,-0.4746647414587332,-0.4838336817690376,-1.1354173403236598,-1.3405158702460942,-0.6856324098149705,5,bengalgram,heavy Black Soil
14911,-0.048939319018353855,1.4177413322789671,-1.1127094486959972,1.114202454544477,0.11741814017708838,-0.05570867465593146,0.5874133163285657,0.1758815274774237,-0.4838336817690376,-0.6770620694199346,-1.4163390378230354,-0.7986023588023649,5,bengalgram,heavy Black Soil
14913,-0.048939319018353855,1.4177413322789671,1.4291229942969927,1.114202454544477,-1.421341255177312,-0.2730150720099758,-0.4362279382055119,-0.48504878457807665,-0.4838336817690376,-1.0289606322427947,-0.5006284755476669,-0.6965649855234279,5,bengalgram,heavy Black Soil
14915,-0.048939319018353855,1.4177413322789671,1.9374894828955906,1.114202454544477,-1.2674653156418723,-0.3259244557135695,-0.45328862578107953,-0.04246402784282214,-0.4838336817690376,-0.7214190311202952,-0.8855768647844461,-0.9990329134574197,5,bengalgram,heavy Black Soil
14917,-0.048939319018353855,1.4177413322789671,-1.1127094486959972,1.114202454544477,-0.19033373889379193,0.0614478178305966,0.22913887724163892,-0.6248123919681569,-0.4838336817690376,-1.0733175939431552,-0.8914094161365186,-1.04276321629125,5,bengalgram,heavy Black Soil
14919,-0.048939319018353855,1.4177413322789671,1.4291229942969927,1.114202454544477,-0.19033373889379193,-0.25600848439096385,-0.6068348139611915,0.03920506804174261,-0.4838336817690376,-0.9432038396220976,-1.2938554594295149,-0.7658046316769923,5,bengalgram,heavy Black Soil
14921,-0.048939319018353855,1.4177413322789671,1.9374894828955906,1.114202454544477,-1.729093134248192,-0.25033962185129316,0.3997457529973185,-0.29757470880182446,-0.4838336817690376,-0.9343324472820255,-0.5764516431246085,-0.6091043798557677,5,bengalgram,heavy Black Soil
14923,-0.048939319018353855,1.4177413322789671,-1.1127094486959972,1.114202454544477,-0.49808561796467227,0.06522705952371047,0.1438354393637991,0.14697459663168433,-0.4838336817690376,-0.8515327854413526,-1.439669243231325,-1.3087892251970499,5,bengalgram,heavy Black Soil
14927,-0.048939319018353855,1.4177413322789671,1.9374894828955906,1.114202454544477,-0.8058374970355525,-0.17664440883557367,-0.4191672506299437,-0.4962747771395289,-0.4838336817690376,-0.6474907616196942,-0.9555674810093149,-0.7293627126488005,5,bengalgram,heavy Black Soil
14929,-0.048939319018353855,1.4177413322789671,-1.1127094486959972,1.114202454544477,-1.421341255177312,-0.14452085444410617,-0.35092450032767214,0.30498044193412444,-0.4838336817690376,-1.1945599559241407,-1.171371881035994,-0.9516584187207704,5,bengalgram,heavy Black Soil
14931,-0.048939319018353855,1.4177413322789671,1.4291229942969927,1.114202454544477,-0.036457799358352465,0.197500518782694,0.1097140642126627,0.14248419960710337,-0.4838336817690376,-0.9225039241619294,-0.558953989068391,-0.8714861968587484,5,bengalgram,heavy Black Soil
14937,-0.048939319018353855,1.4177413322789671,1.4291229942969927,1.114202454544477,-0.6519615575001118,-0.23144341338572408,-0.29974243760096814,0.10571907396834723,-0.4838336817690376,-0.9136325318218573,-1.6029806810893525,-0.7876697830939073,5,bengalgram,heavy Black Soil
14945,-0.048939319018353855,1.4177413322789671,1.9374894828955906,1.114202454544477,-1.1135893761064315,-0.17853402968213047,0.8603843175376533,0.020120880687273943,-0.4838336817690376,-1.156117255783828,-1.1655393296839218,-0.8095349345108225,5,bengalgram,heavy Black Soil
14947,-0.048939319018353855,1.4177413322789671,-1.1127094486959972,1.114202454544477,-0.19033373889379193,0.008538434127003237,0.4509278157240219,-0.13451716684673065,-0.4838336817690376,-0.7036762464401508,-0.9614000323613874,-1.0792051353194416,5,bengalgram,heavy Black Soil
14949,-0.048939319018353855,1.4177413322789671,1.4291229942969927,1.114202454544477,-1.1135893761064315,-0.25600848439096385,0.1950175020905025,0.19103661743538417,-0.4838336817690376,-0.6474907616196942,-0.9905627891217494,-0.9771677620405046,5,bengalgram,heavy Black Soil
14951,-0.048939319018353855,1.4177413322789671,1.9374894828955906,1.114202454544477,-0.19033373889379193,-0.2805735553962036,-0.5044706885077835,-0.2189927608716588,-0.4838336817690376,-0.6859334617600066,-1.6321434378497146,-0.7220743288431622,5,bengalgram,heavy Black Soil
14953,-0.048939319018353855,1.4177413322789671,-1.1127094486959972,1.114202454544477,-0.036457799358352465,0.048220471904698456,0.21207818966607073,-0.3051522537808045,-0.4838336817690376,-1.2211741329443568,-0.7864234917992149,-1.2249728114322087,5,bengalgram,heavy Black Soil
14955,-0.048939319018353855,1.4177413322789671,1.4291229942969927,1.114202454544477,-0.3442096784292314,0.012317675820117106,0.8092022548109493,-0.6001152083329621,-0.4838336817690376,-1.2063884790442367,-1.5038273081041216,-1.046407408194069,5,bengalgram,heavy Black Soil
14957,-0.048939319018353855,1.4177413322789671,1.9374894828955906,1.114202454544477,0.11741814017708838,-0.2654565886237484,0.6385953790552698,-0.37054366045126397,-0.4838336817690376,-0.9875608013224582,-1.4046739351188906,-1.0281864486799732,5,bengalgram,heavy Black Soil
14959,-0.048939319018353855,1.4177413322789671,-1.1127094486959972,1.114202454544477,-0.19033373889379193,-0.19176137560802886,0.8262629423865175,-0.11066193265364466,-0.4838336817690376,-0.6800192001999587,-1.4863296540479043,-0.8787745806643869,5,bengalgram,heavy Black Soil
14961,-0.048939319018353855,1.4177413322789671,1.4291229942969927,1.114202454544477,0.4251700192479687,0.09924023476173476,0.55329194117743,-0.19794402481893586,-0.4838336817690376,-1.1827314328040446,-0.5414563350121739,-0.8204675102192799,5,bengalgram,heavy Black Soil
14963,-0.048939319018353855,1.4177413322789671,1.9374894828955906,1.114202454544477,-0.19033373889379193,0.11813644322730382,-0.4874100009322159,-0.07445810664296126,-0.4838336817690376,-1.1620315173438762,-0.926404724248953,-1.228617003335028,5,bengalgram,heavy Black Soil
14965,-0.048939319018353855,1.4177413322789671,-1.1127094486959972,1.114202454544477,-1.5752171947127527,0.1370326516928729,-0.7433203145657353,-0.3885052485495875,-0.4838336817690376,-1.1295030787636118,-0.5414563350121739,-0.6564788745924169,5,bengalgram,heavy Black Soil
14969,-0.048939319018353855,1.4177413322789671,1.9374894828955906,1.114202454544477,-1.5752171947127527,-0.11617654174575257,0.877445005113221,-0.035167132677878445,-0.4838336817690376,-1.2211741329443568,-1.626310886497642,-0.6965649855234279,5,bengalgram,heavy Black Soil
14971,-0.048939319018353855,1.4177413322789671,-1.1127094486959972,1.114202454544477,-0.3442096784292314,0.08412326798927955,-0.45328862578107953,0.1537101921685556,-0.4838336817690376,-0.715504769560247,-1.2646927026691528,-1.2359053871406662,5,bengalgram,heavy Black Soil
14973,-0.048939319018353855,1.4177413322789671,1.4291229942969927,1.114202454544477,0.5790459587834081,0.014207296666673907,-0.4191672506299437,0.08719618624195098,-0.4838336817690376,-1.138374471103684,-0.9322372756010252,-1.0208980648743347,5,bengalgram,heavy Black Soil
14975,-0.048939319018353855,1.4177413322789671,1.9374894828955906,1.114202454544477,-0.3442096784292314,-0.2881320387824313,0.8945056926887891,0.16212968658964477,-0.4838336817690376,-1.0141749783426746,-1.0313906485862563,-1.272347306168858,5,bengalgram,heavy Black Soil
14977,-0.048939319018353855,1.4177413322789671,-1.1127094486959972,1.114202454544477,-0.9597134365709921,-0.1237350251319803,-0.6238955015367591,0.07344434535417206,-0.4838336817690376,-1.2211741329443568,-1.1655393296839218,-0.9917445296517814,5,bengalgram,heavy Black Soil
14979,-0.048939319018353855,1.4177413322789671,1.4291229942969927,1.114202454544477,-1.5752171947127527,-0.19743023814769953,0.7580201920842453,0.118348315599981,-0.4838336817690376,-1.138374471103684,-0.7572607350388528,-1.2832798818773157,5,bengalgram,heavy Black Soil
14985,-0.048939319018353855,1.4177413322789671,1.4291229942969927,1.114202454544477,-0.9597134365709921,-0.11239730005263869,-0.1632569369964243,0.05379885837163065,-0.4838336817690376,-0.7302904234603671,-0.9089070701927356,-0.9990329134574197,5,bengalgram,heavy Black Soil
14987,-0.048939319018353855,1.4177413322789671,1.9374894828955906,1.114202454544477,-0.8058374970355525,-0.2900216596289881,0.7409595045086778,-0.11515232967822563,-0.4838336817690376,-0.7864759082808237,-0.6639399134056946,-0.8314000859277376,5,bengalgram,heavy Black Soil
14991,-0.048939319018353855,1.4177413322789671,1.4291229942969927,1.114202454544477,-1.421341255177312,-0.31647635148078496,0.55329194117743,-0.5650339815784238,-0.4838336817690376,-0.8101329545210161,-1.4455017945833974,-1.272347306168858,5,bengalgram,heavy Black Soil
14997,-0.048939319018353855,1.4177413322789671,1.4291229942969927,1.114202454544477,-1.2674653156418723,0.14081189338598676,-0.2826817500253999,-0.08007110292368738,-0.4838336817690376,-1.1413316018837079,-1.0022278918258942,-1.2577705385575813,5,bengalgram,heavy Black Soil
14999,-0.048939319018353855,1.4177413322789671,1.9374894828955906,1.114202454544477,-0.6519615575001118,-0.12751426682509417,0.655656066630838,-0.41572828051110894,-0.4838336817690376,-0.79830443140092,-1.0197255458821115,-1.268703114266039,5,bengalgram,heavy Black Soil
16001,0.23773100905010616,1.4177413322789671,1.4291229942969927,1.114202454544477,-0.036457799358352465,0.6623472470356935,0.1950175020905025,0.47084448202958096,0.28488553455777527,-0.9018040087017613,-0.5997818485328981,-0.7293627126488005,37,redgram,loamy soil
16003,0.23773100905010616,1.4177413322789671,1.9374894828955906,1.114202454544477,0.4251700192479687,0.5073983376180267,-0.9651092530481183,0.3622330039975307,0.3669398329297387,-0.8811040932415929,-0.5239586809559564,-1.08649351912508,37,redgram,loamy soil
16005,0.23773100905010616,1.4177413322789671,-1.1127094486959972,1.114202454544477,0.27129407971252784,0.2844230777243119,-0.3850458754788079,-0.025344389186607738,0.3712584802124734,-0.8722327009015209,-0.5531214377163185,-1.2067518519181129,37,redgram,loamy soil
16007,0.23773100905010616,1.4177413322789671,1.4291229942969927,1.114202454544477,0.5790459587834081,0.3354428405813482,-0.8968665027458468,0.4989094634332115,0.26329229814410077,-1.0851461170632513,-1.4046739351188906,-0.638257915078321,37,redgram,loamy soil
16009,0.23773100905010616,1.4177413322789671,1.9374894828955906,1.114202454544477,0.27129407971252784,0.524404925237039,-0.6750775642634631,-0.5403367979432291,0.3539838910815341,-0.8012615621809439,-1.2180322918525734,-0.9152164996925787,37,redgram,loamy soil
16011,0.23773100905010616,1.4177413322789671,-1.1127094486959972,1.114202454544477,-0.036457799358352465,0.6207755884114412,-0.9992306281992548,-0.5341625020344302,0.29352282912324523,-0.9579894935222178,-1.1772044323880666,-0.842332661636195,37,redgram,loamy soil
16013,0.23773100905010616,1.4177413322789671,1.4291229942969927,1.114202454544477,0.5790459587834081,0.7152566307392866,-0.8456844400191428,0.5090128567385189,0.29352282912324523,-0.9284181857219775,-0.8797443134323736,-0.6601230664952361,37,redgram,loamy soil
16017,0.23773100905010616,1.4177413322789671,-1.1127094486959972,1.114202454544477,0.27129407971252784,0.36756639497281596,-0.3850458754788079,1.4191602036582587,0.3496652437987988,-0.9579894935222178,-1.626310886497642,-0.7840255911910882,37,redgram,loamy soil
16019,0.23773100905010616,1.4177413322789671,1.4291229942969927,1.114202454544477,0.27129407971252784,0.613217105025214,0.46798850329959013,0.5819818083879584,0.31511606553691973,-0.6652335462998384,-1.3055205621336596,-0.9334374592066745,37,redgram,loamy soil
16021,0.23773100905010616,1.4177413322789671,1.9374894828955906,1.114202454544477,0.4251700192479687,0.37134563666592957,-0.3679851879032397,-0.3666145630547554,0.3410279492333289,-0.7243761619003192,-0.558953989068391,-0.904283923984121,37,redgram,loamy soil
16025,0.23773100905010616,1.4177413322789671,1.4291229942969927,1.114202454544477,0.11741814017708838,0.4885021291524576,-0.18031762457199252,0.7899433205888609,0.20714988346854712,-0.9757322782023621,-1.3288507675419494,-0.7949581668995458,37,redgram,loamy soil
16027,0.23773100905010616,1.4177413322789671,1.9374894828955906,1.114202454544477,-0.036457799358352465,0.5640869630147339,0.7409595045086778,0.8474765324663035,0.40148901119161784,-1.1206316864235397,-1.2121997405005012,-1.1192912462504527,37,redgram,loamy soil
16031,0.23773100905010616,1.4177413322789671,1.4291229942969927,1.114202454544477,-0.036457799358352465,0.21450710640170628,-0.6238955015367591,-0.19710207537682675,0.2589736508613661,-0.7036762464401508,-1.4746645513437595,-0.7330069045516197,37,redgram,loamy soil
16033,0.23773100905010616,1.4177413322789671,1.9374894828955906,1.114202454544477,0.11741814017708838,0.5546388587819494,-0.8627451275947109,0.8822771094068057,0.2330617671649563,-1.1502029942237801,-0.926404724248953,-0.7220743288431622,37,redgram,loamy soil
16039,0.23773100905010616,1.4177413322789671,1.9374894828955906,1.114202454544477,0.4251700192479687,0.3921314659780554,-0.6409561891123273,0.31452253561135873,0.3323906546678596,-1.1117602940834674,-0.570619091772536,-1.305145033294231,37,redgram,loamy soil
16045,0.23773100905010616,1.4177413322789671,1.9374894828955906,1.114202454544477,0.27129407971252784,0.2598580067190719,0.8092022548109493,1.0088501755371795,0.2460177090131615,-0.6474907616196942,-0.7106003242222737,-0.8058907426080033,37,redgram,loamy soil
16047,0.23773100905010616,1.4177413322789671,-1.1127094486959972,1.114202454544477,-0.19033373889379193,0.7341528392048556,-0.2656210624498323,-0.28775196531055375,0.3712584802124734,-1.0348748938028427,-1.5096598594561939,-1.188530892404017,37,redgram,loamy soil
16055,0.23773100905010616,1.4177413322789671,1.4291229942969927,1.114202454544477,0.27129407971252784,0.5565284796285067,-0.026771436391880492,-0.33181398611425356,0.30216012368871514,-0.6859334617600066,-1.3755111783585285,-1.1775983166955595,37,redgram,loamy soil
16057,0.23773100905010616,1.4177413322789671,1.9374894828955906,1.114202454544477,0.11741814017708838,0.6434510385701244,0.6215346914797015,0.46775733407518183,0.21578717803401704,-0.9875608013224582,-0.7747583890950703,-1.2869240737801348,37,redgram,loamy soil
16061,0.23773100905010616,1.4177413322789671,1.4291229942969927,1.114202454544477,0.11741814017708838,0.5603077213216203,0.43386712814845435,1.0374764565688828,0.40148901119161784,-0.8604041777814246,-1.2063671891484287,-1.0354748324856116,37,redgram,loamy soil
16063,0.23773100905010616,1.4177413322789671,1.9374894828955906,1.114202454544477,0.4251700192479687,0.6547887636494657,-0.0608928115430169,1.0714350840672755,0.3280720073851243,-0.6356622384995981,-0.8039211458554324,-1.1593773571814636,37,redgram,loamy soil
16065,0.23773100905010616,1.4177413322789671,-1.1127094486959972,1.114202454544477,0.27129407971252784,0.4072484327505109,-0.8798058151702786,1.383517677275648,0.4187636003225577,-0.9136325318218573,-1.3638460756543838,-1.0755609434166225,37,redgram,loamy soil
16067,0.23773100905010616,1.4177413322789671,1.4291229942969927,1.114202454544477,0.4251700192479687,0.2239552106344908,-0.026771436391880492,0.23678253712330222,0.22442447259948697,-0.7598617312606075,-1.083883610754908,-1.2431937709463048,37,redgram,loamy soil
16069,0.23773100905010616,1.4177413322789671,1.9374894828955906,1.114202454544477,-0.036457799358352465,0.5262945460835958,0.2973816275439105,0.9468265666351561,0.3453465965160642,-1.1590743865638522,-1.4338366918792524,-0.9334374592066745,37,redgram,loamy soil
16071,0.23773100905010616,1.4177413322789671,-1.1127094486959972,1.114202454544477,0.11741814017708838,0.3770144992056005,-0.009710748816312897,-0.13114936907829486,0.40580765847435246,-0.8781469624615689,-0.7339305296305633,-0.7585162478713541,37,redgram,loamy soil
16073,0.23773100905010616,1.4177413322789671,1.4291229942969927,1.114202454544477,0.5790459587834081,0.3789041200521573,0.38268506542175035,-0.5291108053817768,0.22442447259948697,-1.2063884790442367,-0.8972419674885911,-1.1411563976673678,37,redgram,loamy soil
16075,0.23773100905010616,1.4177413322789671,1.9374894828955906,1.114202454544477,-0.036457799358352465,0.5357426503163804,-0.6580168766878955,0.4744929296120534,0.21578717803401704,-1.2093456098242608,-1.013892994530039,-0.7439394802600772,37,redgram,loamy soil
16077,0.23773100905010616,1.4177413322789671,-1.1127094486959972,1.114202454544477,0.27129407971252784,0.6510095219563521,0.4168064405728861,0.1915979170634569,0.28920418184051055,-1.1590743865638522,-1.538822616216556,-0.6892766017177895,37,redgram,loamy soil
16079,0.23773100905010616,1.4177413322789671,1.4291229942969927,1.114202454544477,0.4251700192479687,0.6037690007924295,0.28032093996834234,-0.39299564557416844,0.3583025383642688,-0.6504478923997183,-1.567985372976918,-0.6564788745924169,37,redgram,loamy soil
16081,0.23773100905010616,1.4177413322789671,1.9374894828955906,1.114202454544477,0.4251700192479687,0.730373597511742,0.1438354393637991,0.38861408651694346,0.2589736508613661,-1.1147174248634917,-0.6406097079974047,-0.7585162478713541,37,redgram,loamy soil
16083,0.23773100905010616,1.4177413322789671,-1.1127094486959972,1.114202454544477,-0.036457799358352465,0.6585680053425793,0.502109878450726,-0.08596474901844955,0.3539838910815341,-0.9846036705424341,-0.7047677728702012,-0.900639732081302,37,redgram,loamy soil
16085,0.23773100905010616,1.4177413322789671,1.4291229942969927,1.114202454544477,0.4251700192479687,0.3335532197347914,-0.0779534991185845,0.15314889254048286,0.2330617671649563,-0.7273332926803431,-1.1013812648111252,-1.1848867005011978,37,redgram,loamy soil
16087,0.23773100905010616,1.4177413322789671,1.9374894828955906,1.114202454544477,0.27129407971252784,0.5678662047078481,-0.40210656305437614,-0.05284807096216559,0.40580765847435246,-0.8367471315412324,-0.9730651350655322,-0.9917445296517814,37,redgram,loamy soil
16089,0.23773100905010616,1.4177413322789671,-1.1127094486959972,1.114202454544477,-0.036457799358352465,0.2428514191000599,-0.7091989394145989,1.386324175416011,0.39717036390888316,-0.6534050231797421,-1.4221715891751077,-0.6601230664952361,37,redgram,loamy soil
16091,0.23773100905010616,1.4177413322789671,1.4291229942969927,1.114202454544477,0.27129407971252784,0.3392220822744621,-0.026771436391880492,-0.10953933339749951,0.29784147640597985,-0.8278757392011604,-1.538822616216556,-1.0391190243884307,37,redgram,loamy soil
16095,0.23773100905010616,1.4177413322789671,-1.1127094486959972,1.114202454544477,0.11741814017708838,0.7095877681996161,0.7068381293575413,-0.4148863310690002,0.2589736508613661,-1.1028889017433956,-0.7922560431512874,-0.8933513482756635,37,redgram,loamy soil
16097,0.23773100905010616,1.4177413322789671,1.4291229942969927,1.114202454544477,-0.036457799358352465,0.4866125083059008,0.7068381293575413,-0.6871166506842169,0.29352282912324523,-0.9077182702618092,-1.2063671891484287,-0.8569094292474717,37,redgram,loamy soil
16099,0.23773100905010616,1.4177413322789671,1.9374894828955906,1.114202454544477,-0.036457799358352465,0.6510095219563521,0.2973816275439105,0.5339906901877498,0.40148901119161784,-1.1442887326637319,-1.5854830270331353,-1.1411563976673678,37,redgram,loamy soil
16101,0.23773100905010616,1.4177413322789671,-1.1127094486959972,1.114202454544477,0.5790459587834081,0.6850226971943761,-0.7603810021413029,0.1076836226666015,0.3583025383642688,-0.6504478923997183,-1.4338366918792524,-0.8314000859277376,37,redgram,loamy soil
16103,0.23773100905010616,1.4177413322789671,1.4291229942969927,1.114202454544477,0.4251700192479687,0.5867624131734172,-0.7945023772924388,0.46775733407518183,0.38853306934341325,-1.0881032478432753,-0.6697724647577666,-0.8569094292474717,37,redgram,loamy soil
16105,0.23773100905010616,1.4177413322789671,1.9374894828955906,1.114202454544477,0.11741814017708838,0.7228151141255142,-0.5727134388100558,0.04453741450843268,0.3712584802124734,-1.1856885635840684,-1.0255580972341838,-0.6163927636614059,37,redgram,loamy soil
16107,0.23773100905010616,1.4177413322789671,-1.1127094486959972,1.114202454544477,-0.19033373889379193,0.3297739780416775,-1.0845340660770946,0.06474420111904651,0.30216012368871514,-0.9846036705424341,-0.827251351263722,-0.9261490754010362,37,redgram,loamy soil
16109,0.23773100905010616,1.4177413322789671,1.4291229942969927,1.114202454544477,0.4251700192479687,0.45070971222131945,-1.1527768163793661,0.7399876536903985,0.33670930195059423,-0.9727751474223381,-0.9672325837134597,-0.6601230664952361,37,redgram,loamy soil
16111,0.23773100905010616,1.4177413322789671,1.9374894828955906,1.114202454544477,0.11741814017708838,0.4582681956075472,0.7750808796598135,0.2836510560673651,0.22442447259948697,-0.889975485581665,-0.5181261296038844,-0.9334374592066745,37,redgram,loamy soil
16113,0.23773100905010616,1.4177413322789671,-1.1127094486959972,1.114202454544477,0.4251700192479687,0.6831330763478193,-0.4874100009322159,-0.6430546298805168,0.37557712749520866,-0.7214190311202952,-0.838916453967867,-0.8314000859277376,37,redgram,loamy soil
16115,0.23773100905010616,1.4177413322789671,1.4291229942969927,1.114202454544477,0.11741814017708838,0.613217105025214,-0.23149968729869652,0.38552693856254433,0.3539838910815341,-0.8071758237409921,-1.183036983740139,-0.6163927636614059,37,redgram,loamy soil
16119,0.23773100905010616,1.4177413322789671,-1.1127094486959972,1.114202454544477,0.11741814017708838,0.5451907545491649,-0.8968665027458468,0.05295690892952186,0.27624823999230536,-1.0260035014627706,-1.2121997405005012,-0.6163927636614059,37,redgram,loamy soil
16121,0.23773100905010616,1.4177413322789671,1.4291229942969927,1.114202454544477,0.11741814017708838,0.6925811805806039,-0.026771436391880492,1.2067082944327752,0.3583025383642688,-0.6948048541000789,-1.0197255458821115,-1.0099654891658774,37,redgram,loamy soil
16123,0.23773100905010616,1.4177413322789671,1.9374894828955906,1.114202454544477,0.11741814017708838,0.3959107076711696,0.2461995648172065,1.0414055539653913,0.3194347128196544,-1.049660547702963,-1.4163390378230354,-0.6054601879529484,37,redgram,loamy soil
16125,0.23773100905010616,1.4177413322789671,-1.1127094486959972,1.114202454544477,-0.19033373889379193,0.4374823662954213,-0.5727134388100558,1.2297215791837524,0.23738041444769156,-1.1738600404639723,-1.439669243231325,-1.08649351912508,37,redgram,loamy soil
16127,0.23773100905010616,1.4177413322789671,1.4291229942969927,1.114202454544477,-0.036457799358352465,0.652899142802909,-0.29974243760096814,-0.24256734525070842,0.23738041444769156,-1.2152598713843088,-0.558953989068391,-0.6309695312726828,37,redgram,loamy soil
16129,0.23773100905010616,1.4177413322789671,1.9374894828955906,1.114202454544477,-0.19033373889379193,0.5943208965596449,0.5191705660262941,0.19580766427400148,0.39717036390888316,-0.7450760773604873,-0.5122935782518119,-0.638257915078321,37,redgram,loamy soil
16131,0.23773100905010616,1.4177413322789671,-1.1127094486959972,1.114202454544477,0.27129407971252784,0.3789041200521573,-0.9821699406236866,0.5014353117595385,0.29784147640597985,-1.1620315173438762,-0.7805909404471428,-1.254126346654762,37,redgram,loamy soil
16133,0.23773100905010616,1.4177413322789671,1.4291229942969927,1.114202454544477,0.11741814017708838,0.46771629984033175,-0.5385920636589193,0.7043451273077875,0.3583025383642688,-1.1206316864235397,-1.142209124275632,-0.9589468025264087,37,redgram,loamy soil
16135,0.23773100905010616,1.4177413322789671,1.9374894828955906,1.114202454544477,0.27129407971252784,0.5773143089406326,-0.8286237524435751,-0.7513854580985309,0.267610945426836,-0.6563621539597663,-1.1655393296839218,-0.8714861968587484,37,redgram,loamy soil
16137,0.23773100905010616,1.4177413322789671,-1.1127094486959972,1.114202454544477,-0.036457799358352465,0.20505900216892176,-0.8286237524435751,0.21236600330214347,0.30216012368871514,-1.0082607167826263,-1.2296973945567182,-0.8714861968587484,37,redgram,loamy soil
16139,0.23773100905010616,1.4177413322789671,1.4291229942969927,1.114202454544477,0.4251700192479687,0.29576080280365324,0.502109878450726,-0.6935715964070518,0.3583025383642688,-1.0644462016030831,-0.6114469512370426,-1.2650589223632198,37,redgram,loamy soil
16141,0.23773100905010616,1.4177413322789671,1.9374894828955906,1.114202454544477,0.11741814017708838,0.5357426503163804,-0.4362279382055119,-0.23498980027172803,0.33670930195059423,-1.2093456098242608,-0.9963953404738217,-1.1739541247927403,37,redgram,loamy soil
16143,0.23773100905010616,1.4177413322789671,-1.1127094486959972,1.114202454544477,0.5790459587834081,0.6982500431202748,-0.6409561891123273,1.3077422274858452,0.29784147640597985,-1.0703604631631312,-0.9147396215448081,-1.3160776090026882,37,redgram,loamy soil
16147,0.23773100905010616,1.4177413322789671,1.9374894828955906,1.114202454544477,0.11741814017708838,0.20316938132236467,0.46798850329959013,0.6316568254723847,0.22874311988222162,-1.067403332383107,-0.7864234917992149,-0.9881003377489622,37,redgram,loamy soil
16149,0.23773100905010616,1.4177413322789671,-1.1127094486959972,1.114202454544477,-0.19033373889379193,0.3222154946554501,0.8092022548109493,1.2417895211873133,0.39717036390888316,-1.0437462861429148,-1.1363765729235598,-1.0536957919997074,37,redgram,loamy soil
16151,0.23773100905010616,1.4177413322789671,1.4291229942969927,1.114202454544477,-0.036457799358352465,0.705808526506502,-0.0779534991185845,0.09308983233671347,0.22442447259948697,-1.0555748092630108,-1.4163390378230354,-1.305145033294231,37,redgram,loamy soil
16153,0.23773100905010616,1.4177413322789671,1.9374894828955906,1.114202454544477,0.27129407971252784,0.2711957317984135,0.28032093996834234,-0.46820979573589827,0.38421442206067796,-1.0230463706827464,-0.558953989068391,-0.802246550705184,37,redgram,loamy soil
16155,0.23773100905010616,1.4177413322789671,-1.1127094486959972,1.114202454544477,-0.036457799358352465,0.2768645943380842,-0.9992306281992548,-0.34528517718799645,0.40148901119161784,-0.8958897471417131,-1.0605534053466183,-1.0208980648743347,37,redgram,loamy soil
16157,0.23773100905010616,1.4177413322789671,1.4291229942969927,1.114202454544477,0.11741814017708838,0.4299238829091936,-1.1527768163793661,-0.7555952053090754,0.28488553455777527,-0.7362046850204153,-0.7164328755743462,-1.1229354381532717,37,redgram,loamy soil
16159,0.23773100905010616,1.4177413322789671,1.9374894828955906,1.114202454544477,0.27129407971252784,0.3978003285177264,0.024410626334822903,0.4806672255208516,0.2330617671649563,-1.1088031633034436,-1.1013812648111252,-1.046407408194069,37,redgram,loamy soil
16161,0.23773100905010616,1.4177413322789671,-1.1127094486959972,1.114202454544477,0.4251700192479687,0.3297739780416775,-0.7603810021413029,-0.19233102853820974,0.4187636003225577,-0.7657759928206557,-0.9672325837134597,-0.8569094292474717,37,redgram,loamy soil
16163,0.23773100905010616,1.4177413322789671,1.4291229942969927,1.114202454544477,-0.19033373889379193,0.4525993330678768,-0.6580168766878955,-0.057899767614818964,0.31511606553691973,-0.960946624302242,-1.2005346377963562,-0.6856324098149705,37,redgram,loamy soil
16165,0.23773100905010616,1.4177413322789671,1.9374894828955906,1.114202454544477,0.27129407971252784,0.3373324614279053,-0.4874100009322159,-0.18475348355922935,0.40148901119161784,-1.0141749783426746,-0.8097536972075049,-0.7002091774262471,37,redgram,loamy soil
16171,0.23773100905010616,1.4177413322789671,1.9374894828955906,1.114202454544477,0.5790459587834081,0.7492698059773111,0.7238988169331095,1.1907112550327055,0.31511606553691973,-0.6445336308396702,-1.0080604431779667,-0.6601230664952361,37,redgram,loamy soil
16173,0.23773100905010616,1.4177413322789671,-1.1127094486959972,1.114202454544477,0.27129407971252784,0.6302236926442257,0.28032093996834234,0.9821884432037303,0.3323906546678596,-0.8692755701214968,-1.6204783351455698,-0.6929207936206087,37,redgram,loamy soil
16175,0.23773100905010616,1.4177413322789671,1.4291229942969927,1.114202454544477,-0.036457799358352465,0.29387118195709644,-0.7774416897168711,0.8300762439960525,0.30216012368871514,-0.9432038396220976,-0.838916453967867,-0.7257185207459812,37,redgram,loamy soil
16179,0.23773100905010616,1.4177413322789671,-1.1127094486959972,1.114202454544477,0.11741814017708838,0.5546388587819494,-0.7603810021413029,0.6493377637566718,0.40580765847435246,-0.9165896626018815,-1.4105064864709629,-1.268703114266039,37,redgram,loamy soil
16183,0.23773100905010616,1.4177413322789671,1.9374894828955906,1.114202454544477,0.4251700192479687,0.3297739780416775,0.43386712814845435,-0.006260201832138748,0.3453465965160642,-0.6741049386399105,-1.59714812973728,-1.3197218009055074,37,redgram,loamy soil
16185,0.23773100905010616,1.4177413322789671,-1.1127094486959972,1.114202454544477,0.4251700192479687,0.36945601581937276,0.31444231511947873,0.8224986990170727,0.3280720073851243,-1.058531940043035,-1.3580135243023115,-0.6674114503008746,37,redgram,loamy soil
16187,0.23773100905010616,1.4177413322789671,1.4291229942969927,1.114202454544477,-0.19033373889379193,0.3770144992056005,0.2461995648172065,-0.5639113823222787,0.29352282912324523,-0.8781469624615689,-1.2938554594295149,-0.8969955401784827,37,redgram,loamy soil
16189,0.23773100905010616,1.4177413322789671,1.9374894828955906,1.114202454544477,0.11741814017708838,0.41669653698329545,0.5703526287529982,1.0169890201442326,0.33670930195059423,-0.8781469624615689,-1.2355299459087907,-0.7111417531347046,37,redgram,loamy soil
16191,0.23773100905010616,1.4177413322789671,-1.1127094486959972,1.114202454544477,0.5790459587834081,0.6774642138081484,-0.4191672506299437,0.02825972529432675,0.3453465965160642,-1.0112178475626503,-0.5531214377163185,-0.9079281158869403,37,redgram,loamy soil
16195,0.23773100905010616,1.4177413322789671,1.9374894828955906,1.114202454544477,-0.036457799358352465,0.41480691613673865,-1.135716128803798,1.1413168877623159,0.267610945426836,-1.1354173403236598,-1.4746645513437595,-1.0354748324856116,37,redgram,loamy soil
16197,0.23773100905010616,1.4177413322789671,-1.1127094486959972,1.114202454544477,0.4251700192479687,0.7133670098927297,-0.4874100009322159,-0.28606806642633587,0.21146853075128177,-1.1413316018837079,-0.9030745188406631,-0.7949581668995458,37,redgram,loamy soil
16199,0.23773100905010616,1.4177413322789671,1.4291229942969927,1.114202454544477,0.11741814017708838,0.20505900216892176,0.6727167542064055,0.4267824612258814,0.42308224760529234,-0.8337900007612083,-0.5356237836601014,-0.7767372073854499,37,redgram,loamy soil
16201,0.23773100905010616,1.4177413322789671,1.9374894828955906,1.114202454544477,0.4251700192479687,0.6396717968770103,-0.5385920636589193,0.6597218068760153,0.3280720073851243,-0.9905179321024823,-1.083883610754908,-1.3233659928083268,37,redgram,loamy soil
16203,0.23773100905010616,1.4177413322789671,-1.1127094486959972,1.114202454544477,-0.036457799358352465,0.5943208965596449,0.05853200148595931,0.09758022936129443,0.2201058253167517,-0.6681906770798623,-0.5414563350121739,-1.064628367708165,37,redgram,loamy soil
16205,0.23773100905010616,1.4177413322789671,1.4291229942969927,1.114202454544477,0.11741814017708838,0.6491199011097948,-0.4703493133566477,-0.5577370864134799,0.31511606553691973,-1.156117255783828,-0.7222654269264187,-0.9115723077897594,37,redgram,loamy soil
16207,0.23773100905010616,1.4177413322789671,1.9374894828955906,1.114202454544477,0.4251700192479687,0.4431512288350923,-0.6580168766878955,0.6597218068760153,0.33670930195059423,-0.6977619848801027,-0.5414563350121739,-1.0573399839025266,37,redgram,loamy soil
16209,0.23773100905010616,1.4177413322789671,-1.1127094486959972,1.114202454544477,0.4251700192479687,0.280643836031198,0.5874133163285657,1.3610656921527433,0.36262118564700346,-0.7332475542403912,-0.6872701188139841,-1.1958192762096556,37,redgram,loamy soil
16211,0.23773100905010616,1.4177413322789671,1.4291229942969927,1.114202454544477,0.27129407971252784,0.2126174855551492,0.26326025239277473,0.6737542975778306,0.4187636003225577,-0.8544899162213766,-0.7922560431512874,-0.8751303887615676,37,redgram,loamy soil
16217,0.23773100905010616,1.4177413322789671,1.4291229942969927,1.114202454544477,0.11741814017708838,0.320325873808893,-0.9651092530481183,-0.2815776694017549,0.31079741825418505,-0.9047611394817852,-0.9439023783051701,-1.0026771053602388,37,redgram,loamy soil
16219,0.23773100905010616,1.4177413322789671,1.9374894828955906,1.114202454544477,0.5790459587834081,0.4885021291524576,0.5362312536018617,1.0144631718179056,0.3280720073851243,-0.9313753165020016,-0.827251351263722,-0.8933513482756635,37,redgram,loamy soil
16221,0.23773100905010616,1.4177413322789671,-1.1127094486959972,1.114202454544477,0.27129407971252784,0.4280342620626368,-0.3168031251765363,-0.06323211408150903,0.28488553455777527,-0.9225039241619294,-1.1772044323880666,-0.9589468025264087,37,redgram,loamy soil
16223,0.23773100905010616,1.4177413322789671,1.4291229942969927,1.114202454544477,-0.036457799358352465,0.5470803753957222,-0.0608928115430169,-0.4645613481534264,0.31511606553691973,-0.6918477233200547,-0.7630932863909253,-0.6419021069811403,37,redgram,loamy soil
16225,0.23773100905010616,1.4177413322789671,1.9374894828955906,1.114202454544477,-0.036457799358352465,0.6793538346547058,-0.8115630648680069,-0.792640980761868,0.30216012368871514,-0.8663184393414728,-1.1947020864442839,-1.0354748324856116,37,redgram,loamy soil
16227,0.23773100905010616,1.4177413322789671,-1.1127094486959972,1.114202454544477,0.4251700192479687,0.7247047349720711,0.877445005113221,0.828672994925871,0.30216012368871514,-1.0851461170632513,-0.8622466593761565,-1.0901377110278991,37,redgram,loamy soil
16229,0.23773100905010616,1.4177413322789671,1.4291229942969927,1.114202454544477,-0.036457799358352465,0.22017596894137695,-0.4874100009322159,-0.6851521019859627,0.42308224760529234,-0.79830443140092,-0.8330839026157945,-0.6455462988839594,37,redgram,loamy soil
16231,0.23773100905010616,1.4177413322789671,1.9374894828955906,1.114202454544477,-0.036457799358352465,0.4998398542317995,0.1438354393637991,0.8766641131260796,0.28920418184051055,-0.9254610549419534,-1.2763578053732976,-0.962590994429228,37,redgram,loamy soil
16233,0.23773100905010616,1.4177413322789671,-1.1127094486959972,1.114202454544477,-0.036457799358352465,0.28253345687775483,0.877445005113221,-0.13283326796251277,0.2201058253167517,-0.6563621539597663,-1.5154924108082664,-0.6163927636614059,37,redgram,loamy soil
16235,0.23773100905010616,1.4177413322789671,1.4291229942969927,1.114202454544477,-0.19033373889379193,0.24852028163973056,-0.4191672506299437,0.6571959585496883,0.3323906546678596,-1.1945599559241407,-0.5881167458287531,-1.2942124575857732,37,redgram,loamy soil
16237,0.23773100905010616,1.4177413322789671,1.9374894828955906,1.114202454544477,-0.19033373889379193,0.278754215184641,0.33150300269504634,1.4233699508688034,0.39717036390888316,-0.7539474697005595,-1.3930088324147458,-1.144800589570187,37,redgram,loamy soil
16241,0.23773100905010616,1.4177413322789671,1.4291229942969927,1.114202454544477,0.27129407971252784,0.31087776957610846,-0.5385920636589193,0.10291257582798417,0.31511606553691973,-0.6711478078598865,-1.0605534053466183,-0.9917445296517814,37,redgram,loamy soil
16245,0.23773100905010616,1.4177413322789671,-1.1127094486959972,1.114202454544477,0.4251700192479687,0.5055087167714699,-0.11207487426972029,0.019840230873237573,0.36262118564700346,-0.889975485581665,-1.3113531134857321,-0.8386884697333759,37,redgram,loamy soil
16247,0.23773100905010616,1.4177413322789671,1.4291229942969927,1.114202454544477,0.4251700192479687,0.6566783844960226,-0.2485603748742641,0.029943624178544646,0.3669398329297387,-1.1265459479835878,-1.124711470219415,-0.7439394802600772,37,redgram,loamy soil
16249,0.23773100905010616,1.4177413322789671,1.9374894828955906,1.114202454544477,0.5790459587834081,0.20127976047580787,-0.3168031251765363,-0.16286279806439763,0.2201058253167517,-1.058531940043035,-1.538822616216556,-0.6892766017177895,37,redgram,loamy soil
16251,0.23773100905010616,1.4177413322789671,-1.1127094486959972,1.114202454544477,-0.036457799358352465,0.41669653698329545,-0.5727134388100558,0.6981708313989887,0.2589736508613661,-1.1295030787636118,-0.6114469512370426,-0.7512278640657156,37,redgram,loamy soil
16257,0.23773100905010616,1.4177413322789671,-1.1127094486959972,1.114202454544477,0.4251700192479687,0.6793538346547058,-1.1015947536526622,1.3015679315770463,0.3280720073851243,-0.6652335462998384,-1.626310886497642,-0.7002091774262471,37,redgram,loamy soil
16259,0.23773100905010616,1.4177413322789671,1.4291229942969927,1.114202454544477,0.4251700192479687,0.6736849721150348,0.3656243778461821,1.2883773903173406,0.23738041444769156,-0.8663184393414728,-0.7514281836867808,-1.2176844276265704,37,redgram,loamy soil
16261,0.23773100905010616,1.4177413322789671,1.9374894828955906,1.114202454544477,-0.19033373889379193,0.4280342620626368,-0.5556527512344875,0.47842202700856135,0.2503363562958962,-0.6415765000596461,-1.4455017945833974,-0.6674114503008746,37,redgram,loamy soil
16263,0.23773100905010616,1.4177413322789671,-1.1127094486959972,1.114202454544477,0.11741814017708838,0.2711957317984135,0.6385953790552698,0.0060883899854586475,0.29784147640597985,-1.138374471103684,-0.5997818485328981,-0.7913139749967266,37,redgram,loamy soil
16267,0.23773100905010616,1.4177413322789671,1.9374894828955906,1.114202454544477,-0.036457799358352465,0.5357426503163804,0.22913887724163892,1.0501056982005166,0.32375336010238964,-0.6445336308396702,-0.838916453967867,-1.0755609434166225,37,redgram,loamy soil
16269,0.23773100905010616,1.4177413322789671,-1.1127094486959972,1.114202454544477,0.5790459587834081,0.44882009137476264,0.33150300269504634,-0.5041329719325454,0.30216012368871514,-1.0703604631631312,-1.0022278918258942,-1.024542256777154,37,redgram,loamy soil
16271,0.23773100905010616,1.4177413322789671,1.4291229942969927,1.114202454544477,0.27129407971252784,0.6623472470356935,-0.09501418669415271,1.176117464702818,0.3539838910815341,-0.6563621539597663,-0.5647865404204635,-1.0901377110278991,37,redgram,loamy soil
16273,0.23773100905010616,1.4177413322789671,1.9374894828955906,1.114202454544477,0.27129407971252784,0.5716454464009617,-1.0162913157748223,0.45428614300143927,0.22442447259948697,-0.8367471315412324,-1.323018216189877,-1.1520889733758253,37,redgram,loamy soil
16275,0.23773100905010616,1.4177413322789671,-1.1127094486959972,1.114202454544477,0.27129407971252784,0.3807937408987141,-0.5556527512344875,0.03780181897156108,0.36262118564700346,-0.9225039241619294,-1.2063671891484287,-0.842332661636195,37,redgram,loamy soil
16277,0.23773100905010616,1.4177413322789671,1.4291229942969927,1.114202454544477,0.5790459587834081,0.5206256835439254,0.7238988169331095,0.13041625760354203,0.2503363562958962,-0.6681906770798623,-0.5239586809559564,-0.6309695312726828,37,redgram,loamy soil
16281,0.23773100905010616,1.4177413322789671,-1.1127094486959972,1.114202454544477,-0.036457799358352465,0.7095877681996161,-0.7433203145657353,1.3756594824826314,0.22442447259948697,-1.0260035014627706,-1.223864843204646,-1.1520889733758253,37,redgram,loamy soil
16283,0.23773100905010616,1.4177413322789671,1.4291229942969927,1.114202454544477,0.5790459587834081,0.20316938132236467,0.1097140642126627,0.24295683303210075,0.2546550035786308,-0.7273332926803431,-1.2413624972608632,-1.1921750843068362,37,redgram,loamy soil
16287,0.23773100905010616,1.4177413322789671,-1.1127094486959972,1.114202454544477,0.11741814017708838,0.5111775793111408,-0.9139271903214149,1.3369298081456213,0.21578717803401704,-0.9964321936625302,-1.2705252540212253,-0.8496210454418335,37,redgram,loamy soil
16289,0.23773100905010616,1.4177413322789671,1.4291229942969927,1.114202454544477,0.4251700192479687,0.6169963467183276,0.1438354393637991,0.7262358128026193,0.23738041444769156,-1.1827314328040446,-1.1363765729235598,-0.7038533693290664,37,redgram,loamy soil
16293,0.23773100905010616,1.4177413322789671,-1.1127094486959972,1.114202454544477,0.4251700192479687,0.4355927454488645,0.4509278157240219,0.16633943380018937,0.38421442206067796,-0.6829763309799826,-0.6931026701660566,-1.046407408194069,37,redgram,loamy soil
16295,0.23773100905010616,1.4177413322789671,1.4291229942969927,1.114202454544477,0.4251700192479687,0.7190358724324006,-0.0779534991185845,0.7113613726586953,0.3712584802124734,-0.9520752319621697,-0.4772982701393773,-1.0172538729715157,37,redgram,loamy soil
16299,0.23773100905010616,1.4177413322789671,-1.1127094486959972,1.114202454544477,-0.036457799358352465,0.5395218920094944,-0.5727134388100558,0.16325228584578994,0.22442447259948697,-1.0555748092630108,-0.7047677728702012,-1.246837962849124,37,redgram,loamy soil
16301,0.23773100905010616,1.4177413322789671,1.4291229942969927,1.114202454544477,-0.036457799358352465,0.484722887459344,-1.0845340660770946,-0.35566922030733955,0.2719295927095707,-0.7509903389205355,-1.3580135243023115,-0.6819882179121513,37,redgram,loamy soil
16303,0.23773100905010616,1.4177413322789671,1.9374894828955906,1.114202454544477,0.27129407971252784,0.3770144992056005,0.8603843175376533,0.23229214009872126,0.38421442206067796,-1.1827314328040446,-0.6756050161098391,-1.2359053871406662,37,redgram,loamy soil
16305,0.23773100905010616,1.4177413322789671,-1.1127094486959972,1.114202454544477,0.11741814017708838,0.25418914417940125,-1.0333520033503905,0.2597958218742791,0.28488553455777527,-1.1797743020240203,-1.2996880107815874,-1.04276321629125,37,redgram,loamy soil
16307,0.23773100905010616,1.4177413322789671,1.4291229942969927,1.114202454544477,0.4251700192479687,0.5716454464009617,-0.4874100009322159,0.07456694461031722,0.22442447259948697,-0.6711478078598865,-0.7980885945033599,-0.638257915078321,37,redgram,loamy soil
16311,0.23773100905010616,1.4177413322789671,-1.1127094486959972,1.114202454544477,0.27129407971252784,0.3959107076711696,-0.2656210624498323,0.008052938683712917,0.4187636003225577,-0.8663184393414728,-0.8739117620803011,-1.0026771053602388,37,redgram,loamy soil
16313,0.23773100905010616,1.4177413322789671,1.4291229942969927,1.114202454544477,0.5790459587834081,0.2844230777243119,0.26326025239277473,0.45849589021198384,0.3194347128196544,-1.2123027406042848,-1.538822616216556,-0.9589468025264087,37,redgram,loamy soil
16315,0.23773100905010616,1.4177413322789671,1.9374894828955906,1.114202454544477,0.4251700192479687,0.4469304705282059,-0.4191672506299437,0.6776833949743385,0.2503363562958962,-0.8012615621809439,-1.5854830270331353,-0.7512278640657156,37,redgram,loamy soil
16317,0.23773100905010616,1.4177413322789671,-1.1127094486959972,1.114202454544477,0.5790459587834081,0.42614464121608,-0.5215313760833518,1.3840789769037205,0.3669398329297387,-1.1738600404639723,-0.9497349296572426,-1.2796356899744965,37,redgram,loamy soil
16321,0.23773100905010616,1.4177413322789671,1.9374894828955906,1.114202454544477,0.4251700192479687,0.4790540249196731,-0.9480485654725508,0.9159550870911625,0.3928517166261479,-0.6622764155198144,-1.3755111783585285,-1.1520889733758253,37,redgram,loamy soil
16323,0.23773100905010616,1.4177413322789671,-1.1127094486959972,1.114202454544477,0.5790459587834081,0.6925811805806039,-0.1291355618452885,0.03106622343468981,0.33670930195059423,-1.1709029096839483,-1.323018216189877,-0.8168233183164607,37,redgram,loamy soil
16325,0.23773100905010616,1.4177413322789671,1.4291229942969927,1.114202454544477,-0.036457799358352465,0.26174762756562897,-0.4362279382055119,-0.6203219949435762,0.28920418184051055,-1.1413316018837079,-0.8214187999116495,-0.6564788745924169,37,redgram,loamy soil
16327,0.23773100905010616,1.4177413322789671,1.9374894828955906,1.114202454544477,-0.19033373889379193,0.5848727923268603,0.31444231511947873,-0.005698902204066327,0.3928517166261479,-1.061489070823059,-1.095548713459053,-1.0172538729715157,37,redgram,loamy soil
16329,0.23773100905010616,1.4177413322789671,-1.1127094486959972,1.114202454544477,0.27129407971252784,0.6793538346547058,0.041471313910391105,1.0178309695863414,0.39717036390888316,-1.1088031633034436,-0.6347771566453325,-0.6892766017177895,37,redgram,loamy soil
16331,0.23773100905010616,1.4177413322789671,1.4291229942969927,1.114202454544477,-0.19033373889379193,0.4242550203695232,0.6897774417819738,-0.7586823532634749,0.3928517166261479,-0.7923901698408718,-0.5414563350121739,-0.8168233183164607,37,redgram,loamy soil
16333,0.23773100905010616,1.4177413322789671,1.9374894828955906,1.114202454544477,0.11741814017708838,0.5848727923268603,-0.4703493133566477,-0.1423753616397471,0.2805668872750406,-1.138374471103684,-1.6379759892017869,-1.0500516000968882,37,redgram,loamy soil
16335,0.23773100905010616,1.4177413322789671,-1.1127094486959972,1.114202454544477,-0.036457799358352465,0.42047577867640906,0.6385953790552698,0.7298842603850918,0.41012630575708775,-1.1442887326637319,-1.4338366918792524,-0.6929207936206087,37,redgram,loamy soil
16337,0.23773100905010616,1.4177413322789671,1.4291229942969927,1.114202454544477,0.4251700192479687,0.7341528392048556,0.4168064405728861,-0.2804550701456097,0.3323906546678596,-0.8485756546613284,-0.8330839026157945,-0.6528346826895977,37,redgram,loamy soil
16339,0.23773100905010616,1.4177413322789671,1.9374894828955906,1.114202454544477,0.11741814017708838,0.5376322711629377,-0.8798058151702786,1.215689088481937,0.28920418184051055,-0.884061224021617,-0.8972419674885911,-0.638257915078321,37,redgram,loamy soil
16341,0.23773100905010616,1.4177413322789671,-1.1127094486959972,1.114202454544477,0.4251700192479687,0.7606075310566525,0.1950175020905025,0.5696332165703607,0.40148901119161784,-0.6445336308396702,-1.3171856648378044,-0.6710556422036936,37,redgram,loamy soil
16343,0.23773100905010616,1.4177413322789671,1.4291229942969927,1.114202454544477,-0.19033373889379193,0.6207755884114412,-0.45328862578107953,-0.7659792484284189,0.22442447259948697,-1.0999317709633714,-1.2413624972608632,-1.0354748324856116,37,redgram,loamy soil
16345,0.23773100905010616,1.4177413322789671,1.9374894828955906,1.114202454544477,-0.036457799358352465,0.6604576261891366,-0.35092450032767214,-0.5765406239539125,0.3712584802124734,-1.0200892399027226,-0.6406097079974047,-0.9698793782348663,37,redgram,loamy soil
16347,0.23773100905010616,1.4177413322789671,-1.1127094486959972,1.114202454544477,-0.19033373889379193,0.6793538346547058,-0.4191672506299437,0.014507884406547824,0.3323906546678596,-0.6681906770798623,-0.6931026701660566,-0.6163927636614059,37,redgram,loamy soil
16351,0.23773100905010616,1.4177413322789671,1.9374894828955906,1.114202454544477,0.11741814017708838,0.6169963467183276,0.7921415672353811,0.7192195674517117,0.3928517166261479,-0.887018354801641,-1.4571668972875422,-0.9152164996925787,37,redgram,loamy soil
16355,0.23773100905010616,1.4177413322789671,1.4291229942969927,1.114202454544477,0.4251700192479687,0.21072786470859242,-1.0162913157748223,0.13125820704565114,0.42308224760529234,-1.2182170021643328,-0.5822841944766806,-0.7147859450375238,37,redgram,loamy soil
16359,0.23773100905010616,1.4177413322789671,-1.1127094486959972,1.114202454544477,-0.19033373889379193,0.24852028163973056,-0.5044706885077835,0.530342242605278,0.39717036390888316,-0.9313753165020016,-0.8972419674885911,-1.064628367708165,37,redgram,loamy soil
16361,0.23773100905010616,1.4177413322789671,1.4291229942969927,1.114202454544477,0.11741814017708838,0.2693061109518564,-0.9651092530481183,0.8042564611047128,0.33670930195059423,-1.2211741329443568,-0.5939492971808256,-1.2213286195293895,37,redgram,loamy soil
16365,0.23773100905010616,1.4177413322789671,-1.1127094486959972,1.114202454544477,-0.036457799358352465,0.29954004449676713,0.8945056926887891,1.1668560208396195,0.28920418184051055,-0.6977619848801027,-1.2646927026691528,-1.1593773571814636,37,redgram,loamy soil
16367,0.23773100905010616,1.4177413322789671,1.4291229942969927,1.114202454544477,0.11741814017708838,0.711477389046173,-1.0333520033503905,0.46270563742252846,0.3453465965160642,-0.7716902543807036,-1.2355299459087907,-0.9407258430123129,37,redgram,loamy soil
16371,0.23773100905010616,1.4177413322789671,-1.1127094486959972,1.114202454544477,0.27129407971252784,0.7133670098927297,0.8092022548109493,-0.7230398268808639,0.3583025383642688,-0.8130900853010402,-0.856414108024084,-0.9698793782348663,37,redgram,loamy soil
16373,0.23773100905010616,1.4177413322789671,1.4291229942969927,1.114202454544477,-0.19033373889379193,0.5130672001576977,-0.45328862578107953,0.9179196357894167,0.2503363562958962,-0.7243761619003192,-0.5181261296038844,-0.6528346826895977,37,redgram,loamy soil
16375,0.23773100905010616,1.4177413322789671,1.9374894828955906,1.114202454544477,0.5790459587834081,0.4544889539144336,-0.8456844400191428,0.7902239704028975,0.39717036390888316,-0.8308328699811842,-1.083883610754908,-1.126579630056091,37,redgram,loamy soil
16377,0.23773100905010616,1.4177413322789671,-1.1127094486959972,1.114202454544477,0.4251700192479687,0.24663066079317375,0.38268506542175035,0.646250615802272,0.3798957747779433,-0.8781469624615689,-1.1480416756277045,-1.046407408194069,37,redgram,loamy soil
16379,0.23773100905010616,1.4177413322789671,1.4291229942969927,1.114202454544477,-0.19033373889379193,0.524404925237039,0.16089612693936672,0.5937691005774834,0.28488553455777527,-1.0378320245828667,-1.0372231999383288,-0.9370816511094937,37,redgram,loamy soil
16381,0.23773100905010616,1.4177413322789671,1.9374894828955906,1.114202454544477,0.11741814017708838,0.36945601581937276,0.5362312536018617,0.18851076910905748,0.31079741825418505,-1.058531940043035,-1.5271575135124111,-0.6929207936206087,37,redgram,loamy soil
16383,0.23773100905010616,1.4177413322789671,-1.1127094486959972,1.114202454544477,0.27129407971252784,0.5319634086232667,-1.0845340660770946,1.111006707846395,0.28488553455777527,-1.1916028251441166,-1.4804971026958318,-0.962590994429228,37,redgram,loamy soil
16385,0.23773100905010616,1.4177413322789671,1.4291229942969927,1.114202454544477,0.11741814017708838,0.7020292848133884,0.7409595045086778,1.0088501755371795,0.3712584802124734,-0.8604041777814246,-1.0022278918258942,-1.2249728114322087,37,redgram,loamy soil
16389,0.23773100905010616,1.4177413322789671,-1.1127094486959972,1.114202454544477,0.11741814017708838,0.7417113225910834,-0.7262596269901671,1.0265311138214666,0.37557712749520866,-1.1620315173438762,-1.2180322918525734,-1.0573399839025266,37,redgram,loamy soil
16391,0.23773100905010616,1.4177413322789671,1.4291229942969927,1.114202454544477,0.27129407971252784,0.3486701865072466,0.4168064405728861,1.063296239460223,0.31079741825418505,-0.8042186929609679,-1.5038273081041216,-0.8168233183164607,37,redgram,loamy soil
16393,0.23773100905010616,1.4177413322789671,1.9374894828955906,1.114202454544477,-0.036457799358352465,0.6623472470356935,0.43386712814845435,0.45344419355933047,0.2719295927095707,-1.156117255783828,-1.0255580972341838,-1.1994634681124745,37,redgram,loamy soil
16395,0.23773100905010616,1.4177413322789671,-1.1127094486959972,1.114202454544477,0.4251700192479687,0.5999897590993153,-0.7091989394145989,0.31339993635521357,0.39717036390888316,-1.1827314328040446,-1.0080604431779667,-0.8204675102192799,37,redgram,loamy soil
16397,0.23773100905010616,1.4177413322789671,1.4291229942969927,1.114202454544477,0.11741814017708838,0.29576080280365324,-0.3679851879032397,1.2583478602154556,0.31079741825418505,-0.8958897471417131,-0.9672325837134597,-0.6127485717585869,37,redgram,loamy soil
16401,0.23773100905010616,1.4177413322789671,-1.1127094486959972,1.114202454544477,0.11741814017708838,0.3278843571951207,-0.7091989394145989,0.8196922008767097,0.32375336010238964,-1.1472458634437561,-1.171371881035994,-0.900639732081302,37,redgram,loamy soil
16403,0.23773100905010616,1.4177413322789671,1.4291229942969927,1.114202454544477,0.11741814017708838,0.5130672001576977,-0.8456844400191428,0.04397611488035994,0.2330617671649563,-1.046703416922939,-1.0663859566986909,-0.7548720559685348,37,redgram,loamy soil
16405,0.23773100905010616,1.4177413322789671,1.9374894828955906,1.114202454544477,0.4251700192479687,0.5451907545491649,-0.29974243760096814,0.31452253561135873,0.3496652437987988,-0.884061224021617,-1.398841383766818,-0.6346137231755018,37,redgram,loamy soil
16411,0.23773100905010616,1.4177413322789671,1.9374894828955906,1.114202454544477,0.27129407971252784,0.6037690007924295,0.09265337663709511,1.3675206378755782,0.21578717803401704,-1.1709029096839483,-1.4105064864709629,-0.9407258430123129,37,redgram,loamy soil
16413,0.23773100905010616,1.4177413322789671,-1.1127094486959972,1.114202454544477,0.4251700192479687,0.2239552106344908,-0.6409561891123273,-0.47522604108680594,0.41012630575708775,-0.9846036705424341,-0.827251351263722,-1.254126346654762,37,redgram,loamy soil
16415,0.23773100905010616,1.4177413322789671,1.4291229942969927,1.114202454544477,-0.036457799358352465,0.4242550203695232,-0.5897741263856233,-0.5664372306486054,0.41444495303982243,-0.6327051077195741,-1.2705252540212253,-0.8860629644700253,37,redgram,loamy soil
16417,0.23773100905010616,1.4177413322789671,1.9374894828955906,1.114202454544477,0.11741814017708838,0.2863126985708687,-0.35092450032767214,-0.797412027600485,0.22874311988222162,-1.1916028251441166,-1.2880229080774424,-0.6309695312726828,37,redgram,loamy soil
16419,0.23773100905010616,1.4177413322789671,-1.1127094486959972,1.114202454544477,-0.036457799358352465,0.35622866989347407,-0.3679851879032397,0.7523362455079963,0.3712584802124734,-1.1147174248634917,-1.183036983740139,-0.962590994429228,37,redgram,loamy soil
16423,0.23773100905010616,1.4177413322789671,1.9374894828955906,1.114202454544477,0.5790459587834081,0.7492698059773111,0.3485636902706145,0.690593286420009,0.41444495303982243,-0.795347300620896,-1.1480416756277045,-0.7366510964544389,37,redgram,loamy soil
16425,0.23773100905010616,1.4177413322789671,-1.1127094486959972,1.114202454544477,0.11741814017708838,0.43370312460230775,0.024410626334822903,0.6221147317951501,0.3539838910815341,-0.6356622384995981,-0.5297912323080289,-1.0609841758053458,37,redgram,loamy soil
16427,0.23773100905010616,1.4177413322789671,1.4291229942969927,1.114202454544477,-0.036457799358352465,0.46204743730066133,-0.6750775642634631,-0.5324786031502122,0.3928517166261479,-0.98164653976241,-1.5038273081041216,-1.1812425085983786,37,redgram,loamy soil
16429,0.23773100905010616,1.4177413322789671,1.9374894828955906,1.114202454544477,0.27129407971252784,0.6453406594166812,0.28032093996834234,1.358539843826417,0.2201058253167517,-1.1176745556435157,-0.7572607350388528,-1.0354748324856116,37,redgram,loamy soil
16431,0.23773100905010616,1.4177413322789671,-1.1127094486959972,1.114202454544477,-0.19033373889379193,0.7265943558186284,0.07559268906152691,1.409618109981024,0.3410279492333289,-0.8574470470014007,-1.0022278918258942,-0.6856324098149705,37,redgram,loamy soil
16433,0.23773100905010616,1.4177413322789671,1.4291229942969927,1.114202454544477,0.4251700192479687,0.6491199011097948,-0.11207487426972029,0.8848029577331321,0.21146853075128177,-1.1590743865638522,-0.7222654269264187,-0.9079281158869403,37,redgram,loamy soil
16435,0.23773100905010616,1.4177413322789671,1.9374894828955906,1.114202454544477,0.5790459587834081,0.5735350672475185,0.21207818966607073,1.1174616535692299,0.2589736508613661,-0.9136325318218573,-0.8097536972075049,-0.9152164996925787,37,redgram,loamy soil
16437,0.23773100905010616,1.4177413322789671,-1.1127094486959972,1.114202454544477,0.11741814017708838,0.7360424600514129,-0.7603810021413029,0.038082468785597456,0.38421442206067796,-1.1502029942237801,-0.558953989068391,-0.900639732081302,37,redgram,loamy soil
16439,0.23773100905010616,1.4177413322789671,1.4291229942969927,1.114202454544477,0.27129407971252784,0.35622866989347407,0.1950175020905025,-0.46428069833939006,0.4187636003225577,-1.2152598713843088,-1.4921622053999766,-1.0281864486799732,37,redgram,loamy soil
16441,0.23773100905010616,1.4177413322789671,1.9374894828955906,1.114202454544477,0.27129407971252784,0.35622866989347407,-0.1973783121475601,-0.7379142670247884,0.38853306934341325,-1.0526176784829868,-0.7106003242222737,-0.6892766017177895,37,redgram,loamy soil
16443,0.23773100905010616,1.4177413322789671,-1.1127094486959972,1.114202454544477,0.11741814017708838,0.4525993330678768,-0.9139271903214149,-0.10981998321153555,0.32375336010238964,-1.1709029096839483,-1.468831999991687,-0.7147859450375238,37,redgram,loamy soil
16447,0.23773100905010616,1.4177413322789671,1.9374894828955906,1.114202454544477,0.27129407971252784,0.6566783844960226,-0.3168031251765363,0.43856975341540577,0.21578717803401704,-1.0910603786232993,-0.9380698269530977,-1.0573399839025266,37,redgram,loamy soil
16449,0.23773100905010616,1.4177413322789671,-1.1127094486959972,1.114202454544477,0.4251700192479687,0.2863126985708687,-0.18031762457199252,-0.38485680096711533,0.41444495303982243,-1.0733175939431552,-0.9614000323613874,-1.2031076600152937,37,redgram,loamy soil
16451,0.23773100905010616,1.4177413322789671,1.4291229942969927,1.114202454544477,0.27129407971252784,0.2730853526449703,-0.7433203145657353,0.5233259972543702,0.3280720073851243,-0.7509903389205355,-0.5297912323080289,-1.0828493272222608,37,redgram,loamy soil
16455,0.23773100905010616,1.4177413322789671,-1.1127094486959972,1.114202454544477,-0.19033373889379193,0.26741649010529966,-0.6921382518390313,-0.6747680588666195,0.29784147640597985,-0.8574470470014007,-1.352180972950239,-0.9407258430123129,37,redgram,loamy soil
16459,0.23773100905010616,1.4177413322789671,1.9374894828955906,1.114202454544477,0.4251700192479687,0.3845729825918277,0.7068381293575413,1.3602237427106345,0.27624823999230536,-0.7776045159407518,-0.62894460529326,-1.0391190243884307,37,redgram,loamy soil
16461,0.23773100905010616,1.4177413322789671,-1.1127094486959972,1.114202454544477,0.27129407971252784,0.7568282893635389,0.38268506542175035,0.15763928956506382,0.27624823999230536,-1.0141749783426746,-1.1305440215714873,-0.8459768535390143,37,redgram,loamy soil
16465,0.23773100905010616,1.4177413322789671,1.9374894828955906,1.114202454544477,0.5790459587834081,0.632113313490783,-0.4703493133566477,0.6964869325147711,0.30216012368871514,-0.7214190311202952,-1.0897161621069804,-0.944370034915132,37,redgram,loamy soil
16467,0.23773100905010616,1.4177413322789671,-1.1127094486959972,1.114202454544477,0.4251700192479687,0.6264444509511121,0.8262629423865175,-0.6003958581469985,0.36262118564700346,-0.9372895780620495,-1.5154924108082664,-1.13022382195891,37,redgram,loamy soil
16469,0.23773100905010616,1.4177413322789671,1.4291229942969927,1.114202454544477,-0.19033373889379193,0.6075482424855431,0.7238988169331095,-0.02590568881468016,0.22874311988222162,-1.061489070823059,-0.9030745188406631,-1.312433417099869,37,redgram,loamy soil
16477,0.23773100905010616,1.4177413322789671,1.9374894828955906,1.114202454544477,0.27129407971252784,0.4072484327505109,-0.5044706885077835,0.09589633047707653,0.2460177090131615,-0.8456185238813044,-1.3696786270064563,-0.904283923984121,37,redgram,loamy soil
16479,0.23773100905010616,1.4177413322789671,-1.1127094486959972,1.114202454544477,0.27129407971252784,0.23718255656038922,0.502109878450726,-0.1342365170326943,0.41012630575708775,-0.9106754010418333,-0.8797443134323736,-1.330654376613965,37,redgram,loamy soil
16483,0.23773100905010616,1.4177413322789671,1.9374894828955906,1.114202454544477,0.11741814017708838,0.47338516238000267,0.05853200148595931,-0.5700856782310773,0.41012630575708775,-0.9077182702618092,-1.4105064864709629,-1.0937819029307183,37,redgram,loamy soil
16485,0.23773100905010616,1.4177413322789671,-1.1127094486959972,1.114202454544477,0.4251700192479687,0.6661264887288071,-0.7091989394145989,0.21741769995479684,0.3280720073851243,-0.9254610549419534,-0.7339305296305633,-0.6273253393698636,37,redgram,loamy soil
16487,0.23773100905010616,1.4177413322789671,1.4291229942969927,1.114202454544477,0.27129407971252784,0.671795351268478,-1.0674733785015265,0.3190129326359397,0.3798957747779433,-0.8367471315412324,-1.497994756752049,-0.9407258430123129,37,redgram,loamy soil
16489,0.23773100905010616,1.4177413322789671,1.9374894828955906,1.114202454544477,0.27129407971252784,0.4941709916921286,-0.9480485654725508,0.6939610841884442,0.2503363562958962,-0.9195467933819053,-1.3113531134857321,-1.144800589570187,37,redgram,loamy soil
16491,0.23773100905010616,1.4177413322789671,-1.1127094486959972,1.114202454544477,0.27129407971252784,0.39402108682461223,0.0073499387592553065,1.0506669978285892,0.2719295927095707,-1.1768171712439963,-1.2471950486129355,-1.1411563976673678,37,redgram,loamy soil
16493,0.23773100905010616,1.4177413322789671,1.4291229942969927,1.114202454544477,-0.036457799358352465,0.2900919402639826,-0.09501418669415271,-0.5653146313924602,0.267610945426836,-0.7125476387802229,-1.2180322918525734,-1.068272559610984,37,redgram,loamy soil
16495,0.23773100905010616,1.4177413322789671,1.9374894828955906,1.114202454544477,0.4251700192479687,0.5073983376180267,-0.9480485654725508,-0.43004142102696064,0.21578717803401704,-0.7036762464401508,-0.9847302377696769,-0.860553621150291,37,redgram,loamy soil
16497,0.23773100905010616,1.4177413322789671,-1.1127094486959972,1.114202454544477,0.4251700192479687,0.632113313490783,-0.8798058151702786,-0.5641920321363151,0.20714988346854712,-1.1531601250038042,-1.4629994486396145,-0.6783440260093321,37,redgram,loamy soil
16499,0.23773100905010616,1.4177413322789671,1.4291229942969927,1.114202454544477,0.11741814017708838,0.4412616079885349,0.48504919087515835,-0.743246613491478,0.2546550035786308,-1.0112178475626503,-1.3055205621336596,-1.13022382195891,37,redgram,loamy soil
16503,0.23773100905010616,1.4177413322789671,-1.1127094486959972,1.114202454544477,0.27129407971252784,0.21072786470859242,0.17795681451493492,0.1685846323124797,0.2589736508613661,-0.6652335462998384,-0.844749005319939,-1.2322611952378473,37,redgram,loamy soil
16505,0.23773100905010616,1.4177413322789671,1.4291229942969927,1.114202454544477,0.5790459587834081,0.6283340717976689,-0.35092450032767214,-0.7053588885965768,0.22442447259948697,-0.9136325318218573,-1.3288507675419494,-0.7548720559685348,37,redgram,loamy soil
16507,0.23773100905010616,1.4177413322789671,1.9374894828955906,1.114202454544477,-0.036457799358352465,0.6925811805806039,0.17795681451493492,1.3391750066579116,0.30216012368871514,-0.7923901698408718,-0.5414563350121739,-0.7986023588023649,37,redgram,loamy soil
16509,0.23773100905010616,1.4177413322789671,-1.1127094486959972,1.114202454544477,0.5790459587834081,0.34300132396757593,-0.8456844400191428,-0.6674711637016755,0.40580765847435246,-0.7302904234603671,-0.5064610268997394,-0.6528346826895977,37,redgram,loamy soil
16511,0.23773100905010616,1.4177413322789671,1.4291229942969927,1.114202454544477,-0.036457799358352465,0.3770144992056005,-0.0608928115430169,-0.5754180246977673,0.28920418184051055,-0.8456185238813044,-1.4921622053999766,-0.9698793782348663,37,redgram,loamy soil
16513,0.23773100905010616,1.4177413322789671,1.9374894828955906,1.114202454544477,0.27129407971252784,0.5924312757130875,-0.3168031251765363,0.8974321993647659,0.3453465965160642,-0.7657759928206557,-1.2005346377963562,-1.2395495790434854,37,redgram,loamy soil
16515,0.23773100905010616,1.4177413322789671,-1.1127094486959972,1.114202454544477,0.27129407971252784,0.5848727923268603,-0.8115630648680069,-0.49066178085880274,0.37557712749520866,-0.960946624302242,-1.2180322918525734,-0.8532652373446525,37,redgram,loamy soil
16517,0.23773100905010616,1.4177413322789671,1.4291229942969927,1.114202454544477,0.27129407971252784,0.49039174999901497,0.2461995648172065,-0.6627001168630582,0.28920418184051055,-0.9934750628825062,-1.1363765729235598,-0.6200369555642251,37,redgram,loamy soil
16519,0.23773100905010616,1.4177413322789671,1.9374894828955906,1.114202454544477,-0.036457799358352465,0.6888019388874903,-1.0333520033503905,0.41415321959424767,0.41012630575708775,-0.8544899162213766,-1.28219035672537,-1.3015008413914115,37,redgram,loamy soil
16521,0.23773100905010616,1.4177413322789671,-1.1127094486959972,1.114202454544477,0.27129407971252784,0.7624971519032092,0.8433236299620851,-0.32704293927563655,0.2589736508613661,-1.0733175939431552,-1.11304636751527,-0.6674114503008746,37,redgram,loamy soil
16523,0.23773100905010616,1.4177413322789671,1.4291229942969927,1.114202454544477,-0.19033373889379193,0.6037690007924295,-0.4874100009322159,0.9833110424598759,0.20714988346854712,-0.7716902543807036,-0.7164328755743462,-1.2322611952378473,37,redgram,loamy soil
16525,0.23773100905010616,1.4177413322789671,1.9374894828955906,1.114202454544477,0.11741814017708838,0.3789041200521573,-0.7774416897168711,0.5410069355386574,0.3669398329297387,-1.0200892399027226,-1.0722185080507631,-1.2431937709463048,37,redgram,loamy soil
16527,0.23773100905010616,1.4177413322789671,-1.1127094486959972,1.114202454544477,0.5790459587834081,0.2749749734915274,-0.2144389997231283,0.04537936395054147,0.33670930195059423,-1.0319177630228187,-0.5006284755476669,-0.6674114503008746,37,redgram,loamy soil
16529,0.23773100905010616,1.4177413322789671,1.4291229942969927,1.114202454544477,-0.036457799358352465,0.3373324614279053,-0.3338638127521039,0.6675800016690318,0.21146853075128177,-1.1442887326637319,-1.3755111783585285,-0.8532652373446525,37,redgram,loamy soil
16531,0.23773100905010616,1.4177413322789671,1.9374894828955906,1.114202454544477,0.11741814017708838,0.25229952333284444,-0.8798058151702786,0.022927378827637,0.30216012368871514,-0.8692755701214968,-0.815586248559577,-1.0719167515138033,37,redgram,loamy soil
16535,0.23773100905010616,1.4177413322789671,1.4291229942969927,1.114202454544477,0.4251700192479687,0.2900919402639826,-0.6068348139611915,1.022321366610922,0.3194347128196544,-0.8278757392011604,-1.4105064864709629,-1.0318306405827924,37,redgram,loamy soil
16537,0.23773100905010616,1.4177413322789671,1.9374894828955906,1.114202454544477,0.5790459587834081,0.35622866989347407,0.17795681451493492,0.8564573265154655,0.2546550035786308,-0.978689408982386,-0.5472888863642464,-0.8277558940249184,37,redgram,loamy soil
16539,0.23773100905010616,1.4177413322789671,-1.1127094486959972,1.114202454544477,0.27129407971252784,0.41480691613673865,-0.8627451275947109,1.201095298152049,0.2201058253167517,-0.6356622384995981,-0.7164328755743462,-0.7548720559685348,37,redgram,loamy soil
16541,0.23773100905010616,1.4177413322789671,1.4291229942969927,1.114202454544477,-0.19033373889379193,0.3505598073538037,0.041471313910391105,0.22106614753726903,0.2805668872750406,-0.6356622384995981,-1.0022278918258942,-1.1557331652786444,37,redgram,loamy soil
16543,0.23773100905010616,1.4177413322789671,1.9374894828955906,1.114202454544477,0.5790459587834081,0.6226652092579985,0.55329194117743,-0.0840002003201956,0.22442447259948697,-0.8101329545210161,-1.142209124275632,-1.1848867005011978,37,redgram,loamy soil
16545,0.23773100905010616,1.4177413322789671,-1.1127094486959972,1.114202454544477,-0.036457799358352465,0.5508596170888358,-1.1015947536526622,1.051228297456662,0.267610945426836,-1.1797743020240203,-0.9322372756010252,-0.9261490754010362,37,redgram,loamy soil
16549,0.23773100905010616,1.4177413322789671,1.9374894828955906,1.114202454544477,-0.036457799358352465,0.3959107076711696,-0.3679851879032397,1.084344975512946,0.39717036390888316,-1.0644462016030831,-0.5997818485328981,-0.802246550705184,37,redgram,loamy soil
16551,0.23773100905010616,1.4177413322789671,-1.1127094486959972,1.114202454544477,0.4251700192479687,0.40346919105739676,0.8433236299620851,-0.49795867602374677,0.3410279492333289,-1.0910603786232993,-1.3871762810626733,-1.0136096810686963,37,redgram,loamy soil
16553,0.23773100905010616,1.4177413322789671,1.4291229942969927,1.114202454544477,0.5790459587834081,0.5225153043904822,-0.8627451275947109,0.22583719437588604,0.28920418184051055,-0.8574470470014007,-0.9672325837134597,-0.9917445296517814,37,redgram,loamy soil
16559,0.23773100905010616,1.4177413322789671,1.4291229942969927,1.114202454544477,-0.036457799358352465,0.2560787650259583,0.17795681451493492,0.9962209339055457,0.2201058253167517,-1.0437462861429148,-1.0372231999383288,-1.2650589223632198,37,redgram,loamy soil
16563,0.23773100905010616,1.4177413322789671,-1.1127094486959972,1.114202454544477,0.4251700192479687,0.30142966534332394,-0.9309878778969826,0.648495814314563,0.29352282912324523,-0.6622764155198144,-0.5531214377163185,-0.8204675102192799,37,redgram,loamy soil
16569,0.23773100905010616,1.4177413322789671,-1.1127094486959972,1.114202454544477,-0.036457799358352465,0.3883522242849418,-0.2826817500253999,0.812675955525802,0.26329229814410077,-0.8544899162213766,-1.083883610754908,-0.7730930154826308,37,redgram,loamy soil
16571,0.23773100905010616,1.4177413322789671,1.4291229942969927,1.114202454544477,0.11741814017708838,0.7530490476704247,-0.09501418669415271,0.5362358887000407,0.3453465965160642,-1.1324602095436358,-0.5064610268997394,-0.6091043798557677,37,redgram,loamy soil
16573,0.23773100905010616,1.4177413322789671,1.9374894828955906,1.114202454544477,-0.036457799358352465,0.26174762756562897,-0.2826817500253999,-0.06688056166398088,0.22442447259948697,-0.9165896626018815,-0.7630932863909253,-1.1703099328899211,37,redgram,loamy soil
16575,0.23773100905010616,1.4177413322789671,-1.1127094486959972,1.114202454544477,-0.036457799358352465,0.42047577867640906,-0.9309878778969826,1.1183036030113387,0.30216012368871514,-1.0969746401833473,-1.6321434378497146,-0.6856324098149705,37,redgram,loamy soil
16577,0.23773100905010616,1.4177413322789671,1.4291229942969927,1.114202454544477,0.11741814017708838,0.36378715327970185,-0.026771436391880492,-0.41151853330056437,0.41444495303982243,-1.0437462861429148,-0.844749005319939,-1.272347306168858,37,redgram,loamy soil
16581,0.23773100905010616,1.4177413322789671,-1.1127094486959972,1.114202454544477,0.5790459587834081,0.4299238829091936,-0.6238955015367591,-0.17100164267145043,0.41444495303982243,-1.0940175094033235,-1.11304636751527,-0.7512278640657156,37,redgram,loamy soil
16583,0.23773100905010616,1.4177413322789671,1.4291229942969927,1.114202454544477,0.27129407971252784,0.2126174855551492,-1.1186554412282304,0.9398103212842485,0.27624823999230536,-0.8958897471417131,-1.5446551675686284,-0.7257185207459812,37,redgram,loamy soil
16585,0.23773100905010616,1.4177413322789671,1.9374894828955906,1.114202454544477,0.5790459587834081,0.5527492379353925,0.3485636902706145,-0.7042362893404316,0.33670930195059423,-0.9077182702618092,-0.7922560431512874,-0.9079281158869403,37,redgram,loamy soil
16589,0.23773100905010616,1.4177413322789671,1.4291229942969927,1.114202454544477,-0.036457799358352465,0.3826833617452709,-0.6750775642634631,-0.2535126879981243,0.3453465965160642,-0.6918477233200547,-1.1188789188673425,-1.188530892404017,37,redgram,loamy soil
16591,0.23773100905010616,1.4177413322789671,1.9374894828955906,1.114202454544477,-0.036457799358352465,0.7133670098927297,-0.6238955015367591,1.2109180416433196,0.2330617671649563,-1.1235888172035637,-0.7106003242222737,-0.9953887215546006,37,redgram,loamy soil
16593,0.23773100905010616,1.4177413322789671,-1.1127094486959972,1.114202454544477,0.4251700192479687,0.6188859675648843,-1.0845340660770946,-0.2897165140088077,0.42308224760529234,-1.1117602940834674,-0.49479592419559437,-0.6637672583980554,37,redgram,loamy soil
16595,0.23773100905010616,1.4177413322789671,1.4291229942969927,1.114202454544477,0.11741814017708838,0.6037690007924295,0.0073499387592553065,0.08382838847351551,0.32375336010238964,-0.9964321936625302,-0.5881167458287531,-0.6929207936206087,37,redgram,loamy soil
16597,0.23773100905010616,1.4177413322789671,1.9374894828955906,1.114202454544477,0.4251700192479687,0.5017294750783563,-0.8456844400191428,-0.15921435048192545,0.33670930195059423,-1.1886456943640924,-1.5446551675686284,-0.8860629644700253,37,redgram,loamy soil
16599,0.23773100905010616,1.4177413322789671,-1.1127094486959972,1.114202454544477,0.5790459587834081,0.3392220822744621,0.46798850329959013,0.94121357035443,0.40148901119161784,-0.7509903389205355,-1.4863296540479043,-1.0208980648743347,37,redgram,loamy soil
16601,0.23773100905010616,1.4177413322789671,1.4291229942969927,1.114202454544477,-0.19033373889379193,0.3921314659780554,-0.6750775642634631,-0.7280915235335176,0.26329229814410077,-1.0023464552225785,-1.5154924108082664,-0.8641978130531102,37,redgram,loamy soil
16603,0.23773100905010616,1.4177413322789671,1.9374894828955906,1.114202454544477,0.4251700192479687,0.7379320808979698,-0.2656210624498323,-0.7485789599581678,0.41444495303982243,-0.6770620694199346,-1.2005346377963562,-1.1192912462504527,37,redgram,loamy soil
16605,0.23773100905010616,1.4177413322789671,-1.1127094486959972,1.114202454544477,-0.19033373889379193,0.6169963467183276,0.1097140642126627,-0.8030250238812111,0.40580765847435246,-0.8988468779217371,-1.3171856648378044,-1.2832798818773157,37,redgram,loamy soil
16607,0.23773100905010616,1.4177413322789671,1.4291229942969927,1.114202454544477,-0.036457799358352465,0.7568282893635389,0.1438354393637991,0.8814351599646969,0.3798957747779433,-0.8751898316815447,-1.2938554594295149,-0.7439394802600772,37,redgram,loamy soil
16609,0.23773100905010616,1.4177413322789671,1.9374894828955906,1.114202454544477,0.27129407971252784,0.5451907545491649,0.5362312536018617,0.6448473667320905,0.3280720073851243,-1.156117255783828,-1.153874226979777,-0.6674114503008746,37,redgram,loamy soil
16611,0.23773100905010616,1.4177413322789671,-1.1127094486959972,1.114202454544477,0.27129407971252784,0.3732352575124864,0.6897774417819738,0.43604390508907936,0.3410279492333289,-1.0703604631631312,-0.9205721728968805,-0.7585162478713541,37,redgram,loamy soil
16613,0.23773100905010616,1.4177413322789671,1.4291229942969927,1.114202454544477,-0.036457799358352465,0.2428514191000599,0.604474003904134,-0.22236055864009427,0.3583025383642688,-0.795347300620896,-0.8739117620803011,-1.0828493272222608,37,redgram,loamy soil
16617,0.23773100905010616,1.4177413322789671,-1.1127094486959972,1.114202454544477,-0.036457799358352465,0.4771644040731163,0.22913887724163892,0.3931044835415247,0.40148901119161784,-0.8781469624615689,-0.7514281836867808,-1.0609841758053458,37,redgram,loamy soil
16621,0.23773100905010616,1.4177413322789671,1.9374894828955906,1.114202454544477,0.5790459587834081,0.730373597511742,0.55329194117743,0.08607358698580582,0.3064787709714498,-0.8101329545210161,-1.5504877189207007,-0.9881003377489622,37,redgram,loamy soil
16623,0.23773100905010616,1.4177413322789671,-1.1127094486959972,1.114202454544477,0.27129407971252784,0.5981001382527584,0.6897774417819738,0.02376932826974579,0.3583025383642688,-1.1620315173438762,-0.8739117620803011,-0.6309695312726828,37,redgram,loamy soil
16625,0.23773100905010616,1.4177413322789671,1.4291229942969927,1.114202454544477,-0.036457799358352465,0.6207755884114412,-0.2485603748742641,0.9583332090106443,0.23738041444769156,-1.1531601250038042,-1.1888695350922114,-0.9553026106235897,37,redgram,loamy soil
16629,0.23773100905010616,1.4177413322789671,-1.1127094486959972,1.114202454544477,-0.036457799358352465,0.3411117031210191,0.17795681451493492,0.07428629479628085,0.3280720073851243,-1.2093456098242608,-1.538822616216556,-1.1994634681124745,37,redgram,loamy soil
16631,0.23773100905010616,1.4177413322789671,1.4291229942969927,1.114202454544477,0.5790459587834081,0.6434510385701244,-0.4362279382055119,-0.594502212052236,0.21578717803401704,-0.9964321936625302,-1.3871762810626733,-1.2249728114322087,37,redgram,loamy soil
16633,0.23773100905010616,1.4177413322789671,1.9374894828955906,1.114202454544477,-0.19033373889379193,0.30520890703643777,0.3485636902706145,1.3139165233946442,0.39717036390888316,-1.0141749783426746,-1.497994756752049,-0.8787745806643869,37,redgram,loamy soil
16637,0.23773100905010616,1.4177413322789671,1.4291229942969927,1.114202454544477,-0.19033373889379193,0.7039189056599452,0.4509278157240219,0.6089241905354436,0.3928517166261479,-0.8692755701214968,-1.5038273081041216,-0.8678420049559294,37,redgram,loamy soil
16639,0.23773100905010616,1.4177413322789671,1.9374894828955906,1.114202454544477,0.27129407971252784,0.5886520340199739,0.604474003904134,0.5727203645247605,0.37557712749520866,-0.709590508000199,-1.0372231999383288,-1.254126346654762,37,redgram,loamy soil
16641,0.23773100905010616,1.4177413322789671,-1.1127094486959972,1.114202454544477,0.11741814017708838,0.5981001382527584,-0.9480485654725508,0.3350099720360093,0.26329229814410077,-0.8071758237409921,-1.5096598594561939,-0.9297932673038553,37,redgram,loamy soil
16643,0.23773100905010616,1.4177413322789671,1.4291229942969927,1.114202454544477,-0.036457799358352465,0.45070971222131945,0.041471313910391105,1.3661173888053968,0.21146853075128177,-1.1738600404639723,-0.8855768647844461,-1.246837962849124,37,redgram,loamy soil
16645,0.23773100905010616,1.4177413322789671,1.9374894828955906,1.114202454544477,-0.036457799358352465,0.29387118195709644,0.3656243778461821,-0.7460531116318411,0.32375336010238964,-0.638619369279622,-0.9497349296572426,-0.802246550705184,37,redgram,loamy soil
16647,0.23773100905010616,1.4177413322789671,-1.1127094486959972,1.114202454544477,-0.036457799358352465,0.5603077213216203,0.2973816275439105,0.031346873248726176,0.32375336010238964,-1.1472458634437561,-1.6438085405538594,-0.6127485717585869,37,redgram,loamy soil
16649,0.23773100905010616,1.4177413322789671,1.4291229942969927,1.114202454544477,-0.036457799358352465,0.6699057304219211,-1.1186554412282304,0.6689832507392133,0.32375336010238964,-1.0023464552225785,-0.8972419674885911,-1.2577705385575813,37,redgram,loamy soil
16651,0.23773100905010616,1.4177413322789671,1.9374894828955906,1.114202454544477,0.4251700192479687,0.543301133702608,-0.11207487426972029,0.21994354828112386,0.4187636003225577,-0.7628188620406315,-0.7222654269264187,-1.1156470543476333,37,redgram,loamy soil
16653,0.23773100905010616,1.4177413322789671,-1.1127094486959972,1.114202454544477,0.27129407971252784,0.7606075310566525,0.2973816275439105,1.054315445411061,0.2503363562958962,-0.9934750628825062,-1.0313906485862563,-0.6200369555642251,37,redgram,loamy soil
16655,0.23773100905010616,1.4177413322789671,1.4291229942969927,1.114202454544477,-0.036457799358352465,0.7454905642841975,0.48504919087515835,1.3913758720686642,0.31079741825418505,-0.8722327009015209,-0.9380698269530977,-1.2942124575857732,37,redgram,loamy soil
16659,0.23773100905010616,1.4177413322789671,-1.1127094486959972,1.114202454544477,-0.036457799358352465,0.7284839766651853,-0.8115630648680069,0.12592586057896138,0.24169906173042624,-1.0378320245828667,-0.8739117620803011,-1.0391190243884307,37,redgram,loamy soil
16663,0.23773100905010616,1.4177413322789671,1.9374894828955906,1.114202454544477,0.11741814017708838,0.5962105174062017,-0.2144389997231283,0.4671960344471091,0.267610945426836,-0.8456185238813044,-1.171371881035994,-0.9698793782348663,37,redgram,loamy soil
16665,0.23773100905010616,1.4177413322789671,-1.1127094486959972,1.114202454544477,-0.036457799358352465,0.24852028163973056,0.48504919087515835,-0.6699970120280021,0.2805668872750406,-0.8456185238813044,-1.083883610754908,-1.04276321629125,37,redgram,loamy soil
16667,0.23773100905010616,1.4177413322789671,1.4291229942969927,1.114202454544477,0.5790459587834081,0.3335532197347914,-0.7262596269901671,1.3377717575877301,0.3583025383642688,-0.8367471315412324,-1.0080604431779667,-1.0172538729715157,37,redgram,loamy soil
16669,0.23773100905010616,1.4177413322789671,1.9374894828955906,1.114202454544477,-0.036457799358352465,0.40157957021083995,-0.4362279382055119,-0.4393028648901589,0.33670930195059423,-0.8633613085614487,-0.9497349296572426,-1.2978566494885924,37,redgram,loamy soil
16671,0.23773100905010616,1.4177413322789671,-1.1127094486959972,1.114202454544477,-0.19033373889379193,0.7492698059773111,0.26326025239277473,-0.7859053852249966,0.38853306934341325,-0.6622764155198144,-1.0547208539945458,-0.7293627126488005,37,redgram,loamy soil
16673,0.23773100905010616,1.4177413322789671,1.4291229942969927,1.114202454544477,-0.036457799358352465,0.4242550203695232,-1.1186554412282304,-0.11318778097997136,0.2330617671649563,-0.8544899162213766,-1.4921622053999766,-1.3233659928083268,37,redgram,loamy soil
16675,0.23773100905010616,1.4177413322789671,1.9374894828955906,1.114202454544477,0.27129407971252784,0.2882023194174255,-0.45328862578107953,0.1396777014667403,0.2589736508613661,-1.1058460325234196,-0.5356237836601014,-1.1156470543476333,37,redgram,loamy soil
16679,0.23773100905010616,1.4177413322789671,1.4291229942969927,1.114202454544477,-0.036457799358352465,0.5451907545491649,0.8092022548109493,0.3215387809622664,0.29784147640597985,-0.6622764155198144,-0.6464422593494771,-1.08649351912508,37,redgram,loamy soil
16683,0.23773100905010616,1.4177413322789671,-1.1127094486959972,1.114202454544477,0.4251700192479687,0.303319286189881,0.43386712814845435,0.8640348714944459,0.3712584802124734,-0.889975485581665,-0.5181261296038844,-0.7111417531347046,37,redgram,loamy soil
16685,0.23773100905010616,1.4177413322789671,1.4291229942969927,1.114202454544477,0.4251700192479687,0.6377821760304534,-0.7945023772924388,0.9024838960174199,0.37557712749520866,-0.6859334617600066,-1.5096598594561939,-0.9553026106235897,37,redgram,loamy soil
16687,0.23773100905010616,1.4177413322789671,1.9374894828955906,1.114202454544477,0.11741814017708838,0.4866125083059008,0.7238988169331095,0.8609477235400461,0.2719295927095707,-1.0555748092630108,-0.9497349296572426,-0.6564788745924169,37,redgram,loamy soil
16689,0.23773100905010616,1.4177413322789671,-1.1127094486959972,1.114202454544477,-0.19033373889379193,0.6094378633320998,0.7409595045086778,0.09589633047707653,0.31511606553691973,-1.0940175094033235,-0.6989352215181287,-1.0719167515138033,37,redgram,loamy soil
16691,0.23773100905010616,1.4177413322789671,1.4291229942969927,1.114202454544477,-0.036457799358352465,0.2579683858725151,-0.9651092530481183,0.2665314174111504,0.22874311988222162,-1.0821889862832272,-1.567985372976918,-0.9115723077897594,37,redgram,loamy soil
16693,0.23773100905010616,1.4177413322789671,1.9374894828955906,1.114202454544477,0.27129407971252784,0.3921314659780554,-0.9309878778969826,0.7941530677994054,0.2719295927095707,-0.9757322782023621,-1.1888695350922114,-1.2614147304604006,37,redgram,loamy soil
16695,0.23773100905010616,1.4177413322789671,-1.1127094486959972,1.114202454544477,0.5790459587834081,0.20694862301547853,-1.0333520033503905,1.0585251926216057,0.3669398329297387,-0.887018354801641,-1.3696786270064563,-0.8204675102192799,37,redgram,loamy soil
16697,0.23773100905010616,1.4177413322789671,1.4291229942969927,1.114202454544477,0.11741814017708838,0.3807937408987141,-0.18031762457199252,1.1480524832991876,0.3669398329297387,-0.7864759082808237,-0.8739117620803011,-0.9152164996925787,37,redgram,loamy soil
16701,0.23773100905010616,1.4177413322789671,-1.1127094486959972,1.114202454544477,0.4251700192479687,0.5773143089406326,0.024410626334822903,0.846073283396122,0.21578717803401704,-0.8811040932415929,-1.3463484215981665,-0.8168233183164607,37,redgram,loamy soil
16703,0.23773100905010616,1.4177413322789671,1.4291229942969927,1.114202454544477,0.5790459587834081,0.6151067258717707,0.5191705660262941,0.7214647659640026,0.24169906173042624,-0.8515327854413526,-1.0663859566986909,-1.2978566494885924,37,redgram,loamy soil
16705,0.23773100905010616,1.4177413322789671,1.9374894828955906,1.114202454544477,0.11741814017708838,0.6207755884114412,-0.1973783121475601,-0.6921683473368703,0.21578717803401704,-0.8456185238813044,-0.5122935782518119,-0.6819882179121513,37,redgram,loamy soil
16707,0.23773100905010616,1.4177413322789671,-1.1127094486959972,1.114202454544477,0.11741814017708838,0.46204743730066133,0.7580201920842453,-0.09073579585706688,0.41012630575708775,-0.6918477233200547,-0.5472888863642464,-1.2832798818773157,37,redgram,loamy soil
16709,0.23773100905010616,1.4177413322789671,1.4291229942969927,1.114202454544477,0.27129407971252784,0.30898814872955166,0.2461995648172065,-0.5919763637259092,0.4187636003225577,-1.0821889862832272,-1.567985372976918,-1.1083586705419952,37,redgram,loamy soil
16711,0.23773100905010616,1.4177413322789671,1.9374894828955906,1.114202454544477,-0.036457799358352465,0.6699057304219211,0.8092022548109493,0.9908885874388562,0.40580765847435246,-1.1916028251441166,-0.9205721728968805,-0.6929207936206087,37,redgram,loamy soil
16715,0.23773100905010616,1.4177413322789671,1.4291229942969927,1.114202454544477,0.27129407971252784,0.5206256835439254,-1.0845340660770946,1.3200908193034429,0.3928517166261479,-1.1088031633034436,-1.0722185080507631,-1.13022382195891,37,redgram,loamy soil
16719,0.23773100905010616,1.4177413322789671,-1.1127094486959972,1.114202454544477,0.4251700192479687,0.34489094481413274,0.1950175020905025,0.8137985547819468,0.22442447259948697,-0.9018040087017613,-1.5913155783852078,-0.9771677620405046,37,redgram,loamy soil
16721,0.23773100905010616,1.4177413322789671,1.4291229942969927,1.114202454544477,-0.036457799358352465,0.36378715327970185,0.1097140642126627,0.19356246576171085,0.22442447259948697,-0.7716902543807036,-1.6088132324414248,-0.8386884697333759,37,redgram,loamy soil
16723,0.23773100905010616,1.4177413322789671,1.9374894828955906,1.114202454544477,0.5790459587834081,0.5962105174062017,-0.9992306281992548,-0.3177814954124383,0.3410279492333289,-0.6415765000596461,-1.4921622053999766,-1.2759914980716773,37,redgram,loamy soil
16725,0.23773100905010616,1.4177413322789671,-1.1127094486959972,1.114202454544477,0.27129407971252784,0.36378715327970185,0.55329194117743,0.11526116764558157,0.29784147640597985,-0.6356622384995981,-0.5531214377163185,-1.0609841758053458,37,redgram,loamy soil
16727,0.23773100905010616,1.4177413322789671,1.4291229942969927,1.114202454544477,-0.19033373889379193,0.2900919402639826,-1.135716128803798,1.0658220877865494,0.3539838910815341,-0.9195467933819053,-1.4455017945833974,-0.6892766017177895,37,redgram,loamy soil
16739,0.23773100905010616,1.4177413322789671,1.4291229942969927,1.114202454544477,0.4251700192479687,0.31654663211577916,-0.0608928115430169,-0.27484207386488363,0.3712584802124734,-1.0230463706827464,-1.5563202702727732,-0.6965649855234279,37,redgram,loamy soil
16741,0.23773100905010616,1.4177413322789671,1.9374894828955906,1.114202454544477,0.5790459587834081,0.35433904904691726,-0.6580168766878955,0.2763541609024211,0.2546550035786308,-0.9106754010418333,-1.352180972950239,-0.7913139749967266,37,redgram,loamy soil
16745,0.23773100905010616,1.4177413322789671,1.4291229942969927,1.114202454544477,0.27129407971252784,0.582983171480303,-0.35092450032767214,0.7397070038763625,0.3064787709714498,-1.1856885635840684,-1.4513343459354697,-1.1557331652786444,37,redgram,loamy soil
16747,0.23773100905010616,1.4177413322789671,1.9374894828955906,1.114202454544477,-0.036457799358352465,0.23340331486727536,-0.3679851879032397,0.9153937874630897,0.36262118564700346,-1.1235888172035637,-1.124711470219415,-0.8787745806643869,37,redgram,loamy soil
16749,0.23773100905010616,1.4177413322789671,-1.1127094486959972,1.114202454544477,0.4251700192479687,0.5149568210042544,-0.7603810021413029,1.3172843211630798,0.23738041444769156,-0.8485756546613284,-1.4804971026958318,-1.0099654891658774,37,redgram,loamy soil
16751,0.23773100905010616,1.4177413322789671,1.4291229942969927,1.114202454544477,0.4251700192479687,0.30142966534332394,-0.9139271903214149,-0.5220945600308692,0.3064787709714498,-0.8219614776411123,-1.0547208539945458,-1.1520889733758253,37,redgram,loamy soil
16753,0.23773100905010616,1.4177413322789671,1.9374894828955906,1.114202454544477,0.5790459587834081,0.6906915597340471,0.38268506542175035,1.3753788326685954,0.3280720073851243,-0.6711478078598865,-0.5939492971808256,-1.2249728114322087,37,redgram,loamy soil
16755,0.23773100905010616,1.4177413322789671,-1.1127094486959972,1.114202454544477,0.11741814017708838,0.29954004449676713,-0.0438321239674487,-0.5723308767433678,0.20714988346854712,-0.7598617312606075,-1.1305440215714873,-1.1520889733758253,37,redgram,loamy soil
16757,0.23773100905010616,1.4177413322789671,1.4291229942969927,1.114202454544477,0.27129407971252784,0.3467805656606898,-0.7091989394145989,-0.2776485720052467,0.2503363562958962,-0.6652335462998384,-0.5297912323080289,-1.3197218009055074,37,redgram,loamy soil
16759,0.23773100905010616,1.4177413322789671,1.9374894828955906,1.114202454544477,0.11741814017708838,0.34489094481413274,-0.8968665027458468,-0.10392633711677339,0.2805668872750406,-1.0260035014627706,-0.6406097079974047,-0.6419021069811403,37,redgram,loamy soil
16761,0.23773100905010616,1.4177413322789671,-1.1127094486959972,1.114202454544477,0.5790459587834081,0.35433904904691726,0.1438354393637991,1.1755561650747455,0.31511606553691973,-0.7628188620406315,-1.2413624972608632,-0.8095349345108225,37,redgram,loamy soil
16763,0.23773100905010616,1.4177413322789671,1.4291229942969927,1.114202454544477,0.27129407971252784,0.7247047349720711,-0.7774416897168711,-0.2958908099176065,0.26329229814410077,-0.7894330390608478,-1.5913155783852078,-1.1375122057645486,37,redgram,loamy soil
16765,0.23773100905010616,1.4177413322789671,1.9374894828955906,1.114202454544477,0.11741814017708838,0.6340029343373398,0.5362312536018617,1.0004306811160903,0.31079741825418505,-0.7421189465804632,-0.9614000323613874,-1.2942124575857732,37,redgram,loamy soil
16767,0.23773100905010616,1.4177413322789671,-1.1127094486959972,1.114202454544477,0.11741814017708838,0.21828634809482014,-0.6921382518390313,0.2800026084848933,0.3064787709714498,-1.1975170867041647,-1.4513343459354697,-0.900639732081302,37,redgram,loamy soil
16769,0.23773100905010616,1.4177413322789671,1.4291229942969927,1.114202454544477,-0.19033373889379193,0.5414115128560513,0.8603843175376533,-0.4718582433183701,0.2719295927095707,-0.9993893244425543,-0.5531214377163185,-0.6200369555642251,37,redgram,loamy soil
16771,0.23773100905010616,1.4177413322789671,1.9374894828955906,1.114202454544477,0.4251700192479687,0.3826833617452709,-0.23149968729869652,-0.5787858224662027,0.3669398329297387,-1.1620315173438762,-1.3580135243023115,-1.0063212972630582,37,redgram,loamy soil
16773,0.23773100905010616,1.4177413322789671,-1.1127094486959972,1.114202454544477,-0.036457799358352465,0.4544889539144336,-0.9992306281992548,0.6493377637566718,0.3323906546678596,-0.9639037550822658,-1.4221715891751077,-0.882418772567206,37,redgram,loamy soil
16775,0.23773100905010616,1.4177413322789671,1.4291229942969927,1.114202454544477,0.11741814017708838,0.3184362529623362,-0.5215313760833518,0.043695465066323574,0.31511606553691973,-0.8663184393414728,-0.4831308214914498,-1.0281864486799732,37,redgram,loamy soil
16777,0.23773100905010616,1.4177413322789671,1.9374894828955906,1.114202454544477,0.4251700192479687,0.36000791158658824,0.655656066630838,-0.037973630818241504,0.33670930195059423,-0.9225039241619294,-1.4513343459354697,-0.6455462988839594,37,redgram,loamy soil
16779,0.23773100905010616,1.4177413322789671,-1.1127094486959972,1.114202454544477,0.4251700192479687,0.548969996242279,0.2973816275439105,0.604714443324899,0.39717036390888316,-0.718461900340271,-1.1772044323880666,-0.8860629644700253,37,redgram,loamy soil
16783,0.23773100905010616,1.4177413322789671,1.9374894828955906,1.114202454544477,0.11741814017708838,0.6831330763478193,0.38268506542175035,0.783769024680062,0.40148901119161784,-1.0260035014627706,-0.8972419674885911,-1.0974260948335375,37,redgram,loamy soil
16785,0.23773100905010616,1.4177413322789671,-1.1127094486959972,1.114202454544477,-0.19033373889379193,0.2163967272482631,-0.9309878778969826,0.6266051288197307,0.40580765847435246,-1.2004742174841885,-1.0022278918258942,-1.3233659928083268,37,redgram,loamy soil
16787,0.23773100905010616,1.4177413322789671,1.4291229942969927,1.114202454544477,0.27129407971252784,0.7133670098927297,0.7238988169331095,-0.11459103005015288,0.31079741825418505,-0.7835187775007999,-1.3696786270064563,-1.2140402357237514,37,redgram,loamy soil
16791,0.23773100905010616,1.4177413322789671,-1.1127094486959972,1.114202454544477,0.11741814017708838,0.6415614177235676,-0.5556527512344875,1.186501507822161,0.29352282912324523,-1.1472458634437561,-1.2588601513170803,-0.9370816511094937,37,redgram,loamy soil
16793,0.23773100905010616,1.4177413322789671,1.4291229942969927,1.114202454544477,-0.036457799358352465,0.5546388587819494,-0.1632569369964243,1.0489830989443711,0.3323906546678596,-1.1827314328040446,-1.28219035672537,-0.9115723077897594,37,redgram,loamy soil
16801,0.23773100905010616,1.4177413322789671,1.9374894828955906,1.114202454544477,0.27129407971252784,0.43370312460230775,-0.23149968729869652,0.6142565370021337,0.3280720073851243,-1.0969746401833473,-0.5881167458287531,-0.8933513482756635,37,redgram,loamy soil
16803,0.23773100905010616,1.4177413322789671,-1.1127094486959972,1.114202454544477,0.4251700192479687,0.49039174999901497,0.6897774417819738,-0.010189299228646967,0.2546550035786308,-0.6770620694199346,-0.9847302377696769,-0.8787745806643869,37,redgram,loamy soil
16805,0.23773100905010616,1.4177413322789671,1.4291229942969927,1.114202454544477,-0.036457799358352465,0.41102767444362454,-0.1973783121475601,-0.09578749250972025,0.37557712749520866,-0.6504478923997183,-0.7164328755743462,-0.7658046316769923,37,redgram,loamy soil
16807,0.23773100905010616,1.4177413322789671,1.9374894828955906,1.114202454544477,0.11741814017708838,0.31654663211577916,-0.8798058151702786,-0.5987119592627805,0.21578717803401704,-0.8633613085614487,-0.6347771566453325,-1.0500516000968882,37,redgram,loamy soil
16811,0.23773100905010616,1.4177413322789671,1.4291229942969927,1.114202454544477,0.27129407971252784,0.5130672001576977,-0.1632569369964243,-0.7592436528915476,0.40148901119161784,-1.1472458634437561,-1.0780510594028356,-1.0792051353194416,37,redgram,loamy soil
16813,0.23773100905010616,1.4177413322789671,1.9374894828955906,1.114202454544477,0.11741814017708838,0.6510095219563521,-0.5727134388100558,-0.059303016685000494,0.3669398329297387,-0.9047611394817852,-0.6347771566453325,-0.6710556422036936,37,redgram,loamy soil
16815,0.23773100905010616,1.4177413322789671,-1.1127094486959972,1.114202454544477,0.4251700192479687,0.40346919105739676,-0.29974243760096814,0.11077077062100062,0.24169906173042624,-1.0319177630228187,-1.6146457837934973,-1.024542256777154,37,redgram,loamy soil
16817,0.23773100905010616,1.4177413322789671,1.4291229942969927,1.114202454544477,0.27129407971252784,0.22017596894137695,0.4509278157240219,-0.42919947158485183,0.36262118564700346,-0.9047611394817852,-0.7630932863909253,-1.1338680138617294,37,redgram,loamy soil
16819,0.23773100905010616,1.4177413322789671,1.9374894828955906,1.114202454544477,-0.19033373889379193,0.4563785747609904,-0.7603810021413029,-0.04106077877264061,0.28920418184051055,-0.98164653976241,-1.6029806810893525,-1.0099654891658774,37,redgram,loamy soil
16821,0.23773100905010616,1.4177413322789671,-1.1127094486959972,1.114202454544477,-0.036457799358352465,0.20883824386203562,-0.7091989394145989,0.42453726271359044,0.26329229814410077,-0.8692755701214968,-1.3113531134857321,-0.6455462988839594,37,redgram,loamy soil
16825,0.23773100905010616,1.4177413322789671,1.9374894828955906,1.114202454544477,-0.19033373889379193,0.41291729529018134,0.07559268906152691,-0.6924489971509066,0.3323906546678596,-1.1354173403236598,-0.4889633728435223,-1.0901377110278991,37,redgram,loamy soil
16827,0.23773100905010616,1.4177413322789671,-1.1127094486959972,1.114202454544477,0.4251700192479687,0.7076981473530594,0.7068381293575413,0.4719670812857264,0.39717036390888316,-1.1117602940834674,-1.2471950486129355,-1.13022382195891,37,redgram,loamy soil
16829,0.23773100905010616,1.4177413322789671,1.4291229942969927,1.114202454544477,0.27129407971252784,0.46771629984033175,-0.7603810021413029,-0.02169594160413557,0.2460177090131615,-0.6504478923997183,-0.9614000323613874,-0.8897071563728443,37,redgram,loamy soil
16831,0.23773100905010616,1.4177413322789671,1.9374894828955906,1.114202454544477,-0.036457799358352465,0.5716454464009617,0.8603843175376533,-0.774398742849508,0.4187636003225577,-0.9432038396220976,-0.8914094161365186,-0.6929207936206087,37,redgram,loamy soil
16833,0.23773100905010616,1.4177413322789671,-1.1127094486959972,1.114202454544477,-0.036457799358352465,0.7492698059773111,-0.2485603748742641,-0.5487562923643182,0.2546550035786308,-0.7214190311202952,-0.5531214377163185,-0.7949581668995458,37,redgram,loamy soil
16837,0.23773100905010616,1.4177413322789671,1.9374894828955906,1.114202454544477,-0.036457799358352465,0.6283340717976689,-0.0608928115430169,-0.25631918613848736,0.3496652437987988,-0.7598617312606075,-0.9147396215448081,-0.7366510964544389,37,redgram,loamy soil
16839,0.23773100905010616,1.4177413322789671,-1.1127094486959972,1.114202454544477,0.5790459587834081,0.42236539952296587,0.05853200148595931,0.9347586246315951,0.21578717803401704,-0.8219614776411123,-0.8505815566720115,-1.0573399839025266,37,redgram,loamy soil
16841,0.23773100905010616,1.4177413322789671,1.4291229942969927,1.114202454544477,-0.036457799358352465,0.484722887459344,0.3656243778461821,-0.7278108737194813,0.22874311988222162,-1.1709029096839483,-1.2063671891484287,-0.8714861968587484,37,redgram,loamy soil
16845,0.23773100905010616,1.4177413322789671,-1.1127094486959972,1.114202454544477,0.4251700192479687,0.41858615782985226,0.502109878450726,0.17728477654760524,0.21146853075128177,-0.7125476387802229,-0.6172795025891151,-1.068272559610984,37,redgram,loamy soil
16847,0.23773100905010616,1.4177413322789671,1.4291229942969927,1.114202454544477,0.4251700192479687,0.40157957021083995,0.4168064405728861,0.9431781190526842,0.3928517166261479,-1.0881032478432753,-0.8097536972075049,-0.7002091774262471,37,redgram,loamy soil
16849,0.23773100905010616,1.4177413322789671,1.9374894828955906,1.114202454544477,0.11741814017708838,0.6302236926442257,0.502109878450726,0.6274470782618401,0.3280720073851243,-0.7480332081405113,-1.3755111783585285,-1.0136096810686963,37,redgram,loamy soil
16853,0.23773100905010616,1.4177413322789671,1.4291229942969927,1.114202454544477,0.4251700192479687,0.5584181004750636,0.2973816275439105,-0.513955715423816,0.2719295927095707,-0.8574470470014007,-0.5531214377163185,-1.0974260948335375,37,redgram,loamy soil
16855,0.23773100905010616,1.4177413322789671,1.9374894828955906,1.114202454544477,0.27129407971252784,0.20883824386203562,0.6727167542064055,-0.5799084217223479,0.20714988346854712,-1.0200892399027226,-0.6522748107015496,-1.1010702867363569,37,redgram,loamy soil
16857,0.23773100905010616,1.4177413322789671,-1.1127094486959972,1.114202454544477,-0.036457799358352465,0.7001396639668316,-0.7774416897168711,0.13462600481408663,0.3064787709714498,-1.1679457789039243,-0.7047677728702012,-0.8131791264136418,37,redgram,loamy soil
16861,0.23773100905010616,1.4177413322789671,1.9374894828955906,1.114202454544477,0.5790459587834081,0.49795023338524214,0.2461995648172065,0.559529823265054,0.3539838910815341,-0.9136325318218573,-0.7572607350388528,-1.210396043820932,37,redgram,loamy soil
16863,0.23773100905010616,1.4177413322789671,-1.1127094486959972,1.114202454544477,0.27129407971252784,0.5716454464009617,-0.8968665027458468,-0.747737010516059,0.3280720073851243,-0.8544899162213766,-1.626310886497642,-1.0937819029307183,37,redgram,loamy soil
16871,0.23773100905010616,1.4177413322789671,1.4291229942969927,1.114202454544477,0.11741814017708838,0.36945601581937276,0.7238988169331095,0.19833351260032817,0.31511606553691973,-1.0940175094033235,-0.9847302377696769,-0.638257915078321,37,redgram,loamy soil
16879,0.23773100905010616,1.4177413322789671,1.9374894828955906,1.114202454544477,-0.036457799358352465,0.5697558255544048,-0.29974243760096814,0.4492344463487859,0.2805668872750406,-1.1176745556435157,-0.9672325837134597,-0.944370034915132,37,redgram,loamy soil
16881,0.23773100905010616,1.4177413322789671,-1.1127094486959972,1.114202454544477,0.5790459587834081,0.6075482424855431,-0.4362279382055119,0.5634589206615619,0.3410279492333289,-1.0762747247231792,-0.5531214377163185,-0.6856324098149705,37,redgram,loamy soil
16883,0.23773100905010616,1.4177413322789671,1.4291229942969927,1.114202454544477,0.5790459587834081,0.7662763935963234,0.3656243778461821,-0.7412820647932238,0.2330617671649563,-1.2063884790442367,-1.3696786270064563,-1.2942124575857732,37,redgram,loamy soil
16885,0.23773100905010616,1.4177413322789671,1.9374894828955906,1.114202454544477,0.4251700192479687,0.7322632183582988,-1.1527768163793661,-0.7272495740914084,0.29352282912324523,-0.8278757392011604,-1.6321434378497146,-0.7694488235798115,37,redgram,loamy soil
16887,0.23773100905010616,1.4177413322789671,-1.1127094486959972,1.114202454544477,0.11741814017708838,0.5999897590993153,0.6385953790552698,-0.792640980761868,0.2201058253167517,-1.0881032478432753,-0.9555674810093149,-1.1557331652786444,37,redgram,loamy soil
16891,0.23773100905010616,1.4177413322789671,1.9374894828955906,1.114202454544477,0.4251700192479687,0.24663066079317375,-0.9139271903214149,1.1037098126814506,0.20714988346854712,-1.1058460325234196,-1.2588601513170803,-1.0974260948335375,37,redgram,loamy soil
16893,0.23773100905010616,1.4177413322789671,-1.1127094486959972,1.114202454544477,0.27129407971252784,0.7624971519032092,0.8603843175376533,-0.4047829377636931,0.3928517166261479,-0.887018354801641,-0.6697724647577666,-0.8350442778305566,37,redgram,loamy soil
16895,0.23773100905010616,1.4177413322789671,1.4291229942969927,1.114202454544477,0.5790459587834081,0.7662763935963234,-0.3679851879032397,-0.41179918311460073,0.2805668872750406,-0.8781469624615689,-1.4804971026958318,-0.6346137231755018,37,redgram,loamy soil
16897,0.23773100905010616,1.4177413322789671,1.9374894828955906,1.114202454544477,-0.036457799358352465,0.40913805359706773,0.17795681451493492,0.49975141287532093,0.28488553455777527,-0.8604041777814246,-0.7747583890950703,-0.944370034915132,37,redgram,loamy soil
16899,0.23773100905010616,1.4177413322789671,-1.1127094486959972,1.114202454544477,-0.036457799358352465,0.4469304705282059,-0.8627451275947109,-0.21674756235936815,0.22874311988222162,-0.7598617312606075,-1.497994756752049,-0.8532652373446525,37,redgram,loamy soil
16901,0.23773100905010616,1.4177413322789671,1.4291229942969927,1.114202454544477,-0.036457799358352465,0.26741649010529966,-0.8627451275947109,0.8626316224242643,0.3064787709714498,-0.79830443140092,-0.926404724248953,-0.8058907426080033,37,redgram,loamy soil
16903,0.23773100905010616,1.4177413322789671,1.9374894828955906,1.114202454544477,0.11741814017708838,0.6434510385701244,0.3485636902706145,0.006930339427567438,0.3323906546678596,-0.6327051077195741,-1.6088132324414248,-0.9771677620405046,37,redgram,loamy soil
16905,0.23773100905010616,1.4177413322789671,-1.1127094486959972,1.114202454544477,0.27129407971252784,0.2560787650259583,-0.3850458754788079,-0.7095686358071214,0.3064787709714498,-0.8397042623212565,-1.5271575135124111,-0.802246550705184,37,redgram,loamy soil
16907,0.23773100905010616,1.4177413322789671,1.4291229942969927,1.114202454544477,-0.036457799358352465,0.5716454464009617,-0.6238955015367591,0.61678238532846,0.3453465965160642,-0.6888905925400307,-1.468831999991687,-1.1703099328899211,37,redgram,loamy soil
16909,0.23773100905010616,1.4177413322789671,1.9374894828955906,1.114202454544477,0.27129407971252784,0.38646260343838507,0.7409595045086778,-0.01692489476551856,0.32375336010238964,-1.1058460325234196,-0.7864234917992149,-0.8204675102192799,37,redgram,loamy soil
16911,0.23773100905010616,1.4177413322789671,-1.1127094486959972,1.114202454544477,-0.036457799358352465,0.2749749734915274,0.877445005113221,0.22387264567763207,0.3928517166261479,-0.7243761619003192,-0.9089070701927356,-0.9771677620405046,37,redgram,loamy soil
16913,0.23773100905010616,1.4177413322789671,1.4291229942969927,1.114202454544477,0.4251700192479687,0.22017596894137695,0.8092022548109493,-0.08091305236579617,0.2330617671649563,-0.978689408982386,-1.0663859566986909,-1.2978566494885924,37,redgram,loamy soil
16915,0.23773100905010616,1.4177413322789671,1.9374894828955906,1.114202454544477,-0.036457799358352465,0.4582681956075472,-0.9821699406236866,0.35802325678698615,0.41012630575708775,-0.7835187775007999,-0.9847302377696769,-1.1083586705419952,37,redgram,loamy soil
16917,0.23773100905010616,1.4177413322789671,-1.1127094486959972,1.114202454544477,0.11741814017708838,0.42047577867640906,0.8433236299620851,0.18963336836520264,0.2201058253167517,-1.0762747247231792,-1.2063671891484287,-0.7876697830939073,37,redgram,loamy soil
16919,0.23773100905010616,1.4177413322789671,1.4291229942969927,1.114202454544477,-0.036457799358352465,0.3297739780416775,0.024410626334822903,-0.5914150640978365,0.32375336010238964,-0.6415765000596461,-0.7047677728702012,-1.334298568516784,37,redgram,loamy soil
16923,0.23773100905010616,1.4177413322789671,-1.1127094486959972,1.114202454544477,-0.036457799358352465,0.34489094481413274,-0.8798058151702786,-0.6702776618420385,0.37557712749520866,-1.0526176784829868,-0.6172795025891151,-0.8714861968587484,37,redgram,loamy soil
16925,0.23773100905010616,1.4177413322789671,1.4291229942969927,1.114202454544477,0.4251700192479687,0.7001396639668316,-0.6068348139611915,-0.47213889313240653,0.3323906546678596,-0.795347300620896,-1.4629994486396145,-0.8204675102192799,37,redgram,loamy soil
16927,0.23773100905010616,1.4177413322789671,1.9374894828955906,1.114202454544477,0.4251700192479687,0.524404925237039,0.6897774417819738,-0.6492289257893156,0.29352282912324523,-0.8160472160810641,-1.2063671891484287,-0.9407258430123129,37,redgram,loamy soil
16929,0.23773100905010616,1.4177413322789671,-1.1127094486959972,1.114202454544477,0.11741814017708838,0.2636372484121858,0.5703526287529982,0.4012433281485772,0.23738041444769156,-0.9106754010418333,-0.6581073620536221,-1.305145033294231,37,redgram,loamy soil
16931,0.23773100905010616,1.4177413322789671,1.4291229942969927,1.114202454544477,0.5790459587834081,0.24096179825350283,0.09265337663709511,-0.701710441014105,0.37557712749520866,-1.0910603786232993,-1.142209124275632,-1.0536957919997074,37,redgram,loamy soil
16933,0.23773100905010616,1.4177413322789671,1.9374894828955906,1.114202454544477,0.11741814017708838,0.5659765838612912,0.655656066630838,0.5008740121314658,0.30216012368871514,-0.7598617312606075,-1.1072138161631977,-0.7330069045516197,37,redgram,loamy soil
16935,0.23773100905010616,1.4177413322789671,-1.1127094486959972,1.114202454544477,0.5790459587834081,0.6434510385701244,-0.5897741263856233,0.8544927778172112,0.3669398329297387,-1.1856885635840684,-0.6056143998849705,-1.1411563976673678,37,redgram,loamy soil
16937,0.23773100905010616,1.4177413322789671,1.4291229942969927,1.114202454544477,0.11741814017708838,0.7209254932789575,0.3997457529973185,0.693399784560372,0.3064787709714498,-1.1354173403236598,-1.4571668972875422,-1.0792051353194416,37,redgram,loamy soil
16939,0.23773100905010616,1.4177413322789671,1.9374894828955906,1.114202454544477,0.5790459587834081,0.6680161095753638,-0.3168031251765363,1.0562799941093153,0.40148901119161784,-0.8397042623212565,-0.6172795025891151,-0.8678420049559294,37,redgram,loamy soil
16941,0.23773100905010616,1.4177413322789671,-1.1127094486959972,1.114202454544477,0.11741814017708838,0.5754246880940758,-0.4874100009322159,-0.5094653183992354,0.40580765847435246,-0.7007191156601268,-0.7514281836867808,-0.7184301369403431,37,redgram,loamy soil
16943,0.23773100905010616,1.4177413322789671,1.4291229942969927,1.114202454544477,0.11741814017708838,0.31654663211577916,-0.1461962494208567,1.0234439658670675,0.22442447259948697,-0.6977619848801027,-0.7455956323347083,-1.0901377110278991,37,redgram,loamy soil
16945,0.23773100905010616,1.4177413322789671,1.9374894828955906,1.114202454544477,-0.036457799358352465,0.613217105025214,-0.2826817500253999,-0.48055838755349567,0.28920418184051055,-0.9254610549419534,-1.4221715891751077,-1.046407408194069,37,redgram,loamy soil
16947,0.23773100905010616,1.4177413322789671,-1.1127094486959972,1.114202454544477,-0.036457799358352465,0.320325873808893,-0.7945023772924388,0.44221820099787823,0.3280720073851243,-0.6593192847397903,-1.4571668972875422,-0.638257915078321,37,redgram,loamy soil
16949,0.23773100905010616,1.4177413322789671,1.4291229942969927,1.114202454544477,0.4251700192479687,0.6340029343373398,0.1950175020905025,1.3091454765560266,0.22874311988222162,-0.9698180166423139,-1.0080604431779667,-0.8386884697333759,37,redgram,loamy soil
16951,0.23773100905010616,1.4177413322789671,1.9374894828955906,1.114202454544477,-0.036457799358352465,0.23529293571383217,0.3997457529973185,-0.5220945600308692,0.38853306934341325,-0.9313753165020016,-1.5096598594561939,-1.2650589223632198,37,redgram,loamy soil
16953,0.23773100905010616,1.4177413322789671,-1.1127094486959972,1.114202454544477,0.11741814017708838,0.7568282893635389,0.1950175020905025,-0.5215332604027965,0.32375336010238964,-0.6415765000596461,-1.1655393296839218,-1.1156470543476333,37,redgram,loamy soil
16959,0.23773100905010616,1.4177413322789671,-1.1127094486959972,1.114202454544477,0.11741814017708838,0.6944708014271607,-0.5215313760833518,1.3167230215350072,0.40148901119161784,-0.9077182702618092,-1.4571668972875422,-0.8641978130531102,37,redgram,loamy soil
16961,0.23773100905010616,1.4177413322789671,1.4291229942969927,1.114202454544477,0.4251700192479687,0.6623472470356935,-0.0608928115430169,0.034995320831198024,0.32375336010238964,-0.8367471315412324,-0.5997818485328981,-1.3197218009055074,37,redgram,loamy soil
16963,0.23773100905010616,1.4177413322789671,1.9374894828955906,1.114202454544477,0.4251700192479687,0.26174762756562897,-0.9651092530481183,1.2081115435029566,0.28488553455777527,-0.960946624302242,-1.0022278918258942,-0.6746998341065128,37,redgram,loamy soil
16965,0.23773100905010616,1.4177413322789671,-1.1127094486959972,1.114202454544477,0.4251700192479687,0.4525993330678768,0.2461995648172065,-0.22236055864009427,0.2201058253167517,-1.0407891553628907,-1.381343729710601,-1.064628367708165,37,redgram,loamy soil
16967,0.23773100905010616,1.4177413322789671,1.4291229942969927,1.114202454544477,0.27129407971252784,0.5603077213216203,-0.6409561891123273,0.14416809849132126,0.2503363562958962,-1.1649886481239002,-1.0313906485862563,-0.6783440260093321,37,redgram,loamy soil
16969,0.23773100905010616,1.4177413322789671,1.9374894828955906,1.114202454544477,0.4251700192479687,0.4771644040731163,-0.35092450032767214,-0.4993619250939283,0.2589736508613661,-0.6622764155198144,-1.0722185080507631,-1.024542256777154,37,redgram,loamy soil
16971,0.23773100905010616,1.4177413322789671,-1.1127094486959972,1.114202454544477,-0.036457799358352465,0.7152566307392866,0.7921415672353811,-0.525743007613341,0.3928517166261479,-1.061489070823059,-1.3405158702460942,-0.7913139749967266,37,redgram,loamy soil
16973,0.23773100905010616,1.4177413322789671,1.4291229942969927,1.114202454544477,0.27129407971252784,0.2239552106344908,0.5362312536018617,1.411863308493315,0.3194347128196544,-0.889975485581665,-0.7747583890950703,-0.8969955401784827,37,redgram,loamy soil
16975,0.23773100905010616,1.4177413322789671,1.9374894828955906,1.114202454544477,0.4251700192479687,0.5565284796285067,-0.7262596269901671,1.3689238869457598,0.21578717803401704,-1.0437462861429148,-0.5006284755476669,-0.904283923984121,37,redgram,loamy soil
16979,0.23773100905010616,1.4177413322789671,1.4291229942969927,1.114202454544477,0.11741814017708838,0.5187360626973686,-0.8627451275947109,0.7298842603850918,0.3453465965160642,-1.138374471103684,-1.3755111783585285,-0.8204675102192799,37,redgram,loamy soil
16981,0.23773100905010616,1.4177413322789671,1.9374894828955906,1.114202454544477,-0.19033373889379193,0.6207755884114412,0.604474003904134,-0.7603662521476928,0.22874311988222162,-0.7362046850204153,-1.468831999991687,-0.6163927636614059,37,redgram,loamy soil
16983,0.23773100905010616,1.4177413322789671,-1.1127094486959972,1.114202454544477,0.27129407971252784,0.4242550203695232,0.6727167542064055,1.1233552996639922,0.41012630575708775,-1.1620315173438762,-0.9555674810093149,-0.9297932673038553,37,redgram,loamy soil
16985,0.23773100905010616,1.4177413322789671,1.4291229942969927,1.114202454544477,0.4251700192479687,0.5792039297871894,-0.8798058151702786,1.3125132743244625,0.2719295927095707,-0.62974797693955,-0.9205721728968805,-1.0901377110278991,37,redgram,loamy soil
16987,0.23773100905010616,1.4177413322789671,1.9374894828955906,1.114202454544477,-0.036457799358352465,0.2239552106344908,-0.7433203145657353,-0.00036655573737626,0.2330617671649563,-0.7450760773604873,-1.0255580972341838,-1.188530892404017,37,redgram,loamy soil
16989,0.23773100905010616,1.4177413322789671,-1.1127094486959972,1.114202454544477,0.4251700192479687,0.730373597511742,0.7921415672353811,1.2263537814153165,0.40580765847435246,-1.0378320245828667,-1.1597067783318493,-0.8678420049559294,37,redgram,loamy soil
16991,0.23773100905010616,1.4177413322789671,1.4291229942969927,1.114202454544477,0.4251700192479687,0.31465701126922235,-0.5215313760833518,0.9066936432279645,0.3194347128196544,-1.1058460325234196,-0.5881167458287531,-1.1557331652786444,37,redgram,loamy soil
16995,0.23773100905010616,1.4177413322789671,-1.1127094486959972,1.114202454544477,0.5790459587834081,0.36000791158658824,-0.4362279382055119,0.06867329851555473,0.3798957747779433,-1.0230463706827464,-1.5621528216248457,-0.7475836721628963,37,redgram,loamy soil
16997,0.23773100905010616,1.4177413322789671,1.4291229942969927,1.114202454544477,-0.036457799358352465,0.5376322711629377,0.7921415672353811,1.2221440342047718,0.32375336010238964,-0.9993893244425543,-0.9205721728968805,-1.1229354381532717,37,redgram,loamy soil
16999,0.23773100905010616,1.4177413322789671,1.9374894828955906,1.114202454544477,0.11741814017708838,0.5848727923268603,-0.3338638127521039,0.5045224597139376,0.2503363562958962,-1.1472458634437561,-0.8097536972075049,-0.9953887215546006,37,redgram,loamy soil
17001,0.23773100905010616,0.17449124089587287,-0.6043429600973992,1.114202454544477,0.27129407971252784,-0.25033962185129316,-0.3679851879032397,-0.7976926774145213,0.617421375328363,-0.5587768382189732,-1.223864843204646,-1.312433417099869,44,soyabean,loamy soil
17007,0.23773100905010616,0.17449124089587287,-0.6043429600973992,1.114202454544477,0.11741814017708838,-0.28435279708931743,0.2973816275439105,-0.5911344142838001,-0.02605706979913799,-0.22166392929623333,-0.4889633728435223,-0.6163927636614059,44,soyabean,loamy soil
17009,0.23773100905010616,0.17449124089587287,-0.6043429600973992,1.114202454544477,0.27129407971252784,-0.271125451163419,0.7580201920842453,-0.8846941197657762,-0.04333165893007724,-0.5824338844591654,-1.3638460756543838,-1.1375122057645486,44,soyabean,loamy soil
17011,0.23773100905010616,0.17449124089587287,-0.6043429600973992,1.114202454544477,-0.3442096784292314,-0.19365099645458594,-0.2656210624498323,-1.0957427799210784,0.8117605030514338,-0.8751898316815447,-1.468831999991687,-0.8496210454418335,44,soyabean,loamy soil
17013,0.23773100905010616,0.17449124089587287,-0.6043429600973992,1.114202454544477,-0.6519615575001118,-0.3259244557135695,-0.8627451275947109,-0.7005878417579594,0.5483230188046049,-0.5351197919787808,-1.0605534053466183,-0.9297932673038553,44,soyabean,loamy soil
17015,0.23773100905010616,0.17449124089587287,-0.6043429600973992,1.114202454544477,0.11741814017708838,-0.35426876841192306,1.0480518808689006,-1.1027590252719859,0.22442447259948697,-0.6918477233200547,-0.9380698269530977,-0.9735235701376855,44,soyabean,loamy soil
17023,0.23773100905010616,0.17449124089587287,-0.6043429600973992,1.114202454544477,-0.49808561796467227,-0.26923583031686227,-0.8115630648680069,-1.0084606877557871,0.17691935248940266,-0.8367471315412324,-1.5504877189207007,-0.6965649855234279,44,soyabean,loamy soil
17025,0.23773100905010616,0.17449124089587287,-0.6043429600973992,1.114202454544477,-0.49808561796467227,-0.25600848439096385,0.28032093996834234,-0.6725228603543288,0.5440043715218695,-0.9165896626018815,-1.083883610754908,-0.7330069045516197,44,soyabean,loamy soil
17027,0.23773100905010616,0.17449124089587287,-0.6043429600973992,1.114202454544477,-0.036457799358352465,-0.35993763095159376,-0.3168031251765363,-0.6685937629578206,0.4403568367362322,-0.12703574433546413,-0.9963953404738217,-1.1375122057645486,44,soyabean,loamy soil
17029,0.23773100905010616,0.17449124089587287,-0.6043429600973992,1.114202454544477,0.4251700192479687,-0.22577455084605316,-0.29974243760096814,-0.9764666089556483,0.3410279492333289,-0.7598617312606075,-0.9322372756010252,-0.8350442778305566,44,soyabean,loamy soil
17031,0.23773100905010616,0.17449124089587287,-0.6043429600973992,1.114202454544477,0.27129407971252784,-0.24467075931162222,-0.9821699406236866,-0.9736601108152853,0.18123799977213792,-0.08267878263510363,-1.1480416756277045,-1.13022382195891,44,soyabean,loamy soil
17033,0.23773100905010616,0.17449124089587287,-0.6043429600973992,1.114202454544477,0.4251700192479687,-0.35426876841192306,0.8603843175376533,-0.6458611280208798,0.1466888215102582,-0.2867208064567622,-1.4863296540479043,-0.6528346826895977,44,soyabean,loamy soil
17037,0.23773100905010616,0.17449124089587287,-0.6043429600973992,1.114202454544477,-0.49808561796467227,-0.20498872153392728,-1.1698375039549345,-1.1504694936581579,0.6822010845693867,-0.28967793723678603,-0.7222654269264187,-0.6601230664952361,44,soyabean,loamy soil
17039,0.23773100905010616,0.17449124089587287,-0.6043429600973992,1.114202454544477,-0.49808561796467227,-0.2673462094703052,-0.9992306281992548,-1.1027590252719859,0.1380515269447889,-0.5587768382189732,-1.124711470219415,-0.6200369555642251,44,soyabean,loamy soil
17041,0.23773100905010616,0.17449124089587287,-0.6043429600973992,1.114202454544477,-0.49808561796467227,-0.20120947984081342,1.0309911932933329,-1.147943645331831,0.4187636003225577,-0.7746473851607276,-0.844749005319939,-0.7840255911910882,44,soyabean,loamy soil
17043,0.23773100905010616,0.17449124089587287,-0.6043429600973992,1.114202454544477,0.27129407971252784,-0.21065758407359794,-1.0674733785015265,-1.0749746936823916,0.8938148014233972,-0.49076283027842027,-0.7106003242222737,-1.144800589570187,44,soyabean,loamy soil
17045,0.23773100905010616,0.17449124089587287,-0.6043429600973992,1.114202454544477,0.27129407971252784,-0.1860925130683582,-0.5044706885077835,-0.6427739800664807,0.3798957747779433,-0.718461900340271,-0.838916453967867,-0.8350442778305566,44,soyabean,loamy soil
17049,0.23773100905010616,0.17449124089587287,-0.6043429600973992,1.114202454544477,-0.3442096784292314,-0.18231327137524433,0.7068381293575413,-1.219509347911089,-0.01741977523366806,-0.4848485687183721,-1.4280041405271802,-0.842332661636195,44,soyabean,loamy soil
17051,0.23773100905010616,0.17449124089587287,-0.6043429600973992,1.114202454544477,-0.3442096784292314,-0.20498872153392728,1.1674766938978767,-0.8204253123514622,0.8592656231615174,-0.2867208064567622,-0.815586248559577,-0.6200369555642251,44,soyabean,loamy soil
17053,0.23773100905010616,0.17449124089587287,-0.6043429600973992,1.114202454544477,-0.6519615575001118,-0.35615838925847987,-0.5044706885077835,-0.7637340499161283,0.6519705535902421,-0.9018040087017613,-0.7280979782784908,-0.7512278640657156,44,soyabean,loamy soil
17059,0.23773100905010616,0.17449124089587287,-0.6043429600973992,1.114202454544477,0.27129407971252784,-0.23711227592539477,-1.4257478175884537,-0.6865553510561442,0.677882437286652,-0.9165896626018815,-1.497994756752049,-0.8751303887615676,44,soyabean,loamy soil
17061,0.23773100905010616,0.17449124089587287,-0.6043429600973992,1.114202454544477,-0.8058374970355525,-0.29946976386177265,-0.7774416897168711,-1.169834330826663,0.03440399215915092,-0.3724775990774589,-1.253027599965008,-1.3087892251970499,44,soyabean,loamy soil
17063,0.23773100905010616,0.17449124089587287,-0.6043429600973992,1.114202454544477,-0.19033373889379193,-0.29758014301521585,-1.0845340660770946,-0.5799084217223479,0.8463096813133129,-0.709590508000199,-1.083883610754908,-0.8386884697333759,44,soyabean,loamy soil
17065,0.23773100905010616,0.17449124089587287,-0.6043429600973992,1.114202454544477,0.11741814017708838,-0.2805735553962036,-0.5556527512344875,-0.728372173347554,0.5915094916319539,-0.8130900853010402,-0.62894460529326,-0.8678420049559294,44,soyabean,loamy soil
17067,0.23773100905010616,0.17449124089587287,-0.6043429600973992,1.114202454544477,-0.8058374970355525,-0.2654565886237484,-1.3745657548617498,-0.6789778060771641,0.794485913920494,-0.061978867174935295,-1.439669243231325,-0.9735235701376855,44,soyabean,loamy soil
17073,0.23773100905010616,0.17449124089587287,-0.6043429600973992,1.114202454544477,0.11741814017708838,-0.1842028922218014,0.9968698181421971,-0.6119025005224871,0.41444495303982243,-0.8485756546613284,-1.5621528216248457,-0.6200369555642251,44,soyabean,loamy soil
17075,0.23773100905010616,0.17449124089587287,-0.6043429600973992,1.114202454544477,0.27129407971252784,-0.22199530915293955,-1.3063230045594776,-0.9228624944747138,0.07759046498649996,-0.18617835993594484,-1.1655393296839218,-0.8277558940249184,44,soyabean,loamy soil
17077,0.23773100905010616,0.17449124089587287,-0.6043429600973992,1.114202454544477,-0.19033373889379193,-0.19743023814769953,1.1333553187467404,-1.1179141152299463,0.6044654334801585,-0.49963422261849233,-0.6347771566453325,-1.0974260948335375,44,soyabean,loamy soil
17079,0.23773100905010616,0.17449124089587287,-0.6043429600973992,1.114202454544477,0.27129407971252784,-0.28624241793587424,-0.026771436391880492,-0.5521240901327537,0.8722215650097227,-0.11225009043534397,-0.9672325837134597,-0.8168233183164607,44,soyabean,loamy soil
17081,0.23773100905010616,0.17449124089587287,-0.6043429600973992,1.114202454544477,0.11741814017708838,-0.2881320387824313,0.55329194117743,-1.1044429241562037,0.2546550035786308,-0.20687827539611314,-1.183036983740139,-1.1047144786391758,44,soyabean,loamy soil
17083,0.23773100905010616,0.17449124089587287,-0.6043429600973992,1.114202454544477,-0.9597134365709921,-0.18231327137524433,-0.3850458754788079,-1.032877221576946,0.3539838910815341,-0.8663184393414728,-1.381343729710601,-0.8969955401784827,44,soyabean,loamy soil
17085,0.23773100905010616,0.17449124089587287,-0.6043429600973992,1.114202454544477,-0.49808561796467227,-0.1860925130683582,-0.45328862578107953,-1.0320352721348367,0.017129403028211056,-0.24236384475640166,-1.253027599965008,-0.9261490754010362,44,soyabean,loamy soil
17087,0.23773100905010616,0.17449124089587287,-0.6043429600973992,1.114202454544477,-0.036457799358352465,-0.3410414224860247,-1.4598691927395895,-0.8723455279481788,0.2503363562958962,-0.6208765845994779,-1.2880229080774424,-1.1229354381532717,44,soyabean,loamy soil
17089,0.23773100905010616,0.17449124089587287,-0.6043429600973992,1.114202454544477,0.5790459587834081,-0.29758014301521585,-1.5451726306174294,-1.0404547665559258,0.017129403028211056,-0.5439911843188531,-1.253027599965008,-0.9115723077897594,44,soyabean,loamy soil
17091,0.23773100905010616,0.17449124089587287,-0.6043429600973992,1.114202454544477,0.4251700192479687,-0.1842028922218014,-1.3063230045594776,-0.6214445941997214,0.5871908443492186,-0.7007191156601268,-0.9439023783051701,-0.9480142268179512,44,soyabean,loamy soil
17093,0.23773100905010616,0.17449124089587287,-0.6043429600973992,1.114202454544477,0.5790459587834081,-0.29191128047554493,-0.0608928115430169,-1.183586171714442,0.07327181770376531,-0.7539474697005595,-0.9089070701927356,-1.0172538729715157,44,soyabean,loamy soil
17095,0.23773100905010616,0.17449124089587287,-0.6043429600973992,1.114202454544477,0.27129407971252784,-0.2182160674598257,-0.5897741263856233,-0.7488596097722042,0.3712584802124734,-0.48189143793834827,-0.6231120539411876,-0.6346137231755018,44,soyabean,loamy soil
17097,0.23773100905010616,0.17449124089587287,-0.6043429600973992,1.114202454544477,-0.036457799358352465,-0.2352226550788377,-0.1973783121475601,-0.9020944082360273,0.7858486193550246,-0.26010662943654567,-0.5472888863642464,-0.9334374592066745,44,soyabean,loamy soil
17099,0.23773100905010616,0.17449124089587287,-0.6043429600973992,1.114202454544477,0.27129407971252784,-0.2730150720099758,-0.7945023772924388,-1.0078993881277143,0.2201058253167517,-0.3636062067373869,-1.153874226979777,-0.762160439774173,44,soyabean,loamy soil
17101,0.23773100905010616,0.17449124089587287,-0.6043429600973992,1.114202454544477,-0.49808561796467227,-0.25411886354440677,-0.0779534991185845,-1.147943645331831,0.1985125889030772,-0.280806544896714,-0.7980885945033599,-1.126579630056091,44,soyabean,loamy soil
17103,0.23773100905010616,0.17449124089587287,-0.6043429600973992,1.114202454544477,-0.3442096784292314,-0.25411886354440677,-1.28926231698391,-0.5549305882731167,0.03872263944188558,-0.22757819085628148,-1.253027599965008,-0.9990329134574197,44,soyabean,loamy soil
17105,0.23773100905010616,0.17449124089587287,-0.6043429600973992,1.114202454544477,0.4251700192479687,-0.2352226550788377,0.7068381293575413,-1.1684310817564814,0.11213964324837908,-0.42570595311789144,-1.626310886497642,-0.7730930154826308,44,soyabean,loamy soil
17107,0.23773100905010616,0.17449124089587287,-0.6043429600973992,1.114202454544477,-0.6519615575001118,-0.3145867306342279,0.1950175020905025,-1.0135123844084406,0.49649925141178586,-0.13295000589551229,-1.4221715891751077,-1.1120028624448142,44,soyabean,loamy soil
17109,0.23773100905010616,0.17449124089587287,-0.6043429600973992,1.114202454544477,-0.3442096784292314,-0.18231327137524433,0.4168064405728861,-1.0151962832926584,0.21578717803401704,-0.46119152247817996,-1.0255580972341838,-1.2140402357237514,44,soyabean,loamy soil
17111,0.23773100905010616,0.17449124089587287,-0.6043429600973992,1.114202454544477,-0.3442096784292314,-0.22388492999949636,0.502109878450726,-1.1229658118826,0.38421442206067796,-0.47006291481825196,-0.7514281836867808,-0.9188606915953978,44,soyabean,loamy soil
17113,0.23773100905010616,0.17449124089587287,-0.6043429600973992,1.114202454544477,-0.6519615575001118,-0.23900189677195155,-1.5622333181929973,-1.2152996007005445,-0.004463833385463468,-0.07676452107505546,-0.6347771566453325,-0.9225048834982169,44,soyabean,loamy soil
17115,0.23773100905010616,0.17449124089587287,-0.6043429600973992,1.114202454544477,0.27129407971252784,-0.3240348348670124,-0.9821699406236866,-0.8563484885481092,0.7426621465276756,-0.2482781063164494,-1.352180972950239,-1.2213286195293895,44,soyabean,loamy soil
17119,0.23773100905010616,0.17449124089587287,-0.6043429600973992,1.114202454544477,-0.49808561796467227,-0.2484500010047361,-0.6238955015367591,-0.5888892157715099,0.4446754840189669,-0.7776045159407518,-0.7922560431512874,-0.6783440260093321,44,soyabean,loamy soil
17121,0.23773100905010616,0.17449124089587287,-0.6043429600973992,1.114202454544477,-0.19033373889379193,-0.25411886354440677,1.1333553187467404,-1.2150189508865084,0.7556180883758802,-0.8397042623212565,-0.9963953404738217,-0.9516584187207704,44,soyabean,loamy soil
17123,0.23773100905010616,0.17449124089587287,-0.6043429600973992,1.114202454544477,-0.3442096784292314,-0.23900189677195155,-0.8286237524435751,-0.5793471220942755,0.06895317042103004,-0.7864759082808237,-1.398841383766818,-0.7512278640657156,44,soyabean,loamy soil
17125,0.23773100905010616,0.17449124089587287,-0.6043429600973992,1.114202454544477,-0.6519615575001118,-0.2654565886237484,-0.009710748816312897,-0.9559791725309977,0.5785535497837486,-0.5085056149585647,-0.6581073620536221,-0.7038533693290664,44,soyabean,loamy soil
17127,0.23773100905010616,0.17449124089587287,-0.6043429600973992,1.114202454544477,-0.036457799358352465,-0.23144341338572408,1.2186587566245801,-0.9343691368502024,0.3496652437987988,-0.20983540617613702,-0.7630932863909253,-0.8241117021220992,44,soyabean,loamy soil
17129,0.23773100905010616,0.17449124089587287,-0.6043429600973992,1.114202454544477,-0.6519615575001118,-0.2767943137030897,-1.3575050672861815,-0.6099379518242327,0.27624823999230536,-0.2748922833366659,-1.5854830270331353,-0.860553621150291,44,soyabean,loamy soil
17131,0.23773100905010616,0.17449124089587287,-0.6043429600973992,1.114202454544477,-0.8058374970355525,-0.36182725179815056,-0.2826817500253999,-0.6859940514280717,0.012810755745476398,-0.28967793723678603,-1.0780510594028356,-0.9844561458461429,44,soyabean,loamy soil
17135,0.23773100905010616,0.17449124089587287,-0.6043429600973992,1.114202454544477,-0.3442096784292314,-0.30324900555488654,-0.6068348139611915,-1.0836748379175172,0.6649264954384467,-0.13590713667553617,-1.2646927026691528,-0.900639732081302,44,soyabean,loamy soil
17141,0.23773100905010616,0.17449124089587287,-0.6043429600973992,1.114202454544477,-0.49808561796467227,-0.3372621807929108,-0.9139271903214149,-0.592818313168018,0.7037943209830612,-0.6859334617600066,-0.558953989068391,-0.7402952883572582,44,soyabean,loamy soil
17143,0.23773100905010616,0.17449124089587287,-0.6043429600973992,1.114202454544477,-0.19033373889379193,-0.20687834238048408,0.041471313910391105,-1.0252996765979654,0.7426621465276756,-0.6149623230394298,-0.8622466593761565,-1.2395495790434854,44,soyabean,loamy soil
17145,0.23773100905010616,0.17449124089587287,-0.6043429600973992,1.114202454544477,-0.8058374970355525,-0.29758014301521585,1.2186587566245801,-0.7356690685124977,0.6865197318521213,-0.35473481439731486,-1.183036983740139,-0.6892766017177895,44,soyabean,loamy soil
17147,0.23773100905010616,0.17449124089587287,-0.6043429600973992,1.114202454544477,-0.8058374970355525,-0.3410414224860247,-0.0608928115430169,-1.1151076170895833,-0.02173842251640272,-0.40796316843774744,-1.3755111783585285,-1.2759914980716773,44,soyabean,loamy soil
17149,0.23773100905010616,0.17449124089587287,-0.6043429600973992,1.114202454544477,0.27129407971252784,-0.1993198589942566,0.9968698181421971,-1.1816216230161878,0.3798957747779433,-0.5706053613390693,-1.3580135243023115,-0.6783440260093321,44,soyabean,loamy soil
17151,0.23773100905010616,0.17449124089587287,-0.6043429600973992,1.114202454544477,0.4251700192479687,-0.3145867306342279,1.0480518808689006,-1.1086526713667484,0.1380515269447889,-0.552862576658925,-0.8214187999116495,-1.068272559610984,44,soyabean,loamy soil
17153,0.23773100905010616,0.17449124089587287,-0.6043429600973992,1.114202454544477,-0.49808561796467227,-0.26923583031686227,-1.5451726306174294,-0.731178671487917,0.6476519063075076,-0.7391618158004394,-0.7864234917992149,-1.126579630056091,44,soyabean,loamy soil
17157,0.23773100905010616,0.17449124089587287,-0.6043429600973992,1.114202454544477,0.5790459587834081,-0.28435279708931743,-1.6304760684952693,-0.7205139785545372,0.5440043715218695,-0.22166392929623333,-1.5621528216248457,-1.0719167515138033,44,soyabean,loamy soil
17163,0.23773100905010616,0.17449124089587287,-0.6043429600973992,1.114202454544477,-0.19033373889379193,-0.20120947984081342,0.21207818966607073,-1.1813409732021516,0.7512994410931448,-0.4050060376577235,-1.2355299459087907,-1.1812425085983786,44,soyabean,loamy soil
17165,0.23773100905010616,0.17449124089587287,-0.6043429600973992,1.114202454544477,-0.8058374970355525,-0.187982133914915,-0.11207487426972029,-0.8605582357586538,0.1466888215102582,-0.62974797693955,-0.7047677728702012,-0.6965649855234279,44,soyabean,loamy soil
17167,0.23773100905010616,0.17449124089587287,-0.6043429600973992,1.114202454544477,-0.8058374970355525,-0.310807488941114,-1.3063230045594776,-0.8024637242531386,0.3583025383642688,-0.3488205528372667,-1.3346833188940217,-0.7658046316769923,44,soyabean,loamy soil
17169,0.23773100905010616,0.17449124089587287,-0.6043429600973992,1.114202454544477,-0.19033373889379193,-0.18987175476147206,-1.0333520033503905,-0.6946941956631972,0.3583025383642688,-0.13295000589551229,-1.2355299459087907,-1.0719167515138033,44,soyabean,loamy soil
17173,0.23773100905010616,0.17449124089587287,-0.6043429600973992,1.114202454544477,-0.19033373889379193,-0.3391518016394676,-1.3575050672861815,-0.9534533242046711,0.051678581290090786,-0.3281206373770984,-0.7514281836867808,-0.7002091774262471,44,soyabean,loamy soil
17175,0.23773100905010616,0.17449124089587287,-0.6043429600973992,1.114202454544477,-0.3442096784292314,-0.25033962185129316,0.9627484429910608,-0.5936602626101272,0.3583025383642688,-0.49371996105844457,-1.171371881035994,-0.9808119539433239,44,soyabean,loamy soil
17177,0.23773100905010616,0.17449124089587287,-0.6043429600973992,1.114202454544477,-0.49808561796467227,-0.293800901322102,1.1162946311711728,-0.5282688559396677,0.14237017422752354,-0.7450760773604873,-0.815586248559577,-0.9771677620405046,44,soyabean,loamy soil
17179,0.23773100905010616,0.17449124089587287,-0.6043429600973992,1.114202454544477,-0.19033373889379193,-0.3278140765601263,0.3656243778461821,-0.8639260335270896,0.6562892008729775,-0.6593192847397903,-0.7689258377429978,-1.210396043820932,44,soyabean,loamy soil
17181,0.23773100905010616,0.17449124089587287,-0.6043429600973992,1.114202454544477,-0.6519615575001118,-0.29191128047554493,-1.0333520033503905,-1.0895684840122795,0.2589736508613661,-0.3961346453176511,-0.8855768647844461,-1.024542256777154,44,soyabean,loamy soil
17183,0.23773100905010616,0.17449124089587287,-0.6043429600973992,1.114202454544477,-0.6519615575001118,-0.3410414224860247,-1.0845340660770946,-1.2234384453075975,0.531048429673665,-0.2926350680168099,-0.8214187999116495,-0.7184301369403431,44,soyabean,loamy soil
17185,0.23773100905010616,0.17449124089587287,-0.6043429600973992,1.114202454544477,-0.8058374970355525,-0.2767943137030897,-1.613415380919701,-1.1647826341740095,0.04735993400735551,-0.7450760773604873,-0.7747583890950703,-0.6054601879529484,44,soyabean,loamy soil
17189,0.23773100905010616,0.17449124089587287,-0.6043429600973992,1.114202454544477,0.27129407971252784,-0.1860925130683582,-0.9821699406236866,-0.9613115189976879,0.008492108462741737,-0.8071758237409921,-1.2646927026691528,-0.7293627126488005,44,soyabean,loamy soil
17191,0.23773100905010616,0.17449124089587287,-0.6043429600973992,1.114202454544477,-0.19033373889379193,-0.29569052216865876,-1.4939905678907253,-1.041577365812071,0.21146853075128177,-0.6060909306993578,-1.3463484215981665,-0.6819882179121513,44,soyabean,loamy soil
17195,0.23773100905010616,0.17449124089587287,-0.6043429600973992,1.114202454544477,-0.49808561796467227,-0.35615838925847987,-0.2144389997231283,-0.6885198997543984,0.626058669893833,-0.8988468779217371,-1.3755111783585285,-0.6783440260093321,44,soyabean,loamy soil
17199,0.23773100905010616,0.17449124089587287,-0.6043429600973992,1.114202454544477,-0.036457799358352465,-0.2465603801581793,0.17795681451493492,-1.0123897851522954,0.11645829053111435,-0.14477852901560817,-1.4046739351188906,-1.0828493272222608,44,soyabean,loamy soil
17203,0.23773100905010616,0.17449124089587287,-0.6043429600973992,1.114202454544477,0.4251700192479687,-0.19365099645458594,-0.7603810021413029,-0.8310900052848417,0.3064787709714498,-0.8988468779217371,-0.6756050161098391,-0.6564788745924169,44,soyabean,loamy soil
17207,0.23773100905010616,0.17449124089587287,-0.6043429600973992,1.114202454544477,-0.3442096784292314,-0.17853402968213047,-0.18031762457199252,-0.7800117391302341,0.5871908443492186,-0.2689780217766177,-1.0605534053466183,-0.7475836721628963,44,soyabean,loamy soil
17211,0.23773100905010616,0.17449124089587287,-0.6043429600973992,1.114202454544477,0.4251700192479687,-0.2786839345496468,0.877445005113221,-0.6562451711402232,0.5526416660873394,-0.4671057840382281,-0.827251351263722,-0.6309695312726828,44,soyabean,loamy soil
17217,0.23773100905010616,0.17449124089587287,-0.6043429600973992,1.114202454544477,0.27129407971252784,-0.29191128047554493,-0.8968665027458468,-0.7126557837615208,0.6692451427211821,-0.532162661198757,-1.3405158702460942,-1.188530892404017,44,soyabean,loamy soil
17219,0.23773100905010616,0.17449124089587287,-0.6043429600973992,1.114202454544477,-0.49808561796467227,-0.3145867306342279,-0.3679851879032397,-0.7575597540073297,0.40580765847435246,-0.5824338844591654,-0.9205721728968805,-0.9589468025264087,44,soyabean,loamy soil
17223,0.23773100905010616,0.17449124089587287,-0.6043429600973992,1.114202454544477,-0.036457799358352465,-0.19554061730114275,-0.11207487426972029,-1.0659938996332299,0.8938148014233972,-0.40204890687769923,-1.5563202702727732,-1.2759914980716773,44,soyabean,loamy soil
17225,0.23773100905010616,0.17449124089587287,-0.6043429600973992,1.114202454544477,0.4251700192479687,-0.35237914756536604,-0.6238955015367591,-0.7379142670247884,-0.008782480668198128,-0.17139270603582465,-1.6088132324414248,-1.305145033294231,44,soyabean,loamy soil
17227,0.23773100905010616,0.17449124089587287,-0.6043429600973992,1.114202454544477,0.5790459587834081,-0.20120947984081342,0.9968698181421971,-1.1007944765737316,0.837672386747843,-0.22757819085628148,-0.7747583890950703,-1.2577705385575813,44,soyabean,loamy soil
17229,0.23773100905010616,0.17449124089587287,-0.6043429600973992,1.114202454544477,-0.6519615575001118,-0.19743023814769953,-1.4769298803151572,-0.8998492097237366,0.8592656231615174,-0.05902173639491143,-0.5356237836601014,-1.0901377110278991,44,soyabean,loamy soil
17231,0.23773100905010616,0.17449124089587287,-0.6043429600973992,1.114202454544477,-0.19033373889379193,-0.3410414224860247,0.21207818966607073,-0.9972346951943348,0.4446754840189669,-0.5676482305590452,-1.0780510594028356,-0.8277558940249184,44,soyabean,loamy soil
17233,0.23773100905010616,0.17449124089587287,-0.6043429600973992,1.114202454544477,-0.036457799358352465,-0.22577455084605316,-1.5792940057685652,-0.7943248796460859,0.4446754840189669,-0.08267878263510363,-1.4629994486396145,-1.2395495790434854,44,soyabean,loamy soil
17235,0.23773100905010616,0.17449124089587287,-0.6043429600973992,1.114202454544477,-0.8058374970355525,-0.35048952671880923,-1.28926231698391,-0.5832762194907837,0.5180924878254604,-0.552862576658925,-1.4105064864709629,-0.9990329134574197,44,soyabean,loamy soil
17239,0.23773100905010616,0.17449124089587287,-0.6043429600973992,1.114202454544477,-0.19033373889379193,-0.1860925130683582,-1.6475367560708372,-0.5291108053817768,0.28920418184051055,-0.3636062067373869,-0.7689258377429978,-1.228617003335028,44,soyabean,loamy soil
17241,0.23773100905010616,0.17449124089587287,-0.6043429600973992,1.114202454544477,-0.6519615575001118,-0.18231327137524433,0.928627067839925,-1.1210012631843458,0.617421375328363,-0.79830443140092,-1.0897161621069804,-0.6236811474670444,44,soyabean,loamy soil
17243,0.23773100905010616,0.17449124089587287,-0.6043429600973992,1.114202454544477,0.4251700192479687,-0.2163264466132686,0.877445005113221,-0.7915183815057228,0.0862277595519699,-0.49076283027842027,-1.4221715891751077,-0.9297932673038553,44,soyabean,loamy soil
17245,0.23773100905010616,0.17449124089587287,-0.6043429600973992,1.114202454544477,0.27129407971252784,-0.21254720492015503,-0.4191672506299437,-0.8779585242289049,0.5440043715218695,-0.6948048541000789,-1.468831999991687,-1.2832798818773157,44,soyabean,loamy soil
17247,0.23773100905010616,0.17449124089587287,-0.6043429600973992,1.114202454544477,0.27129407971252784,-0.30324900555488654,0.48504919087515835,-1.0682390981455203,0.7772113247895547,-0.8751898316815447,-0.5181261296038844,-1.13022382195891,44,soyabean,loamy soil
17253,0.23773100905010616,0.17449124089587287,-0.6043429600973992,1.114202454544477,-0.49808561796467227,-0.25222924269784996,-0.4191672506299437,-1.2273675427041058,0.14237017422752354,-0.061978867174935295,-1.4163390378230354,-1.228617003335028,44,soyabean,loamy soil
17255,0.23773100905010616,0.17449124089587287,-0.6043429600973992,1.114202454544477,0.27129407971252784,-0.21254720492015503,0.43386712814845435,-1.1776925256196795,0.4187636003225577,-0.40796316843774744,-0.926404724248953,-1.254126346654762,44,soyabean,loamy soil
17261,0.23773100905010616,0.17449124089587287,-0.6043429600973992,1.114202454544477,-0.036457799358352465,-0.34859990587225215,-0.6750775642634631,-0.7398788157230423,0.09486505411743984,-0.14182139823558432,-1.171371881035994,-1.2504821547519431,44,soyabean,loamy soil
17263,0.23773100905010616,0.17449124089587287,-0.6043429600973992,1.114202454544477,-0.8058374970355525,-0.35048952671880923,-1.4428085051640214,-0.9991992438925892,0.18987529433760725,-0.1891354907159687,-1.1655393296839218,-1.1812425085983786,44,soyabean,loamy soil
17265,0.23773100905010616,0.17449124089587287,-0.6043429600973992,1.114202454544477,-0.19033373889379193,-0.25600848439096385,-1.2722016294083418,-0.9444725301555095,0.11213964324837908,-0.8130900853010402,-0.8214187999116495,-0.7439394802600772,44,soyabean,loamy soil
17267,0.23773100905010616,0.17449124089587287,-0.6043429600973992,1.114202454544477,0.27129407971252784,-0.29191128047554493,0.38268506542175035,-0.8268802580742971,0.2546550035786308,-0.3369920297171704,-0.9439023783051701,-1.0172538729715157,44,soyabean,loamy soil
17269,0.23773100905010616,0.17449124089587287,-0.6043429600973992,1.114202454544477,-0.6519615575001118,-0.3315933182532401,0.46798850329959013,-1.002847691475061,0.26329229814410077,-0.8574470470014007,-0.9089070701927356,-1.0937819029307183,44,soyabean,loamy soil
17271,0.23773100905010616,0.17449124089587287,-0.6043429600973992,1.114202454544477,-0.6519615575001118,-0.35993763095159376,-1.135716128803798,-1.1167915159738013,0.40580765847435246,-0.49076283027842027,-1.3346833188940217,-1.0318306405827924,44,soyabean,loamy soil
17273,0.23773100905010616,0.17449124089587287,-0.6043429600973992,1.114202454544477,-0.8058374970355525,-0.3089178680945572,-0.6580168766878955,-0.892832964372829,-0.02173842251640272,-0.3162921142570025,-1.0197255458821115,-0.7876697830939073,44,soyabean,loamy soil
17275,0.23773100905010616,0.17449124089587287,-0.6043429600973992,1.114202454544477,-0.6519615575001118,-0.2616773469306345,0.4168064405728861,-1.1106172200650024,0.7858486193550246,-0.27193515255664197,-1.3113531134857321,-1.3087892251970499,44,soyabean,loamy soil
17277,0.23773100905010616,0.17449124089587287,-0.6043429600973992,1.114202454544477,-0.8058374970355525,-0.3221452140204556,1.0309911932933329,-0.9324045881519482,0.051678581290090786,-0.24236384475640166,-1.5621528216248457,-0.860553621150291,44,soyabean,loamy soil
17279,0.23773100905010616,0.17449124089587287,-0.6043429600973992,1.114202454544477,-0.8058374970355525,-0.20687834238048408,-1.2039588791060702,-1.0188447308751305,0.1380515269447889,-0.13590713667553617,-0.5531214377163185,-1.1739541247927403,44,soyabean,loamy soil
17283,0.23773100905010616,0.17449124089587287,-0.6043429600973992,1.114202454544477,-0.49808561796467227,-0.3410414224860247,-1.4769298803151572,-0.9088300037728986,0.6692451427211821,-0.5085056149585647,-0.6464422593494771,-0.7949581668995458,44,soyabean,loamy soil
17287,0.23773100905010616,0.17449124089587287,-0.6043429600973992,1.114202454544477,0.11741814017708838,-0.2654565886237484,1.0139305057177648,-0.5611048841819156,0.6994756737003265,-0.709590508000199,-0.6756050161098391,-0.7366510964544389,44,soyabean,loamy soil
17289,0.23773100905010616,0.17449124089587287,-0.6043429600973992,1.114202454544477,0.27129407971252784,-0.21065758407359794,-0.9821699406236866,-0.709287985993085,0.06031587585556011,-0.3310777681571227,-0.815586248559577,-0.8933513482756635,44,soyabean,loamy soil
17291,0.23773100905010616,0.17449124089587287,-0.6043429600973992,1.114202454544477,-0.3442096784292314,-0.24467075931162222,0.5362312536018617,-1.120159313742237,0.38853306934341325,-0.10337869809527195,-1.0022278918258942,-0.6491904907867787,44,soyabean,loamy soil
17293,0.23773100905010616,0.17449124089587287,-0.6043429600973992,1.114202454544477,-0.036457799358352465,-0.2597877260840777,0.09265337663709511,-0.5265849570554498,0.28920418184051055,-0.6504478923997183,-1.2121997405005012,-0.6601230664952361,44,soyabean,loamy soil
17295,0.23773100905010616,0.17449124089587287,-0.6043429600973992,1.114202454544477,-0.9597134365709921,-0.3410414224860247,0.43386712814845435,-0.835861052123459,0.5569603133700741,-0.33403489893714655,-1.153874226979777,-0.7475836721628963,44,soyabean,loamy soil
17297,0.23773100905010616,0.17449124089587287,-0.6043429600973992,1.114202454544477,0.4251700192479687,-0.2616773469306345,-0.23149968729869652,-1.1920056661355312,0.22874311988222162,-0.2571494986565218,-0.5414563350121739,-0.9152164996925787,44,soyabean,loamy soil
17299,0.23773100905010616,0.17449124089587287,-0.6043429600973992,1.114202454544477,-0.036457799358352465,-0.29946976386177265,-0.0608928115430169,-1.0645906505630482,0.7815299720722894,-0.3902203837576034,-1.497994756752049,-0.6309695312726828,44,soyabean,loamy soil
17301,0.23773100905010616,0.17449124089587287,-0.6043429600973992,1.114202454544477,0.11741814017708838,-0.17664440883557367,1.0992339435956047,-0.5888892157715099,0.1380515269447889,-0.1802640983758967,-1.4863296540479043,-1.1229354381532717,44,soyabean,loamy soil
17303,0.23773100905010616,0.17449124089587287,-0.6043429600973992,1.114202454544477,-0.8058374970355525,-0.2182160674598257,-0.35092450032767214,-0.8296867562146601,0.3194347128196544,-0.2571494986565218,-1.0547208539945458,-0.7913139749967266,44,soyabean,loamy soil
17305,0.23773100905010616,0.17449124089587287,-0.6043429600973992,1.114202454544477,-0.6519615575001118,-0.30324900555488654,0.9456877554154931,-1.1024783754579497,0.7642553829413501,-0.4966770918384684,-1.6029806810893525,-0.9188606915953978,44,soyabean,loamy soil
17307,0.23773100905010616,0.17449124089587287,-0.6043429600973992,1.114202454544477,-0.8058374970355525,-0.20309910068737047,-0.7603810021413029,-1.159730937521356,0.4187636003225577,-0.62974797693955,-1.2355299459087907,-0.6674114503008746,44,soyabean,loamy soil
17309,0.23773100905010616,0.17449124089587287,-0.6043429600973992,1.114202454544477,-0.6519615575001118,-0.19176137560802886,-0.026771436391880492,-0.5742954254416218,0.7253875573967357,-0.7007191156601268,-1.3580135243023115,-1.2796356899744965,44,soyabean,loamy soil
17311,0.23773100905010616,0.17449124089587287,-0.6043429600973992,1.114202454544477,-0.3442096784292314,-0.29946976386177265,0.8945056926887891,-0.5560531875292619,0.28920418184051055,-0.552862576658925,-0.8214187999116495,-0.842332661636195,44,soyabean,loamy soil
17317,0.23773100905010616,0.17449124089587287,-0.6043429600973992,1.114202454544477,-0.6519615575001118,-0.19743023814769953,1.0992339435956047,-0.9295980900115851,0.574234902501014,-0.3902203837576034,-1.5154924108082664,-1.2614147304604006,44,soyabean,loamy soil
17319,0.23773100905010616,0.17449124089587287,-0.6043429600973992,1.114202454544477,-0.3442096784292314,-0.22766417169261022,-1.186898191530502,-0.666067914631494,0.47058736771537607,-0.46414865325820426,-0.5181261296038844,-0.6127485717585869,44,soyabean,loamy soil
17321,0.23773100905010616,0.17449124089587287,-0.6043429600973992,1.114202454544477,0.27129407971252784,-0.3221452140204556,-1.5110512554662934,-0.8125671175584457,0.07327181770376531,-0.44936299935808405,-1.0022278918258942,-1.166665740987102,44,soyabean,loamy soil
17323,0.23773100905010616,0.17449124089587287,-0.6043429600973992,1.114202454544477,-0.6519615575001118,-0.24467075931162222,0.041471313910391105,-1.1709569300828082,0.38421442206067796,-0.12703574433546413,-1.4163390378230354,-0.802246550705184,44,soyabean,loamy soil
17325,0.23773100905010616,0.17449124089587287,-0.6043429600973992,1.114202454544477,0.4251700192479687,-0.25033962185129316,0.5874133163285657,-0.6944135458491609,0.6303773171765676,-0.3636062067373869,-0.9847302377696769,-0.8860629644700253,44,soyabean,loamy soil
17327,0.23773100905010616,0.17449124089587287,-0.6043429600973992,1.114202454544477,0.11741814017708838,-0.3089178680945572,-0.009710748816312897,-0.5793471220942755,0.23738041444769156,-0.15660705213570447,-0.7280979782784908,-0.8277558940249184,44,soyabean,loamy soil
17329,0.23773100905010616,0.17449124089587287,-0.6043429600973992,1.114202454544477,0.27129407971252784,-0.19743023814769953,-0.40210656305437614,-0.971695562117031,0.47058736771537607,-0.7036762464401508,-1.4455017945833974,-0.7402952883572582,44,soyabean,loamy soil
17331,0.23773100905010616,0.17449124089587287,-0.6043429600973992,1.114202454544477,0.4251700192479687,-0.3089178680945572,0.9968698181421971,-0.6509128246735335,-0.03469436436460731,-0.7421189465804632,-1.1772044323880666,-0.8277558940249184,44,soyabean,loamy soil
17333,0.23773100905010616,0.17449124089587287,-0.6043429600973992,1.114202454544477,-0.49808561796467227,-0.29191128047554493,-0.09501418669415271,-0.9049009063763903,0.6822010845693867,-0.6741049386399105,-0.5997818485328981,-0.6856324098149705,44,soyabean,loamy soil
17335,0.23773100905010616,0.17449124089587287,-0.6043429600973992,1.114202454544477,0.27129407971252784,-0.2730150720099758,-0.18031762457199252,-0.9615921688117239,-0.047650306212812514,-0.6534050231797421,-0.6814375674619116,-0.9808119539433239,44,soyabean,loamy soil
17337,0.23773100905010616,0.17449124089587287,-0.6043429600973992,1.114202454544477,0.4251700192479687,-0.35048952671880923,-0.5556527512344875,-1.204634907767165,0.522411135108195,-0.884061224021617,-1.381343729710601,-1.305145033294231,44,soyabean,loamy soil
17341,0.23773100905010616,0.17449124089587287,-0.6043429600973992,1.114202454544477,-0.6519615575001118,-0.1842028922218014,-1.3916264424373173,-1.012109135338259,0.5699162552182794,-0.4138774299977956,-1.2996880107815874,-1.1630215490842828,44,soyabean,loamy soil
17343,0.23773100905010616,0.17449124089587287,-0.6043429600973992,1.114202454544477,0.27129407971252784,-0.1860925130683582,1.0651125684444687,-0.8987266104675915,0.11213964324837908,-0.4848485687183721,-1.4746645513437595,-0.7512278640657156,44,soyabean,loamy soil
17345,0.23773100905010616,0.17449124089587287,-0.6043429600973992,1.114202454544477,-0.19033373889379193,-0.25600848439096385,-1.5451726306174294,-0.7064814878527219,0.3669398329297387,-0.1092929596553201,-1.4455017945833974,-1.1338680138617294,44,soyabean,loamy soil
17347,0.23773100905010616,0.17449124089587287,-0.6043429600973992,1.114202454544477,-0.036457799358352465,-0.28435279708931743,0.07559268906152691,-0.8400707993340036,0.5353670769563996,-0.7835187775007999,-1.0722185080507631,-0.8204675102192799,44,soyabean,loamy soil
17349,0.23773100905010616,0.17449124089587287,-0.6043429600973992,1.114202454544477,-0.8058374970355525,-0.19554061730114275,0.6215346914797015,-0.7738374432214353,0.12509558509658367,-0.5114627457385886,-0.7514281836867808,-0.7913139749967266,44,soyabean,loamy soil
17351,0.23773100905010616,0.17449124089587287,-0.6043429600973992,1.114202454544477,-0.8058374970355525,-0.24278113846506544,0.8945056926887891,-0.7637340499161283,0.4187636003225577,-0.10633582887529582,-0.815586248559577,-0.6710556422036936,44,soyabean,loamy soil
17353,0.23773100905010616,0.17449124089587287,-0.6043429600973992,1.114202454544477,-0.3442096784292314,-0.36560649349126445,0.38268506542175035,-0.8950781628851197,0.2201058253167517,-0.4434487377980359,-1.1188789188673425,-0.6528346826895977,44,soyabean,loamy soil
17355,0.23773100905010616,0.17449124089587287,-0.6043429600973992,1.114202454544477,-0.6519615575001118,-0.17664440883557367,1.0139305057177648,-0.7154622819018839,0.12941423237931896,-0.280806544896714,-0.6347771566453325,-1.2504821547519431,44,soyabean,loamy soil
17357,0.23773100905010616,0.17449124089587287,-0.6043429600973992,1.114202454544477,0.5790459587834081,-0.35048952671880923,-1.28926231698391,-1.0615035026086488,0.3539838910815341,-0.5055484841785405,-0.4889633728435223,-0.8386884697333759,44,soyabean,loamy soil
17361,0.23773100905010616,0.17449124089587287,-0.6043429600973992,1.114202454544477,0.27129407971252784,-0.2465603801581793,-0.9309878778969826,-0.968889063976668,0.1596447633584634,-0.6090480614793816,-1.4513343459354697,-1.1484447814730059,44,soyabean,loamy soil
17363,0.23773100905010616,0.17449124089587287,-0.6043429600973992,1.114202454544477,0.11741814017708838,-0.29758014301521585,0.6897774417819738,-1.0494355606050878,0.06463452313829537,-0.8633613085614487,-0.7280979782784908,-0.8532652373446525,44,soyabean,loamy soil
17365,0.23773100905010616,0.17449124089587287,-0.6043429600973992,1.114202454544477,-0.6519615575001118,-0.34482066417913854,1.0651125684444687,-0.8094799696040463,0.03872263944188558,-0.549905445878901,-0.9614000323613874,-1.0063212972630582,44,soyabean,loamy soil
17367,0.23773100905010616,0.17449124089587287,-0.6043429600973992,1.114202454544477,0.4251700192479687,-0.20498872153392728,1.0309911932933329,-0.5277075563115953,0.27624823999230536,-0.8958897471417131,-1.5738179243289905,-1.1739541247927403,44,soyabean,loamy soil
17371,0.23773100905010616,0.17449124089587287,-0.6043429600973992,1.114202454544477,-0.9597134365709921,-0.2654565886237484,0.7580201920842453,-0.5641920321363151,0.5137738405427251,-0.6977619848801027,-1.1888695350922114,-0.7694488235798115,44,soyabean,loamy soil
17375,0.23773100905010616,0.17449124089587287,-0.6043429600973992,1.114202454544477,-0.036457799358352465,-0.22577455084605316,-0.4874100009322159,-0.9453144795976183,0.5353670769563996,-0.8456185238813044,-1.439669243231325,-1.0281864486799732,44,soyabean,loamy soil
17377,0.23773100905010616,0.17449124089587287,-0.6043429600973992,1.114202454544477,0.5790459587834081,-0.21254720492015503,-0.7603810021413029,-0.7056395384106131,0.3194347128196544,-0.5262483996387088,-1.567985372976918,-0.638257915078321,44,soyabean,loamy soil
17383,0.23773100905010616,0.17449124089587287,-0.6043429600973992,1.114202454544477,-0.3442096784292314,-0.28435279708931743,-0.40210656305437614,-1.0180027814330215,0.7772113247895547,-0.7628188620406315,-1.171371881035994,-0.6127485717585869,44,soyabean,loamy soil
17385,0.23773100905010616,0.17449124089587287,-0.6043429600973992,1.114202454544477,-0.19033373889379193,-0.29946976386177265,-0.8798058151702786,-0.9304400394536942,0.8981334487061319,-0.22462106007625718,-0.5122935782518119,-0.7876697830939073,44,soyabean,loamy soil
17387,0.23773100905010616,0.17449124089587287,-0.6043429600973992,1.114202454544477,-0.19033373889379193,-0.18231327137524433,-0.2144389997231283,-0.9293174401975487,0.6692451427211821,-0.3488205528372667,-1.468831999991687,-0.6091043798557677,44,soyabean,loamy soil
17391,0.23773100905010616,0.17449124089587287,-0.6043429600973992,1.114202454544477,0.11741814017708838,-0.30513862640144335,-1.6304760684952693,-0.8055508722075381,0.8722215650097227,-0.7628188620406315,-0.7572607350388528,-1.1192912462504527,44,soyabean,loamy soil
17399,0.23773100905010616,0.17449124089587287,-0.6043429600973992,1.114202454544477,-0.8058374970355525,-0.20687834238048408,-0.3338638127521039,-0.8310900052848417,0.31511606553691973,-0.6622764155198144,-1.3696786270064563,-1.0937819029307183,44,soyabean,loamy soil
17403,0.23773100905010616,0.17449124089587287,-0.6043429600973992,1.114202454544477,-0.3442096784292314,-0.17853402968213047,-1.4428085051640214,-0.5818729704206022,0.8549469758787829,-0.6652335462998384,-0.844749005319939,-1.1411563976673678,44,soyabean,loamy soil
17405,0.23773100905010616,0.17449124089587287,-0.6043429600973992,1.114202454544477,0.4251700192479687,-0.2484500010047361,-0.0779534991185845,-0.6770132573789098,0.1855566470548726,-0.43753447623798775,-1.171371881035994,-1.254126346654762,44,soyabean,loamy soil
17407,0.23773100905010616,0.17449124089587287,-0.6043429600973992,1.114202454544477,-0.49808561796467227,-0.2900216596289881,-0.7091989394145989,-0.9051815561904267,0.8765402122924574,-0.5085056149585647,-0.9439023783051701,-0.9881003377489622,44,soyabean,loamy soil
17409,0.23773100905010616,0.17449124089587287,-0.6043429600973992,1.114202454544477,-0.3442096784292314,-0.2824631762427604,0.1097140642126627,-0.8656099324113075,0.2719295927095707,-0.8219614776411123,-1.11304636751527,-0.9334374592066745,44,soyabean,loamy soil
17411,0.23773100905010616,0.17449124089587287,-0.6043429600973992,1.114202454544477,-0.036457799358352465,-0.3089178680945572,-0.2656210624498323,-1.2029510088829471,0.7772113247895547,-0.3369920297171704,-1.095548713459053,-1.0099654891658774,44,soyabean,loamy soil
17415,0.23773100905010616,0.17449124089587287,-0.6043429600973992,1.114202454544477,-0.6519615575001118,-0.2144368257667118,-0.1461962494208567,-1.002847691475061,0.49649925141178586,-0.2571494986565218,-1.3113531134857321,-0.7257185207459812,44,soyabean,loamy soil
17417,0.23773100905010616,0.17449124089587287,-0.6043429600973992,1.114202454544477,-0.8058374970355525,-0.2767943137030897,0.28032093996834234,-1.0794650907069725,0.3928517166261479,-0.19504975227601684,-1.626310886497642,-0.9079281158869403,44,soyabean,loamy soil
17419,0.23773100905010616,0.17449124089587287,-0.6043429600973992,1.114202454544477,0.27129407971252784,-0.2597877260840777,-0.7945023772924388,-0.6079734031259785,0.051678581290090786,-0.6741049386399105,-1.1480416756277045,-0.8969955401784827,44,soyabean,loamy soil
17421,0.23773100905010616,0.17449124089587287,-0.6043429600973992,1.114202454544477,-0.6519615575001118,-0.36371687264470765,0.4509278157240219,-0.6172348469891767,0.7772113247895547,-0.6327051077195741,-0.6989352215181287,-1.1192912462504527,44,soyabean,loamy soil
17423,0.23773100905010616,0.17449124089587287,-0.6043429600973992,1.114202454544477,-0.3442096784292314,-0.31647635148078496,-0.8968665027458468,-0.6307060380629194,0.6519705535902421,-0.6120051922594058,-0.5006284755476669,-0.8095349345108225,44,soyabean,loamy soil
17425,0.23773100905010616,0.17449124089587287,-0.6043429600973992,1.114202454544477,0.27129407971252784,-0.187982133914915,-1.0674733785015265,-0.68992314882458,0.5958281389146886,-0.3872632529775791,-0.9147396215448081,-0.9553026106235897,44,soyabean,loamy soil
17427,0.23773100905010616,0.17449124089587287,-0.6043429600973992,1.114202454544477,0.5790459587834081,-0.24278113846506544,-0.0438321239674487,-1.0180027814330215,0.17691935248940266,-0.11816435199539212,-0.8855768647844461,-1.0901377110278991,44,soyabean,loamy soil
17429,0.23773100905010616,0.17449124089587287,-0.6043429600973992,1.114202454544477,0.11741814017708838,-0.335372559946354,-0.2826817500253999,-0.9245463933589317,0.42308224760529234,-0.3872632529775791,-1.626310886497642,-0.9225048834982169,44,soyabean,loamy soil
17433,0.23773100905010616,0.17449124089587287,-0.6043429600973992,1.114202454544477,0.11741814017708838,-0.3297036974066831,-0.8115630648680069,-0.5479143429222091,0.8203977976169037,-0.8012615621809439,-0.6056143998849705,-0.6419021069811403,44,soyabean,loamy soil
17435,0.23773100905010616,0.17449124089587287,-0.6043429600973992,1.114202454544477,-0.036457799358352465,-0.34859990587225215,-0.1291355618452885,-1.1903217672513133,0.6735637900039168,-0.8515327854413526,-1.095548713459053,-1.166665740987102,44,soyabean,loamy soil
17437,0.23773100905010616,0.17449124089587287,-0.6043429600973992,1.114202454544477,-0.9597134365709921,-0.19365099645458594,-0.2656210624498323,-0.7508241584704585,0.12509558509658367,-0.061978867174935295,-1.626310886497642,-0.9553026106235897,44,soyabean,loamy soil
17439,0.23773100905010616,0.17449124089587287,-0.6043429600973992,1.114202454544477,-0.3442096784292314,-0.2465603801581793,-0.8798058151702786,-1.1849894207846234,0.30216012368871514,-0.549905445878901,-1.083883610754908,-0.6783440260093321,44,soyabean,loamy soil
17441,0.23773100905010616,0.17449124089587287,-0.6043429600973992,1.114202454544477,0.11741814017708838,-0.23900189677195155,0.1438354393637991,-0.7308980216738806,0.5785535497837486,-0.6149623230394298,-1.439669243231325,-0.8787745806643869,44,soyabean,loamy soil
17443,0.23773100905010616,0.17449124089587287,-0.6043429600973992,1.114202454544477,-0.8058374970355525,-0.22199530915293955,-1.1186554412282304,-1.0988299278754776,0.267610945426836,-0.6770620694199346,-1.323018216189877,-1.0573399839025266,44,soyabean,loamy soil
17445,0.23773100905010616,0.17449124089587287,-0.6043429600973992,1.114202454544477,-0.49808561796467227,-0.35993763095159376,-1.5281119430418613,-1.0890071843842068,0.1855566470548726,-0.12407861355544027,-0.6406097079974047,-0.6564788745924169,44,soyabean,loamy soil
17447,0.23773100905010616,0.17449124089587287,-0.6043429600973992,1.114202454544477,-0.6519615575001118,-0.25600848439096385,-0.7433203145657353,-0.564472681950351,0.043041286724620854,-0.8278757392011604,-0.8855768647844461,-1.210396043820932,44,soyabean,loamy soil
17449,0.23773100905010616,0.17449124089587287,-0.6043429600973992,1.114202454544477,-0.9597134365709921,-0.22388492999949636,-0.45328862578107953,-1.1384015516545967,0.617421375328363,-0.2660208909965938,-1.398841383766818,-0.8204675102192799,44,soyabean,loamy soil
17453,0.23773100905010616,0.17449124089587287,-0.6043429600973992,1.114202454544477,-0.8058374970355525,-0.3145867306342279,-0.1632569369964243,-0.9941475472399355,0.531048429673665,-0.4404916070180116,-1.171371881035994,-0.6309695312726828,44,soyabean,loamy soil
17455,0.23773100905010616,0.17449124089587287,-0.6043429600973992,1.114202454544477,0.4251700192479687,-0.3221452140204556,0.12677475178823092,-0.7468950610739499,0.09486505411743984,-0.8101329545210161,-0.5764516431246085,-1.2942124575857732,44,soyabean,loamy soil
17457,0.23773100905010616,0.17449124089587287,-0.6043429600973992,1.114202454544477,0.4251700192479687,-0.34859990587225215,0.8092022548109493,-0.9590663204853972,0.16396341064119807,-0.715504769560247,-0.8797443134323736,-0.7730930154826308,44,soyabean,loamy soil
17459,0.23773100905010616,0.17449124089587287,-0.6043429600973992,1.114202454544477,0.5790459587834081,-0.3429310433325815,-1.613415380919701,-0.8990072602816278,0.008492108462741737,-0.6238337153795018,-1.381343729710601,-1.0792051353194416,44,soyabean,loamy soil
17463,0.23773100905010616,0.17449124089587287,-0.6043429600973992,1.114202454544477,-0.036457799358352465,-0.2616773469306345,-0.6921382518390313,-0.723881776322973,0.5958281389146886,-0.8012615621809439,-1.2880229080774424,-1.334298568516784,44,soyabean,loamy soil
17465,0.23773100905010616,0.17449124089587287,-0.6043429600973992,1.114202454544477,-0.8058374970355525,-0.22955379253916702,-0.6238955015367591,-1.1372789523984514,0.41012630575708775,-0.03832182093474311,-0.8797443134323736,-1.0719167515138033,44,soyabean,loamy soil
17467,0.23773100905010616,0.17449124089587287,-0.6043429600973992,1.114202454544477,0.11741814017708838,-0.1993198589942566,0.5703526287529982,-0.9874119517030642,0.677882437286652,-0.07676452107505546,-1.0197255458821115,-0.7220743288431622,44,soyabean,loamy soil
17469,0.23773100905010616,0.17449124089587287,-0.6043429600973992,1.114202454544477,0.11741814017708838,-0.22388492999949636,-1.6475367560708372,-0.8198640127233895,0.16828205792393272,-0.6563621539597663,-1.2471950486129355,-0.6783440260093321,44,soyabean,loamy soil
17471,0.23773100905010616,0.17449124089587287,-0.6043429600973992,1.114202454544477,-0.3442096784292314,-0.3278140765601263,0.1438354393637991,-1.0620648022367216,0.26329229814410077,-0.08267878263510363,-0.6172795025891151,-0.7803813992882689,44,soyabean,loamy soil
17473,0.23773100905010616,0.17449124089587287,-0.6043429600973992,1.114202454544477,0.11741814017708838,-0.24467075931162222,0.3997457529973185,-0.7819762878284882,0.15100746879299348,-0.13590713667553617,-0.7455956323347083,-0.9698793782348663,44,soyabean,loamy soil
17479,0.23773100905010616,0.17449124089587287,-0.6043429600973992,1.114202454544477,-0.8058374970355525,-0.2730150720099758,-0.6409561891123273,-0.8425966476603303,0.5267297823909303,-0.6445336308396702,-0.9555674810093149,-0.9553026106235897,44,soyabean,loamy soil
17481,0.23773100905010616,0.17449124089587287,-0.6043429600973992,1.114202454544477,-0.19033373889379193,-0.18231327137524433,0.5362312536018617,-0.9756246595135392,0.11213964324837908,-0.8042186929609679,-1.5738179243289905,-1.3087892251970499,44,soyabean,loamy soil
17483,0.23773100905010616,0.17449124089587287,-0.6043429600973992,1.114202454544477,-0.036457799358352465,-0.31647635148078496,-1.3233836921350457,-1.0738520944262464,0.47058736771537607,-0.07972165185507976,-1.4163390378230354,-0.8496210454418335,44,soyabean,loamy soil
17485,0.23773100905010616,0.17449124089587287,-0.6043429600973992,1.114202454544477,-0.3442096784292314,-0.3089178680945572,-0.4874100009322159,-0.9638373673240146,0.5871908443492186,-0.10633582887529582,-1.4163390378230354,-1.1812425085983786,44,soyabean,loamy soil
17491,0.23773100905010616,0.17449124089587287,-0.6043429600973992,1.114202454544477,-0.49808561796467227,-0.25600848439096385,-1.6304760684952693,-1.101075126387768,0.11645829053111435,-0.27193515255664197,-0.8039211458554324,-1.166665740987102,44,soyabean,loamy soil
17493,0.23773100905010616,0.17449124089587287,-0.6043429600973992,1.114202454544477,-0.3442096784292314,-0.31269710978767107,-0.3679851879032397,-1.1844281211565508,0.8549469758787829,-0.4345773454579639,-0.7280979782784908,-0.8095349345108225,44,soyabean,loamy soil
17499,0.23773100905010616,0.17449124089587287,-0.6043429600973992,1.114202454544477,0.27129407971252784,-0.3089178680945572,-1.664597443646405,-0.8173381643970627,0.4489941313017015,-0.5735624921190934,-1.6204783351455698,-0.6491904907867787,44,soyabean,loamy soil
17501,0.23773100905010616,0.17449124089587287,-0.6043429600973992,1.114202454544477,-0.49808561796467227,-0.35615838925847987,0.3485636902706145,-0.5277075563115953,0.8549469758787829,-0.5410340535388289,-0.8622466593761565,-1.0354748324856116,44,soyabean,loamy soil
17503,0.23773100905010616,0.17449124089587287,-0.6043429600973992,1.114202454544477,0.4251700192479687,-0.36371687264470765,-0.5897741263856233,-1.0977073286193324,0.7858486193550246,-0.6356622384995981,-1.0780510594028356,-0.904283923984121,44,soyabean,loamy soil
17505,0.23773100905010616,0.17449124089587287,-0.6043429600973992,1.114202454544477,-0.49808561796467227,-0.22199530915293955,-1.5622333181929973,-1.032877221576946,0.2201058253167517,-0.1743498368158485,-0.6756050161098391,-0.6054601879529484,44,soyabean,loamy soil
17507,0.23773100905010616,0.17449124089587287,-0.6043429600973992,1.114202454544477,0.4251700192479687,-0.19176137560802886,1.0309911932933329,-1.1855507204126963,0.3410279492333289,-0.7509903389205355,-0.7339305296305633,-1.0354748324856116,44,soyabean,loamy soil
17509,0.23773100905010616,0.17449124089587287,-0.6043429600973992,1.114202454544477,-0.6519615575001118,-0.3580480101050367,0.9456877554154931,-1.1358757033282698,0.617421375328363,-0.41979169155784374,-0.8914094161365186,-0.9844561458461429,44,soyabean,loamy soil
17513,0.23773100905010616,0.17449124089587287,-0.6043429600973992,1.114202454544477,-0.036457799358352465,-0.1860925130683582,-0.1632569369964243,-0.6593323190946226,0.043041286724620854,-0.3488205528372667,-1.124711470219415,-1.2978566494885924,44,soyabean,loamy soil
17517,0.23773100905010616,0.17449124089587287,-0.6043429600973992,1.114202454544477,-0.3442096784292314,-0.26923583031686227,0.16089612693936672,-1.000041193334698,0.41012630575708775,-0.6208765845994779,-1.223864843204646,-1.2067518519181129,44,soyabean,loamy soil
17519,0.23773100905010616,0.17449124089587287,-0.6043429600973992,1.114202454544477,0.5790459587834081,-0.19743023814769953,-0.9992306281992548,-0.6601742685367314,0.6433332590247722,-0.4759771763783001,-1.1947020864442839,-1.1338680138617294,44,soyabean,loamy soil
17521,0.23773100905010616,0.17449124089587287,-0.6043429600973992,1.114202454544477,0.4251700192479687,-0.2767943137030897,-0.0779534991185845,-0.6663485644455303,0.36262118564700346,-0.3399491604971947,-0.6056143998849705,-1.0719167515138033,44,soyabean,loamy soil
17523,0.23773100905010616,0.17449124089587287,-0.6043429600973992,1.114202454544477,-0.49808561796467227,-0.30513862640144335,0.3485636902706145,-1.0289481241804372,0.6476519063075076,-0.3281206373770984,-1.323018216189877,-0.9152164996925787,44,soyabean,loamy soil
17525,0.23773100905010616,0.17449124089587287,-0.6043429600973992,1.114202454544477,-0.3442096784292314,-0.18042365052868753,0.7750808796598135,-0.535004451476539,0.10782099596564443,-0.41979169155784374,-1.4921622053999766,-1.04276321629125,44,soyabean,loamy soil
17527,0.23773100905010616,0.17449124089587287,-0.6043429600973992,1.114202454544477,0.4251700192479687,-0.2144368257667118,-0.11207487426972029,-1.0194060305032029,0.2503363562958962,-0.8012615621809439,-1.3580135243023115,-1.1520889733758253,44,soyabean,loamy soil
17529,0.23773100905010616,0.17449124089587287,-0.6043429600973992,1.114202454544477,-0.8058374970355525,-0.29946976386177265,0.8092022548109493,-0.9750633598854668,0.4360381894534969,-0.6859334617600066,-1.5329900648644836,-1.268703114266039,44,soyabean,loamy soil
17531,0.23773100905010616,0.17449124089587287,-0.6043429600973992,1.114202454544477,-0.9597134365709921,-0.17664440883557367,0.1950175020905025,-0.697220043989524,0.36262118564700346,-0.7628188620406315,-1.2705252540212253,-1.2942124575857732,44,soyabean,loamy soil
17533,0.23773100905010616,0.17449124089587287,-0.6043429600973992,1.114202454544477,-0.8058374970355525,-0.25600848439096385,-1.4428085051640214,-1.2256836438198877,0.8074418557686991,-0.07676452107505546,-1.3638460756543838,-0.6346137231755018,44,soyabean,loamy soil
17535,0.23773100905010616,0.17449124089587287,-0.6043429600973992,1.114202454544477,-0.3442096784292314,-0.3580480101050367,-0.8627451275947109,-0.5465110938520276,-0.013101127950932786,-0.709590508000199,-0.8972419674885911,-0.8131791264136418,44,soyabean,loamy soil
17537,0.23773100905010616,0.17449124089587287,-0.6043429600973992,1.114202454544477,0.11741814017708838,-0.1842028922218014,-0.1461962494208567,-0.5265849570554498,0.030085344876416262,-0.30150646035688233,-1.323018216189877,-1.1593773571814636,44,soyabean,loamy soil
17539,0.23773100905010616,0.17449124089587287,-0.6043429600973992,1.114202454544477,-0.3442096784292314,-0.2805735553962036,0.48504919087515835,-0.7230398268808639,0.5569603133700741,-0.8101329545210161,-1.4221715891751077,-0.6819882179121513,44,soyabean,loamy soil
17541,0.23773100905010616,0.17449124089587287,-0.6043429600973992,1.114202454544477,-0.6519615575001118,-0.22955379253916702,0.655656066630838,-0.7118138343194117,0.12077693781384902,-0.715504769560247,-1.171371881035994,-1.1848867005011978,44,soyabean,loamy soil
17543,0.23773100905010616,0.17449124089587287,-0.6043429600973992,1.114202454544477,-0.6519615575001118,-0.36371687264470765,-0.0779534991185845,-0.8970427115833736,0.004173461180006464,-0.25123523709647366,-1.0605534053466183,-0.9407258430123129,44,soyabean,loamy soil
17545,0.23773100905010616,0.17449124089587287,-0.6043429600973992,1.114202454544477,-0.036457799358352465,-0.3410414224860247,-1.4428085051640214,-0.7289334729756264,0.4619500731499067,-0.27193515255664197,-0.4772982701393773,-1.0026771053602388,44,soyabean,loamy soil
17547,0.23773100905010616,0.17449124089587287,-0.6043429600973992,1.114202454544477,-0.036457799358352465,-0.3297036974066831,0.6385953790552698,-0.5681211295328232,-0.013101127950932786,-0.6741049386399105,-0.7922560431512874,-1.2650589223632198,44,soyabean,loamy soil
17551,0.23773100905010616,0.17449124089587287,-0.6043429600973992,1.114202454544477,-0.3442096784292314,-0.26923583031686227,-0.0438321239674487,-0.6913263978947615,0.8419910340305783,-0.22757819085628148,-1.626310886497642,-1.1156470543476333,44,soyabean,loamy soil
17555,0.23773100905010616,0.17449124089587287,-0.6043429600973992,1.114202454544477,0.11741814017708838,-0.28435279708931743,0.7580201920842453,-0.60179910721718,0.15532611607572813,-0.9047611394817852,-1.2880229080774424,-1.1375122057645486,44,soyabean,loamy soil
17557,0.23773100905010616,0.17449124089587287,-0.6043429600973992,1.114202454544477,-0.036457799358352465,-0.1860925130683582,-1.4257478175884537,-0.8075154209057921,0.5180924878254604,-0.8515327854413526,-0.7922560431512874,-0.9881003377489622,44,soyabean,loamy soil
17559,0.23773100905010616,0.17449124089587287,-0.6043429600973992,1.114202454544477,-0.6519615575001118,-0.22766417169261022,1.0139305057177648,-1.1793764245038973,0.5871908443492186,-0.0974644365352238,-0.9380698269530977,-0.8787745806643869,44,soyabean,loamy soil
17561,0.23773100905010616,0.17449124089587287,-0.6043429600973992,1.114202454544477,-0.8058374970355525,-0.2163264466132686,0.041471313910391105,-0.8555065391060004,0.6217400226110977,-0.11520722121536783,-0.8214187999116495,-1.2140402357237514,44,soyabean,loamy soil
17563,0.23773100905010616,0.17449124089587287,-0.6043429600973992,1.114202454544477,-0.9597134365709921,-0.3089178680945572,-1.3916264424373173,-1.2228771456795247,-0.013101127950932786,-0.3310777681571227,-1.59714812973728,-1.1630215490842828,44,soyabean,loamy soil
17565,0.23773100905010616,0.17449124089587287,-0.6043429600973992,1.114202454544477,0.11741814017708838,-0.2484500010047361,-0.9992306281992548,-0.9253883428010405,0.37557712749520866,-0.887018354801641,-1.5563202702727732,-1.1557331652786444,44,soyabean,loamy soil
17567,0.23773100905010616,0.17449124089587287,-0.6043429600973992,1.114202454544477,-0.19033373889379193,-0.34482066417913854,-0.4874100009322159,-0.7468950610739499,0.6649264954384467,-0.892932616361689,-0.5531214377163185,-1.144800589570187,44,soyabean,loamy soil
17569,0.23773100905010616,0.17449124089587287,-0.6043429600973992,1.114202454544477,0.4251700192479687,-0.29191128047554493,-0.40210656305437614,-1.0463484126506883,0.02144805031094633,-0.6474907616196942,-1.0313906485862563,-0.9698793782348663,44,soyabean,loamy soil
17571,0.23773100905010616,0.17449124089587287,-0.6043429600973992,1.114202454544477,-0.49808561796467227,-0.2597877260840777,-1.3575050672861815,-0.5981506596347078,0.880858859575192,-0.6711478078598865,-1.5621528216248457,-0.7111417531347046,44,soyabean,loamy soil
17573,0.23773100905010616,0.17449124089587287,-0.6043429600973992,1.114202454544477,-0.19033373889379193,-0.2767943137030897,-0.9139271903214149,-0.5773825733960212,0.24169906173042624,-0.2364495831963535,-1.1888695350922114,-1.2031076600152937,44,soyabean,loamy soil
17575,0.23773100905010616,0.17449124089587287,-0.6043429600973992,1.114202454544477,-0.3442096784292314,-0.26923583031686227,0.5191705660262941,-1.175447327107389,0.267610945426836,-0.3044635911369062,-1.1655393296839218,-1.0974260948335375,44,soyabean,loamy soil
17577,0.23773100905010616,0.17449124089587287,-0.6043429600973992,1.114202454544477,-0.49808561796467227,-0.3202555931738985,0.979809130566629,-0.7421240142353329,0.004173461180006464,-0.8751898316815447,-0.7455956323347083,-0.9480142268179512,44,soyabean,loamy soil
17579,0.23773100905010616,0.17449124089587287,-0.6043429600973992,1.114202454544477,-0.6519615575001118,-0.20498872153392728,0.1950175020905025,-0.7297754224177355,0.837672386747843,-0.8544899162213766,-1.4221715891751077,-0.8860629644700253,44,soyabean,loamy soil
17581,0.23773100905010616,0.17449124089587287,-0.6043429600973992,1.114202454544477,0.27129407971252784,-0.2635669677771913,-0.2144389997231283,-1.0345611204611633,-0.05196895349554718,-0.62974797693955,-1.0897161621069804,-0.6564788745924169,44,soyabean,loamy soil
17583,0.23773100905010616,0.17449124089587287,-0.6043429600973992,1.114202454544477,-0.3442096784292314,-0.2881320387824313,-1.5622333181929973,-0.7755213421056533,0.6346959644593029,-0.11225009043534397,-1.171371881035994,-0.9662351863320471,44,soyabean,loamy soil
17587,0.23773100905010616,0.17449124089587287,-0.6043429600973992,1.114202454544477,-0.8058374970355525,-0.2635669677771913,0.26326025239277473,-0.5771019235819849,0.8203977976169037,-0.10633582887529582,-0.6639399134056946,-0.9188606915953978,44,soyabean,loamy soil
17591,0.23773100905010616,0.17449124089587287,-0.6043429600973992,1.114202454544477,0.11741814017708838,-0.3391518016394676,0.7238988169331095,-0.945033829783582,0.2460177090131615,-0.8426613931012805,-1.352180972950239,-1.0719167515138033,44,soyabean,loamy soil
17593,0.23773100905010616,0.17449124089587287,-0.6043429600973992,1.114202454544477,0.27129407971252784,-0.34671028502569534,1.2186587566245801,-0.5271462566835226,0.5612789606528095,-0.3399491604971947,-0.6814375674619116,-0.6346137231755018,44,soyabean,loamy soil
17595,0.23773100905010616,0.17449124089587287,-0.6043429600973992,1.114202454544477,-0.19033373889379193,-0.271125451163419,0.877445005113221,-0.6441772291366622,0.8506283285960482,-0.6741049386399105,-0.6756050161098391,-0.8933513482756635,44,soyabean,loamy soil
17597,0.23773100905010616,0.17449124089587287,-0.6043429600973992,1.114202454544477,-0.3442096784292314,-0.25033962185129316,-0.5897741263856233,-0.6862747012421081,0.6346959644593029,-0.13886426745556044,-1.2705252540212253,-1.1120028624448142,44,soyabean,loamy soil
17599,0.23773100905010616,0.17449124089587287,-0.6043429600973992,1.114202454544477,-0.6519615575001118,-0.3070282472480004,-0.5044706885077835,-1.145979096633577,0.8592656231615174,-0.9018040087017613,-1.2880229080774424,-0.9990329134574197,44,soyabean,loamy soil
17601,0.23773100905010616,0.17449124089587287,-0.6043429600973992,1.114202454544477,-0.19033373889379193,-0.2673462094703052,1.1674766938978767,-0.6991845926877779,0.06031587585556011,-0.2867208064567622,-1.2063671891484287,-1.1848867005011978,44,soyabean,loamy soil
17607,0.23773100905010616,0.17449124089587287,-0.6043429600973992,1.114202454544477,-0.036457799358352465,-0.25033962185129316,0.502109878450726,-0.8611195353867265,0.6390146117420376,-0.061978867174935295,-1.381343729710601,-0.8095349345108225,44,soyabean,loamy soil
17609,0.23773100905010616,0.17449124089587287,-0.6043429600973992,1.114202454544477,0.4251700192479687,-0.2144368257667118,0.16089612693936672,-1.02950942380851,0.22874311988222162,-0.27784941411668973,-1.1888695350922114,-0.8277558940249184,44,soyabean,loamy soil
17611,0.23773100905010616,0.17449124089587287,-0.6043429600973992,1.114202454544477,-0.49808561796467227,-0.2144368257667118,0.7921415672353811,-1.1089333211807846,0.8635842704442528,-0.8811040932415929,-0.8330839026157945,-0.9516584187207704,44,soyabean,loamy soil
17613,0.23773100905010616,0.17449124089587287,-0.6043429600973992,1.114202454544477,-0.036457799358352465,-0.19554061730114275,-0.0438321239674487,-0.8327739041690596,0.38853306934341325,-0.5410340535388289,-1.2646927026691528,-0.8496210454418335,44,soyabean,loamy soil
17615,0.23773100905010616,0.17449124089587287,-0.6043429600973992,1.114202454544477,0.5790459587834081,-0.3334829390997969,-0.35092450032767214,-1.0999525271316228,0.21578717803401704,-0.8130900853010402,-0.49479592419559437,-0.7184301369403431,44,soyabean,loamy soil
17617,0.23773100905010616,0.17449124089587287,-0.6043429600973992,1.114202454544477,-0.49808561796467227,-0.20876796322704114,0.024410626334822903,-1.0637487011209394,0.7383434992449402,-0.06493599795495958,-1.043055751290401,-1.0536957919997074,44,soyabean,loamy soil
17619,0.23773100905010616,0.17449124089587287,-0.6043429600973992,1.114202454544477,-0.49808561796467227,-0.25222924269784996,0.16089612693936672,-1.0682390981455203,0.043041286724620854,-0.07676452107505546,-0.4772982701393773,-0.9589468025264087,44,soyabean,loamy soil
17621,0.23773100905010616,0.17449124089587287,-0.6043429600973992,1.114202454544477,0.27129407971252784,-0.187982133914915,-1.1698375039549345,-0.8397901495199672,0.21146853075128177,-0.25123523709647366,-1.2063671891484287,-1.0354748324856116,44,soyabean,loamy soil
17623,0.23773100905010616,0.17449124089587287,-0.6043429600973992,1.114202454544477,-0.8058374970355525,-0.2352226550788377,-1.4257478175884537,-1.1305433568615801,-0.008782480668198128,-0.6800192001999587,-1.0722185080507631,-1.024542256777154,44,soyabean,loamy soil
17625,0.23773100905010616,0.17449124089587287,-0.6043429600973992,1.114202454544477,-0.8058374970355525,-0.1842028922218014,1.2357194442001485,-1.1471016958897222,0.06463452313829537,-0.10633582887529582,-1.095548713459053,-1.246837962849124,44,soyabean,loamy soil
17627,0.23773100905010616,0.17449124089587287,-0.6043429600973992,1.114202454544477,0.4251700192479687,-0.2182160674598257,-1.135716128803798,-0.8251963591900795,0.7037943209830612,-0.40204890687769923,-1.5038273081041216,-0.8314000859277376,44,soyabean,loamy soil
17629,0.23773100905010616,0.17449124089587287,-0.6043429600973992,1.114202454544477,-0.49808561796467227,-0.19176137560802886,1.1162946311711728,-0.9514887755064172,0.6476519063075076,-0.18617835993594484,-0.926404724248953,-0.7293627126488005,44,soyabean,loamy soil
17631,0.23773100905010616,0.17449124089587287,-0.6043429600973992,1.114202454544477,-0.19033373889379193,-0.3145867306342279,-0.4874100009322159,-1.0452258133945433,0.617421375328363,-0.16252131369575262,-0.9847302377696769,-1.246837962849124,44,soyabean,loamy soil
17633,0.23773100905010616,0.17449124089587287,-0.6043429600973992,1.114202454544477,-0.6519615575001118,-0.30513862640144335,-0.7603810021413029,-0.5369690001747932,0.11213964324837908,-0.2334924524163292,-1.2296973945567182,-1.0063212972630582,44,soyabean,loamy soil
17637,0.23773100905010616,0.17449124089587287,-0.6043429600973992,1.114202454544477,-0.9597134365709921,-0.2767943137030897,-1.4086871300128856,-0.7960087785303034,0.7599367356586147,-0.8397042623212565,-1.59714812973728,-1.1229354381532717,44,soyabean,loamy soil
17641,0.23773100905010616,0.17449124089587287,-0.6043429600973992,1.114202454544477,0.27129407971252784,-0.18987175476147206,-0.6238955015367591,-0.7466144112599139,0.7901672666377593,-0.10633582887529582,-1.095548713459053,-0.7694488235798115,44,soyabean,loamy soil
17643,0.23773100905010616,0.17449124089587287,-0.6043429600973992,1.114202454544477,-0.49808561796467227,-0.19743023814769953,0.5191705660262941,-1.1080913717386758,0.40148901119161784,-0.4759771763783001,-1.0372231999383288,-0.7585162478713541,44,soyabean,loamy soil
17645,0.23773100905010616,0.17449124089587287,-0.6043429600973992,1.114202454544477,0.11741814017708838,-0.29758014301521585,0.7409595045086778,-0.6843101525438539,0.8247164448996384,-0.5646910997790211,-1.3638460756543838,-0.6419021069811403,44,soyabean,loamy soil
17647,0.23773100905010616,0.17449124089587287,-0.6043429600973992,1.114202454544477,-0.49808561796467227,-0.36560649349126445,-1.135716128803798,-0.7856247354109603,0.2719295927095707,-0.4345773454579639,-1.4221715891751077,-0.6236811474670444,44,soyabean,loamy soil
17649,0.23773100905010616,0.17449124089587287,-0.6043429600973992,1.114202454544477,-0.6519615575001118,-0.3278140765601263,-0.009710748816312897,-0.8409127487761123,0.017129403028211056,-0.6356622384995981,-1.0313906485862563,-1.1083586705419952,44,soyabean,loamy soil
17655,0.23773100905010616,0.17449124089587287,-0.6043429600973992,1.114202454544477,-0.3442096784292314,-0.23144341338572408,-1.5622333181929973,-0.7662598982424552,0.0862277595519699,-0.23940671397637736,-0.9380698269530977,-1.2322611952378473,44,soyabean,loamy soil
17657,0.23773100905010616,0.17449124089587287,-0.6043429600973992,1.114202454544477,-0.3442096784292314,-0.23144341338572408,-0.9309878778969826,-0.6843101525438539,0.48354330956358127,-0.2748922833366659,-1.043055751290401,-1.0318306405827924,44,soyabean,loamy soil
17659,0.23773100905010616,0.17449124089587287,-0.6043429600973992,1.114202454544477,0.11741814017708838,-0.3334829390997969,0.024410626334822903,-0.9812376557942654,0.6346959644593029,-0.6445336308396702,-1.5854830270331353,-0.7439394802600772,44,soyabean,loamy soil
17661,0.23773100905010616,0.17449124089587287,-0.6043429600973992,1.114202454544477,0.27129407971252784,-0.2201056883063825,0.5703526287529982,-0.6593323190946226,0.2330617671649563,-0.9047611394817852,-0.7630932863909253,-0.802246550705184,44,soyabean,loamy soil
17663,0.23773100905010616,0.17449124089587287,-0.6043429600973992,1.114202454544477,-0.8058374970355525,-0.18042365052868753,0.33150300269504634,-0.6163928975470677,0.8419910340305783,-0.47302004559827626,-0.6172795025891151,-0.8241117021220992,44,soyabean,loamy soil
17665,0.23773100905010616,0.17449124089587287,-0.6043429600973992,1.114202454544477,-0.8058374970355525,-0.3089178680945572,-0.23149968729869652,-0.8832908706955946,0.7901672666377593,-0.9018040087017613,-0.6756050161098391,-0.7147859450375238,44,soyabean,loamy soil
17667,0.23773100905010616,0.17449124089587287,-0.6043429600973992,1.114202454544477,-0.19033373889379193,-0.20120947984081342,-0.29974243760096814,-1.0623454520507578,0.5008178986945205,-0.4109202992177713,-1.4046739351188906,-0.7184301369403431,44,soyabean,loamy soil
17671,0.23773100905010616,0.17449124089587287,-0.6043429600973992,1.114202454544477,-0.036457799358352465,-0.34859990587225215,-1.4086871300128856,-0.8496128930112379,0.5008178986945205,-0.6238337153795018,-1.2646927026691528,-0.6892766017177895,44,soyabean,loamy soil
17673,0.23773100905010616,0.17449124089587287,-0.6043429600973992,1.114202454544477,-0.3442096784292314,-0.19176137560802886,0.8262629423865175,-0.8041476231373565,0.12077693781384902,-0.8574470470014007,-1.2063671891484287,-1.188530892404017,44,soyabean,loamy soil
17675,0.23773100905010616,0.17449124089587287,-0.6043429600973992,1.114202454544477,0.27129407971252784,-0.18231327137524433,-0.8286237524435751,-1.191725016321495,-0.03901301164734258,-0.26010662943654567,-0.6581073620536221,-1.0500516000968882,44,soyabean,loamy soil
17677,0.23773100905010616,0.17449124089587287,-0.6043429600973992,1.114202454544477,-0.49808561796467227,-0.25600848439096385,1.1674766938978767,-0.9885345509592094,0.16828205792393272,-0.35473481439731486,-0.7805909404471428,-1.2395495790434854,44,soyabean,loamy soil
17679,0.23773100905010616,0.17449124089587287,-0.6043429600973992,1.114202454544477,-0.6519615575001118,-0.2352226550788377,0.9115663802643573,-1.114826967275547,0.27624823999230536,-0.889975485581665,-1.1072138161631977,-1.2759914980716773,44,soyabean,loamy soil
17681,0.23773100905010616,0.17449124089587287,-0.6043429600973992,1.114202454544477,-0.8058374970355525,-0.34671028502569534,-1.4428085051640214,-0.6436159295085895,0.3669398329297387,-0.795347300620896,-0.9147396215448081,-0.9480142268179512,44,soyabean,loamy soil
17685,0.23773100905010616,0.17449124089587287,-0.6043429600973992,1.114202454544477,-0.49808561796467227,-0.3259244557135695,-0.5044706885077835,-1.0878845851280616,-0.03037571708187265,-0.30150646035688233,-0.9905627891217494,-0.7366510964544389,44,soyabean,loamy soil
17687,0.23773100905010616,0.17449124089587287,-0.6043429600973992,1.114202454544477,0.4251700192479687,-0.2900216596289881,1.0651125684444687,-0.5821536202346386,0.17691935248940266,-0.6149623230394298,-1.4221715891751077,-1.2796356899744965,44,soyabean,loamy soil
17689,0.23773100905010616,0.17449124089587287,-0.6043429600973992,1.114202454544477,-0.9597134365709921,-0.31647635148078496,-0.09501418669415271,-1.068800397773593,0.6476519063075076,-0.33403489893714655,-0.8622466593761565,-1.2431937709463048,44,soyabean,loamy soil
17691,0.23773100905010616,0.17449124089587287,-0.6043429600973992,1.114202454544477,-0.49808561796467227,-0.36371687264470765,-0.6580168766878955,-0.6918876975228342,0.1596447633584634,-0.44640586857805975,-0.7980885945033599,-0.6819882179121513,44,soyabean,loamy soil
17693,0.23773100905010616,0.17449124089587287,-0.6043429600973992,1.114202454544477,-0.6519615575001118,-0.2673462094703052,1.1162946311711728,-0.8423159978462939,0.5094551932599904,-0.7450760773604873,-0.6814375674619116,-0.9516584187207704,44,soyabean,loamy soil
17695,0.23773100905010616,0.17449124089587287,-0.6043429600973992,1.114202454544477,0.5790459587834081,-0.35615838925847987,-1.0504126909259581,-0.9469983784818362,0.28488553455777527,-0.35473481439731486,-0.5239586809559564,-0.8933513482756635,44,soyabean,loamy soil
17697,0.23773100905010616,0.17449124089587287,-0.6043429600973992,1.114202454544477,0.5790459587834081,-0.34671028502569534,-1.1015947536526622,-1.0115478357101866,0.8074418557686991,-0.36952046829743507,-0.9380698269530977,-1.2140402357237514,44,soyabean,loamy soil
17701,0.23773100905010616,0.17449124089587287,-0.6043429600973992,1.114202454544477,-0.8058374970355525,-0.2749046928565329,0.7750808796598135,-0.9618728186257602,0.2805668872750406,-0.5055484841785405,-1.1072138161631977,-0.962590994429228,44,soyabean,loamy soil
17703,0.23773100905010616,0.17449124089587287,-0.6043429600973992,1.114202454544477,-0.8058374970355525,-0.31647635148078496,-0.2485603748742641,-1.0376482684155628,0.20714988346854712,-0.19800688305604114,-1.6029806810893525,-0.7257185207459812,44,soyabean,loamy soil
17705,0.23773100905010616,0.17449124089587287,-0.6043429600973992,1.114202454544477,-0.9597134365709921,-0.36371687264470765,0.3997457529973185,-0.8319319547269508,0.32375336010238964,-0.10337869809527195,-0.5006284755476669,-1.126579630056091,44,soyabean,loamy soil
17707,0.23773100905010616,0.17449124089587287,-0.6043429600973992,1.114202454544477,-0.8058374970355525,-0.3221452140204556,0.16089612693936672,-0.9063041554465718,0.8160791503341684,-0.6711478078598865,-1.2296973945567182,-1.064628367708165,44,soyabean,loamy soil
17709,0.23773100905010616,0.17449124089587287,-0.6043429600973992,1.114202454544477,-0.036457799358352465,-0.31269710978767107,0.7921415672353811,-1.1819022728302242,0.18123799977213792,-0.6622764155198144,-1.0722185080507631,-0.8386884697333759,44,soyabean,loamy soil
17713,0.23773100905010616,0.17449124089587287,-0.6043429600973992,1.114202454544477,-0.6519615575001118,-0.22199530915293955,-1.4769298803151572,-0.8145316662566997,0.6649264954384467,-0.5587768382189732,-1.2063671891484287,-1.1411563976673678,44,soyabean,loamy soil
17715,0.23773100905010616,0.17449124089587287,-0.6043429600973992,1.114202454544477,-0.19033373889379193,-0.24278113846506544,-0.3168031251765363,-1.0993912275035502,0.1941939416203425,-0.8811040932415929,-1.5446551675686284,-1.0974260948335375,44,soyabean,loamy soil
17717,0.23773100905010616,0.17449124089587287,-0.6043429600973992,1.114202454544477,-0.49808561796467227,-0.20876796322704114,-0.6409561891123273,-1.0151962832926584,0.1380515269447889,-0.34290629127721856,-0.7280979782784908,-1.144800589570187,44,soyabean,loamy soil
17719,0.23773100905010616,0.17449124089587287,-0.6043429600973992,1.114202454544477,0.27129407971252784,-0.21254720492015503,0.979809130566629,-0.7429659636774417,0.07327181770376531,-0.4316202146779396,-1.323018216189877,-0.962590994429228,44,soyabean,loamy soil
17723,0.23773100905010616,0.17449124089587287,-0.6043429600973992,1.114202454544477,0.27129407971252784,-0.2597877260840777,0.041471313910391105,-0.7508241584704585,0.7512994410931448,-0.7687331236006797,-1.124711470219415,-1.1411563976673678,44,soyabean,loamy soil
17725,0.23773100905010616,0.17449124089587287,-0.6043429600973992,1.114202454544477,0.4251700192479687,-0.17664440883557367,-1.135716128803798,-0.8271609078883334,0.7081129682657958,-0.2867208064567622,-0.7397630809826358,-1.04276321629125,44,soyabean,loamy soil
17729,0.23773100905010616,0.17449124089587287,-0.6043429600973992,1.114202454544477,-0.3442096784292314,-0.34859990587225215,-0.18031762457199252,-0.9136010506115159,0.3539838910815341,-0.6563621539597663,-1.3638460756543838,-0.7220743288431622,44,soyabean,loamy soil
17731,0.23773100905010616,0.17449124089587287,-0.6043429600973992,1.114202454544477,-0.8058374970355525,-0.23333303423228088,0.5874133163285657,-0.9874119517030642,0.48354330956358127,-0.6652335462998384,-0.6814375674619116,-1.2140402357237514,44,soyabean,loamy soil
17733,0.23773100905010616,0.17449124089587287,-0.6043429600973992,1.114202454544477,0.27129407971252784,-0.18987175476147206,1.1504160063223086,-1.1434532483072504,0.29784147640597985,-0.41979169155784374,-0.9555674810093149,-0.9990329134574197,44,soyabean,loamy soil
17735,0.23773100905010616,0.17449124089587287,-0.6043429600973992,1.114202454544477,-0.6519615575001118,-0.23900189677195155,-0.1632569369964243,-0.680942354775418,0.11645829053111435,-0.6593192847397903,-1.2646927026691528,-1.2577705385575813,44,soyabean,loamy soil
17737,0.23773100905010616,0.17449124089587287,-0.6043429600973992,1.114202454544477,-0.6519615575001118,-0.3145867306342279,-0.7774416897168711,-1.050558159861233,0.8592656231615174,-0.6681906770798623,-0.9788976864176047,-1.13022382195891,44,soyabean,loamy soil
17739,0.23773100905010616,0.17449124089587287,-0.6043429600973992,1.114202454544477,-0.6519615575001118,-0.2163264466132686,0.4168064405728861,-1.1327885553738706,0.06463452313829537,-0.9077182702618092,-1.0780510594028356,-0.8969955401784827,44,soyabean,loamy soil
17741,0.23773100905010616,0.17449124089587287,-0.6043429600973992,1.114202454544477,-0.6519615575001118,-0.22955379253916702,0.1438354393637991,-1.0755359933104642,0.28920418184051055,-0.7480332081405113,-1.0022278918258942,-1.1557331652786444,44,soyabean,loamy soil
17745,0.23773100905010616,0.17449124089587287,-0.6043429600973992,1.114202454544477,0.5790459587834081,-0.2144368257667118,-1.5622333181929973,-1.199302561300475,0.6606078481557122,-0.11225009043534397,-0.6347771566453325,-1.2978566494885924,44,soyabean,loamy soil
17749,0.23773100905010616,0.17449124089587287,-0.6043429600973992,1.114202454544477,-0.8058374970355525,-0.2182160674598257,-1.2210195666816377,-0.9270722416852584,0.15532611607572813,-0.3931775145376272,-1.2938554594295149,-1.1083586705419952,44,soyabean,loamy soil
17753,0.23773100905010616,0.17449124089587287,-0.6043429600973992,1.114202454544477,0.11741814017708838,-0.31836597232734176,-0.1973783121475601,-1.1920056661355312,0.051678581290090786,-0.8071758237409921,-0.8039211458554324,-0.7366510964544389,44,soyabean,loamy soil
17755,0.23773100905010616,0.17449124089587287,-0.6043429600973992,1.114202454544477,-0.036457799358352465,-0.30135938470832946,-1.0162913157748223,-1.1687117315705178,0.5612789606528095,-0.9106754010418333,-0.7980885945033599,-1.1484447814730059,44,soyabean,loamy soil
17757,0.23773100905010616,0.17449124089587287,-0.6043429600973992,1.114202454544477,0.11741814017708838,-0.25789810523752066,-0.11207487426972029,-0.7696276960108908,0.1985125889030772,-0.18322122915592096,-0.7689258377429978,-0.7366510964544389,44,soyabean,loamy soil
17759,0.23773100905010616,0.17449124089587287,-0.6043429600973992,1.114202454544477,-0.19033373889379193,-0.20309910068737047,0.8262629423865175,-1.1692730311985904,-0.03037571708187265,-0.9225039241619294,-0.7630932863909253,-0.6564788745924169,44,soyabean,loamy soil
17761,0.23773100905010616,0.17449124089587287,-0.6043429600973992,1.114202454544477,0.4251700192479687,-0.21254720492015503,0.9115663802643573,-0.7578404038213661,0.6562892008729775,-0.6800192001999587,-1.3405158702460942,-0.6163927636614059,44,soyabean,loamy soil
17763,0.23773100905010616,0.17449124089587287,-0.6043429600973992,1.114202454544477,-0.49808561796467227,-0.26923583031686227,-0.7091989394145989,-1.0076187383136783,0.5958281389146886,-0.13295000589551229,-1.4338366918792524,-0.7220743288431622,44,soyabean,loamy soil
17765,0.23773100905010616,0.17449124089587287,-0.6043429600973992,1.114202454544477,0.11741814017708838,-0.30324900555488654,-0.0438321239674487,-1.1181947650439827,0.6822010845693867,-0.49076283027842027,-1.6146457837934973,-1.3015008413914115,44,soyabean,loamy soil
17771,0.23773100905010616,0.17449124089587287,-0.6043429600973992,1.114202454544477,0.27129407971252784,-0.2163264466132686,1.0309911932933329,-0.5709276276731863,0.21146853075128177,-0.7421189465804632,-1.3871762810626733,-1.3087892251970499,44,soyabean,loamy soil
17773,0.23773100905010616,0.17449124089587287,-0.6043429600973992,1.114202454544477,-0.8058374970355525,-0.2182160674598257,-0.18031762457199252,-1.2248416943777791,0.6476519063075076,-0.5853910152391895,-0.6347771566453325,-0.7002091774262471,44,soyabean,loamy soil
17779,0.23773100905010616,0.17449124089587287,-0.6043429600973992,1.114202454544477,-0.036457799358352465,-0.2163264466132686,-1.3063230045594776,-0.7943248796460859,0.15532611607572813,-0.061978867174935295,-0.8797443134323736,-1.1229354381532717,44,soyabean,loamy soil
17781,0.23773100905010616,0.17449124089587287,-0.6043429600973992,1.114202454544477,0.11741814017708838,-0.31647635148078496,0.21207818966607073,-0.9155655993097698,0.38421442206067796,-0.5765196228991175,-1.626310886497642,-1.1812425085983786,44,soyabean,loamy soil
17783,0.23773100905010616,0.17449124089587287,-0.6043429600973992,1.114202454544477,-0.49808561796467227,-0.3221452140204556,-1.4257478175884537,-0.9172494981939877,0.837672386747843,-0.4789343071583244,-1.626310886497642,-0.9698793782348663,44,soyabean,loamy soil
17785,0.23773100905010616,0.17449124089587287,-0.6043429600973992,1.114202454544477,-0.19033373889379193,-0.19554061730114275,-0.29974243760096814,-0.945875779225691,0.6865197318521213,-0.892932616361689,-0.8797443134323736,-0.6965649855234279,44,soyabean,loamy soil
17787,0.23773100905010616,0.17449124089587287,-0.6043429600973992,1.114202454544477,-0.19033373889379193,-0.24467075931162222,-0.2656210624498323,-1.1948121642758942,0.582872197066484,-0.8958897471417131,-1.2296973945567182,-0.9917445296517814,44,soyabean,loamy soil
17789,0.23773100905010616,0.17449124089587287,-0.6043429600973992,1.114202454544477,-0.6519615575001118,-0.29569052216865876,1.2015980690490127,-0.9469983784818362,0.7124316155485311,-0.5292055304187329,-1.3580135243023115,-0.9808119539433239,44,soyabean,loamy soil
17793,0.23773100905010616,0.17449124089587287,-0.6043429600973992,1.114202454544477,0.5790459587834081,-0.2144368257667118,-0.6238955015367591,-0.8566291383621456,0.22442447259948697,-0.4050060376577235,-1.2296973945567182,-1.068272559610984,44,soyabean,loamy soil
17795,0.23773100905010616,0.17449124089587287,-0.6043429600973992,1.114202454544477,0.4251700192479687,-0.20687834238048408,0.1097140642126627,-0.8364223517515318,0.06895317042103004,-0.10042156731524766,-1.0022278918258942,-1.1557331652786444,44,soyabean,loamy soil
17797,0.23773100905010616,0.17449124089587287,-0.6043429600973992,1.114202454544477,-0.6519615575001118,-0.2730150720099758,-0.29974243760096814,-1.0297900736225465,0.8160791503341684,-0.6800192001999587,-1.0605534053466183,-0.8641978130531102,44,soyabean,loamy soil
17799,0.23773100905010616,0.17449124089587287,-0.6043429600973992,1.114202454544477,0.27129407971252784,-0.2767943137030897,0.05853200148595931,-1.0999525271316228,0.3798957747779433,-0.6859334617600066,-0.6756050161098391,-0.9188606915953978,44,soyabean,loamy soil
17801,0.23773100905010616,0.17449124089587287,-0.6043429600973992,1.114202454544477,-0.3442096784292314,-0.2201056883063825,-0.29974243760096814,-0.9559791725309977,0.479224662280846,-0.23053532163630536,-1.2471950486129355,-1.0391190243884307,44,soyabean,loamy soil
17803,0.23773100905010616,0.17449124089587287,-0.6043429600973992,1.114202454544477,-0.8058374970355525,-0.20687834238048408,-1.2210195666816377,-0.6458611280208798,-0.02173842251640272,-0.3872632529775791,-0.9380698269530977,-0.9370816511094937,44,soyabean,loamy soil
17805,0.23773100905010616,0.17449124089587287,-0.6043429600973992,1.114202454544477,0.4251700192479687,-0.2616773469306345,-0.4703493133566477,-1.1327885553738706,0.6649264954384467,-0.3902203837576034,-0.8914094161365186,-0.7038533693290664,44,soyabean,loamy soil
17811,0.23773100905010616,0.17449124089587287,-0.6043429600973992,1.114202454544477,0.4251700192479687,-0.35426876841192306,-0.2826817500253999,-1.006215489243497,0.172600705206668,-0.7273332926803431,-1.5913155783852078,-0.7730930154826308,44,soyabean,loamy soil
17813,0.23773100905010616,0.17449124089587287,-0.6043429600973992,1.114202454544477,-0.3442096784292314,-0.25411886354440677,-0.8798058151702786,-0.6298640886208106,-0.008782480668198128,-0.5292055304187329,-0.5881167458287531,-0.9079281158869403,44,soyabean,loamy soil
17815,0.23773100905010616,0.17449124089587287,-0.6043429600973992,1.114202454544477,-0.19033373889379193,-0.3334829390997969,-1.1015947536526622,-0.8731874773902876,0.30216012368871514,-0.718461900340271,-1.6146457837934973,-0.7366510964544389,44,soyabean,loamy soil
17819,0.23773100905010616,0.17449124089587287,-0.6043429600973992,1.114202454544477,0.27129407971252784,-0.35048952671880923,0.604474003904134,-0.5358464009186481,0.8549469758787829,-0.08859304419515178,-1.3288507675419494,-0.8241117021220992,44,soyabean,loamy soil
17825,0.23773100905010616,0.17449124089587287,-0.6043429600973992,1.114202454544477,-0.3442096784292314,-0.30324900555488654,-0.1632569369964243,-1.0859200364298076,0.4446754840189669,-0.5144198765186127,-1.2413624972608632,-1.330654376613965,44,soyabean,loamy soil
17827,0.23773100905010616,0.17449124089587287,-0.6043429600973992,1.114202454544477,-0.19033373889379193,-0.20687834238048408,0.1950175020905025,-0.5647533317643875,0.3064787709714498,-0.21574966773618517,-1.4921622053999766,-0.6965649855234279,44,soyabean,loamy soil
17829,0.23773100905010616,0.17449124089587287,-0.6043429600973992,1.114202454544477,-0.19033373889379193,-0.2163264466132686,-1.6304760684952693,-1.0564518059559955,0.8592656231615174,-0.23053532163630536,-0.9905627891217494,-0.6236811474670444,44,soyabean,loamy soil
17831,0.23773100905010616,0.17449124089587287,-0.6043429600973992,1.114202454544477,0.11741814017708838,-0.271125451163419,-1.5792940057685652,-1.0233351278997111,0.6390146117420376,-0.7362046850204153,-0.7980885945033599,-1.1375122057645486,44,soyabean,loamy soil
17833,0.23773100905010616,0.17449124089587287,-0.6043429600973992,1.114202454544477,0.4251700192479687,-0.26923583031686227,0.3656243778461821,-0.6441772291366622,0.025766697593680988,-0.1743498368158485,-0.6231120539411876,-1.1958192762096556,44,soyabean,loamy soil
17835,0.23773100905010616,0.17449124089587287,-0.6043429600973992,1.114202454544477,0.4251700192479687,-0.22388492999949636,-0.09501418669415271,-1.1931282653916764,0.479224662280846,-0.5913052767992376,-0.7514281836867808,-0.9662351863320471,44,soyabean,loamy soil
17837,0.23773100905010616,0.17449124089587287,-0.6043429600973992,1.114202454544477,-0.036457799358352465,-0.35048952671880923,-0.6068348139611915,-1.1659052334301547,0.8765402122924574,-0.7362046850204153,-1.1888695350922114,-1.2067518519181129,44,soyabean,loamy soil
17839,0.23773100905010616,0.17449124089587287,-0.6043429600973992,1.114202454544477,-0.9597134365709921,-0.19554061730114275,-0.1461962494208567,-0.8473676944989476,0.8851775068579273,-0.22462106007625718,-0.5472888863642464,-1.166665740987102,44,soyabean,loamy soil
17843,0.23773100905010616,0.17449124089587287,-0.6043429600973992,1.114202454544477,-0.49808561796467227,-0.2465603801581793,-0.8286237524435751,-0.7609275517757652,0.8549469758787829,-0.07085025951500731,-1.323018216189877,-0.8095349345108225,44,soyabean,loamy soil
17845,0.23773100905010616,0.17449124089587287,-0.6043429600973992,1.114202454544477,0.11741814017708838,-0.2749046928565329,0.7068381293575413,-0.814812316070736,0.2503363562958962,-0.15660705213570447,-0.856414108024084,-0.6127485717585869,44,soyabean,loamy soil
17847,0.23773100905010616,0.17449124089587287,-0.6043429600973992,1.114202454544477,-0.19033373889379193,-0.34482066417913854,-1.2210195666816377,-1.1111785196930752,0.5094551932599904,-0.32516350659707455,-1.5504877189207007,-1.2832798818773157,44,soyabean,loamy soil
17849,0.23773100905010616,0.17449124089587287,-0.6043429600973992,1.114202454544477,-0.3442096784292314,-0.34482066417913854,-1.5281119430418613,-1.114826967275547,0.1855566470548726,-0.44640586857805975,-0.7280979782784908,-0.8386884697333759,44,soyabean,loamy soil
17855,0.23773100905010616,0.17449124089587287,-0.6043429600973992,1.114202454544477,-0.19033373889379193,-0.31269710978767107,0.55329194117743,-1.2209125969812706,0.7642553829413501,-0.62974797693955,-1.3405158702460942,-0.7330069045516197,44,soyabean,loamy soil
17859,0.23773100905010616,0.17449124089587287,-0.6043429600973992,1.114202454544477,0.11741814017708838,-0.36182725179815056,0.5362312536018617,-0.9862893524469191,0.4489941313017015,-0.2955921987968342,-0.5881167458287531,-1.2140402357237514,44,soyabean,loamy soil
17861,0.23773100905010616,0.17449124089587287,-0.6043429600973992,1.114202454544477,-0.49808561796467227,-0.19365099645458594,0.8092022548109493,-0.7901151324355413,0.0862277595519699,-0.13886426745556044,-1.3288507675419494,-0.7402952883572582,44,soyabean,loamy soil
17863,0.23773100905010616,0.17449124089587287,-0.6043429600973992,1.114202454544477,0.11741814017708838,-0.3070282472480004,0.1097140642126627,-1.117352815601874,0.30216012368871514,-0.7569046004805834,-0.6697724647577666,-0.7876697830939073,44,soyabean,loamy soil
17865,0.23773100905010616,0.17449124089587287,-0.6043429600973992,1.114202454544477,0.27129407971252784,-0.34482066417913854,-0.6750775642634631,-0.6104992514523055,-0.03037571708187265,-0.5025913533985166,-0.4889633728435223,-1.210396043820932,44,soyabean,loamy soil
17867,0.23773100905010616,0.17449124089587287,-0.6043429600973992,1.114202454544477,0.4251700192479687,-0.19554061730114275,0.7750808796598135,-0.6680324633297482,0.837672386747843,-0.549905445878901,-0.5064610268997394,-1.2942124575857732,44,soyabean,loamy soil
17869,0.23773100905010616,0.17449124089587287,-0.6043429600973992,1.114202454544477,-0.036457799358352465,-0.35048952671880923,-0.3168031251765363,-0.7308980216738806,0.06031587585556011,-0.45823439169815605,-1.5563202702727732,-1.0136096810686963,44,soyabean,loamy soil
17871,0.23773100905010616,0.17449124089587287,-0.6043429600973992,1.114202454544477,0.27129407971252784,-0.2163264466132686,-1.3575050672861815,-1.0497162104191242,-0.01741977523366806,-0.4671057840382281,-1.0372231999383288,-0.904283923984121,44,soyabean,loamy soil
17873,0.23773100905010616,0.17449124089587287,-0.6043429600973992,1.114202454544477,0.11741814017708838,-0.29569052216865876,-0.6580168766878955,-0.7651372989863098,0.565597607935544,-0.709590508000199,-1.0313906485862563,-0.9152164996925787,44,soyabean,loamy soil
17875,0.23773100905010616,0.17449124089587287,-0.6043429600973992,1.114202454544477,0.4251700192479687,-0.2673462094703052,0.7238988169331095,-1.1934089152057126,0.6390146117420376,-0.5114627457385886,-0.7280979782784908,-0.6856324098149705,44,soyabean,loamy soil
17877,0.23773100905010616,0.17449124089587287,-0.6043429600973992,1.114202454544477,-0.3442096784292314,-0.2654565886237484,-0.1632569369964243,-0.8291254565865878,0.8679029177269875,-0.09155017497517565,-1.6438085405538594,-0.6528346826895977,44,soyabean,loamy soil
17879,0.23773100905010616,0.17449124089587287,-0.6043429600973992,1.114202454544477,0.11741814017708838,-0.35993763095159376,1.2357194442001485,-0.8950781628851197,0.012810755745476398,-0.2837636756767379,-1.5329900648644836,-1.064628367708165,44,soyabean,loamy soil
17881,0.23773100905010616,0.17449124089587287,-0.6043429600973992,1.114202454544477,-0.49808561796467227,-0.25789810523752066,0.8433236299620851,-1.0847974371736624,0.24169906173042624,-0.6800192001999587,-0.6581073620536221,-0.9516584187207704,44,soyabean,loamy soil
17883,0.23773100905010616,0.17449124089587287,-0.6043429600973992,1.114202454544477,-0.6519615575001118,-0.22388492999949636,0.22913887724163892,-0.7558758551231118,0.6865197318521213,-0.5972195383592855,-1.2355299459087907,-0.7257185207459812,44,soyabean,loamy soil
17885,0.23773100905010616,0.17449124089587287,-0.6043429600973992,1.114202454544477,0.27129407971252784,-0.20687834238048408,-1.6304760684952693,-1.054206607443705,-0.008782480668198128,-0.4523201301381079,-1.6321434378497146,-0.7439394802600772,44,soyabean,loamy soil
17887,0.23773100905010616,0.17449124089587287,-0.6043429600973992,1.114202454544477,-0.19033373889379193,-0.36182725179815056,0.7921415672353811,-0.8998492097237366,0.36262118564700346,-0.10633582887529582,-0.7397630809826358,-0.8131791264136418,44,soyabean,loamy soil
17891,0.23773100905010616,0.17449124089587287,-0.6043429600973992,1.114202454544477,0.11741814017708838,-0.34859990587225215,0.12677475178823092,-1.1445758475633954,0.5440043715218695,-0.1654784444757765,-1.5796504756810628,-0.7111417531347046,44,soyabean,loamy soil
17893,0.23773100905010616,0.17449124089587287,-0.6043429600973992,1.114202454544477,0.5790459587834081,-0.20498872153392728,-0.23149968729869652,-0.914723649867661,0.6433332590247722,-0.7835187775007999,-0.4831308214914498,-0.6419021069811403,44,soyabean,loamy soil
17897,0.23773100905010616,0.17449124089587287,-0.6043429600973992,1.114202454544477,-0.8058374970355525,-0.35426876841192306,-1.3063230045594776,-0.6203219949435762,0.2460177090131615,-0.9047611394817852,-0.8797443134323736,-0.802246550705184,44,soyabean,loamy soil
17901,0.23773100905010616,0.17449124089587287,-0.6043429600973992,1.114202454544477,-0.8058374970355525,-0.35993763095159376,-1.2551409418327741,-0.8108832186742279,0.531048429673665,-0.7923901698408718,-1.4221715891751077,-0.6564788745924169,44,soyabean,loamy soil
17903,0.23773100905010616,0.17449124089587287,-0.6043429600973992,1.114202454544477,-0.036457799358352465,-0.35426876841192306,-1.2551409418327741,-0.8038669733233202,-0.03469436436460731,-0.061978867174935295,-1.043055751290401,-0.8350442778305566,44,soyabean,loamy soil
17905,0.23773100905010616,0.17449124089587287,-0.6043429600973992,1.114202454544477,0.5790459587834081,-0.271125451163419,-1.0674733785015265,-0.8114445183023002,0.4619500731499067,-0.5913052767992376,-0.6406097079974047,-1.268703114266039,44,soyabean,loamy soil
17907,0.23773100905010616,0.17449124089587287,-0.6043429600973992,1.114202454544477,0.11741814017708838,-0.29191128047554493,-1.4086871300128856,-0.5835568693048201,0.565597607935544,-0.15956418291572835,-1.2938554594295149,-1.1921750843068362,44,soyabean,loamy soil
17909,0.23773100905010616,0.17449124089587287,-0.6043429600973992,1.114202454544477,-0.3442096784292314,-0.35426876841192306,0.8603843175376533,-0.5877666165153647,0.4489941313017015,-0.6829763309799826,-0.815586248559577,-1.1010702867363569,44,soyabean,loamy soil
17913,0.23773100905010616,0.17449124089587287,-0.6043429600973992,1.114202454544477,-0.49808561796467227,-0.29569052216865876,0.8603843175376533,-1.1765699263635343,0.4489941313017015,-0.5558197074389492,-1.4221715891751077,-1.046407408194069,44,soyabean,loamy soil
17915,0.23773100905010616,0.17449124089587287,-0.6043429600973992,1.114202454544477,-0.3442096784292314,-0.1860925130683582,-0.0608928115430169,-0.9284754907554399,0.24169906173042624,-0.3754347298574832,-0.7106003242222737,-1.0281864486799732,44,soyabean,loamy soil
17917,0.23773100905010616,0.17449124089587287,-0.6043429600973992,1.114202454544477,0.5790459587834081,-0.34859990587225215,1.0480518808689006,-0.8987266104675915,0.7383434992449402,-0.3843061221975552,-0.8797443134323736,-0.9844561458461429,44,soyabean,loamy soil
17919,0.23773100905010616,0.17449124089587287,-0.6043429600973992,1.114202454544477,-0.8058374970355525,-0.3334829390997969,-0.23149968729869652,-0.8395094997059308,0.8031232084859639,-0.6415765000596461,-1.3638460756543838,-0.8204675102192799,44,soyabean,loamy soil
17921,0.23773100905010616,0.17449124089587287,-0.6043429600973992,1.114202454544477,-0.6519615575001118,-0.2484500010047361,0.6215346914797015,-0.9512081256923808,0.4317195421707623,-0.15364992135568062,-0.8972419674885911,-1.13022382195891,44,soyabean,loamy soil
17923,0.23773100905010616,0.17449124089587287,-0.6043429600973992,1.114202454544477,0.11741814017708838,-0.2824631762427604,-0.5727134388100558,-1.1243690609527814,-0.008782480668198128,-0.2926350680168099,-0.7980885945033599,-0.7730930154826308,44,soyabean,loamy soil
17929,0.23773100905010616,0.17449124089587287,-0.6043429600973992,1.114202454544477,-0.8058374970355525,-0.19554061730114275,-1.0504126909259581,-0.5908537644697641,0.7512994410931448,-0.5292055304187329,-1.2938554594295149,-1.2176844276265704,44,soyabean,loamy soil
17931,0.23773100905010616,0.17449124089587287,-0.6043429600973992,1.114202454544477,-0.19033373889379193,-0.25222924269784996,0.3997457529973185,-1.0758166431245004,0.3453465965160642,-0.62974797693955,-1.6321434378497146,-1.1120028624448142,44,soyabean,loamy soil
17933,0.23773100905010616,0.17449124089587287,-0.6043429600973992,1.114202454544477,-0.49808561796467227,-0.2352226550788377,-1.4769298803151572,-1.0856393866157712,0.5915094916319539,-0.7657759928206557,-0.844749005319939,-0.6273253393698636,44,soyabean,loamy soil
17935,0.23773100905010616,0.17449124089587287,-0.6043429600973992,1.114202454544477,-0.6519615575001118,-0.31269710978767107,-1.4939905678907253,-0.8260383086321883,0.6865197318521213,-0.08563591341512748,-1.626310886497642,-0.9553026106235897,44,soyabean,loamy soil
17937,0.23773100905010616,0.17449124089587287,-0.6043429600973992,1.114202454544477,-0.19033373889379193,-0.18042365052868753,-0.1291355618452885,-1.2270868928900693,0.837672386747843,-0.5173770072986368,-1.0897161621069804,-0.8532652373446525,44,soyabean,loamy soil
17939,0.23773100905010616,0.17449124089587287,-0.6043429600973992,1.114202454544477,-0.3442096784292314,-0.1860925130683582,-0.7603810021413029,-1.124088411138745,0.8938148014233972,-0.5025913533985166,-0.8972419674885911,-0.8058907426080033,44,soyabean,loamy soil
17941,0.23773100905010616,0.17449124089587287,-0.6043429600973992,1.114202454544477,-0.8058374970355525,-0.24467075931162222,0.5874133163285657,-1.2065994564654192,0.8635842704442528,-0.4109202992177713,-1.323018216189877,-0.8241117021220992,44,soyabean,loamy soil
17943,0.23773100905010616,0.17449124089587287,-0.6043429600973992,1.114202454544477,-0.19033373889379193,-0.3202555931738985,-1.2210195666816377,-0.7696276960108908,0.7642553829413501,-0.889975485581665,-0.6697724647577666,-1.2796356899744965,44,soyabean,loamy soil
17945,0.23773100905010616,0.17449124089587287,-0.6043429600973992,1.114202454544477,-0.9597134365709921,-0.1993198589942566,-1.664597443646405,-1.0418580156261075,0.16828205792393272,-0.4848485687183721,-1.4105064864709629,-0.9407258430123129,44,soyabean,loamy soil
17947,0.23773100905010616,0.17449124089587287,-0.6043429600973992,1.114202454544477,0.4251700192479687,-0.25222924269784996,-0.9309878778969826,-0.9632760676959418,0.8247164448996384,-0.2334924524163292,-0.5822841944766806,-0.9881003377489622,44,soyabean,loamy soil
17951,0.23773100905010616,0.17449124089587287,-0.6043429600973992,1.114202454544477,-0.49808561796467227,-0.2635669677771913,0.9456877554154931,-0.8583130372463634,0.5526416660873394,-0.5085056149585647,-1.3755111783585285,-0.6200369555642251,44,soyabean,loamy soil
17953,0.23773100905010616,0.17449124089587287,-0.6043429600973992,1.114202454544477,0.11741814017708838,-0.1842028922218014,-0.3679851879032397,-0.6062895042417609,0.6390146117420376,-0.3399491604971947,-0.856414108024084,-0.6819882179121513,44,soyabean,loamy soil
17955,0.23773100905010616,0.17449124089587287,-0.6043429600973992,1.114202454544477,0.11741814017708838,-0.2673462094703052,-0.7091989394145989,-0.6158315979189952,0.677882437286652,-0.6977619848801027,-0.9030745188406631,-0.802246550705184,44,soyabean,loamy soil
17959,0.23773100905010616,0.17449124089587287,-0.6043429600973992,1.114202454544477,0.5790459587834081,-0.20498872153392728,1.1845373814734443,-0.802744374067175,0.017129403028211056,-0.04423608249479126,-1.013892994530039,-1.2614147304604006,44,soyabean,loamy soil
17961,0.23773100905010616,0.17449124089587287,-0.6043429600973992,1.114202454544477,-0.6519615575001118,-0.24278113846506544,-0.9309878778969826,-0.5594209852976977,0.28920418184051055,-0.8190043468610881,-1.59714812973728,-1.0099654891658774,44,soyabean,loamy soil
17967,0.23773100905010616,0.17449124089587287,-0.6043429600973992,1.114202454544477,0.4251700192479687,-0.3391518016394676,0.8433236299620851,-1.0999525271316228,-0.004463833385463468,-0.5972195383592855,-0.8505815566720115,-1.1848867005011978,44,soyabean,loamy soil
17969,0.23773100905010616,0.17449124089587287,-0.6043429600973992,1.114202454544477,-0.8058374970355525,-0.3240348348670124,-0.2656210624498323,-0.719391379298392,0.8117605030514338,-0.056064605614887145,-1.538822616216556,-0.8678420049559294,44,soyabean,loamy soil
17971,0.23773100905010616,0.17449124089587287,-0.6043429600973992,1.114202454544477,-0.49808561796467227,-0.36182725179815056,-0.23149968729869652,-0.8004991755548844,0.3496652437987988,-0.04719321327481513,-0.8214187999116495,-1.2067518519181129,44,soyabean,loamy soil
17975,0.23773100905010616,0.17449124089587287,-0.6043429600973992,1.114202454544477,-0.036457799358352465,-0.3334829390997969,1.1333553187467404,-0.9702923130468495,0.8247164448996384,-0.7214190311202952,-0.4831308214914498,-1.305145033294231,44,soyabean,loamy soil
17977,0.23773100905010616,0.17449124089587287,-0.6043429600973992,1.114202454544477,0.11741814017708838,-0.29946976386177265,-0.6409561891123273,-0.877116574786796,0.012810755745476398,-0.8397042623212565,-0.7572607350388528,-0.7949581668995458,44,soyabean,loamy soil
17979,0.23773100905010616,0.17449124089587287,-0.6043429600973992,1.114202454544477,-0.49808561796467227,-0.2824631762427604,-0.8456844400191428,-0.9778698580258298,0.14237017422752354,-0.3872632529775791,-0.6872701188139841,-1.0573399839025266,44,soyabean,loamy soil
17981,0.23773100905010616,0.17449124089587287,-0.6043429600973992,1.114202454544477,-0.036457799358352465,-0.1993198589942566,0.8603843175376533,-0.6346351354594275,0.06463452313829537,-0.3754347298574832,-0.6464422593494771,-0.900639732081302,44,soyabean,loamy soil
17983,0.23773100905010616,0.17449124089587287,-0.6043429600973992,1.114202454544477,0.11741814017708838,-0.23144341338572408,0.655656066630838,-0.6997458923158506,0.14237017422752354,-0.14773565979563247,-0.8914094161365186,-1.330654376613965,44,soyabean,loamy soil
17987,0.23773100905010616,0.17449124089587287,-0.6043429600973992,1.114202454544477,0.5790459587834081,-0.2182160674598257,-0.5727134388100558,-1.1768505761775707,0.21146853075128177,-0.14773565979563247,-1.0605534053466183,-1.3270101847111457,44,soyabean,loamy soil
17989,0.23773100905010616,0.17449124089587287,-0.6043429600973992,1.114202454544477,-0.49808561796467227,-0.2163264466132686,-0.7774416897168711,-0.6845908023578902,0.27624823999230536,-0.40204890687769923,-1.0605534053466183,-0.8350442778305566,44,soyabean,loamy soil
17991,0.23773100905010616,0.17449124089587287,-0.6043429600973992,1.114202454544477,0.11741814017708838,-0.20498872153392728,0.8603843175376533,-0.9023750580500636,0.8290350921823736,-0.8397042623212565,-1.4804971026958318,-1.1848867005011978,44,soyabean,loamy soil
17993,0.23773100905010616,0.17449124089587287,-0.6043429600973992,1.114202454544477,0.11741814017708838,-0.3240348348670124,-1.1527768163793661,-0.6158315979189952,0.09918370140017449,-0.2482781063164494,-0.7455956323347083,-1.0974260948335375,44,soyabean,loamy soil
17995,0.23773100905010616,0.17449124089587287,-0.6043429600973992,1.114202454544477,-0.49808561796467227,-0.2767943137030897,0.2973816275439105,-0.6158315979189952,0.3280720073851243,-0.2955921987968342,-0.5006284755476669,-0.9662351863320471,44,soyabean,loamy soil
17997,0.23773100905010616,0.17449124089587287,-0.6043429600973992,1.114202454544477,0.5790459587834081,-0.31269710978767107,-1.0162913157748223,-0.9750633598854668,0.11213964324837908,-0.5439911843188531,-1.0605534053466183,-0.944370034915132,44,soyabean,loamy soil
17999,0.23773100905010616,0.17449124089587287,-0.6043429600973992,1.114202454544477,0.11741814017708838,-0.3202555931738985,0.48504919087515835,-1.099110577689514,0.626058669893833,-0.36952046829743507,-0.827251351263722,-0.882418772567206,44,soyabean,loamy soil
