source_row_id,SOIL,SEASON,SOWN,WATER_SOURCE,SOIL_PH,CROPDURATION,TEMP,WATERREQUIRED,RELATIVE_HUMIDITY,N,P,K,target,crop_label,SOIL_raw
15001,0.04661745700446615,1.4177413322789671,1.4291229942969927,1.114202454544477,-0.9597134365709921,-0.13318312936476484,0.8092022548109493,-0.24509319357703513,-0.8768305844979141,-1.0378320245828667,-0.8330839026157945,-0.8314000859277376,26,horsegram,heavy soil 
15003,0.04661745700446615,1.4177413322789671,1.9374894828955906,1.114202454544477,0.5790459587834081,-0.13318312936476484,2.4129068869143375,-0.24509319357703513,-0.6436236312302293,-1.0910603786232993,-1.59714812973728,-1.0354748324856116,26,horsegram,heavy soil 
15005,0.04661745700446615,1.4177413322789671,-1.1127094486959972,1.114202454544477,-0.3442096784292314,-0.11428692089919576,2.5152710123677453,-0.24509319357703513,0.32375336010238964,-0.9047611394817852,-1.043055751290401,-0.9370816511094937,26,horsegram,heavy soil 
15007,0.04661745700446615,1.4177413322789671,1.4291229942969927,1.114202454544477,0.5790459587834081,-0.1086180583595251,2.1058145105541146,-0.24509319357703513,-0.7645457551468064,-0.8190043468610881,-1.2005346377963562,-0.7913139749967266,26,horsegram,heavy soil 
15011,0.04661745700446615,1.4177413322789671,-1.1127094486959972,1.114202454544477,0.27129407971252784,-0.1256246459785371,2.4470282620654737,-0.24509319357703513,-0.2851759067632323,-0.7716902543807036,-1.5154924108082664,-1.2504821547519431,26,horsegram,heavy soil 
15013,0.04661745700446615,1.4177413322789671,1.4291229942969927,1.114202454544477,0.4251700192479687,-0.13129350851820776,1.9181469472228667,-0.24509319357703513,0.23738041444769156,-0.8397042623212565,-1.4105064864709629,-1.1739541247927403,26,horsegram,heavy soil 
15015,0.04661745700446615,1.4177413322789671,1.9374894828955906,1.114202454544477,-0.8058374970355525,-0.1577482003700046,1.9010862596472986,-0.24509319357703513,0.2719295927095707,-0.7776045159407518,-0.6406097079974047,-0.944370034915132,26,horsegram,heavy soil 
15017,0.04661745700446615,1.4177413322789671,-1.1127094486959972,1.114202454544477,-0.19033373889379193,-0.12751426682509417,0.7409595045086778,-0.24509319357703513,0.14237017422752354,-0.9698180166423139,-1.381343729710601,-0.9079281158869403,26,horsegram,heavy soil 
15019,0.04661745700446615,1.4177413322789671,1.4291229942969927,1.114202454544477,0.8867978378542885,-0.09350109158706961,0.1438354393637991,-0.24509319357703513,-0.09515542632289622,-0.7066333772201749,-1.2588601513170803,-1.1083586705419952,26,horsegram,heavy soil 
15021,0.04661745700446615,1.4177413322789671,1.9374894828955906,1.114202454544477,0.4251700192479687,-0.14263123359754937,2.122875198129683,-0.24509319357703513,-0.13834189915024528,-0.8604041777814246,-1.0313906485862563,-1.2942124575857732,26,horsegram,heavy soil 
15023,0.04661745700446615,1.4177413322789671,-1.1127094486959972,1.114202454544477,0.11741814017708838,-0.08405298735428508,2.259360698734226,-0.24509319357703513,-0.24630808121861789,-0.9372895780620495,-0.8914094161365186,-1.144800589570187,26,horsegram,heavy soil 
15025,0.04661745700446615,1.4177413322789671,1.4291229942969927,1.114202454544477,-0.3442096784292314,-0.11617654174575257,1.1674766938978767,-0.24509319357703513,-0.09083677904016156,-1.1058460325234196,-0.6756050161098391,-0.882418772567206,26,horsegram,heavy soil 
15027,0.04661745700446615,1.4177413322789671,1.9374894828955906,1.114202454544477,-0.036457799358352465,-0.13318312936476484,0.6385953790552698,-0.24509319357703513,0.11645829053111435,-0.709590508000199,-1.0605534053466183,-0.8314000859277376,26,horsegram,heavy soil 
15029,0.04661745700446615,1.4177413322789671,-1.1127094486959972,1.114202454544477,1.1945497169251689,-0.14641047529066326,1.9863896975251385,-0.24509319357703513,-0.6047558056856148,-0.795347300620896,-0.9439023783051701,-0.6200369555642251,26,horsegram,heavy soil 
15031,0.04661745700446615,1.4177413322789671,1.4291229942969927,1.114202454544477,-0.8058374970355525,-0.14830009613722003,0.8262629423865175,-0.24509319357703513,-0.03037571708187265,-0.8958897471417131,-0.7280979782784908,-0.9662351863320471,26,horsegram,heavy soil 
15033,0.04661745700446615,1.4177413322789671,1.9374894828955906,1.114202454544477,-0.036457799358352465,-0.17286516714245978,0.2973816275439105,-0.24509319357703513,-0.5270201545963867,-1.1442887326637319,-1.0080604431779667,-0.802246550705184,26,horsegram,heavy soil 
15037,0.04661745700446615,1.4177413322789671,1.4291229942969927,1.114202454544477,0.8867978378542885,-0.10294919581985415,2.361724824187634,-0.24509319357703513,-0.4579217980726282,-0.8574470470014007,-0.49479592419559437,-1.0136096810686963,26,horsegram,heavy soil 
15041,0.04661745700446615,1.4177413322789671,-1.1127094486959972,1.114202454544477,1.0406737773897279,-0.13507275021132165,1.508690445409236,-0.24509319357703513,-0.3067691431769068,-0.9964321936625302,-1.59714812973728,-1.1411563976673678,26,horsegram,heavy soil 
15043,0.04661745700446615,1.4177413322789671,1.4291229942969927,1.114202454544477,-0.3442096784292314,-0.13507275021132165,2.0205110726762747,-0.24509319357703513,0.008492108462741737,-1.1620315173438762,-0.8972419674885911,-0.6601230664952361,26,horsegram,heavy soil 
15045,0.04661745700446615,1.4177413322789671,1.9374894828955906,1.114202454544477,0.7329218983188477,-0.15018971698377684,2.3105427614609293,-0.24509319357703513,-0.777501696995011,-0.8278757392011604,-1.3171856648378044,-1.1812425085983786,26,horsegram,heavy soil 
15047,0.04661745700446615,1.4177413322789671,-1.1127094486959972,1.114202454544477,-0.036457799358352465,-0.1596378212165614,1.8669648844961635,-0.24509319357703513,0.12509558509658367,-0.9727751474223381,-1.468831999991687,-0.6637672583980554,26,horsegram,heavy soil 
15049,0.04661745700446615,1.4177413322789671,1.4291229942969927,1.114202454544477,0.8867978378542885,-0.15585857952344778,0.48504919087515835,-0.24509319357703513,0.051678581290090786,-0.8515327854413526,-1.1888695350922114,-0.8569094292474717,26,horsegram,heavy soil 
15051,0.04661745700446615,1.4177413322789671,1.9374894828955906,1.114202454544477,-0.3442096784292314,-0.1407416127509923,2.037571760251843,-0.24509319357703513,0.30216012368871514,-0.9934750628825062,-0.6114469512370426,-0.6564788745924169,26,horsegram,heavy soil 
15053,0.04661745700446615,1.4177413322789671,-1.1127094486959972,1.114202454544477,-0.19033373889379193,-0.11995578343886643,0.5362312536018617,-0.24509319357703513,-0.47087773992083304,-0.715504769560247,-0.5239586809559564,-1.166665740987102,26,horsegram,heavy soil 
15055,0.04661745700446615,1.4177413322789671,1.4291229942969927,1.114202454544477,0.7329218983188477,-0.1577482003700046,2.174057260856386,-0.24509319357703513,-0.47951503448630267,-0.8071758237409921,-0.49479592419559437,-0.9480142268179512,26,horsegram,heavy soil 
15057,0.04661745700446615,1.4177413322789671,1.9374894828955906,1.114202454544477,1.1945497169251689,-0.15207933783033392,0.9115663802643573,-0.24509319357703513,0.025766697593680988,-1.1709029096839483,-1.5796504756810628,-0.842332661636195,26,horsegram,heavy soil 
15059,0.04661745700446615,1.4177413322789671,-1.1127094486959972,1.114202454544477,-0.9597134365709921,-0.11239730005263869,0.22913887724163892,-0.24509319357703513,-0.1815283719775943,-0.8751898316815447,-1.5096598594561939,-1.1848867005011978,26,horsegram,heavy soil 
15061,0.04661745700446615,1.4177413322789671,1.4291229942969927,1.114202454544477,1.1945497169251689,-0.08216336650772828,1.3380835696535565,-0.24509319357703513,-0.8379627589533,-0.7539474697005595,-0.5356237836601014,-1.1848867005011978,26,horsegram,heavy soil 
15063,0.04661745700446615,1.4177413322789671,1.9374894828955906,1.114202454544477,-0.036457799358352465,-0.08783222904739894,1.5257511329848041,-0.24509319357703513,0.21578717803401704,-1.1797743020240203,-1.2063671891484287,-1.2614147304604006,26,horsegram,heavy soil 
15065,0.04661745700446615,1.4177413322789671,-1.1127094486959972,1.114202454544477,0.8867978378542885,-0.11428692089919576,2.361724824187634,-0.24509319357703513,-0.26358267034955774,-1.1354173403236598,-0.6231120539411876,-0.6965649855234279,26,horsegram,heavy soil 
15067,0.04661745700446615,1.4177413322789671,1.4291229942969927,1.114202454544477,0.4251700192479687,-0.1256246459785371,0.7238988169331095,-0.24509319357703513,0.15532611607572813,-1.0910603786232993,-1.2413624972608632,-0.7876697830939073,26,horsegram,heavy soil 
15069,0.04661745700446615,1.4177413322789671,1.9374894828955906,1.114202454544477,0.7329218983188477,-0.1086180583595251,0.3485636902706145,-0.24509319357703513,-0.6436236312302293,-0.6652335462998384,-1.4280041405271802,-0.9115723077897594,26,horsegram,heavy soil 
15071,0.04661745700446615,1.4177413322789671,-1.1127094486959972,1.114202454544477,-0.036457799358352465,-0.16908592544934592,1.7475400714671872,-0.24509319357703513,-0.742952518733132,-1.138374471103684,-1.5738179243289905,-0.9334374592066745,26,horsegram,heavy soil 
15073,0.04661745700446615,1.4177413322789671,1.4291229942969927,1.114202454544477,-0.8058374970355525,-0.1256246459785371,1.508690445409236,-0.24509319357703513,-0.9113797627597932,-1.2034313482642127,-1.2121997405005012,-1.04276321629125,26,horsegram,heavy soil 
15077,0.04661745700446615,1.4177413322789671,-1.1127094486959972,1.114202454544477,0.11741814017708838,-0.1256246459785371,1.9522683223740032,-0.24509319357703513,-0.4751963872035677,-1.1768171712439963,-1.4863296540479043,-0.9808119539433239,26,horsegram,heavy soil 
15079,0.04661745700446615,1.4177413322789671,1.4291229942969927,1.114202454544477,-0.3442096784292314,-0.11617654174575257,1.9693290099495702,-0.24509319357703513,0.29352282912324523,-1.0792318555032032,-0.5181261296038844,-1.2796356899744965,26,horsegram,heavy soil 
15081,0.04661745700446615,1.4177413322789671,1.9374894828955906,1.114202454544477,1.0406737773897279,-0.13507275021132165,1.2015980690490127,-0.24509319357703513,0.004173461180006464,-0.6474907616196942,-0.5647865404204635,-1.1958192762096556,26,horsegram,heavy soil 
15083,0.04661745700446615,1.4177413322789671,-1.1127094486959972,1.114202454544477,1.0406737773897279,-0.11428692089919576,2.378785511763202,-0.24509319357703513,0.3323906546678596,-0.7273332926803431,-0.9322372756010252,-1.144800589570187,26,horsegram,heavy soil 
15085,0.04661745700446615,1.4177413322789671,1.4291229942969927,1.114202454544477,-0.6519615575001118,-0.14263123359754937,1.0480518808689006,-0.24509319357703513,-0.8595559953669745,-1.0023464552225785,-0.5064610268997394,-1.2504821547519431,26,horsegram,heavy soil 
15087,0.04661745700446615,1.4177413322789671,1.9374894828955906,1.114202454544477,1.0406737773897279,-0.14830009613722003,0.5362312536018617,-0.24509319357703513,-0.3067691431769068,-0.9284181857219775,-1.0372231999383288,-1.024542256777154,26,horsegram,heavy soil 
15089,0.04661745700446615,1.4177413322789671,-1.1127094486959972,1.114202454544477,-0.8058374970355525,-0.1407416127509923,1.7816614466183236,-0.24509319357703513,-0.44928450350715854,-1.058531940043035,-1.0547208539945458,-1.0281864486799732,26,horsegram,heavy soil 
15091,0.04661745700446615,1.4177413322789671,1.4291229942969927,1.114202454544477,-0.6519615575001118,-0.08405298735428508,1.9693290099495702,-0.24509319357703513,0.051678581290090786,-1.0437462861429148,-1.5854830270331353,-1.064628367708165,26,horsegram,heavy soil 
15093,0.04661745700446615,1.4177413322789671,1.9374894828955906,1.114202454544477,-0.036457799358352465,-0.14830009613722003,1.082173256020037,-0.24509319357703513,-0.3801861469834,-0.8604041777814246,-1.171371881035994,-0.900639732081302,26,horsegram,heavy soil 
15095,0.04661745700446615,1.4177413322789671,-1.1127094486959972,1.114202454544477,1.3484256564606083,-0.16719630460278911,1.8840255720717305,-0.24509319357703513,0.31079741825418505,-1.2123027406042848,-0.7339305296305633,-0.9079281158869403,26,horsegram,heavy soil 
15097,0.04661745700446615,1.4177413322789671,1.4291229942969927,1.114202454544477,-0.036457799358352465,-0.15396895867689073,0.6727167542064055,-0.24509319357703513,-0.14266054643297993,-0.8781469624615689,-1.1888695350922114,-0.9553026106235897,26,horsegram,heavy soil 
15099,0.04661745700446615,1.4177413322789671,1.9374894828955906,1.114202454544477,0.8867978378542885,-0.16152744206311845,1.9693290099495702,-0.24509319357703513,-0.5831625692719403,-0.8958897471417131,-0.9963953404738217,-1.312433417099869,26,horsegram,heavy soil 
15103,0.04661745700446615,1.4177413322789671,1.4291229942969927,1.114202454544477,-0.3442096784292314,-0.09916995412674055,0.7921415672353811,-0.24509319357703513,-0.336999674156051,-0.9757322782023621,-0.5414563350121739,-1.2322611952378473,26,horsegram,heavy soil 
15105,0.04661745700446615,1.4177413322789671,1.9374894828955906,1.114202454544477,0.4251700192479687,-0.14830009613722003,2.0205110726762747,-0.24509319357703513,-0.5702066274237357,-0.6918477233200547,-0.8914094161365186,-1.312433417099869,26,horsegram,heavy soil 
15107,0.04661745700446615,1.4177413322789671,-1.1127094486959972,1.114202454544477,0.27129407971252784,-0.10105957497329736,0.8433236299620851,-0.24509319357703513,0.2589736508613661,-0.7391618158004394,-1.0372231999383288,-0.8058907426080033,26,horsegram,heavy soil 
15111,0.04661745700446615,1.4177413322789671,1.9374894828955906,1.114202454544477,-0.8058374970355525,-0.11239730005263869,0.7238988169331095,-0.24509319357703513,0.0862277595519699,-0.7243761619003192,-1.0197255458821115,-0.7366510964544389,26,horsegram,heavy soil 
15113,0.04661745700446615,1.4177413322789671,-1.1127094486959972,1.114202454544477,0.11741814017708838,-0.09350109158706961,1.935207634798435,-0.24509319357703513,0.04735993400735551,-0.7450760773604873,-1.11304636751527,-1.1848867005011978,26,horsegram,heavy soil 
15117,0.04661745700446615,1.4177413322789671,1.9374894828955906,1.114202454544477,-0.19033373889379193,-0.1256246459785371,2.259360698734226,-0.24509319357703513,-0.6133931002510848,-1.0319177630228187,-1.2763578053732976,-0.9953887215546006,26,horsegram,heavy soil 
15119,0.04661745700446615,1.4177413322789671,-1.1127094486959972,1.114202454544477,-0.036457799358352465,-0.17475478798901686,2.0034503851007064,-0.24509319357703513,-0.6738541622093734,-0.884061224021617,-1.2763578053732976,-1.272347306168858,26,horsegram,heavy soil 
15121,0.04661745700446615,1.4177413322789671,1.4291229942969927,1.114202454544477,-0.036457799358352465,-0.14263123359754937,2.344664136612066,-0.24509319357703513,-0.4060980306798095,-0.6741049386399105,-1.0547208539945458,-0.8569094292474717,26,horsegram,heavy soil 
15125,0.04661745700446615,1.4177413322789671,-1.1127094486959972,1.114202454544477,0.7329218983188477,-0.09539071243362668,1.6792973211649156,-0.24509319357703513,0.10782099596564443,-1.1975170867041647,-0.5356237836601014,-1.1411563976673678,26,horsegram,heavy soil 
15127,0.04661745700446615,1.4177413322789671,1.4291229942969927,1.114202454544477,-0.9597134365709921,-0.1596378212165614,1.0992339435956047,-0.24509319357703513,-0.8681932899324442,-1.0999317709633714,-1.0722185080507631,-0.7512278640657156,26,horsegram,heavy soil 
15129,0.04661745700446615,1.4177413322789671,1.9374894828955906,1.114202454544477,-0.49808561796467227,-0.09350109158706961,2.122875198129683,-0.24509319357703513,-0.2074402556740035,-0.9195467933819053,-1.0722185080507631,-0.7658046316769923,26,horsegram,heavy soil 
15131,0.04661745700446615,1.4177413322789671,-1.1127094486959972,1.114202454544477,-0.49808561796467227,-0.09161147074051282,0.1438354393637991,-0.24509319357703513,-0.734315224167662,-0.9136325318218573,-0.856414108024084,-1.0281864486799732,26,horsegram,heavy soil 
15133,0.04661745700446615,1.4177413322789671,1.4291229942969927,1.114202454544477,-0.8058374970355525,-0.1369623710578787,0.502109878450726,-0.24509319357703513,-0.24630808121861789,-1.1709029096839483,-1.1363765729235598,-0.6455462988839594,26,horsegram,heavy soil 
15135,0.04661745700446615,1.4177413322789671,1.9374894828955906,1.114202454544477,0.4251700192479687,-0.1237350251319803,0.6385953790552698,-0.24509319357703513,-0.03037571708187265,-0.7746473851607276,-1.5563202702727732,-1.0136096810686963,26,horsegram,heavy soil 
15137,0.04661745700446615,1.4177413322789671,-1.1127094486959972,1.114202454544477,0.11741814017708838,-0.17475478798901686,2.0034503851007064,-0.24509319357703513,-0.42769126709348404,-0.8249186084211363,-0.49479592419559437,-0.6856324098149705,26,horsegram,heavy soil 
15139,0.04661745700446615,1.4177413322789671,1.4291229942969927,1.114202454544477,-0.036457799358352465,-0.11806616259230963,2.3276034490364976,-0.24509319357703513,-0.34131832143878593,-0.9579894935222178,-1.1305440215714873,-1.2759914980716773,26,horsegram,heavy soil 
15141,0.04661745700446615,1.4177413322789671,1.9374894828955906,1.114202454544477,-0.49808561796467227,-0.11617654174575257,1.0992339435956047,-0.24509319357703513,0.28920418184051055,-1.1975170867041647,-0.7805909404471428,-0.8714861968587484,26,horsegram,heavy soil 
15143,0.04661745700446615,1.4177413322789671,-1.1127094486959972,1.114202454544477,-0.49808561796467227,-0.170975546295903,1.3210228820779881,-0.24509319357703513,0.04735993400735551,-0.638619369279622,-1.5271575135124111,-1.2067518519181129,26,horsegram,heavy soil 
15147,0.04661745700446615,1.4177413322789671,1.9374894828955906,1.114202454544477,0.7329218983188477,-0.17286516714245978,1.6963580087404837,-0.24509319357703513,0.004173461180006464,-1.0141749783426746,-0.6231120539411876,-0.7439394802600772,26,horsegram,heavy soil 
15149,0.04661745700446615,1.4177413322789671,-1.1127094486959972,1.114202454544477,-0.9597134365709921,-0.08972184989395601,0.655656066630838,-0.24509319357703513,-0.8509187008015046,-0.9313753165020016,-1.5038273081041216,-1.2249728114322087,26,horsegram,heavy soil 
15151,0.04661745700446615,1.4177413322789671,1.4291229942969927,1.114202454544477,-0.6519615575001118,-0.16908592544934592,2.0205110726762747,-0.24509319357703513,-0.6220303948165548,-0.9284181857219775,-0.49479592419559437,-1.2942124575857732,26,horsegram,heavy soil 
15155,0.04661745700446615,1.4177413322789671,-1.1127094486959972,1.114202454544477,-0.8058374970355525,-0.1388519919044355,1.9693290099495702,-0.24509319357703513,0.3453465965160642,-1.156117255783828,-0.5181261296038844,-0.7986023588023649,26,horsegram,heavy soil 
15157,0.04661745700446615,1.4177413322789671,1.4291229942969927,1.114202454544477,-0.3442096784292314,-0.17286516714245978,0.9968698181421971,-0.24509319357703513,-0.008782480668198128,-0.8042186929609679,-0.8214187999116495,-0.8787745806643869,26,horsegram,heavy soil 
15159,0.04661745700446615,1.4177413322789671,1.9374894828955906,1.114202454544477,0.5790459587834081,-0.12940388767165098,0.4168064405728861,-0.24509319357703513,-0.3197250850251114,-0.6829763309799826,-1.0197255458821115,-1.1958192762096556,26,horsegram,heavy soil 
15161,0.04661745700446615,1.4177413322789671,-1.1127094486959972,1.114202454544477,-0.3442096784292314,-0.16908592544934592,1.9693290099495702,-0.24509319357703513,-0.8466000535187695,-0.9284181857219775,-1.5154924108082664,-1.3270101847111457,26,horsegram,heavy soil 
15163,0.04661745700446615,1.4177413322789671,1.4291229942969927,1.114202454544477,0.27129407971252784,-0.16719630460278911,1.7475400714671872,-0.24509319357703513,-0.7688644024295415,-0.8337900007612083,-0.5006284755476669,-1.268703114266039,26,horsegram,heavy soil 
15165,0.04661745700446615,1.4177413322789671,1.9374894828955906,1.114202454544477,0.4251700192479687,-0.1369623710578787,1.611054570862644,-0.24509319357703513,-0.8768305844979141,-1.1768171712439963,-1.124711470219415,-0.8569094292474717,26,horsegram,heavy soil 
15169,0.04661745700446615,1.4177413322789671,1.4291229942969927,1.114202454544477,1.0406737773897279,-0.14263123359754937,2.1058145105541146,-0.24509319357703513,-0.5356574491618566,-0.8190043468610881,-1.439669243231325,-1.2504821547519431,26,horsegram,heavy soil 
15175,0.04661745700446615,1.4177413322789671,1.4291229942969927,1.114202454544477,1.0406737773897279,-0.13507275021132165,0.3656243778461821,-0.24509319357703513,0.23738041444769156,-0.6534050231797421,-1.4338366918792524,-1.0063212972630582,26,horsegram,heavy soil 
15177,0.04661745700446615,1.4177413322789671,1.9374894828955906,1.114202454544477,0.27129407971252784,-0.13318312936476484,1.7475400714671872,-0.24509319357703513,-0.375867499700665,-1.0289606322427947,-0.6756050161098391,-0.7548720559685348,26,horsegram,heavy soil 
15181,0.04661745700446615,1.4177413322789671,1.4291229942969927,1.114202454544477,0.11741814017708838,-0.10483881666641122,1.508690445409236,-0.24509319357703513,-0.825006817105095,-0.8397042623212565,-0.7339305296305633,-0.7220743288431622,26,horsegram,heavy soil 
15183,0.04661745700446615,1.4177413322789671,1.9374894828955906,1.114202454544477,0.27129407971252784,-0.10483881666641122,1.2186587566245801,-0.24509319357703513,-0.5788439219892056,-0.6534050231797421,-0.6639399134056946,-1.0281864486799732,26,horsegram,heavy soil 
15185,0.04661745700446615,1.4177413322789671,-1.1127094486959972,1.114202454544477,0.11741814017708838,-0.11239730005263869,2.0716931354029784,-0.24509319357703513,-0.42337261981074903,-0.8337900007612083,-1.1305440215714873,-0.7767372073854499,26,horsegram,heavy soil 
15187,0.04661745700446615,1.4177413322789671,1.4291229942969927,1.114202454544477,0.4251700192479687,-0.16152744206311845,0.6215346914797015,-0.24509319357703513,-0.6306676893820243,-1.1709029096839483,-1.124711470219415,-0.7803813992882689,26,horsegram,heavy soil 
15191,0.04661745700446615,1.4177413322789671,-1.1127094486959972,1.114202454544477,0.7329218983188477,-0.10294919581985415,0.8433236299620851,-0.24509319357703513,-0.2851759067632323,-0.6593192847397903,-1.3288507675419494,-0.7111417531347046,26,horsegram,heavy soil 
15193,0.04661745700446615,1.4177413322789671,1.4291229942969927,1.114202454544477,-0.8058374970355525,-0.11617654174575257,2.4299675744899054,-0.24509319357703513,0.30216012368871514,-0.9757322782023621,-0.8797443134323736,-0.7694488235798115,26,horsegram,heavy soil 
15195,0.04661745700446615,1.4177413322789671,1.9374894828955906,1.114202454544477,-0.8058374970355525,-0.16908592544934592,0.6727167542064055,-0.24509319357703513,0.2330617671649563,-1.1768171712439963,-0.8097536972075049,-0.638257915078321,26,horsegram,heavy soil 
15197,0.04661745700446615,1.4177413322789671,-1.1127094486959972,1.114202454544477,0.11741814017708838,-0.10105957497329736,1.2015980690490127,-0.24509319357703513,-0.23767078665314795,-0.9727751474223381,-1.124711470219415,-1.228617003335028,26,horsegram,heavy soil 
15199,0.04661745700446615,1.4177413322789671,1.4291229942969927,1.114202454544477,1.3484256564606083,-0.11806616259230963,1.2015980690490127,-0.24509319357703513,-0.2938132013287016,-0.6829763309799826,-1.0372231999383288,-0.6892766017177895,26,horsegram,heavy soil 
15201,0.04661745700446615,1.4177413322789671,1.9374894828955906,1.114202454544477,-0.9597134365709921,-0.13129350851820776,2.0716931354029784,-0.24509319357703513,-0.33268102687331597,-0.9639037550822658,-1.3346833188940217,-0.7002091774262471,26,horsegram,heavy soil 
15203,0.04661745700446615,1.4177413322789671,-1.1127094486959972,1.114202454544477,0.7329218983188477,-0.14830009613722003,2.395846199338769,-0.24509319357703513,-0.4449658562244236,-1.1975170867041647,-1.3055205621336596,-1.2431937709463048,26,horsegram,heavy soil 
15205,0.04661745700446615,1.4177413322789671,1.4291229942969927,1.114202454544477,-0.6519615575001118,-0.12940388767165098,2.0887538229785463,-0.24509319357703513,0.08190911226923463,-0.6829763309799826,-0.926404724248953,-1.2869240737801348,26,horsegram,heavy soil 
15207,0.04661745700446615,1.4177413322789671,1.9374894828955906,1.114202454544477,0.7329218983188477,-0.09350109158706961,0.21207818966607073,-0.24509319357703513,-0.8552373480842396,-0.7450760773604873,-1.4338366918792524,-0.9953887215546006,26,horsegram,heavy soil 
15209,0.04661745700446615,1.4177413322789671,-1.1127094486959972,1.114202454544477,0.8867978378542885,-0.09916995412674055,1.2015980690490127,-0.24509319357703513,-0.1728910774121244,-0.6948048541000789,-0.5356237836601014,-1.1593773571814636,26,horsegram,heavy soil 
15213,0.04661745700446615,1.4177413322789671,1.9374894828955906,1.114202454544477,-0.036457799358352465,-0.11428692089919576,0.3656243778461821,-0.24509319357703513,-0.8509187008015046,-1.0200892399027226,-1.6321434378497146,-0.762160439774173,26,horsegram,heavy soil 
15215,0.04661745700446615,1.4177413322789671,-1.1127094486959972,1.114202454544477,1.1945497169251689,-0.08783222904739894,0.09265337663709511,-0.24509319357703513,-0.09947407360563087,-1.1295030787636118,-1.4921622053999766,-1.0755609434166225,26,horsegram,heavy soil 
15217,0.04661745700446615,1.4177413322789671,1.4291229942969927,1.114202454544477,-0.6519615575001118,-0.08216336650772828,2.549392387518882,-0.24509319357703513,0.29784147640597985,-1.1235888172035637,-0.7864234917992149,-0.8058907426080033,26,horsegram,heavy soil 
15219,0.04661745700446615,1.4177413322789671,1.9374894828955906,1.114202454544477,0.8867978378542885,-0.10105957497329736,2.0205110726762747,-0.24509319357703513,-0.833644111670565,-0.709590508000199,-1.626310886497642,-1.305145033294231,26,horsegram,heavy soil 
15221,0.04661745700446615,1.4177413322789671,-1.1127094486959972,1.114202454544477,0.7329218983188477,-0.12940388767165098,1.832843509345027,-0.24509319357703513,-0.5529320382927961,-1.0703604631631312,-0.5997818485328981,-1.3087892251970499,26,horsegram,heavy soil 
15223,0.04661745700446615,1.4177413322789671,1.4291229942969927,1.114202454544477,0.27129407971252784,-0.11239730005263869,0.6215346914797015,-0.24509319357703513,-0.2765386121977623,-1.0082607167826263,-1.0488883026424736,-0.7767372073854499,26,horsegram,heavy soil 
15225,0.04661745700446615,1.4177413322789671,1.9374894828955906,1.114202454544477,0.5790459587834081,-0.09539071243362668,2.037571760251843,-0.24509319357703513,-0.34131832143878593,-0.7716902543807036,-1.3871762810626733,-1.1375122057645486,26,horsegram,heavy soil 
15227,0.04661745700446615,1.4177413322789671,-1.1127094486959972,1.114202454544477,-0.3442096784292314,-0.13129350851820776,0.8603843175376533,-0.24509319357703513,-0.2549453757840878,-0.6445336308396702,-1.043055751290401,-1.334298568516784,26,horsegram,heavy soil 
15233,0.04661745700446615,1.4177413322789671,-1.1127094486959972,1.114202454544477,-0.036457799358352465,-0.16908592544934592,1.4233870075313961,-0.24509319357703513,0.20714988346854712,-0.795347300620896,-1.323018216189877,-1.2832798818773157,26,horsegram,heavy soil 
15235,0.04661745700446615,1.4177413322789671,1.4291229942969927,1.114202454544477,-0.3442096784292314,-0.1653066837562323,1.8840255720717305,-0.24509319357703513,-0.6393049839474942,-0.9668608858622899,-1.083883610754908,-1.0937819029307183,26,horsegram,heavy soil 
15237,0.04661745700446615,1.4177413322789671,1.9374894828955906,1.114202454544477,-0.036457799358352465,-0.09350109158706961,0.6385953790552698,-0.24509319357703513,0.27624823999230536,-1.1709029096839483,-0.7572607350388528,-0.8386884697333759,26,horsegram,heavy soil 
15239,0.04661745700446615,1.4177413322789671,-1.1127094486959972,1.114202454544477,0.4251700192479687,-0.15585857952344778,0.05853200148595931,-0.24509319357703513,-0.4622404453553631,-0.8485756546613284,-1.1072138161631977,-0.6601230664952361,26,horsegram,heavy soil 
15241,0.04661745700446615,1.4177413322789671,1.4291229942969927,1.114202454544477,1.0406737773897279,-0.16719630460278911,1.1674766938978767,-0.24509319357703513,-0.5961185111201452,-0.6918477233200547,-1.5504877189207007,-0.7257185207459812,26,horsegram,heavy soil 
15245,0.04661745700446615,1.4177413322789671,-1.1127094486959972,1.114202454544477,-0.19033373889379193,-0.13129350851820776,1.7987221341938906,-0.24509319357703513,-0.8552373480842396,-0.8249186084211363,-0.6406097079974047,-0.7803813992882689,26,horsegram,heavy soil 
15249,0.04661745700446615,1.4177413322789671,1.9374894828955906,1.114202454544477,-0.6519615575001118,-0.09916995412674055,1.611054570862644,-0.24509319357703513,-0.8941051736288536,-1.1738600404639723,-0.6581073620536221,-1.2796356899744965,26,horsegram,heavy soil 
15251,0.04661745700446615,1.4177413322789671,-1.1127094486959972,1.114202454544477,0.27129407971252784,-0.11428692089919576,0.28032093996834234,-0.24509319357703513,-0.6738541622093734,-1.1295030787636118,-1.1480416756277045,-1.3233659928083268,26,horsegram,heavy soil 
15253,0.04661745700446615,1.4177413322789671,1.4291229942969927,1.114202454544477,-0.6519615575001118,-0.170975546295903,2.13993588570525,-0.24509319357703513,-0.5615693328582658,-1.0289606322427947,-1.626310886497642,-0.6200369555642251,26,horsegram,heavy soil 
15255,0.04661745700446615,1.4177413322789671,1.9374894828955906,1.114202454544477,-0.49808561796467227,-0.16341706290967525,0.8603843175376533,-0.24509319357703513,-0.19880296110853418,-0.7362046850204153,-0.5647865404204635,-0.9079281158869403,26,horsegram,heavy soil 
15257,0.04661745700446615,1.4177413322789671,-1.1127094486959972,1.114202454544477,-0.3442096784292314,-0.13318312936476484,0.21207818966607073,-0.24509319357703513,-0.6047558056856148,-0.718461900340271,-0.5822841944766806,-1.1338680138617294,26,horsegram,heavy soil 
15259,0.04661745700446615,1.4177413322789671,1.4291229942969927,1.114202454544477,0.8867978378542885,-0.1369623710578787,1.2015980690490127,-0.24509319357703513,-0.11243001545383609,-0.6741049386399105,-1.497994756752049,-0.8095349345108225,26,horsegram,heavy soil 
15263,0.04661745700446615,1.4177413322789671,-1.1127094486959972,1.114202454544477,1.1945497169251689,-0.15018971698377684,0.9456877554154931,-0.24509319357703513,-0.03037571708187265,-1.1088031633034436,-1.3871762810626733,-1.2431937709463048,26,horsegram,heavy soil 
15265,0.04661745700446615,1.4177413322789671,1.4291229942969927,1.114202454544477,-0.9597134365709921,-0.09539071243362668,0.2461995648172065,-0.24509319357703513,-0.047650306212812514,-0.8219614776411123,-0.7864234917992149,-0.962590994429228,26,horsegram,heavy soil 
15267,0.04661745700446615,1.4177413322789671,1.9374894828955906,1.114202454544477,0.27129407971252784,-0.08783222904739894,0.1950175020905025,-0.24509319357703513,-0.881149231780649,-0.9372895780620495,-1.083883610754908,-1.2504821547519431,26,horsegram,heavy soil 
15271,0.04661745700446615,1.4177413322789671,1.4291229942969927,1.114202454544477,0.11741814017708838,-0.14641047529066326,0.7750808796598135,-0.24509319357703513,-0.22903349208767804,-0.6415765000596461,-1.1072138161631977,-0.6819882179121513,26,horsegram,heavy soil 
15275,0.04661745700446615,1.4177413322789671,-1.1127094486959972,1.114202454544477,-0.6519615575001118,-0.10294919581985415,0.041471313910391105,-0.24509319357703513,-0.6306676893820243,-1.0437462861429148,-0.5006284755476669,-1.2322611952378473,26,horsegram,heavy soil 
15277,0.04661745700446615,1.4177413322789671,1.4291229942969927,1.114202454544477,-0.3442096784292314,-0.09539071243362668,0.7238988169331095,-0.24509319357703513,-0.2333521393704133,-0.9284181857219775,-1.4221715891751077,-1.2869240737801348,26,horsegram,heavy soil 
15279,0.04661745700446615,1.4177413322789671,1.9374894828955906,1.114202454544477,1.1945497169251689,-0.11617654174575257,1.7475400714671872,-0.24509319357703513,-0.3197250850251114,-0.7125476387802229,-0.9672325837134597,-0.7512278640657156,26,horsegram,heavy soil 
15281,0.04661745700446615,1.4177413322789671,-1.1127094486959972,1.114202454544477,0.7329218983188477,-0.13318312936476484,1.0139305057177648,-0.24509319357703513,-0.4060980306798095,-0.8663184393414728,-0.8505815566720115,-0.9881003377489622,26,horsegram,heavy soil 
15283,0.04661745700446615,1.4177413322789671,1.4291229942969927,1.114202454544477,-0.19033373889379193,-0.13129350851820776,2.05463244782741,-0.24509319357703513,-0.790457638843216,-0.6415765000596461,-1.4863296540479043,-0.860553621150291,26,horsegram,heavy soil 
15285,0.04661745700446615,1.4177413322789671,1.9374894828955906,1.114202454544477,1.1945497169251689,-0.09728033328018348,0.8433236299620851,-0.24509319357703513,-0.15129784099844987,-0.9136325318218573,-1.5096598594561939,-1.0755609434166225,26,horsegram,heavy soil 
15287,0.04661745700446615,1.4177413322789671,-1.1127094486959972,1.114202454544477,0.4251700192479687,-0.08405298735428508,0.5703526287529982,-0.24509319357703513,-0.22903349208767804,-0.98164653976241,-1.153874226979777,-0.7876697830939073,26,horsegram,heavy soil 
15289,0.04661745700446615,1.4177413322789671,1.4291229942969927,1.114202454544477,0.5790459587834081,-0.170975546295903,2.0716931354029784,-0.24509319357703513,-0.47087773992083304,-0.8633613085614487,-0.5531214377163185,-1.0937819029307183,26,horsegram,heavy soil 
15291,0.04661745700446615,1.4177413322789671,1.9374894828955906,1.114202454544477,0.27129407971252784,-0.13507275021132165,1.6451759460137791,-0.24509319357703513,-0.8897865263461187,-1.1413316018837079,-1.4863296540479043,-1.0354748324856116,26,horsegram,heavy soil 
15295,0.04661745700446615,1.4177413322789671,1.4291229942969927,1.114202454544477,0.8867978378542885,-0.17475478798901686,0.8092022548109493,-0.24509319357703513,-0.19880296110853418,-1.046703416922939,-1.4863296540479043,-0.8314000859277376,26,horsegram,heavy soil 
15297,0.04661745700446615,1.4177413322789671,1.9374894828955906,1.114202454544477,-0.6519615575001118,-0.10294919581985415,2.4982103247921774,-0.24509319357703513,0.28488553455777527,-1.0260035014627706,-1.124711470219415,-0.9261490754010362,26,horsegram,heavy soil 
15299,0.04661745700446615,1.4177413322789671,-1.1127094486959972,1.114202454544477,-0.49808561796467227,-0.10105957497329736,1.4745690702580996,-0.24509319357703513,-0.41041667796254416,-0.6948048541000789,-0.9497349296572426,-0.8350442778305566,26,horsegram,heavy soil 
15301,0.04661745700446615,1.4177413322789671,1.4291229942969927,1.114202454544477,0.7329218983188477,-0.1577482003700046,2.4129068869143375,-0.24509319357703513,-0.8897865263461187,-0.709590508000199,-1.0313906485862563,-0.904283923984121,26,horsegram,heavy soil 
15303,0.04661745700446615,1.4177413322789671,1.9374894828955906,1.114202454544477,0.5790459587834081,-0.1653066837562323,1.3892656323802597,-0.24509319357703513,-0.42337261981074903,-0.8219614776411123,-1.3755111783585285,-0.7330069045516197,26,horsegram,heavy soil 
15307,0.04661745700446615,1.4177413322789671,1.4291229942969927,1.114202454544477,0.8867978378542885,-0.14452085444410617,0.3485636902706145,-0.24509319357703513,0.2460177090131615,-1.046703416922939,-1.2646927026691528,-1.330654376613965,26,horsegram,heavy soil 
15309,0.04661745700446615,1.4177413322789671,1.9374894828955906,1.114202454544477,-0.3442096784292314,-0.11050767920608189,1.4575083826825315,-0.24509319357703513,-0.16425378284665446,-0.9639037550822658,-0.7222654269264187,-0.9334374592066745,26,horsegram,heavy soil 
15311,0.04661745700446615,1.4177413322789671,-1.1127094486959972,1.114202454544477,0.8867978378542885,-0.16719630460278911,0.5362312536018617,-0.24509319357703513,-0.20312160839126883,-0.7066333772201749,-0.9905627891217494,-0.8933513482756635,26,horsegram,heavy soil 
15313,0.04661745700446615,1.4177413322789671,1.4291229942969927,1.114202454544477,-0.3442096784292314,-0.12751426682509417,1.8669648844961635,-0.24509319357703513,0.11213964324837908,-1.1295030787636118,-0.6464422593494771,-0.8496210454418335,26,horsegram,heavy soil 
15315,0.04661745700446615,1.4177413322789671,1.9374894828955906,1.114202454544477,1.0406737773897279,-0.14830009613722003,0.38268506542175035,-0.24509319357703513,0.2589736508613661,-1.1590743865638522,-1.013892994530039,-0.7876697830939073,26,horsegram,heavy soil 
15317,0.04661745700446615,1.4177413322789671,-1.1127094486959972,1.114202454544477,0.4251700192479687,-0.09916995412674055,0.12677475178823092,-0.24509319357703513,-0.2722199649150271,-0.7776045159407518,-0.5531214377163185,-0.9480142268179512,26,horsegram,heavy soil 
15321,0.04661745700446615,1.4177413322789671,1.9374894828955906,1.114202454544477,0.7329218983188477,-0.13129350851820776,0.2461995648172065,-0.24509319357703513,0.12077693781384902,-0.7332475542403912,-1.083883610754908,-0.7949581668995458,26,horsegram,heavy soil 
15323,0.04661745700446615,1.4177413322789671,-1.1127094486959972,1.114202454544477,-0.036457799358352465,-0.1388519919044355,1.5428118205603711,-0.24509319357703513,0.1380515269447889,-0.8988468779217371,-1.6088132324414248,-1.2504821547519431,26,horsegram,heavy soil 
15325,0.04661745700446615,1.4177413322789671,1.4291229942969927,1.114202454544477,1.1945497169251689,-0.08783222904739894,2.4129068869143375,-0.24509319357703513,-0.30245049589417156,-0.9875608013224582,-0.8039211458554324,-1.2067518519181129,26,horsegram,heavy soil 
15329,0.04661745700446615,1.4177413322789671,-1.1127094486959972,1.114202454544477,1.0406737773897279,-0.08405298735428508,1.2869015069268517,-0.24509319357703513,0.3280720073851243,-1.2063884790442367,-0.6639399134056946,-1.228617003335028,26,horsegram,heavy soil 
15331,0.04661745700446615,1.4177413322789671,1.4291229942969927,1.114202454544477,1.3484256564606083,-0.09728033328018348,0.26326025239277473,-0.24509319357703513,-0.02605706979913799,-1.1531601250038042,-1.2588601513170803,-0.7111417531347046,26,horsegram,heavy soil 
15333,0.04661745700446615,1.4177413322789671,1.9374894828955906,1.114202454544477,0.8867978378542885,-0.11995578343886643,1.6451759460137791,-0.24509319357703513,-0.2938132013287016,-1.2093456098242608,-1.4338366918792524,-0.8131791264136418,26,horsegram,heavy soil 
15335,0.04661745700446615,1.4177413322789671,-1.1127094486959972,1.114202454544477,-0.036457799358352465,-0.09539071243362668,1.9522683223740032,-0.24509319357703513,0.1596447633584634,-1.0378320245828667,-1.3696786270064563,-1.08649351912508,26,horsegram,heavy soil 
15337,0.04661745700446615,1.4177413322789671,1.4291229942969927,1.114202454544477,-0.9597134365709921,-0.12184540428542323,2.2252393235830894,-0.24509319357703513,0.30216012368871514,-1.2152598713843088,-0.827251351263722,-1.3087892251970499,26,horsegram,heavy soil 
15339,0.04661745700446615,1.4177413322789671,1.9374894828955906,1.114202454544477,1.1945497169251689,-0.12184540428542323,0.17795681451493492,-0.24509319357703513,-0.8984238209115886,-0.6711478078598865,-0.7630932863909253,-0.6819882179121513,26,horsegram,heavy soil 
15341,0.04661745700446615,1.4177413322789671,-1.1127094486959972,1.114202454544477,1.1945497169251689,-0.12184540428542323,1.8157828217694587,-0.24509319357703513,-0.8595559953669745,-0.8190043468610881,-0.7455956323347083,-0.6965649855234279,26,horsegram,heavy soil 
15343,0.04661745700446615,1.4177413322789671,1.4291229942969927,1.114202454544477,-0.8058374970355525,-0.1369623710578787,1.832843509345027,-0.24509319357703513,-0.15129784099844987,-1.2034313482642127,-1.0022278918258942,-0.6601230664952361,26,horsegram,heavy soil 
15345,0.04661745700446615,1.4177413322789671,1.9374894828955906,1.114202454544477,-0.8058374970355525,-0.09728033328018348,0.05853200148595931,-0.24509319357703513,0.05599722857282544,-1.1797743020240203,-1.2646927026691528,-0.7038533693290664,26,horsegram,heavy soil 
15347,0.04661745700446615,1.4177413322789671,-1.1127094486959972,1.114202454544477,-0.8058374970355525,-0.11428692089919576,2.2764213863097944,-0.24509319357703513,-0.9113797627597932,-0.7480332081405113,-0.7106003242222737,-1.2577705385575813,26,horsegram,heavy soil 
15351,0.04661745700446615,1.4177413322789671,1.9374894828955906,1.114202454544477,1.3484256564606083,-0.1577482003700046,1.2869015069268517,-0.24509319357703513,-0.7688644024295415,-0.8515327854413526,-0.8972419674885911,-1.1010702867363569,26,horsegram,heavy soil 
15353,0.04661745700446615,1.4177413322789671,-1.1127094486959972,1.114202454544477,1.0406737773897279,-0.1388519919044355,1.9010862596472986,-0.24509319357703513,-0.6997660459057828,-0.7569046004805834,-1.4921622053999766,-1.1703099328899211,26,horsegram,heavy soil 
15355,0.04661745700446615,1.4177413322789671,1.4291229942969927,1.114202454544477,0.4251700192479687,-0.09916995412674055,0.7921415672353811,-0.24509319357703513,0.2201058253167517,-1.1768171712439963,-0.5531214377163185,-0.944370034915132,26,horsegram,heavy soil 
15357,0.04661745700446615,1.4177413322789671,1.9374894828955906,1.114202454544477,-0.3442096784292314,-0.11239730005263869,2.3276034490364976,-0.24509319357703513,0.16828205792393272,-1.1709029096839483,-0.5414563350121739,-1.0792051353194416,26,horsegram,heavy soil 
15361,0.04661745700446615,1.4177413322789671,1.4291229942969927,1.114202454544477,1.3484256564606083,-0.16908592544934592,1.3551442572291246,-0.24509319357703513,-0.32404373230784606,-0.7509903389205355,-1.381343729710601,-0.904283923984121,26,horsegram,heavy soil 
15365,0.04661745700446615,1.4177413322789671,-1.1127094486959972,1.114202454544477,-0.49808561796467227,-0.11806616259230963,2.549392387518882,-0.24509319357703513,-0.8120508752568905,-1.1827314328040446,-0.9614000323613874,-0.8496210454418335,26,horsegram,heavy soil 
15369,0.04661745700446615,1.4177413322789671,1.9374894828955906,1.114202454544477,0.5790459587834081,-0.10105957497329736,0.8603843175376533,-0.24509319357703513,-0.5874812165546753,-1.1797743020240203,-0.6872701188139841,-0.8168233183164607,26,horsegram,heavy soil 
15373,0.04661745700446615,1.4177413322789671,1.4291229942969927,1.114202454544477,1.3484256564606083,-0.16341706290967525,0.7750808796598135,-0.24509319357703513,0.29784147640597985,-1.1324602095436358,-1.0722185080507631,-0.7730930154826308,26,horsegram,heavy soil 
15375,0.04661745700446615,1.4177413322789671,1.9374894828955906,1.114202454544477,0.27129407971252784,-0.17286516714245978,0.3656243778461821,-0.24509319357703513,0.21578717803401704,-1.0141749783426746,-0.6581073620536221,-1.1557331652786444,26,horsegram,heavy soil 
15377,0.04661745700446615,1.4177413322789671,-1.1127094486959972,1.114202454544477,-0.3442096784292314,-0.1407416127509923,0.12677475178823092,-0.24509319357703513,-0.6565795730784338,-0.7569046004805834,-0.5531214377163185,-1.268703114266039,26,horsegram,heavy soil 
15381,0.04661745700446615,1.4177413322789671,1.9374894828955906,1.114202454544477,-0.49808561796467227,-0.1577482003700046,1.4916297578336677,-0.24509319357703513,-0.1253859573020407,-1.0407891553628907,-1.2588601513170803,-0.802246550705184,26,horsegram,heavy soil 
15385,0.04661745700446615,1.4177413322789671,1.4291229942969927,1.114202454544477,0.11741814017708838,-0.1369623710578787,2.1911179484319545,-0.24509319357703513,-0.328362379590581,-0.7509903389205355,-1.5096598594561939,-1.1375122057645486,26,horsegram,heavy soil 
15387,0.04661745700446615,1.4177413322789671,1.9374894828955906,1.114202454544477,0.8867978378542885,-0.15207933783033392,0.8262629423865175,-0.24509319357703513,-0.2333521393704133,-0.9254610549419534,-1.1480416756277045,-0.6637672583980554,26,horsegram,heavy soil 
15389,0.04661745700446615,1.4177413322789671,-1.1127094486959972,1.114202454544477,0.4251700192479687,-0.11050767920608189,1.6963580087404837,-0.24509319357703513,-0.8941051736288536,-0.9254610549419534,-1.142209124275632,-1.1739541247927403,26,horsegram,heavy soil 
15395,0.04661745700446615,1.4177413322789671,-1.1127094486959972,1.114202454544477,-0.49808561796467227,-0.16908592544934592,0.8945056926887891,-0.24509319357703513,-0.8897865263461187,-0.7776045159407518,-1.0547208539945458,-0.7074975612318853,26,horsegram,heavy soil 
15397,0.04661745700446615,1.4177413322789671,1.4291229942969927,1.114202454544477,-0.6519615575001118,-0.13318312936476484,0.33150300269504634,-0.24509319357703513,-0.6004371584028803,-0.9964321936625302,-0.9147396215448081,-1.2140402357237514,26,horsegram,heavy soil 
15399,0.04661745700446615,1.4177413322789671,1.9374894828955906,1.114202454544477,0.27129407971252784,-0.1256246459785371,1.1333553187467404,-0.24509319357703513,-0.3801861469834,-0.9757322782023621,-1.2296973945567182,-1.0136096810686963,26,horsegram,heavy soil 
15401,0.04661745700446615,1.4177413322789671,-1.1127094486959972,1.114202454544477,0.27129407971252784,-0.16908592544934592,2.4129068869143375,-0.24509319357703513,-0.06492489534375176,-0.6563621539597663,-1.398841383766818,-0.6929207936206087,26,horsegram,heavy soil 
15405,0.04661745700446615,1.4177413322789671,1.9374894828955906,1.114202454544477,1.0406737773897279,-0.08405298735428508,1.9010862596472986,-0.24509319357703513,0.3496652437987988,-0.8160472160810641,-0.7572607350388528,-0.842332661636195,26,horsegram,heavy soil 
15409,0.04661745700446615,1.4177413322789671,1.4291229942969927,1.114202454544477,-0.49808561796467227,-0.1086180583595251,2.4982103247921774,-0.24509319357703513,0.04735993400735551,-0.9875608013224582,-1.253027599965008,-1.2796356899744965,26,horsegram,heavy soil 
15411,0.04661745700446615,1.4177413322789671,1.9374894828955906,1.114202454544477,-0.19033373889379193,-0.1407416127509923,2.566453075094449,-0.24509319357703513,0.012810755745476398,-0.79830443140092,-0.7689258377429978,-0.638257915078321,26,horsegram,heavy soil 
15415,0.04661745700446615,1.4177413322789671,1.4291229942969927,1.114202454544477,0.7329218983188477,-0.17664440883557367,0.12677475178823092,-0.24509319357703513,-0.4579217980726282,-1.046703416922939,-1.0080604431779667,-0.6200369555642251,26,horsegram,heavy soil 
15417,0.04661745700446615,1.4177413322789671,1.9374894828955906,1.114202454544477,0.8867978378542885,-0.11617654174575257,1.7646007590427555,-0.24509319357703513,-0.6220303948165548,-0.6356622384995981,-1.3171856648378044,-0.8532652373446525,26,horsegram,heavy soil 
15419,0.04661745700446615,1.4177413322789671,-1.1127094486959972,1.114202454544477,-0.036457799358352465,-0.10672843751296802,1.4404476951069645,-0.24509319357703513,-0.42769126709348404,-0.7125476387802229,-1.2063671891484287,-0.9261490754010362,26,horsegram,heavy soil 
15423,0.04661745700446615,1.4177413322789671,1.9374894828955906,1.114202454544477,0.11741814017708838,-0.14452085444410617,1.5769331957115076,-0.24509319357703513,-0.5270201545963867,-0.6415765000596461,-0.6814375674619116,-0.9589468025264087,26,horsegram,heavy soil 
15425,0.04661745700446615,1.4177413322789671,-1.1127094486959972,1.114202454544477,-0.19033373889379193,-0.17664440883557367,0.05853200148595931,-0.24509319357703513,-0.49678962361724227,-1.1679457789039243,-0.5414563350121739,-1.188530892404017,26,horsegram,heavy soil 
15427,0.04661745700446615,1.4177413322789671,1.4291229942969927,1.114202454544477,-0.6519615575001118,-0.15018971698377684,1.4745690702580996,-0.24509319357703513,-0.08219948447469164,-0.8367471315412324,-0.5472888863642464,-0.8459768535390143,26,horsegram,heavy soil 
15429,0.04661745700446615,1.4177413322789671,1.9374894828955906,1.114202454544477,-0.6519615575001118,-0.16152744206311845,2.600574450245585,-0.24509319357703513,-0.8681932899324442,-0.6711478078598865,-1.153874226979777,-1.2869240737801348,26,horsegram,heavy soil 
15433,0.04661745700446615,1.4177413322789671,1.4291229942969927,1.114202454544477,-0.8058374970355525,-0.14263123359754937,0.655656066630838,-0.24509319357703513,-0.6349863366647593,-1.1117602940834674,-1.3055205621336596,-0.7038533693290664,26,horsegram,heavy soil 
15435,0.04661745700446615,1.4177413322789671,1.9374894828955906,1.114202454544477,-0.036457799358352465,-0.12751426682509417,0.09265337663709511,-0.24509319357703513,0.3583025383642688,-0.7569046004805834,-0.7280979782784908,-1.246837962849124,26,horsegram,heavy soil 
15439,0.04661745700446615,1.4177413322789671,1.4291229942969927,1.114202454544477,-0.49808561796467227,-0.170975546295903,1.4916297578336677,-0.24509319357703513,0.22442447259948697,-1.1590743865638522,-0.7805909404471428,-0.6746998341065128,26,horsegram,heavy soil 
15441,0.04661745700446615,1.4177413322789671,1.9374894828955906,1.114202454544477,0.5790459587834081,-0.14641047529066326,0.2461995648172065,-0.24509319357703513,0.22442447259948697,-0.6356622384995981,-1.0663859566986909,-0.9079281158869403,26,horsegram,heavy soil 
15443,0.04661745700446615,1.4177413322789671,-1.1127094486959972,1.114202454544477,-0.49808561796467227,-0.08594260820084215,2.156996573280818,-0.24509319357703513,-0.4622404453553631,-1.1295030787636118,-1.5446551675686284,-0.7658046316769923,26,horsegram,heavy soil 
15445,0.04661745700446615,1.4177413322789671,1.4291229942969927,1.114202454544477,1.0406737773897279,-0.08405298735428508,0.33150300269504634,-0.24509319357703513,0.17691935248940266,-0.8781469624615689,-1.095548713459053,-1.0063212972630582,26,horsegram,heavy soil 
15447,0.04661745700446615,1.4177413322789671,1.9374894828955906,1.114202454544477,1.0406737773897279,-0.09539071243362668,0.5703526287529982,-0.24509319357703513,-0.13834189915024528,-1.1502029942237801,-0.6581073620536221,-1.064628367708165,26,horsegram,heavy soil 
15455,0.04661745700446615,1.4177413322789671,-1.1127094486959972,1.114202454544477,0.4251700192479687,-0.1577482003700046,1.4916297578336677,-0.24509319357703513,-0.2333521393704133,-1.2152598713843088,-0.7339305296305633,-1.0026771053602388,26,horsegram,heavy soil 
15457,0.04661745700446615,1.4177413322789671,1.4291229942969927,1.114202454544477,0.4251700192479687,-0.1086180583595251,0.8092022548109493,-0.24509319357703513,-0.8897865263461187,-0.8012615621809439,-1.352180972950239,-1.2942124575857732,26,horsegram,heavy soil 
15459,0.04661745700446615,1.4177413322789671,1.9374894828955906,1.114202454544477,1.3484256564606083,-0.1577482003700046,2.5323316999433136,-0.24509319357703513,-0.48815232905177264,-0.6918477233200547,-0.7572607350388528,-1.0026771053602388,26,horsegram,heavy soil 
15461,0.04661745700446615,1.4177413322789671,-1.1127094486959972,1.114202454544477,0.27129407971252784,-0.1369623710578787,1.1162946311711728,-0.24509319357703513,-0.01741977523366806,-1.1265459479835878,-1.1363765729235598,-0.6455462988839594,26,horsegram,heavy soil 
15463,0.04661745700446615,1.4177413322789671,1.4291229942969927,1.114202454544477,0.5790459587834081,-0.08216336650772828,1.0992339435956047,-0.24509319357703513,-0.23767078665314795,-0.9993893244425543,-1.1013812648111252,-1.2504821547519431,26,horsegram,heavy soil 
15465,0.04661745700446615,1.4177413322789671,1.9374894828955906,1.114202454544477,-0.49808561796467227,-0.17286516714245978,1.8499041969205952,-0.24509319357703513,-0.7386338714503969,-0.6681906770798623,-1.3346833188940217,-0.6601230664952361,26,horsegram,heavy soil 
15467,0.04661745700446615,1.4177413322789671,-1.1127094486959972,1.114202454544477,-0.49808561796467227,-0.1653066837562323,1.3892656323802597,-0.24509319357703513,-0.18584701926032898,-0.7539474697005595,-1.2646927026691528,-0.6163927636614059,26,horsegram,heavy soil 
15469,0.04661745700446615,1.4177413322789671,1.4291229942969927,1.114202454544477,0.11741814017708838,-0.1653066837562323,2.566453075094449,-0.24509319357703513,-0.6781728094921083,-0.7125476387802229,-1.11304636751527,-1.0609841758053458,26,horsegram,heavy soil 
15473,0.04661745700446615,1.4177413322789671,-1.1127094486959972,1.114202454544477,-0.19033373889379193,-0.13507275021132165,1.2357194442001485,-0.24509319357703513,-0.790457638843216,-1.0082607167826263,-0.7805909404471428,-1.2504821547519431,26,horsegram,heavy soil 
15475,0.04661745700446615,1.4177413322789671,1.4291229942969927,1.114202454544477,-0.6519615575001118,-0.11050767920608189,0.31444231511947873,-0.24509319357703513,-0.786138991560481,-1.2004742174841885,-0.9730651350655322,-1.3233659928083268,26,horsegram,heavy soil 
15477,0.04661745700446615,1.4177413322789671,1.9374894828955906,1.114202454544477,-0.19033373889379193,-0.10105957497329736,1.9010862596472986,-0.24509319357703513,0.3583025383642688,-0.9432038396220976,-0.6114469512370426,-0.7074975612318853,26,horsegram,heavy soil 
15479,0.04661745700446615,1.4177413322789671,-1.1127094486959972,1.114202454544477,0.4251700192479687,-0.10672843751296802,0.3485636902706145,-0.24509319357703513,-0.24630808121861789,-0.9668608858622899,-0.9847302377696769,-0.9662351863320471,26,horsegram,heavy soil 
15481,0.04661745700446615,1.4177413322789671,1.4291229942969927,1.114202454544477,1.1945497169251689,-0.1407416127509923,2.259360698734226,-0.24509319357703513,-0.34131832143878593,-0.8278757392011604,-0.5006284755476669,-0.6746998341065128,26,horsegram,heavy soil 
15485,0.04661745700446615,1.4177413322789671,-1.1127094486959972,1.114202454544477,0.8867978378542885,-0.08783222904739894,0.3485636902706145,-0.24509319357703513,-0.6177117475338197,-0.718461900340271,-1.398841383766818,-0.8860629644700253,26,horsegram,heavy soil 
15489,0.04661745700446615,1.4177413322789671,1.9374894828955906,1.114202454544477,1.0406737773897279,-0.12184540428542323,2.0034503851007064,-0.24509319357703513,-0.5788439219892056,-1.0703604631631312,-1.171371881035994,-0.9225048834982169,26,horsegram,heavy soil 
15491,0.04661745700446615,1.4177413322789671,-1.1127094486959972,1.114202454544477,1.0406737773897279,-0.13318312936476484,0.55329194117743,-0.24509319357703513,-0.7386338714503969,-0.79830443140092,-1.0605534053466183,-1.2832798818773157,26,horsegram,heavy soil 
15493,0.04661745700446615,1.4177413322789671,1.4291229942969927,1.114202454544477,-0.19033373889379193,-0.1407416127509923,2.2934820738853623,-0.24509319357703513,-0.7559084605813365,-0.8663184393414728,-1.4629994486396145,-1.1703099328899211,26,horsegram,heavy soil 
15495,0.04661745700446615,1.4177413322789671,1.9374894828955906,1.114202454544477,-0.8058374970355525,-0.10483881666641122,0.979809130566629,-0.24509319357703513,-0.1469791937157152,-0.8397042623212565,-1.5038273081041216,-1.1520889733758253,26,horsegram,heavy soil 
15497,0.04661745700446615,1.4177413322789671,-1.1127094486959972,1.114202454544477,0.4251700192479687,-0.09916995412674055,0.4168064405728861,-0.24509319357703513,0.24169906173042624,-0.6474907616196942,-0.7630932863909253,-1.0026771053602388,26,horsegram,heavy soil 
15499,0.04661745700446615,1.4177413322789671,1.4291229942969927,1.114202454544477,0.5790459587834081,-0.1388519919044355,1.0309911932933329,-0.24509319357703513,-0.8854678790633836,-0.7450760773604873,-0.5356237836601014,-0.6127485717585869,26,horsegram,heavy soil 
15501,0.04661745700446615,1.4177413322789671,1.9374894828955906,1.114202454544477,-0.19033373889379193,-0.1653066837562323,2.1911179484319545,-0.24509319357703513,-0.336999674156051,-0.884061224021617,-1.2588601513170803,-1.268703114266039,26,horsegram,heavy soil 
15503,0.04661745700446615,1.4177413322789671,-1.1127094486959972,1.114202454544477,-0.9597134365709921,-0.170975546295903,0.7580201920842453,-0.24509319357703513,-0.37154885241793006,-0.9727751474223381,-1.0022278918258942,-1.0609841758053458,26,horsegram,heavy soil 
15505,0.04661745700446615,1.4177413322789671,1.4291229942969927,1.114202454544477,0.8867978378542885,-0.16152744206311845,0.2461995648172065,-0.24509319357703513,-0.3542742632869905,-1.1028889017433956,-1.253027599965008,-1.228617003335028,26,horsegram,heavy soil 
15507,0.04661745700446615,1.4177413322789671,1.9374894828955906,1.114202454544477,0.27129407971252784,-0.1369623710578787,0.2461995648172065,-0.24509319357703513,-0.12970460458477534,-0.7214190311202952,-1.0313906485862563,-0.7002091774262471,26,horsegram,heavy soil 
15509,0.04661745700446615,1.4177413322789671,-1.1127094486959972,1.114202454544477,1.3484256564606083,-0.16152744206311845,1.7134186963160507,-0.24509319357703513,-0.328362379590581,-0.7362046850204153,-0.62894460529326,-1.1958192762096556,26,horsegram,heavy soil 
15511,0.04661745700446615,1.4177413322789671,1.4291229942969927,1.114202454544477,-0.49808561796467227,-0.12940388767165098,1.0139305057177648,-0.24509319357703513,-0.2894945540459669,-0.6563621539597663,-0.9497349296572426,-0.944370034915132,26,horsegram,heavy soil 
15513,0.04661745700446615,1.4177413322789671,1.9374894828955906,1.114202454544477,-0.3442096784292314,-0.11239730005263869,1.832843509345027,-0.24509319357703513,-0.2333521393704133,-1.0851461170632513,-0.9030745188406631,-1.2796356899744965,26,horsegram,heavy soil 
15517,0.04661745700446615,1.4177413322789671,1.4291229942969927,1.114202454544477,1.3484256564606083,-0.1653066837562323,1.7475400714671872,-0.24509319357703513,-0.8552373480842396,-0.8604041777814246,-1.5854830270331353,-0.8314000859277376,26,horsegram,heavy soil 
15521,0.04661745700446615,1.4177413322789671,-1.1127094486959972,1.114202454544477,-0.036457799358352465,-0.13507275021132165,0.8092022548109493,-0.24509319357703513,-0.10811136817110081,-0.9875608013224582,-1.0080604431779667,-1.2905682656829538,26,horsegram,heavy soil 
15523,0.04661745700446615,1.4177413322789671,1.4291229942969927,1.114202454544477,0.8867978378542885,-0.1237350251319803,0.8433236299620851,-0.24509319357703513,0.16396341064119807,-0.7835187775007999,-0.6347771566453325,-1.2650589223632198,26,horsegram,heavy soil 
15525,0.04661745700446615,1.4177413322789671,1.9374894828955906,1.114202454544477,1.0406737773897279,-0.08783222904739894,0.55329194117743,-0.24509319357703513,-0.7472711660158669,-0.7273332926803431,-1.11304636751527,-0.6929207936206087,26,horsegram,heavy soil 
15527,0.04661745700446615,1.4177413322789671,-1.1127094486959972,1.114202454544477,0.8867978378542885,-0.11050767920608189,1.0651125684444687,-0.24509319357703513,0.267610945426836,-0.8751898316815447,-1.3755111783585285,-1.1010702867363569,26,horsegram,heavy soil 
15529,0.04661745700446615,1.4177413322789671,1.4291229942969927,1.114202454544477,-0.036457799358352465,-0.1086180583595251,1.7816614466183236,-0.24509319357703513,0.17691935248940266,-0.9668608858622899,-1.0780510594028356,-0.8678420049559294,26,horsegram,heavy soil 
15531,0.04661745700446615,1.4177413322789671,1.9374894828955906,1.114202454544477,-0.19033373889379193,-0.09350109158706961,2.13993588570525,-0.24509319357703513,-0.004463833385463468,-1.0319177630228187,-0.8972419674885911,-0.6273253393698636,26,horsegram,heavy soil 
15533,0.04661745700446615,1.4177413322789671,-1.1127094486959972,1.114202454544477,1.0406737773897279,-0.1577482003700046,1.2698408193512847,-0.24509319357703513,-0.6738541622093734,-0.7066333772201749,-1.381343729710601,-1.1812425085983786,26,horsegram,heavy soil 
15535,0.04661745700446615,1.4177413322789671,1.4291229942969927,1.114202454544477,-0.6519615575001118,-0.16152744206311845,2.0205110726762747,-0.24509319357703513,-0.6220303948165548,-0.887018354801641,-1.2996880107815874,-0.8787745806643869,26,horsegram,heavy soil 
15537,0.04661745700446615,1.4177413322789671,1.9374894828955906,1.114202454544477,-0.036457799358352465,-0.09728033328018348,1.3210228820779881,-0.24509319357703513,-0.5658879801410008,-0.9491181011821457,-0.7922560431512874,-0.962590994429228,26,horsegram,heavy soil 
15539,0.04661745700446615,1.4177413322789671,-1.1127094486959972,1.114202454544477,0.11741814017708838,-0.10294919581985415,1.0309911932933329,-0.24509319357703513,-0.4147353252452791,-0.7687331236006797,-1.4280041405271802,-1.024542256777154,26,horsegram,heavy soil 
15543,0.04661745700446615,1.4177413322789671,1.9374894828955906,1.114202454544477,-0.036457799358352465,-0.15018971698377684,0.5874133163285657,-0.24509319357703513,-0.4924709763345076,-0.7805616467207758,-1.4221715891751077,-1.0792051353194416,26,horsegram,heavy soil 
15545,0.04661745700446615,1.4177413322789671,-1.1127094486959972,1.114202454544477,0.5790459587834081,-0.08405298735428508,1.1674766938978767,-0.24509319357703513,-0.1599351355639198,-0.8101329545210161,-0.8330839026157945,-0.9844561458461429,26,horsegram,heavy soil 
15547,0.04661745700446615,1.4177413322789671,1.4291229942969927,1.114202454544477,-0.8058374970355525,-0.14830009613722003,1.6792973211649156,-0.24509319357703513,0.07759046498649996,-1.0023464552225785,-1.3113531134857321,-0.7111417531347046,26,horsegram,heavy soil 
15549,0.04661745700446615,1.4177413322789671,1.9374894828955906,1.114202454544477,-0.3442096784292314,-0.11428692089919576,1.7646007590427555,-0.24509319357703513,-0.5442947437273262,-1.0999317709633714,-1.5796504756810628,-0.8314000859277376,26,horsegram,heavy soil 
15551,0.04661745700446615,1.4177413322789671,-1.1127094486959972,1.114202454544477,-0.8058374970355525,-0.14830009613722003,0.3485636902706145,-0.24509319357703513,-0.4449658562244236,-0.8515327854413526,-1.3638460756543838,-1.2650589223632198,26,horsegram,heavy soil 
15553,0.04661745700446615,1.4177413322789671,1.4291229942969927,1.114202454544477,-0.49808561796467227,-0.08405298735428508,0.4168064405728861,-0.24509319357703513,-0.7515898132986019,-0.8663184393414728,-1.1072138161631977,-0.842332661636195,26,horsegram,heavy soil 
15555,0.04661745700446615,1.4177413322789671,1.9374894828955906,1.114202454544477,1.0406737773897279,-0.09161147074051282,2.4299675744899054,-0.24509319357703513,-0.5874812165546753,-0.6504478923997183,-1.1655393296839218,-0.6819882179121513,26,horsegram,heavy soil 
15557,0.04661745700446615,1.4177413322789671,-1.1127094486959972,1.114202454544477,-0.036457799358352465,-0.15018971698377684,0.1097140642126627,-0.24509319357703513,-0.6565795730784338,-1.0703604631631312,-1.0547208539945458,-0.8314000859277376,26,horsegram,heavy soil 
15561,0.04661745700446615,1.4177413322789671,1.9374894828955906,1.114202454544477,1.0406737773897279,-0.14452085444410617,0.55329194117743,-0.24509319357703513,-0.44928450350715854,-0.8219614776411123,-0.8739117620803011,-0.7257185207459812,26,horsegram,heavy soil 
15563,0.04661745700446615,1.4177413322789671,-1.1127094486959972,1.114202454544477,0.8867978378542885,-0.1596378212165614,0.8092022548109493,-0.24509319357703513,-0.328362379590581,-0.8485756546613284,-1.0197255458821115,-0.8751303887615676,26,horsegram,heavy soil 
15565,0.04661745700446615,1.4177413322789671,1.4291229942969927,1.114202454544477,-0.036457799358352465,-0.11995578343886643,0.9627484429910608,-0.24509319357703513,-0.06492489534375176,-1.0792318555032032,-1.4629994486396145,-1.2067518519181129,26,horsegram,heavy soil 
15571,0.04661745700446615,1.4177413322789671,1.4291229942969927,1.114202454544477,0.11741814017708838,-0.17286516714245978,2.0716931354029784,-0.24509319357703513,-0.004463833385463468,-0.6859334617600066,-1.497994756752049,-0.9480142268179512,26,horsegram,heavy soil 
15573,0.04661745700446615,1.4177413322789671,1.9374894828955906,1.114202454544477,-0.3442096784292314,-0.08594260820084215,2.2252393235830894,-0.24509319357703513,-0.39314208883160456,-0.8544899162213766,-0.6114469512370426,-0.6419021069811403,26,horsegram,heavy soil 
15575,0.04661745700446615,1.4177413322789671,-1.1127094486959972,1.114202454544477,0.27129407971252784,-0.14641047529066326,2.208178636007523,-0.24509319357703513,0.28920418184051055,-0.8574470470014007,-1.4221715891751077,-0.8969955401784827,26,horsegram,heavy soil 
15577,0.04661745700446615,1.4177413322789671,1.4291229942969927,1.114202454544477,-0.19033373889379193,-0.14263123359754937,0.502109878450726,-0.24509319357703513,-0.17720972469485965,-0.9402467088420736,-1.5621528216248457,-0.842332661636195,26,horsegram,heavy soil 
15579,0.04661745700446615,1.4177413322789671,1.9374894828955906,1.114202454544477,-0.3442096784292314,-0.17475478798901686,0.6215346914797015,-0.24509319357703513,0.12509558509658367,-0.7716902543807036,-0.7864234917992149,-1.1557331652786444,26,horsegram,heavy soil 
15581,0.04661745700446615,1.4177413322789671,-1.1127094486959972,1.114202454544477,0.27129407971252784,-0.11050767920608189,2.549392387518882,-0.24509319357703513,-0.6263490420992894,-0.9579894935222178,-1.1480416756277045,-0.762160439774173,26,horsegram,heavy soil 
15583,0.04661745700446615,1.4177413322789671,1.4291229942969927,1.114202454544477,-0.036457799358352465,-0.1577482003700046,1.4575083826825315,-0.24509319357703513,-0.4449658562244236,-0.9165896626018815,-0.5647865404204635,-1.2322611952378473,26,horsegram,heavy soil 
15585,0.04661745700446615,1.4177413322789671,1.9374894828955906,1.114202454544477,0.11741814017708838,-0.11428692089919576,0.604474003904134,-0.24509319357703513,-0.34131832143878593,-0.9254610549419534,-1.0605534053466183,-0.8095349345108225,26,horsegram,heavy soil 
15587,0.04661745700446615,1.4177413322789671,-1.1127094486959972,1.114202454544477,0.7329218983188477,-0.1596378212165614,0.9456877554154931,-0.24509319357703513,-0.34563696872152055,-0.9461609704021218,-0.5122935782518119,-1.1921750843068362,26,horsegram,heavy soil 
15591,0.04661745700446615,1.4177413322789671,1.9374894828955906,1.114202454544477,0.4251700192479687,-0.08783222904739894,1.1333553187467404,-0.24509319357703513,-0.2592640230668225,-1.2123027406042848,-1.5796504756810628,-1.0792051353194416,26,horsegram,heavy soil 
15593,0.04661745700446615,1.4177413322789671,-1.1127094486959972,1.114202454544477,-0.49808561796467227,-0.15207933783033392,2.2423000111586577,-0.24509319357703513,-0.8422814062360346,-0.9757322782023621,-0.4772982701393773,-0.6601230664952361,26,horsegram,heavy soil 
15597,0.04661745700446615,1.4177413322789671,1.9374894828955906,1.114202454544477,0.7329218983188477,-0.15207933783033392,2.344664136612066,-0.24509319357703513,-0.6522609257956988,-0.795347300620896,-1.3113531134857321,-1.166665740987102,26,horsegram,heavy soil 
15599,0.04661745700446615,1.4177413322789671,-1.1127094486959972,1.114202454544477,0.8867978378542885,-0.11428692089919576,1.5769331957115076,-0.24509319357703513,-0.5183828600309167,-0.887018354801641,-0.9788976864176047,-0.8241117021220992,26,horsegram,heavy soil 
15601,0.04661745700446615,1.4177413322789671,1.4291229942969927,1.114202454544477,-0.19033373889379193,-0.14830009613722003,2.0205110726762747,-0.24509319357703513,-0.5011082708999772,-0.9520752319621697,-1.468831999991687,-0.6236811474670444,26,horsegram,heavy soil 
15603,0.04661745700446615,1.4177413322789671,1.9374894828955906,1.114202454544477,1.0406737773897279,-0.09539071243362668,0.21207818966607073,-0.24509319357703513,0.3064787709714498,-0.7302904234603671,-1.3346833188940217,-0.8496210454418335,26,horsegram,heavy soil 
15605,0.04661745700446615,1.4177413322789671,-1.1127094486959972,1.114202454544477,-0.036457799358352465,-0.11806616259230963,2.481149637216609,-0.24509319357703513,-0.4751963872035677,-1.0319177630228187,-1.1363765729235598,-0.7694488235798115,26,horsegram,heavy soil 
15607,0.04661745700446615,1.4177413322789671,1.4291229942969927,1.114202454544477,0.11741814017708838,-0.11050767920608189,0.9115663802643573,-0.24509319357703513,-0.7990949334086855,-0.7214190311202952,-0.9497349296572426,-0.802246550705184,26,horsegram,heavy soil 
15611,0.04661745700446615,1.4177413322789671,-1.1127094486959972,1.114202454544477,0.5790459587834081,-0.08594260820084215,0.26326025239277473,-0.24509319357703513,-0.5831625692719403,-0.6800192001999587,-1.2355299459087907,-1.08649351912508,26,horsegram,heavy soil 
15613,0.04661745700446615,1.4177413322789671,1.4291229942969927,1.114202454544477,-0.3442096784292314,-0.14263123359754937,0.604474003904134,-0.24509319357703513,0.030085344876416262,-0.6534050231797421,-0.5122935782518119,-1.3233659928083268,26,horsegram,heavy soil 
15619,0.04661745700446615,1.4177413322789671,1.4291229942969927,1.114202454544477,1.1945497169251689,-0.1577482003700046,1.3210228820779881,-0.24509319357703513,0.10350234868290915,-0.8190043468610881,-1.3055205621336596,-1.305145033294231,26,horsegram,heavy soil 
15621,0.04661745700446615,1.4177413322789671,1.9374894828955906,1.114202454544477,0.11741814017708838,-0.11428692089919576,2.1911179484319545,-0.24509319357703513,-0.34563696872152055,-1.0082607167826263,-1.3405158702460942,-0.7475836721628963,26,horsegram,heavy soil 
15623,0.04661745700446615,1.4177413322789671,-1.1127094486959972,1.114202454544477,1.1945497169251689,-0.11806616259230963,0.16089612693936672,-0.24509319357703513,-0.8552373480842396,-0.6445336308396702,-1.083883610754908,-1.1229354381532717,26,horsegram,heavy soil 
15625,0.04661745700446615,1.4177413322789671,1.4291229942969927,1.114202454544477,1.0406737773897279,-0.16341706290967525,1.5598725081359395,-0.24509319357703513,-0.8595559953669745,-0.718461900340271,-0.6172795025891151,-0.9990329134574197,26,horsegram,heavy soil 
15627,0.04661745700446615,1.4177413322789671,1.9374894828955906,1.114202454544477,-0.49808561796467227,-0.11050767920608189,0.3997457529973185,-0.24509319357703513,-0.8595559953669745,-1.1797743020240203,-1.5796504756810628,-0.7949581668995458,26,horsegram,heavy soil 
15629,0.04661745700446615,1.4177413322789671,-1.1127094486959972,1.114202454544477,-0.19033373889379193,-0.1256246459785371,1.508690445409236,-0.24509319357703513,0.012810755745476398,-0.8456185238813044,-0.8214187999116495,-0.9698793782348663,26,horsegram,heavy soil 
15631,0.04661745700446615,1.4177413322789671,1.4291229942969927,1.114202454544477,0.5790459587834081,-0.16152744206311845,2.4129068869143375,-0.24509319357703513,-0.09083677904016156,-0.9254610549419534,-1.6029806810893525,-1.3270101847111457,26,horsegram,heavy soil 
15633,0.04661745700446615,1.4177413322789671,1.9374894828955906,1.114202454544477,0.4251700192479687,-0.10483881666641122,0.877445005113221,-0.24509319357703513,-0.06924354262648703,-0.9875608013224582,-1.4863296540479043,-0.8678420049559294,26,horsegram,heavy soil 
15635,0.04661745700446615,1.4177413322789671,-1.1127094486959972,1.114202454544477,0.11741814017708838,-0.08405298735428508,0.3997457529973185,-0.24509319357703513,-0.6608982203611689,-0.7450760773604873,-1.2763578053732976,-0.8168233183164607,26,horsegram,heavy soil 
15637,0.04661745700446615,1.4177413322789671,1.4291229942969927,1.114202454544477,0.4251700192479687,-0.09539071243362668,2.259360698734226,-0.24509319357703513,-0.6349863366647593,-0.960946624302242,-1.5154924108082664,-1.0099654891658774,26,horsegram,heavy soil 
15639,0.04661745700446615,1.4177413322789671,1.9374894828955906,1.114202454544477,-0.19033373889379193,-0.10483881666641122,1.3210228820779881,-0.24509319357703513,-0.19880296110853418,-0.7894330390608478,-1.4746645513437595,-0.762160439774173,26,horsegram,heavy soil 
15641,0.04661745700446615,1.4177413322789671,-1.1127094486959972,1.114202454544477,-0.8058374970355525,-0.08405298735428508,1.6622366335893475,-0.24509319357703513,-0.16857243012938972,-0.9875608013224582,-1.2063671891484287,-1.1703099328899211,26,horsegram,heavy soil 
15647,0.04661745700446615,1.4177413322789671,-1.1127094486959972,1.114202454544477,-0.8058374970355525,-0.1237350251319803,0.877445005113221,-0.24509319357703513,-0.8077322279741556,-1.1916028251441166,-0.5822841944766806,-0.7074975612318853,26,horsegram,heavy soil 
15649,0.04661745700446615,1.4177413322789671,1.4291229942969927,1.114202454544477,1.3484256564606083,-0.09161147074051282,1.0992339435956047,-0.24509319357703513,0.06031587585556011,-1.1827314328040446,-0.7164328755743462,-0.842332661636195,26,horsegram,heavy soil 
15651,0.04661745700446615,1.4177413322789671,1.9374894828955906,1.114202454544477,0.27129407971252784,-0.13318312936476484,2.2423000111586577,-0.24509319357703513,0.3453465965160642,-1.1738600404639723,-0.815586248559577,-1.126579630056091,26,horsegram,heavy soil 
15653,0.04661745700446615,1.4177413322789671,-1.1127094486959972,1.114202454544477,0.7329218983188477,-0.14452085444410617,0.877445005113221,-0.24509319357703513,0.21578717803401704,-0.7421189465804632,-0.7514281836867808,-1.2431937709463048,26,horsegram,heavy soil 
15655,0.04661745700446615,1.4177413322789671,1.4291229942969927,1.114202454544477,0.4251700192479687,-0.11995578343886643,2.566453075094449,-0.24509319357703513,0.3280720073851243,-0.6622764155198144,-1.2763578053732976,-0.6710556422036936,26,horsegram,heavy soil 
15657,0.04661745700446615,1.4177413322789671,1.9374894828955906,1.114202454544477,-0.3442096784292314,-0.11050767920608189,2.0716931354029784,-0.24509319357703513,0.1337328796620536,-0.8811040932415929,-0.4831308214914498,-0.9480142268179512,26,horsegram,heavy soil 
15659,0.04661745700446615,1.4177413322789671,-1.1127094486959972,1.114202454544477,-0.8058374970355525,-0.11428692089919576,2.0716931354029784,-0.24509319357703513,-0.6824914567748434,-0.9698180166423139,-1.3171856648378044,-0.8496210454418335,26,horsegram,heavy soil 
15661,0.04661745700446615,1.4177413322789671,1.4291229942969927,1.114202454544477,0.7329218983188477,-0.08216336650772828,0.9968698181421971,-0.24509319357703513,-0.02605706979913799,-0.6327051077195741,-1.142209124275632,-1.305145033294231,26,horsegram,heavy soil 
15663,0.04661745700446615,1.4177413322789671,1.9374894828955906,1.114202454544477,0.11741814017708838,-0.1407416127509923,0.877445005113221,-0.24509319357703513,-0.6695355149266384,-0.8071758237409921,-0.9497349296572426,-0.9152164996925787,26,horsegram,heavy soil 
15665,0.04661745700446615,1.4177413322789671,-1.1127094486959972,1.114202454544477,-0.036457799358352465,-0.1369623710578787,0.1950175020905025,-0.24509319357703513,-0.5140642127481821,-0.8219614776411123,-1.1013812648111252,-1.3197218009055074,26,horsegram,heavy soil 
15667,0.04661745700446615,1.4177413322789671,1.4291229942969927,1.114202454544477,-0.6519615575001118,-0.1653066837562323,1.1674766938978767,-0.24509319357703513,-0.05196895349554718,-1.0999317709633714,-1.0547208539945458,-0.6127485717585869,26,horsegram,heavy soil 
15671,0.04661745700446615,1.4177413322789671,-1.1127094486959972,1.114202454544477,0.7329218983188477,-0.16719630460278911,1.6963580087404837,-0.24509319357703513,0.004173461180006464,-1.1620315173438762,-0.4889633728435223,-0.904283923984121,26,horsegram,heavy soil 
15673,0.04661745700446615,1.4177413322789671,1.4291229942969927,1.114202454544477,-0.036457799358352465,-0.14830009613722003,0.43386712814845435,-0.24509319357703513,-0.7602271078640715,-1.0733175939431552,-0.5647865404204635,-0.6127485717585869,26,horsegram,heavy soil 
15677,0.04661745700446615,1.4177413322789671,-1.1127094486959972,1.114202454544477,0.27129407971252784,-0.12184540428542323,0.26326025239277473,-0.24509319357703513,-0.6738541622093734,-0.7746473851607276,-1.626310886497642,-0.6054601879529484,26,horsegram,heavy soil 
15679,0.04661745700446615,1.4177413322789671,1.4291229942969927,1.114202454544477,-0.036457799358352465,-0.12940388767165098,0.4168064405728861,-0.24509319357703513,-0.2203961975222087,-0.718461900340271,-1.3346833188940217,-1.1812425085983786,26,horsegram,heavy soil 
15681,0.04661745700446615,1.4177413322789671,1.9374894828955906,1.114202454544477,-0.19033373889379193,-0.08216336650772828,0.8092022548109493,-0.24509319357703513,-0.19448431382579892,-0.978689408982386,-1.3580135243023115,-0.860553621150291,26,horsegram,heavy soil 
15685,0.04661745700446615,1.4177413322789671,1.4291229942969927,1.114202454544477,-0.19033373889379193,-0.14641047529066326,0.9968698181421971,-0.24509319357703513,0.21578717803401704,-0.7923901698408718,-1.1072138161631977,-1.210396043820932,26,horsegram,heavy soil 
15687,0.04661745700446615,1.4177413322789671,1.9374894828955906,1.114202454544477,-0.9597134365709921,-0.1407416127509923,0.6897774417819738,-0.24509319357703513,0.08190911226923463,-0.8574470470014007,-1.4455017945833974,-1.1083586705419952,26,horsegram,heavy soil 
15691,0.04661745700446615,1.4177413322789671,1.4291229942969927,1.114202454544477,-0.8058374970355525,-0.1388519919044355,1.6963580087404837,-0.24509319357703513,-0.8293254643878301,-1.1413316018837079,-0.7222654269264187,-1.1520889733758253,26,horsegram,heavy soil 
15693,0.04661745700446615,1.4177413322789671,1.9374894828955906,1.114202454544477,0.11741814017708838,-0.08783222904739894,2.0716931354029784,-0.24509319357703513,0.2589736508613661,-0.887018354801641,-1.3930088324147458,-1.0573399839025266,26,horsegram,heavy soil 
15695,0.04661745700446615,1.4177413322789671,-1.1127094486959972,1.114202454544477,-0.9597134365709921,-0.12184540428542323,0.28032093996834234,-0.24509319357703513,-0.22471484480494336,-1.0319177630228187,-1.2705252540212253,-1.1994634681124745,26,horsegram,heavy soil 
15697,0.04661745700446615,1.4177413322789671,1.4291229942969927,1.114202454544477,0.7329218983188477,-0.16908592544934592,2.05463244782741,-0.24509319357703513,-0.5356574491618566,-1.2152598713843088,-0.7805909404471428,-0.8350442778305566,26,horsegram,heavy soil 
15699,0.04661745700446615,1.4177413322789671,1.9374894828955906,1.114202454544477,0.7329218983188477,-0.09728033328018348,1.9181469472228667,-0.24509319357703513,-0.6781728094921083,-0.62974797693955,-1.5096598594561939,-1.068272559610984,26,horsegram,heavy soil 
15701,0.04661745700446615,1.4177413322789671,-1.1127094486959972,1.114202454544477,0.27129407971252784,-0.08216336650772828,0.3656243778461821,-0.24509319357703513,-0.790457638843216,-0.7391618158004394,-0.9147396215448081,-0.6236811474670444,26,horsegram,heavy soil 
15703,0.04661745700446615,1.4177413322789671,1.4291229942969927,1.114202454544477,0.27129407971252784,-0.14641047529066326,1.0139305057177648,-0.24509319357703513,-0.7602271078640715,-0.7302904234603671,-1.1655393296839218,-0.8969955401784827,26,horsegram,heavy soil 
15709,0.04661745700446615,1.4177413322789671,1.4291229942969927,1.114202454544477,-0.19033373889379193,-0.11050767920608189,0.9456877554154931,-0.24509319357703513,0.09054640683470457,-1.0230463706827464,-1.1013812648111252,-0.9334374592066745,26,horsegram,heavy soil 
15711,0.04661745700446615,1.4177413322789671,1.9374894828955906,1.114202454544477,0.5790459587834081,-0.11239730005263869,0.7580201920842453,-0.24509319357703513,-0.24630808121861789,-0.8633613085614487,-1.0605534053466183,-0.9662351863320471,26,horsegram,heavy soil 
15713,0.04661745700446615,1.4177413322789671,-1.1127094486959972,1.114202454544477,-0.19033373889379193,-0.1596378212165614,0.041471313910391105,-0.24509319357703513,-0.5658879801410008,-1.0644462016030831,-0.9322372756010252,-1.0354748324856116,26,horsegram,heavy soil 
15715,0.04661745700446615,1.4177413322789671,1.4291229942969927,1.114202454544477,1.0406737773897279,-0.08972184989395601,2.259360698734226,-0.24509319357703513,-0.1599351355639198,-0.9993893244425543,-0.838916453967867,-1.2395495790434854,26,horsegram,heavy soil 
15717,0.04661745700446615,1.4177413322789671,1.9374894828955906,1.114202454544477,1.0406737773897279,-0.14830009613722003,0.31444231511947873,-0.24509319357703513,-0.4751963872035677,-0.6800192001999587,-1.6321434378497146,-0.9771677620405046,26,horsegram,heavy soil 
15725,0.04661745700446615,1.4177413322789671,-1.1127094486959972,1.114202454544477,-0.49808561796467227,-0.09350109158706961,0.6727167542064055,-0.24509319357703513,0.20714988346854712,-0.7214190311202952,-0.6756050161098391,-0.6491904907867787,26,horsegram,heavy soil 
15727,0.04661745700446615,1.4177413322789671,1.4291229942969927,1.114202454544477,0.8867978378542885,-0.08594260820084215,1.6792973211649156,-0.24509319357703513,0.172600705206668,-1.1028889017433956,-0.9380698269530977,-1.0354748324856116,26,horsegram,heavy soil 
15729,0.04661745700446615,1.4177413322789671,1.9374894828955906,1.114202454544477,0.8867978378542885,-0.08594260820084215,0.6215346914797015,-0.24509319357703513,0.09486505411743984,-1.2182170021643328,-0.5997818485328981,-1.0026771053602388,26,horsegram,heavy soil 
15731,0.04661745700446615,1.4177413322789671,-1.1127094486959972,1.114202454544477,-0.9597134365709921,-0.11995578343886643,0.655656066630838,-0.24509319357703513,-0.5658879801410008,-1.2211741329443568,-1.0722185080507631,-0.944370034915132,26,horsegram,heavy soil 
15733,0.04661745700446615,1.4177413322789671,1.4291229942969927,1.114202454544477,-0.49808561796467227,-0.1256246459785371,0.1950175020905025,-0.24509319357703513,-0.41041667796254416,-0.960946624302242,-0.926404724248953,-0.8386884697333759,26,horsegram,heavy soil 
15735,0.04661745700446615,1.4177413322789671,1.9374894828955906,1.114202454544477,0.5790459587834081,-0.15018971698377684,1.7475400714671872,-0.24509319357703513,0.1855566470548726,-0.7835187775007999,-1.5913155783852078,-1.2395495790434854,26,horsegram,heavy soil 
15737,0.04661745700446615,1.4177413322789671,-1.1127094486959972,1.114202454544477,-0.036457799358352465,-0.14263123359754937,2.549392387518882,-0.24509319357703513,-0.004463833385463468,-0.7302904234603671,-0.9030745188406631,-0.7074975612318853,26,horsegram,heavy soil 
15739,0.04661745700446615,1.4177413322789671,1.4291229942969927,1.114202454544477,0.27129407971252784,-0.11050767920608189,1.832843509345027,-0.24509319357703513,-0.5227015073136517,-1.0112178475626503,-1.11304636751527,-0.9261490754010362,26,horsegram,heavy soil 
15741,0.04661745700446615,1.4177413322789671,1.9374894828955906,1.114202454544477,-0.9597134365709921,-0.1407416127509923,0.48504919087515835,-0.24509319357703513,-0.30245049589417156,-1.1738600404639723,-1.0605534053466183,-0.9370816511094937,26,horsegram,heavy soil 
15745,0.04661745700446615,1.4177413322789671,1.4291229942969927,1.114202454544477,0.4251700192479687,-0.1653066837562323,1.0480518808689006,-0.24509319357703513,-0.8379627589533,-0.8751898316815447,-0.9089070701927356,-1.1229354381532717,26,horsegram,heavy soil 
15749,0.04661745700446615,1.4177413322789671,-1.1127094486959972,1.114202454544477,0.27129407971252784,-0.08405298735428508,1.1504160063223086,-0.24509319357703513,-0.2894945540459669,-0.8219614776411123,-0.7164328755743462,-1.188530892404017,26,horsegram,heavy soil 
15751,0.04661745700446615,1.4177413322789671,1.4291229942969927,1.114202454544477,-0.49808561796467227,-0.11428692089919576,0.09265337663709511,-0.24509319357703513,-0.4536031507898932,-0.6356622384995981,-1.2705252540212253,-1.1083586705419952,26,horsegram,heavy soil 
15753,0.04661745700446615,1.4177413322789671,1.9374894828955906,1.114202454544477,1.3484256564606083,-0.09539071243362668,0.6897774417819738,-0.24509319357703513,-0.5399760964445913,-1.0821889862832272,-0.9030745188406631,-0.7913139749967266,26,horsegram,heavy soil 
15755,0.04661745700446615,1.4177413322789671,-1.1127094486959972,1.114202454544477,1.1945497169251689,-0.09350109158706961,1.3210228820779881,-0.24509319357703513,-0.4363285616589536,-0.7509903389205355,-1.183036983740139,-1.1848867005011978,26,horsegram,heavy soil 
15757,0.04661745700446615,1.4177413322789671,1.4291229942969927,1.114202454544477,-0.036457799358352465,-0.1086180583595251,1.7816614466183236,-0.24509319357703513,0.20714988346854712,-1.0910603786232993,-0.838916453967867,-1.3197218009055074,26,horsegram,heavy soil 
15759,0.04661745700446615,1.4177413322789671,1.9374894828955906,1.114202454544477,1.0406737773897279,-0.09539071243362668,1.6451759460137791,-0.24509319357703513,0.1596447633584634,-1.1502029942237801,-0.7864234917992149,-1.2978566494885924,26,horsegram,heavy soil 
15767,0.04661745700446615,1.4177413322789671,-1.1127094486959972,1.114202454544477,1.1945497169251689,-0.1388519919044355,0.928627067839925,-0.24509319357703513,-0.9070611154770581,-0.6445336308396702,-1.0547208539945458,-1.0136096810686963,26,horsegram,heavy soil 
15769,0.04661745700446615,1.4177413322789671,1.4291229942969927,1.114202454544477,0.8867978378542885,-0.09539071243362668,2.0716931354029784,-0.24509319357703513,0.23738041444769156,-1.138374471103684,-1.043055751290401,-0.9953887215546006,26,horsegram,heavy soil 
15771,0.04661745700446615,1.4177413322789671,1.9374894828955906,1.114202454544477,-0.036457799358352465,-0.1577482003700046,0.8092022548109493,-0.24509319357703513,-0.8379627589533,-0.9343324472820255,-0.5297912323080289,-0.802246550705184,26,horsegram,heavy soil 
15773,0.04661745700446615,1.4177413322789671,-1.1127094486959972,1.114202454544477,-0.036457799358352465,-0.10294919581985415,1.6963580087404837,-0.24509319357703513,-0.6954473986230479,-0.9993893244425543,-1.6029806810893525,-1.2176844276265704,26,horsegram,heavy soil 
15775,0.04661745700446615,1.4177413322789671,1.4291229942969927,1.114202454544477,0.5790459587834081,-0.1256246459785371,1.082173256020037,-0.24509319357703513,0.15532611607572813,-0.79830443140092,-0.6639399134056946,-0.6929207936206087,26,horsegram,heavy soil 
15777,0.04661745700446615,1.4177413322789671,1.9374894828955906,1.114202454544477,-0.8058374970355525,-0.09539071243362668,1.611054570862644,-0.24509319357703513,-0.4665590926380981,-0.6741049386399105,-1.1305440215714873,-0.8241117021220992,26,horsegram,heavy soil 
15779,0.04661745700446615,1.4177413322789671,-1.1127094486959972,1.114202454544477,0.11741814017708838,-0.1407416127509923,2.464088949641042,-0.24509319357703513,-0.8034135806914205,-0.9698180166423139,-0.9614000323613874,-0.762160439774173,26,horsegram,heavy soil 
15781,0.04661745700446615,1.4177413322789671,1.4291229942969927,1.114202454544477,0.4251700192479687,-0.16719630460278911,1.2357194442001485,-0.24509319357703513,0.2503363562958962,-1.0319177630228187,-1.2005346377963562,-0.9261490754010362,26,horsegram,heavy soil 
15793,0.04661745700446615,1.4177413322789671,1.4291229942969927,1.114202454544477,0.11741814017708838,-0.13507275021132165,2.3105427614609293,-0.24509319357703513,-0.21607755023947342,-1.0555748092630108,-1.626310886497642,-0.9953887215546006,26,horsegram,heavy soil 
15795,0.04661745700446615,1.4177413322789671,1.9374894828955906,1.114202454544477,-0.9597134365709921,-0.08594260820084215,1.3892656323802597,-0.24509319357703513,-0.10379272088836615,-0.6829763309799826,-0.868079210728229,-0.7840255911910882,26,horsegram,heavy soil 
15797,0.04661745700446615,1.4177413322789671,-1.1127094486959972,1.114202454544477,0.8867978378542885,-0.16719630460278911,0.26326025239277473,-0.24509319357703513,0.24169906173042624,-1.1502029942237801,-1.626310886497642,-1.0536957919997074,26,horsegram,heavy soil 
15799,0.04661745700446615,1.4177413322789671,1.4291229942969927,1.114202454544477,0.7329218983188477,-0.14830009613722003,1.9181469472228667,-0.24509319357703513,-0.8941051736288536,-0.6741049386399105,-1.6379759892017869,-1.1338680138617294,26,horsegram,heavy soil 
15801,0.04661745700446615,1.4177413322789671,1.9374894828955906,1.114202454544477,1.1945497169251689,-0.11239730005263869,0.1097140642126627,-0.24509319357703513,0.37557712749520866,-0.7628188620406315,-0.5239586809559564,-1.2869240737801348,26,horsegram,heavy soil 
15803,0.04661745700446615,1.4177413322789671,-1.1127094486959972,1.114202454544477,0.5790459587834081,-0.1577482003700046,1.6451759460137791,-0.24509319357703513,-0.2851759067632323,-1.1827314328040446,-0.9847302377696769,-1.0755609434166225,26,horsegram,heavy soil 
15805,0.04661745700446615,1.4177413322789671,1.4291229942969927,1.114202454544477,-0.8058374970355525,-0.1653066837562323,2.344664136612066,-0.24509319357703513,0.12941423237931896,-0.9964321936625302,-1.1188789188673425,-1.2322611952378473,26,horsegram,heavy soil 
15807,0.04661745700446615,1.4177413322789671,1.9374894828955906,1.114202454544477,1.1945497169251689,-0.12184540428542323,0.604474003904134,-0.24509319357703513,-0.11674866273657075,-1.1502029942237801,-0.6464422593494771,-0.6674114503008746,26,horsegram,heavy soil 
15809,0.04661745700446615,1.4177413322789671,-1.1127094486959972,1.114202454544477,0.5790459587834081,-0.14263123359754937,2.0205110726762747,-0.24509319357703513,-0.6133931002510848,-0.6800192001999587,-0.4772982701393773,-0.6929207936206087,26,horsegram,heavy soil 
15811,0.04661745700446615,1.4177413322789671,1.4291229942969927,1.114202454544477,1.0406737773897279,-0.08594260820084215,2.1058145105541146,-0.24509319357703513,0.1596447633584634,-0.7421189465804632,-1.4571668972875422,-0.6455462988839594,26,horsegram,heavy soil 
15813,0.04661745700446615,1.4177413322789671,1.9374894828955906,1.114202454544477,-0.3442096784292314,-0.13507275021132165,0.8262629423865175,-0.24509319357703513,-0.8206881698223601,-1.2034313482642127,-1.5038273081041216,-1.0208980648743347,26,horsegram,heavy soil 
15817,0.04661745700446615,1.4177413322789671,1.4291229942969927,1.114202454544477,-0.8058374970355525,-0.14452085444410617,1.2357194442001485,-0.24509319357703513,0.18123799977213792,-0.9668608858622899,-1.1597067783318493,-1.046407408194069,26,horsegram,heavy soil 
15819,0.04661745700446615,1.4177413322789671,1.9374894828955906,1.114202454544477,-0.49808561796467227,-0.1407416127509923,1.2357194442001485,-0.24509319357703513,-0.1253859573020407,-0.7776045159407518,-0.9089070701927356,-1.0099654891658774,26,horsegram,heavy soil 
15821,0.04661745700446615,1.4177413322789671,-1.1127094486959972,1.114202454544477,0.8867978378542885,-0.12940388767165098,2.13993588570525,-0.24509319357703513,-0.6479422785129639,-1.0112178475626503,-1.5213249621603386,-0.8714861968587484,26,horsegram,heavy soil 
15825,0.04661745700446615,1.4177413322789671,1.9374894828955906,1.114202454544477,-0.8058374970355525,-0.09916995412674055,1.7134186963160507,-0.24509319357703513,0.030085344876416262,-1.1354173403236598,-1.1013812648111252,-1.0937819029307183,26,horsegram,heavy soil 
15831,0.04661745700446615,1.4177413322789671,1.9374894828955906,1.114202454544477,-0.9597134365709921,-0.15396895867689073,2.549392387518882,-0.24509319357703513,0.3410279492333289,-1.1768171712439963,-1.3755111783585285,-1.2650589223632198,26,horsegram,heavy soil 
15833,0.04661745700446615,1.4177413322789671,-1.1127094486959972,1.114202454544477,0.11741814017708838,-0.08216336650772828,0.8092022548109493,-0.24509319357703513,0.23738041444769156,-0.6445336308396702,-1.3405158702460942,-1.0354748324856116,26,horsegram,heavy soil 
15835,0.04661745700446615,1.4177413322789671,1.4291229942969927,1.114202454544477,-0.19033373889379193,-0.11239730005263869,0.46798850329959013,-0.24509319357703513,-0.8681932899324442,-1.058531940043035,-0.8739117620803011,-1.1593773571814636,26,horsegram,heavy soil 
15837,0.04661745700446615,1.4177413322789671,1.9374894828955906,1.114202454544477,0.7329218983188477,-0.15585857952344778,1.2015980690490127,-0.24509319357703513,-0.47087773992083304,-1.0821889862832272,-1.2938554594295149,-1.1120028624448142,26,horsegram,heavy soil 
15839,0.04661745700446615,1.4177413322789671,-1.1127094486959972,1.114202454544477,-0.3442096784292314,-0.17286516714245978,0.979809130566629,-0.24509319357703513,-0.6090744529683498,-1.0378320245828667,-1.171371881035994,-1.268703114266039,26,horsegram,heavy soil 
15841,0.04661745700446615,1.4177413322789671,1.4291229942969927,1.114202454544477,-0.6519615575001118,-0.17286516714245978,2.4299675744899054,-0.24509319357703513,-0.5658879801410008,-1.1117602940834674,-0.9963953404738217,-1.3087892251970499,26,horsegram,heavy soil 
15843,0.04661745700446615,1.4177413322789671,1.9374894828955906,1.114202454544477,-0.19033373889379193,-0.11806616259230963,1.3722049448046916,-0.24509319357703513,-0.0735621899092217,-0.8544899162213766,-1.5213249621603386,-0.9589468025264087,26,horsegram,heavy soil 
15845,0.04661745700446615,1.4177413322789671,-1.1127094486959972,1.114202454544477,-0.036457799358352465,-0.16719630460278911,1.2869015069268517,-0.24509319357703513,0.21578717803401704,-0.9313753165020016,-1.5563202702727732,-1.3087892251970499,26,horsegram,heavy soil 
15847,0.04661745700446615,1.4177413322789671,1.4291229942969927,1.114202454544477,0.8867978378542885,-0.10294919581985415,0.3485636902706145,-0.24509319357703513,0.18987529433760725,-1.2211741329443568,-1.124711470219415,-0.6856324098149705,26,horsegram,heavy soil 
15849,0.04661745700446615,1.4177413322789671,1.9374894828955906,1.114202454544477,0.5790459587834081,-0.12184540428542323,0.6215346914797015,-0.24509319357703513,0.37557712749520866,-0.6622764155198144,-0.6056143998849705,-1.0792051353194416,26,horsegram,heavy soil 
15851,0.04661745700446615,1.4177413322789671,-1.1127094486959972,1.114202454544477,0.27129407971252784,-0.13507275021132165,1.4233870075313961,-0.24509319357703513,-0.8379627589533,-1.1620315173438762,-0.9730651350655322,-0.9079281158869403,26,horsegram,heavy soil 
15853,0.04661745700446615,1.4177413322789671,1.4291229942969927,1.114202454544477,-0.3442096784292314,-0.09539071243362668,1.9522683223740032,-0.24509319357703513,-0.41041667796254416,-0.6859334617600066,-1.567985372976918,-0.7913139749967266,26,horsegram,heavy soil 
15857,0.04661745700446615,1.4177413322789671,-1.1127094486959972,1.114202454544477,0.4251700192479687,-0.16908592544934592,0.21207818966607073,-0.24509319357703513,-0.5658879801410008,-0.7509903389205355,-1.1480416756277045,-1.0536957919997074,26,horsegram,heavy soil 
15859,0.04661745700446615,1.4177413322789671,1.4291229942969927,1.114202454544477,-0.8058374970355525,-0.08216336650772828,2.0205110726762747,-0.24509319357703513,-0.13834189915024528,-0.7539474697005595,-1.1072138161631977,-1.0792051353194416,26,horsegram,heavy soil 
15861,0.04661745700446615,1.4177413322789671,1.9374894828955906,1.114202454544477,0.4251700192479687,-0.10105957497329736,0.877445005113221,-0.24509319357703513,-0.6781728094921083,-1.1117602940834674,-0.7280979782784908,-1.0755609434166225,26,horsegram,heavy soil 
15863,0.04661745700446615,1.4177413322789671,-1.1127094486959972,1.114202454544477,1.3484256564606083,-0.1369623710578787,1.3210228820779881,-0.24509319357703513,-0.8379627589533,-0.6563621539597663,-0.6464422593494771,-0.6127485717585869,26,horsegram,heavy soil 
15865,0.04661745700446615,1.4177413322789671,1.4291229942969927,1.114202454544477,-0.6519615575001118,-0.11050767920608189,1.6963580087404837,-0.24509319357703513,-0.2981318486114369,-0.8219614776411123,-0.9322372756010252,-1.2504821547519431,26,horsegram,heavy soil 
15867,0.04661745700446615,1.4177413322789671,1.9374894828955906,1.114202454544477,1.1945497169251689,-0.14641047529066326,0.8603843175376533,-0.24509319357703513,0.017129403028211056,-1.0053035860026025,-0.8214187999116495,-1.2869240737801348,26,horsegram,heavy soil 
15869,0.04661745700446615,1.4177413322789671,-1.1127094486959972,1.114202454544477,-0.9597134365709921,-0.1086180583595251,2.0205110726762747,-0.24509319357703513,-0.8379627589533,-0.709590508000199,-0.8214187999116495,-1.2249728114322087,26,horsegram,heavy soil 
15875,0.04661745700446615,1.4177413322789671,-1.1127094486959972,1.114202454544477,0.27129407971252784,-0.09161147074051282,0.17795681451493492,-0.24509319357703513,-0.24198943393588324,-0.709590508000199,-1.3113531134857321,-1.228617003335028,26,horsegram,heavy soil 
15877,0.04661745700446615,1.4177413322789671,1.4291229942969927,1.114202454544477,-0.19033373889379193,-0.13129350851820776,2.156996573280818,-0.24509319357703513,-0.5356574491618566,-1.1354173403236598,-0.8855768647844461,-0.6746998341065128,26,horsegram,heavy soil 
15879,0.04661745700446615,1.4177413322789671,1.9374894828955906,1.114202454544477,-0.49808561796467227,-0.12751426682509417,1.8157828217694587,-0.24509319357703513,-0.8897865263461187,-1.0762747247231792,-1.1655393296839218,-1.0500516000968882,26,horsegram,heavy soil 
15883,0.04661745700446615,1.4177413322789671,1.4291229942969927,1.114202454544477,1.0406737773897279,-0.16908592544934592,2.0205110726762747,-0.24509319357703513,0.31511606553691973,-0.6829763309799826,-1.0488883026424736,-1.0609841758053458,26,horsegram,heavy soil 
15887,0.04661745700446615,1.4177413322789671,-1.1127094486959972,1.114202454544477,0.8867978378542885,-0.10105957497329736,0.09265337663709511,-0.24509319357703513,-0.280857259480497,-1.1295030787636118,-0.9439023783051701,-0.6309695312726828,26,horsegram,heavy soil 
15889,0.04661745700446615,1.4177413322789671,1.4291229942969927,1.114202454544477,-0.49808561796467227,-0.16908592544934592,1.2869015069268517,-0.24509319357703513,0.18987529433760725,-1.1502029942237801,-1.3463484215981665,-0.7658046316769923,26,horsegram,heavy soil 
15893,0.04661745700446615,1.4177413322789671,-1.1127094486959972,1.114202454544477,-0.036457799358352465,-0.14263123359754937,1.5428118205603711,-0.24509319357703513,-0.36291155785246043,-0.6474907616196942,-0.868079210728229,-1.0391190243884307,26,horsegram,heavy soil 
15895,0.04661745700446615,1.4177413322789671,1.4291229942969927,1.114202454544477,0.5790459587834081,-0.12184540428542323,1.5428118205603711,-0.24509319357703513,0.1855566470548726,-0.978689408982386,-1.4629994486396145,-0.8860629644700253,26,horsegram,heavy soil 
15897,0.04661745700446615,1.4177413322789671,1.9374894828955906,1.114202454544477,0.7329218983188477,-0.17286516714245978,2.208178636007523,-0.24509319357703513,-0.5011082708999772,-0.6445336308396702,-1.4863296540479043,-0.6346137231755018,26,horsegram,heavy soil 
15901,0.04661745700446615,1.4177413322789671,1.4291229942969927,1.114202454544477,-0.49808561796467227,-0.14830009613722003,1.3380835696535565,-0.24509319357703513,-0.8984238209115886,-0.6652335462998384,-0.7805909404471428,-0.8496210454418335,26,horsegram,heavy soil 
15903,0.04661745700446615,1.4177413322789671,1.9374894828955906,1.114202454544477,0.27129407971252784,-0.14830009613722003,1.730479383891619,-0.24509319357703513,-0.26358267034955774,-0.8663184393414728,-0.7980885945033599,-1.126579630056091,26,horsegram,heavy soil 
15905,0.04661745700446615,1.4177413322789671,-1.1127094486959972,1.114202454544477,0.27129407971252784,-0.16908592544934592,0.6897774417819738,-0.24509319357703513,-0.2765386121977623,-1.0910603786232993,-1.6088132324414248,-1.0026771053602388,26,horsegram,heavy soil 
15909,0.04661745700446615,1.4177413322789671,1.9374894828955906,1.114202454544477,-0.3442096784292314,-0.16152744206311845,2.3105427614609293,-0.24509319357703513,-0.5572506855755311,-1.1265459479835878,-1.3346833188940217,-1.0136096810686963,26,horsegram,heavy soil 
15911,0.04661745700446615,1.4177413322789671,-1.1127094486959972,1.114202454544477,1.3484256564606083,-0.17475478798901686,2.0887538229785463,-0.24509319357703513,-0.7645457551468064,-0.8811040932415929,-1.2471950486129355,-1.0354748324856116,26,horsegram,heavy soil 
15913,0.04661745700446615,1.4177413322789671,1.4291229942969927,1.114202454544477,0.27129407971252784,-0.13507275021132165,1.832843509345027,-0.24509319357703513,-0.34563696872152055,-1.067403332383107,-1.0313906485862563,-0.8350442778305566,26,horsegram,heavy soil 
15915,0.04661745700446615,1.4177413322789671,1.9374894828955906,1.114202454544477,0.11741814017708838,-0.1407416127509923,0.9627484429910608,-0.24509319357703513,-0.39314208883160456,-0.6327051077195741,-1.4046739351188906,-0.9589468025264087,26,horsegram,heavy soil 
15917,0.04661745700446615,1.4177413322789671,-1.1127094486959972,1.114202454544477,0.7329218983188477,-0.1237350251319803,2.208178636007523,-0.24509319357703513,-0.4579217980726282,-0.9727751474223381,-1.5854830270331353,-1.1958192762096556,26,horsegram,heavy soil 
15919,0.04661745700446615,1.4177413322789671,1.4291229942969927,1.114202454544477,0.7329218983188477,-0.1388519919044355,1.4404476951069645,-0.24509319357703513,-0.19880296110853418,-0.7716902543807036,-0.926404724248953,-1.2759914980716773,26,horsegram,heavy soil 
15921,0.04661745700446615,1.4177413322789671,1.9374894828955906,1.114202454544477,0.27129407971252784,-0.10294919581985415,0.604474003904134,-0.24509319357703513,0.30216012368871514,-1.1768171712439963,-1.0547208539945458,-0.9698793782348663,26,horsegram,heavy soil 
15923,0.04661745700446615,1.4177413322789671,-1.1127094486959972,1.114202454544477,-0.8058374970355525,-0.09350109158706961,1.2357194442001485,-0.24509319357703513,-0.09083677904016156,-0.9905179321024823,-1.6379759892017869,-0.9990329134574197,26,horsegram,heavy soil 
15925,0.04661745700446615,1.4177413322789671,1.4291229942969927,1.114202454544477,-0.8058374970355525,-0.11428692089919576,0.21207818966607073,-0.24509319357703513,0.2201058253167517,-1.0112178475626503,-0.7805909404471428,-1.0354748324856116,26,horsegram,heavy soil 
15929,0.04661745700446615,1.4177413322789671,-1.1127094486959972,1.114202454544477,-0.49808561796467227,-0.13129350851820776,1.3551442572291246,-0.24509319357703513,-0.4622404453553631,-1.2063884790442367,-1.3463484215981665,-1.0609841758053458,26,horsegram,heavy soil 
15931,0.04661745700446615,1.4177413322789671,1.4291229942969927,1.114202454544477,-0.6519615575001118,-0.16719630460278911,0.1097140642126627,-0.24509319357703513,-0.02605706979913799,-0.8042186929609679,-1.3755111783585285,-1.0573399839025266,26,horsegram,heavy soil 
15933,0.04661745700446615,1.4177413322789671,1.9374894828955906,1.114202454544477,-0.3442096784292314,-0.17286516714245978,1.8840255720717305,-0.24509319357703513,0.05599722857282544,-0.6474907616196942,-1.043055751290401,-0.7475836721628963,26,horsegram,heavy soil 
15935,0.04661745700446615,1.4177413322789671,-1.1127094486959972,1.114202454544477,0.5790459587834081,-0.1388519919044355,0.09265337663709511,-0.24509319357703513,0.3669398329297387,-0.8337900007612083,-0.6347771566453325,-0.9407258430123129,26,horsegram,heavy soil 
15939,0.04661745700446615,1.4177413322789671,1.9374894828955906,1.114202454544477,-0.8058374970355525,-0.08972184989395601,1.9010862596472986,-0.24509319357703513,-0.7731830497122764,-0.6800192001999587,-0.7164328755743462,-1.2905682656829538,26,horsegram,heavy soil 
15941,0.04661745700446615,1.4177413322789671,-1.1127094486959972,1.114202454544477,1.1945497169251689,-0.1388519919044355,0.5874133163285657,-0.24509319357703513,0.2503363562958962,-1.0910603786232993,-0.7747583890950703,-1.1703099328899211,26,horsegram,heavy soil 
15949,0.04661745700446615,1.4177413322789671,1.4291229942969927,1.114202454544477,0.27129407971252784,-0.13318312936476484,1.7816614466183236,-0.24509319357703513,0.030085344876416262,-0.887018354801641,-0.49479592419559437,-0.6929207936206087,26,horsegram,heavy soil 
15955,0.04661745700446615,1.4177413322789671,1.4291229942969927,1.114202454544477,1.1945497169251689,-0.11806616259230963,1.9522683223740032,-0.24509319357703513,-0.7170406350367224,-1.067403332383107,-0.8097536972075049,-1.1557331652786444,26,horsegram,heavy soil 
15957,0.04661745700446615,1.4177413322789671,1.9374894828955906,1.114202454544477,-0.6519615575001118,-0.16908592544934592,0.3997457529973185,-0.24509319357703513,0.1466888215102582,-0.9018040087017613,-1.0722185080507631,-1.1338680138617294,26,horsegram,heavy soil 
15959,0.04661745700446615,1.4177413322789671,-1.1127094486959972,1.114202454544477,-0.19033373889379193,-0.170975546295903,2.4129068869143375,-0.24509319357703513,-0.22471484480494336,-1.0348748938028427,-1.5621528216248457,-1.0391190243884307,26,horsegram,heavy soil 
15961,0.04661745700446615,1.4177413322789671,1.4291229942969927,1.114202454544477,0.11741814017708838,-0.10483881666641122,0.55329194117743,-0.24509319357703513,-0.4751963872035677,-0.978689408982386,-1.4455017945833974,-1.1703099328899211,26,horsegram,heavy soil 
15963,0.04661745700446615,1.4177413322789671,1.9374894828955906,1.114202454544477,0.5790459587834081,-0.16908592544934592,2.4470282620654737,-0.24509319357703513,0.28488553455777527,-1.0348748938028427,-0.9089070701927356,-1.1411563976673678,26,horsegram,heavy soil 
15965,0.04661745700446615,1.4177413322789671,-1.1127094486959972,1.114202454544477,0.8867978378542885,-0.11806616259230963,2.481149637216609,-0.24509319357703513,-0.6263490420992894,-0.9136325318218573,-0.7747583890950703,-1.2869240737801348,26,horsegram,heavy soil 
15967,0.04661745700446615,1.4177413322789671,1.4291229942969927,1.114202454544477,0.8867978378542885,-0.11806616259230963,1.6451759460137791,-0.24509319357703513,-0.4060980306798095,-0.6918477233200547,-0.5881167458287531,-0.8714861968587484,26,horsegram,heavy soil 
15969,0.04661745700446615,1.4177413322789671,1.9374894828955906,1.114202454544477,0.4251700192479687,-0.11617654174575257,1.2015980690490127,-0.24509319357703513,-0.328362379590581,-0.9372895780620495,-0.9788976864176047,-0.9297932673038553,26,horsegram,heavy soil 
15971,0.04661745700446615,1.4177413322789671,-1.1127094486959972,1.114202454544477,0.8867978378542885,-0.11806616259230963,1.628115258438211,-0.24509319357703513,-0.2981318486114369,-0.8367471315412324,-1.2705252540212253,-0.7439394802600772,26,horsegram,heavy soil 
15973,0.04661745700446615,1.4177413322789671,1.4291229942969927,1.114202454544477,0.7329218983188477,-0.11428692089919576,0.604474003904134,-0.24509319357703513,-0.7170406350367224,-1.1738600404639723,-0.5414563350121739,-1.2395495790434854,26,horsegram,heavy soil 
15975,0.04661745700446615,1.4177413322789671,1.9374894828955906,1.114202454544477,1.1945497169251689,-0.17475478798901686,0.28032093996834234,-0.24509319357703513,-0.44928450350715854,-1.1916028251441166,-0.6347771566453325,-1.0937819029307183,26,horsegram,heavy soil 
15977,0.04661745700446615,1.4177413322789671,-1.1127094486959972,1.114202454544477,-0.8058374970355525,-0.1653066837562323,0.26326025239277473,-0.24509319357703513,-0.00014518610272819458,-1.2034313482642127,-1.2471950486129355,-0.6710556422036936,26,horsegram,heavy soil 
15979,0.04661745700446615,1.4177413322789671,1.4291229942969927,1.114202454544477,0.4251700192479687,-0.1369623710578787,1.9181469472228667,-0.24509319357703513,-0.30245049589417156,-0.8751898316815447,-0.8797443134323736,-1.0281864486799732,26,horsegram,heavy soil 
15981,0.04661745700446615,1.4177413322789671,1.9374894828955906,1.114202454544477,-0.49808561796467227,-0.1577482003700046,0.8092022548109493,-0.24509319357703513,-0.16425378284665446,-0.8308328699811842,-1.4921622053999766,-1.0792051353194416,26,horsegram,heavy soil 
15985,0.04661745700446615,1.4177413322789671,1.4291229942969927,1.114202454544477,-0.19033373889379193,-0.14452085444410617,1.6451759460137791,-0.24509319357703513,-0.44064720894168863,-0.7894330390608478,-1.5563202702727732,-0.7803813992882689,26,horsegram,heavy soil 
15989,0.04661745700446615,1.4177413322789671,-1.1127094486959972,1.114202454544477,-0.8058374970355525,-0.1653066837562323,0.9627484429910608,-0.24509319357703513,-0.08651813175742629,-0.6800192001999587,-1.0197255458821115,-0.7475836721628963,26,horsegram,heavy soil 
15991,0.04661745700446615,1.4177413322789671,1.4291229942969927,1.114202454544477,-0.9597134365709921,-0.1369623710578787,0.17795681451493492,-0.24509319357703513,-0.9027424681943236,-0.9727751474223381,-1.3171856648378044,-1.126579630056091,26,horsegram,heavy soil 
15993,0.04661745700446615,1.4177413322789671,1.9374894828955906,1.114202454544477,0.11741814017708838,-0.16908592544934592,0.05853200148595931,-0.24509319357703513,-0.06492489534375176,-0.7036762464401508,-1.28219035672537,-0.6746998341065128,26,horsegram,heavy soil 
15997,0.04661745700446615,1.4177413322789671,1.4291229942969927,1.114202454544477,-0.6519615575001118,-0.1596378212165614,2.0887538229785463,-0.24509319357703513,0.2201058253167517,-0.7569046004805834,-1.4513343459354697,-1.1375122057645486,26,horsegram,heavy soil 
19003,0.7155148891642061,0.17449124089587287,-0.6043429600973992,1.114202454544477,-0.036457799358352465,-0.4430809482000975,-0.2656210624498323,-1.1819022728302242,0.889496154140662,-0.9106754010418333,-0.6114469512370426,-0.8641978130531102,47,sunflower,salty clay Loamy soil
19007,0.7155148891642061,0.17449124089587287,-0.6043429600973992,1.114202454544477,1.5023015959960477,-0.36371687264470765,-0.5044706885077835,-1.326717576872958,0.9456385688162156,-0.07676452107505546,-1.381343729710601,-0.9261490754010362,47,sunflower,salty clay Loamy soil
19011,0.7155148891642061,0.17449124089587287,-0.6043429600973992,1.114202454544477,1.0406737773897279,-0.3674961143378212,-0.7945023772924388,-1.1788151248758247,0.9370012742507463,-0.4789343071583244,-1.0780510594028356,-1.2431937709463048,47,sunflower,salty clay Loamy soil
19015,0.7155148891642061,0.17449124089587287,-0.6043429600973992,1.114202454544477,0.11741814017708838,-0.34482066417913854,-0.1632569369964243,-1.334856421480011,1.010418278057239,-0.7509903389205355,-1.153874226979777,-1.3197218009055074,47,sunflower,salty clay Loamy soil
19019,0.7155148891642061,0.17449124089587287,-0.6043429600973992,1.114202454544477,1.5023015959960477,-0.3996196687292887,-0.6068348139611915,-1.2329805389848318,0.4446754840189669,-1.0733175939431552,-1.4804971026958318,-1.1593773571814636,47,sunflower,salty clay Loamy soil
19027,0.7155148891642061,0.17449124089587287,-0.6043429600973992,1.114202454544477,0.7329218983188477,-0.35993763095159376,0.041471313910391105,-1.332330573153684,0.6476519063075076,-1.1856885635840684,-1.5038273081041216,-0.9407258430123129,47,sunflower,salty clay Loamy soil
19039,0.7155148891642061,0.17449124089587287,-0.6043429600973992,1.114202454544477,1.0406737773897279,-0.3920611853430612,-0.6750775642634631,-1.3180174326378324,0.49218060412905057,-0.6060909306993578,-0.815586248559577,-1.1375122057645486,47,sunflower,salty clay Loamy soil
19043,0.7155148891642061,0.17449124089587287,-0.6043429600973992,1.114202454544477,2.1178053541378086,-0.35993763095159376,-0.5897741263856233,-1.1619761360336465,1.00178098349177,-0.8397042623212565,-1.0780510594028356,-1.1848867005011978,47,sunflower,salty clay Loamy soil
19047,0.7155148891642061,0.17449124089587287,-0.6043429600973992,1.114202454544477,0.11741814017708838,-0.35237914756536604,-0.7262596269901671,-1.350572811066044,1.1486149911047563,-0.2453209755364255,-0.9905627891217494,-1.1848867005011978,47,sunflower,salty clay Loamy soil
19051,0.7155148891642061,0.17449124089587287,-0.6043429600973992,1.114202454544477,0.4251700192479687,-0.4449705690466546,-0.6580168766878955,-1.247013029686647,1.1270217546910817,-0.7036762464401508,-1.0488883026424736,-1.0354748324856116,47,sunflower,salty clay Loamy soil
19055,0.7155148891642061,0.17449124089587287,-0.6043429600973992,1.114202454544477,1.8100534750669282,-0.41662625634830097,-0.18031762457199252,-1.4945461656666688,0.6390146117420376,-0.6120051922594058,-1.5563202702727732,-1.2031076600152937,47,sunflower,salty clay Loamy soil
19063,0.7155148891642061,0.17449124089587287,-0.6043429600973992,1.114202454544477,0.8867978378542885,-0.2805735553962036,-0.2826817500253999,-1.4763039277543089,1.079516634580998,-0.3813489914175309,-1.2938554594295149,-1.2796356899744965,47,sunflower,salty clay Loamy soil
19071,0.7155148891642061,0.17449124089587287,-0.6043429600973992,1.114202454544477,1.6561775355314885,-0.3901715644965042,-0.5556527512344875,-1.1653439338020821,0.41012630575708775,-1.0969746401833473,-1.1655393296839218,-0.8787745806643869,47,sunflower,salty clay Loamy soil
19075,0.7155148891642061,0.17449124089587287,-0.6043429600973992,1.114202454544477,0.7329218983188477,-0.3202555931738985,-0.1973783121475601,-1.1906024170653495,0.5569603133700741,-0.5025913533985166,-0.5181261296038844,-0.6856324098149705,47,sunflower,salty clay Loamy soil
19079,0.7155148891642061,0.17449124089587287,-0.6043429600973992,1.114202454544477,0.27129407971252784,-0.42040549804141486,-0.4362279382055119,-1.1238077613247088,0.721068910114001,-0.5232912688586847,-1.043055751290401,-1.0792051353194416,47,sunflower,salty clay Loamy soil
19087,0.7155148891642061,0.17449124089587287,-0.6043429600973992,1.114202454544477,0.7329218983188477,-0.35048952671880923,-0.8115630648680069,-1.2798490579288948,1.010418278057239,-0.6563621539597663,-0.926404724248953,-0.8860629644700253,47,sunflower,salty clay Loamy soil
19095,0.7155148891642061,0.17449124089587287,-0.6043429600973992,1.114202454544477,-0.036457799358352465,-0.31836597232734176,-0.6409561891123273,-1.4187707158768663,1.0838352818637327,-0.5735624921190934,-0.6172795025891151,-0.6601230664952361,47,sunflower,salty clay Loamy soil
19099,0.7155148891642061,0.17449124089587287,-0.6043429600973992,1.114202454544477,0.11741814017708838,-0.34671028502569534,-0.2144389997231283,-1.3466437136695357,0.9067707432716018,-0.9934750628825062,-1.2938554594295149,-0.7949581668995458,47,sunflower,salty clay Loamy soil
19103,0.7155148891642061,0.17449124089587287,-0.6043429600973992,1.114202454544477,2.1178053541378086,-0.3429310433325815,-0.45328862578107953,-1.1333498550019432,0.6217400226110977,-0.280806544896714,-0.6931026701660566,-0.6564788745924169,47,sunflower,salty clay Loamy soil
19107,0.7155148891642061,0.17449124089587287,-0.6043429600973992,1.114202454544477,0.4251700192479687,-0.30135938470832946,-0.45328862578107953,-1.442625950069952,0.479224662280846,-0.795347300620896,-0.6522748107015496,-1.2067518519181129,47,sunflower,salty clay Loamy soil
19111,0.7155148891642061,0.17449124089587287,-0.6043429600973992,1.114202454544477,-0.036457799358352465,-0.2767943137030897,-0.6068348139611915,-1.2077220557215642,0.9499572160989509,-0.36952046829743507,-1.4804971026958318,-1.04276321629125,47,sunflower,salty clay Loamy soil
19115,0.7155148891642061,0.17449124089587287,-0.6043429600973992,1.114202454544477,0.4251700192479687,-0.3259244557135695,-0.40210656305437614,-1.4951074652947414,0.565597607935544,-0.5735624921190934,-0.8097536972075049,-0.8678420049559294,47,sunflower,salty clay Loamy soil
19119,0.7155148891642061,0.17449124089587287,-0.6043429600973992,1.114202454544477,1.6561775355314885,-0.3882819436499474,-0.3850458754788079,-1.2254029940058515,0.40148901119161784,-0.715504769560247,-1.5271575135124111,-1.1703099328899211,47,sunflower,salty clay Loamy soil
19127,0.7155148891642061,0.17449124089587287,-0.6043429600973992,1.114202454544477,-0.036457799358352465,-0.41095739380863033,-0.7091989394145989,-1.4490808957927874,0.6735637900039168,-1.0200892399027226,-1.1888695350922114,-0.8678420049559294,47,sunflower,salty clay Loamy soil
19131,0.7155148891642061,0.17449124089587287,-0.6043429600973992,1.114202454544477,1.1945497169251689,-0.3807234602637196,0.0073499387592553065,-1.309317288402707,0.9370012742507463,-1.046703416922939,-1.1072138161631977,-1.1703099328899211,47,sunflower,salty clay Loamy soil
19135,0.7155148891642061,0.17449124089587287,-0.6043429600973992,1.114202454544477,0.5790459587834081,-0.3278140765601263,-0.5044706885077835,-1.3803216913538925,0.9154080378370717,-0.40796316843774744,-1.5096598594561939,-0.7366510964544389,47,sunflower,salty clay Loamy soil
19139,0.7155148891642061,0.17449124089587287,-0.6043429600973992,1.114202454544477,-0.036457799358352465,-0.2786839345496468,-0.6409561891123273,-1.1990219114864387,0.617421375328363,-1.1797743020240203,-1.6088132324414248,-1.0937819029307183,47,sunflower,salty clay Loamy soil
19143,0.7155148891642061,0.17449124089587287,-0.6043429600973992,1.114202454544477,0.4251700192479687,-0.310807488941114,-0.3168031251765363,-1.3121237865430702,1.1529336383874915,-0.9313753165020016,-0.5006284755476669,-0.9516584187207704,47,sunflower,salty clay Loamy soil
19147,0.7155148891642061,0.17449124089587287,-0.6043429600973992,1.114202454544477,1.963929414602369,-0.3278140765601263,-0.29974243760096814,-1.2739554118341325,1.1442963438220215,-0.9402467088420736,-1.3696786270064563,-1.3197218009055074,47,sunflower,salty clay Loamy soil
19151,0.7155148891642061,0.17449124089587287,-0.6043429600973992,1.114202454544477,0.7329218983188477,-0.3221452140204556,0.024410626334822903,-1.3037042921219808,0.5180924878254604,-1.1324602095436358,-1.567985372976918,-0.7184301369403431,47,sunflower,salty clay Loamy soil
19159,0.7155148891642061,0.17449124089587287,-0.6043429600973992,1.114202454544477,1.8100534750669282,-0.4487498107397685,-0.4703493133566477,-1.204634907767165,1.1529336383874915,-0.22166392929623333,-0.6464422593494771,-1.1703099328899211,47,sunflower,salty clay Loamy soil
19163,0.7155148891642061,0.17449124089587287,-0.6043429600973992,1.114202454544477,0.4251700192479687,-0.45441867327943913,-0.009710748816312897,-1.1796570743179338,1.0924725764292025,-0.5292055304187329,-0.49479592419559437,-0.6091043798557677,47,sunflower,salty clay Loamy soil
19167,0.7155148891642061,0.17449124089587287,-0.6043429600973992,1.114202454544477,1.3484256564606083,-0.28435279708931743,-0.5727134388100558,-1.2806910073710038,0.40580765847435246,-0.26010662943654567,-1.1772044323880666,-1.2031076600152937,47,sunflower,salty clay Loamy soil
19171,0.7155148891642061,0.17449124089587287,-0.6043429600973992,1.114202454544477,1.5023015959960477,-0.3391518016394676,-0.3850458754788079,-1.4364516541611536,0.48786195684631595,-1.1856885635840684,-1.1480416756277045,-0.842332661636195,47,sunflower,salty clay Loamy soil
19175,0.7155148891642061,0.17449124089587287,-0.6043429600973992,1.114202454544477,1.963929414602369,-0.42040549804141486,-0.4191672506299437,-1.2108092036759637,0.565597607935544,-0.978689408982386,-1.6146457837934973,-0.8969955401784827,47,sunflower,salty clay Loamy soil
19179,0.7155148891642061,0.17449124089587287,-0.6043429600973992,1.114202454544477,1.6561775355314885,-0.30324900555488654,-0.7603810021413029,-1.2049155575812012,0.479224662280846,-0.35769194517733877,-0.6114469512370426,-1.1630215490842828,47,sunflower,salty clay Loamy soil
19183,0.7155148891642061,0.17449124089587287,-0.6043429600973992,1.114202454544477,1.3484256564606083,-0.40906777296207325,-0.5385920636589193,-1.316614183567651,1.088153929146468,-0.9934750628825062,-0.6989352215181287,-0.8131791264136418,47,sunflower,salty clay Loamy soil
19187,0.7155148891642061,0.17449124089587287,-0.6043429600973992,1.114202454544477,1.8100534750669282,-0.3807234602637196,0.041471313910391105,-1.4687263827753287,0.479224662280846,-1.0171321091226986,-0.9322372756010252,-0.900639732081302,47,sunflower,salty clay Loamy soil
19195,0.7155148891642061,0.17449124089587287,-0.6043429600973992,1.114202454544477,0.7329218983188477,-0.35615838925847987,-0.6580168766878955,-1.2666585166691886,0.8679029177269875,-0.33403489893714655,-1.2005346377963562,-1.126579630056091,47,sunflower,salty clay Loamy soil
19199,0.7155148891642061,0.17449124089587287,-0.6043429600973992,1.114202454544477,1.1945497169251689,-0.3977300478827319,-0.6580168766878955,-1.428593459368137,1.1356590492565517,-0.0974644365352238,-1.0022278918258942,-0.860553621150291,47,sunflower,salty clay Loamy soil
19203,0.7155148891642061,0.17449124089587287,-0.6043429600973992,1.114202454544477,1.1945497169251689,-0.34859990587225215,-0.6750775642634631,-1.2113705033040363,1.1399776965392863,-1.046703416922939,-1.095548713459053,-1.3233659928083268,47,sunflower,salty clay Loamy soil
19207,0.7155148891642061,0.17449124089587287,-0.6043429600973992,1.114202454544477,0.8867978378542885,-0.3996196687292887,-0.4703493133566477,-1.271710213321842,1.0536047508845883,-1.1206316864235397,-0.9205721728968805,-0.6309695312726828,47,sunflower,salty clay Loamy soil
19211,0.7155148891642061,0.17449124089587287,-0.6043429600973992,1.114202454544477,1.0406737773897279,-0.31647635148078496,0.041471313910391105,-1.3390661686905554,0.9197266851198064,-1.1117602940834674,-1.5271575135124111,-0.8678420049559294,47,sunflower,salty clay Loamy soil
19215,0.7155148891642061,0.17449124089587287,-0.6043429600973992,1.114202454544477,1.1945497169251689,-0.3145867306342279,-0.8115630648680069,-1.5001591619473948,0.427400894888027,-0.9165896626018815,-1.6088132324414248,-0.6236811474670444,47,sunflower,salty clay Loamy soil
19219,0.7155148891642061,0.17449124089587287,-0.6043429600973992,1.114202454544477,1.8100534750669282,-0.40528853126895936,-0.4874100009322159,-1.3848120883784734,0.9801877470780953,-1.0969746401833473,-0.8330839026157945,-0.8714861968587484,47,sunflower,salty clay Loamy soil
19227,0.7155148891642061,0.17449124089587287,-0.6043429600973992,1.114202454544477,1.5023015959960477,-0.3315933182532401,-0.6750775642634631,-1.0943395308508967,0.6044654334801585,-0.04127895171476697,-1.171371881035994,-0.6856324098149705,47,sunflower,salty clay Loamy soil
19231,0.7155148891642061,0.17449124089587287,-0.6043429600973992,1.114202454544477,1.963929414602369,-0.45063943158632525,-0.5044706885077835,-1.3898637850311268,0.9283639796852763,-0.22166392929623333,-1.6029806810893525,-0.6528346826895977,47,sunflower,salty clay Loamy soil
19235,0.7155148891642061,0.17449124089587287,-0.6043429600973992,1.114202454544477,0.4251700192479687,-0.4487498107397685,-0.3168031251765363,-1.0934975814087877,0.6044654334801585,-0.27784941411668973,-0.8914094161365186,-0.6965649855234279,47,sunflower,salty clay Loamy soil
19239,0.7155148891642061,0.17449124089587287,-0.6043429600973992,1.114202454544477,0.4251700192479687,-0.4279639814276423,-0.40210656305437614,-1.3960380809399255,0.6044654334801585,-0.4138774299977956,-0.9788976864176047,-1.2832798818773157,47,sunflower,salty clay Loamy soil
19243,0.7155148891642061,0.17449124089587287,-0.6043429600973992,1.114202454544477,1.8100534750669282,-0.3863923228033903,-0.7433203145657353,-1.1723601791529896,0.8679029177269875,-0.9343324472820255,-0.7339305296305633,-1.3197218009055074,47,sunflower,salty clay Loamy soil
19247,0.7155148891642061,0.17449124089587287,-0.6043429600973992,1.114202454544477,1.6561775355314885,-0.3826130811102767,-0.6409561891123273,-1.3104398876588523,0.6217400226110977,-0.12112148277541598,-0.6639399134056946,-0.6674114503008746,47,sunflower,salty clay Loamy soil
19255,0.7155148891642061,0.17449124089587287,-0.6043429600973992,1.114202454544477,0.27129407971252784,-0.39395080618961803,-0.5897741263856233,-1.1931282653916764,0.8247164448996384,-1.0141749783426746,-0.5239586809559564,-0.8095349345108225,47,sunflower,salty clay Loamy soil
19259,0.7155148891642061,0.17449124089587287,-0.6043429600973992,1.114202454544477,-0.19033373889379193,-0.335372559946354,-0.7603810021413029,-1.2812523069990764,0.522411135108195,-0.3931775145376272,-1.4338366918792524,-1.1047144786391758,47,sunflower,salty clay Loamy soil
19263,0.7155148891642061,0.17449124089587287,-0.6043429600973992,1.114202454544477,0.7329218983188477,-0.41473663550174394,-0.40210656305437614,-1.430277358252355,0.6692451427211821,-0.4434487377980359,-1.013892994530039,-1.0172538729715157,47,sunflower,salty clay Loamy soil
19267,0.7155148891642061,0.17449124089587287,-0.6043429600973992,1.114202454544477,0.7329218983188477,-0.36560649349126445,-0.6068348139611915,-1.4291547589962095,0.4749060149981113,-0.46119152247817996,-1.6379759892017869,-0.9917445296517814,47,sunflower,salty clay Loamy soil
19271,0.7155148891642061,0.17449124089587287,-0.6043429600973992,1.114202454544477,0.27129407971252784,-0.3807234602637196,-0.5215313760833518,-1.4681650831472564,0.4749060149981113,-0.5203341380786606,-0.926404724248953,-0.8787745806643869,47,sunflower,salty clay Loamy soil
19275,0.7155148891642061,0.17449124089587287,-0.6043429600973992,1.114202454544477,0.27129407971252784,-0.3996196687292887,-0.7433203145657353,-1.101917075829877,0.6951570264175913,-0.6681906770798623,-1.2588601513170803,-1.0828493272222608,47,sunflower,salty clay Loamy soil
19279,0.7155148891642061,0.17449124089587287,-0.6043429600973992,1.114202454544477,0.7329218983188477,-0.35426876841192306,-0.18031762457199252,-1.2705876140656966,0.565597607935544,-0.9964321936625302,-0.6522748107015496,-1.1120028624448142,47,sunflower,salty clay Loamy soil
19283,0.7155148891642061,0.17449124089587287,-0.6043429600973992,1.114202454544477,1.3484256564606083,-0.271125451163419,-0.18031762457199252,-1.1344724542580884,0.6994756737003265,-0.12407861355544027,-1.4921622053999766,-1.330654376613965,47,sunflower,salty clay Loamy soil
19291,0.7155148891642061,0.17449124089587287,-0.6043429600973992,1.114202454544477,1.0406737773897279,-0.45630829412599594,-0.3850458754788079,-1.3702182980485853,0.8160791503341684,-0.7716902543807036,-0.7222654269264187,-1.0937819029307183,47,sunflower,salty clay Loamy soil
19295,0.7155148891642061,0.17449124089587287,-0.6043429600973992,1.114202454544477,0.5790459587834081,-0.3070282472480004,-0.5727134388100558,-1.2921976497464924,1.088153929146468,-0.04127895171476697,-0.5822841944766806,-0.7330069045516197,47,sunflower,salty clay Loamy soil
19299,0.7155148891642061,0.17449124089587287,-0.6043429600973992,1.114202454544477,0.8867978378542885,-0.35615838925847987,-0.3338638127521039,-1.1302627070475437,0.6908383791348566,-0.12999287511548802,-1.4629994486396145,-1.1192912462504527,47,sunflower,salty clay Loamy soil
19303,0.7155148891642061,0.17449124089587287,-0.6043429600973992,1.114202454544477,1.963929414602369,-0.3429310433325815,-0.7774416897168711,-1.408386672757523,1.010418278057239,-0.7657759928206557,-1.2005346377963562,-0.6674114503008746,47,sunflower,salty clay Loamy soil
19307,0.7155148891642061,0.17449124089587287,-0.6043429600973992,1.114202454544477,-0.036457799358352465,-0.3845027019568335,-0.5215313760833518,-1.3598342549292421,0.6433332590247722,-0.20392114461608887,-1.323018216189877,-1.1120028624448142,47,sunflower,salty clay Loamy soil
19311,0.7155148891642061,0.17449124089587287,-0.6043429600973992,1.114202454544477,0.8867978378542885,-0.3901715644965042,-0.4703493133566477,-1.4833201731052166,0.4749060149981113,-0.8751898316815447,-1.2471950486129355,-0.842332661636195,47,sunflower,salty clay Loamy soil
19319,0.7155148891642061,0.17449124089587287,-0.6043429600973992,1.114202454544477,0.7329218983188477,-0.3826130811102767,-0.5385920636589193,-1.4356097047190446,1.088153929146468,-0.8308328699811842,-1.59714812973728,-1.0937819029307183,47,sunflower,salty clay Loamy soil
19323,0.7155148891642061,0.17449124089587287,-0.6043429600973992,1.114202454544477,-0.036457799358352465,-0.293800901322102,-0.6580168766878955,-1.17460537766528,1.044967456319119,-1.049660547702963,-0.9555674810093149,-0.7439394802600772,47,sunflower,salty clay Loamy soil
19327,0.7155148891642061,0.17449124089587287,-0.6043429600973992,1.114202454544477,0.5790459587834081,-0.3996196687292887,-0.2144389997231283,-1.1125817687632567,0.7858486193550246,-0.9639037550822658,-1.3871762810626733,-1.2067518519181129,47,sunflower,salty clay Loamy soil
19331,0.7155148891642061,0.17449124089587287,-0.6043429600973992,1.114202454544477,0.7329218983188477,-0.4298536022741994,-0.4703493133566477,-1.213054402188254,0.6908383791348566,-0.4789343071583244,-1.2763578053732976,-0.7767372073854499,47,sunflower,salty clay Loamy soil
19335,0.7155148891642061,0.17449124089587287,-0.6043429600973992,1.114202454544477,0.27129407971252784,-0.293800901322102,-0.4874100009322159,-1.338504869062483,1.00178098349177,-0.05310747483486328,-1.6146457837934973,-0.802246550705184,47,sunflower,salty clay Loamy soil
19343,0.7155148891642061,0.17449124089587287,-0.6043429600973992,1.114202454544477,1.8100534750669282,-0.40339891042240256,-0.1291355618452885,-1.1611341865915374,0.7469807938104102,-0.16252131369575262,-1.5213249621603386,-0.8751303887615676,47,sunflower,salty clay Loamy soil
19347,0.7155148891642061,0.17449124089587287,-0.6043429600973992,1.114202454544477,1.1945497169251689,-0.4487498107397685,-0.6409561891123273,-1.2481356289427923,1.131340401973817,-0.3074207219169301,-1.0197255458821115,-0.7803813992882689,47,sunflower,salty clay Loamy soil
19351,0.7155148891642061,0.17449124089587287,-0.6043429600973992,1.114202454544477,1.8100534750669282,-0.3334829390997969,-0.1973783121475601,-1.2879879025359477,0.6001467861974232,-0.08563591341512748,-0.7339305296305633,-1.1848867005011978,47,sunflower,salty clay Loamy soil
19355,0.7155148891642061,0.17449124089587287,-0.6043429600973992,1.114202454544477,0.8867978378542885,-0.36371687264470765,-0.7433203145657353,-1.5063334578561938,1.0536047508845883,-0.8958897471417131,-0.9672325837134597,-0.9152164996925787,47,sunflower,salty clay Loamy soil
19359,0.7155148891642061,0.17449124089587287,-0.6043429600973992,1.114202454544477,1.1945497169251689,-0.2730150720099758,0.024410626334822903,-1.4269095604839193,0.39717036390888316,-0.2926350680168099,-1.0663859566986909,-1.2395495790434854,47,sunflower,salty clay Loamy soil
19363,0.7155148891642061,0.17449124089587287,-0.6043429600973992,1.114202454544477,1.5023015959960477,-0.310807488941114,-0.6921382518390313,-1.4434678995120613,0.8592656231615174,-1.0555748092630108,-0.6989352215181287,-1.04276321629125,47,sunflower,salty clay Loamy soil
19367,0.7155148891642061,0.17449124089587287,-0.6043429600973992,1.114202454544477,-0.036457799358352465,-0.3334829390997969,-0.6409561891123273,-1.3469243634835721,1.0967912237119373,-1.0762747247231792,-1.468831999991687,-1.064628367708165,47,sunflower,salty clay Loamy soil
19371,0.7155148891642061,0.17449124089587287,-0.6043429600973992,1.114202454544477,0.27129407971252784,-0.3259244557135695,-0.3338638127521039,-1.3247530281747038,0.889496154140662,-0.5055484841785405,-0.827251351263722,-0.6054601879529484,47,sunflower,salty clay Loamy soil
19375,0.7155148891642061,0.17449124089587287,-0.6043429600973992,1.114202454544477,0.4251700192479687,-0.34482066417913854,-0.7091989394145989,-1.437854903231335,0.7556180883758802,-0.638619369279622,-1.5446551675686284,-0.7658046316769923,47,sunflower,salty clay Loamy soil
19379,0.7155148891642061,0.17449124089587287,-0.6043429600973992,1.114202454544477,1.1945497169251689,-0.293800901322102,-0.6068348139611915,-1.0957427799210784,1.1486149911047563,-0.23940671397637736,-1.439669243231325,-1.1958192762096556,47,sunflower,salty clay Loamy soil
19383,0.7155148891642061,0.17449124089587287,-0.6043429600973992,1.114202454544477,0.5790459587834081,-0.30135938470832946,-0.5727134388100558,-1.2136157018163267,0.5871908443492186,-0.9432038396220976,-1.2646927026691528,-0.9990329134574197,47,sunflower,salty clay Loamy soil
19387,0.7155148891642061,0.17449124089587287,-0.6043429600973992,1.114202454544477,0.27129407971252784,-0.2767943137030897,-0.7091989394145989,-1.3780764928416018,0.6044654334801585,-0.7066333772201749,-0.7106003242222737,-1.1083586705419952,47,sunflower,salty clay Loamy soil
19395,0.7155148891642061,0.17449124089587287,-0.6043429600973992,1.114202454544477,0.11741814017708838,-0.30324900555488654,-0.2144389997231283,-1.3351370712940471,0.5051365459772558,-0.10337869809527195,-1.2063671891484287,-1.2176844276265704,47,sunflower,salty clay Loamy soil
19403,0.7155148891642061,0.17449124089587287,-0.6043429600973992,1.114202454544477,0.7329218983188477,-0.3334829390997969,-0.2485603748742641,-1.129420757605435,0.6562892008729775,-1.2182170021643328,-1.626310886497642,-1.1739541247927403,47,sunflower,salty clay Loamy soil
19407,0.7155148891642061,0.17449124089587287,-0.6043429600973992,1.114202454544477,1.3484256564606083,-0.3334829390997969,-0.3850458754788079,-1.1120204691351838,0.4662687204326414,-1.0733175939431552,-1.4921622053999766,-0.8058907426080033,47,sunflower,salty clay Loamy soil
19411,0.7155148891642061,0.17449124089587287,-0.6043429600973992,1.114202454544477,0.11741814017708838,-0.45063943158632525,-0.6750775642634631,-1.166185883244191,0.7988045612032292,-0.9934750628825062,-1.0372231999383288,-0.6965649855234279,47,sunflower,salty clay Loamy soil
19415,0.7155148891642061,0.17449124089587287,-0.6043429600973992,1.114202454544477,0.27129407971252784,-0.2730150720099758,-0.09501418669415271,-1.2110898534899999,1.1529336383874915,-0.31037785269695434,-1.5329900648644836,-1.1739541247927403,47,sunflower,salty clay Loamy soil
19419,0.7155148891642061,0.17449124089587287,-0.6043429600973992,1.114202454544477,0.8867978378542885,-0.4449705690466546,-0.0608928115430169,-1.362360103255569,1.0536047508845883,-1.1265459479835878,-0.6872701188139841,-1.3197218009055074,47,sunflower,salty clay Loamy soil
19423,0.7155148891642061,0.17449124089587287,-0.6043429600973992,1.114202454544477,1.8100534750669282,-0.3580480101050367,0.0073499387592553065,-1.3943541820557077,0.8117605030514338,-0.7450760773604873,-0.5881167458287531,-0.9917445296517814,47,sunflower,salty clay Loamy soil
19427,0.7155148891642061,0.17449124089587287,-0.6043429600973992,1.114202454544477,1.963929414602369,-0.3334829390997969,-0.6068348139611915,-1.269745664623588,0.4749060149981113,-0.6888905925400307,-1.6379759892017869,-1.188530892404017,47,sunflower,salty clay Loamy soil
19435,0.7155148891642061,0.17449124089587287,-0.6043429600973992,1.114202454544477,0.4251700192479687,-0.310807488941114,0.0073499387592553065,-1.1681504319424452,0.4360381894534969,-1.0082607167826263,-0.7339305296305633,-1.0609841758053458,47,sunflower,salty clay Loamy soil
19443,0.7155148891642061,0.17449124089587287,-0.6043429600973992,1.114202454544477,-0.19033373889379193,-0.3391518016394676,-0.4362279382055119,-1.2178254490268714,0.42308224760529234,-0.8663184393414728,-0.5764516431246085,-0.9370816511094937,47,sunflower,salty clay Loamy soil
19447,0.7155148891642061,0.17449124089587287,-0.6043429600973992,1.114202454544477,0.8867978378542885,-0.31647635148078496,-0.7433203145657353,-1.5024043604596855,0.880858859575192,-0.37839186063750707,-1.4163390378230354,-0.8933513482756635,47,sunflower,salty clay Loamy soil
19451,0.7155148891642061,0.17449124089587287,-0.6043429600973992,1.114202454544477,1.6561775355314885,-0.2767943137030897,-0.4703493133566477,-1.2950041478868555,0.9888250416435647,-0.3488205528372667,-0.7164328755743462,-0.7402952883572582,47,sunflower,salty clay Loamy soil
19455,0.7155148891642061,0.17449124089587287,-0.6043429600973992,1.114202454544477,1.0406737773897279,-0.35048952671880923,0.0073499387592553065,-1.2085640051636732,1.0924725764292025,-0.1802640983758967,-0.9847302377696769,-1.2431937709463048,47,sunflower,salty clay Loamy soil
19459,0.7155148891642061,0.17449124089587287,-0.6043429600973992,1.114202454544477,2.1178053541378086,-0.3580480101050367,-0.1461962494208567,-1.3152109344974694,0.6951570264175913,-0.6741049386399105,-1.2996880107815874,-0.8678420049559294,47,sunflower,salty clay Loamy soil
19467,0.7155148891642061,0.17449124089587287,-0.6043429600973992,1.114202454544477,0.7329218983188477,-0.39395080618961803,-0.6068348139611915,-1.5004398117614315,0.9542758633816855,-0.32516350659707455,-0.5239586809559564,-1.2249728114322087,47,sunflower,salty clay Loamy soil
19471,0.7155148891642061,0.17449124089587287,-0.6043429600973992,1.114202454544477,1.0406737773897279,-0.433632843967313,-0.29974243760096814,-1.2245610445637427,0.4576314258671715,-0.7125476387802229,-0.7572607350388528,-0.9990329134574197,47,sunflower,salty clay Loamy soil
19475,0.7155148891642061,0.17449124089587287,-0.6043429600973992,1.114202454544477,-0.036457799358352465,-0.45252905243288205,-0.3850458754788079,-1.350572811066044,0.6908383791348566,-1.0910603786232993,-1.0372231999383288,-1.0573399839025266,47,sunflower,salty clay Loamy soil
19483,0.7155148891642061,0.17449124089587287,-0.6043429600973992,1.114202454544477,0.7329218983188477,-0.2730150720099758,-0.2144389997231283,-1.0881652349420978,1.019055572622709,-0.4789343071583244,-1.013892994530039,-0.8751303887615676,47,sunflower,salty clay Loamy soil
19503,0.7155148891642061,0.17449124089587287,-0.6043429600973992,1.114202454544477,1.0406737773897279,-0.35993763095159376,-0.09501418669415271,-1.3912670341013083,0.880858859575192,-1.1975170867041647,-1.4105064864709629,-0.9589468025264087,47,sunflower,salty clay Loamy soil
19507,0.7155148891642061,0.17449124089587287,-0.6043429600973992,1.114202454544477,1.8100534750669282,-0.3334829390997969,-0.3850458754788079,-1.4566584407717673,0.7815299720722894,-0.07972165185507976,-1.2005346377963562,-0.6200369555642251,47,sunflower,salty clay Loamy soil
19511,0.7155148891642061,0.17449124089587287,-0.6043429600973992,1.114202454544477,1.6561775355314885,-0.3297036974066831,-0.7603810021413029,-1.2933202490026376,0.5612789606528095,-0.5883481460192136,-0.8914094161365186,-1.254126346654762,47,sunflower,salty clay Loamy soil
19515,0.7155148891642061,0.17449124089587287,-0.6043429600973992,1.114202454544477,-0.036457799358352465,-0.433632843967313,-0.1632569369964243,-1.1619761360336465,0.41012630575708775,-0.2660208909965938,-1.124711470219415,-0.6783440260093321,47,sunflower,salty clay Loamy soil
19519,0.7155148891642061,0.17449124089587287,-0.6043429600973992,1.114202454544477,-0.19033373889379193,-0.30324900555488654,-0.2485603748742641,-1.487529920315761,0.9110893905543365,-0.2364495831963535,-1.223864843204646,-1.0828493272222608,47,sunflower,salty clay Loamy soil
19523,0.7155148891642061,0.17449124089587287,-0.6043429600973992,1.114202454544477,1.8100534750669282,-0.42229511888797167,0.0073499387592553065,-1.288268552349984,0.9585945106644208,-1.1235888172035637,-0.5764516431246085,-1.2905682656829538,47,sunflower,salty clay Loamy soil
19527,0.7155148891642061,0.17449124089587287,-0.6043429600973992,1.114202454544477,1.5023015959960477,-0.29191128047554493,-0.1632569369964243,-1.144014547935323,0.5958281389146886,-0.8160472160810641,-1.6204783351455698,-0.6564788745924169,47,sunflower,salty clay Loamy soil
19535,0.7155148891642061,0.17449124089587287,-0.6043429600973992,1.114202454544477,1.6561775355314885,-0.45252905243288205,-0.1461962494208567,-1.2806910073710038,0.794485913920494,-0.4345773454579639,-0.8797443134323736,-0.9844561458461429,47,sunflower,salty clay Loamy soil
19539,0.7155148891642061,0.17449124089587287,-0.6043429600973992,1.114202454544477,1.8100534750669282,-0.4260743605810855,-0.3168031251765363,-1.3421533166449549,0.6217400226110977,-0.5676482305590452,-0.5297912323080289,-0.860553621150291,47,sunflower,salty clay Loamy soil
19543,0.7155148891642061,0.17449124089587287,-0.6043429600973992,1.114202454544477,0.27129407971252784,-0.31836597232734176,-0.8115630648680069,-1.150750143472194,0.6649264954384467,-0.7243761619003192,-0.856414108024084,-1.1083586705419952,47,sunflower,salty clay Loamy soil
19547,0.7155148891642061,0.17449124089587287,-0.6043429600973992,1.114202454544477,-0.19033373889379193,-0.2730150720099758,-0.5215313760833518,-1.2501001776410465,0.7469807938104102,-0.4789343071583244,-1.4629994486396145,-1.2759914980716773,47,sunflower,salty clay Loamy soil
19551,0.7155148891642061,0.17449124089587287,-0.6043429600973992,1.114202454544477,1.0406737773897279,-0.3693857351843783,-0.5727134388100558,-1.200986460184693,0.9801877470780953,-1.0112178475626503,-1.4863296540479043,-1.2322611952378473,47,sunflower,salty clay Loamy soil
19555,0.7155148891642061,0.17449124089587287,-0.6043429600973992,1.114202454544477,1.963929414602369,-0.41095739380863033,-0.7433203145657353,-1.3171754831957236,0.8463096813133129,-0.6415765000596461,-1.323018216189877,-0.7730930154826308,47,sunflower,salty clay Loamy soil
19559,0.7155148891642061,0.17449124089587287,-0.6043429600973992,1.114202454544477,1.5023015959960477,-0.34482066417913854,-0.5897741263856233,-1.1872346192969139,0.4403568367362322,-0.10042156731524766,-1.3171856648378044,-1.312433417099869,47,sunflower,salty clay Loamy soil
19563,0.7155148891642061,0.17449124089587287,-0.6043429600973992,1.114202454544477,1.1945497169251689,-0.45630829412599594,-0.40210656305437614,-1.3314886237115753,0.5958281389146886,-0.41683456077781944,-1.6204783351455698,-0.944370034915132,47,sunflower,salty clay Loamy soil
19567,0.7155148891642061,0.17449124089587287,-0.6043429600973992,1.114202454544477,0.5790459587834081,-0.3807234602637196,-0.11207487426972029,-1.502965660087758,0.5137738405427251,-0.6179194538194539,-1.3696786270064563,-0.9261490754010362,47,sunflower,salty clay Loamy soil
19571,0.7155148891642061,0.17449124089587287,-0.6043429600973992,1.114202454544477,1.3484256564606083,-0.3391518016394676,-0.7603810021413029,-1.1254916602089267,0.40580765847435246,-0.3813489914175309,-0.5881167458287531,-0.9079281158869403,47,sunflower,salty clay Loamy soil
19575,0.7155148891642061,0.17449124089587287,-0.6043429600973992,1.114202454544477,0.4251700192479687,-0.271125451163419,-0.6580168766878955,-1.4757426281262365,1.00178098349177,-0.5942624075792615,-0.5997818485328981,-1.0828493272222608,47,sunflower,salty clay Loamy soil
19583,0.7155148891642061,0.17449124089587287,-0.6043429600973992,1.114202454544477,1.1945497169251689,-0.3297036974066831,-0.0608928115430169,-1.2770425597885318,0.42308224760529234,-0.6741049386399105,-1.3871762810626733,-1.268703114266039,47,sunflower,salty clay Loamy soil
19591,0.7155148891642061,0.17449124089587287,-0.6043429600973992,1.114202454544477,0.8867978378542885,-0.28435279708931743,-0.4191672506299437,-1.1288594579773623,1.0751979872982627,-0.98164653976241,-0.5064610268997394,-0.9553026106235897,47,sunflower,salty clay Loamy soil
19595,0.7155148891642061,0.17449124089587287,-0.6043429600973992,1.114202454544477,1.1945497169251689,-0.4393017065069839,-0.7262596269901671,-1.270868263879733,1.079516634580998,-0.40204890687769923,-1.626310886497642,-1.210396043820932,47,sunflower,salty clay Loamy soil
19599,0.7155148891642061,0.17449124089587287,-0.6043429600973992,1.114202454544477,1.5023015959960477,-0.31269710978767107,-0.6580168766878955,-1.2161415501426536,1.1442963438220215,-0.08563591341512748,-0.9439023783051701,-1.3233659928083268,47,sunflower,salty clay Loamy soil
19603,0.7155148891642061,0.17449124089587287,-0.6043429600973992,1.114202454544477,1.6561775355314885,-0.41473663550174394,0.024410626334822903,-1.2784458088587134,0.617421375328363,-1.061489070823059,-1.124711470219415,-0.7913139749967266,47,sunflower,salty clay Loamy soil
19607,0.7155148891642061,0.17449124089587287,-0.6043429600973992,1.114202454544477,1.0406737773897279,-0.3693857351843783,-0.35092450032767214,-1.087323285499989,0.582872197066484,-0.8071758237409921,-0.7164328755743462,-1.2359053871406662,47,sunflower,salty clay Loamy soil
19611,0.7155148891642061,0.17449124089587287,-0.6043429600973992,1.114202454544477,0.5790459587834081,-0.4185158771948578,-0.7433203145657353,-1.440661401371698,0.8679029177269875,-0.3488205528372667,-1.1597067783318493,-0.6892766017177895,47,sunflower,salty clay Loamy soil
19615,0.7155148891642061,0.17449124089587287,-0.6043429600973992,1.114202454544477,1.3484256564606083,-0.4600875358191098,-0.6750775642634631,-1.3727441463749122,0.8635842704442528,-1.0053035860026025,-1.1597067783318493,-0.8241117021220992,47,sunflower,salty clay Loamy soil
19619,0.7155148891642061,0.17449124089587287,-0.6043429600973992,1.114202454544477,0.11741814017708838,-0.3769442185706058,-0.026771436391880492,-1.5043689091579395,1.1227031074083471,-0.9077182702618092,-1.2588601513170803,-0.9079281158869403,47,sunflower,salty clay Loamy soil
19623,0.7155148891642061,0.17449124089587287,-0.6043429600973992,1.114202454544477,1.0406737773897279,-0.36182725179815056,-0.4362279382055119,-1.2588003218761719,0.9758690997953601,-0.4109202992177713,-1.2471950486129355,-1.3087892251970499,47,sunflower,salty clay Loamy soil
19627,0.7155148891642061,0.17449124089587287,-0.6043429600973992,1.114202454544477,1.5023015959960477,-0.293800901322102,-0.5556527512344875,-1.4364516541611536,0.7728926775068193,-0.8160472160810641,-0.5064610268997394,-1.1775983166955595,47,sunflower,salty clay Loamy soil
19631,0.7155148891642061,0.17449124089587287,-0.6043429600973992,1.114202454544477,1.963929414602369,-0.34859990587225215,-0.5556527512344875,-1.2113705033040363,0.9974623362090346,-0.6238337153795018,-0.7922560431512874,-1.210396043820932,47,sunflower,salty clay Loamy soil
19635,0.7155148891642061,0.17449124089587287,-0.6043429600973992,1.114202454544477,0.27129407971252784,-0.29758014301521585,-0.35092450032767214,-1.3814442906100375,0.49649925141178586,-0.7450760773604873,-1.497994756752049,-0.6674114503008746,47,sunflower,salty clay Loamy soil
19639,0.7155148891642061,0.17449124089587287,-0.6043429600973992,1.114202454544477,0.27129407971252784,-0.39584042703617484,-0.6921382518390313,-1.4701296318455104,0.98450639436083,-0.795347300620896,-1.3346833188940217,-0.7512278640657156,47,sunflower,salty clay Loamy soil
19643,0.7155148891642061,0.17449124089587287,-0.6043429600973992,1.114202454544477,0.11741814017708838,-0.2900216596289881,-0.0608928115430169,-1.188918518181132,0.9542758633816855,-0.8071758237409921,-1.3580135243023115,-0.9990329134574197,47,sunflower,salty clay Loamy soil
19647,0.7155148891642061,0.17449124089587287,-0.6043429600973992,1.114202454544477,0.4251700192479687,-0.35426876841192306,-0.1632569369964243,-1.4945461656666688,0.9888250416435647,-0.45823439169815605,-0.9672325837134597,-0.8569094292474717,47,sunflower,salty clay Loamy soil
19651,0.7155148891642061,0.17449124089587287,-0.6043429600973992,1.114202454544477,2.1178053541378086,-0.4317432231207562,-0.2826817500253999,-1.2815329568131129,0.9110893905543365,-0.7746473851607276,-0.5414563350121739,-0.944370034915132,47,sunflower,salty clay Loamy soil
19655,0.7155148891642061,0.17449124089587287,-0.6043429600973992,1.114202454544477,1.5023015959960477,-0.433632843967313,-0.5385920636589193,-1.484442772361362,0.5699162552182794,-1.2123027406042848,-1.3405158702460942,-0.8386884697333759,47,sunflower,salty clay Loamy soil
19659,0.7155148891642061,0.17449124089587287,-0.6043429600973992,1.114202454544477,0.4251700192479687,-0.34482066417913854,-0.09501418669415271,-1.3556245077186975,0.6303773171765676,-0.41979169155784374,-0.5939492971808256,-0.8641978130531102,47,sunflower,salty clay Loamy soil
19663,0.7155148891642061,0.17449124089587287,-0.6043429600973992,1.114202454544477,1.6561775355314885,-0.34859990587225215,-0.6409561891123273,-1.1931282653916764,0.6908383791348566,-0.2955921987968342,-1.1888695350922114,-0.8860629644700253,47,sunflower,salty clay Loamy soil
19667,0.7155148891642061,0.17449124089587287,-0.6043429600973992,1.114202454544477,1.5023015959960477,-0.45063943158632525,-0.6068348139611915,-1.2018284096268017,1.088153929146468,-0.7362046850204153,-0.6756050161098391,-1.1156470543476333,47,sunflower,salty clay Loamy soil
19671,0.7155148891642061,0.17449124089587287,-0.6043429600973992,1.114202454544477,0.27129407971252784,-0.30135938470832946,-0.026771436391880492,-1.4779878266385271,0.9585945106644208,-0.1654784444757765,-1.2880229080774424,-1.144800589570187,47,sunflower,salty clay Loamy soil
19679,0.7155148891642061,0.17449124089587287,-0.6043429600973992,1.114202454544477,1.963929414602369,-0.41473663550174394,-0.5897741263856233,-1.2770425597885318,1.0320115144709137,-0.2955921987968342,-1.2180322918525734,-0.9297932673038553,47,sunflower,salty clay Loamy soil
19683,0.7155148891642061,0.17449124089587287,-0.6043429600973992,1.114202454544477,0.4251700192479687,-0.40717815211551645,-0.5897741263856233,-1.4033349761048695,0.9499572160989509,-0.42866308389791574,-1.28219035672537,-1.246837962849124,47,sunflower,salty clay Loamy soil
19687,0.7155148891642061,0.17449124089587287,-0.6043429600973992,1.114202454544477,-0.19033373889379193,-0.4260743605810855,-0.5727134388100558,-1.3025816928658358,0.40148901119161784,-0.3517776836172906,-0.7805909404471428,-0.7730930154826308,47,sunflower,salty clay Loamy soil
19691,0.7155148891642061,0.17449124089587287,-0.6043429600973992,1.114202454544477,0.27129407971252784,-0.36182725179815056,-0.0438321239674487,-1.2809716571850402,0.4187636003225577,-0.8426613931012805,-1.0197255458821115,-0.6601230664952361,47,sunflower,salty clay Loamy soil
19695,0.7155148891642061,0.17449124089587287,-0.6043429600973992,1.114202454544477,1.1945497169251689,-0.3769442185706058,-0.2485603748742641,-1.4013704274066154,0.5483230188046049,-0.715504769560247,-0.6231120539411876,-1.068272559610984,47,sunflower,salty clay Loamy soil
19699,0.7155148891642061,0.17449124089587287,-0.6043429600973992,1.114202454544477,1.8100534750669282,-0.4430809482000975,-0.40210656305437614,-1.319420681708014,1.0406488090363837,-0.2482781063164494,-1.323018216189877,-0.7147859450375238,47,sunflower,salty clay Loamy soil
19703,0.7155148891642061,0.17449124089587287,-0.6043429600973992,1.114202454544477,0.11741814017708838,-0.4411913273535407,-0.6750775642634631,-1.4583423396559856,0.9585945106644208,-0.7539474697005595,-1.2705252540212253,-1.3015008413914115,47,sunflower,salty clay Loamy soil
19707,0.7155148891642061,0.17449124089587287,-0.6043429600973992,1.114202454544477,1.0406737773897279,-0.36371687264470765,-0.0779534991185845,-1.2436452319182114,0.9456385688162156,-0.5883481460192136,-1.6088132324414248,-1.024542256777154,47,sunflower,salty clay Loamy soil
19711,0.7155148891642061,0.17449124089587287,-0.6043429600973992,1.114202454544477,1.1945497169251689,-0.36371687264470765,-0.3168031251765363,-1.2801297077429312,1.0536047508845883,-0.8249186084211363,-0.5239586809559564,-0.9735235701376855,47,sunflower,salty clay Loamy soil
19715,0.7155148891642061,0.17449124089587287,-0.6043429600973992,1.114202454544477,1.0406737773897279,-0.3826130811102767,-0.0608928115430169,-1.3326112229677205,0.7253875573967357,-1.2034313482642127,-1.5738179243289905,-1.2213286195293895,47,sunflower,salty clay Loamy soil
19719,0.7155148891642061,0.17449124089587287,-0.6043429600973992,1.114202454544477,2.1178053541378086,-0.29191128047554493,-0.6409561891123273,-1.2315772899146502,1.0838352818637327,-0.8692755701214968,-1.3288507675419494,-0.9698793782348663,47,sunflower,salty clay Loamy soil
19723,0.7155148891642061,0.17449124089587287,-0.6043429600973992,1.114202454544477,1.5023015959960477,-0.4487498107397685,-0.2656210624498323,-1.4123157701540312,0.41444495303982243,-0.4109202992177713,-0.5356237836601014,-1.2249728114322087,47,sunflower,salty clay Loamy soil
19727,0.7155148891642061,0.17449124089587287,-0.6043429600973992,1.114202454544477,-0.036457799358352465,-0.30324900555488654,-0.7774416897168711,-1.2206319471672344,0.6649264954384467,-0.33403489893714655,-1.5796504756810628,-1.0609841758053458,47,sunflower,salty clay Loamy soil
19731,0.7155148891642061,0.17449124089587287,-0.6043429600973992,1.114202454544477,0.11741814017708838,-0.40339891042240256,-0.0608928115430169,-1.2568357731779178,0.9542758633816855,-0.7894330390608478,-1.1597067783318493,-1.3087892251970499,47,sunflower,salty clay Loamy soil
19739,0.7155148891642061,0.17449124089587287,-0.6043429600973992,1.114202454544477,1.5023015959960477,-0.4430809482000975,-0.6409561891123273,-1.2332611887988683,0.4533127785844368,-0.11225009043534397,-1.2121997405005012,-0.6637672583980554,47,sunflower,salty clay Loamy soil
19743,0.7155148891642061,0.17449124089587287,-0.6043429600973992,1.114202454544477,1.3484256564606083,-0.458197914972553,-0.6580168766878955,-1.1712375798968446,0.5137738405427251,-0.192092621495993,-1.0372231999383288,-1.068272559610984,47,sunflower,salty clay Loamy soil
19747,0.7155148891642061,0.17449124089587287,-0.6043429600973992,1.114202454544477,0.4251700192479687,-0.4487498107397685,-0.6921382518390313,-1.437012953789226,0.6692451427211821,-0.6327051077195741,-0.7864234917992149,-0.8131791264136418,47,sunflower,salty clay Loamy soil
19751,0.7155148891642061,0.17449124089587287,-0.6043429600973992,1.114202454544477,1.8100534750669282,-0.42229511888797167,0.024410626334822903,-1.0949008304789694,0.565597607935544,-0.7894330390608478,-0.7164328755743462,-0.9115723077897594,47,sunflower,salty clay Loamy soil
19755,0.7155148891642061,0.17449124089587287,-0.6043429600973992,1.114202454544477,0.8867978378542885,-0.4015092895758458,-0.1461962494208567,-1.2655359174130434,0.39717036390888316,-0.6741049386399105,-0.7514281836867808,-1.0573399839025266,47,sunflower,salty clay Loamy soil
19759,0.7155148891642061,0.17449124089587287,-0.6043429600973992,1.114202454544477,-0.036457799358352465,-0.3712753560309351,-0.2144389997231283,-1.1493468944020127,0.6951570264175913,-0.3310777681571227,-0.7514281836867808,-1.2213286195293895,47,sunflower,salty clay Loamy soil
19763,0.7155148891642061,0.17449124089587287,-0.6043429600973992,1.114202454544477,1.963929414602369,-0.35993763095159376,-0.009710748816312897,-1.1072494222965668,0.5915094916319539,-0.49963422261849233,-1.2063671891484287,-1.272347306168858,47,sunflower,salty clay Loamy soil
19767,0.7155148891642061,0.17449124089587287,-0.6043429600973992,1.114202454544477,1.963929414602369,-0.35615838925847987,-0.23149968729869652,-1.2930395991886012,0.7340248519622056,-1.046703416922939,-0.9847302377696769,-1.1484447814730059,47,sunflower,salty clay Loamy soil
19771,0.7155148891642061,0.17449124089587287,-0.6043429600973992,1.114202454544477,0.11741814017708838,-0.4260743605810855,-0.7774416897168711,-1.1142656676474745,1.070879340015528,-0.795347300620896,-1.043055751290401,-0.9771677620405046,47,sunflower,salty clay Loamy soil
19779,0.7155148891642061,0.17449124089587287,-0.6043429600973992,1.114202454544477,2.1178053541378086,-0.34671028502569534,-0.5556527512344875,-1.4521680437471869,0.4187636003225577,-0.15956418291572835,-1.6029806810893525,-1.228617003335028,47,sunflower,salty clay Loamy soil
19783,0.7155148891642061,0.17449124089587287,-0.6043429600973992,1.114202454544477,0.7329218983188477,-0.3769442185706058,-0.09501418669415271,-1.1170721657878375,0.6044654334801585,-0.6238337153795018,-1.497994756752049,-0.7512278640657156,47,sunflower,salty clay Loamy soil
19791,0.7155148891642061,0.17449124089587287,-0.6043429600973992,1.114202454544477,1.6561775355314885,-0.3410414224860247,-0.45328862578107953,-1.4824782236631078,1.070879340015528,-0.6711478078598865,-1.183036983740139,-1.2832798818773157,47,sunflower,salty clay Loamy soil
19795,0.7155148891642061,0.17449124089587287,-0.6043429600973992,1.114202454544477,0.8867978378542885,-0.35237914756536604,-0.3338638127521039,-1.2531873255954458,0.9024520959888666,-1.1768171712439963,-1.4863296540479043,-1.3160776090026882,47,sunflower,salty clay Loamy soil
19799,0.7155148891642061,0.17449124089587287,-0.6043429600973992,1.114202454544477,0.11741814017708838,-0.3202555931738985,-0.23149968729869652,-1.1420499992370687,0.7599367356586147,-0.8278757392011604,-0.7805909404471428,-0.8058907426080033,47,sunflower,salty clay Loamy soil
19803,0.7155148891642061,0.17449124089587287,-0.6043429600973992,1.114202454544477,0.8867978378542885,-0.45441867327943913,-0.7603810021413029,-1.485565371617507,0.721068910114001,-0.5913052767992376,-0.6522748107015496,-0.8897071563728443,47,sunflower,salty clay Loamy soil
19807,0.7155148891642061,0.17449124089587287,-0.6043429600973992,1.114202454544477,1.1945497169251689,-0.40906777296207325,-0.4874100009322159,-1.2860233538376935,0.96723180522989,-0.0974644365352238,-0.9730651350655322,-0.6309695312726828,47,sunflower,salty clay Loamy soil
19811,0.7155148891642061,0.17449124089587287,-0.6043429600973992,1.114202454544477,0.8867978378542885,-0.3410414224860247,0.041471313910391105,-1.146821046075686,0.6346959644593029,-0.3961346453176511,-1.5038273081041216,-1.2905682656829538,47,sunflower,salty clay Loamy soil
19815,0.7155148891642061,0.17449124089587287,-0.6043429600973992,1.114202454544477,0.8867978378542885,-0.40717815211551645,-0.45328862578107953,-1.240558083963812,0.5094551932599904,-0.9727751474223381,-0.8914094161365186,-1.0354748324856116,47,sunflower,salty clay Loamy soil
19819,0.7155148891642061,0.17449124089587287,-0.6043429600973992,1.114202454544477,1.963929414602369,-0.3297036974066831,-0.4874100009322159,-1.1995832111145115,0.6476519063075076,-0.36656333751741077,-1.3696786270064563,-0.7876697830939073,47,sunflower,salty clay Loamy soil
19823,0.7155148891642061,0.17449124089587287,-0.6043429600973992,1.114202454544477,-0.036457799358352465,-0.3391518016394676,-0.6409561891123273,-1.332049923339648,0.5353670769563996,-1.1649886481239002,-0.9205721728968805,-1.1083586705419952,47,sunflower,salty clay Loamy soil
19847,0.7155148891642061,0.17449124089587287,-0.6043429600973992,1.114202454544477,0.27129407971252784,-0.41095739380863033,-0.2826817500253999,-1.2980912958412547,0.9629131579471555,-0.3961346453176511,-1.5563202702727732,-0.8131791264136418,47,sunflower,salty clay Loamy soil
19855,0.7155148891642061,0.17449124089587287,-0.6043429600973992,1.114202454544477,1.3484256564606083,-0.335372559946354,-0.40210656305437614,-1.092655631966679,0.7858486193550246,-0.5942624075792615,-0.8855768647844461,-0.9589468025264087,47,sunflower,salty clay Loamy soil
19859,0.7155148891642061,0.17449124089587287,-0.6043429600973992,1.114202454544477,0.27129407971252784,-0.3391518016394676,-0.026771436391880492,-1.3749893448872026,0.8031232084859639,-0.48189143793834827,-0.9614000323613874,-0.7147859450375238,47,sunflower,salty clay Loamy soil
19863,0.7155148891642061,0.17449124089587287,-0.6043429600973992,1.114202454544477,1.1945497169251689,-0.3372621807929108,-0.2826817500253999,-1.1950928140899306,1.1356590492565517,-1.2093456098242608,-0.9147396215448081,-0.7986023588023649,47,sunflower,salty clay Loamy soil
19867,0.7155148891642061,0.17449124089587287,-0.6043429600973992,1.114202454544477,0.7329218983188477,-0.375054597724049,0.041471313910391105,-1.4297160586242823,1.114065812842877,-0.7539474697005595,-1.124711470219415,-1.2249728114322087,47,sunflower,salty clay Loamy soil
19883,0.7155148891642061,0.17449124089587287,-0.6043429600973992,1.114202454544477,1.5023015959960477,-0.45441867327943913,-0.7945023772924388,-1.3991252288943248,0.9456385688162156,-0.9077182702618092,-1.3171856648378044,-0.7548720559685348,47,sunflower,salty clay Loamy soil
19887,0.7155148891642061,0.17449124089587287,-0.6043429600973992,1.114202454544477,0.7329218983188477,-0.3089178680945572,-0.4362279382055119,-1.2060381568373464,1.131340401973817,-0.6001766691393097,-0.9847302377696769,-0.9188606915953978,47,sunflower,salty clay Loamy soil
19891,0.7155148891642061,0.17449124089587287,-0.6043429600973992,1.114202454544477,-0.19033373889379193,-0.37316497687749217,-0.7091989394145989,-1.3317692735256115,0.6044654334801585,-0.9875608013224582,-1.2996880107815874,-0.7402952883572582,47,sunflower,salty clay Loamy soil
19895,0.7155148891642061,0.17449124089587287,-0.6043429600973992,1.114202454544477,1.1945497169251689,-0.3259244557135695,-0.3338638127521039,-1.294723498072819,1.0924725764292025,-0.31333498347697825,-1.0488883026424736,-0.6528346826895977,47,sunflower,salty clay Loamy soil
19899,0.7155148891642061,0.17449124089587287,-0.6043429600973992,1.114202454544477,1.963929414602369,-0.3410414224860247,-0.7774416897168711,-1.4917396675263057,0.7340248519622056,-0.4109202992177713,-0.4889633728435223,-0.9079281158869403,47,sunflower,salty clay Loamy soil
19903,0.7155148891642061,0.17449124089587287,-0.6043429600973992,1.114202454544477,1.1945497169251689,-0.34482066417913854,-0.0608928115430169,-1.2178254490268714,0.6044654334801585,-0.3044635911369062,-1.2063671891484287,-1.272347306168858,47,sunflower,salty clay Loamy soil
19911,0.7155148891642061,0.17449124089587287,-0.6043429600973992,1.114202454544477,1.0406737773897279,-0.42418473973452847,-0.6750775642634631,-1.2315772899146502,0.3928517166261479,-0.13590713667553617,-0.9905627891217494,-0.6819882179121513,47,sunflower,salty clay Loamy soil
19919,0.7155148891642061,0.17449124089587287,-0.6043429600973992,1.114202454544477,-0.036457799358352465,-0.31647635148078496,-0.1973783121475601,-1.425786961227774,0.9974623362090346,-1.0910603786232993,-0.9380698269530977,-0.9698793782348663,47,sunflower,salty clay Loamy soil
19923,0.7155148891642061,0.17449124089587287,-0.6043429600973992,1.114202454544477,2.1178053541378086,-0.31269710978767107,-0.7433203145657353,-1.2096866044198185,0.7772113247895547,-0.4671057840382281,-0.5472888863642464,-1.1958192762096556,47,sunflower,salty clay Loamy soil
19927,0.7155148891642061,0.17449124089587287,-0.6043429600973992,1.114202454544477,1.1945497169251689,-0.3580480101050367,-0.5897741263856233,-1.1821829226442604,0.8419910340305783,-0.15364992135568062,-1.013892994530039,-1.1593773571814636,47,sunflower,salty clay Loamy soil
19931,0.7155148891642061,0.17449124089587287,-0.6043429600973992,1.114202454544477,0.27129407971252784,-0.3202555931738985,-0.40210656305437614,-1.2557131739217726,0.5440043715218695,-0.5913052767992376,-1.5038273081041216,-1.1739541247927403,47,sunflower,salty clay Loamy soil
19935,0.7155148891642061,0.17449124089587287,-0.6043429600973992,1.114202454544477,1.963929414602369,-0.3712753560309351,-0.3679851879032397,-1.1588889880792472,0.8203977976169037,-0.20687827539611314,-1.352180972950239,-0.9990329134574197,47,sunflower,salty clay Loamy soil
19939,0.7155148891642061,0.17449124089587287,-0.6043429600973992,1.114202454544477,1.3484256564606083,-0.2805735553962036,-0.1632569369964243,-1.2158609003286172,1.00178098349177,-1.2004742174841885,-1.0547208539945458,-0.7913139749967266,47,sunflower,salty clay Loamy soil
19943,0.7155148891642061,0.17449124089587287,-0.6043429600973992,1.114202454544477,1.8100534750669282,-0.37316497687749217,-0.3338638127521039,-1.2731134623920235,1.070879340015528,-0.7302904234603671,-0.6114469512370426,-1.0901377110278991,47,sunflower,salty clay Loamy soil
19947,0.7155148891642061,0.17449124089587287,-0.6043429600973992,1.114202454544477,0.27129407971252784,-0.3674961143378212,-0.2485603748742641,-1.2860233538376935,0.8290350921823736,-0.3843061221975552,-1.3346833188940217,-0.8459768535390143,47,sunflower,salty clay Loamy soil
19951,0.7155148891642061,0.17449124089587287,-0.6043429600973992,1.114202454544477,1.8100534750669282,-0.36560649349126445,-0.009710748816312897,-1.1151076170895833,0.5180924878254604,-0.6504478923997183,-1.4513343459354697,-0.9662351863320471,47,sunflower,salty clay Loamy soil
19955,0.7155148891642061,0.17449124089587287,-0.6043429600973992,1.114202454544477,1.5023015959960477,-0.4430809482000975,-0.5897741263856233,-1.3848120883784734,0.9067707432716018,-1.2004742174841885,-1.1013812648111252,-1.188530892404017,47,sunflower,salty clay Loamy soil
19967,0.7155148891642061,0.17449124089587287,-0.6043429600973992,1.114202454544477,1.1945497169251689,-0.36371687264470765,-0.5556527512344875,-1.362360103255569,0.5958281389146886,-0.13295000589551229,-0.6464422593494771,-0.9407258430123129,47,sunflower,salty clay Loamy soil
19971,0.7155148891642061,0.17449124089587287,-0.6043429600973992,1.114202454544477,1.5023015959960477,-0.3807234602637196,-0.7774416897168711,-1.5077367069263752,0.8117605030514338,-0.5410340535388289,-0.6581073620536221,-1.0318306405827924,47,sunflower,salty clay Loamy soil
19975,0.7155148891642061,0.17449124089587287,-0.6043429600973992,1.114202454544477,1.963929414602369,-0.39395080618961803,0.0073499387592553065,-1.3702182980485853,0.7512994410931448,-0.11816435199539212,-1.1772044323880666,-0.6601230664952361,47,sunflower,salty clay Loamy soil
19979,0.7155148891642061,0.17449124089587287,-0.6043429600973992,1.114202454544477,0.4251700192479687,-0.335372559946354,-0.1973783121475601,-1.0932169315947515,1.0579233981673235,-0.36656333751741077,-1.3580135243023115,-1.0609841758053458,47,sunflower,salty clay Loamy soil
19983,0.7155148891642061,0.17449124089587287,-0.6043429600973992,1.114202454544477,1.3484256564606083,-0.3996196687292887,-0.3168031251765363,-1.3222271798483771,1.0838352818637327,-0.5262483996387088,-0.8797443134323736,-1.04276321629125,47,sunflower,salty clay Loamy soil
19987,0.7155148891642061,0.17449124089587287,-0.6043429600973992,1.114202454544477,0.8867978378542885,-0.28435279708931743,-0.7091989394145989,-1.3244723783606676,0.6562892008729775,-0.31037785269695434,-1.2005346377963562,-0.6819882179121513,47,sunflower,salty clay Loamy soil
19991,0.7155148891642061,0.17449124089587287,-0.6043429600973992,1.114202454544477,0.27129407971252784,-0.4279639814276423,-0.7091989394145989,-1.0901297836403523,1.062242045450058,-0.2453209755364255,-0.6581073620536221,-0.6710556422036936,47,sunflower,salty clay Loamy soil
19995,0.7155148891642061,0.17449124089587287,-0.6043429600973992,1.114202454544477,0.4251700192479687,-0.41662625634830097,-0.7433203145657353,-1.1510307932862305,0.9283639796852763,-0.200964013836065,-0.5414563350121739,-1.144800589570187,47,sunflower,salty clay Loamy soil
20003,0.7155148891642061,0.17449124089587287,-0.6043429600973992,1.114202454544477,0.11741814017708838,-0.40339891042240256,0.31444231511947873,-1.384531438564437,1.1831641693666353,-1.573072695767217,-0.9439023783051701,-1.2869240737801348,23,gingely,salty clay Loamy soil
20007,0.7155148891642061,0.17449124089587287,-0.6043429600973992,1.114202454544477,-0.19033373889379193,-0.458197914972553,0.3656243778461821,-1.4631133864946027,0.9801877470780953,-1.7741575888088514,-0.8097536972075049,-1.1375122057645486,23,gingely,salty clay Loamy soil
20011,0.7155148891642061,0.17449124089587287,-0.6043429600973992,1.114202454544477,1.0406737773897279,-0.3674961143378212,1.082173256020037,-1.4468356972804968,1.0060996307745045,-1.4370446798861114,-0.7397630809826358,-1.2249728114322087,23,gingely,salty clay Loamy soil
20015,0.7155148891642061,0.17449124089587287,-0.6043429600973992,1.114202454544477,-0.6519615575001118,-0.42418473973452847,0.1097140642126627,-1.3985639292662524,0.582872197066484,-1.7091007116483226,-1.2180322918525734,-0.9188606915953978,23,gingely,salty clay Loamy soil
20019,0.7155148891642061,0.17449124089587287,-0.6043429600973992,1.114202454544477,1.5023015959960477,-0.39395080618961803,0.8092022548109493,-1.3932315827995625,0.677882437286652,-1.6233439190276255,-0.7747583890950703,-1.3087892251970499,23,gingely,salty clay Loamy soil
20023,0.7155148891642061,0.17449124089587287,-0.6043429600973992,1.114202454544477,-0.8058374970355525,-0.40528853126895936,0.12677475178823092,-1.4384162028594076,0.8117605030514338,-1.4340875491060874,-1.2005346377963562,-1.210396043820932,23,gingely,salty clay Loamy soil
20027,0.7155148891642061,0.17449124089587287,-0.6043429600973992,1.114202454544477,-0.6519615575001118,-0.40339891042240256,0.9456877554154931,-1.479952375336781,0.7772113247895547,-1.6410867037077699,-1.1363765729235598,-0.9225048834982169,23,gingely,salty clay Loamy soil
20035,0.7155148891642061,0.17449124089587287,-0.6043429600973992,1.114202454544477,-1.5752171947127527,-0.4487498107397685,1.6451759460137791,-1.3820055902381103,0.8722215650097227,-1.8066860273891157,-1.2005346377963562,-1.0136096810686963,23,gingely,salty clay Loamy soil
20039,0.7155148891642061,0.17449124089587287,-0.6043429600973992,1.114202454544477,-1.421341255177312,-0.4355224648138701,0.16089612693936672,-1.490055768642088,0.9542758633816855,-1.3039737947850298,-1.0255580972341838,-1.3270101847111457,23,gingely,salty clay Loamy soil
20043,0.7155148891642061,0.17449124089587287,-0.6043429600973992,1.114202454544477,-1.1135893761064315,-0.4015092895758458,0.26326025239277473,-1.415683567922467,0.7858486193550246,-1.8007717658290676,-1.4105064864709629,-1.1047144786391758,23,gingely,salty clay Loamy soil
20047,0.7155148891642061,0.17449124089587287,-0.6043429600973992,1.114202454544477,-0.3442096784292314,-0.3996196687292887,0.26326025239277473,-1.4313999575085001,0.5526416660873394,-1.6026440035674572,-1.0255580972341838,-0.7220743288431622,23,gingely,salty clay Loamy soil
20051,0.7155148891642061,0.17449124089587287,-0.6043429600973992,1.114202454544477,0.27129407971252784,-0.4279639814276423,1.6792973211649156,-1.4892138191999793,1.2263506421939845,-1.570115564987193,-0.6406097079974047,-0.962590994429228,23,gingely,salty clay Loamy soil
20055,0.7155148891642061,0.17449124089587287,-0.6043429600973992,1.114202454544477,-1.421341255177312,-0.3674961143378212,1.1333553187467404,-1.3730247961889483,0.6908383791348566,-1.7091007116483226,-1.2180322918525734,-1.08649351912508,23,gingely,salty clay Loamy soil
20059,0.7155148891642061,0.17449124089587287,-0.6043429600973992,1.114202454544477,-0.036457799358352465,-0.3693857351843783,0.2973816275439105,-1.451606744119114,0.3928517166261479,-1.6026440035674572,-1.083883610754908,-0.6491904907867787,23,gingely,salty clay Loamy soil
20063,0.7155148891642061,0.17449124089587287,-0.6043429600973992,1.114202454544477,-0.49808561796467227,-0.433632843967313,1.3210228820779881,-1.4465550474664606,0.889496154140662,-1.729800627108491,-1.4746645513437595,-1.305145033294231,23,gingely,salty clay Loamy soil
20071,0.7155148891642061,0.17449124089587287,-0.6043429600973992,1.114202454544477,-0.19033373889379193,-0.3807234602637196,0.09265337663709511,-1.367973099536295,0.6001467861974232,-1.7209292347684186,-0.8097536972075049,-0.6346137231755018,23,gingely,salty clay Loamy soil
20075,0.7155148891642061,0.17449124089587287,-0.6043429600973992,1.114202454544477,-1.421341255177312,-0.45441867327943913,0.7921415672353811,-1.487529920315761,0.5612789606528095,-1.6972721885282265,-1.2705252540212253,-0.7184301369403431,23,gingely,salty clay Loamy soil
20079,0.7155148891642061,0.17449124089587287,-0.6043429600973992,1.114202454544477,1.5023015959960477,-0.4279639814276423,0.8603843175376533,-1.4325225567646453,1.2177133476285151,-1.590815480447361,-0.7864234917992149,-1.1338680138617294,23,gingely,salty clay Loamy soil
20083,0.7155148891642061,0.17449124089587287,-0.6043429600973992,1.114202454544477,0.27129407971252784,-0.3845027019568335,0.2461995648172065,-1.4754619783122,0.7685740302240848,-1.2507454407445973,-1.5271575135124111,-1.2249728114322087,23,gingely,salty clay Loamy soil
20091,0.7155148891642061,0.17449124089587287,-0.6043429600973992,1.114202454544477,1.1945497169251689,-0.4185158771948578,0.6727167542064055,-1.4162448675505397,0.7642553829413501,-1.7357148886685387,-0.558953989068391,-0.8459768535390143,23,gingely,salty clay Loamy soil
20095,0.7155148891642061,0.17449124089587287,-0.6043429600973992,1.114202454544477,-1.2674653156418723,-0.3901715644965042,0.7750808796598135,-1.382566889866183,0.4317195421707623,-1.2951024024449578,-1.439669243231325,-0.9370816511094937,23,gingely,salty clay Loamy soil
20099,0.7155148891642061,0.17449124089587287,-0.6043429600973992,1.114202454544477,-0.19033373889379193,-0.3996196687292887,0.9627484429910608,-1.4238224125295198,1.1918014639321053,-1.673615142288034,-0.5122935782518119,-0.8386884697333759,23,gingely,salty clay Loamy soil
20107,0.7155148891642061,0.17449124089587287,-0.6043429600973992,1.114202454544477,1.8100534750669282,-0.4298536022741994,0.7750808796598135,-1.4611488377963486,1.1788455220839007,-1.410430502865895,-1.6204783351455698,-0.8897071563728443,23,gingely,salty clay Loamy soil
20119,0.7155148891642061,0.17449124089587287,-0.6043429600973992,1.114202454544477,1.6561775355314885,-0.3845027019568335,0.9115663802643573,-1.443187249698025,0.837672386747843,-1.321716579465174,-0.5472888863642464,-1.254126346654762,23,gingely,salty clay Loamy soil
20123,0.7155148891642061,0.17449124089587287,-0.6043429600973992,1.114202454544477,0.27129407971252784,-0.4374120856604269,0.9456877554154931,-1.424945011785665,1.1183844601256119,-1.4577445953462795,-1.4921622053999766,-0.7730930154826308,23,gingely,salty clay Loamy soil
20127,0.7155148891642061,0.17449124089587287,-0.6043429600973992,1.114202454544477,2.1178053541378086,-0.3693857351843783,1.2357194442001485,-1.472374830357801,0.8247164448996384,-1.8096431581691397,-0.6406097079974047,-0.638257915078321,23,gingely,salty clay Loamy soil
20131,0.7155148891642061,0.17449124089587287,-0.6043429600973992,1.114202454544477,-0.19033373889379193,-0.36560649349126445,0.9627484429910608,-1.4212965642031932,0.8592656231615174,-1.3483307564853904,-0.5881167458287531,-0.6273253393698636,23,gingely,salty clay Loamy soil
20139,0.7155148891642061,0.17449124089587287,-0.6043429600973992,1.114202454544477,1.963929414602369,-0.4449705690466546,1.1504160063223086,-1.4291547589962095,0.5353670769563996,-1.3365022333652943,-0.6406097079974047,-1.2905682656829538,23,gingely,salty clay Loamy soil
20143,0.7155148891642061,0.17449124089587287,-0.6043429600973992,1.114202454544477,1.1945497169251689,-0.4185158771948578,0.6727167542064055,-1.3907057344732356,0.4317195421707623,-1.3424164949253423,-0.7164328755743462,-1.3270101847111457,23,gingely,salty clay Loamy soil
20147,0.7155148891642061,0.17449124089587287,-0.6043429600973992,1.114202454544477,-0.3442096784292314,-0.4411913273535407,0.28032093996834234,-1.4476776467226058,0.5353670769563996,-1.6233439190276255,-1.626310886497642,-1.1229354381532717,23,gingely,salty clay Loamy soil
20151,0.7155148891642061,0.17449124089587287,-0.6043429600973992,1.114202454544477,1.1945497169251689,-0.3977300478827319,0.928627067839925,-1.4521680437471869,0.7988045612032292,-1.3897305874057269,-1.5213249621603386,-1.064628367708165,23,gingely,salty clay Loamy soil
20155,0.7155148891642061,0.17449124089587287,-0.6043429600973992,1.114202454544477,0.4251700192479687,-0.3901715644965042,0.877445005113221,-1.4313999575085001,0.6606078481557122,-1.7327577578885147,-1.0372231999383288,-0.8933513482756635,23,gingely,salty clay Loamy soil
20159,0.7155148891642061,0.17449124089587287,-0.6043429600973992,1.114202454544477,-1.1135893761064315,-0.45252905243288205,0.7409595045086778,-1.4106318712698134,0.5396857242391349,-1.7179721039883946,-0.6056143998849705,-1.2614147304604006,23,gingely,salty clay Loamy soil
20163,0.7155148891642061,0.17449124089587287,-0.6043429600973992,1.114202454544477,-1.729093134248192,-0.458197914972553,1.1845373814734443,-1.4429065998839887,0.5353670769563996,-1.33354510258527,-1.28219035672537,-1.1557331652786444,23,gingely,salty clay Loamy soil
20167,0.7155148891642061,0.17449124089587287,-0.6043429600973992,1.114202454544477,-0.6519615575001118,-0.375054597724049,0.4509278157240219,-1.4771458771964179,1.157252285670226,-1.744586281008611,-0.5006284755476669,-1.210396043820932,23,gingely,salty clay Loamy soil
20171,0.7155148891642061,0.17449124089587287,-0.6043429600973992,1.114202454544477,0.8867978378542885,-0.4430809482000975,1.1674766938978767,-1.4591842890980944,0.5180924878254604,-1.8126002889491637,-0.5647865404204635,-0.7257185207459812,23,gingely,salty clay Loamy soil
20175,0.7155148891642061,0.17449124089587287,-0.6043429600973992,1.114202454544477,-1.421341255177312,-0.40906777296207325,0.7750808796598135,-1.4013704274066154,0.6865197318521213,-1.2537025715246213,-1.0780510594028356,-0.7840255911910882,23,gingely,salty clay Loamy soil
20179,0.7155148891642061,0.17449124089587287,-0.6043429600973992,1.114202454544477,0.27129407971252784,-0.40339891042240256,1.4916297578336677,-1.3738667456310574,0.6822010845693867,-1.3601592796054867,-1.11304636751527,-0.9735235701376855,23,gingely,salty clay Loamy soil
20183,0.7155148891642061,0.17449124089587287,-0.6043429600973992,1.114202454544477,1.1945497169251689,-0.4411913273535407,0.5703526287529982,-1.505491508414085,1.1227031074083471,-1.5346299956269045,-1.1480416756277045,-1.068272559610984,23,gingely,salty clay Loamy soil
20187,0.7155148891642061,0.17449124089587287,-0.6043429600973992,1.114202454544477,0.27129407971252784,-0.4374120856604269,0.7750808796598135,-1.3884605359609452,0.794485913920494,-1.6854436654081304,-0.5472888863642464,-0.8459768535390143,23,gingely,salty clay Loamy soil
20191,0.7155148891642061,0.17449124089587287,-0.6043429600973992,1.114202454544477,-1.421341255177312,-0.4468601898932114,0.46798850329959013,-1.4347677552769358,0.617421375328363,-1.5553299110870726,-0.9439023783051701,-0.6419021069811403,23,gingely,salty clay Loamy soil
20195,0.7155148891642061,0.17449124089587287,-0.6043429600973992,1.114202454544477,1.0406737773897279,-0.458197914972553,1.30396219450242,-1.433083856392718,1.0579233981673235,-1.4340875491060874,-0.6406097079974047,-1.330654376613965,23,gingely,salty clay Loamy soil
20199,0.7155148891642061,0.17449124089587287,-0.6043429600973992,1.114202454544477,2.1178053541378086,-0.41473663550174394,0.21207818966607073,-1.4198933151330115,0.8074418557686991,-1.6706580115080103,-1.1655393296839218,-1.1229354381532717,23,gingely,salty clay Loamy soil
20203,0.7155148891642061,0.17449124089587287,-0.6043429600973992,1.114202454544477,-1.421341255177312,-0.4185158771948578,0.1950175020905025,-1.4998785121333589,0.6865197318521213,-1.4163447644259433,-1.3171856648378044,-0.9698793782348663,23,gingely,salty clay Loamy soil
20211,0.7155148891642061,0.17449124089587287,-0.6043429600973992,1.114202454544477,-1.2674653156418723,-0.4411913273535407,1.4916297578336677,-1.4232611129014472,0.7988045612032292,-1.407473372085871,-0.5647865404204635,-1.064628367708165,23,gingely,salty clay Loamy soil
20215,0.7155148891642061,0.17449124089587287,-0.6043429600973992,1.114202454544477,-0.8058374970355525,-0.3920611853430612,0.5191705660262941,-1.433083856392718,1.070879340015528,-1.7091007116483226,-0.9439023783051701,-0.7257185207459812,23,gingely,salty clay Loamy soil
20223,0.7155148891642061,0.17449124089587287,-0.6043429600973992,1.114202454544477,-0.3442096784292314,-0.39584042703617484,1.1162946311711728,-1.4821975738490716,0.38421442206067796,-1.5553299110870726,-0.7339305296305633,-1.0901377110278991,23,gingely,salty clay Loamy soil
20227,0.7155148891642061,0.17449124089587287,-0.6043429600973992,1.114202454544477,0.5790459587834081,-0.4279639814276423,0.2973816275439105,-1.393792882427635,0.96723180522989,-1.4459160722261835,-1.5446551675686284,-1.1010702867363569,23,gingely,salty clay Loamy soil
20231,0.7155148891642061,0.17449124089587287,-0.6043429600973992,1.114202454544477,2.1178053541378086,-0.458197914972553,0.28032093996834234,-1.4328032065786815,0.6087840807628931,-1.2773596177648134,-1.3463484215981665,-0.7147859450375238,23,gingely,salty clay Loamy soil
20235,0.7155148891642061,0.17449124089587287,-0.6043429600973992,1.114202454544477,0.4251700192479687,-0.3996196687292887,0.8603843175376533,-1.4294354088102459,0.6994756737003265,-1.2241312637243809,-1.3113531134857321,-0.6819882179121513,23,gingely,salty clay Loamy soil
20239,0.7155148891642061,0.17449124089587287,-0.6043429600973992,1.114202454544477,1.0406737773897279,-0.4411913273535407,0.43386712814845435,-1.4951074652947414,0.5785535497837486,-1.5523727803070488,-0.9089070701927356,-0.8678420049559294,23,gingely,salty clay Loamy soil
20243,0.7155148891642061,0.17449124089587287,-0.6043429600973992,1.114202454544477,-1.5752171947127527,-0.4355224648138701,0.8433236299620851,-1.4069834236873415,0.6606078481557122,-1.561244172647121,-0.8914094161365186,-0.6965649855234279,23,gingely,salty clay Loamy soil
20247,0.7155148891642061,0.17449124089587287,-0.6043429600973992,1.114202454544477,-0.6519615575001118,-0.40339891042240256,0.8262629423865175,-1.4229804630874108,0.9974623362090346,-1.590815480447361,-1.1480416756277045,-1.1739541247927403,23,gingely,salty clay Loamy soil
20251,0.7155148891642061,0.17449124089587287,-0.6043429600973992,1.114202454544477,0.7329218983188477,-0.3807234602637196,1.3551442572291246,-1.368815048978404,0.9370012742507463,-1.2921452716649338,-1.28219035672537,-1.2213286195293895,23,gingely,salty clay Loamy soil
20255,0.7155148891642061,0.17449124089587287,-0.6043429600973992,1.114202454544477,0.27129407971252784,-0.4487498107397685,1.7134186963160507,-1.381724940424074,0.4619500731499067,-1.4666159876863516,-0.5531214377163185,-0.6455462988839594,23,gingely,salty clay Loamy soil
20259,0.7155148891642061,0.17449124089587287,-0.6043429600973992,1.114202454544477,0.5790459587834081,-0.458197914972553,0.877445005113221,-1.4524486935612229,1.1270217546910817,-1.2714453562047656,-1.6088132324414248,-0.6710556422036936,23,gingely,salty clay Loamy soil
20263,0.7155148891642061,0.17449124089587287,-0.6043429600973992,1.114202454544477,1.0406737773897279,-0.4468601898932114,1.6622366335893475,-1.403896275732942,0.8419910340305783,-1.2684882254247414,-1.1072138161631977,-0.9553026106235897,23,gingely,salty clay Loamy soil
20267,0.7155148891642061,0.17449124089587287,-0.6043429600973992,1.114202454544477,-1.1135893761064315,-0.3882819436499474,1.5769331957115076,-1.4196126653189753,1.1702082275184307,-1.2891881408849095,-0.5881167458287531,-0.7767372073854499,23,gingely,salty clay Loamy soil
20271,0.7155148891642061,0.17449124089587287,-0.6043429600973992,1.114202454544477,-0.9597134365709921,-0.3920611853430612,1.3892656323802597,-1.4496421954208598,1.0967912237119373,-1.6913579269681782,-0.8330839026157945,-1.0755609434166225,23,gingely,salty clay Loamy soil
20275,0.7155148891642061,0.17449124089587287,-0.6043429600973992,1.114202454544477,0.4251700192479687,-0.40906777296207325,1.5257511329848041,-1.5010011113895039,0.6692451427211821,-1.6292581805876736,-1.2180322918525734,-1.3197218009055074,23,gingely,salty clay Loamy soil
20279,0.7155148891642061,0.17449124089587287,-0.6043429600973992,1.114202454544477,-0.9597134365709921,-0.4411913273535407,0.31444231511947873,-1.4036156259189059,0.8117605030514338,-1.6410867037077699,-0.9030745188406631,-1.0063212972630582,23,gingely,salty clay Loamy soil
20283,0.7155148891642061,0.17449124089587287,-0.6043429600973992,1.114202454544477,-0.19033373889379193,-0.3996196687292887,0.6727167542064055,-1.4187707158768663,0.4317195421707623,-1.3039737947850298,-1.323018216189877,-1.1775983166955595,23,gingely,salty clay Loamy soil
20287,0.7155148891642061,0.17449124089587287,-0.6043429600973992,1.114202454544477,0.7329218983188477,-0.3769442185706058,1.082173256020037,-1.5012817612035403,0.9154080378370717,-1.587858349667337,-1.6146457837934973,-0.6892766017177895,23,gingely,salty clay Loamy soil
20291,0.7155148891642061,0.17449124089587287,-0.6043429600973992,1.114202454544477,-1.1135893761064315,-0.4393017065069839,1.1162946311711728,-1.3693763486064765,1.0579233981673235,-1.7623290656887551,-0.7864234917992149,-0.7913139749967266,23,gingely,salty clay Loamy soil
20295,0.7155148891642061,0.17449124089587287,-0.6043429600973992,1.114202454544477,1.5023015959960477,-0.42040549804141486,1.1845373814734443,-1.4187707158768663,0.6735637900039168,-1.6026440035674572,-1.142209124275632,-1.0500516000968882,23,gingely,salty clay Loamy soil
20299,0.7155148891642061,0.17449124089587287,-0.6043429600973992,1.114202454544477,1.8100534750669282,-0.42229511888797167,1.5428118205603711,-1.4662005344490021,0.48786195684631595,-1.4725302492463999,-0.5764516431246085,-0.900639732081302,23,gingely,salty clay Loamy soil
20307,0.7155148891642061,0.17449124089587287,-0.6043429600973992,1.114202454544477,-0.6519615575001118,-0.45252905243288205,0.8433236299620851,-1.3932315827995625,0.4533127785844368,-1.7091007116483226,-1.3288507675419494,-0.8787745806643869,23,gingely,salty clay Loamy soil
20315,0.7155148891642061,0.17449124089587287,-0.6043429600973992,1.114202454544477,-0.036457799358352465,-0.45630829412599594,1.2869015069268517,-1.469848982031474,0.5915094916319539,-1.661786619167938,-0.4889633728435223,-0.6819882179121513,23,gingely,salty clay Loamy soil
20319,0.7155148891642061,0.17449124089587287,-0.6043429600973992,1.114202454544477,1.0406737773897279,-0.45252905243288205,0.21207818966607073,-1.4210159143891568,0.7297062046794703,-1.5346299956269045,-1.153874226979777,-1.0318306405827924,23,gingely,salty clay Loamy soil
20323,0.7155148891642061,0.17449124089587287,-0.6043429600973992,1.114202454544477,-1.5752171947127527,-0.3674961143378212,1.3380835696535565,-1.3749893448872026,1.0233742199054443,-1.65587235760789,-1.013892994530039,-1.064628367708165,23,gingely,salty clay Loamy soil
20331,0.7155148891642061,0.17449124089587287,-0.6043429600973992,1.114202454544477,-0.6519615575001118,-0.42040549804141486,0.3997457529973185,-1.4631133864946027,1.1011098709946725,-1.649958096047842,-1.0197255458821115,-0.7220743288431622,23,gingely,salty clay Loamy soil
20335,0.7155148891642061,0.17449124089587287,-0.6043429600973992,1.114202454544477,1.3484256564606083,-0.3920611853430612,1.3722049448046916,-1.4465550474664606,0.38421442206067796,-1.33354510258527,-0.9614000323613874,-0.8532652373446525,23,gingely,salty clay Loamy soil
20339,0.7155148891642061,0.17449124089587287,-0.6043429600973992,1.114202454544477,-0.8058374970355525,-0.4279639814276423,0.3997457529973185,-1.4218578638312658,0.48786195684631595,-1.6203867882476015,-0.5239586809559564,-0.904283923984121,23,gingely,salty clay Loamy soil
20343,0.7155148891642061,0.17449124089587287,-0.6043429600973992,1.114202454544477,1.6561775355314885,-0.4279639814276423,1.0139305057177648,-1.422138513645302,1.088153929146468,-1.6351724421477216,-1.013892994530039,-1.0828493272222608,23,gingely,salty clay Loamy soil
20347,0.7155148891642061,0.17449124089587287,-0.6043429600973992,1.114202454544477,-0.9597134365709921,-0.37316497687749217,0.041471313910391105,-1.4880912199438339,0.6303773171765676,-1.7771147195888752,-0.8214187999116495,-0.8933513482756635,23,gingely,salty clay Loamy soil
20355,0.7155148891642061,0.17449124089587287,-0.6043429600973992,1.114202454544477,-1.1135893761064315,-0.42418473973452847,0.502109878450726,-1.410070571641741,0.889496154140662,-1.661786619167938,-1.142209124275632,-0.7986023588023649,23,gingely,salty clay Loamy soil
20363,0.7155148891642061,0.17449124089587287,-0.6043429600973992,1.114202454544477,1.963929414602369,-0.3674961143378212,0.4509278157240219,-1.478268476452563,0.8290350921823736,-1.5168872109467604,-0.7047677728702012,-1.144800589570187,23,gingely,salty clay Loamy soil
20367,0.7155148891642061,0.17449124089587287,-0.6043429600973992,1.114202454544477,1.1945497169251689,-0.4393017065069839,0.655656066630838,-1.4597455887261672,1.1831641693666353,-1.6292581805876736,-0.7164328755743462,-1.2978566494885924,23,gingely,salty clay Loamy soil
20371,0.7155148891642061,0.17449124089587287,-0.6043429600973992,1.114202454544477,-0.3442096784292314,-0.3769442185706058,1.6622366335893475,-1.451606744119114,0.5137738405427251,-1.6292581805876736,-0.4772982701393773,-1.0136096810686963,23,gingely,salty clay Loamy soil
20375,0.7155148891642061,0.17449124089587287,-0.6043429600973992,1.114202454544477,-0.3442096784292314,-0.3996196687292887,0.3997457529973185,-1.3907057344732356,0.4533127785844368,-1.2684882254247414,-1.398841383766818,-1.2905682656829538,23,gingely,salty clay Loamy soil
20383,0.7155148891642061,0.17449124089587287,-0.6043429600973992,1.114202454544477,0.11741814017708838,-0.3807234602637196,1.5428118205603711,-1.5015624110175763,0.7081129682657958,-1.7327577578885147,-0.7922560431512874,-1.126579630056091,23,gingely,salty clay Loamy soil
20387,0.7155148891642061,0.17449124089587287,-0.6043429600973992,1.114202454544477,-0.6519615575001118,-0.41095739380863033,0.38268506542175035,-1.403896275732942,1.1788455220839007,-1.6943150577482025,-0.9205721728968805,-1.2504821547519431,23,gingely,salty clay Loamy soil
20391,0.7155148891642061,0.17449124089587287,-0.6043429600973992,1.114202454544477,1.0406737773897279,-0.40717815211551645,0.7238988169331095,-1.413999669038249,1.1615709329529609,-1.726843496328467,-0.5764516431246085,-0.7220743288431622,23,gingely,salty clay Loamy soil
20399,0.7155148891642061,0.17449124089587287,-0.6043429600973992,1.114202454544477,-0.9597134365709921,-0.40339891042240256,1.0480518808689006,-1.4569390905858042,0.522411135108195,-1.7919003734889953,-1.1013812648111252,-1.1338680138617294,23,gingely,salty clay Loamy soil
20403,0.7155148891642061,0.17449124089587287,-0.6043429600973992,1.114202454544477,1.0406737773897279,-0.458197914972553,0.6727167542064055,-1.467042483891111,0.98450639436083,-1.5346299956269045,-1.6379759892017869,-1.0828493272222608,23,gingely,salty clay Loamy soil
20411,0.7155148891642061,0.17449124089587287,-0.6043429600973992,1.114202454544477,0.7329218983188477,-0.36560649349126445,0.7238988169331095,-1.4401001017436257,0.6131027280456284,-1.5494156495270248,-1.3930088324147458,-0.6674114503008746,23,gingely,salty clay Loamy soil
20419,0.7155148891642061,0.17449124089587287,-0.6043429600973992,1.114202454544477,1.8100534750669282,-0.3788338394171628,1.2698408193512847,-1.4521680437471869,0.5396857242391349,-1.4252161567660153,-1.0897161621069804,-1.3015008413914115,23,gingely,salty clay Loamy soil
20423,0.7155148891642061,0.17449124089587287,-0.6043429600973992,1.114202454544477,-1.421341255177312,-0.3693857351843783,0.8433236299620851,-1.3721828467468395,1.2349879367594543,-1.664743749947962,-1.5329900648644836,-1.2395495790434854,23,gingely,salty clay Loamy soil
20431,0.7155148891642061,0.17449124089587287,-0.6043429600973992,1.114202454544477,-0.8058374970355525,-0.4355224648138701,1.0309911932933329,-1.3730247961889483,0.8160791503341684,-1.3572021488254624,-0.9439023783051701,-1.3270101847111457,23,gingely,salty clay Loamy soil
20435,0.7155148891642061,0.17449124089587287,-0.6043429600973992,1.114202454544477,-1.1135893761064315,-0.3845027019568335,1.5939938832870757,-1.487529920315761,0.42308224760529234,-1.5109729493867121,-0.5881167458287531,-0.9115723077897594,23,gingely,salty clay Loamy soil
20439,0.7155148891642061,0.17449124089587287,-0.6043429600973992,1.114202454544477,-0.9597134365709921,-0.37316497687749217,1.3551442572291246,-1.4078253731294503,0.4489941313017015,-1.8066860273891157,-0.6172795025891151,-1.0828493272222608,23,gingely,salty clay Loamy soil
20443,0.7155148891642061,0.17449124089587287,-0.6043429600973992,1.114202454544477,0.4251700192479687,-0.4468601898932114,1.730479383891619,-1.485565371617507,0.47058736771537607,-1.496187295486592,-1.3113531134857321,-0.8860629644700253,23,gingely,salty clay Loamy soil
20447,0.7155148891642061,0.17449124089587287,-0.6043429600973992,1.114202454544477,-0.6519615575001118,-0.4449705690466546,0.604474003904134,-1.380882990981965,0.8679029177269875,-1.5523727803070488,-1.0313906485862563,-0.8897071563728443,23,gingely,salty clay Loamy soil
20455,0.7155148891642061,0.17449124089587287,-0.6043429600973992,1.114202454544477,0.11741814017708838,-0.45441867327943913,0.7409595045086778,-1.4429065998839887,0.6649264954384467,-1.5139300801667361,-1.0372231999383288,-0.7038533693290664,23,gingely,salty clay Loamy soil
20459,0.7155148891642061,0.17449124089587287,-0.6043429600973992,1.114202454544477,-0.6519615575001118,-0.4374120856604269,0.33150300269504634,-1.4642359857507479,0.889496154140662,-1.753457673348683,-0.9147396215448081,-0.8751303887615676,23,gingely,salty clay Loamy soil
20463,0.7155148891642061,0.17449124089587287,-0.6043429600973992,1.114202454544477,1.5023015959960477,-0.3845027019568335,1.5598725081359395,-1.478268476452563,0.9197266851198064,-1.7623290656887551,-1.0605534053466183,-0.9553026106235897,23,gingely,salty clay Loamy soil
20467,0.7155148891642061,0.17449124089587287,-0.6043429600973992,1.114202454544477,-0.49808561796467227,-0.3693857351843783,0.22913887724163892,-1.3946348318697441,0.8679029177269875,-1.756414804128707,-0.8039211458554324,-0.6819882179121513,23,gingely,salty clay Loamy soil
20471,0.7155148891642061,0.17449124089587287,-0.6043429600973992,1.114202454544477,-0.9597134365709921,-0.375054597724049,1.5257511329848041,-1.371621547118767,0.4317195421707623,-1.2566597023046453,-1.11304636751527,-0.8969955401784827,23,gingely,salty clay Loamy soil
20479,0.7155148891642061,0.17449124089587287,-0.6043429600973992,1.114202454544477,2.1178053541378086,-0.4185158771948578,1.406326319955828,-1.49903656269125,0.48354330956358127,-1.738672019448563,-1.3871762810626733,-0.9188606915953978,23,gingely,salty clay Loamy soil
20483,0.7155148891642061,0.17449124089587287,-0.6043429600973992,1.114202454544477,-0.9597134365709921,-0.4355224648138701,1.3380835696535565,-1.3940735322416713,1.019055572622709,-1.6322153113676976,-0.7339305296305633,-0.6674114503008746,23,gingely,salty clay Loamy soil
20487,0.7155148891642061,0.17449124089587287,-0.6043429600973992,1.114202454544477,0.11741814017708838,-0.4185158771948578,0.31444231511947873,-1.502123710645649,0.96723180522989,-1.3897305874057269,-1.1072138161631977,-1.2614147304604006,23,gingely,salty clay Loamy soil
20495,0.7155148891642061,0.17449124089587287,-0.6043429600973992,1.114202454544477,0.7329218983188477,-0.37316497687749217,1.4233870075313961,-1.4024930266627604,1.0060996307745045,-1.5937726112273853,-1.153874226979777,-1.254126346654762,23,gingely,salty clay Loamy soil
20503,0.7155148891642061,0.17449124089587287,-0.6043429600973992,1.114202454544477,0.5790459587834081,-0.4430809482000975,1.628115258438211,-1.4760232779402729,1.1961201112148405,-1.413387633645919,-1.5796504756810628,-1.1192912462504527,23,gingely,salty clay Loamy soil
20507,0.7155148891642061,0.17449124089587287,-0.6043429600973992,1.114202454544477,1.963929414602369,-0.3788338394171628,0.655656066630838,-1.410070571641741,1.0924725764292025,-1.6203867882476015,-0.827251351263722,-0.8496210454418335,23,gingely,salty clay Loamy soil
20511,0.7155148891642061,0.17449124089587287,-0.6043429600973992,1.114202454544477,1.0406737773897279,-0.45252905243288205,0.48504919087515835,-1.502123710645649,1.070879340015528,-1.2714453562047656,-1.1655393296839218,-0.8095349345108225,23,gingely,salty clay Loamy soil
20515,0.7155148891642061,0.17449124089587287,-0.6043429600973992,1.114202454544477,-1.2674653156418723,-0.3674961143378212,0.09265337663709511,-1.4462743976524244,1.0751979872982627,-1.6144725266875535,-1.398841383766818,-1.1921750843068362,23,gingely,salty clay Loamy soil
20519,0.7155148891642061,0.17449124089587287,-0.6043429600973992,1.114202454544477,0.5790459587834081,-0.36560649349126445,0.33150300269504634,-1.4041769255469785,0.932682626968011,-1.3512878872654144,-1.5738179243289905,-0.842332661636195,23,gingely,salty clay Loamy soil
20523,0.7155148891642061,0.17449124089587287,-0.6043429600973992,1.114202454544477,-1.421341255177312,-0.4393017065069839,0.5703526287529982,-1.485565371617507,0.8592656231615174,-1.2951024024449578,-0.5531214377163185,-1.2140402357237514,23,gingely,salty clay Loamy soil
20531,0.7155148891642061,0.17449124089587287,-0.6043429600973992,1.114202454544477,-0.19033373889379193,-0.45441867327943913,1.3892656323802597,-1.4361710043471172,0.5051365459772558,-1.667700880727986,-1.2471950486129355,-0.6564788745924169,23,gingely,salty clay Loamy soil
20535,0.7155148891642061,0.17449124089587287,-0.6043429600973992,1.114202454544477,-1.1135893761064315,-0.4015092895758458,1.0480518808689006,-1.4563777909577313,0.8203977976169037,-1.4636588569063278,-1.5213249621603386,-1.0281864486799732,23,gingely,salty clay Loamy soil
20539,0.7155148891642061,0.17449124089587287,-0.6043429600973992,1.114202454544477,-1.1135893761064315,-0.3769442185706058,1.2015980690490127,-1.4364516541611536,1.019055572622709,-1.2241312637243809,-0.49479592419559437,-0.7694488235798115,23,gingely,salty clay Loamy soil
20543,0.7155148891642061,0.17449124089587287,-0.6043429600973992,1.114202454544477,1.1945497169251689,-0.4015092895758458,1.2527801317757166,-1.496510714364923,0.9110893905543365,-1.590815480447361,-1.5563202702727732,-1.0026771053602388,23,gingely,salty clay Loamy soil
20547,0.7155148891642061,0.17449124089587287,-0.6043429600973992,1.114202454544477,-1.729093134248192,-0.45630829412599594,0.928627067839925,-1.4022123768487242,0.6044654334801585,-1.312845187125102,-0.49479592419559437,-0.9881003377489622,23,gingely,salty clay Loamy soil
20551,0.7155148891642061,0.17449124089587287,-0.6043429600973992,1.114202454544477,0.4251700192479687,-0.3977300478827319,0.7238988169331095,-1.4889331693859427,0.38421442206067796,-1.6144725266875535,-0.9788976864176047,-0.7402952883572582,23,gingely,salty clay Loamy soil
20555,0.7155148891642061,0.17449124089587287,-0.6043429600973992,1.114202454544477,-0.6519615575001118,-0.4260743605810855,0.3656243778461821,-1.3828475396802191,0.677882437286652,-1.48731590314652,-0.827251351263722,-0.8969955401784827,23,gingely,salty clay Loamy soil
20559,0.7155148891642061,0.17449124089587287,-0.6043429600973992,1.114202454544477,-1.1135893761064315,-0.4355224648138701,1.1162946311711728,-1.428593459368137,1.0320115144709137,-1.3512878872654144,-1.2588601513170803,-0.6892766017177895,23,gingely,salty clay Loamy soil
20563,0.7155148891642061,0.17449124089587287,-0.6043429600973992,1.114202454544477,-0.036457799358352465,-0.42229511888797167,1.730479383891619,-1.4956687649228142,0.40148901119161784,-1.7712004580288274,-0.7339305296305633,-0.7840255911910882,23,gingely,salty clay Loamy soil
20567,0.7155148891642061,0.17449124089587287,-0.6043429600973992,1.114202454544477,-1.729093134248192,-0.41095739380863033,0.928627067839925,-1.4170868169926485,0.9758690997953601,-1.3365022333652943,-0.8797443134323736,-1.2796356899744965,23,gingely,salty clay Loamy soil
20571,0.7155148891642061,0.17449124089587287,-0.6043429600973992,1.114202454544477,2.1178053541378086,-0.458197914972553,0.1438354393637991,-1.3766732437714204,1.1054285182774073,-1.7712004580288274,-0.7222654269264187,-0.8386884697333759,23,gingely,salty clay Loamy soil
20575,0.7155148891642061,0.17449124089587287,-0.6043429600973992,1.114202454544477,-0.49808561796467227,-0.45252905243288205,1.6792973211649156,-1.4131577195961402,0.427400894888027,-1.6470009652678177,-0.7805909404471428,-0.8095349345108225,23,gingely,salty clay Loamy soil
20579,0.7155148891642061,0.17449124089587287,-0.6043429600973992,1.114202454544477,0.5790459587834081,-0.3807234602637196,0.21207818966607073,-1.3831281894942555,0.932682626968011,-1.3039737947850298,-1.083883610754908,-1.144800589570187,23,gingely,salty clay Loamy soil
20583,0.7155148891642061,0.17449124089587287,-0.6043429600973992,1.114202454544477,1.6561775355314885,-0.3826130811102767,0.604474003904134,-1.5010011113895039,0.8549469758787829,-1.6943150577482025,-1.1188789188673425,-1.3197218009055074,23,gingely,salty clay Loamy soil
20587,0.7155148891642061,0.17449124089587287,-0.6043429600973992,1.114202454544477,1.8100534750669282,-0.3901715644965042,0.6385953790552698,-1.4754619783122,1.1831641693666353,-1.2773596177648134,-0.926404724248953,-1.0901377110278991,23,gingely,salty clay Loamy soil
20591,0.7155148891642061,0.17449124089587287,-0.6043429600973992,1.114202454544477,-0.3442096784292314,-0.45441867327943913,0.7580201920842453,-1.4283128095541007,0.49649925141178586,-1.7682433272488032,-0.9555674810093149,-0.944370034915132,23,gingely,salty clay Loamy soil
20595,0.7155148891642061,0.17449124089587287,-0.6043429600973992,1.114202454544477,1.8100534750669282,-0.40717815211551645,0.05853200148595931,-1.4019317270346878,0.9974623362090346,-1.413387633645919,-1.0547208539945458,-1.2796356899744965,23,gingely,salty clay Loamy soil
20599,0.7155148891642061,0.17449124089587287,-0.6043429600973992,1.114202454544477,-0.9597134365709921,-0.4317432231207562,1.0651125684444687,-1.4824782236631078,1.165889580235696,-1.5967297420074094,-1.2180322918525734,-0.8969955401784827,23,gingely,salty clay Loamy soil
20603,0.7155148891642061,0.17449124089587287,-0.6043429600973992,1.114202454544477,-1.1135893761064315,-0.4298536022741994,0.5703526287529982,-1.479952375336781,0.4446754840189669,-1.6351724421477216,-1.4863296540479043,-1.330654376613965,23,gingely,salty clay Loamy soil
20611,0.7155148891642061,0.17449124089587287,-0.6043429600973992,1.114202454544477,1.0406737773897279,-0.40906777296207325,0.21207818966607073,-1.442625950069952,0.6908383791348566,-1.4754873800264239,-1.095548713459053,-0.7147859450375238,23,gingely,salty clay Loamy soil
20615,0.7155148891642061,0.17449124089587287,-0.6043429600973992,1.114202454544477,0.27129407971252784,-0.45063943158632525,0.6897774417819738,-1.435890354533081,0.7556180883758802,-1.2803167485448377,-0.5064610268997394,-0.7585162478713541,23,gingely,salty clay Loamy soil
20623,0.7155148891642061,0.17449124089587287,-0.6043429600973992,1.114202454544477,1.8100534750669282,-0.37316497687749217,1.2527801317757166,-1.3724634965608757,0.7512994410931448,-1.7889432427089715,-1.5563202702727732,-1.2431937709463048,23,gingely,salty clay Loamy soil
20627,0.7155148891642061,0.17449124089587287,-0.6043429600973992,1.114202454544477,0.8867978378542885,-0.3996196687292887,0.9115663802643573,-1.4709715812876194,1.165889580235696,-1.2477883099645732,-0.6406097079974047,-0.6309695312726828,23,gingely,salty clay Loamy soil
20631,0.7155148891642061,0.17449124089587287,-0.6043429600973992,1.114202454544477,0.4251700192479687,-0.37316497687749217,0.3485636902706145,-1.4917396675263057,0.5612789606528095,-1.7859861119289475,-1.398841383766818,-1.0755609434166225,23,gingely,salty clay Loamy soil
20635,0.7155148891642061,0.17449124089587287,-0.6043429600973992,1.114202454544477,0.4251700192479687,-0.45063943158632525,1.2869015069268517,-1.425786961227774,0.96723180522989,-1.4281732875460393,-0.558953989068391,-0.8897071563728443,23,gingely,salty clay Loamy soil
20639,0.7155148891642061,0.17449124089587287,-0.6043429600973992,1.114202454544477,0.8867978378542885,-0.4298536022741994,0.33150300269504634,-1.4729361299858734,0.9197266851198064,-1.2418740484045252,-1.2938554594295149,-1.2504821547519431,23,gingely,salty clay Loamy soil
20643,0.7155148891642061,0.17449124089587287,-0.6043429600973992,1.114202454544477,-0.3442096784292314,-0.45630829412599594,0.8092022548109493,-1.4297160586242823,1.1054285182774073,-1.587858349667337,-0.844749005319939,-0.7147859450375238,23,gingely,salty clay Loamy soil
20647,0.7155148891642061,0.17449124089587287,-0.6043429600973992,1.114202454544477,1.3484256564606083,-0.4393017065069839,0.502109878450726,-1.4667618340770747,0.6649264954384467,-1.4695731184663758,-1.3113531134857321,-1.1083586705419952,23,gingely,salty clay Loamy soil
20651,0.7155148891642061,0.17449124089587287,-0.6043429600973992,1.114202454544477,-0.036457799358352465,-0.4298536022741994,0.2461995648172065,-1.3713408973047307,0.6131027280456284,-1.5198443417267844,-0.9205721728968805,-0.8314000859277376,23,gingely,salty clay Loamy soil
20655,0.7155148891642061,0.17449124089587287,-0.6043429600973992,1.114202454544477,-0.036457799358352465,-0.3807234602637196,1.2527801317757166,-1.3957574311258891,1.0233742199054443,-1.321716579465174,-0.5472888863642464,-0.8751303887615676,23,gingely,salty clay Loamy soil
20663,0.7155148891642061,0.17449124089587287,-0.6043429600973992,1.114202454544477,-1.421341255177312,-0.4487498107397685,0.9968698181421971,-1.391828333729381,0.8419910340305783,-1.2980595332249818,-1.223864843204646,-0.9808119539433239,23,gingely,salty clay Loamy soil
20667,0.7155148891642061,0.17449124089587287,-0.6043429600973992,1.114202454544477,2.1178053541378086,-0.4260743605810855,0.1950175020905025,-1.458061689841949,0.9067707432716018,-1.2537025715246213,-0.8039211458554324,-1.0974260948335375,23,gingely,salty clay Loamy soil
20671,0.7155148891642061,0.17449124089587287,-0.6043429600973992,1.114202454544477,0.8867978378542885,-0.40528853126895936,0.5191705660262941,-1.505772158228121,0.932682626968011,-1.7091007116483226,-0.8214187999116495,-1.2031076600152937,23,gingely,salty clay Loamy soil
20675,0.7155148891642061,0.17449124089587287,-0.6043429600973992,1.114202454544477,-0.9597134365709921,-0.40528853126895936,0.17795681451493492,-1.4883718697578703,0.6692451427211821,-1.2418740484045252,-1.1072138161631977,-0.6491904907867787,23,gingely,salty clay Loamy soil
20679,0.7155148891642061,0.17449124089587287,-0.6043429600973992,1.114202454544477,-0.9597134365709921,-0.3996196687292887,1.4404476951069645,-1.4454324482103151,1.1270217546910817,-1.6233439190276255,-0.5122935782518119,-0.9297932673038553,23,gingely,salty clay Loamy soil
20683,0.7155148891642061,0.17449124089587287,-0.6043429600973992,1.114202454544477,1.963929414602369,-0.4279639814276423,0.28032093996834234,-1.382566889866183,0.6951570264175913,-1.499144426266616,-0.7280979782784908,-1.2759914980716773,23,gingely,salty clay Loamy soil
20687,0.7155148891642061,0.17449124089587287,-0.6043429600973992,1.114202454544477,1.0406737773897279,-0.3920611853430612,1.0992339435956047,-1.4521680437471869,1.157252285670226,-1.3926877181857509,-0.5997818485328981,-0.7949581668995458,23,gingely,salty clay Loamy soil
20691,0.7155148891642061,0.17449124089587287,-0.6043429600973992,1.114202454544477,0.7329218983188477,-0.4393017065069839,0.5703526287529982,-1.3878992363328726,0.479224662280846,-1.6440438344877937,-1.4921622053999766,-0.6564788745924169,23,gingely,salty clay Loamy soil
20695,0.7155148891642061,0.17449124089587287,-0.6043429600973992,1.114202454544477,-0.19033373889379193,-0.3769442185706058,0.9456877554154931,-1.451606744119114,0.7728926775068193,-1.8096431581691397,-0.827251351263722,-1.0136096810686963,23,gingely,salty clay Loamy soil
20699,0.7155148891642061,0.17449124089587287,-0.6043429600973992,1.114202454544477,-0.3442096784292314,-0.37316497687749217,0.5362312536018617,-1.463674686122675,0.41012630575708775,-1.7120578424283466,-0.6056143998849705,-1.3197218009055074,23,gingely,salty clay Loamy soil
20703,0.7155148891642061,0.17449124089587287,-0.6043429600973992,1.114202454544477,-0.8058374970355525,-0.4015092895758458,1.3892656323802597,-1.5077367069263752,0.39717036390888316,-1.4340875491060874,-1.59714812973728,-1.2067518519181129,23,gingely,salty clay Loamy soil
20707,0.7155148891642061,0.17449124089587287,-0.6043429600973992,1.114202454544477,0.4251700192479687,-0.39395080618961803,0.09265337663709511,-1.4757426281262365,1.0492861036018535,-1.7031864500882745,-1.0080604431779667,-1.0281864486799732,23,gingely,salty clay Loamy soil
20711,0.7155148891642061,0.17449124089587287,-0.6043429600973992,1.114202454544477,1.6561775355314885,-0.3901715644965042,1.5428118205603711,-1.4984752630631772,0.522411135108195,-1.3601592796054867,-0.926404724248953,-0.9516584187207704,23,gingely,salty clay Loamy soil
20715,0.7155148891642061,0.17449124089587287,-0.6043429600973992,1.114202454544477,-0.9597134365709921,-0.40339891042240256,0.928627067839925,-1.4928622667824512,1.2220319949112497,-1.6943150577482025,-0.9905627891217494,-0.7184301369403431,23,gingely,salty clay Loamy soil
20719,0.7155148891642061,0.17449124089587287,-0.6043429600973992,1.114202454544477,-0.3442096784292314,-0.4468601898932114,0.9456877554154931,-1.4813556244069626,1.1529336383874915,-1.4400018106661354,-1.142209124275632,-0.6965649855234279,23,gingely,salty clay Loamy soil
20723,0.7155148891642061,0.17449124089587287,-0.6043429600973992,1.114202454544477,-1.421341255177312,-0.41662625634830097,0.8092022548109493,-1.4889331693859427,1.1183844601256119,-1.7741575888088514,-0.6522748107015496,-0.8131791264136418,23,gingely,salty clay Loamy soil
20727,0.7155148891642061,0.17449124089587287,-0.6043429600973992,1.114202454544477,0.27129407971252784,-0.3788338394171628,1.5257511329848041,-1.4078253731294503,0.6131027280456284,-1.3276308410252222,-0.9380698269530977,-1.08649351912508,23,gingely,salty clay Loamy soil
20731,0.7155148891642061,0.17449124089587287,-0.6043429600973992,1.114202454544477,-0.8058374970355525,-0.4317432231207562,1.3722049448046916,-1.398283279452216,0.7599367356586147,-1.6765722730680581,-0.9322372756010252,-0.8641978130531102,23,gingely,salty clay Loamy soil
20743,0.7155148891642061,0.17449124089587287,-0.6043429600973992,1.114202454544477,1.963929414602369,-0.3845027019568335,1.082173256020037,-1.3974413300101072,0.8160791503341684,-1.5050586878266643,-1.5038273081041216,-1.0536957919997074,23,gingely,salty clay Loamy soil
20747,0.7155148891642061,0.17449124089587287,-0.6043429600973992,1.114202454544477,0.4251700192479687,-0.36560649349126445,1.4745690702580996,-1.4496421954208598,0.9499572160989509,-1.401559110525823,-1.398841383766818,-1.3197218009055074,23,gingely,salty clay Loamy soil
20755,0.7155148891642061,0.17449124089587287,-0.6043429600973992,1.114202454544477,0.8867978378542885,-0.4260743605810855,0.55329194117743,-1.4555358415156225,1.209076053063045,-1.5080158186066883,-1.171371881035994,-1.046407408194069,23,gingely,salty clay Loamy soil
20759,0.7155148891642061,0.17449124089587287,-0.6043429600973992,1.114202454544477,-0.9597134365709921,-0.4298536022741994,1.082173256020037,-1.412035120339995,0.96723180522989,-1.2359597868444772,-0.6172795025891151,-0.904283923984121,23,gingely,salty clay Loamy soil
20763,0.7155148891642061,0.17449124089587287,-0.6043429600973992,1.114202454544477,0.7329218983188477,-0.3769442185706058,1.6963580087404837,-1.392950932985526,0.889496154140662,-1.6381295729277459,-1.4746645513437595,-0.802246550705184,23,gingely,salty clay Loamy soil
20767,0.7155148891642061,0.17449124089587287,-0.6043429600973992,1.114202454544477,-1.2674653156418723,-0.4468601898932114,0.5874133163285657,-1.4448711485822427,0.7253875573967357,-1.7859861119289475,-0.6931026701660566,-0.8496210454418335,23,gingely,salty clay Loamy soil
20771,0.7155148891642061,0.17449124089587287,-0.6043429600973992,1.114202454544477,0.8867978378542885,-0.3712753560309351,1.5257511329848041,-1.4866879708736522,0.6908383791348566,-1.3749449335056068,-1.6088132324414248,-1.3197218009055074,23,gingely,salty clay Loamy soil
20775,0.7155148891642061,0.17449124089587287,-0.6043429600973992,1.114202454544477,1.3484256564606083,-0.4411913273535407,0.5874133163285657,-1.439819451929589,0.9888250416435647,-1.484358772366496,-0.570619091772536,-0.9370816511094937,23,gingely,salty clay Loamy soil
20779,0.7155148891642061,0.17449124089587287,-0.6043429600973992,1.114202454544477,1.963929414602369,-0.40339891042240256,1.1845373814734443,-1.4917396675263057,1.1874828166493707,-1.587858349667337,-0.5939492971808256,-0.9516584187207704,23,gingely,salty clay Loamy soil
20783,0.7155148891642061,0.17449124089587287,-0.6043429600973992,1.114202454544477,-1.2674653156418723,-0.42040549804141486,0.09265337663709511,-1.398283279452216,0.8851775068579273,-1.587858349667337,-1.3405158702460942,-0.8751303887615676,23,gingely,salty clay Loamy soil
20787,0.7155148891642061,0.17449124089587287,-0.6043429600973992,1.114202454544477,0.5790459587834081,-0.45630829412599594,1.5598725081359395,-1.4546938920735135,0.5051365459772558,-1.5139300801667361,-0.9030745188406631,-1.254126346654762,23,gingely,salty clay Loamy soil
20791,0.7155148891642061,0.17449124089587287,-0.6043429600973992,1.114202454544477,-0.49808561796467227,-0.3674961143378212,0.7750808796598135,-1.5035269597158307,0.5008178986945205,-1.233002656064453,-0.5531214377163185,-1.2942124575857732,23,gingely,salty clay Loamy soil
20795,0.7155148891642061,0.17449124089587287,-0.6043429600973992,1.114202454544477,-1.1135893761064315,-0.375054597724049,1.0139305057177648,-1.388179886146909,0.8635842704442528,-1.7120578424283466,-0.926404724248953,-0.9771677620405046,23,gingely,salty clay Loamy soil
20799,0.7155148891642061,0.17449124089587287,-0.6043429600973992,1.114202454544477,-1.421341255177312,-0.4411913273535407,0.6727167542064055,-1.4622714370524936,0.8203977976169037,-1.4429589414461594,-1.11304636751527,-0.9589468025264087,23,gingely,salty clay Loamy soil
20811,0.7155148891642061,0.17449124089587287,-0.6043429600973992,1.114202454544477,0.8867978378542885,-0.40528853126895936,0.1097140642126627,-1.3730247961889483,0.6562892008729775,-1.230045525284429,-1.2063671891484287,-0.6273253393698636,23,gingely,salty clay Loamy soil
20815,0.7155148891642061,0.17449124089587287,-0.6043429600973992,1.114202454544477,0.7329218983188477,-0.3674961143378212,1.5939938832870757,-1.4131577195961402,0.40580765847435246,-1.649958096047842,-1.4746645513437595,-1.1520889733758253,23,gingely,salty clay Loamy soil
20819,0.7155148891642061,0.17449124089587287,-0.6043429600973992,1.114202454544477,0.5790459587834081,-0.4317432231207562,0.6215346914797015,-1.4162448675505397,0.96723180522989,-1.6174296574675775,-0.8739117620803011,-1.1411563976673678,23,gingely,salty clay Loamy soil
20823,0.7155148891642061,0.17449124089587287,-0.6043429600973992,1.114202454544477,1.3484256564606083,-0.4260743605810855,1.6963580087404837,-1.4412227009997707,0.7426621465276756,-1.738672019448563,-0.6406097079974047,-0.6163927636614059,23,gingely,salty clay Loamy soil
20827,0.7155148891642061,0.17449124089587287,-0.6043429600973992,1.114202454544477,-1.1135893761064315,-0.4298536022741994,1.628115258438211,-1.4771458771964179,1.2306692894767197,-1.6854436654081304,-1.4746645513437595,-0.9516584187207704,23,gingely,salty clay Loamy soil
20839,0.7155148891642061,0.17449124089587287,-0.6043429600973992,1.114202454544477,-1.2674653156418723,-0.458197914972553,1.2015980690490127,-1.4260676110418102,0.7340248519622056,-1.6824865346281064,-0.8972419674885911,-0.6528346826895977,23,gingely,salty clay Loamy soil
20843,0.7155148891642061,0.17449124089587287,-0.6043429600973992,1.114202454544477,0.4251700192479687,-0.3920611853430612,1.3210228820779881,-1.430558008066391,0.7901672666377593,-1.7091007116483226,-1.183036983740139,-0.8314000859277376,23,gingely,salty clay Loamy soil
20847,0.7155148891642061,0.17449124089587287,-0.6043429600973992,1.114202454544477,-1.421341255177312,-0.37316497687749217,0.22913887724163892,-1.5046495589719762,1.131340401973817,-1.5287157340668565,-1.5504877189207007,-0.6054601879529484,23,gingely,salty clay Loamy soil
20851,0.7155148891642061,0.17449124089587287,-0.6043429600973992,1.114202454544477,1.963929414602369,-0.4015092895758458,1.5598725081359395,-1.4953881151087778,0.8333537394651083,-1.3690306719455585,-1.323018216189877,-1.0937819029307183,23,gingely,salty clay Loamy soil
20855,0.7155148891642061,0.17449124089587287,-0.6043429600973992,1.114202454544477,1.3484256564606083,-0.36560649349126445,1.1504160063223086,-1.3777958430275656,0.4662687204326414,-1.2596168330846693,-1.398841383766818,-0.6419021069811403,23,gingely,salty clay Loamy soil
20859,0.7155148891642061,0.17449124089587287,-0.6043429600973992,1.114202454544477,-1.1135893761064315,-0.45441867327943913,1.0309911932933329,-1.4423453002559161,0.5569603133700741,-1.5168872109467604,-1.3871762810626733,-0.8860629644700253,23,gingely,salty clay Loamy soil
20863,0.7155148891642061,0.17449124089587287,-0.6043429600973992,1.114202454544477,-0.8058374970355525,-0.3788338394171628,1.6451759460137791,-1.3828475396802191,0.7988045612032292,-1.6085582651275054,-0.6347771566453325,-1.068272559610984,23,gingely,salty clay Loamy soil
20867,0.7155148891642061,0.17449124089587287,-0.6043429600973992,1.114202454544477,-1.729093134248192,-0.42040549804141486,0.5191705660262941,-1.432241906950609,1.1745268748011661,-1.741629150228587,-1.4163390378230354,-0.8496210454418335,23,gingely,salty clay Loamy soil
20871,0.7155148891642061,0.17449124089587287,-0.6043429600973992,1.114202454544477,-0.19033373889379193,-0.42229511888797167,0.8262629423865175,-1.5060528080421576,0.8938148014233972,-1.4695731184663758,-1.1072138161631977,-0.7439394802600772,23,gingely,salty clay Loamy soil
20875,0.7155148891642061,0.17449124089587287,-0.6043429600973992,1.114202454544477,-1.729093134248192,-0.4298536022741994,0.6385953790552698,-1.3876185865188364,0.7512994410931448,-1.576029826547241,-1.5504877189207007,-0.9553026106235897,23,gingely,salty clay Loamy soil
20879,0.7155148891642061,0.17449124089587287,-0.6043429600973992,1.114202454544477,-1.1135893761064315,-0.41473663550174394,0.7238988169331095,-1.4866879708736522,0.5267297823909303,-1.398601979745799,-0.5822841944766806,-1.3197218009055074,23,gingely,salty clay Loamy soil
20883,0.7155148891642061,0.17449124089587287,-0.6043429600973992,1.114202454544477,0.11741814017708838,-0.3693857351843783,1.5257511329848041,-1.4673231337051473,1.088153929146468,-1.8066860273891157,-0.6697724647577666,-0.7767372073854499,23,gingely,salty clay Loamy soil
20887,0.7155148891642061,0.17449124089587287,-0.6043429600973992,1.114202454544477,1.3484256564606083,-0.3807234602637196,0.3485636902706145,-1.4448711485822427,0.5180924878254604,-1.2537025715246213,-1.381343729710601,-0.762160439774173,23,gingely,salty clay Loamy soil
20891,0.7155148891642061,0.17449124089587287,-0.6043429600973992,1.114202454544477,1.963929414602369,-0.4468601898932114,0.8092022548109493,-1.4538519426314043,1.2177133476285151,-1.5109729493867121,-1.4280041405271802,-1.068272559610984,23,gingely,salty clay Loamy soil
20895,0.7155148891642061,0.17449124089587287,-0.6043429600973992,1.114202454544477,1.8100534750669282,-0.4374120856604269,0.12677475178823092,-1.4179287664347573,0.49649925141178586,-1.658829488387914,-0.558953989068391,-0.7913139749967266,23,gingely,salty clay Loamy soil
20903,0.7155148891642061,0.17449124089587287,-0.6043429600973992,1.114202454544477,-1.1135893761064315,-0.39395080618961803,0.6215346914797015,-1.4005284779645064,0.427400894888027,-1.4725302492463999,-0.8505815566720115,-0.9771677620405046,23,gingely,salty clay Loamy soil
20907,0.7155148891642061,0.17449124089587287,-0.6043429600973992,1.114202454544477,-0.6519615575001118,-0.4279639814276423,1.0139305057177648,-1.411193170897886,0.9974623362090346,-1.4932301647065682,-1.2180322918525734,-0.8969955401784827,23,gingely,salty clay Loamy soil
20919,0.7155148891642061,0.17449124089587287,-0.6043429600973992,1.114202454544477,0.5790459587834081,-0.4468601898932114,1.508690445409236,-1.4518873939331505,0.837672386747843,-1.3719878027255827,-1.3696786270064563,-1.2942124575857732,23,gingely,salty clay Loamy soil
20927,0.7155148891642061,0.17449124089587287,-0.6043429600973992,1.114202454544477,1.5023015959960477,-0.4279639814276423,0.4509278157240219,-1.472374830357801,0.9456385688162156,-1.6292581805876736,-1.398841383766818,-1.0536957919997074,23,gingely,salty clay Loamy soil
20931,0.7155148891642061,0.17449124089587287,-0.6043429600973992,1.114202454544477,-0.49808561796467227,-0.3807234602637196,1.2186587566245801,-1.3878992363328726,1.2393065840421895,-1.576029826547241,-0.7689258377429978,-0.7767372073854499,23,gingely,salty clay Loamy soil
20935,0.7155148891642061,0.17449124089587287,-0.6043429600973992,1.114202454544477,0.4251700192479687,-0.40906777296207325,0.3656243778461821,-1.4720941805437642,1.1054285182774073,-1.6854436654081304,-1.381343729710601,-0.7840255911910882,23,gingely,salty clay Loamy soil
20939,0.7155148891642061,0.17449124089587287,-0.6043429600973992,1.114202454544477,0.5790459587834081,-0.4468601898932114,0.2973816275439105,-1.4836008229192532,0.7297062046794703,-1.4695731184663758,-1.0780510594028356,-0.9553026106235897,23,gingely,salty clay Loamy soil
20943,0.7155148891642061,0.17449124089587287,-0.6043429600973992,1.114202454544477,-0.3442096784292314,-0.4298536022741994,0.7921415672353811,-1.3766732437714204,1.1615709329529609,-1.6410867037077699,-1.3288507675419494,-0.7986023588023649,23,gingely,salty clay Loamy soil
20947,0.7155148891642061,0.17449124089587287,-0.6043429600973992,1.114202454544477,0.27129407971252784,-0.41662625634830097,1.5598725081359395,-1.4530099931892955,0.7901672666377593,-1.3394593641453183,-1.6029806810893525,-1.0719167515138033,23,gingely,salty clay Loamy soil
20951,0.7155148891642061,0.17449124089587287,-0.6043429600973992,1.114202454544477,-1.2674653156418723,-0.3996196687292887,1.5428118205603711,-1.3949154816837803,0.7297062046794703,-1.570115564987193,-1.0197255458821115,-0.6200369555642251,23,gingely,salty clay Loamy soil
20955,0.7155148891642061,0.17449124089587287,-0.6043429600973992,1.114202454544477,1.0406737773897279,-0.4260743605810855,1.2527801317757166,-1.4499228452348965,0.9542758633816855,-1.413387633645919,-1.381343729710601,-1.3160776090026882,23,gingely,salty clay Loamy soil
20967,0.7155148891642061,0.17449124089587287,-0.6043429600973992,1.114202454544477,2.1178053541378086,-0.4298536022741994,0.09265337663709511,-1.390144434845163,0.7858486193550246,-1.2744024869847894,-1.5329900648644836,-0.9225048834982169,23,gingely,salty clay Loamy soil
20971,0.7155148891642061,0.17449124089587287,-0.6043429600973992,1.114202454544477,-0.9597134365709921,-0.458197914972553,0.4168064405728861,-1.4344871054628994,0.9197266851198064,-1.649958096047842,-0.5997818485328981,-0.6746998341065128,23,gingely,salty clay Loamy soil
20975,0.7155148891642061,0.17449124089587287,-0.6043429600973992,1.114202454544477,-0.3442096784292314,-0.4317432231207562,0.7238988169331095,-1.4198933151330115,0.41444495303982243,-1.2477883099645732,-0.5939492971808256,-0.7548720559685348,23,gingely,salty clay Loamy soil
20979,0.7155148891642061,0.17449124089587287,-0.6043429600973992,1.114202454544477,1.963929414602369,-0.3882819436499474,0.8092022548109493,-1.45497454188755,1.0665606927327933,-1.3542450180454384,-1.3580135243023115,-0.7803813992882689,23,gingely,salty clay Loamy soil
20983,0.7155148891642061,0.17449124089587287,-0.6043429600973992,1.114202454544477,0.7329218983188477,-0.3863923228033903,1.5939938832870757,-1.4005284779645064,0.6433332590247722,-1.2596168330846693,-1.4163390378230354,-1.0026771053602388,23,gingely,salty clay Loamy soil
20987,0.7155148891642061,0.17449124089587287,-0.6043429600973992,1.114202454544477,1.963929414602369,-0.4393017065069839,0.8092022548109493,-1.4979139634351044,0.6087840807628931,-1.5257586032868324,-0.5472888863642464,-0.7074975612318853,23,gingely,salty clay Loamy soil
20991,0.7155148891642061,0.17449124089587287,-0.6043429600973992,1.114202454544477,-0.9597134365709921,-0.45252905243288205,1.2527801317757166,-1.4190513656909027,0.5267297823909303,-1.7120578424283466,-0.49479592419559437,-1.2359053871406662,23,gingely,salty clay Loamy soil
20995,0.7155148891642061,0.17449124089587287,-0.6043429600973992,1.114202454544477,0.27129407971252784,-0.4411913273535407,0.9627484429910608,-1.4622714370524936,0.6865197318521213,-1.729800627108491,-1.4863296540479043,-0.8459768535390143,23,gingely,salty clay Loamy soil
20999,0.7155148891642061,0.17449124089587287,-0.6043429600973992,1.114202454544477,1.963929414602369,-0.39584042703617484,1.6451759460137791,-1.4229804630874108,0.7642553829413501,-1.2507454407445973,-0.6756050161098391,-0.7402952883572582,23,gingely,salty clay Loamy soil
21003,0.7155148891642061,0.17449124089587287,-0.6043429600973992,1.114202454544477,1.6561775355314885,0.4941709916921286,0.0073499387592553065,-1.0870426356859528,0.9067707432716018,-1.2182170021643328,-0.9147396215448081,-1.2431937709463048,13,castor,salty clay Loamy soil
21007,0.7155148891642061,0.17449124089587287,-0.6043429600973992,1.114202454544477,2.4255572332086874,0.28253345687775483,-0.09501418669415271,-1.0870426356859528,0.4576314258671715,-1.1945599559241407,-1.4513343459354697,-0.762160439774173,13,castor,salty clay Loamy soil
21011,0.7155148891642061,0.17449124089587287,-0.6043429600973992,1.114202454544477,-1.5752171947127527,0.7738348769825512,-0.2144389997231283,-1.0870426356859528,0.49649925141178586,-0.5232912688586847,-1.3696786270064563,-0.9334374592066745,13,castor,salty clay Loamy soil
21019,0.7155148891642061,0.17449124089587287,-0.6043429600973992,1.114202454544477,1.8100534750669282,0.4374823662954213,-0.0608928115430169,-1.0870426356859528,0.4619500731499067,-0.3369920297171704,-1.5096598594561939,-0.6746998341065128,13,castor,salty clay Loamy soil
21023,0.7155148891642061,0.17449124089587287,-0.6043429600973992,1.114202454544477,-2.0368450133190725,0.8777640235431811,0.024410626334822903,-1.0870426356859528,1.062242045450058,-0.1684355752558008,-1.3930088324147458,-0.8277558940249184,13,castor,salty clay Loamy soil
21027,0.7155148891642061,0.17449124089587287,-0.6043429600973992,1.114202454544477,-1.421341255177312,0.6377821760304534,-0.23149968729869652,-1.0870426356859528,0.721068910114001,-0.5085056149585647,-1.083883610754908,-1.2213286195293895,13,castor,salty clay Loamy soil
21031,0.7155148891642061,0.17449124089587287,-0.6043429600973992,1.114202454544477,-0.3442096784292314,0.5338530294698235,0.1950175020905025,-1.0870426356859528,0.9283639796852763,-0.7835187775007999,-1.3405158702460942,-0.8751303887615676,13,castor,salty clay Loamy soil
21035,0.7155148891642061,0.17449124089587287,-0.6043429600973992,1.114202454544477,-1.421341255177312,0.7832829812153357,-0.1632569369964243,-1.0870426356859528,0.6692451427211821,-0.884061224021617,-0.6231120539411876,-0.8241117021220992,13,castor,salty clay Loamy soil
21039,0.7155148891642061,0.17449124089587287,-0.6043429600973992,1.114202454544477,-1.2674653156418723,0.4355927454488645,0.12677475178823092,-1.0870426356859528,0.6994756737003265,-0.5439911843188531,-0.9905627891217494,-0.7257185207459812,13,castor,salty clay Loamy soil
21043,0.7155148891642061,0.17449124089587287,-0.6043429600973992,1.114202454544477,2.1178053541378086,0.9420111323261154,0.1950175020905025,-1.0870426356859528,1.0492861036018535,-0.27784941411668973,-0.9555674810093149,-0.9261490754010362,13,castor,salty clay Loamy soil
21047,0.7155148891642061,0.17449124089587287,-0.6043429600973992,1.114202454544477,0.8867978378542885,0.36378715327970185,-0.2144389997231283,-1.0870426356859528,0.6131027280456284,-0.9875608013224582,-0.6231120539411876,-0.7439394802600772,13,castor,salty clay Loamy soil
21051,0.7155148891642061,0.17449124089587287,-0.6043429600973992,1.114202454544477,2.271681293673248,0.5149568210042544,-0.1461962494208567,-1.0870426356859528,0.8981334487061319,-0.7066333772201749,-1.5446551675686284,-0.7475836721628963,13,castor,salty clay Loamy soil
21055,0.7155148891642061,0.17449124089587287,-0.6043429600973992,1.114202454544477,-2.0368450133190725,0.770055635289437,0.12677475178823092,-1.0870426356859528,0.6390146117420376,-0.4345773454579639,-0.5297912323080289,-1.2067518519181129,13,castor,salty clay Loamy soil
21059,0.7155148891642061,0.17449124089587287,-0.6043429600973992,1.114202454544477,-2.190720952854512,0.8645366776172824,-0.2826817500253999,-1.0870426356859528,1.010418278057239,-0.19504975227601684,-1.0255580972341838,-0.7475836721628963,13,castor,salty clay Loamy soil
21063,0.7155148891642061,0.17449124089587287,-0.6043429600973992,1.114202454544477,1.963929414602369,0.4582681956075472,-0.0608928115430169,-1.0870426356859528,0.49218060412905057,-0.4759771763783001,-1.1363765729235598,-1.228617003335028,13,castor,salty clay Loamy soil
21071,0.7155148891642061,0.17449124089587287,-0.6043429600973992,1.114202454544477,2.271681293673248,0.9420111323261154,-0.3168031251765363,-1.0870426356859528,1.0967912237119373,-0.6474907616196942,-1.124711470219415,-0.6601230664952361,13,castor,salty clay Loamy soil
21075,0.7155148891642061,0.17449124089587287,-0.6043429600973992,1.114202454544477,-1.421341255177312,0.6585680053425793,-0.1461962494208567,-1.0870426356859528,0.889496154140662,-0.7125476387802229,-1.5504877189207007,-0.6783440260093321,13,castor,salty clay Loamy soil
21079,0.7155148891642061,0.17449124089587287,-0.6043429600973992,1.114202454544477,2.271681293673248,0.5848727923268603,-0.23149968729869652,-1.0870426356859528,0.4446754840189669,-0.9757322782023621,-1.2121997405005012,-1.1229354381532717,13,castor,salty clay Loamy soil
21083,0.7155148891642061,0.17449124089587287,-0.6043429600973992,1.114202454544477,-0.19033373889379193,0.8059584313740183,-0.29974243760096814,-1.0870426356859528,0.6908383791348566,-0.07676452107505546,-1.0605534053466183,-0.8496210454418335,13,castor,salty clay Loamy soil
21087,0.7155148891642061,0.17449124089587287,-0.6043429600973992,1.114202454544477,2.5794331727441295,0.5905416548665308,-0.1461962494208567,-1.0870426356859528,0.677882437286652,-0.8367471315412324,-0.9089070701927356,-0.6163927636614059,13,castor,salty clay Loamy soil
21091,0.7155148891642061,0.17449124089587287,-0.6043429600973992,1.114202454544477,1.0406737773897279,0.543301133702608,-0.3338638127521039,-1.0870426356859528,0.7556180883758802,-0.9964321936625302,-1.3871762810626733,-1.0901377110278991,13,castor,salty clay Loamy soil
21095,0.7155148891642061,0.17449124089587287,-0.6043429600973992,1.114202454544477,-1.729093134248192,0.6453406594166812,-0.3168031251765363,-1.0870426356859528,0.8160791503341684,-0.6622764155198144,-0.7980885945033599,-0.9480142268179512,13,castor,salty clay Loamy soil
21099,0.7155148891642061,0.17449124089587287,-0.6043429600973992,1.114202454544477,0.27129407971252784,0.42047577867640906,-0.29974243760096814,-1.0870426356859528,0.9629131579471555,-0.8042186929609679,-1.3755111783585285,-0.8969955401784827,13,castor,salty clay Loamy soil
21103,0.7155148891642061,0.17449124089587287,-0.6043429600973992,1.114202454544477,-0.3442096784292314,0.22962407317416147,0.024410626334822903,-1.0870426356859528,0.6562892008729775,-0.09450730575519993,-0.7864234917992149,-1.0500516000968882,13,castor,salty clay Loamy soil
21107,0.7155148891642061,0.17449124089587287,-0.6043429600973992,1.114202454544477,-0.036457799358352465,0.8116272939136893,-0.1461962494208567,-1.0870426356859528,0.9888250416435647,-1.0407891553628907,-1.352180972950239,-1.08649351912508,13,castor,salty clay Loamy soil
21115,0.7155148891642061,0.17449124089587287,-0.6043429600973992,1.114202454544477,-1.1135893761064315,0.3222154946554501,-0.11207487426972029,-1.0870426356859528,0.6865197318521213,-0.6534050231797421,-0.7164328755743462,-1.1958192762096556,13,castor,salty clay Loamy soil
21127,0.7155148891642061,0.17449124089587287,-0.6043429600973992,1.114202454544477,0.4251700192479687,0.5773143089406326,-0.0779534991185845,-1.0870426356859528,0.4187636003225577,-0.47302004559827626,-1.3113531134857321,-0.8678420049559294,13,castor,salty clay Loamy soil
21131,0.7155148891642061,0.17449124089587287,-0.6043429600973992,1.114202454544477,2.271681293673248,0.9250045447071037,0.05853200148595931,-1.0870426356859528,1.2220319949112497,-1.0319177630228187,-1.1363765729235598,-1.254126346654762,13,castor,salty clay Loamy soil
21135,0.7155148891642061,0.17449124089587287,-0.6043429600973992,1.114202454544477,0.5790459587834081,0.770055635289437,-0.1973783121475601,-1.0870426356859528,0.574234902501014,-0.9254610549419534,-1.381343729710601,-0.9808119539433239,13,castor,salty clay Loamy soil
21139,0.7155148891642061,0.17449124089587287,-0.6043429600973992,1.114202454544477,1.5023015959960477,0.2919815611105394,-0.2144389997231283,-1.0870426356859528,0.924045332402541,-0.7125476387802229,-1.497994756752049,-1.0828493272222608,13,castor,salty clay Loamy soil
21143,0.7155148891642061,0.17449124089587287,-0.6043429600973992,1.114202454544477,-2.3445968923899527,0.320325873808893,0.17795681451493492,-1.0870426356859528,0.8333537394651083,-0.7805616467207758,-1.5621528216248457,-0.6746998341065128,13,castor,salty clay Loamy soil
21147,0.7155148891642061,0.17449124089587287,-0.6043429600973992,1.114202454544477,2.1178053541378086,0.5905416548665308,-0.4191672506299437,-1.0870426356859528,0.6044654334801585,-0.5380769227588049,-1.1188789188673425,-0.9953887215546006,13,castor,salty clay Loamy soil
21151,0.7155148891642061,0.17449124089587287,-0.6043429600973992,1.114202454544477,-1.729093134248192,0.3959107076711696,-0.3168031251765363,-1.0870426356859528,0.7599367356586147,-0.5439911843188531,-1.1772044323880666,-0.9225048834982169,13,castor,salty clay Loamy soil
21155,0.7155148891642061,0.17449124089587287,-0.6043429600973992,1.114202454544477,-2.3445968923899527,0.9514592365589,-0.23149968729869652,-1.0870426356859528,0.6908383791348566,-0.29854932957685804,-1.0897161621069804,-1.1192912462504527,13,castor,salty clay Loamy soil
21163,0.7155148891642061,0.17449124089587287,-0.6043429600973992,1.114202454544477,-1.729093134248192,0.34300132396757593,-0.35092450032767214,-1.0870426356859528,0.8203977976169037,-0.8367471315412324,-1.6029806810893525,-0.8241117021220992,13,castor,salty clay Loamy soil
21175,0.7155148891642061,0.17449124089587287,-0.6043429600973992,1.114202454544477,-1.5752171947127527,0.23151369402071828,0.16089612693936672,-1.0870426356859528,0.9974623362090346,-0.1092929596553201,-0.5822841944766806,-0.9334374592066745,13,castor,salty clay Loamy soil
21179,0.7155148891642061,0.17449124089587287,-0.6043429600973992,1.114202454544477,-0.036457799358352465,0.3070985278829946,0.17795681451493492,-1.0870426356859528,1.165889580235696,-0.06493599795495958,-0.7106003242222737,-1.144800589570187,13,castor,salty clay Loamy soil
21183,0.7155148891642061,0.17449124089587287,-0.6043429600973992,1.114202454544477,1.5023015959960477,0.20316938132236467,0.17795681451493492,-1.0870426356859528,1.1702082275184307,-0.192092621495993,-1.2763578053732976,-0.842332661636195,13,castor,salty clay Loamy soil
21187,0.7155148891642061,0.17449124089587287,-0.6043429600973992,1.114202454544477,-0.3442096784292314,0.8324131232258152,-0.1632569369964243,-1.0870426356859528,0.8333537394651083,-0.2127925369561613,-1.1072138161631977,-1.2431937709463048,13,castor,salty clay Loamy soil
21191,0.7155148891642061,0.17449124089587287,-0.6043429600973992,1.114202454544477,1.5023015959960477,0.730373597511742,-0.3168031251765363,-1.0870426356859528,1.157252285670226,-0.13886426745556044,-1.4221715891751077,-1.0719167515138033,13,castor,salty clay Loamy soil
21199,0.7155148891642061,0.17449124089587287,-0.6043429600973992,1.114202454544477,-0.8058374970355525,0.23718255656038922,-0.11207487426972029,-1.0870426356859528,0.7340248519622056,-1.1235888172035637,-0.7864234917992149,-1.1520889733758253,13,castor,salty clay Loamy soil
21203,0.7155148891642061,0.17449124089587287,-0.6043429600973992,1.114202454544477,-1.729093134248192,0.4866125083059008,-0.2144389997231283,-1.0870426356859528,0.9197266851198064,-0.3961346453176511,-1.1772044323880666,-0.6929207936206087,13,castor,salty clay Loamy soil
21207,0.7155148891642061,0.17449124089587287,-0.6043429600973992,1.114202454544477,-0.6519615575001118,0.6207755884114412,0.1097140642126627,-1.0870426356859528,1.0492861036018535,-0.8515327854413526,-0.9497349296572426,-1.166665740987102,13,castor,salty clay Loamy soil
21211,0.7155148891642061,0.17449124089587287,-0.6043429600973992,1.114202454544477,0.27129407971252784,0.6302236926442257,-0.0438321239674487,-1.0870426356859528,0.9413199215334809,-0.44936299935808405,-1.2296973945567182,-0.7038533693290664,13,castor,salty clay Loamy soil
21215,0.7155148891642061,0.17449124089587287,-0.6043429600973992,1.114202454544477,1.0406737773897279,0.7624971519032092,0.1438354393637991,-1.0870426356859528,1.0536047508845883,-0.8367471315412324,-1.142209124275632,-1.1047144786391758,13,castor,salty clay Loamy soil
21219,0.7155148891642061,0.17449124089587287,-0.6043429600973992,1.114202454544477,-2.3445968923899527,0.548969996242279,0.024410626334822903,-1.0870426356859528,1.1054285182774073,-0.7569046004805834,-1.2355299459087907,-0.842332661636195,13,castor,salty clay Loamy soil
21223,0.7155148891642061,0.17449124089587287,-0.6043429600973992,1.114202454544477,-1.729093134248192,0.3411117031210191,-0.3850458754788079,-1.0870426356859528,0.7124316155485311,-0.15069279057565632,-1.3930088324147458,-1.0136096810686963,13,castor,salty clay Loamy soil
21227,0.7155148891642061,0.17449124089587287,-0.6043429600973992,1.114202454544477,-1.5752171947127527,0.8758744026966236,-0.23149968729869652,-1.0870426356859528,0.6692451427211821,-0.795347300620896,-1.183036983740139,-0.7111417531347046,13,castor,salty clay Loamy soil
21231,0.7155148891642061,0.17449124089587287,-0.6043429600973992,1.114202454544477,0.4251700192479687,0.7757244978291079,-0.3168031251765363,-1.0870426356859528,1.0406488090363837,-0.7302904234603671,-1.5271575135124111,-0.6236811474670444,13,castor,salty clay Loamy soil
21235,0.7155148891642061,0.17449124089587287,-0.6043429600973992,1.114202454544477,1.963929414602369,0.4771644040731163,-0.29974243760096814,-1.0870426356859528,1.0492861036018535,-1.0141749783426746,-1.4746645513437595,-1.3087892251970499,13,castor,salty clay Loamy soil
21239,0.7155148891642061,0.17449124089587287,-0.6043429600973992,1.114202454544477,1.3484256564606083,0.6812434555012625,-0.18031762457199252,-1.0870426356859528,0.6217400226110977,-0.7125476387802229,-0.5239586809559564,-1.2796356899744965,13,castor,salty clay Loamy soil
21243,0.7155148891642061,0.17449124089587287,-0.6043429600973992,1.114202454544477,-2.498472831925392,0.9004394737018637,-0.3168031251765363,-1.0870426356859528,0.626058669893833,-0.7125476387802229,-1.0780510594028356,-0.9370816511094937,13,castor,salty clay Loamy soil
21247,0.7155148891642061,0.17449124089587287,-0.6043429600973992,1.114202454544477,-1.8829690737836315,0.5395218920094944,-0.0438321239674487,-1.0870426356859528,0.8419910340305783,-0.8160472160810641,-1.095548713459053,-0.6783440260093321,13,castor,salty clay Loamy soil
21251,0.7155148891642061,0.17449124089587287,-0.6043429600973992,1.114202454544477,1.6561775355314885,0.7776141186756647,-0.2485603748742641,-1.0870426356859528,0.4489941313017015,-0.6800192001999587,-1.5446551675686284,-0.7038533693290664,13,castor,salty clay Loamy soil
21255,0.7155148891642061,0.17449124089587287,-0.6043429600973992,1.114202454544477,-1.2674653156418723,0.5319634086232667,0.17795681451493492,-1.0870426356859528,0.42308224760529234,-0.17139270603582465,-0.8855768647844461,-0.7147859450375238,13,castor,salty clay Loamy soil
21259,0.7155148891642061,0.17449124089587287,-0.6043429600973992,1.114202454544477,-0.19033373889379193,0.543301133702608,-0.1973783121475601,-1.0870426356859528,1.1399776965392863,-1.0230463706827464,-1.6146457837934973,-0.9480142268179512,13,castor,salty clay Loamy soil
21271,0.7155148891642061,0.17449124089587287,-0.6043429600973992,1.114202454544477,0.5790459587834081,0.8834328860828514,0.07559268906152691,-1.0870426356859528,0.7599367356586147,-0.2837636756767379,-1.3113531134857321,-1.188530892404017,13,castor,salty clay Loamy soil
21275,0.7155148891642061,0.17449124089587287,-0.6043429600973992,1.114202454544477,-2.3445968923899527,0.5565284796285067,-0.0608928115430169,-1.0870426356859528,0.9413199215334809,-0.1773069675958728,-1.1072138161631977,-1.312433417099869,13,castor,salty clay Loamy soil
21279,0.7155148891642061,0.17449124089587287,-0.6043429600973992,1.114202454544477,1.8100534750669282,0.7832829812153357,-0.3338638127521039,-1.0870426356859528,0.7253875573967357,-0.7066333772201749,-1.3113531134857321,-0.9662351863320471,13,castor,salty clay Loamy soil
21283,0.7155148891642061,0.17449124089587287,-0.6043429600973992,1.114202454544477,-0.6519615575001118,0.46204743730066133,0.024410626334822903,-1.0870426356859528,1.1183844601256119,-1.1797743020240203,-1.5038273081041216,-0.6746998341065128,13,castor,salty clay Loamy soil
21287,0.7155148891642061,0.17449124089587287,-0.6043429600973992,1.114202454544477,2.1178053541378086,0.8777640235431811,-0.35092450032767214,-1.0870426356859528,0.9629131579471555,-0.3399491604971947,-0.6814375674619116,-1.0354748324856116,13,castor,salty clay Loamy soil
21291,0.7155148891642061,0.17449124089587287,-0.6043429600973992,1.114202454544477,-1.8829690737836315,0.9306734072467742,-0.09501418669415271,-1.0870426356859528,0.9283639796852763,-0.13886426745556044,-1.2938554594295149,-0.7475836721628963,13,castor,salty clay Loamy soil
21295,0.7155148891642061,0.17449124089587287,-0.6043429600973992,1.114202454544477,2.1178053541378086,0.7643867727497665,0.1438354393637991,-1.0870426356859528,0.9283639796852763,-0.11520722121536783,-1.6146457837934973,-0.7002091774262471,13,castor,salty clay Loamy soil
21303,0.7155148891642061,0.17449124089587287,-0.6043429600973992,1.114202454544477,0.4251700192479687,0.7076981473530594,-0.23149968729869652,-1.0870426356859528,0.932682626968011,-1.0023464552225785,-1.3580135243023115,-0.7730930154826308,13,castor,salty clay Loamy soil
21307,0.7155148891642061,0.17449124089587287,-0.6043429600973992,1.114202454544477,-0.9597134365709921,0.8267442606861442,-0.11207487426972029,-1.0870426356859528,0.522411135108195,-0.5646910997790211,-1.1597067783318493,-0.7257185207459812,13,castor,salty clay Loamy soil
21311,0.7155148891642061,0.17449124089587287,-0.6043429600973992,1.114202454544477,-2.498472831925392,0.21450710640170628,0.09265337663709511,-1.0870426356859528,0.8290350921823736,-0.3310777681571227,-1.3288507675419494,-0.7038533693290664,13,castor,salty clay Loamy soil
21315,0.7155148891642061,0.17449124089587287,-0.6043429600973992,1.114202454544477,1.0406737773897279,0.2693061109518564,-0.3679851879032397,-1.0870426356859528,1.062242045450058,-0.9698180166423139,-0.926404724248953,-0.6564788745924169,13,castor,salty clay Loamy soil
21319,0.7155148891642061,0.17449124089587287,-0.6043429600973992,1.114202454544477,-0.3442096784292314,0.4072484327505109,-0.1973783121475601,-1.0870426356859528,0.5440043715218695,-0.19504975227601684,-1.59714812973728,-1.08649351912508,13,castor,salty clay Loamy soil
21323,0.7155148891642061,0.17449124089587287,-0.6043429600973992,1.114202454544477,-1.729093134248192,0.37134563666592957,-0.3850458754788079,-1.0870426356859528,1.1788455220839007,-0.2127925369561613,-1.2121997405005012,-1.0136096810686963,13,castor,salty clay Loamy soil
21327,0.7155148891642061,0.17449124089587287,-0.6043429600973992,1.114202454544477,1.963929414602369,0.5886520340199739,-0.0438321239674487,-1.0870426356859528,0.5915094916319539,-0.5972195383592855,-1.59714812973728,-1.08649351912508,13,castor,salty clay Loamy soil
21331,0.7155148891642061,0.17449124089587287,-0.6043429600973992,1.114202454544477,-2.190720952854512,0.788951843755006,-0.40210656305437614,-1.0870426356859528,0.6994756737003265,-0.638619369279622,-1.2880229080774424,-0.6819882179121513,13,castor,salty clay Loamy soil
21335,0.7155148891642061,0.17449124089587287,-0.6043429600973992,1.114202454544477,1.8100534750669282,0.3732352575124864,-0.35092450032767214,-1.0870426356859528,0.5612789606528095,-0.2748922833366659,-1.3113531134857321,-0.8459768535390143,13,castor,salty clay Loamy soil
21339,0.7155148891642061,0.17449124089587287,-0.6043429600973992,1.114202454544477,1.3484256564606083,0.22962407317416147,0.07559268906152691,-1.0870426356859528,0.565597607935544,-0.8397042623212565,-0.6231120539411876,-0.6929207936206087,13,castor,salty clay Loamy soil
21343,0.7155148891642061,0.17449124089587287,-0.6043429600973992,1.114202454544477,-2.190720952854512,0.7511594268238679,-0.40210656305437614,-1.0870426356859528,0.794485913920494,-0.8692755701214968,-1.5504877189207007,-0.7475836721628963,13,castor,salty clay Loamy soil
21347,0.7155148891642061,0.17449124089587287,-0.6043429600973992,1.114202454544477,2.1178053541378086,0.2882023194174255,0.12677475178823092,-1.0870426356859528,0.617421375328363,-0.3902203837576034,-0.7222654269264187,-0.6710556422036936,13,castor,salty clay Loamy soil
21363,0.7155148891642061,0.17449124089587287,-0.6043429600973992,1.114202454544477,0.11741814017708838,0.9495696157123432,-0.18031762457199252,-1.0870426356859528,0.8938148014233972,-0.34586342205724285,-1.2880229080774424,-0.8095349345108225,13,castor,salty clay Loamy soil
21367,0.7155148891642061,0.17449124089587287,-0.6043429600973992,1.114202454544477,-1.729093134248192,0.8739847818500669,0.1438354393637991,-1.0870426356859528,1.1054285182774073,-1.138374471103684,-1.4513343459354697,-0.6746998341065128,13,castor,salty clay Loamy soil
21371,0.7155148891642061,0.17449124089587287,-0.6043429600973992,1.114202454544477,-0.3442096784292314,0.4922813708455718,-0.026771436391880492,-1.0870426356859528,0.7988045612032292,-1.0821889862832272,-1.6029806810893525,-1.210396043820932,13,castor,salty clay Loamy soil
21375,0.7155148891642061,0.17449124089587287,-0.6043429600973992,1.114202454544477,-1.1135893761064315,0.30520890703643777,0.05853200148595931,-1.0870426356859528,0.48354330956358127,-0.5706053613390693,-1.5446551675686284,-0.7730930154826308,13,castor,salty clay Loamy soil
21379,0.7155148891642061,0.17449124089587287,-0.6043429600973992,1.114202454544477,1.3484256564606083,0.4450408496816491,-0.2826817500253999,-1.0870426356859528,0.4619500731499067,-0.2926350680168099,-0.8622466593761565,-0.8897071563728443,13,castor,salty clay Loamy soil
21383,0.7155148891642061,0.17449124089587287,-0.6043429600973992,1.114202454544477,1.6561775355314885,0.2749749734915274,0.07559268906152691,-1.0870426356859528,0.7167502628312657,-1.1088031633034436,-0.570619091772536,-0.8496210454418335,13,castor,salty clay Loamy soil
21387,0.7155148891642061,0.17449124089587287,-0.6043429600973992,1.114202454544477,1.5023015959960477,0.917446061320876,0.17795681451493492,-1.0870426356859528,1.2004387584975753,-0.41979169155784374,-0.838916453967867,-0.8350442778305566,13,castor,salty clay Loamy soil
21391,0.7155148891642061,0.17449124089587287,-0.6043429600973992,1.114202454544477,-0.19033373889379193,0.7076981473530594,-0.09501418669415271,-1.0870426356859528,0.6390146117420376,-0.5942624075792615,-1.0897161621069804,-1.0974260948335375,13,castor,salty clay Loamy soil
21399,0.7155148891642061,0.17449124089587287,-0.6043429600973992,1.114202454544477,-0.49808561796467227,0.6472302802632379,-0.18031762457199252,-1.0870426356859528,0.49218060412905057,-0.10042156731524766,-1.5796504756810628,-0.8897071563728443,13,castor,salty clay Loamy soil
21403,0.7155148891642061,0.17449124089587287,-0.6043429600973992,1.114202454544477,-1.5752171947127527,0.7587179102100956,-0.45328862578107953,-1.0870426356859528,1.1874828166493707,-0.8012615621809439,-1.1772044323880666,-1.1083586705419952,13,castor,salty clay Loamy soil
21407,0.7155148891642061,0.17449124089587287,-0.6043429600973992,1.114202454544477,-2.0368450133190725,0.911777198781205,-0.1632569369964243,-1.0870426356859528,1.2220319949112497,-0.3902203837576034,-1.2880229080774424,-1.1047144786391758,13,castor,salty clay Loamy soil
21411,0.7155148891642061,0.17449124089587287,-0.6043429600973992,1.114202454544477,2.8871850518150084,0.6831330763478193,-0.2826817500253999,-1.0870426356859528,0.6433332590247722,-1.0703604631631312,-1.083883610754908,-1.210396043820932,13,castor,salty clay Loamy soil
21415,0.7155148891642061,0.17449124089587287,-0.6043429600973992,1.114202454544477,1.8100534750669282,0.36189753243314504,-0.29974243760096814,-1.0870426356859528,0.8765402122924574,-0.1891354907159687,-0.5064610268997394,-0.8933513482756635,13,castor,salty clay Loamy soil
21419,0.7155148891642061,0.17449124089587287,-0.6043429600973992,1.114202454544477,2.1178053541378086,0.6245548301045553,0.16089612693936672,-1.0870426356859528,0.5569603133700741,-0.4552772609181318,-0.9905627891217494,-1.1083586705419952,13,castor,salty clay Loamy soil
21423,0.7155148891642061,0.17449124089587287,-0.6043429600973992,1.114202454544477,-1.1135893761064315,0.4790540249196731,-0.45328862578107953,-1.0870426356859528,0.9024520959888666,-0.3872632529775791,-1.253027599965008,-0.8678420049559294,13,castor,salty clay Loamy soil
21427,0.7155148891642061,0.17449124089587287,-0.6043429600973992,1.114202454544477,1.963929414602369,0.601879379945872,0.1438354393637991,-1.0870426356859528,1.0838352818637327,-0.7569046004805834,-0.6581073620536221,-1.1775983166955595,13,castor,salty clay Loamy soil
21435,0.7155148891642061,0.17449124089587287,-0.6043429600973992,1.114202454544477,1.6561775355314885,0.853198952537941,-0.026771436391880492,-1.0870426356859528,0.574234902501014,-1.1738600404639723,-1.6088132324414248,-1.1047144786391758,13,castor,salty clay Loamy soil
21439,0.7155148891642061,0.17449124089587287,-0.6043429600973992,1.114202454544477,-1.1135893761064315,0.5886520340199739,-0.3850458754788079,-1.0870426356859528,0.47058736771537607,-0.5114627457385886,-1.0547208539945458,-0.8058907426080033,13,castor,salty clay Loamy soil
21447,0.7155148891642061,0.17449124089587287,-0.6043429600973992,1.114202454544477,-1.1135893761064315,0.5414115128560513,0.041471313910391105,-1.0870426356859528,0.7253875573967357,-0.9727751474223381,-0.6347771566453325,-1.1630215490842828,13,castor,salty clay Loamy soil
21455,0.7155148891642061,0.17449124089587287,-0.6043429600973992,1.114202454544477,-1.729093134248192,0.46204743730066133,-0.2485603748742641,-1.0870426356859528,0.7815299720722894,-1.0023464552225785,-0.8505815566720115,-1.046407408194069,13,castor,salty clay Loamy soil
21459,0.7155148891642061,0.17449124089587287,-0.6043429600973992,1.114202454544477,1.0406737773897279,0.3259947363485637,0.041471313910391105,-1.0870426356859528,1.0147369253399745,-1.1768171712439963,-1.352180972950239,-1.1630215490842828,13,castor,salty clay Loamy soil
21467,0.7155148891642061,0.17449124089587287,-0.6043429600973992,1.114202454544477,-0.6519615575001118,0.9344526489398882,0.1438354393637991,-1.0870426356859528,0.6346959644593029,-0.4552772609181318,-0.7630932863909253,-0.9188606915953978,13,castor,salty clay Loamy soil
21471,0.7155148891642061,0.17449124089587287,-0.6043429600973992,1.114202454544477,1.3484256564606083,0.7209254932789575,-0.026771436391880492,-1.0870426356859528,0.8938148014233972,-0.9136325318218573,-1.0372231999383288,-0.7220743288431622,13,castor,salty clay Loamy soil
21479,0.7155148891642061,0.17449124089587287,-0.6043429600973992,1.114202454544477,-1.421341255177312,0.29387118195709644,0.16089612693936672,-1.0870426356859528,1.1054285182774073,-0.19800688305604114,-1.5621528216248457,-0.6892766017177895,13,castor,salty clay Loamy soil
21483,0.7155148891642061,0.17449124089587287,-0.6043429600973992,1.114202454544477,0.4251700192479687,0.730373597511742,-0.3679851879032397,-1.0870426356859528,1.0967912237119373,-0.200964013836065,-1.5446551675686284,-1.1411563976673678,13,castor,salty clay Loamy soil
21487,0.7155148891642061,0.17449124089587287,-0.6043429600973992,1.114202454544477,-1.2674653156418723,0.23151369402071828,-0.2485603748742641,-1.0870426356859528,0.5526416660873394,-0.22757819085628148,-1.1013812648111252,-1.254126346654762,13,castor,salty clay Loamy soil
21491,0.7155148891642061,0.17449124089587287,-0.6043429600973992,1.114202454544477,-2.3445968923899527,0.7360424600514129,0.024410626334822903,-1.0870426356859528,0.6606078481557122,-1.1472458634437561,-0.5822841944766806,-0.9662351863320471,13,castor,salty clay Loamy soil
21495,0.7155148891642061,0.17449124089587287,-0.6043429600973992,1.114202454544477,2.8871850518150084,0.2749749734915274,-0.3679851879032397,-1.0870426356859528,0.7340248519622056,-0.8515327854413526,-1.2005346377963562,-1.2176844276265704,13,castor,salty clay Loamy soil
21499,0.7155148891642061,0.17449124089587287,-0.6043429600973992,1.114202454544477,-1.421341255177312,0.35811829074003143,-0.18031762457199252,-1.0870426356859528,0.49218060412905057,-0.3813489914175309,-1.4221715891751077,-1.1557331652786444,13,castor,salty clay Loamy soil
21503,0.7155148891642061,0.17449124089587287,-0.6043429600973992,1.114202454544477,-0.19033373889379193,0.6755745929615916,-0.2656210624498323,-1.0870426356859528,0.7988045612032292,-0.4671057840382281,-0.9380698269530977,-0.6892766017177895,13,castor,salty clay Loamy soil
21507,0.7155148891642061,0.17449124089587287,-0.6043429600973992,1.114202454544477,0.8867978378542885,0.9212253030139896,-0.3850458754788079,-1.0870426356859528,1.1831641693666353,-0.9077182702618092,-1.2996880107815874,-1.2322611952378473,13,castor,salty clay Loamy soil
21511,0.7155148891642061,0.17449124089587287,-0.6043429600973992,1.114202454544477,-1.5752171947127527,0.5810935506337462,-0.29974243760096814,-1.0870426356859528,0.932682626968011,-0.47006291481825196,-1.4455017945833974,-1.3233659928083268,13,castor,salty clay Loamy soil
21515,0.7155148891642061,0.17449124089587287,-0.6043429600973992,1.114202454544477,0.8867978378542885,0.6888019388874903,-0.1461962494208567,-1.0870426356859528,0.8463096813133129,-1.1856885635840684,-1.3755111783585285,-0.6710556422036936,13,castor,salty clay Loamy soil
21519,0.7155148891642061,0.17449124089587287,-0.6043429600973992,1.114202454544477,-2.0368450133190725,0.40913805359706773,0.09265337663709511,-1.0870426356859528,0.7037943209830612,-0.6741049386399105,-1.0897161621069804,-0.7330069045516197,13,castor,salty clay Loamy soil
21523,0.7155148891642061,0.17449124089587287,-0.6043429600973992,1.114202454544477,-2.3445968923899527,0.6340029343373398,-0.23149968729869652,-1.0870426356859528,0.924045332402541,-0.40796316843774744,-1.6088132324414248,-1.1775983166955595,13,castor,salty clay Loamy soil
21527,0.7155148891642061,0.17449124089587287,-0.6043429600973992,1.114202454544477,2.733309112279569,0.548969996242279,-0.1632569369964243,-1.0870426356859528,0.5267297823909303,-0.13886426745556044,-1.398841383766818,-1.0136096810686963,13,castor,salty clay Loamy soil
21535,0.7155148891642061,0.17449124089587287,-0.6043429600973992,1.114202454544477,1.3484256564606083,0.36000791158658824,0.12677475178823092,-1.0870426356859528,1.1702082275184307,-0.1802640983758967,-1.3288507675419494,-0.8496210454418335,13,castor,salty clay Loamy soil
21539,0.7155148891642061,0.17449124089587287,-0.6043429600973992,1.114202454544477,2.271681293673248,0.23718255656038922,0.1097140642126627,-1.0870426356859528,1.1702082275184307,-0.3074207219169301,-1.2763578053732976,-0.7293627126488005,13,castor,salty clay Loamy soil
21543,0.7155148891642061,0.17449124089587287,-0.6043429600973992,1.114202454544477,-1.421341255177312,0.6699057304219211,-0.0438321239674487,-1.0870426356859528,0.4749060149981113,-0.40796316843774744,-1.28219035672537,-0.7475836721628963,13,castor,salty clay Loamy soil
21547,0.7155148891642061,0.17449124089587287,-0.6043429600973992,1.114202454544477,1.1945497169251689,0.6037690007924295,-0.009710748816312897,-1.0870426356859528,0.8981334487061319,-0.9165896626018815,-0.856414108024084,-0.6892766017177895,13,castor,salty clay Loamy soil
21551,0.7155148891642061,0.17449124089587287,-0.6043429600973992,1.114202454544477,2.271681293673248,0.4355927454488645,-0.29974243760096814,-1.0870426356859528,0.9585945106644208,-0.6474907616196942,-0.838916453967867,-0.6200369555642251,13,castor,salty clay Loamy soil
21555,0.7155148891642061,0.17449124089587287,-0.6043429600973992,1.114202454544477,1.1945497169251689,0.813516914760246,0.17795681451493492,-1.0870426356859528,0.7297062046794703,-1.0703604631631312,-1.4163390378230354,-1.2869240737801348,13,castor,salty clay Loamy soil
21559,0.7155148891642061,0.17449124089587287,-0.6043429600973992,1.114202454544477,-0.6519615575001118,0.22206558978793375,-0.11207487426972029,-1.0870426356859528,0.522411135108195,-0.7894330390608478,-0.9905627891217494,-1.2869240737801348,13,castor,salty clay Loamy soil
21563,0.7155148891642061,0.17449124089587287,-0.6043429600973992,1.114202454544477,-0.3442096784292314,0.2598580067190719,-0.026771436391880492,-1.0870426356859528,0.4446754840189669,-0.7273332926803431,-1.6321434378497146,-1.0719167515138033,13,castor,salty clay Loamy soil
21567,0.7155148891642061,0.17449124089587287,-0.6043429600973992,1.114202454544477,-0.49808561796467227,0.9004394737018637,0.024410626334822903,-1.0870426356859528,0.9197266851198064,-0.6918477233200547,-1.1947020864442839,-0.9407258430123129,13,castor,salty clay Loamy soil
21571,0.7155148891642061,0.17449124089587287,-0.6043429600973992,1.114202454544477,-0.49808561796467227,0.3411117031210191,-0.29974243760096814,-1.0870426356859528,0.39717036390888316,-1.0969746401833473,-1.2880229080774424,-0.7840255911910882,13,castor,salty clay Loamy soil
21575,0.7155148891642061,0.17449124089587287,-0.6043429600973992,1.114202454544477,-0.6519615575001118,0.35622866989347407,-0.1632569369964243,-1.0870426356859528,0.880858859575192,-0.7332475542403912,-0.6756050161098391,-1.0391190243884307,13,castor,salty clay Loamy soil
21579,0.7155148891642061,0.17449124089587287,-0.6043429600973992,1.114202454544477,1.1945497169251689,0.7379320808979698,0.041471313910391105,-1.0870426356859528,0.7469807938104102,-0.05310747483486328,-0.6056143998849705,-1.3233659928083268,13,castor,salty clay Loamy soil
21583,0.7155148891642061,0.17449124089587287,-0.6043429600973992,1.114202454544477,2.5794331727441295,0.24663066079317375,-0.18031762457199252,-1.0870426356859528,1.209076053063045,-0.192092621495993,-0.5006284755476669,-0.944370034915132,13,castor,salty clay Loamy soil
21587,0.7155148891642061,0.17449124089587287,-0.6043429600973992,1.114202454544477,2.8871850518150084,0.8040688105274615,-0.40210656305437614,-1.0870426356859528,1.165889580235696,-0.7657759928206557,-1.223864843204646,-0.7184301369403431,13,castor,salty clay Loamy soil
21599,0.7155148891642061,0.17449124089587287,-0.6043429600973992,1.114202454544477,2.1178053541378086,0.5395218920094944,-0.11207487426972029,-1.0870426356859528,0.9715504525126254,-1.0319177630228187,-0.6347771566453325,-0.7257185207459812,13,castor,salty clay Loamy soil
21603,0.7155148891642061,0.17449124089587287,-0.6043429600973992,1.114202454544477,2.5794331727441295,0.9136668196277619,-0.009710748816312897,-1.0870426356859528,0.7081129682657958,-0.08267878263510363,-0.6056143998849705,-0.6455462988839594,13,castor,salty clay Loamy soil
21611,0.7155148891642061,0.17449124089587287,-0.6043429600973992,1.114202454544477,2.271681293673248,0.6963604222737174,-0.0438321239674487,-1.0870426356859528,0.7728926775068193,-0.3990917760976754,-1.3288507675419494,-1.1994634681124745,13,castor,salty clay Loamy soil
21615,0.7155148891642061,0.17449124089587287,-0.6043429600973992,1.114202454544477,-1.421341255177312,0.8002895688343474,-0.4362279382055119,-1.0870426356859528,0.6562892008729775,-0.7362046850204153,-1.5446551675686284,-1.0792051353194416,13,castor,salty clay Loamy soil
21631,0.7155148891642061,0.17449124089587287,-0.6043429600973992,1.114202454544477,-2.498472831925392,0.31276739042266555,-0.1973783121475601,-1.0870426356859528,0.5958281389146886,-0.07972165185507976,-1.6438085405538594,-0.8131791264136418,13,castor,salty clay Loamy soil
21635,0.7155148891642061,0.17449124089587287,-0.6043429600973992,1.114202454544477,1.6561775355314885,0.5187360626973686,-0.4191672506299437,-1.0870426356859528,0.5137738405427251,-0.05310747483486328,-0.6581073620536221,-0.9297932673038553,13,castor,salty clay Loamy soil
21643,0.7155148891642061,0.17449124089587287,-0.6043429600973992,1.114202454544477,-0.036457799358352465,0.7284839766651853,-0.0779534991185845,-1.0870426356859528,0.565597607935544,-0.5292055304187329,-1.3930088324147458,-0.6163927636614059,13,castor,salty clay Loamy soil
21651,0.7155148891642061,0.17449124089587287,-0.6043429600973992,1.114202454544477,0.27129407971252784,0.2749749734915274,-0.3850458754788079,-1.0870426356859528,0.38853306934341325,-1.1945599559241407,-1.6321434378497146,-0.7548720559685348,13,castor,salty clay Loamy soil
21655,0.7155148891642061,0.17449124089587287,-0.6043429600973992,1.114202454544477,2.1178053541378086,0.8569781942310546,-0.29974243760096814,-1.0870426356859528,1.1615709329529609,-0.8426613931012805,-0.7980885945033599,-0.8350442778305566,13,castor,salty clay Loamy soil
21659,0.7155148891642061,0.17449124089587287,-0.6043429600973992,1.114202454544477,0.4251700192479687,0.705808526506502,-0.026771436391880492,-1.0870426356859528,0.8203977976169037,-0.10633582887529582,-1.3171856648378044,-0.6783440260093321,13,castor,salty clay Loamy soil
21667,0.7155148891642061,0.17449124089587287,-0.6043429600973992,1.114202454544477,0.27129407971252784,0.2126174855551492,-0.1291355618452885,-1.0870426356859528,0.8981334487061319,-0.9550323627421938,-1.6379759892017869,-0.8241117021220992,13,castor,salty clay Loamy soil
21671,0.7155148891642061,0.17449124089587287,-0.6043429600973992,1.114202454544477,-2.190720952854512,0.7190358724324006,-0.1973783121475601,-1.0870426356859528,1.1918014639321053,-0.07085025951500731,-1.4921622053999766,-0.9516584187207704,13,castor,salty clay Loamy soil
21675,0.7155148891642061,0.17449124089587287,-0.6043429600973992,1.114202454544477,2.733309112279569,0.7190358724324006,-0.09501418669415271,-1.0870426356859528,0.9456385688162156,-0.1891354907159687,-0.6639399134056946,-0.8751303887615676,13,castor,salty clay Loamy soil
21679,0.7155148891642061,0.17449124089587287,-0.6043429600973992,1.114202454544477,-0.9597134365709921,0.6944708014271607,-0.4362279382055119,-1.0870426356859528,0.3798957747779433,-0.5853910152391895,-0.6581073620536221,-0.7876697830939073,13,castor,salty clay Loamy soil
21683,0.7155148891642061,0.17449124089587287,-0.6043429600973992,1.114202454544477,0.5790459587834081,0.22962407317416147,-0.18031762457199252,-1.0870426356859528,0.39717036390888316,-0.5765196228991175,-1.4280041405271802,-0.8459768535390143,13,castor,salty clay Loamy soil
21687,0.7155148891642061,0.17449124089587287,-0.6043429600973992,1.114202454544477,-1.729093134248192,0.20316938132236467,0.21207818966607073,-1.0870426356859528,0.4619500731499067,-0.09155017497517565,-0.8855768647844461,-0.8386884697333759,13,castor,salty clay Loamy soil
21691,0.7155148891642061,0.17449124089587287,-0.6043429600973992,1.114202454544477,1.6561775355314885,0.7757244978291079,0.09265337663709511,-1.0870426356859528,0.5180924878254604,-0.8190043468610881,-1.5563202702727732,-0.904283923984121,13,castor,salty clay Loamy soil
21695,0.7155148891642061,0.17449124089587287,-0.6043429600973992,1.114202454544477,2.5794331727441295,0.9552384782520141,-0.1461962494208567,-1.0870426356859528,0.48786195684631595,-0.29854932957685804,-0.5064610268997394,-0.7366510964544389,13,castor,salty clay Loamy soil
21707,0.7155148891642061,0.17449124089587287,-0.6043429600973992,1.114202454544477,-0.3442096784292314,0.7776141186756647,-0.2826817500253999,-1.0870426356859528,0.5871908443492186,-1.1945599559241407,-0.8505815566720115,-1.2140402357237514,13,castor,salty clay Loamy soil
21711,0.7155148891642061,0.17449124089587287,-0.6043429600973992,1.114202454544477,2.733309112279569,0.46015781645410403,-0.026771436391880492,-1.0870426356859528,0.6044654334801585,-1.0526176784829868,-1.4105064864709629,-0.8386884697333759,13,castor,salty clay Loamy soil
21715,0.7155148891642061,0.17449124089587287,-0.6043429600973992,1.114202454544477,-1.8829690737836315,0.6793538346547058,-0.2826817500253999,-1.0870426356859528,1.1097471655601425,-0.4345773454579639,-0.8739117620803011,-0.6892766017177895,13,castor,salty clay Loamy soil
21719,0.7155148891642061,0.17449124089587287,-0.6043429600973992,1.114202454544477,1.8100534750669282,0.8418612274585997,-0.09501418669415271,-1.0870426356859528,0.6044654334801585,-1.1827314328040446,-1.2180322918525734,-1.0719167515138033,13,castor,salty clay Loamy soil
21723,0.7155148891642061,0.17449124089587287,-0.6043429600973992,1.114202454544477,0.5790459587834081,0.9533488574054574,0.1950175020905025,-1.0870426356859528,1.2349879367594543,-0.44936299935808405,-0.5356237836601014,-0.6965649855234279,13,castor,salty clay Loamy soil
21727,0.7155148891642061,0.17449124089587287,-0.6043429600973992,1.114202454544477,1.6561775355314885,0.3959107076711696,-0.40210656305437614,-1.0870426356859528,0.7815299720722894,-1.1649886481239002,-0.9614000323613874,-1.2504821547519431,13,castor,salty clay Loamy soil
21731,0.7155148891642061,0.17449124089587287,-0.6043429600973992,1.114202454544477,1.8100534750669282,0.4922813708455718,-0.1632569369964243,-1.0870426356859528,0.9456385688162156,-0.07676452107505546,-1.5563202702727732,-0.9188606915953978,13,castor,salty clay Loamy soil
21739,0.7155148891642061,0.17449124089587287,-0.6043429600973992,1.114202454544477,-1.8829690737836315,0.44882009137476264,-0.0608928115430169,-1.0870426356859528,0.6131027280456284,-0.7628188620406315,-1.5738179243289905,-0.9844561458461429,13,castor,salty clay Loamy soil
21743,0.7155148891642061,0.17449124089587287,-0.6043429600973992,1.114202454544477,1.8100534750669282,0.6812434555012625,0.05853200148595931,-1.0870426356859528,0.5699162552182794,-0.6445336308396702,-0.7397630809826358,-0.7184301369403431,13,castor,salty clay Loamy soil
21747,0.7155148891642061,0.17449124089587287,-0.6043429600973992,1.114202454544477,1.5023015959960477,0.5527492379353925,-0.0438321239674487,-1.0870426356859528,1.1831641693666353,-1.058531940043035,-0.7339305296305633,-1.0719167515138033,13,castor,salty clay Loamy soil
21751,0.7155148891642061,0.17449124089587287,-0.6043429600973992,1.114202454544477,-0.6519615575001118,0.22584483148104761,-0.2826817500253999,-1.0870426356859528,0.7383434992449402,-0.34586342205724285,-1.3755111783585285,-0.8969955401784827,13,castor,salty clay Loamy soil
21755,0.7155148891642061,0.17449124089587287,-0.6043429600973992,1.114202454544477,-0.19033373889379193,0.4544889539144336,-0.3338638127521039,-1.0870426356859528,0.582872197066484,-0.31037785269695434,-0.9147396215448081,-1.1630215490842828,13,castor,salty clay Loamy soil
21763,0.7155148891642061,0.17449124089587287,-0.6043429600973992,1.114202454544477,-0.3442096784292314,0.5206256835439254,-0.0608928115430169,-1.0870426356859528,1.1961201112148405,-0.1802640983758967,-1.013892994530039,-0.6710556422036936,13,castor,salty clay Loamy soil
21767,0.7155148891642061,0.17449124089587287,-0.6043429600973992,1.114202454544477,-1.729093134248192,0.46582667899377495,-0.11207487426972029,-1.0870426356859528,0.3928517166261479,-0.6149623230394298,-1.2646927026691528,-1.0719167515138033,13,castor,salty clay Loamy soil
21771,0.7155148891642061,0.17449124089587287,-0.6043429600973992,1.114202454544477,-1.421341255177312,0.9004394737018637,-0.09501418669415271,-1.0870426356859528,0.5008178986945205,-1.1206316864235397,-0.9555674810093149,-1.1921750843068362,13,castor,salty clay Loamy soil
21775,0.7155148891642061,0.17449124089587287,-0.6043429600973992,1.114202454544477,-1.421341255177312,0.7719452561359937,0.041471313910391105,-1.0870426356859528,1.0579233981673235,-0.8633613085614487,-1.468831999991687,-1.2431937709463048,13,castor,salty clay Loamy soil
21779,0.7155148891642061,0.17449124089587287,-0.6043429600973992,1.114202454544477,1.6561775355314885,0.2919815611105394,-0.0438321239674487,-1.0870426356859528,0.5267297823909303,-0.2630637602165696,-0.7630932863909253,-1.0172538729715157,13,castor,salty clay Loamy soil
21783,0.7155148891642061,0.17449124089587287,-0.6043429600973992,1.114202454544477,1.963929414602369,0.3184362529623362,-0.45328862578107953,-1.0870426356859528,1.019055572622709,-0.8397042623212565,-0.7689258377429978,-1.2359053871406662,13,castor,salty clay Loamy soil
21787,0.7155148891642061,0.17449124089587287,-0.6043429600973992,1.114202454544477,1.963929414602369,0.8645366776172824,-0.1291355618452885,-1.0870426356859528,1.165889580235696,-1.0703604631631312,-0.5414563350121739,-1.2796356899744965,13,castor,salty clay Loamy soil
21791,0.7155148891642061,0.17449124089587287,-0.6043429600973992,1.114202454544477,1.8100534750669282,0.4922813708455718,-0.1973783121475601,-1.0870426356859528,0.617421375328363,-0.5765196228991175,-1.28219035672537,-0.7840255911910882,13,castor,salty clay Loamy soil
21795,0.7155148891642061,0.17449124089587287,-0.6043429600973992,1.114202454544477,-0.9597134365709921,0.2598580067190719,-0.09501418669415271,-1.0870426356859528,0.38853306934341325,-0.4227488223378676,-1.0313906485862563,-0.8751303887615676,13,castor,salty clay Loamy soil
21799,0.7155148891642061,0.17449124089587287,-0.6043429600973992,1.114202454544477,1.0406737773897279,0.5281841669301531,-0.2485603748742641,-1.0870426356859528,0.626058669893833,-0.49963422261849233,-1.253027599965008,-1.0719167515138033,13,castor,salty clay Loamy soil
21803,0.7155148891642061,0.17449124089587287,-0.6043429600973992,1.114202454544477,1.3484256564606083,0.9004394737018637,0.07559268906152691,-1.0870426356859528,0.4403568367362322,-0.23940671397637736,-1.5038273081041216,-1.0609841758053458,13,castor,salty clay Loamy soil
21807,0.7155148891642061,0.17449124089587287,-0.6043429600973992,1.114202454544477,1.8100534750669282,0.9004394737018637,0.09265337663709511,-1.0870426356859528,0.7815299720722894,-0.9491181011821457,-0.7339305296305633,-0.9407258430123129,13,castor,salty clay Loamy soil
21811,0.7155148891642061,0.17449124089587287,-0.6043429600973992,1.114202454544477,-1.421341255177312,0.41480691613673865,0.041471313910391105,-1.0870426356859528,1.1486149911047563,-0.9195467933819053,-1.5796504756810628,-0.8277558940249184,13,castor,salty clay Loamy soil
21819,0.7155148891642061,0.17449124089587287,-0.6043429600973992,1.114202454544477,2.4255572332086874,0.7568282893635389,-0.0438321239674487,-1.0870426356859528,0.8333537394651083,-0.1743498368158485,-1.5504877189207007,-1.04276321629125,13,castor,salty clay Loamy soil
21823,0.7155148891642061,0.17449124089587287,-0.6043429600973992,1.114202454544477,0.7329218983188477,0.9098875779346483,-0.29974243760096814,-1.0870426356859528,1.209076053063045,-0.5676482305590452,-1.2996880107815874,-0.802246550705184,13,castor,salty clay Loamy soil
21827,0.7155148891642061,0.17449124089587287,-0.6043429600973992,1.114202454544477,-0.3442096784292314,0.5470803753957222,0.024410626334822903,-1.0870426356859528,0.721068910114001,-0.8308328699811842,-1.2355299459087907,-1.228617003335028,13,castor,salty clay Loamy soil
21835,0.7155148891642061,0.17449124089587287,-0.6043429600973992,1.114202454544477,1.963929414602369,0.4299238829091936,0.05853200148595931,-1.0870426356859528,0.9024520959888666,-0.4848485687183721,-0.6114469512370426,-0.6746998341065128,13,castor,salty clay Loamy soil
21839,0.7155148891642061,0.17449124089587287,-0.6043429600973992,1.114202454544477,-0.3442096784292314,0.5092879584645841,-0.4703493133566477,-1.0870426356859528,0.5526416660873394,-0.7923901698408718,-1.3405158702460942,-0.6419021069811403,13,castor,salty clay Loamy soil
21843,0.7155148891642061,0.17449124089587287,-0.6043429600973992,1.114202454544477,-1.8829690737836315,0.9212253030139896,0.07559268906152691,-1.0870426356859528,0.38421442206067796,-0.9165896626018815,-1.2180322918525734,-0.9771677620405046,13,castor,salty clay Loamy soil
21847,0.7155148891642061,0.17449124089587287,-0.6043429600973992,1.114202454544477,2.1178053541378086,0.40913805359706773,-0.45328862578107953,-1.0870426356859528,0.6001467861974232,-0.04719321327481513,-1.0663859566986909,-1.0318306405827924,13,castor,salty clay Loamy soil
21855,0.7155148891642061,0.17449124089587287,-0.6043429600973992,1.114202454544477,1.963929414602369,0.46015781645410403,0.05853200148595931,-1.0870426356859528,0.9154080378370717,-0.7007191156601268,-0.4889633728435223,-1.0609841758053458,13,castor,salty clay Loamy soil
21859,0.7155148891642061,0.17449124089587287,-0.6043429600973992,1.114202454544477,0.11741814017708838,0.7228151141255142,0.21207818966607073,-1.0870426356859528,1.079516634580998,-0.7509903389205355,-1.5738179243289905,-0.9553026106235897,13,castor,salty clay Loamy soil
21867,0.7155148891642061,0.17449124089587287,-0.6043429600973992,1.114202454544477,-1.729093134248192,0.5546388587819494,0.12677475178823092,-1.0870426356859528,0.6303773171765676,-1.1028889017433956,-0.827251351263722,-1.305145033294231,13,castor,salty clay Loamy soil
21871,0.7155148891642061,0.17449124089587287,-0.6043429600973992,1.114202454544477,-0.3442096784292314,0.8796536443897378,-0.0608928115430169,-1.0870426356859528,0.4533127785844368,-0.6977619848801027,-1.1305440215714873,-0.8860629644700253,13,castor,salty clay Loamy soil
21875,0.7155148891642061,0.17449124089587287,-0.6043429600973992,1.114202454544477,-0.036457799358352465,0.3354428405813482,0.12677475178823092,-1.0870426356859528,1.036330161753649,-0.20392114461608887,-1.352180972950239,-1.0719167515138033,13,castor,salty clay Loamy soil
21879,0.7155148891642061,0.17449124089587287,-0.6043429600973992,1.114202454544477,2.733309112279569,0.9231149238605464,-0.2656210624498323,-1.0870426356859528,0.9499572160989509,-0.13886426745556044,-1.0897161621069804,-1.024542256777154,13,castor,salty clay Loamy soil
21883,0.7155148891642061,0.17449124089587287,-0.6043429600973992,1.114202454544477,2.733309112279569,0.4960606125386854,-0.2656210624498323,-1.0870426356859528,0.8074418557686991,-0.12703574433546413,-1.5213249621603386,-0.9152164996925787,13,castor,salty clay Loamy soil
21887,0.7155148891642061,0.17449124089587287,-0.6043429600973992,1.114202454544477,-2.3445968923899527,0.8513093316913842,-0.4362279382055119,-1.0870426356859528,0.6562892008729775,-0.4671057840382281,-1.4571668972875422,-0.6710556422036936,13,castor,salty clay Loamy soil
21891,0.7155148891642061,0.17449124089587287,-0.6043429600973992,1.114202454544477,-1.1135893761064315,0.5962105174062017,-0.4191672506299437,-1.0870426356859528,0.9456385688162156,-1.1649886481239002,-0.5881167458287531,-1.2978566494885924,13,castor,salty clay Loamy soil
21895,0.7155148891642061,0.17449124089587287,-0.6043429600973992,1.114202454544477,2.4255572332086874,0.9098875779346483,0.1950175020905025,-1.0870426356859528,0.48786195684631595,-0.5262483996387088,-1.0372231999383288,-0.9261490754010362,13,castor,salty clay Loamy soil
21899,0.7155148891642061,0.17449124089587287,-0.6043429600973992,1.114202454544477,0.5790459587834081,0.29576080280365324,-0.2656210624498323,-1.0870426356859528,0.7297062046794703,-1.0260035014627706,-1.0313906485862563,-0.9662351863320471,13,castor,salty clay Loamy soil
21907,0.7155148891642061,0.17449124089587287,-0.6043429600973992,1.114202454544477,2.4255572332086874,0.5451907545491649,-0.1461962494208567,-1.0870426356859528,1.2263506421939845,-0.7362046850204153,-1.1013812648111252,-1.1739541247927403,13,castor,salty clay Loamy soil
21911,0.7155148891642061,0.17449124089587287,-0.6043429600973992,1.114202454544477,1.5023015959960477,0.7209254932789575,0.16089612693936672,-1.0870426356859528,0.8549469758787829,-0.04423608249479126,-0.8914094161365186,-1.1703099328899211,13,castor,salty clay Loamy soil
21915,0.7155148891642061,0.17449124089587287,-0.6043429600973992,1.114202454544477,-0.3442096784292314,0.8116272939136893,-0.4191672506299437,-1.0870426356859528,1.0751979872982627,-0.7214190311202952,-1.3930088324147458,-1.0828493272222608,13,castor,salty clay Loamy soil
21919,0.7155148891642061,0.17449124089587287,-0.6043429600973992,1.114202454544477,0.7329218983188477,0.2560787650259583,-0.3850458754788079,-1.0870426356859528,0.5699162552182794,-0.13295000589551229,-1.0488883026424736,-1.254126346654762,13,castor,salty clay Loamy soil
21923,0.7155148891642061,0.17449124089587287,-0.6043429600973992,1.114202454544477,0.27129407971252784,0.8324131232258152,-0.4191672506299437,-1.0870426356859528,0.4446754840189669,-0.5292055304187329,-0.9147396215448081,-0.8496210454418335,13,castor,salty clay Loamy soil
21927,0.7155148891642061,0.17449124089587287,-0.6043429600973992,1.114202454544477,1.5023015959960477,0.5508596170888358,-0.11207487426972029,-1.0870426356859528,0.96723180522989,-0.1773069675958728,-1.0255580972341838,-0.9917445296517814,13,castor,salty clay Loamy soil
21931,0.7155148891642061,0.17449124089587287,-0.6043429600973992,1.114202454544477,0.5790459587834081,0.8569781942310546,-0.45328862578107953,-1.0870426356859528,1.088153929146468,-0.5646910997790211,-0.6231120539411876,-0.6710556422036936,13,castor,salty clay Loamy soil
21935,0.7155148891642061,0.17449124089587287,-0.6043429600973992,1.114202454544477,-1.8829690737836315,0.6358925551838966,0.0073499387592553065,-1.0870426356859528,0.9931436889262999,-0.9905179321024823,-1.4863296540479043,-0.860553621150291,13,castor,salty clay Loamy soil
21939,0.7155148891642061,0.17449124089587287,-0.6043429600973992,1.114202454544477,0.11741814017708838,0.6226652092579985,-0.18031762457199252,-1.0870426356859528,0.9715504525126254,-0.10337869809527195,-1.0197255458821115,-0.7730930154826308,13,castor,salty clay Loamy soil
21943,0.7155148891642061,0.17449124089587287,-0.6043429600973992,1.114202454544477,-0.9597134365709921,0.45070971222131945,-0.4362279382055119,-1.0870426356859528,1.2393065840421895,-0.31037785269695434,-1.5154924108082664,-0.8860629644700253,13,castor,salty clay Loamy soil
21951,0.7155148891642061,0.17449124089587287,-0.6043429600973992,1.114202454544477,-1.5752171947127527,0.4563785747609904,-0.1291355618452885,-1.0870426356859528,1.0536047508845883,-1.1886456943640924,-1.1655393296839218,-1.0901377110278991,13,castor,salty clay Loamy soil
21955,0.7155148891642061,0.17449124089587287,-0.6043429600973992,1.114202454544477,1.8100534750669282,0.3467805656606898,-0.1632569369964243,-1.0870426356859528,0.8160791503341684,-0.1773069675958728,-1.5446551675686284,-0.7548720559685348,13,castor,salty clay Loamy soil
21959,0.7155148891642061,0.17449124089587287,-0.6043429600973992,1.114202454544477,2.4255572332086874,0.3770144992056005,-0.18031762457199252,-1.0870426356859528,0.9974623362090346,-1.1590743865638522,-0.5181261296038844,-1.0755609434166225,13,castor,salty clay Loamy soil
21963,0.7155148891642061,0.17449124089587287,-0.6043429600973992,1.114202454544477,1.3484256564606083,0.42614464121608,0.05853200148595931,-1.0870426356859528,0.5526416660873394,-0.4316202146779396,-1.3346833188940217,-1.1739541247927403,13,castor,salty clay Loamy soil
21967,0.7155148891642061,0.17449124089587287,-0.6043429600973992,1.114202454544477,1.1945497169251689,0.3902418451314986,0.07559268906152691,-1.0870426356859528,1.1702082275184307,-0.2660208909965938,-1.3346833188940217,-1.0792051353194416,13,castor,salty clay Loamy soil
21971,0.7155148891642061,0.17449124089587287,-0.6043429600973992,1.114202454544477,1.963929414602369,0.8720951610035101,-0.0608928115430169,-1.0870426356859528,1.0751979872982627,-1.0319177630228187,-1.323018216189877,-1.0063212972630582,13,castor,salty clay Loamy soil
21975,0.7155148891642061,0.17449124089587287,-0.6043429600973992,1.114202454544477,0.4251700192479687,0.3789041200521573,0.17795681451493492,-1.0870426356859528,0.5871908443492186,-0.9668608858622899,-1.0897161621069804,-1.0755609434166225,13,castor,salty clay Loamy soil
21979,0.7155148891642061,0.17449124089587287,-0.6043429600973992,1.114202454544477,0.8867978378542885,0.2900919402639826,-0.35092450032767214,-1.0870426356859528,0.9715504525126254,-0.32516350659707455,-0.6464422593494771,-0.9079281158869403,13,castor,salty clay Loamy soil
21983,0.7155148891642061,0.17449124089587287,-0.6043429600973992,1.114202454544477,-0.19033373889379193,0.5621973421681772,-0.1291355618452885,-1.0870426356859528,0.7599367356586147,-0.887018354801641,-0.5414563350121739,-0.6127485717585869,13,castor,salty clay Loamy soil
21987,0.7155148891642061,0.17449124089587287,-0.6043429600973992,1.114202454544477,-0.19033373889379193,0.524404925237039,0.1438354393637991,-1.0870426356859528,1.2436252313249243,-0.31333498347697825,-0.7164328755743462,-0.7184301369403431,13,castor,salty clay Loamy soil
21991,0.7155148891642061,0.17449124089587287,-0.6043429600973992,1.114202454544477,-0.9597134365709921,0.25418914417940125,-0.2826817500253999,-1.0870426356859528,0.8419910340305783,-0.07972165185507976,-1.1772044323880666,-0.7147859450375238,13,castor,salty clay Loamy soil
21995,0.7155148891642061,0.17449124089587287,-0.6043429600973992,1.114202454544477,1.6561775355314885,0.6453406594166812,-0.1291355618452885,-1.0870426356859528,1.0536047508845883,-0.12112148277541598,-1.013892994530039,-1.2431937709463048,13,castor,salty clay Loamy soil
21999,0.7155148891642061,0.17449124089587287,-0.6043429600973992,1.114202454544477,-0.3442096784292314,0.2693061109518564,-0.2144389997231283,-1.0870426356859528,1.209076053063045,-0.8958897471417131,-0.8797443134323736,-0.7986023588023649,13,castor,salty clay Loamy soil
