source_row_id,SOIL,SEASON,SOWN,WATER_SOURCE,SOIL_PH,CROPDURATION,TEMP,WATERREQUIRED,RELATIVE_HUMIDITY,N,P,K,target,crop_label,SOIL_raw
46,-1.100063855269374,0.17449124089587287,-0.09597647149880119,-0.8975029591088394,1.5023015959960477,0.1823835520102388,1.8157828217694587,1.940607558137715,0.17691935248940266,0.45256188854924645,-0.045689470086019014,0.03227339504040776,39,rice,Loamy soil
96,-1.482290959360654,0.17449124089587287,-0.09597647149880119,-0.8975029591088394,1.1945497169251689,0.20505900216892176,0.3997457529973185,0.1784073758037504,0.17691935248940266,0.006035140765617411,0.3859193299673393,-0.5435089256050223,39,rice,Alluvial soil
118,-1.100063855269374,0.17449124089587287,-0.09597647149880119,-0.8975029591088394,-2.498472831925392,0.12380530576697477,0.655656066630838,4.168967081585984,-0.24198943393588324,0.5353615503899197,-0.4714657187873048,-0.06976397823852913,39,rice,Loamy soil
121,-1.100063855269374,0.17449124089587287,-0.6043429600973992,1.114202454544477,-1.8829690737836315,0.484722887459344,1.7475400714671872,2.667209926677711,-0.4751963872035677,0.0770062794861944,-0.31981938363342205,-0.23375261386539217,39,rice,Loamy soil
196,-1.100063855269374,0.17449124089587287,-0.09597647149880119,-0.8975029591088394,-0.19033373889379193,0.3297739780416775,0.7580201920842453,1.4576092281812327,0.172600705206668,0.1923343799071315,-0.302321729577205,-0.14993620010055117,39,rice,Loamy soil
203,-1.291177407315014,0.17449124089587287,-0.6043429600973992,1.114202454544477,-2.498472831925392,0.5603077213216203,0.6215346914797015,1.618702221438072,-0.13834189915024528,0.1686773336669393,-0.16817304847953973,-0.029677867307518382,39,rice,Clay soil
236,-1.291177407315014,0.17449124089587287,-0.09597647149880119,-0.8975029591088394,0.11741814017708838,0.20316938132236467,0.48504919087515835,3.2560132365258805,-0.37154885241793006,0.08587767182626642,0.40341698402355675,-0.5799508446332141,39,rice,Clay soil
240,-1.482290959360654,0.17449124089587287,-0.09597647149880119,-0.8975029591088394,-1.2674653156418723,0.3392220822744621,1.6963580087404837,1.096132267702471,0.3410279492333289,0.4703046732293909,0.035966248842994646,-0.08798493775262503,39,rice,Alluvial soil
249,-1.482290959360654,0.17449124089587287,-0.6043429600973992,1.114202454544477,-0.19033373889379193,0.40157957021083995,2.481149637216609,0.5219227481841887,-0.4536031507898932,0.43186197308907853,0.5900586272898737,-0.5653740770219374,39,rice,Alluvial soil
260,-1.291177407315014,0.17449124089587287,-0.09597647149880119,-0.8975029591088394,1.5023015959960477,0.12002606407386089,0.1438354393637991,2.336323795928906,0.267610945426836,0.18642011834708333,0.4675750488963534,-0.09162912965544426,39,rice,Clay soil
264,-1.482290959360654,0.17449124089587287,-0.09597647149880119,-0.8975029591088394,-0.8058374970355525,0.2428514191000599,0.7921415672353811,3.231316052890686,0.17691935248940266,0.3401909189083332,-0.13901029171917767,-0.47062508754863874,39,rice,Alluvial soil
277,-1.100063855269374,0.17449124089587287,-0.6043429600973992,1.114202454544477,0.11741814017708838,0.4412616079885349,1.7816614466183236,1.635821860094287,-0.1340232518675106,0.12727750274660266,-0.004861610621511978,-0.03696625111315659,39,rice,Loamy soil
284,-1.291177407315014,0.17449124089587287,-0.09597647149880119,-0.8975029591088394,-2.0368450133190725,0.1823835520102388,-0.7091989394145989,3.90178845862342,-0.10811136817110081,0.3224481342281892,-0.12734518901503267,-0.026033675404699152,39,rice,Clay soil
449,-1.291177407315014,0.17449124089587287,-0.6043429600973992,1.114202454544477,1.963929414602369,0.6075482424855431,-0.3338638127521039,4.372438196762306,0.3064787709714498,0.27809117252782867,-0.22649856200026383,-0.4086738252007129,39,rice,Clay soil
463,-1.100063855269374,0.17449124089587287,-0.6043429600973992,1.114202454544477,-2.3445968923899527,0.320325873808893,1.9522683223740032,4.091507732911962,0.15100746879299348,-0.01762190547457478,-0.1215126376629602,-0.02238948350187992,39,rice,Loamy soil
489,-1.482290959360654,0.17449124089587287,-0.6043429600973992,1.114202454544477,-2.3445968923899527,0.2882023194174255,1.2527801317757166,0.4391310530434785,-0.34995561600425557,0.27809117252782867,-0.20316835659197385,-0.4414715523260854,39,rice,Alluvial soil
532,-1.100063855269374,0.17449124089587287,-0.09597647149880119,-0.8975029591088394,1.1945497169251689,0.6944708014271607,1.9693290099495702,3.0735908574022814,0.29352282912324523,0.17163446444696318,-0.2673264214647704,0.07964788977705697,39,rice,Loamy soil
533,-1.291177407315014,0.17449124089587287,-0.6043429600973992,1.114202454544477,-0.8058374970355525,0.42236539952296587,2.3276034490364976,2.005437665180102,0.1380515269447889,0.3401909189083332,-0.45396806473108775,-0.10620589726672092,39,rice,Clay soil
547,-1.100063855269374,0.17449124089587287,-0.6043429600973992,1.114202454544477,-1.8829690737836315,0.42047577867640906,2.4129068869143375,0.18458167171254924,0.06895317042103004,0.36976222670857356,-0.08068477819845356,-0.10256170536390195,39,rice,Loamy soil
549,-1.482290959360654,0.17449124089587287,-0.6043429600973992,1.114202454544477,1.3484256564606083,0.09924023476173476,0.38268506542175035,3.4948462282707764,-0.2333521393704133,0.16276307210689114,0.6075562813460911,0.01769662742913109,39,rice,Alluvial soil
578,-1.291177407315014,0.17449124089587287,-0.09597647149880119,-0.8975029591088394,-0.9597134365709921,0.3883522242849418,1.832843509345027,2.5089234315612345,0.267610945426836,-0.03536469015471924,0.21094278940516697,-0.35036675475560597,39,rice,Clay soil
579,-1.482290959360654,0.17449124089587287,-0.6043429600973992,1.114202454544477,-2.3445968923899527,0.10112985560829182,2.208178636007523,0.47168643147169037,0.1380515269447889,0.09179193338631458,-0.4014751025624361,-0.40502963329789365,39,rice,Alluvial soil
599,-1.291177407315014,0.17449124089587287,-0.6043429600973992,1.114202454544477,-2.498472831925392,0.42236539952296587,-0.0779534991185845,4.09403358123829,-0.15561648828118513,0.07109201792614625,0.28093340563003605,-0.03332205921033735,39,rice,Clay soil
635,-1.291177407315014,0.17449124089587287,-0.6043429600973992,1.114202454544477,-0.49808561796467227,0.31654663211577916,0.5191705660262941,3.750237559043815,0.14237017422752354,0.3106196111080929,0.3859193299673393,-0.18273392722592371,39,rice,Clay soil
676,-1.100063855269374,0.17449124089587287,-0.09597647149880119,-0.8975029591088394,-0.49808561796467227,0.40346919105739676,-0.6068348139611915,3.612719150166025,-0.2894945540459669,0.30766248032806903,0.3042636110383256,-0.18273392722592371,39,rice,Loamy soil
691,-1.100063855269374,0.17449124089587287,-0.6043429600973992,1.114202454544477,-0.6519615575001118,0.05011009275125526,2.4470282620654737,4.252881375982838,-0.336999674156051,0.17163446444696318,-0.2381636647044084,-0.2009548867400196,39,rice,Loamy soil
712,-1.100063855269374,0.17449124089587287,-0.09597647149880119,-0.8975029591088394,1.0406737773897279,0.21828634809482014,-0.0438321239674487,0.6796479436725927,0.025766697593680988,0.34906231124840525,0.04179880019506714,-0.1790897353231045,39,rice,Loamy soil
717,-1.482290959360654,0.17449124089587287,-0.6043429600973992,1.114202454544477,-2.3445968923899527,0.6869123180409329,0.604474003904134,2.1171362911665517,0.10350234868290915,0.5117045041497271,0.3859193299673393,-0.24468518957384985,39,rice,Alluvial soil
718,-1.100063855269374,0.17449124089587287,-0.09597647149880119,-0.8975029591088394,0.27129407971252784,0.4885021291524576,-0.5556527512344875,3.3682731621404027,0.2805668872750406,0.0770062794861944,-0.19150325388782927,-0.16451296771182783,39,rice,Loamy soil
729,-1.482290959360654,0.17449124089587287,-0.6043429600973992,1.114202454544477,-1.1135893761064315,0.5716454464009617,1.730479383891619,1.8381703760144634,-0.384504794266135,0.147977418206771,0.17011492994066033,-0.3576551385612444,39,rice,Alluvial soil
731,-1.291177407315014,0.17449124089587287,-0.6043429600973992,1.114202454544477,-1.1135893761064315,0.05199971359781206,0.9968698181421971,0.0787766918208618,-0.11243001545383609,0.5442329427299918,-0.4772982701393773,-0.24468518957384985,39,rice,Clay soil
738,-1.482290959360654,0.17449124089587287,-0.09597647149880119,-0.8975029591088394,1.0406737773897279,0.29387118195709644,-0.6238955015367591,3.931256689097232,-0.2851759067632323,0.46439041166934275,0.520068011065005,-0.47062508754863874,39,rice,Alluvial soil
745,-1.100063855269374,0.17449124089587287,-0.6043429600973992,1.114202454544477,-0.8058374970355525,0.7492698059773111,0.928627067839925,2.620060757919612,-0.3585929105697255,0.45551901932927075,-0.01069416197358447,-0.2738387247964032,39,rice,Loamy soil
806,-1.291177407315014,0.17449124089587287,-0.09597647149880119,-0.8975029591088394,0.5790459587834081,0.303319286189881,-0.3338638127521039,0.786294873006389,0.2460177090131615,0.5117045041497271,-0.05735457279016359,-0.42325059281198957,39,rice,Clay soil
852,-1.482290959360654,0.17449124089587287,-0.09597647149880119,-0.8975029591088394,-0.3442096784292314,0.7530490476704247,1.082173256020037,3.0286868871564727,-0.42769126709348404,0.14206315664672284,0.5025703570087875,-0.41596220900635106,39,rice,Alluvial soil
870,-1.482290959360654,0.17449124089587287,-0.09597647149880119,-0.8975029591088394,-1.5752171947127527,0.05199971359781206,-0.2826817500253999,3.129440170395507,-0.22471484480494336,0.156848810546843,-0.05152202143809151,-0.2118874624484773,39,rice,Alluvial soil
876,-1.482290959360654,0.17449124089587287,-0.09597647149880119,-0.8975029591088394,1.1945497169251689,0.6585680053425793,0.0073499387592553065,3.331508036501647,0.06895317042103004,0.5501472042900399,0.3859193299673393,-0.4123180171035321,39,rice,Alluvial soil
881,-1.291177407315014,0.17449124089587287,-0.6043429600973992,1.114202454544477,1.5023015959960477,0.10490909730140568,2.464088949641042,2.3750534702659163,0.1941939416203425,0.0977061949463623,-0.3839774485062187,0.11608980880524876,39,rice,Clay soil
981,-1.482290959360654,0.17449124089587287,-0.6043429600973992,1.114202454544477,-0.19033373889379193,0.5867624131734172,1.9693290099495702,3.3629408156737126,-0.03037571708187265,0.03264931778583389,0.22844044346138445,0.046850162651684416,39,rice,Alluvial soil
990,-1.482290959360654,0.17449124089587287,-0.09597647149880119,-0.8975029591088394,-1.1135893761064315,0.17482506862401107,2.05463244782741,3.841168098791578,0.3798957747779433,0.11249184884648249,-0.03402436738187403,-0.4086738252007129,39,rice,Alluvial soil
1000,1.3844123213239463,1.4177413322789671,1.9374894828955906,-0.8975029591088394,-0.6519615575001118,-0.5470100947607275,-0.45328862578107953,-0.7031136900842865,-0.5874812165546753,1.1120020524946064,0.1934451353489499,-0.3175690276302334,56,wheat,well-drained soil
1041,1.3844123213239463,1.4177413322789671,-1.1127094486959972,1.114202454544477,-0.8058374970355525,-0.4260743605810855,-0.2826817500253999,-0.7791697896881251,-0.794776286125951,0.7187036587514095,0.10595686506786374,-0.22646423005975397,56,wheat,well-drained soil
1082,1.3844123213239463,1.4177413322789671,1.4291229942969927,-0.8975029591088394,-0.6519615575001118,-0.40339891042240256,-0.35092450032767214,-1.0452258133945433,-0.5486133910100612,0.4910045886895592,0.6833794489230323,-0.5362205417993842,56,wheat,well-drained soil
1121,1.3844123213239463,1.4177413322789671,1.4291229942969927,1.114202454544477,0.5790459587834081,-0.4393017065069839,-0.3338638127521039,-1.0528033583735232,-0.5917998638374102,0.0030780099855935448,0.29259850833418105,-0.34672256285278674,56,wheat,well-drained soil
1174,1.3844123213239463,1.4177413322789671,1.9374894828955906,-0.8975029591088394,0.27129407971252784,-0.36560649349126445,-0.5215313760833518,-0.8681357807376342,-0.8681932899324442,1.1445304910748706,-0.4656331674352323,0.11244561690242978,56,wheat,well-drained soil
1193,1.3844123213239463,1.4177413322789671,1.4291229942969927,1.114202454544477,-0.6519615575001118,-0.46953564005189435,-0.3679851879032397,-1.0530840081875597,-0.6479422785129639,0.44369049620917445,-0.33148448633756705,-0.5398647337022033,56,wheat,well-drained soil
1210,1.3844123213239463,1.4177413322789671,1.9374894828955906,-0.8975029591088394,-0.3442096784292314,-0.3901715644965042,-0.2144389997231283,-0.6817843042175271,-0.6565795730784338,0.6861752201711453,-0.14484284307124975,-0.43418316852044697,56,wheat,well-drained soil
1212,1.3844123213239463,1.4177413322789671,-1.1127094486959972,-0.8975029591088394,0.5790459587834081,-0.4468601898932114,-0.23149968729869652,-0.8995685599097005,-0.5097455654654471,0.49691885024960697,-0.09234988090259813,-0.4924902389655539,56,wheat,well-drained soil
1279,1.3844123213239463,1.4177413322789671,1.9374894828955906,1.114202454544477,-0.6519615575001118,-0.458197914972553,-0.1632569369964243,-0.7864666848530691,-0.5011082708999772,0.4170763191889584,-0.1856707025357568,-0.47426927945145797,56,wheat,well-drained soil
1341,1.3844123213239463,1.4177413322789671,-1.1127094486959972,1.114202454544477,-0.6519615575001118,-0.47331488174500824,-0.2485603748742641,-1.0629067516788304,-0.6522609257956988,0.6684324354910013,-0.15067539442332223,0.12337819261088721,56,wheat,well-drained soil
1373,1.3844123213239463,1.4177413322789671,1.4291229942969927,1.114202454544477,-0.9597134365709921,-0.5243346446020448,-0.4191672506299437,-1.0143543338505496,-0.8422814062360346,0.11249184884648249,0.520068011065005,0.11244561690242978,56,wheat,well-drained soil
1382,1.3844123213239463,1.4177413322789671,1.4291229942969927,-0.8975029591088394,-0.8058374970355525,-0.39395080618961803,-0.5727134388100558,-1.1344724542580884,-0.6911287513403129,0.5353615503899197,0.36258912455904974,0.0650711221657803,56,wheat,well-drained soil
1405,1.3844123213239463,1.4177413322789671,1.9374894828955906,1.114202454544477,-0.036457799358352465,-0.5470100947607275,-0.4191672506299437,-0.8344578030532774,-0.8984238209115886,0.156848810546843,-0.3956425512103636,0.10880142499961055,56,wheat,well-drained soil
1480,1.3844123213239463,1.4177413322789671,1.9374894828955906,-0.8975029591088394,0.4251700192479687,-0.5054384361364757,-0.5897741263856233,-0.9023750580500636,-0.5097455654654471,0.2958339572079727,-0.1215126376629602,0.11244561690242978,56,wheat,well-drained soil
1482,1.3844123213239463,1.4177413322789671,-1.1127094486959972,-0.8975029591088394,-0.8058374970355525,-0.5092176778295893,-0.4874100009322159,-1.2265255932619967,-0.5702066274237357,0.33427665734828504,0.5142354597129325,-0.4268947847148088,56,wheat,well-drained soil
1538,1.3844123213239463,1.4177413322789671,1.4291229942969927,-0.8975029591088394,-0.49808561796467227,-0.4411913273535407,-0.1632569369964243,-1.1456984468195406,-0.5658879801410008,0.2958339572079727,-0.21483345929611883,-0.4815576632570964,56,wheat,well-drained soil
1567,1.3844123213239463,1.4177413322789671,1.9374894828955906,1.114202454544477,0.5790459587834081,-0.4922110902105773,-0.29974243760096814,-0.8773972246008321,-0.5227015073136517,0.7571463588917223,-0.302321729577205,0.076003697874238,56,wheat,well-drained soil
1574,1.3844123213239463,1.4177413322789671,1.4291229942969927,-0.8975029591088394,0.5790459587834081,-0.4808733651312357,-0.3850458754788079,-0.7828182372705973,-0.5313388018791216,0.3845478806086937,0.6192213840502357,-0.1790897353231045,56,wheat,well-drained soil
1594,1.3844123213239463,1.4177413322789671,1.9374894828955906,-0.8975029591088394,0.11741814017708838,-0.46764601920533755,-0.5215313760833518,-0.9854474030048099,-0.7127219877539874,0.18642011834708333,0.45590994619220837,-0.20459907864283886,56,wheat,well-drained soil
1610,1.3844123213239463,1.4177413322789671,1.4291229942969927,-0.8975029591088394,-0.19033373889379193,-0.4884318485174634,-0.23149968729869652,-1.1841474713425146,-0.5961185111201452,-0.011707643914526628,0.11762196777200873,-0.5835950365360334,56,wheat,well-drained soil
1611,1.3844123213239463,1.4177413322789671,-1.1127094486959972,1.114202454544477,0.5790459587834081,-0.46386677751222366,-0.5556527512344875,-1.0286674743664013,-0.5399760964445913,0.7867176666919626,0.4267471894318463,-0.59817180414731,56,wheat,well-drained soil
1613,1.3844123213239463,1.4177413322789671,1.4291229942969927,1.114202454544477,-0.8058374970355525,-0.433632843967313,-0.23149968729869652,-0.9366143353624927,-0.8466000535187695,0.9730169058334768,-0.34314958904171206,-0.2592619571851265,56,wheat,well-drained soil
1627,1.3844123213239463,1.4177413322789671,1.9374894828955906,1.114202454544477,0.11741814017708838,-0.3788338394171628,-0.4191672506299437,-1.0230544780856752,-0.742952518733132,0.6447753892508087,0.0651290056033567,-0.21917584625411551,56,wheat,well-drained soil
1634,1.3844123213239463,1.4177413322789671,1.4291229942969927,-0.8975029591088394,-0.036457799358352465,-0.5470100947607275,-0.5044706885077835,-0.6719615607262565,-0.6695355149266384,1.0676450907942459,-0.05152202143809151,-0.41596220900635106,56,wheat,well-drained soil
1671,1.3844123213239463,1.4177413322789671,-1.1127094486959972,1.114202454544477,-0.49808561796467227,-0.5092176778295893,-0.6409561891123273,-0.7758019919196896,-0.6004371584028803,0.6506896508108568,0.006803492082632595,-0.4268947847148088,56,wheat,well-drained soil
1672,1.3844123213239463,1.4177413322789671,1.9374894828955906,-0.8975029591088394,0.4251700192479687,-0.40717815211551645,-0.1291355618452885,-0.7266882744633361,-0.6695355149266384,0.2958339572079727,0.6658817948668152,-0.12442685678081682,56,wheat,well-drained soil
1679,1.3844123213239463,1.4177413322789671,1.4291229942969927,1.114202454544477,-0.19033373889379193,-0.4393017065069839,-0.4874100009322159,-1.030070723436583,-0.7213592823194575,0.7187036587514095,-0.10401498360674312,-0.5471531175078416,56,wheat,well-drained soil
1689,1.3844123213239463,1.4177413322789671,-1.1127094486959972,1.114202454544477,-0.49808561796467227,-0.4922110902105773,-0.1461962494208567,-1.0758166431245004,-0.881149231780649,0.6329468661307128,0.6075562813460911,-0.5908834203416719,56,wheat,well-drained soil
1698,1.3844123213239463,1.4177413322789671,-1.1127094486959972,-0.8975029591088394,0.27129407971252784,-0.5281138862951584,-0.1461962494208567,-1.1330692051879068,-0.9027424681943236,-0.020579036254599066,0.2576032002217465,-0.430538976617628,56,wheat,well-drained soil
1710,1.3844123213239463,1.4177413322789671,-1.1127094486959972,-0.8975029591088394,-0.8058374970355525,-0.5451204739141706,-0.6409561891123273,-1.0758166431245004,-0.5313388018791216,0.5974612967704243,-0.3956425512103636,-0.5835950365360334,56,wheat,well-drained soil
1725,1.3844123213239463,1.4177413322789671,-1.1127094486959972,1.114202454544477,-0.19033373889379193,-0.5545685781469551,-0.45328862578107953,-1.1605728869634648,-0.786138991560481,1.011459605973789,0.012636043434705087,-0.12807104868363606,56,wheat,well-drained soil
1750,1.3844123213239463,1.4177413322789671,1.9374894828955906,-0.8975029591088394,0.5790459587834081,-0.4884318485174634,-0.2826817500253999,-0.9349304364782749,-0.5097455654654471,0.27809117252782867,-0.13317774036710517,-0.09162912965544426,56,wheat,well-drained soil
1762,1.3844123213239463,1.4177413322789671,1.9374894828955906,-0.8975029591088394,-0.9597134365709921,-0.4411913273535407,-0.5727134388100558,-0.8246350595620068,-0.5831625692719403,0.017863663885713716,0.21677534075723945,-0.33578998714432934,56,wheat,well-drained soil
1814,1.3844123213239463,1.4177413322789671,1.4291229942969927,-0.8975029591088394,-0.6519615575001118,-0.49976957359680474,-0.18031762457199252,-0.9531726743906347,-0.8681932899324442,0.9789311673935249,0.39758443267148424,-0.4815576632570964,56,wheat,well-drained soil
1821,1.3844123213239463,1.4177413322789671,-1.1127094486959972,1.114202454544477,-0.036457799358352465,-0.46575639835878047,-0.3679851879032397,-0.7272495740914084,-0.5054269181827121,0.5708471197502079,0.6483841408105977,-0.2592619571851265,56,wheat,well-drained soil
1859,1.3844123213239463,1.4177413322789671,1.4291229942969927,1.114202454544477,-0.8058374970355525,-0.45252905243288205,-0.4191672506299437,-1.101917075829877,-0.7515898132986019,0.9345742056931644,0.11178941641993623,-0.047898826821614275,56,wheat,well-drained soil
1899,1.3844123213239463,1.4177413322789671,-1.1127094486959972,1.114202454544477,-0.3442096784292314,-0.46197715666566663,-0.40210656305437614,-0.9234237941027865,-0.5011082708999772,0.47326180400941475,0.4150820867277013,-0.5216437741881075,56,wheat,well-drained soil
1909,1.3844123213239463,1.4177413322789671,1.9374894828955906,1.114202454544477,0.27129407971252784,-0.4393017065069839,-0.4191672506299437,-0.8470870446849113,-0.7731830497122764,0.15093454898679526,-0.045689470086019014,-0.34672256285278674,56,wheat,well-drained soil
1911,1.3844123213239463,1.4177413322789671,-1.1127094486959972,1.114202454544477,-0.19033373889379193,-0.45252905243288205,-0.3168031251765363,-0.7704696454529999,-0.9113797627597932,0.17459159522698744,0.14678472453237076,-0.39045286568661697,56,wheat,well-drained soil
1966,1.3844123213239463,1.4177413322789671,1.9374894828955906,-0.8975029591088394,-0.3442096784292314,-0.5281138862951584,-0.2144389997231283,-1.1776925256196795,-0.8725119372151791,1.079473613914342,0.5259005624170775,-0.09527332155826349,56,wheat,well-drained soil
2016,-1.0045070792465538,0.17449124089587287,-0.09597647149880119,-0.8975029591088394,0.27129407971252784,-0.00657853264545197,-0.9309878778969826,-0.7317399711159894,-0.4579217980726282,1.848327616720591,1.8323920652812968,0.49872995860126246,29,maize,Red soil
2042,-1.0045070792465538,0.17449124089587287,-0.09597647149880119,-0.8975029591088394,-0.3442096784292314,-0.07460488312150054,-0.8968665027458468,-1.0847974371736624,-0.1599351355639198,1.7034282084994135,1.7507363463522836,0.5315276857266353,29,maize,Red soil
2058,-1.0045070792465538,0.17449124089587287,-0.09597647149880119,-0.8975029591088394,0.27129407971252784,-0.010357774338565839,-0.4191672506299437,-0.2790518210754282,-0.09083677904016156,1.4520720921973704,1.2957973408906358,0.7975536946324352,29,maize,Red soil
2114,-1.0045070792465538,0.17449124089587287,-0.09597647149880119,-0.8975029591088394,0.5790459587834081,-0.0009096701057813012,0.041471313910391105,-0.24509319357703513,0.49649925141178586,1.531914623258019,1.5990900111984006,0.6226324832971147,29,maize,Red soil
2148,-1.0045070792465538,0.17449124089587287,-0.09597647149880119,-0.8975029591088394,-1.1135893761064315,-0.07082564142838693,-0.5556527512344875,-1.0421386654401439,0.3539838910815341,1.182973191215183,1.3249600976509979,0.9797632897733941,29,maize,Red soil
2157,-1.0045070792465538,0.17449124089587287,-0.6043429600973992,1.114202454544477,-0.3442096784292314,-0.0613775371956024,-0.6409561891123273,-0.676171307936801,0.2201058253167517,2.7413811122878493,2.34565658426367,0.6299208671027532,29,maize,Red soil
2170,-1.0045070792465538,0.17449124089587287,-0.09597647149880119,-0.8975029591088394,0.11741814017708838,-0.033033224497248784,-0.5044706885077835,-0.4993619250939283,0.3496652437987988,2.3303399338645083,2.0656941193641933,0.7574675837014244,29,maize,Red soil
2227,-1.0045070792465538,0.17449124089587287,-0.6043429600973992,1.114202454544477,0.27129407971252784,-0.033033224497248784,-0.0779534991185845,-0.39187304631802294,0.1466888215102582,2.0375839866421286,1.4707738814528082,0.7356024322845091,29,maize,Red soil
2300,-1.0045070792465538,0.17449124089587287,-0.09597647149880119,-0.8975029591088394,-1.1135893761064315,-0.016026636878236508,-0.2826817500253999,-0.2869100158684446,0.16828205792393272,1.8808560553008553,0.765035167852046,1.1583286930115342,29,maize,Red soil
2305,-1.0045070792465538,0.17449124089587287,-0.6043429600973992,1.114202454544477,-1.1135893761064315,-0.01980587857135038,-0.1632569369964243,-0.4370576663778683,-0.4449658562244236,2.80052372788833,1.7390712436481386,0.8850143003000958,29,maize,Red soil
2334,-1.0045070792465538,0.17449124089587287,-0.09597647149880119,-0.8975029591088394,0.4251700192479687,0.002869571587332568,-1.0845340660770946,-0.680661704961382,0.40148901119161784,1.336743991776433,1.4357785733403732,1.0490029359269588,29,maize,Red soil
2336,-1.0045070792465538,0.17449124089587287,-0.09597647149880119,-0.8975029591088394,-0.9597134365709921,-0.0783841248146144,0.3485636902706145,-0.45782575261655484,-0.30245049589417156,2.6556243196671523,2.2056753518139316,0.35296228248849537,29,maize,Red soil
2338,-1.0045070792465538,0.17449124089587287,-0.09597647149880119,-0.8975029591088394,-0.8058374970355525,-0.07460488312150054,0.12677475178823092,-0.9902184498434272,0.5440043715218695,1.2214158913554953,0.7067096543313218,0.5242393019209969,29,maize,Red soil
2339,-1.0045070792465538,0.17449124089587287,-0.6043429600973992,1.114202454544477,-1.2674653156418723,-0.0027992909523381015,-0.9651092530481183,-0.3217105928089465,0.4187636003225577,2.6437957965470558,2.3748193410240317,0.20355041447290925,29,maize,Red soil
2373,-1.0045070792465538,0.17449124089587287,-0.6043429600973992,1.114202454544477,-0.49808561796467227,-0.01791625772479331,-0.40210656305437614,-0.45137080689371994,0.09054640683470457,1.8778989245208315,2.1473498382932075,0.7611117756042435,29,maize,Red soil
2415,-1.0045070792465538,0.17449124089587287,-0.6043429600973992,1.114202454544477,-0.8058374970355525,-0.050039812116260796,0.3656243778461821,-0.3127297987597849,0.4533127785844368,1.6442855928989326,1.2491369300740558,0.666362786130945,29,maize,Red soil
2417,-1.0045070792465538,0.17449124089587287,-0.6043429600973992,1.114202454544477,-0.3442096784292314,-0.03492284534380558,-0.0779534991185845,-0.914723649867661,-0.08651813175742629,2.0050555480618644,2.421479751840611,1.165617076817172,29,maize,Red soil
2419,-1.0045070792465538,0.17449124089587287,-0.6043429600973992,1.114202454544477,-1.2674653156418723,0.012317675820117106,0.09265337663709511,-0.6500708752314244,-0.21175890295673877,2.8064379894483777,1.1966439679054046,1.1364635415946187,29,maize,Red soil
2435,-1.0045070792465538,0.17449124089587287,-0.6043429600973992,1.114202454544477,0.11741814017708838,0.006648813280446437,-0.7091989394145989,-0.585521418003074,0.1855566470548726,1.1948017143352794,1.0566627354556666,1.1583286930115342,29,maize,Red soil
2446,-1.0045070792465538,0.17449124089587287,-0.09597647149880119,-0.8975029591088394,0.5790459587834081,-0.0009096701057813012,-0.7262596269901671,-0.5072201198869447,-0.1815283719775943,2.135169302382922,2.2348381085742934,0.815774654146531,29,maize,Red soil
2471,-1.0045070792465538,0.17449124089587287,-0.6043429600973992,1.114202454544477,-0.6519615575001118,-0.04815019126970399,-0.8456844400191428,-0.7286528231615901,0.41444495303982243,1.8778989245208315,1.319127546298925,0.5752579885604655,29,maize,Red soil
2520,-1.0045070792465538,0.17449124089587287,-0.09597647149880119,-0.8975029591088394,-1.1135893761064315,-0.01791625772479331,0.1097140642126627,-0.9756246595135392,-0.02173842251640272,1.2036731066753514,1.0974905949201734,1.1473961173030762,29,maize,Red soil
2552,-1.0045070792465538,0.17449124089587287,-0.09597647149880119,-0.8975029591088394,-0.8058374970355525,-0.021695499417907178,0.07559268906152691,-0.30711680247905876,-0.33268102687331597,2.1322121716028986,1.6340853193108356,1.143751925400257,29,maize,Red soil
2565,-1.0045070792465538,0.17449124089587287,-0.6043429600973992,1.114202454544477,0.4251700192479687,-0.01791625772479331,-1.0845340660770946,-0.36240481584421086,-0.16857243012938972,2.0701124252223937,1.8382246166333698,0.5205951100181778,29,maize,Red soil
2591,-1.0045070792465538,0.17449124089587287,-0.6043429600973992,1.114202454544477,-1.5752171947127527,-0.010357774338565839,-0.9309878778969826,-0.8195833629093534,0.574234902501014,1.1445304910748706,0.8933512975976392,0.24728071730673923,29,maize,Red soil
2607,-1.0045070792465538,0.17449124089587287,-0.6043429600973992,1.114202454544477,-0.8058374970355525,-0.065156778888716,-0.9992306281992548,-0.7101299354351941,0.5483230188046049,1.996184155721793,1.7798991031126457,0.815774654146531,29,maize,Red soil
2622,-1.0045070792465538,0.17449124089587287,-0.09597647149880119,-0.8975029591088394,0.4251700192479687,-0.0783841248146144,-0.6409561891123273,-0.9295980900115851,0.4360381894534969,2.4042682033651093,0.9808395678787253,1.1692612687199915,29,maize,Red soil
2656,-1.0045070792465538,0.17449124089587287,-0.09597647149880119,-0.8975029591088394,0.5790459587834081,-0.00468891179889517,-0.2826817500253999,-0.9105139026571164,0.012810755745476398,1.9813985018216727,1.6049225625504735,0.8267072298549886,29,maize,Red soil
2663,-1.0045070792465538,0.17449124089587287,-0.6043429600973992,1.114202454544477,-0.19033373889379193,-0.06704639973527307,-0.1461962494208567,-0.8190220632812807,-0.336999674156051,1.6028857619785961,2.141517286941135,0.6444976347140297,29,maize,Red soil
2669,-1.0045070792465538,0.17449124089587287,-0.6043429600973992,1.114202454544477,-1.729093134248192,0.008538434127003237,-0.5556527512344875,-1.005654189615424,-0.1815283719775943,2.6851956274673925,1.1849788652012596,1.059935511635416,29,maize,Red soil
2691,-1.0045070792465538,0.17449124089587287,-0.6043429600973992,1.114202454544477,-1.421341255177312,-0.00468891179889517,0.1097140642126627,-0.39215369613205936,0.3323906546678596,2.1085551253627055,1.8557222706895868,1.2057031877481832,29,maize,Red soil
2739,-1.0045070792465538,0.17449124089587287,-0.6043429600973992,1.114202454544477,-0.6519615575001118,-0.012247395185122639,0.1097140642126627,-0.7078847369229034,-0.17720972469485965,1.4698148768775146,0.8583559894852046,1.0271377845100433,29,maize,Red soil
2746,-1.0045070792465538,0.17449124089587287,-0.09597647149880119,-0.8975029591088394,0.11741814017708838,-0.050039812116260796,-0.09501418669415271,-0.3963634433426039,-0.328362379590581,1.2835156377360004,1.6457504220149803,1.1328193496917998,29,maize,Red soil
2771,-1.0045070792465538,0.17449124089587287,-0.6043429600973992,1.114202454544477,-0.49808561796467227,0.008538434127003237,-0.8115630648680069,-0.37896315487235316,-0.30245049589417156,2.7354668507278017,0.7825328219082635,1.0890890468579695,29,maize,Red soil
2780,-1.0045070792465538,0.17449124089587287,-0.09597647149880119,-0.8975029591088394,-0.036457799358352465,-0.03681246619036239,-0.009710748816312897,-0.525743007613341,0.1337328796620536,1.511214707797851,1.7215735895919215,0.2946552120433887,29,maize,Red soil
2816,-1.0045070792465538,0.17449124089587287,-0.09597647149880119,-0.8975029591088394,-1.2674653156418723,-0.0009096701057813012,0.17795681451493492,-0.46933239499204343,0.2589736508613661,2.3244256723044607,1.4707738814528082,0.3420297067800379,29,maize,Red soil
2817,-1.0045070792465538,0.17449124089587287,-0.6043429600973992,1.114202454544477,-1.2674653156418723,-0.03492284534380558,0.21207818966607073,-0.9969540453802985,-0.336999674156051,1.2716871146159041,0.9458442597662912,0.3784716258082297,29,maize,Red soil
2876,-1.0045070792465538,0.17449124089587287,-0.09597647149880119,-0.8975029591088394,0.27129407971252784,-0.07271526227494374,-0.0608928115430169,-0.36914041138108244,0.5699162552182794,1.818756308920351,1.5699272544380385,1.0125610168987669,29,maize,Red soil
2937,-1.0045070792465538,0.17449124089587287,-0.6043429600973992,1.114202454544477,-0.49808561796467227,-0.008468153492008771,-0.9821699406236866,-0.39832799204085817,-0.34563696872152055,1.2273301529155436,1.35412285441136,0.3821158177110487,29,maize,Red soil
2939,-1.0045070792465538,0.17449124089587287,-0.6043429600973992,1.114202454544477,-0.9597134365709921,-0.065156778888716,-0.0608928115430169,-0.8406320989620764,-0.44064720894168863,1.2007159758953274,2.1531823896452793,1.1109541982748843,29,maize,Red soil
3012,-1.100063855269374,0.17449124089587287,-0.09597647149880119,-0.8975029591088394,0.7329218983188477,-0.1993198589942566,-0.3168031251765363,-0.7435272633055144,0.8549469758787829,-0.34586342205724285,-0.4714657187873048,-0.6018159960501293,43,sorghum,Loamy soil
3051,-1.100063855269374,0.17449124089587287,-0.6043429600973992,1.114202454544477,-0.19033373889379193,-0.13507275021132165,0.1097140642126627,-0.7084460365509762,1.070879340015528,-0.6238337153795018,-0.33731703768963955,-0.0005243320849648004,43,sorghum,Loamy soil
3068,-1.100063855269374,0.17449124089587287,-0.09597647149880119,-0.8975029591088394,1.1945497169251689,-0.19554061730114275,1.4745690702580996,-1.000041193334698,1.1745268748011661,-0.41979169155784374,0.6542166921626702,-0.41960640090917034,43,sorghum,Loamy soil
3073,-1.100063855269374,0.17449124089587287,-0.6043429600973992,1.114202454544477,0.4251700192479687,-0.2163264466132686,-0.9139271903214149,-0.9694503636047407,1.1442963438220215,-0.05015034405483941,-0.15650794577539473,-0.23375261386539217,43,sorghum,Loamy soil
3099,-1.100063855269374,0.17449124089587287,-0.6043429600973992,1.114202454544477,-0.49808561796467227,-0.14263123359754937,-0.3679851879032397,-1.1392435010967057,1.0665606927327933,-0.14477852901560817,0.4384122921359913,-0.5872392284388526,43,sorghum,Loamy soil
3100,-1.100063855269374,0.17449124089587287,-0.09597647149880119,-0.8975029591088394,-0.3442096784292314,-0.25411886354440677,0.1950175020905025,-1.1563631397529204,0.880858859575192,-0.3044635911369062,0.018468594786777582,0.07235950597141877,43,sorghum,Loamy soil
3101,-1.100063855269374,0.17449124089587287,-0.6043429600973992,1.114202454544477,0.8867978378542885,-0.19176137560802886,1.7134186963160507,-0.9980766446364436,1.1745268748011661,-0.08859304419515178,-0.27899152416891543,0.07235950597141877,43,sorghum,Loamy soil
3107,-1.100063855269374,0.17449124089587287,-0.6043429600973992,1.114202454544477,0.8867978378542885,-0.09161147074051282,-0.45328862578107953,-0.6879586001263257,0.880858859575192,-0.23053532163630536,0.5550633191774396,-0.04425463491879505,43,sorghum,Loamy soil
3153,-1.100063855269374,0.17449124089587287,-0.6043429600973992,1.114202454544477,1.0406737773897279,-0.1577482003700046,1.9181469472228667,-0.9228624944747138,1.0492861036018535,-0.2541923678764975,-0.05735457279016359,-0.26655034099076497,43,sorghum,Loamy soil
3171,-1.100063855269374,0.17449124089587287,-0.6043429600973992,1.114202454544477,1.1945497169251689,-0.16719630460278911,1.0139305057177648,-0.6826262536596359,0.96723180522989,-0.2955921987968342,0.5783935245857291,-0.5325763498965649,43,sorghum,Loamy soil
3277,-1.100063855269374,0.17449124089587287,-0.6043429600973992,1.114202454544477,1.0406737773897279,-0.18987175476147206,1.082173256020037,-0.8636453837130532,0.9024520959888666,-0.3369920297171704,0.263435751573819,-0.39045286568661697,43,sorghum,Loamy soil
3313,-1.100063855269374,0.17449124089587287,-0.6043429600973992,1.114202454544477,0.4251700192479687,-0.1860925130683582,-1.1698375039549345,-0.7536306566108215,0.8549469758787829,-0.4227488223378676,-0.19150325388782927,-0.02238948350187992,43,sorghum,Loamy soil
3367,-1.100063855269374,0.17449124089587287,-0.6043429600973992,1.114202454544477,-0.6519615575001118,-0.19176137560802886,0.8945056926887891,-0.7729954937793265,0.8549469758787829,-0.1743498368158485,0.3042636110383256,-0.4779134713542772,43,sorghum,Loamy soil
3371,-1.100063855269374,0.17449124089587287,-0.6043429600973992,1.114202454544477,0.27129407971252784,-0.13507275021132165,-1.3916264424373173,-0.9169688483799513,1.0060996307745045,-0.22462106007625718,-0.4714657187873048,-0.13171524058645528,43,sorghum,Loamy soil
3385,-1.100063855269374,0.17449124089587287,-0.6043429600973992,1.114202454544477,-0.6519615575001118,-0.1369623710578787,-0.5727134388100558,-0.6983426432456691,0.8765402122924574,-0.2660208909965938,0.11762196777200873,-0.20824327054565808,43,sorghum,Loamy soil
3400,-1.100063855269374,0.17449124089587287,-0.09597647149880119,-0.8975029591088394,-0.19033373889379193,-0.1256246459785371,-1.2722016294083418,-0.7511048082844944,1.1011098709946725,-0.3843061221975552,-0.3081542809292775,-0.39045286568661697,43,sorghum,Loamy soil
3406,-1.100063855269374,0.17449124089587287,-0.09597647149880119,-0.8975029591088394,0.7329218983188477,-0.08972184989395601,0.38268506542175035,-1.0718875457279924,0.880858859575192,-0.5469483150988771,0.11178941641993623,-0.59817180414731,43,sorghum,Loamy soil
3425,-1.100063855269374,0.17449124089587287,-0.6043429600973992,1.114202454544477,-0.9597134365709921,-0.11050767920608189,1.3551442572291246,-1.0617841524226852,1.1961201112148405,-0.43753447623798775,0.5433982164732946,-0.45969251184018134,43,sorghum,Loamy soil
3545,-1.100063855269374,0.17449124089587287,-0.6043429600973992,1.114202454544477,0.11741814017708838,-0.25222924269784996,1.4745690702580996,-1.1824635724582968,1.0751979872982627,-0.3902203837576034,0.1876125839968774,-0.24104099767103063,43,sorghum,Loamy soil
3548,-1.100063855269374,0.17449124089587287,-0.09597647149880119,-0.8975029591088394,0.7329218983188477,-0.20876796322704114,1.3210228820779881,-0.8226705108637525,1.1831641693666353,-0.3369920297171704,-0.3489821403937841,0.061426930262961074,43,sorghum,Loamy soil
3580,-1.100063855269374,0.17449124089587287,-0.09597647149880119,-0.8975029591088394,-0.6519615575001118,-0.11050767920608189,0.6385953790552698,-0.9169688483799513,0.8549469758787829,-0.3961346453176511,-0.29065662687306,-0.13171524058645528,43,sorghum,Loamy soil
3609,-1.100063855269374,0.17449124089587287,-0.6043429600973992,1.114202454544477,1.3484256564606083,-0.09161147074051282,-0.1973783121475601,-1.0516807591173782,0.932682626968011,-0.07972165185507976,0.2984310596862531,0.05049435455450364,43,sorghum,Loamy soil
3616,-1.100063855269374,0.17449124089587287,-0.09597647149880119,-0.8975029591088394,-0.6519615575001118,-0.19554061730114275,2.600574450245585,-0.7095686358071214,0.9974623362090346,-0.2571494986565218,-0.2731589728168429,-0.5216437741881075,43,sorghum,Loamy soil
3625,-1.100063855269374,0.17449124089587287,-0.6043429600973992,1.114202454544477,0.8867978378542885,-0.20309910068737047,-1.4257478175884537,-1.1866733196688413,0.9283639796852763,-0.3074207219169301,0.030133697490922567,-0.2155316543512963,43,sorghum,Loamy soil
3635,-1.100063855269374,0.17449124089587287,-0.6043429600973992,1.114202454544477,-0.49808561796467227,-0.2465603801581793,-0.7433203145657353,-1.0522420587454508,1.1399776965392863,-0.15956418291572835,-0.02235926467772946,-0.25197357337948806,43,sorghum,Loamy soil
3689,-1.100063855269374,0.17449124089587287,-0.6043429600973992,1.114202454544477,0.11741814017708838,-0.25411886354440677,0.877445005113221,-0.7275302239054449,1.00178098349177,-0.3162921142570025,-0.2731589728168429,-0.18637811912874294,43,sorghum,Loamy soil
3703,-1.100063855269374,0.17449124089587287,-0.6043429600973992,1.114202454544477,1.1945497169251689,-0.10294919581985415,-0.2485603748742641,-1.1779731754337157,1.0492861036018535,-0.4523201301381079,0.10012431371579124,-0.32850160333869083,43,sorghum,Loamy soil
3729,-1.100063855269374,0.17449124089587287,-0.6043429600973992,1.114202454544477,0.4251700192479687,-0.25222924269784996,-0.2144389997231283,-0.7109718848773029,1.2306692894767197,-0.12999287511548802,-0.2439962160564809,-0.33578998714432934,43,sorghum,Loamy soil
3757,-1.100063855269374,0.17449124089587287,-0.6043429600973992,1.114202454544477,-0.9597134365709921,-0.22199530915293955,-0.2485603748742641,-0.7219172276247188,0.8938148014233972,-0.549905445878901,0.22260789210931195,-0.5507973094106607,43,sorghum,Loamy soil
3763,-1.100063855269374,0.17449124089587287,-0.6043429600973992,1.114202454544477,0.5790459587834081,-0.16908592544934592,2.4299675744899054,-1.1159495665316923,0.8247164448996384,-0.10042156731524766,0.15844982723651535,-0.30299226001895674,43,sorghum,Loamy soil
3809,-1.100063855269374,0.17449124089587287,-0.6043429600973992,1.114202454544477,0.7329218983188477,-0.2484500010047361,0.38268506542175035,-0.8799230729271591,1.2349879367594543,-0.5942624075792615,-0.2731589728168429,-0.36494352236688266,43,sorghum,Loamy soil
3812,-1.100063855269374,0.17449124089587287,-0.09597647149880119,-0.8975029591088394,0.4251700192479687,-0.14263123359754937,0.7921415672353811,-0.8681357807376342,0.8117605030514338,-0.18322122915592096,0.14678472453237076,0.006764051720673401,43,sorghum,Loamy soil
3869,-1.100063855269374,0.17449124089587287,-0.6043429600973992,1.114202454544477,0.7329218983188477,-0.11239730005263869,-0.0779534991185845,-0.8187414134672443,1.0536047508845883,-0.13295000589551229,-0.12734518901503267,-0.25197357337948806,43,sorghum,Loamy soil
3881,-1.100063855269374,0.17449124089587287,-0.6043429600973992,1.114202454544477,0.8867978378542885,-0.14452085444410617,2.4129068869143375,-1.0196866803172393,0.9888250416435647,-0.26010662943654567,-0.06901967549430858,-0.007812715890603261,43,sorghum,Loamy soil
3894,-1.100063855269374,0.17449124089587287,-0.09597647149880119,-0.8975029591088394,-0.036457799358352465,-0.23144341338572408,1.9863896975251385,-0.955137223088889,1.1442963438220215,-0.5735624921190934,-0.03985691873394653,-0.430538976617628,43,sorghum,Loamy soil
3900,-1.100063855269374,0.17449124089587287,-0.09597647149880119,-0.8975029591088394,1.1945497169251689,-0.2673462094703052,-0.4191672506299437,-0.9660825658363049,0.8203977976169037,-0.3872632529775791,-0.33148448633756705,-0.47062508754863874,43,sorghum,Loamy soil
3926,-1.100063855269374,0.17449124089587287,-0.09597647149880119,-0.8975029591088394,0.8867978378542885,-0.2144368257667118,0.7750808796598135,-1.177131225991607,0.8592656231615174,-0.360649075957363,0.21677534075723945,-0.5252879660909264,43,sorghum,Loamy soil
3952,-1.100063855269374,0.17449124089587287,-0.09597647149880119,-0.8975029591088394,-0.49808561796467227,-0.1596378212165614,1.4916297578336677,-0.719391379298392,0.889496154140662,-0.31333498347697825,0.3450914705028327,0.076003697874238,43,sorghum,Loamy soil
3996,-1.100063855269374,0.17449124089587287,-0.09597647149880119,-0.8975029591088394,-0.19033373889379193,-0.2654565886237484,2.174057260856386,-0.9498048766221993,1.2177133476285151,-0.4050060376577235,0.6425515894585256,-0.40502963329789365,43,sorghum,Loamy soil
3997,-1.100063855269374,0.17449124089587287,-0.6043429600973992,1.114202454544477,-0.036457799358352465,-0.2182160674598257,2.2934820738853623,-1.0438225643243617,0.9715504525126254,-0.4138774299977956,0.6600492435147427,-0.5507973094106607,43,sorghum,Loamy soil
4007,-0.4311664231096339,0.17449124089587287,-0.6043429600973992,1.114202454544477,-0.9597134365709921,-0.5035488152899187,1.6451759460137791,-1.4412227009997707,0.522411135108195,-0.8042186929609679,-1.1655393296839218,-1.305145033294231,1,Pearl millet,clay Loamy soil
4037,-0.4311664231096339,0.17449124089587287,-0.6043429600973992,1.114202454544477,-0.8058374970355525,-0.5262242654486016,3.2318198905416002,-1.1580470386371382,0.7599367356586147,-0.889975485581665,-0.827251351263722,-1.268703114266039,1,Pearl millet,clay Loamy soil
4056,1.0021852172326662,0.17449124089587287,-0.09597647149880119,-0.8975029591088394,-0.036457799358352465,-0.4770941234381221,-0.4191672506299437,-1.3685343991643677,0.8635842704442528,-0.7894330390608478,-0.5297912323080289,-1.13022382195891,1,Pearl millet,sandy loamy soil
4064,-0.4311664231096339,0.17449124089587287,-0.09597647149880119,-0.8975029591088394,-0.6519615575001118,-0.6244845494695608,-0.9309878778969826,-1.101075126387768,0.4662687204326414,-1.0437462861429148,-1.1597067783318493,-0.842332661636195,1,Pearl millet,clay Loamy soil
4071,1.0021852172326662,0.17449124089587287,-0.6043429600973992,1.114202454544477,-0.9597134365709921,-0.5961402367712072,1.2698408193512847,-1.210247904047891,1.0060996307745045,-0.9136325318218573,-1.083883610754908,-0.6491904907867787,1,Pearl millet,sandy loamy soil
4085,-0.4311664231096339,0.17449124089587287,-0.6043429600973992,1.114202454544477,0.5790459587834081,-0.5696855449194104,3.010030952059216,-1.4586229894700218,0.8290350921823736,-0.6563621539597663,-0.5531214377163185,-1.1921750843068362,1,Pearl millet,clay Loamy soil
4122,1.0021852172326662,0.17449124089587287,-0.09597647149880119,-0.8975029591088394,0.7329218983188477,-0.5092176778295893,3.2318198905416002,-1.3965993805679981,0.6951570264175913,-0.8308328699811842,-0.7339305296305633,-0.6236811474670444,1,Pearl millet,sandy loamy soil
4143,1.0021852172326662,0.17449124089587287,-0.6043429600973992,1.114202454544477,0.27129407971252784,-0.4884318485174634,2.122875198129683,-1.3486082623677897,0.5915094916319539,-0.889975485581665,-1.0605534053466183,-0.7257185207459812,1,Pearl millet,sandy loamy soil
4159,-1.291177407315014,0.17449124089587287,-0.6043429600973992,1.114202454544477,-0.036457799358352465,-0.581023269998752,-0.4874100009322159,-1.2436452319182114,0.9542758633816855,-0.7421189465804632,-1.5213249621603386,-1.046407408194069,1,Pearl millet,Clay soil
4175,-0.4311664231096339,0.17449124089587287,-0.6043429600973992,1.114202454544477,-1.1135893761064315,-0.5583478198400691,-0.6580168766878955,-1.332049923339648,0.9456385688162156,-0.7835187775007999,-1.4804971026958318,-1.1411563976673678,1,Pearl millet,clay Loamy soil
4177,-1.291177407315014,0.17449124089587287,-0.6043429600973992,1.114202454544477,-0.036457799358352465,-0.639601516242016,2.583513762670017,-1.210247904047891,0.5353670769563996,-0.8249186084211363,-0.6231120539411876,-0.7840255911910882,1,Pearl millet,Clay soil
4326,1.0021852172326662,0.17449124089587287,-0.09597647149880119,-0.8975029591088394,-0.3442096784292314,-0.5640166823797398,-0.1973783121475601,-1.115668916717656,0.5440043715218695,-1.067403332383107,-1.5154924108082664,-0.6273253393698636,1,Pearl millet,sandy loamy soil
4351,-1.291177407315014,0.17449124089587287,-0.6043429600973992,1.114202454544477,0.11741814017708838,-0.5866921325384227,2.4129068869143375,-1.386215337448655,0.38421442206067796,-1.0940175094033235,-0.6872701188139841,-0.9188606915953978,1,Pearl millet,Clay soil
4353,1.0021852172326662,0.17449124089587287,-0.6043429600973992,1.114202454544477,-1.1135893761064315,-0.5035488152899187,-1.3233836921350457,-1.445993747838388,0.531048429673665,-1.1797743020240203,-1.2355299459087907,-0.7330069045516197,1,Pearl millet,sandy loamy soil
4369,-1.291177407315014,0.17449124089587287,-0.6043429600973992,1.114202454544477,0.11741814017708838,-0.5696855449194104,-0.0779534991185845,-1.2352257374971223,0.38421442206067796,-0.9520752319621697,-0.815586248559577,-0.9261490754010362,1,Pearl millet,Clay soil
4383,1.0021852172326662,0.17449124089587287,-0.6043429600973992,1.114202454544477,-0.9597134365709921,-0.497879952750248,-0.5556527512344875,-1.2458904304305018,0.6735637900039168,-0.9165896626018815,-1.59714812973728,-0.9480142268179512,1,Pearl millet,sandy loamy soil
4396,-1.291177407315014,0.17449124089587287,-0.09597647149880119,-0.8975029591088394,-1.1135893761064315,-0.639601516242016,2.361724824187634,-1.3233497791045223,0.5699162552182794,-1.0851461170632513,-0.8972419674885911,-0.7548720559685348,1,Pearl millet,Clay soil
4398,1.0021852172326662,0.17449124089587287,-0.09597647149880119,-0.8975029591088394,1.0406737773897279,-0.5394516113745,-0.6580168766878955,-1.1594502877073196,0.5353670769563996,-1.1797743020240203,-0.6639399134056946,-0.7366510964544389,1,Pearl millet,sandy loamy soil
4452,1.0021852172326662,0.17449124089587287,-0.09597647149880119,-0.8975029591088394,-1.2674653156418723,-0.6301534120092315,1.7475400714671872,-1.3696569984205127,0.7642553829413501,-0.9372895780620495,-1.1655393296839218,-1.1010702867363569,1,Pearl millet,sandy loamy soil
4469,-0.4311664231096339,0.17449124089587287,-0.6043429600973992,1.114202454544477,-1.5752171947127527,-0.5734647866125243,1.1845373814734443,-1.3904250846591995,0.9629131579471555,-0.8722327009015209,-0.8214187999116495,-1.0208980648743347,1,Pearl millet,clay Loamy soil
4504,-1.291177407315014,0.17449124089587287,-0.09597647149880119,-0.8975029591088394,0.7329218983188477,-0.5526789573003984,2.2252393235830894,-1.3693763486064765,0.8031232084859639,-0.889975485581665,-1.352180972950239,-1.0318306405827924,1,Pearl millet,Clay soil
4568,-0.4311664231096339,0.17449124089587287,-0.09597647149880119,-0.8975029591088394,-0.49808561796467227,-0.6358222745489022,-1.9205077572799243,-1.4069834236873415,0.880858859575192,-1.1975170867041647,-0.5472888863642464,-0.7986023588023649,1,Pearl millet,clay Loamy soil
4575,1.0021852172326662,0.17449124089587287,-0.6043429600973992,1.114202454544477,-1.2674653156418723,-0.46386677751222366,0.6727167542064055,-1.4114738207119224,0.4489941313017015,-1.1324602095436358,-1.5913155783852078,-1.0536957919997074,1,Pearl millet,sandy loamy soil
4579,-1.291177407315014,0.17449124089587287,-0.6043429600973992,1.114202454544477,0.7329218983188477,-0.6074779618505486,2.6517565129722884,-1.1254916602089267,0.49649925141178586,-1.1768171712439963,-0.5239586809559564,-1.1120028624448142,1,Pearl millet,Clay soil
4599,1.0021852172326662,0.17449124089587287,-0.6043429600973992,1.114202454544477,0.8867978378542885,-0.5488997156072846,2.6688172005478568,-1.2565551233638814,0.6692451427211821,-0.9106754010418333,-1.2763578053732976,-1.2614147304604006,1,Pearl millet,sandy loamy soil
4642,-1.291177407315014,0.17449124089587287,-0.09597647149880119,-0.8975029591088394,-0.9597134365709921,-0.48276298597779277,-1.28926231698391,-1.404738225175051,0.5440043715218695,-0.8278757392011604,-0.6931026701660566,-1.0755609434166225,1,Pearl millet,Clay soil
4691,-0.4311664231096339,0.17449124089587287,-0.6043429600973992,1.114202454544477,-1.729093134248192,-0.6471599996282438,-0.8968665027458468,-1.1675891323143726,0.8074418557686991,-1.1354173403236598,-0.9380698269530977,-1.2140402357237514,1,Pearl millet,clay Loamy soil
4712,-0.4311664231096339,0.17449124089587287,-0.09597647149880119,-0.8975029591088394,0.27129407971252784,-0.556458198993512,-1.0333520033503905,-1.337662919620374,0.4317195421707623,-1.1502029942237801,-0.6522748107015496,-1.1411563976673678,1,Pearl millet,clay Loamy soil
4714,-1.291177407315014,0.17449124089587287,-0.09597647149880119,-0.8975029591088394,-0.036457799358352465,-0.5243346446020448,-2.005811195157764,-1.451326094305078,0.9024520959888666,-0.7894330390608478,-0.7805909404471428,-1.1921750843068362,1,Pearl millet,Clay soil
4779,1.0021852172326662,0.17449124089587287,-0.6043429600973992,1.114202454544477,-0.3442096784292314,-0.46197715666566663,0.1097140642126627,-1.0940588810368603,0.932682626968011,-0.9846036705424341,-1.6379759892017869,-1.1775983166955595,1,Pearl millet,sandy loamy soil
4792,-1.291177407315014,0.17449124089587287,-0.09597647149880119,-0.8975029591088394,1.0406737773897279,-0.6471599996282438,1.8669648844961635,-1.3724634965608757,0.38853306934341325,-0.8633613085614487,-1.2588601513170803,-1.0172538729715157,1,Pearl millet,Clay soil
4835,-0.4311664231096339,0.17449124089587287,-0.6043429600973992,1.114202454544477,-1.729093134248192,-0.5696855449194104,-0.8627451275947109,-1.195654113718003,1.00178098349177,-0.892932616361689,-1.1888695350922114,-0.9297932673038553,1,Pearl millet,clay Loamy soil
4875,1.0021852172326662,0.17449124089587287,-0.6043429600973992,1.114202454544477,-1.2674653156418723,-0.5054384361364757,-0.8456844400191428,-1.3971606801960708,0.7599367356586147,-0.6593192847397903,-1.4221715891751077,-0.7366510964544389,1,Pearl millet,sandy loamy soil
4881,1.0021852172326662,0.17449124089587287,-0.6043429600973992,1.114202454544477,0.4251700192479687,-0.6169260660833331,-1.5622333181929973,-1.410070571641741,0.7124316155485311,-0.7391618158004394,-0.9614000323613874,-1.2577705385575813,1,Pearl millet,sandy loamy soil
4887,1.0021852172326662,0.17449124089587287,-0.6043429600973992,1.114202454544477,-1.421341255177312,-0.6112572035436624,1.628115258438211,-1.4386968526734443,0.9283639796852763,-1.0910603786232993,-0.9788976864176047,-0.9881003377489622,1,Pearl millet,sandy loamy soil
4896,1.0021852172326662,0.17449124089587287,-0.09597647149880119,-0.8975029591088394,0.4251700192479687,-0.5545685781469551,-1.3745657548617498,-1.5049302087860121,0.41012630575708775,-1.0289606322427947,-1.2646927026691528,-0.9698793782348663,1,Pearl millet,sandy loamy soil
4931,-0.4311664231096339,0.17449124089587287,-0.6043429600973992,1.114202454544477,1.1945497169251689,-0.6452703787816867,1.7134186963160507,-1.4869686206876886,0.8419910340305783,-0.9993893244425543,-1.3055205621336596,-0.9589468025264087,1,Pearl millet,clay Loamy soil
4941,1.0021852172326662,0.17449124089587287,-0.6043429600973992,1.114202454544477,0.11741814017708838,-0.5318931279882723,3.095334389937056,-1.2037929583250562,0.5958281389146886,-1.138374471103684,-1.5504877189207007,-1.1120028624448142,1,Pearl millet,sandy loamy soil
4972,-1.291177407315014,0.17449124089587287,-0.09597647149880119,-0.8975029591088394,0.11741814017708838,-0.5980298576177641,-0.1461962494208567,-1.1254916602089267,0.617421375328363,-0.9106754010418333,-1.5913155783852078,-1.0136096810686963,1,Pearl millet,Clay soil
4999,-1.291177407315014,0.17449124089587287,-0.6043429600973992,1.114202454544477,-1.421341255177312,-0.556458198993512,0.7580201920842453,-1.463674686122675,0.49649925141178586,-0.79830443140092,-1.2996880107815874,-0.7694488235798115,1,Pearl millet,Clay soil
5043,-1.100063855269374,0.17449124089587287,-0.6043429600973992,1.114202454544477,0.7329218983188477,-0.1388519919044355,-0.5215313760833518,-0.33041073704407203,-2.3969944280206,-1.4400018106661354,-1.3346833188940217,-1.1156470543476333,36,ragi,Loamy soil
5067,-0.9089503032237339,0.17449124089587287,-0.6043429600973992,1.114202454544477,-0.9597134365709921,-0.16719630460278911,-1.8522650069776525,0.8502830306066667,-2.241523125842144,-1.4607017261263038,-1.4513343459354697,-1.3015008413914115,36,ragi,Sandy soil
5098,-1.100063855269374,0.17449124089587287,-0.09597647149880119,-0.8975029591088394,1.0406737773897279,0.1842731728567956,-1.9887505075821963,-0.25239008874197916,-2.371082544324191,-1.484358772366496,-1.5271575135124111,-0.9808119539433239,36,ragi,Loamy soil
5104,1.0977419932554862,0.17449124089587287,-0.09597647149880119,-0.8975029591088394,0.5790459587834081,-0.10672843751296802,-2.005811195157764,0.4730896805418719,-2.375401191606926,-1.4932301647065682,-1.6088132324414248,-0.9917445296517814,36,ragi,shallow Black Soil
5148,-1.100063855269374,0.17449124089587287,-0.09597647149880119,-0.8975029591088394,-1.8829690737836315,0.006648813280446437,0.3485636902706145,0.32883567612721043,-2.2458417731248788,-1.2596168330846693,-1.5913155783852078,-1.0026771053602388,36,ragi,Loamy soil
5198,-1.100063855269374,0.17449124089587287,-0.09597647149880119,-0.8975029591088394,1.3484256564606083,0.18994203539646654,-1.613415380919701,0.08579293717176946,-2.401313075303335,-1.2951024024449578,-1.2938554594295149,-1.0281864486799732,36,ragi,Loamy soil
5221,-1.386734183337834,0.17449124089587287,-0.6043429600973992,1.114202454544477,-2.190720952854512,0.09546099306862114,-1.7499008815242447,-0.35594987012137597,-2.371082544324191,-1.3542450180454384,-1.6379759892017869,-1.2978566494885924,36,ragi,Black Soil
5240,-1.0045070792465538,0.17449124089587287,-0.09597647149880119,-0.8975029591088394,-1.1135893761064315,0.19183165624302334,0.07559268906152691,-0.2178701616155133,-2.319258776931372,-1.4725302492463999,-1.5738179243289905,-1.246837962849124,36,ragi,Red soil
5275,-1.0045070792465538,0.17449124089587287,-0.6043429600973992,1.114202454544477,-0.036457799358352465,-0.06893602058182988,-1.5281119430418613,-0.4993619250939283,-2.4185876644342748,-1.3926877181857509,-1.5038273081041216,-1.0391190243884307,36,ragi,Red soil
5280,-1.0045070792465538,0.17449124089587287,-0.09597647149880119,-0.8975029591088394,-2.190720952854512,-0.00468891179889517,-1.5792940057685652,-0.2812970195877185,-2.409950369868805,-1.4547874645662555,-1.5271575135124111,-1.1229354381532717,36,ragi,Red soil
5354,1.0977419932554862,0.17449124089587287,-0.09597647149880119,-0.8975029591088394,1.0406737773897279,0.12380530576697477,-1.4086871300128856,-0.4294801213988882,-2.2501604204076138,-1.2418740484045252,-1.0663859566986909,-1.2942124575857732,36,ragi,shallow Black Soil
5365,-1.0045070792465538,0.17449124089587287,-0.6043429600973992,1.114202454544477,-2.3445968923899527,-0.15207933783033392,-1.9887505075821963,0.3644782025098214,-2.284709598669493,-1.401559110525823,-1.5038273081041216,-1.2832798818773157,36,ragi,Red soil
5393,-1.100063855269374,0.17449124089587287,-0.6043429600973992,1.114202454544477,2.1178053541378086,-0.03681246619036239,-0.6409561891123273,0.8662800700067361,-2.258797714973084,-1.4695731184663758,-1.3463484215981665,-1.1593773571814636,36,ragi,Loamy soil
5397,-0.9089503032237339,0.17449124089587287,-0.6043429600973992,1.114202454544477,0.5790459587834081,-0.040591707883476255,-0.5044706885077835,0.4893673697559775,-2.310621482365902,-1.4281732875460393,-1.3580135243023115,-1.0136096810686963,36,ragi,Sandy soil
5419,1.0977419932554862,0.17449124089587287,-0.6043429600973992,1.114202454544477,-2.3445968923899527,0.07845440544960887,-0.1291355618452885,-0.4073087860900198,-2.2933468932349625,-1.3098880563450779,-1.3696786270064563,-1.1703099328899211,36,ragi,shallow Black Soil
5422,-0.9089503032237339,0.17449124089587287,-0.09597647149880119,-0.8975029591088394,1.8100534750669282,-0.01980587857135038,-2.2617215087912834,-0.2849454671701907,-2.2674350095385534,-1.490273033926544,-1.4629994486396145,-1.246837962849124,36,ragi,Sandy soil
5488,-1.100063855269374,0.17449124089587287,-0.09597647149880119,-0.8975029591088394,0.4251700192479687,0.1691562060843404,-0.9480485654725508,0.35212961069222365,-2.327896071496842,-1.233002656064453,-1.4629994486396145,-1.1120028624448142,36,ragi,Loamy soil
5491,-1.386734183337834,0.17449124089587287,-0.6043429600973992,1.114202454544477,-2.0368450133190725,0.07089592206338113,-2.2105394460645797,0.07344434535417206,-2.371082544324191,-1.3542450180454384,-1.4863296540479043,-1.2504821547519431,36,ragi,Black Soil
5507,-0.9089503032237339,0.17449124089587287,-0.6043429600973992,1.114202454544477,-0.9597134365709921,0.06711668037026754,-0.5556527512344875,0.2937544493726722,-2.3365333660623118,-1.407473372085871,-1.2355299459087907,-0.9771677620405046,36,ragi,Sandy soil
5508,-1.100063855269374,0.17449124089587287,-0.09597647149880119,-0.8975029591088394,-2.3445968923899527,0.07089592206338113,-0.29974243760096814,0.30301589323587014,-2.2458417731248788,-1.4754873800264239,-1.3346833188940217,-1.1703099328899211,36,ragi,Loamy soil
5532,-0.9089503032237339,0.17449124089587287,-0.09597647149880119,-0.8975029591088394,-1.5752171947127527,-0.16341706290967525,-1.8522650069776525,0.6148178366302064,-2.3322147187795768,-1.398601979745799,-1.4746645513437595,-1.0063212972630582,36,ragi,Sandy soil
5554,1.0977419932554862,0.17449124089587287,-0.09597647149880119,-0.8975029591088394,1.5023015959960477,-0.03681246619036239,-1.3233836921350457,-0.28017442033157336,-2.241523125842144,-1.3601592796054867,-1.5854830270331353,-1.0901377110278991,36,ragi,shallow Black Soil
5598,-1.100063855269374,0.17449124089587287,-0.09597647149880119,-0.8975029591088394,0.27129407971252784,0.19183165624302334,-1.9887505075821963,0.8320407926943068,-2.2199298894284696,-1.2389169176245012,-1.3638460756543838,-0.9844561458461429,36,ragi,Loamy soil
5629,1.0977419932554862,0.17449124089587287,-0.6043429600973992,1.114202454544477,-1.1135893761064315,0.06711668037026754,-1.238080254257206,-0.0882099475307402,-2.401313075303335,-1.3601592796054867,-1.142209124275632,-1.1484447814730059,36,ragi,shallow Black Soil
5641,-1.386734183337834,0.17449124089587287,-0.6043429600973992,1.114202454544477,0.7329218983188477,0.17293544777745426,-0.5727134388100558,-0.31188784931767577,-2.2156112421457346,-1.496187295486592,-1.1772044323880666,-1.2359053871406662,36,ragi,Black Soil
5647,-0.9089503032237339,0.17449124089587287,-0.6043429600973992,1.114202454544477,0.5790459587834081,0.05388933444436913,-1.613415380919701,0.15427149179662802,-2.371082544324191,-1.4400018106661354,-1.538822616216556,-1.0281864486799732,36,ragi,Sandy soil
5650,-1.0045070792465538,0.17449124089587287,-0.09597647149880119,-0.8975029591088394,0.27129407971252784,-0.0783841248146144,-1.9716898200066284,0.5418488849807669,-2.349489307910517,-1.2803167485448377,-1.2880229080774424,-1.1338680138617294,36,ragi,Red soil
5657,-0.9089503032237339,0.17449124089587287,-0.6043429600973992,1.114202454544477,1.5023015959960477,0.1842731728567956,-1.28926231698391,-0.3121684991317122,-2.319258776931372,-1.3305879718052462,-1.6029806810893525,-1.2031076600152937,36,ragi,Sandy soil
5666,-1.386734183337834,0.17449124089587287,-0.09597647149880119,-0.8975029591088394,1.5023015959960477,0.16159772269811293,0.3485636902706145,-0.4336898686094328,-2.3926757807378656,-1.4163447644259433,-1.6379759892017869,-1.0318306405827924,36,ragi,Black Soil
5727,-0.9089503032237339,0.17449124089587287,-0.6043429600973992,1.114202454544477,-1.1135893761064315,0.06522705952371047,-1.0333520033503905,0.6226760314232228,-2.258797714973084,-1.3897305874057269,-1.183036983740139,-1.0755609434166225,36,ragi,Sandy soil
5745,-1.0045070792465538,0.17449124089587287,-0.6043429600973992,1.114202454544477,1.8100534750669282,0.04255160936502752,-2.022871882733332,-0.21141521589267842,-2.4185876644342748,-1.3483307564853904,-1.1655393296839218,-1.0828493272222608,36,ragi,Red soil
5783,-1.100063855269374,0.17449124089587287,-0.6043429600973992,1.114202454544477,1.6561775355314885,-0.0027992909523381015,-0.11207487426972029,0.5609330723352355,-2.3063028350831676,-1.481401641586472,-1.1655393296839218,-1.0318306405827924,36,ragi,Loamy soil
5798,-1.100063855269374,0.17449124089587287,-0.09597647149880119,-0.8975029591088394,2.271681293673248,-0.16152744206311845,-1.6475367560708372,0.13462600481408663,-2.371082544324191,-1.4488732030062077,-1.4863296540479043,-1.1484447814730059,36,ragi,Loamy soil
5807,-0.9089503032237339,0.17449124089587287,-0.6043429600973992,1.114202454544477,0.11741814017708838,-0.05381905380937466,-2.3299642590935554,0.43604390508907936,-2.276072304104023,-1.3572021488254624,-1.5154924108082664,-1.0391190243884307,36,ragi,Sandy soil
5883,-1.100063855269374,0.17449124089587287,-0.6043429600973992,1.114202454544477,-2.0368450133190725,0.04066198851847072,-1.2039588791060702,-0.15275940475909056,-2.40563172258607,-1.3276308410252222,-1.142209124275632,-0.9771677620405046,36,ragi,Loamy soil
5887,-0.9089503032237339,0.17449124089587287,-0.6043429600973992,1.114202454544477,-1.1135893761064315,-0.033033224497248784,-1.8352043194020846,-0.27512272367892,-2.2674350095385534,-1.3867734566257028,-1.0897161621069804,-1.0974260948335375,36,ragi,Sandy soil
5890,-1.0045070792465538,0.17449124089587287,-0.09597647149880119,-0.8975029591088394,-1.729093134248192,-0.00468891179889517,-0.18031762457199252,0.20703365683545372,-2.2112925948629996,-1.2566597023046453,-1.2296973945567182,-1.0573399839025266,36,ragi,Red soil
5908,-1.100063855269374,0.17449124089587287,-0.09597647149880119,-0.8975029591088394,-2.3445968923899527,-0.0783841248146144,-0.40210656305437614,-0.46119355038499066,-2.3581266024759864,-1.3779020642856306,-1.5738179243289905,-1.068272559610984,36,ragi,Loamy soil
5945,-1.0045070792465538,0.17449124089587287,-0.6043429600973992,1.114202454544477,0.7329218983188477,0.11813644322730382,0.2461995648172065,0.7335327079675636,-2.3322147187795768,-1.2566597023046453,-1.1655393296839218,-1.1775983166955595,36,ragi,Red soil
5966,-1.386734183337834,0.17449124089587287,-0.09597647149880119,-0.8975029591088394,-0.3442096784292314,0.002869571587332568,-0.9139271903214149,-0.29504886047549744,-2.228567183993939,-1.3098880563450779,-1.4221715891751077,-1.1994634681124745,36,ragi,Black Soil
6027,-0.6222799751552739,0.17449124089587287,-0.6043429600973992,1.114202454544477,-1.5752171947127527,-0.6717250706334835,1.0309911932933329,-1.5517987277300753,-2.2890282459522275,-1.3069309255650539,-1.0780510594028356,-1.1557331652786444,32,panivaragu,black cotton soil
6039,-0.6222799751552739,0.17449124089587287,-0.6043429600973992,1.114202454544477,-0.3442096784292314,-0.7057382458715078,-0.7262596269901671,-1.520085298743973,-2.3969944280206,-1.3365022333652943,-1.2880229080774424,-1.2140402357237514,32,panivaragu,black cotton soil
6077,-0.6222799751552739,0.17449124089587287,-0.6043429600973992,1.114202454544477,0.11741814017708838,-0.6584977247075852,0.12677475178823092,-1.5223304972562632,-2.2156112421457346,-1.2862310101048857,-1.1480416756277045,-1.1812425085983786,32,panivaragu,black cotton soil
6105,-0.6222799751552739,0.17449124089587287,-0.6043429600973992,1.114202454544477,-1.729093134248192,-0.7416410419560892,0.31444231511947873,-1.508298006554448,-2.2501604204076138,-1.2862310101048857,-1.0663859566986909,-1.2249728114322087,32,panivaragu,black cotton soil
6141,-0.6222799751552739,0.17449124089587287,-0.6043429600973992,1.114202454544477,-0.3442096784292314,-0.7378618002629753,-2.12523600818674,-1.53243389056157,-2.254479067690349,-1.50210155704664,-1.352180972950239,-0.9953887215546006,32,panivaragu,black cotton soil
6150,0.8110716651870262,0.17449124089587287,-0.09597647149880119,-0.8975029591088394,-1.5752171947127527,-0.6566081038610283,-0.35092450032767214,-1.5088593061825206,-2.3538079551932514,-1.3158023179051261,-1.5213249621603386,-1.228617003335028,32,panivaragu,sandy Loamy soil
6152,0.8110716651870262,0.17449124089587287,-0.09597647149880119,-0.8975029591088394,-0.9597134365709921,-0.679283554019711,1.3892656323802597,-1.5360823381440423,-2.340852013345047,-1.2211741329443568,-1.4338366918792524,-1.144800589570187,32,panivaragu,sandy Loamy soil
6159,-0.6222799751552739,0.17449124089587287,-0.6043429600973992,1.114202454544477,-1.2674653156418723,-0.6962901416387233,0.3997457529973185,-1.5366436377721147,-2.3063028350831676,-1.496187295486592,-1.3055205621336596,-1.1338680138617294,32,panivaragu,black cotton soil
6186,0.8110716651870262,0.17449124089587287,-0.09597647149880119,-0.8975029591088394,-1.5752171947127527,-0.6528288621679145,1.0651125684444687,-1.522891796884336,-2.4229063117170098,-1.48731590314652,-1.0663859566986909,-1.2140402357237514,32,panivaragu,sandy Loamy soil
6208,0.8110716651870262,0.17449124089587287,-0.09597647149880119,-0.8975029591088394,0.4251700192479687,-0.6925108999456094,1.9010862596472986,-1.5332758400036792,-2.3063028350831676,-1.2862310101048857,-1.083883610754908,-1.1484447814730059,32,panivaragu,sandy Loamy soil
6231,-0.6222799751552739,0.17449124089587287,-0.6043429600973992,1.114202454544477,-0.49808561796467227,-0.69817976248528,1.6451759460137791,-1.561621471221346,-2.2199298894284696,-1.5050586878266643,-1.5038273081041216,-0.9844561458461429,32,panivaragu,black cotton soil
6250,0.8110716651870262,0.17449124089587287,-0.09597647149880119,-0.8975029591088394,-0.6519615575001118,-0.6887316582524955,3.40242676629728,-1.5433792333089862,-2.2501604204076138,-1.422259025985991,-1.11304636751527,-1.1848867005011978,32,panivaragu,sandy Loamy soil
6264,0.8110716651870262,0.17449124089587287,-0.09597647149880119,-0.8975029591088394,-0.3442096784292314,-0.6736146914800403,1.5598725081359395,-1.544221182751095,-2.2112925948629996,-1.3749449335056068,-1.1772044323880666,-1.2176844276265704,32,panivaragu,sandy Loamy soil
6267,-0.6222799751552739,0.17449124089587287,-0.6043429600973992,1.114202454544477,0.5790459587834081,-0.6887316582524955,0.1950175020905025,-1.5150336020913193,-2.2199298894284696,-1.3098880563450779,-1.3755111783585285,-1.0828493272222608,32,panivaragu,black cotton soil
6283,-0.6222799751552739,0.17449124089587287,-0.6043429600973992,1.114202454544477,-0.8058374970355525,-0.7000693833318371,-0.3338638127521039,-1.5627440704774913,-2.3322147187795768,-1.227088394504405,-1.2413624972608632,-1.2832798818773157,32,panivaragu,black cotton soil
6294,0.8110716651870262,0.17449124089587287,-0.09597647149880119,-0.8975029591088394,-1.5752171947127527,-0.7076278667180647,-0.1291355618452885,-1.5088593061825206,-2.3538079551932514,-1.48731590314652,-1.2996880107815874,-0.9917445296517814,32,panivaragu,sandy Loamy soil
6298,0.8110716651870262,0.17449124089587287,-0.09597647149880119,-0.8975029591088394,0.4251700192479687,-0.7057382458715078,1.2527801317757166,-1.5388888362844053,-2.345170660627782,-1.4666159876863516,-1.1480416756277045,-1.2213286195293895,32,panivaragu,sandy Loamy soil
6301,-0.6222799751552739,0.17449124089587287,-0.6043429600973992,1.114202454544477,0.11741814017708838,-0.703848625024951,-1.6987188187975408,-1.5568504243827288,-2.375401191606926,-1.3483307564853904,-1.4863296540479043,-1.1375122057645486,32,panivaragu,black cotton soil
6354,0.8110716651870262,0.17449124089587287,-0.09597647149880119,-0.8975029591088394,-0.8058374970355525,-0.6584977247075852,3.095334389937056,-1.5374855872142237,-2.284709598669493,-1.2951024024449578,-1.1480416756277045,-1.2176844276265704,32,panivaragu,sandy Loamy soil
6394,0.8110716651870262,0.17449124089587287,-0.09597647149880119,-0.8975029591088394,-1.1135893761064315,-0.6679458289403697,2.344664136612066,-1.5167175009755371,-2.327896071496842,-1.233002656064453,-1.2413624972608632,-1.188530892404017,32,panivaragu,sandy Loamy soil
6402,0.8110716651870262,0.17449124089587287,-0.09597647149880119,-0.8975029591088394,0.4251700192479687,-0.701959004178394,1.082173256020037,-1.5630247202915275,-2.2976655405176976,-1.478444510806448,-1.4921622053999766,-1.2213286195293895,32,panivaragu,sandy Loamy soil
6407,-0.6222799751552739,0.17449124089587287,-0.6043429600973992,1.114202454544477,-0.3442096784292314,-0.7132967292577356,2.2252393235830894,-1.5397307857265143,-2.2890282459522275,-1.48731590314652,-1.1480416756277045,-1.1994634681124745,32,panivaragu,black cotton soil
6441,-0.6222799751552739,0.17449124089587287,-0.6043429600973992,1.114202454544477,-0.9597134365709921,-0.7000693833318371,-0.9651092530481183,-1.5475889805195309,-2.371082544324191,-1.4577445953462795,-1.253027599965008,-1.1739541247927403,32,panivaragu,black cotton soil
6453,-0.6222799751552739,0.17449124089587287,-0.6043429600973992,1.114202454544477,-0.8058374970355525,-0.703848625024951,1.4233870075313961,-1.5358016883300059,-2.2890282459522275,-1.2507454407445973,-1.352180972950239,-1.3087892251970499,32,panivaragu,black cotton soil
6486,0.8110716651870262,0.17449124089587287,-0.09597647149880119,-0.8975029591088394,-1.2674653156418723,-0.6906212790990526,-0.23149968729869652,-1.5262595946527715,-2.284709598669493,-1.4754873800264239,-1.3405158702460942,-1.3087892251970499,32,panivaragu,sandy Loamy soil
6567,-0.6222799751552739,0.17449124089587287,-0.6043429600973992,1.114202454544477,-0.49808561796467227,-0.7303033168767475,1.6792973211649156,-1.5192433493018638,-2.314940129648637,-1.3039737947850298,-1.1888695350922114,-1.1593773571814636,32,panivaragu,black cotton soil
6575,-0.6222799751552739,0.17449124089587287,-0.6043429600973992,1.114202454544477,0.4251700192479687,-0.7170759709508492,1.5769331957115076,-1.508298006554448,-2.2933468932349625,-1.3276308410252222,-1.153874226979777,-1.2577705385575813,32,panivaragu,black cotton soil
6633,-0.6222799751552739,0.17449124089587287,-0.6043429600973992,1.114202454544477,-0.8058374970355525,-0.6679458289403697,2.13993588570525,-1.5638666697336363,-2.232885831276674,-1.2566597023046453,-1.153874226979777,-1.0026771053602388,32,panivaragu,black cotton soil
6656,0.8110716651870262,0.17449124089587287,-0.09597647149880119,-0.8975029591088394,0.4251700192479687,-0.6887316582524955,0.07559268906152691,-1.5400114355405503,-2.228567183993939,-1.398601979745799,-1.083883610754908,-1.0500516000968882,32,panivaragu,sandy Loamy soil
6676,0.8110716651870262,0.17449124089587287,-0.09597647149880119,-0.8975029591088394,-1.5752171947127527,-0.6509392413213574,-0.5897741263856233,-1.5279434935369893,-2.314940129648637,-1.50210155704664,-1.2588601513170803,-1.13022382195891,32,panivaragu,sandy Loamy soil
6712,0.8110716651870262,0.17449124089587287,-0.09597647149880119,-0.8975029591088394,-0.8058374970355525,-0.6641665872472557,2.05463244782741,-1.509420605810593,-2.340852013345047,-1.4400018106661354,-1.2355299459087907,-1.04276321629125,32,panivaragu,sandy Loamy soil
6722,0.8110716651870262,0.17449124089587287,-0.09597647149880119,-0.8975029591088394,-1.2674653156418723,-0.7397514211095321,3.197698515390464,-1.5343984392598242,-2.401313075303335,-1.496187295486592,-1.1305440215714873,-1.0063212972630582,32,panivaragu,sandy Loamy soil
6744,0.8110716651870262,0.17449124089587287,-0.09597647149880119,-0.8975029591088394,-0.8058374970355525,-0.681173174866268,0.21207818966607073,-1.520365948558009,-2.232885831276674,-1.324673710245198,-1.3638460756543838,-1.3160776090026882,32,panivaragu,sandy Loamy soil
6757,-0.6222799751552739,0.17449124089587287,-0.6043429600973992,1.114202454544477,-0.036457799358352465,-0.6566081038610283,-0.9821699406236866,-1.5517987277300753,-2.228567183993939,-1.4193018952059673,-1.4513343459354697,-1.1047144786391758,32,panivaragu,black cotton soil
6774,0.8110716651870262,0.17449124089587287,-0.09597647149880119,-0.8975029591088394,-0.3442096784292314,-0.6868420374059387,1.628115258438211,-1.55600847494062,-2.2890282459522275,-1.3276308410252222,-1.497994756752049,-1.2140402357237514,32,panivaragu,sandy Loamy soil
6800,0.8110716651870262,0.17449124089587287,-0.09597647149880119,-0.8975029591088394,-1.1135893761064315,-0.7057382458715078,1.406326319955828,-1.5613408214073097,-2.2501604204076138,-1.244831179184549,-1.4629994486396145,-1.1739541247927403,32,panivaragu,sandy Loamy soil
6835,-0.6222799751552739,0.17449124089587287,-0.6043429600973992,1.114202454544477,-1.2674653156418723,-0.6944005207921665,2.122875198129683,-1.5447824823791678,-2.237204478559409,-1.2803167485448377,-1.4455017945833974,-1.1921750843068362,32,panivaragu,black cotton soil
6878,0.8110716651870262,0.17449124089587287,-0.09597647149880119,-0.8975029591088394,-1.729093134248192,-0.7246344543370768,1.4404476951069645,-1.5234530965124085,-2.3538079551932514,-1.3098880563450779,-1.3288507675419494,-1.0172538729715157,32,panivaragu,sandy Loamy soil
6942,0.8110716651870262,0.17449124089587287,-0.09597647149880119,-0.8975029591088394,0.27129407971252784,-0.6773939331731542,0.8092022548109493,-1.5125077537649925,-2.2156112421457346,-1.4281732875460393,-1.1013812648111252,-1.3233659928083268,32,panivaragu,sandy Loamy soil
6951,-0.6222799751552739,0.17449124089587287,-0.6043429600973992,1.114202454544477,-1.2674653156418723,-0.6944005207921665,1.8499041969205952,-1.520365948558009,-2.258797714973084,-1.4636588569063278,-1.2063671891484287,-0.9844561458461429,32,panivaragu,black cotton soil
7035,-1.100063855269374,0.17449124089587287,-0.6043429600973992,1.114202454544477,3.041060991350448,-0.2749046928565329,1.0139305057177648,-1.1134237182053655,-2.327896071496842,-1.401559110525823,-1.5154924108082664,-1.246837962849124,40,samai,Loamy soil
7036,-1.100063855269374,0.17449124089587287,-0.09597647149880119,-0.8975029591088394,2.8871850518150084,-0.36182725179815056,1.4233870075313961,-0.7586823532634749,-2.3365333660623118,-1.2744024869847894,-1.6204783351455698,-1.2213286195293895,40,samai,Loamy soil
7048,-1.100063855269374,0.17449124089587287,-0.09597647149880119,-0.8975029591088394,3.5026888099567692,-0.3580480101050367,1.7987221341938906,-0.7353884186984616,-2.2112925948629996,-1.2891881408849095,-1.3696786270064563,-1.1630215490842828,40,samai,Loamy soil
7055,-1.100063855269374,0.17449124089587287,-0.6043429600973992,1.114202454544477,3.5026888099567692,-0.2352226550788377,2.174057260856386,-0.4227445258620166,-2.2976655405176976,-1.4636588569063278,-1.4513343459354697,-1.2395495790434854,40,samai,Loamy soil
7058,-1.100063855269374,0.17449124089587287,-0.09597647149880119,-0.8975029591088394,3.041060991350448,-0.46953564005189435,2.344664136612066,-0.9991992438925892,-2.2156112421457346,-1.2655310946447174,-1.1772044323880666,-1.0391190243884307,40,samai,Loamy soil
7070,-1.100063855269374,0.17449124089587287,-0.09597647149880119,-0.8975029591088394,3.1949369308858873,-0.22388492999949636,1.3210228820779881,-0.9349304364782749,-2.3840384861723956,-1.2418740484045252,-1.3055205621336596,-1.068272559610984,40,samai,Loamy soil
7095,-1.100063855269374,0.17449124089587287,-0.6043429600973992,1.114202454544477,3.1949369308858873,-0.23144341338572408,0.4168064405728861,-1.0485936111629788,-2.2501604204076138,-1.410430502865895,-1.3638460756543838,-1.228617003335028,40,samai,Loamy soil
7159,-1.100063855269374,0.17449124089587287,-0.6043429600973992,1.114202454544477,2.8871850518150084,-0.3826130811102767,1.3722049448046916,-0.7370723175826792,-2.3624452497587214,-1.3897305874057269,-1.1013812648111252,-1.0391190243884307,40,samai,Loamy soil
7206,-1.100063855269374,0.17449124089587287,-0.09597647149880119,-0.8975029591088394,3.1949369308858873,-0.3334829390997969,2.4470282620654737,-0.9725375115591401,-2.2890282459522275,-1.2537025715246213,-1.253027599965008,-1.0755609434166225,40,samai,Loamy soil
7218,-1.100063855269374,0.17449124089587287,-0.09597647149880119,-0.8975029591088394,3.34881287042133,-0.17853402968213047,2.583513762670017,-0.7724341941512538,-2.280390951386758,-1.5050586878266643,-1.1655393296839218,-1.3160776090026882,40,samai,Loamy soil
7259,-1.100063855269374,0.17449124089587287,-0.6043429600973992,1.114202454544477,3.34881287042133,-0.34482066417913854,2.2934820738853623,-0.9913410490995724,-2.327896071496842,-1.410430502865895,-1.4163390378230354,-1.0500516000968882,40,samai,Loamy soil
7262,-1.100063855269374,0.17449124089587287,-0.09597647149880119,-0.8975029591088394,3.5026888099567692,-0.5356723696813861,1.5769331957115076,-0.5815923206065658,-2.276072304104023,-1.4488732030062077,-1.352180972950239,-0.9698793782348663,40,samai,Loamy soil
7266,-1.100063855269374,0.17449124089587287,-0.09597647149880119,-0.8975029591088394,3.34881287042133,-0.5092176778295893,2.4299675744899054,-0.943069281085328,-2.327896071496842,-1.312845187125102,-1.2588601513170803,-1.0573399839025266,40,samai,Loamy soil
7303,-1.100063855269374,0.17449124089587287,-0.6043429600973992,1.114202454544477,3.041060991350448,-0.2805735553962036,2.0034503851007064,-1.0488742609770152,-2.2458417731248788,-1.4577445953462795,-1.5096598594561939,-0.9917445296517814,40,samai,Loamy soil
7327,-1.100063855269374,0.17449124089587287,-0.6043429600973992,1.114202454544477,3.34881287042133,-0.5073280569830325,0.6727167542064055,-0.8964814119553012,-2.3883571334551306,-1.3394593641453183,-1.626310886497642,-1.1775983166955595,40,samai,Loamy soil
7336,-1.100063855269374,0.17449124089587287,-0.09597647149880119,-0.8975029591088394,3.1949369308858873,-0.2635669677771913,1.6451759460137791,-0.40758943590405616,-2.3322147187795768,-1.2507454407445973,-1.2005346377963562,-1.2067518519181129,40,samai,Loamy soil
7383,-1.100063855269374,0.17449124089587287,-0.6043429600973992,1.114202454544477,3.34881287042133,-0.25033962185129316,1.082173256020037,-0.5077814195150175,-2.258797714973084,-1.3542450180454384,-1.4863296540479043,-1.3160776090026882,40,samai,Loamy soil
7410,-1.100063855269374,0.17449124089587287,-0.09597647149880119,-0.8975029591088394,3.041060991350448,-0.41662625634830097,1.7987221341938906,-1.0337191710190548,-2.3581266024759864,-1.3838163258456788,-1.124711470219415,-1.1921750843068362,40,samai,Loamy soil
7416,-1.100063855269374,0.17449124089587287,-0.09597647149880119,-0.8975029591088394,3.1949369308858873,-0.3315933182532401,2.378785511763202,-0.9169688483799513,-2.237204478559409,-1.2241312637243809,-1.5213249621603386,-1.0828493272222608,40,samai,Loamy soil
7430,-1.100063855269374,0.17449124089587287,-0.09597647149880119,-0.8975029591088394,3.1949369308858873,-0.25411886354440677,0.2973816275439105,-0.9444725301555095,-2.280390951386758,-1.3305879718052462,-1.253027599965008,-1.268703114266039,40,samai,Loamy soil
7479,-1.100063855269374,0.17449124089587287,-0.6043429600973992,1.114202454544477,3.34881287042133,-0.3315933182532401,0.9627484429910608,-0.8942362134430105,-2.323577424214107,-1.4488732030062077,-1.0897161621069804,-1.1994634681124745,40,samai,Loamy soil
7487,-1.100063855269374,0.17449124089587287,-0.6043429600973992,1.114202454544477,3.1949369308858873,-0.3089178680945572,1.9181469472228667,-0.9548565732748526,-2.2156112421457346,-1.3483307564853904,-1.2005346377963562,-1.0792051353194416,40,samai,Loamy soil
7491,-1.100063855269374,0.17449124089587287,-0.6043429600973992,1.114202454544477,3.1949369308858873,-0.49976957359680474,2.566453075094449,-0.5324786031502122,-2.224248536711204,-1.478444510806448,-1.4338366918792524,-1.1338680138617294,40,samai,Loamy soil
7502,-1.100063855269374,0.17449124089587287,-0.09597647149880119,-0.8975029591088394,3.041060991350448,-0.5092176778295893,1.4916297578336677,-0.6236897927120116,-2.224248536711204,-1.2980595332249818,-1.4455017945833974,-1.1703099328899211,40,samai,Loamy soil
7538,-1.100063855269374,0.17449124089587287,-0.09597647149880119,-0.8975029591088394,3.041060991350448,-0.2900216596289881,1.7816614466183236,-0.6264962908523748,-2.3063028350831676,-1.31875944868515,-1.3930088324147458,-1.0500516000968882,40,samai,Loamy soil
7552,-1.100063855269374,0.17449124089587287,-0.09597647149880119,-0.8975029591088394,3.1949369308858873,-0.30513862640144335,1.8840255720717305,-0.4581064024305912,-2.241523125842144,-1.5050586878266643,-1.6088132324414248,-1.046407408194069,40,samai,Loamy soil
7559,-1.100063855269374,0.17449124089587287,-0.6043429600973992,1.114202454544477,3.1949369308858873,-0.475204502591565,1.1162946311711728,-0.9349304364782749,-2.3538079551932514,-1.3512878872654144,-1.183036983740139,-1.166665740987102,40,samai,Loamy soil
7611,-1.100063855269374,0.17449124089587287,-0.6043429600973992,1.114202454544477,3.1949369308858873,-0.5507893364538413,0.502109878450726,-0.8838521703236674,-2.345170660627782,-1.3601592796054867,-1.0722185080507631,-1.2176844276265704,40,samai,Loamy soil
7619,-1.100063855269374,0.17449124089587287,-0.6043429600973992,1.114202454544477,3.041060991350448,-0.310807488941114,1.2186587566245801,-0.501887773420255,-2.3019841878004326,-1.484358772366496,-1.1480416756277045,-1.2322611952378473,40,samai,Loamy soil
7645,-1.100063855269374,0.17449124089587287,-0.6043429600973992,1.114202454544477,3.5026888099567692,-0.4959903319036912,1.2357194442001485,-0.9082687041448257,-2.2933468932349625,-1.4400018106661354,-1.1013812648111252,-1.2869240737801348,40,samai,Loamy soil
7657,-1.100063855269374,0.17449124089587287,-0.6043429600973992,1.114202454544477,3.1949369308858873,-0.25600848439096385,1.4233870075313961,-0.7233204766949003,-2.2717536568212884,-1.3483307564853904,-1.6029806810893525,-1.1156470543476333,40,samai,Loamy soil
7702,-1.100063855269374,0.17449124089587287,-0.09597647149880119,-0.8975029591088394,2.8871850518150084,-0.36182725179815056,2.3105427614609293,-0.8139703666286273,-2.4229063117170098,-1.230045525284429,-1.6379759892017869,-1.068272559610984,40,samai,Loamy soil
7841,-1.100063855269374,0.17449124089587287,-0.6043429600973992,1.114202454544477,3.041060991350448,-0.20687834238048408,1.5257511329848041,-0.6351964350875003,-2.2156112421457346,-1.3512878872654144,-1.4629994486396145,-1.0937819029307183,40,samai,Loamy soil
7878,-1.100063855269374,0.17449124089587287,-0.09597647149880119,-0.8975029591088394,2.8871850518150084,-0.3410414224860247,1.611054570862644,-0.8560678387340731,-2.3063028350831676,-1.4932301647065682,-1.6146457837934973,-1.2176844276265704,40,samai,Loamy soil
7885,-1.100063855269374,0.17449124089587287,-0.6043429600973992,1.114202454544477,3.041060991350448,-0.2673462094703052,0.8603843175376533,-0.9037783071202452,-2.2156112421457346,-1.3926877181857509,-1.4046739351188906,-1.0536957919997074,40,samai,Loamy soil
7949,-1.100063855269374,0.17449124089587287,-0.6043429600973992,1.114202454544477,3.6565647494922087,-0.35993763095159376,2.13993588570525,-0.4704549942481886,-2.3883571334551306,-1.2625739638646933,-1.5796504756810628,-0.9990329134574197,40,samai,Loamy soil
7968,-1.100063855269374,0.17449124089587287,-0.09597647149880119,-0.8975029591088394,3.041060991350448,-0.4903214693640202,1.9693290099495702,-0.9422273316432188,-2.2976655405176976,-1.4666159876863516,-1.398841383766818,-1.1630215490842828,40,samai,Loamy soil
7977,-1.100063855269374,0.17449124089587287,-0.6043429600973992,1.114202454544477,3.041060991350448,-0.5205554029089309,0.502109878450726,-0.6214445941997214,-2.224248536711204,-1.481401641586472,-1.381343729710601,-1.3197218009055074,40,samai,Loamy soil
7996,-1.100063855269374,0.17449124089587287,-0.09597647149880119,-0.8975029591088394,3.6565647494922087,-0.3259244557135695,1.8499041969205952,-0.9225818446606775,-2.3667638970414564,-1.2862310101048857,-1.253027599965008,-1.3015008413914115,40,samai,Loamy soil
7999,-1.100063855269374,0.17449124089587287,-0.6043429600973992,1.114202454544477,3.34881287042133,-0.35237914756536604,1.8669648844961635,-0.9587856706713609,-2.41426901715154,-1.3276308410252222,-1.083883610754908,-1.0281864486799732,40,samai,Loamy soil
8031,-1.100063855269374,0.17449124089587287,-0.6043429600973992,1.114202454544477,0.27129407971252784,-0.3674961143378212,0.33150300269504634,-0.6823456038455995,-2.3840384861723956,-1.4577445953462795,-1.3580135243023115,-1.1557331652786444,50,thinai,Loamy soil
8035,-1.100063855269374,0.17449124089587287,-0.6043429600973992,1.114202454544477,-0.036457799358352465,-0.41284701465518714,0.5874133163285657,-0.08877124715881261,-2.232885831276674,-1.3158023179051261,-1.2763578053732976,-1.0719167515138033,50,thinai,Loamy soil
8104,-1.482290959360654,0.17449124089587287,-0.09597647149880119,-0.8975029591088394,0.11741814017708838,-0.4317432231207562,-0.2485603748742641,-0.6865553510561442,-2.319258776931372,-1.3690306719455585,-1.398841383766818,-1.0026771053602388,50,thinai,Alluvial soil
8121,-1.100063855269374,0.17449124089587287,-0.6043429600973992,1.114202454544477,-0.49808561796467227,-0.45063943158632525,0.3485636902706145,0.0035625416591319584,-2.349489307910517,-1.398601979745799,-1.567985372976918,-1.2067518519181129,50,thinai,Loamy soil
8146,-1.482290959360654,0.17449124089587287,-0.09597647149880119,-0.8975029591088394,-1.421341255177312,-0.4185158771948578,-0.009710748816312897,-0.27512272367892,-2.401313075303335,-1.3926877181857509,-1.2063671891484287,-1.2031076600152937,50,thinai,Alluvial soil
8209,-1.100063855269374,0.17449124089587287,-0.6043429600973992,1.114202454544477,-0.036457799358352465,-0.39395080618961803,-0.6409561891123273,-0.5324786031502122,-2.4272249589997448,-1.3926877181857509,-1.5913155783852078,-1.1375122057645486,50,thinai,Loamy soil
8224,-1.482290959360654,0.17449124089587287,-0.09597647149880119,-0.8975029591088394,-1.1135893761064315,-0.4374120856604269,0.31444231511947873,-0.3217105928089465,-2.340852013345047,-1.2832738793248617,-1.0780510594028356,-1.0354748324856116,50,thinai,Alluvial soil
8230,-1.482290959360654,0.17449124089587287,-0.09597647149880119,-0.8975029591088394,-0.49808561796467227,-0.3826130811102767,-0.1973783121475601,0.0066496896135313874,-2.284709598669493,-1.478444510806448,-1.1072138161631977,-0.9844561458461429,50,thinai,Alluvial soil
8236,-1.482290959360654,0.17449124089587287,-0.09597647149880119,-0.8975029591088394,0.27129407971252784,-0.4015092895758458,0.604474003904134,-0.5265849570554498,-2.2458417731248788,-1.3779020642856306,-1.0897161621069804,-1.3197218009055074,50,thinai,Alluvial soil
8241,-1.100063855269374,0.17449124089587287,-0.6043429600973992,1.114202454544477,0.4251700192479687,-0.3712753560309351,0.48504919087515835,-1.0755359933104642,-2.232885831276674,-1.4695731184663758,-1.0780510594028356,-1.2614147304604006,50,thinai,Loamy soil
8267,-1.100063855269374,0.17449124089587287,-0.6043429600973992,1.114202454544477,-0.036457799358352465,-0.3882819436499474,0.7068381293575413,-0.6932909465930157,-2.3926757807378656,-1.5139300801667361,-1.124711470219415,-1.1484447814730059,50,thinai,Loamy soil
8284,-1.482290959360654,0.17449124089587287,-0.09597647149880119,-0.8975029591088394,-1.421341255177312,-0.41662625634830097,0.3997457529973185,-0.40534423739176584,-2.2890282459522275,-1.4932301647065682,-1.2355299459087907,-1.228617003335028,50,thinai,Alluvial soil
8302,-1.482290959360654,0.17449124089587287,-0.09597647149880119,-0.8975029591088394,-0.036457799358352465,-0.41284701465518714,0.2461995648172065,-0.7224785272527915,-2.2501604204076138,-1.490273033926544,-1.538822616216556,-0.9844561458461429,50,thinai,Alluvial soil
8380,-1.482290959360654,0.17449124089587287,-0.09597647149880119,-0.8975029591088394,0.11741814017708838,-0.458197914972553,-0.8115630648680069,-1.017722131618985,-2.3840384861723956,-1.3690306719455585,-1.2646927026691528,-1.0792051353194416,50,thinai,Alluvial soil
8381,-1.100063855269374,0.17449124089587287,-0.6043429600973992,1.114202454544477,-0.49808561796467227,-0.40717815211551645,-0.1461962494208567,-0.8347384528673139,-2.3926757807378656,-1.3542450180454384,-1.468831999991687,-1.0937819029307183,50,thinai,Loamy soil
8410,-1.482290959360654,0.17449124089587287,-0.09597647149880119,-0.8975029591088394,0.27129407971252784,-0.4411913273535407,-0.4191672506299437,-0.7317399711159894,-2.2717536568212884,-1.48731590314652,-1.1480416756277045,-1.0719167515138033,50,thinai,Alluvial soil
8447,-1.100063855269374,0.17449124089587287,-0.6043429600973992,1.114202454544477,0.27129407971252784,-0.40906777296207325,-0.5215313760833518,-0.75980495251962,-2.3063028350831676,-1.312845187125102,-1.2588601513170803,-1.1557331652786444,50,thinai,Loamy soil
8450,-1.482290959360654,0.17449124089587287,-0.09597647149880119,-0.8975029591088394,-0.19033373889379193,-0.4185158771948578,0.3997457529973185,-0.5507208410625721,-2.2890282459522275,-1.3098880563450779,-1.6379759892017869,-1.1156470543476333,50,thinai,Alluvial soil
8468,-1.482290959360654,0.17449124089587287,-0.09597647149880119,-0.8975029591088394,-0.6519615575001118,-0.41662625634830097,-0.7262596269901671,-0.23498980027172803,-2.323577424214107,-1.4252161567660153,-1.5563202702727732,-1.0099654891658774,50,thinai,Alluvial soil
8517,-1.100063855269374,0.17449124089587287,-0.6043429600973992,1.114202454544477,-1.5752171947127527,-0.41095739380863033,-0.11207487426972029,-0.7362303681405704,-2.284709598669493,-1.2744024869847894,-1.5329900648644836,-1.3160776090026882,50,thinai,Loamy soil
8531,-1.100063855269374,0.17449124089587287,-0.6043429600973992,1.114202454544477,-0.9597134365709921,-0.4185158771948578,-0.7091989394145989,-0.3842955013390429,-2.237204478559409,-1.2418740484045252,-1.4863296540479043,-1.2504821547519431,50,thinai,Loamy soil
8549,-1.100063855269374,0.17449124089587287,-0.6043429600973992,1.114202454544477,-0.49808561796467227,-0.4430809482000975,0.604474003904134,-0.06239016463939993,-2.3926757807378656,-1.2359597868444772,-1.6321434378497146,-1.0901377110278991,50,thinai,Loamy soil
8561,-1.100063855269374,0.17449124089587287,-0.6043429600973992,1.114202454544477,0.27129407971252784,-0.42229511888797167,-0.1461962494208567,-0.2164669125453318,-2.284709598669493,-1.2389169176245012,-1.6088132324414248,-1.1994634681124745,50,thinai,Loamy soil
8565,-1.100063855269374,0.17449124089587287,-0.6043429600973992,1.114202454544477,-1.729093134248192,-0.4430809482000975,-0.45328862578107953,-0.12497507316949633,-2.2890282459522275,-1.2418740484045252,-1.6088132324414248,-1.1848867005011978,50,thinai,Loamy soil
8571,-1.100063855269374,0.17449124089587287,-0.6043429600973992,1.114202454544477,-1.729093134248192,-0.39395080618961803,-0.5215313760833518,-0.712094484133448,-2.2199298894284696,-1.4370446798861114,-1.0897161621069804,-0.9808119539433239,50,thinai,Loamy soil
8616,-1.482290959360654,0.17449124089587287,-0.09597647149880119,-0.8975029591088394,-1.729093134248192,-0.45063943158632525,-0.0438321239674487,-0.7266882744633361,-2.310621482365902,-1.478444510806448,-1.538822616216556,-1.2322611952378473,50,thinai,Alluvial soil
8635,-1.100063855269374,0.17449124089587287,-0.6043429600973992,1.114202454544477,0.11741814017708838,-0.42229511888797167,0.024410626334822903,-0.46512264778149887,-2.310621482365902,-1.31875944868515,-1.095548713459053,-1.1775983166955595,50,thinai,Loamy soil
8654,-1.482290959360654,0.17449124089587287,-0.09597647149880119,-0.8975029591088394,-0.036457799358352465,-0.3826130811102767,-0.45328862578107953,-0.9121978015413343,-2.3019841878004326,-1.4193018952059673,-1.5213249621603386,-1.0172538729715157,50,thinai,Alluvial soil
8751,-1.100063855269374,0.17449124089587287,-0.6043429600973992,1.114202454544477,-0.036457799358352465,-0.45630829412599594,-0.11207487426972029,-0.893674913814938,-2.3883571334551306,-1.4518303337862315,-1.3580135243023115,-1.0901377110278991,50,thinai,Loamy soil
8782,-1.482290959360654,0.17449124089587287,-0.09597647149880119,-0.8975029591088394,-0.6519615575001118,-0.3712753560309351,-0.026771436391880492,-0.3450045273739601,-2.258797714973084,-1.2211741329443568,-1.1363765729235598,-1.0573399839025266,50,thinai,Alluvial soil
8787,-1.100063855269374,0.17449124089587287,-0.6043429600973992,1.114202454544477,-1.1135893761064315,-0.45063943158632525,0.3485636902706145,-0.767101847684564,-2.40563172258607,-1.3365022333652943,-1.2180322918525734,-0.9771677620405046,50,thinai,Loamy soil
8841,-1.100063855269374,0.17449124089587287,-0.6043429600973992,1.114202454544477,-0.6519615575001118,-0.3788338394171628,-0.3338638127521039,-0.46203549982709946,-2.258797714973084,-1.48731590314652,-1.3871762810626733,-1.144800589570187,50,thinai,Loamy soil
8845,-1.100063855269374,0.17449124089587287,-0.6043429600973992,1.114202454544477,-0.036457799358352465,-0.458197914972553,-0.5044706885077835,-0.005418252390029957,-2.3019841878004326,-1.4488732030062077,-1.6321434378497146,-1.0828493272222608,50,thinai,Loamy soil
8853,-1.100063855269374,0.17449124089587287,-0.6043429600973992,1.114202454544477,-0.6519615575001118,-0.3882819436499474,-0.4191672506299437,-0.44828365893932054,-2.3019841878004326,-1.3838163258456788,-1.4163390378230354,-1.2942124575857732,50,thinai,Loamy soil
8899,-1.100063855269374,0.17449124089587287,-0.6043429600973992,1.114202454544477,0.4251700192479687,-0.375054597724049,0.43386712814845435,-0.3391108812791976,-2.2501604204076138,-1.3424164949253423,-1.1772044323880666,-1.2031076600152937,50,thinai,Loamy soil
8943,-1.100063855269374,0.17449124089587287,-0.6043429600973992,1.114202454544477,0.4251700192479687,-0.4260743605810855,0.0073499387592553065,-1.015757582920731,-2.258797714973084,-1.3453736257053663,-1.083883610754908,-1.268703114266039,50,thinai,Loamy soil
8956,-1.482290959360654,0.17449124089587287,-0.09597647149880119,-0.8975029591088394,-0.3442096784292314,-0.41662625634830097,-0.29974243760096814,-0.5069394700729084,-2.349489307910517,-1.4400018106661354,-1.5096598594561939,-1.1083586705419952,50,thinai,Alluvial soil
8984,-1.482290959360654,0.17449124089587287,-0.09597647149880119,-0.8975029591088394,0.27129407971252784,-0.3901715644965042,-0.1291355618452885,-0.4378996158199774,-2.371082544324191,-1.401559110525823,-1.153874226979777,-1.254126346654762,50,thinai,Alluvial soil
8985,-1.100063855269374,0.17449124089587287,-0.6043429600973992,1.114202454544477,-1.1135893761064315,-0.3807234602637196,0.2973816275439105,-1.0283868245523649,-2.3581266024759864,-1.233002656064453,-1.5038273081041216,-1.0063212972630582,50,thinai,Loamy soil
8990,-1.482290959360654,0.17449124089587287,-0.09597647149880119,-0.8975029591088394,0.27129407971252784,-0.41473663550174394,-0.3168031251765363,-0.6711196112841473,-2.3883571334551306,-1.2744024869847894,-1.468831999991687,-1.1083586705419952,50,thinai,Alluvial soil
9024,-1.291177407315014,0.17449124089587287,-0.09597647149880119,1.114202454544477,-1.2674653156418723,0.20127976047580787,0.2973816275439105,-0.30178445601236903,-2.2933468932349625,-1.3601592796054867,-1.4863296540479043,-1.0573399839025266,53,varagu,Clay soil
9035,-1.291177407315014,0.17449124089587287,-0.6043429600973992,1.114202454544477,-1.5752171947127527,0.20127976047580787,0.1950175020905025,-0.2428479950647448,-2.4229063117170098,-1.3660735411655345,-1.4105064864709629,-1.228617003335028,53,varagu,Clay soil
9046,-1.291177407315014,0.17449124089587287,-0.09597647149880119,1.114202454544477,-0.8058374970355525,0.20127976047580787,0.26326025239277473,-0.29561016010357016,-2.310621482365902,-1.3631164103855105,-1.1772044323880666,-1.1848867005011978,53,varagu,Clay soil
9066,-1.291177407315014,0.17449124089587287,-0.09597647149880119,1.114202454544477,-1.5752171947127527,0.20127976047580787,0.041471313910391105,-1.0126704349663318,-2.319258776931372,-1.4429589414461594,-1.4163390378230354,-1.0391190243884307,53,varagu,Clay soil
9083,-1.291177407315014,0.17449124089587287,-0.6043429600973992,1.114202454544477,-1.5752171947127527,0.20127976047580787,0.33150300269504634,-0.33630438313883454,-2.276072304104023,-1.478444510806448,-1.3113531134857321,-1.246837962849124,53,varagu,Clay soil
9113,-1.291177407315014,0.17449124089587287,-0.6043429600973992,1.114202454544477,-0.49808561796467227,0.20127976047580787,0.05853200148595931,-0.5274269064975589,-2.241523125842144,-1.324673710245198,-1.4746645513437595,-1.312433417099869,53,varagu,Clay soil
9118,-1.291177407315014,0.17449124089587287,-0.09597647149880119,1.114202454544477,-0.49808561796467227,0.20127976047580787,0.16089612693936672,-1.0194060305032029,-2.2717536568212884,-1.3926877181857509,-1.3871762810626733,-1.2067518519181129,53,varagu,Clay soil
9144,-1.291177407315014,0.17449124089587287,-0.09597647149880119,1.114202454544477,-1.2674653156418723,0.20127976047580787,0.17795681451493492,-0.8437192469164755,-2.2199298894284696,-1.4518303337862315,-1.5621528216248457,-1.1520889733758253,53,varagu,Clay soil
9156,-1.291177407315014,0.17449124089587287,-0.09597647149880119,1.114202454544477,-0.6519615575001118,0.20127976047580787,0.1950175020905025,-0.9242657435448953,-2.224248536711204,-1.2684882254247414,-1.3580135243023115,-0.9844561458461429,53,varagu,Clay soil
9164,-1.291177407315014,0.17449124089587287,-0.09597647149880119,1.114202454544477,-1.1135893761064315,0.20127976047580787,0.31444231511947873,-0.6023604068452524,-2.2976655405176976,-1.3069309255650539,-1.4804971026958318,-1.1812425085983786,53,varagu,Clay soil
9165,-1.291177407315014,0.17449124089587287,-0.6043429600973992,1.114202454544477,-0.8058374970355525,0.20127976047580787,0.3656243778461821,-0.16117889918017972,-2.371082544324191,-1.478444510806448,-1.124711470219415,-0.9771677620405046,53,varagu,Clay soil
9237,-1.291177407315014,0.17449124089587287,-0.6043429600973992,1.114202454544477,-0.6519615575001118,0.20127976047580787,0.16089612693936672,-0.8616808350147993,-2.371082544324191,-1.490273033926544,-1.381343729710601,-1.0208980648743347,53,varagu,Clay soil
9238,-1.291177407315014,0.17449124089587287,-0.09597647149880119,1.114202454544477,-0.8058374970355525,0.20127976047580787,0.2973816275439105,-0.03404453342173296,-2.314940129648637,-1.4311304183260634,-1.567985372976918,-1.0573399839025266,53,varagu,Clay soil
9341,-1.291177407315014,0.17449124089587287,-0.6043429600973992,1.114202454544477,-1.5752171947127527,0.20127976047580787,0.31444231511947873,0.018156331989019673,-2.401313075303335,-1.2566597023046453,-1.1888695350922114,-1.0318306405827924,53,varagu,Clay soil
9402,-1.291177407315014,0.17449124089587287,-0.09597647149880119,1.114202454544477,-0.19033373889379193,0.20127976047580787,0.1950175020905025,-0.025344389186607738,-2.379719838889661,-1.4547874645662555,-1.3696786270064563,-1.1630215490842828,53,varagu,Clay soil
9403,-1.291177407315014,0.17449124089587287,-0.6043429600973992,1.114202454544477,-1.1135893761064315,0.20127976047580787,0.31444231511947873,-0.9169688483799513,-2.3969944280206,-1.407473372085871,-1.3405158702460942,-1.13022382195891,53,varagu,Clay soil
9414,-1.291177407315014,0.17449124089587287,-0.09597647149880119,1.114202454544477,-0.8058374970355525,0.20127976047580787,0.2461995648172065,-0.09719074157990179,-2.2199298894284696,-1.3779020642856306,-1.0722185080507631,-0.9771677620405046,53,varagu,Clay soil
9444,-1.291177407315014,0.17449124089587287,-0.09597647149880119,1.114202454544477,-0.3442096784292314,0.20127976047580787,0.3656243778461821,-0.7600856023336564,-2.284709598669493,-1.3542450180454384,-1.59714812973728,-1.2359053871406662,53,varagu,Clay soil
9492,-1.291177407315014,0.17449124089587287,-0.09597647149880119,1.114202454544477,-0.9597134365709921,0.20127976047580787,0.09265337663709511,-0.7946055294601219,-2.409950369868805,-1.5139300801667361,-1.3405158702460942,-1.2176844276265704,53,varagu,Clay soil
9500,-1.291177407315014,0.17449124089587287,-0.09597647149880119,1.114202454544477,-1.729093134248192,0.20127976047580787,0.3485636902706145,-0.7064814878527219,-2.258797714973084,-1.4754873800264239,-1.3171856648378044,-1.2614147304604006,53,varagu,Clay soil
9524,-1.291177407315014,0.17449124089587287,-0.09597647149880119,1.114202454544477,-0.6519615575001118,0.20127976047580787,0.3656243778461821,-0.2254477065944937,-2.3840384861723956,-1.3512878872654144,-1.5213249621603386,-1.0354748324856116,53,varagu,Clay soil
9552,-1.291177407315014,0.17449124089587287,-0.09597647149880119,1.114202454544477,-1.1135893761064315,0.20127976047580787,0.07559268906152691,-0.5684017793468596,-2.345170660627782,-1.230045525284429,-1.2471950486129355,-1.064628367708165,53,varagu,Clay soil
9586,-1.291177407315014,0.17449124089587287,-0.09597647149880119,1.114202454544477,-0.3442096784292314,0.20127976047580787,0.1950175020905025,-0.645019178578771,-2.4272249589997448,-1.4547874645662555,-1.5271575135124111,-1.2140402357237514,53,varagu,Clay soil
9685,-1.291177407315014,0.17449124089587287,-0.6043429600973992,1.114202454544477,-1.1135893761064315,0.20127976047580787,0.17795681451493492,-1.0410160661839987,-2.2717536568212884,-1.3867734566257028,-1.4513343459354697,-1.3160776090026882,53,varagu,Clay soil
9698,-1.291177407315014,0.17449124089587287,-0.09597647149880119,1.114202454544477,-1.2674653156418723,0.20127976047580787,0.26326025239277473,-0.9792731070960113,-2.3926757807378656,-1.395644848965775,-1.223864843204646,-1.2978566494885924,53,varagu,Clay soil
9708,-1.291177407315014,0.17449124089587287,-0.09597647149880119,1.114202454544477,-0.8058374970355525,0.20127976047580787,0.05853200148595931,-0.5375302998028659,-2.314940129648637,-1.3365022333652943,-1.0780510594028356,-1.0974260948335375,53,varagu,Clay soil
9747,-1.291177407315014,0.17449124089587287,-0.6043429600973992,1.114202454544477,-0.6519615575001118,0.20127976047580787,0.16089612693936672,-0.251267489485834,-2.371082544324191,-1.3719878027255827,-1.398841383766818,-1.0063212972630582,53,varagu,Clay soil
9757,-1.291177407315014,0.17449124089587287,-0.6043429600973992,1.114202454544477,-0.19033373889379193,0.20127976047580787,0.31444231511947873,-0.9896571502153545,-2.327896071496842,-1.2832738793248617,-1.1305440215714873,-1.334298568516784,53,varagu,Clay soil
9758,-1.291177407315014,0.17449124089587287,-0.09597647149880119,1.114202454544477,-0.3442096784292314,0.20127976047580787,0.26326025239277473,-0.04246402784282214,-2.4229063117170098,-1.5080158186066883,-1.2646927026691528,-1.3087892251970499,53,varagu,Clay soil
9760,-1.291177407315014,0.17449124089587287,-0.09597647149880119,1.114202454544477,-0.8058374970355525,0.20127976047580787,0.2973816275439105,-0.9169688483799513,-2.228567183993939,-1.5050586878266643,-1.3755111783585285,-1.0792051353194416,53,varagu,Clay soil
9774,-1.291177407315014,0.17449124089587287,-0.09597647149880119,1.114202454544477,-0.9597134365709921,0.20127976047580787,0.2973816275439105,-0.5030103726764001,-2.284709598669493,-1.3926877181857509,-1.5038273081041216,-1.0318306405827924,53,varagu,Clay soil
9776,-1.291177407315014,0.17449124089587287,-0.09597647149880119,1.114202454544477,-0.6519615575001118,0.20127976047580787,0.16089612693936672,-1.0365256691594178,-2.310621482365902,-1.478444510806448,-1.4513343459354697,-1.144800589570187,53,varagu,Clay soil
9786,-1.291177407315014,0.17449124089587287,-0.09597647149880119,1.114202454544477,-0.9597134365709921,0.20127976047580787,0.2461995648172065,-0.9152849494957335,-2.241523125842144,-1.4577445953462795,-1.124711470219415,-1.1156470543476333,53,varagu,Clay soil
9846,-1.291177407315014,0.17449124089587287,-0.09597647149880119,1.114202454544477,-0.9597134365709921,0.20127976047580787,0.21207818966607073,-1.0140736840365132,-2.3019841878004326,-1.321716579465174,-1.5096598594561939,-1.1557331652786444,53,varagu,Clay soil
9905,-1.291177407315014,0.17449124089587287,-0.6043429600973992,1.114202454544477,-0.3442096784292314,0.20127976047580787,0.3485636902706145,-1.072448845356065,-2.375401191606926,-1.5080158186066883,-1.3346833188940217,-1.1994634681124745,53,varagu,Clay soil
9924,-1.291177407315014,0.17449124089587287,-0.09597647149880119,1.114202454544477,-0.8058374970355525,0.20127976047580787,0.28032093996834234,-1.0283868245523649,-2.2199298894284696,-1.2625739638646933,-1.2880229080774424,-0.9953887215546006,53,varagu,Clay soil
9933,-1.291177407315014,0.17449124089587287,-0.6043429600973992,1.114202454544477,-1.421341255177312,0.20127976047580787,0.07559268906152691,-0.3528627221669765,-2.2674350095385534,-1.2655310946447174,-1.3871762810626733,-1.2796356899744965,53,varagu,Clay soil
9952,-1.291177407315014,0.17449124089587287,-0.09597647149880119,1.114202454544477,-1.1135893761064315,0.20127976047580787,0.07559268906152691,-0.8080767205338648,-2.3063028350831676,-1.2625739638646933,-1.3871762810626733,-1.2504821547519431,53,varagu,Clay soil
9965,-1.291177407315014,0.17449124089587287,-0.6043429600973992,1.114202454544477,-1.729093134248192,0.20127976047580787,0.041471313910391105,-0.6161122477330316,-2.3840384861723956,-1.2537025715246213,-1.5854830270331353,-1.2067518519181129,53,varagu,Clay soil
9978,-1.291177407315014,0.17449124089587287,-0.09597647149880119,1.114202454544477,-0.8058374970355525,0.20127976047580787,0.2973816275439105,-0.8757133257166145,-2.319258776931372,-1.321716579465174,-1.6204783351455698,-0.9808119539433239,53,varagu,Clay soil
10030,-1.100063855269374,0.17449124089587287,-0.09597647149880119,1.114202454544477,-0.9597134365709921,-0.34671028502569534,-0.8115630648680069,-0.44688040986913896,-2.280390951386758,-1.0821889862832272,-1.6029806810893525,-1.0099654891658774,28,kudiraivali,Loamy soil
10032,-1.100063855269374,0.17449124089587287,-0.09597647149880119,1.114202454544477,0.5790459587834081,-0.46764601920533755,-0.8115630648680069,-0.41909607827954476,-2.327896071496842,-0.9579894935222178,-1.5621528216248457,-1.1192912462504527,28,kudiraivali,Loamy soil
10034,-1.100063855269374,0.17449124089587287,-0.09597647149880119,1.114202454544477,-1.729093134248192,-0.5054384361364757,-0.8115630648680069,-0.4555805541042645,-2.3840384861723956,-0.8544899162213766,-1.5038273081041216,-1.1083586705419952,28,kudiraivali,Loamy soil
10044,-1.100063855269374,0.17449124089587287,-0.09597647149880119,1.114202454544477,-1.2674653156418723,-0.4374120856604269,-0.8115630648680069,-0.7932022803899403,-2.345170660627782,-1.2123027406042848,-1.323018216189877,-0.9698793782348663,28,kudiraivali,Loamy soil
10049,-1.100063855269374,0.17449124089587287,-0.6043429600973992,1.114202454544477,-1.2674653156418723,-0.6320430328557883,-0.8115630648680069,-1.033999820833091,-2.409950369868805,-0.7716902543807036,-0.8797443134323736,-0.8496210454418335,28,kudiraivali,Loamy soil
10077,-1.100063855269374,0.17449124089587287,-0.6043429600973992,1.114202454544477,-1.2674653156418723,-0.31647635148078496,-0.8115630648680069,-0.33181398611425356,-2.2631163622558184,-0.7746473851607276,-0.8797443134323736,-0.762160439774173,28,kudiraivali,Loamy soil
10080,-1.100063855269374,0.17449124089587287,-0.09597647149880119,1.114202454544477,0.4251700192479687,-0.37316497687749217,-0.8115630648680069,-0.7393175160949699,-2.258797714973084,-1.2063884790442367,-0.7455956323347083,-1.1775983166955595,28,kudiraivali,Loamy soil
10104,-1.100063855269374,0.17449124089587287,-0.09597647149880119,1.114202454544477,-0.036457799358352465,-0.5507893364538413,-0.8115630648680069,-0.11402973042208014,-2.375401191606926,-0.7509903389205355,-0.7805909404471428,-0.7111417531347046,28,kudiraivali,Loamy soil
10113,-1.100063855269374,0.17449124089587287,-0.6043429600973992,1.114202454544477,0.4251700192479687,-0.40717815211551645,-0.8115630648680069,-0.02590568881468016,-2.2933468932349625,-1.0141749783426746,-1.4338366918792524,-1.2759914980716773,28,kudiraivali,Loamy soil
10165,-1.100063855269374,0.17449124089587287,-0.6043429600973992,1.114202454544477,-0.49808561796467227,-0.5734647866125243,-0.8115630648680069,-0.37755990580217164,-2.3667638970414564,-0.715504769560247,-0.6989352215181287,-0.6346137231755018,28,kudiraivali,Loamy soil
10187,-1.100063855269374,0.17449124089587287,-0.6043429600973992,1.114202454544477,0.4251700192479687,-0.5942506159246501,-0.8115630648680069,-0.26586127981572166,-2.371082544324191,-0.6711478078598865,-0.838916453967867,-0.6965649855234279,28,kudiraivali,Loamy soil
10200,-1.100063855269374,0.17449124089587287,-0.09597647149880119,1.114202454544477,0.27129407971252784,-0.35426876841192306,-0.8115630648680069,-0.8507354922673831,-2.2717536568212884,-0.6977619848801027,-1.3463484215981665,-0.8459768535390143,28,kudiraivali,Loamy soil
10257,-1.100063855269374,0.17449124089587287,-0.6043429600973992,1.114202454544477,-0.49808561796467227,-0.45630829412599594,-0.8115630648680069,-0.7996572261127756,-2.241523125842144,-0.9875608013224582,-1.5096598594561939,-1.330654376613965,28,kudiraivali,Loamy soil
10281,-1.100063855269374,0.17449124089587287,-0.6043429600973992,1.114202454544477,-0.3442096784292314,-0.3863923228033903,-0.8115630648680069,-0.7370723175826792,-2.2976655405176976,-1.1058460325234196,-1.223864843204646,-0.7658046316769923,28,kudiraivali,Loamy soil
10292,-1.100063855269374,0.17449124089587287,-0.09597647149880119,1.114202454544477,-0.6519615575001118,-0.4789837442846789,-0.8115630648680069,0.012543335708293555,-2.41426901715154,-0.7598617312606075,-1.11304636751527,-0.8569094292474717,28,kudiraivali,Loamy soil
10338,-1.100063855269374,0.17449124089587287,-0.09597647149880119,1.114202454544477,-0.6519615575001118,-0.40528853126895936,-0.8115630648680069,-0.46287744926920854,-2.4185876644342748,-1.1472458634437561,-0.7864234917992149,-1.2322611952378473,28,kudiraivali,Loamy soil
10372,-1.100063855269374,0.17449124089587287,-0.09597647149880119,1.114202454544477,-0.3442096784292314,-0.3845027019568335,-0.8115630648680069,-0.2361123995278732,-2.224248536711204,-0.7125476387802229,-0.5239586809559564,-0.9844561458461429,28,kudiraivali,Loamy soil
10381,-1.100063855269374,0.17449124089587287,-0.6043429600973992,1.114202454544477,-1.5752171947127527,-0.293800901322102,-0.8115630648680069,-0.23667369915594594,-2.375401191606926,-1.2063884790442367,-0.9905627891217494,-1.1411563976673678,28,kudiraivali,Loamy soil
10444,-1.100063855269374,0.17449124089587287,-0.09597647149880119,1.114202454544477,-1.1135893761064315,-0.5413412322210568,-0.8115630648680069,-0.42414777493219813,-2.254479067690349,-0.7302904234603671,-1.095548713459053,-0.8386884697333759,28,kudiraivali,Loamy soil
10445,-1.100063855269374,0.17449124089587287,-0.6043429600973992,1.114202454544477,-0.6519615575001118,-0.31647635148078496,-0.8115630648680069,-0.3570724693775211,-2.284709598669493,-0.6504478923997183,-1.3055205621336596,-0.6163927636614059,28,kudiraivali,Loamy soil
10447,-1.100063855269374,0.17449124089587287,-0.6043429600973992,1.114202454544477,-1.5752171947127527,-0.5526789573003984,-0.8115630648680069,-0.08849059734477656,-2.4229063117170098,-0.9964321936625302,-0.9730651350655322,-0.8897071563728443,28,kudiraivali,Loamy soil
10479,-1.100063855269374,0.17449124089587287,-0.6043429600973992,1.114202454544477,-0.49808561796467227,-0.5111072986761463,-0.8115630648680069,0.035556620459270764,-2.327896071496842,-1.156117255783828,-0.49479592419559437,-1.2431937709463048,28,kudiraivali,Loamy soil
10480,-1.100063855269374,0.17449124089587287,-0.09597647149880119,1.114202454544477,-1.729093134248192,-0.4374120856604269,-0.8115630648680069,-0.4648419979674625,-2.2458417731248788,-0.6948048541000789,-1.0780510594028356,-0.6929207936206087,28,kudiraivali,Loamy soil
10516,-1.100063855269374,0.17449124089587287,-0.09597647149880119,1.114202454544477,-1.5752171947127527,-0.5507893364538413,-0.8115630648680069,-0.871784228320106,-2.2156112421457346,-1.0112178475626503,-0.6406097079974047,-1.1958192762096556,28,kudiraivali,Loamy soil
10517,-1.100063855269374,0.17449124089587287,-0.6043429600973992,1.114202454544477,0.5790459587834081,-0.42418473973452847,-0.8115630648680069,-0.015802295509373083,-2.3926757807378656,-0.8781469624615689,-0.6056143998849705,-0.8058907426080033,28,kudiraivali,Loamy soil
10608,-1.100063855269374,0.17449124089587287,-0.09597647149880119,1.114202454544477,-1.1135893761064315,-0.39584042703617484,-0.8115630648680069,0.022927378827637,-2.232885831276674,-1.0200892399027226,-0.9322372756010252,-0.6163927636614059,28,kudiraivali,Loamy soil
10642,-1.100063855269374,0.17449124089587287,-0.09597647149880119,1.114202454544477,-1.1135893761064315,-0.4411913273535407,-0.8115630648680069,-1.0084606877557871,-2.340852013345047,-1.0851461170632513,-1.4746645513437595,-1.254126346654762,28,kudiraivali,Loamy soil
10647,-1.100063855269374,0.17449124089587287,-0.6043429600973992,1.114202454544477,-1.5752171947127527,-0.5961402367712072,-0.8115630648680069,0.014227234592511455,-2.314940129648637,-1.1856885635840684,-0.7222654269264187,-0.7257185207459812,28,kudiraivali,Loamy soil
10689,-1.100063855269374,0.17449124089587287,-0.6043429600973992,1.114202454544477,0.11741814017708838,-0.45063943158632525,-0.8115630648680069,-0.1878406315136288,-2.3019841878004326,-0.9106754010418333,-0.8972419674885911,-0.7366510964544389,28,kudiraivali,Loamy soil
10707,-1.100063855269374,0.17449124089587287,-0.6043429600973992,1.114202454544477,0.11741814017708838,-0.5092176778295893,-0.8115630648680069,-0.4095539846023104,-2.327896071496842,-0.6770620694199346,-1.0605534053466183,-0.7002091774262471,28,kudiraivali,Loamy soil
10789,-1.100063855269374,0.17449124089587287,-0.6043429600973992,1.114202454544477,-0.9597134365709921,-0.4808733651312357,-0.8115630648680069,-0.6436159295085895,-2.2717536568212884,-0.7864759082808237,-0.7280979782784908,-0.8678420049559294,28,kudiraivali,Loamy soil
10811,-1.100063855269374,0.17449124089587287,-0.6043429600973992,1.114202454544477,-0.8058374970355525,-0.5942506159246501,-0.8115630648680069,-0.4227445258620166,-2.232885831276674,-0.7007191156601268,-1.1888695350922114,-0.8459768535390143,28,kudiraivali,Loamy soil
10844,-1.100063855269374,0.17449124089587287,-0.09597647149880119,1.114202454544477,-0.19033373889379193,-0.45063943158632525,-0.8115630648680069,-0.12637832223967785,-2.241523125842144,-1.0703604631631312,-1.4571668972875422,-1.0536957919997074,28,kudiraivali,Loamy soil
10853,-1.100063855269374,0.17449124089587287,-0.6043429600973992,1.114202454544477,0.11741814017708838,-0.37316497687749217,-0.8115630648680069,-0.7320206209300258,-2.3581266024759864,-0.7036762464401508,-0.62894460529326,-0.6746998341065128,28,kudiraivali,Loamy soil
10862,-1.100063855269374,0.17449124089587287,-0.09597647149880119,1.114202454544477,-0.6519615575001118,-0.3372621807929108,-0.8115630648680069,-0.9164075487518789,-2.3581266024759864,-0.8958897471417131,-0.7689258377429978,-1.1229354381532717,28,kudiraivali,Loamy soil
10865,-1.100063855269374,0.17449124089587287,-0.6043429600973992,1.114202454544477,-0.49808561796467227,-0.375054597724049,-0.8115630648680069,-0.5961861109364538,-2.276072304104023,-0.7569046004805834,-1.1947020864442839,-1.1156470543476333,28,kudiraivali,Loamy soil
10880,-1.100063855269374,0.17449124089587287,-0.09597647149880119,1.114202454544477,0.11741814017708838,-0.5526789573003984,-0.8115630648680069,-0.3834535518969338,-2.2501604204076138,-1.061489070823059,-1.4571668972875422,-0.7147859450375238,28,kudiraivali,Loamy soil
10909,-1.100063855269374,0.17449124089587287,-0.6043429600973992,1.114202454544477,-1.729093134248192,-0.4941007110571341,-0.8115630648680069,-0.2058022196119523,-2.254479067690349,-1.1472458634437561,-0.5472888863642464,-0.9261490754010362,28,kudiraivali,Loamy soil
10936,-1.100063855269374,0.17449124089587287,-0.09597647149880119,1.114202454544477,-1.2674653156418723,-0.5848025116918656,-0.8115630648680069,-0.6666292142595667,-2.237204478559409,-0.8781469624615689,-1.2471950486129355,-0.7366510964544389,28,kudiraivali,Loamy soil
10947,-1.100063855269374,0.17449124089587287,-0.6043429600973992,1.114202454544477,-1.2674653156418723,-0.581023269998752,-0.8115630648680069,-0.7067621376667583,-2.3063028350831676,-0.7628188620406315,-1.5563202702727732,-0.6710556422036936,28,kudiraivali,Loamy soil
11008,-0.7178367511780939,1.4177413322789671,-1.1127094486959972,-0.8975029591088394,0.8867978378542885,-0.703848625024951,0.6897774417819738,0.11947091485612615,-2.319258776931372,-1.4252161567660153,-1.59714812973728,-0.7330069045516197,8,blackgram,Sandy soil
11019,1.5755258733695863,1.4177413322789671,1.4291229942969927,1.114202454544477,1.0406737773897279,-0.7416410419560892,1.4575083826825315,-0.004015003319848428,-2.323577424214107,-1.7179721039883946,-1.3405158702460942,-0.8714861968587484,8,blackgram, cotton soil
11033,1.5755258733695863,1.4177413322789671,1.9374894828955906,1.114202454544477,1.0406737773897279,-0.6509392413213574,2.0716931354029784,-0.0609869155692184,-2.2976655405176976,-1.5050586878266643,-1.5913155783852078,-0.9553026106235897,8,blackgram, cotton soil
11070,-0.7178367511780939,1.4177413322789671,1.4291229942969927,-0.8975029591088394,1.3484256564606083,-0.6528288621679145,0.502109878450726,0.02208542938552821,-2.310621482365902,-1.5464585187470006,-1.5329900648644836,-0.6236811474670444,8,blackgram,Sandy soil
11073,1.5755258733695863,1.4177413322789671,1.4291229942969927,1.114202454544477,1.0406737773897279,-0.7265240751836337,2.2934820738853623,-0.5678404797187869,-2.3019841878004326,-1.31875944868515,-0.8330839026157945,-1.064628367708165,8,blackgram, cotton soil
11134,-0.7178367511780939,1.4177413322789671,-1.1127094486959972,-0.8975029591088394,1.5023015959960477,-0.7076278667180647,-0.009710748816312897,0.2533408761514442,-2.319258776931372,-1.7623290656887551,-0.9322372756010252,-0.6564788745924169,8,blackgram,Sandy soil
11162,-0.7178367511780939,1.4177413322789671,1.9374894828955906,-0.8975029591088394,1.0406737773897279,-0.6868420374059387,1.8157828217694587,-0.2344285006436556,-2.2976655405176976,-1.4400018106661354,-1.6204783351455698,-0.9735235701376855,8,blackgram,Sandy soil
11190,-0.7178367511780939,1.4177413322789671,1.4291229942969927,-0.8975029591088394,-0.036457799358352465,-0.7265240751836337,2.9247275141813764,-0.5916957139118729,-2.319258776931372,-1.6026440035674572,-1.439669243231325,-1.144800589570187,8,blackgram,Sandy soil
11236,-0.7178367511780939,1.4177413322789671,-1.1127094486959972,-0.8975029591088394,1.5023015959960477,-0.7076278667180647,1.4916297578336677,-0.2641773809315038,-2.327896071496842,-1.401559110525823,-0.4831308214914498,-1.2650589223632198,8,blackgram,Sandy soil
11240,-0.7178367511780939,1.4177413322789671,1.9374894828955906,-0.8975029591088394,0.7329218983188477,-0.6849524165593819,1.0309911932933329,-0.4457578106129938,-2.2976655405176976,-1.2803167485448377,-1.3346833188940217,-0.638257915078321,8,blackgram,Sandy soil
11273,1.5755258733695863,1.4177413322789671,1.9374894828955906,1.114202454544477,1.3484256564606083,-0.7132967292577356,0.6385953790552698,0.31368058616924993,-2.327896071496842,-1.2537025715246213,-1.5738179243289905,-0.8168233183164607,8,blackgram, cotton soil
11303,1.5755258733695863,1.4177413322789671,1.9374894828955906,1.114202454544477,0.8867978378542885,-0.7076278667180647,1.9181469472228667,-0.03292193416558781,-2.2976655405176976,-1.2418740484045252,-0.9788976864176047,-1.04276321629125,8,blackgram, cotton soil
11349,1.5755258733695863,1.4177413322789671,1.4291229942969927,1.114202454544477,-0.036457799358352465,-0.6509392413213574,-0.7603810021413029,-0.5731728261854766,-2.310621482365902,-1.4400018106661354,-1.2413624972608632,-0.6163927636614059,8,blackgram, cotton soil
11359,1.5755258733695863,1.4177413322789671,-1.1127094486959972,1.114202454544477,0.5790459587834081,-0.679283554019711,1.7134186963160507,-0.3711049600793364,-2.3019841878004326,-1.7357148886685387,-1.3405158702460942,-1.2905682656829538,8,blackgram, cotton soil
11404,-0.7178367511780939,1.4177413322789671,-1.1127094486959972,-0.8975029591088394,1.1945497169251689,-0.7095174875646216,2.0034503851007064,0.1784073758037504,-2.310621482365902,-1.481401641586472,-1.398841383766818,-1.1557331652786444,8,blackgram,Sandy soil
11413,1.5755258733695863,1.4177413322789671,-1.1127094486959972,1.114202454544477,1.5023015959960477,-0.69817976248528,0.21207818966607073,-0.4822422864377136,-2.3019841878004326,-1.667700880727986,-0.4831308214914498,-0.9881003377489622,8,blackgram, cotton soil
11470,-0.7178367511780939,1.4177413322789671,-1.1127094486959972,-0.8975029591088394,0.7329218983188477,-0.679283554019711,1.5598725081359395,-0.5933796127960907,-2.310621482365902,-1.3838163258456788,-1.013892994530039,-1.0573399839025266,8,blackgram,Sandy soil
11541,1.5755258733695863,1.4177413322789671,1.4291229942969927,1.114202454544477,0.27129407971252784,-0.6547184830144712,-0.7262596269901671,-0.697220043989524,-2.3365333660623118,-1.3365022333652943,-1.0897161621069804,-0.6819882179121513,8,blackgram, cotton soil
11572,-0.7178367511780939,1.4177413322789671,-1.1127094486959972,-0.8975029591088394,1.6561775355314885,-0.6962901416387233,2.2252393235830894,-0.1951375266785728,-2.3063028350831676,-1.7238863655484427,-0.9089070701927356,-1.024542256777154,8,blackgram,Sandy soil
11586,-0.7178367511780939,1.4177413322789671,1.4291229942969927,-0.8975029591088394,0.27129407971252784,-0.6641665872472557,2.7199992632745613,-0.7140590328317024,-2.3322147187795768,-1.233002656064453,-1.3288507675419494,-1.2031076600152937,8,blackgram,Sandy soil
11622,-0.7178367511780939,1.4177413322789671,1.4291229942969927,-0.8975029591088394,1.3484256564606083,-0.6698354497869264,2.8735454514546728,-0.04948027319372979,-2.310621482365902,-1.413387633645919,-0.8214187999116495,-0.9370816511094937,8,blackgram,Sandy soil
11624,-0.7178367511780939,1.4177413322789671,1.9374894828955906,-0.8975029591088394,0.27129407971252784,-0.720855212643963,1.4916297578336677,0.2763541609024211,-2.3019841878004326,-1.3808591950656548,-1.1772044323880666,-0.6346137231755018,8,blackgram,Sandy soil
11682,-0.7178367511780939,1.4177413322789671,1.4291229942969927,-0.8975029591088394,0.7329218983188477,-0.7076278667180647,2.788242013576833,0.1596038382633181,-2.340852013345047,-1.5375871264069287,-0.7630932863909253,-0.8314000859277376,8,blackgram,Sandy soil
11690,-0.7178367511780939,1.4177413322789671,1.9374894828955906,-0.8975029591088394,0.7329218983188477,-0.7359721794164182,2.583513762670017,-0.19906662407508102,-2.310621482365902,-1.7830289811489235,-1.223864843204646,-1.0536957919997074,8,blackgram,Sandy soil
11718,-0.7178367511780939,1.4177413322789671,1.4291229942969927,-0.8975029591088394,1.0406737773897279,-0.69817976248528,0.024410626334822903,-0.19429557723646368,-2.3063028350831676,-1.6884007961881542,-0.5764516431246085,-0.6564788745924169,8,blackgram,Sandy soil
11738,-0.7178367511780939,1.4177413322789671,1.9374894828955906,-0.8975029591088394,0.27129407971252784,-0.7321929377233046,2.378785511763202,-0.7241624261370094,-2.2976655405176976,-1.7682433272488032,-1.0663859566986909,-0.7330069045516197,8,blackgram,Sandy soil
11744,-0.7178367511780939,1.4177413322789671,1.9374894828955906,-0.8975029591088394,1.1945497169251689,-0.6962901416387233,0.07559268906152691,-0.3090813511773127,-2.3365333660623118,-1.658829488387914,-0.827251351263722,-0.7658046316769923,8,blackgram,Sandy soil
11748,-0.7178367511780939,1.4177413322789671,1.4291229942969927,-0.8975029591088394,1.8100534750669282,-0.6887316582524955,-0.11207487426972029,0.12957430816143323,-2.323577424214107,-1.48731590314652,-0.6989352215181287,-1.0099654891658774,8,blackgram,Sandy soil
11766,-0.7178367511780939,1.4177413322789671,1.4291229942969927,-0.8975029591088394,0.8867978378542885,-0.7114071084111785,0.6727167542064055,0.008052938683712917,-2.323577424214107,-1.5139300801667361,-1.6379759892017869,-0.8714861968587484,8,blackgram,Sandy soil
11774,-0.7178367511780939,1.4177413322789671,1.9374894828955906,-0.8975029591088394,1.6561775355314885,-0.6830627957128249,2.7541206384256967,-0.4575451028025188,-2.327896071496842,-1.2862310101048857,-1.1480416756277045,-1.2650589223632198,8,blackgram,Sandy soil
11782,-0.7178367511780939,1.4177413322789671,-1.1127094486959972,-0.8975029591088394,0.11741814017708838,-0.6547184830144712,0.7921415672353811,-0.7923603309478315,-2.319258776931372,-1.652915226827866,-1.3055205621336596,-1.2832798818773157,8,blackgram,Sandy soil
11801,1.5755258733695863,1.4177413322789671,1.9374894828955906,1.114202454544477,0.4251700192479687,-0.6679458289403697,-0.6409561891123273,0.18879141892309384,-2.3019841878004326,-1.4636588569063278,-0.9730651350655322,-0.8386884697333759,8,blackgram, cotton soil
11805,1.5755258733695863,1.4177413322789671,1.4291229942969927,1.114202454544477,0.4251700192479687,-0.7303033168767475,-0.7945023772924388,-0.7294947726036991,-2.3019841878004326,-1.5257586032868324,-0.6931026701660566,-0.8204675102192799,8,blackgram, cotton soil
11840,-0.7178367511780939,1.4177413322789671,1.9374894828955906,-0.8975029591088394,0.7329218983188477,-0.6717250706334835,2.037571760251843,-0.09129709548513962,-2.2976655405176976,-1.7741575888088514,-0.5122935782518119,-1.2249728114322087,8,blackgram,Sandy soil
11846,-0.7178367511780939,1.4177413322789671,1.9374894828955906,-0.8975029591088394,1.1945497169251689,-0.7057382458715078,-0.5897741263856233,-0.4381802656340134,-2.310621482365902,-1.6026440035674572,-1.4863296540479043,-1.3087892251970499,8,blackgram,Sandy soil
11848,-0.7178367511780939,1.4177413322789671,-1.1127094486959972,-0.8975029591088394,-0.036457799358352465,-0.7189655917974063,0.5703526287529982,-0.7769245911758348,-2.319258776931372,-1.7919003734889953,-0.8214187999116495,-0.9261490754010362,8,blackgram,Sandy soil
11933,1.5755258733695863,1.4177413322789671,1.9374894828955906,1.114202454544477,1.1945497169251689,-0.6698354497869264,2.0887538229785463,0.2592345222462067,-2.2976655405176976,-1.673615142288034,-1.2996880107815874,-1.1156470543476333,8,blackgram, cotton soil
11935,1.5755258733695863,1.4177413322789671,-1.1127094486959972,1.114202454544477,1.3484256564606083,-0.7265240751836337,2.7370599508501283,0.040888966925960515,-2.3322147187795768,-1.7002293193082505,-0.8214187999116495,-0.6564788745924169,8,blackgram, cotton soil
11985,1.5755258733695863,1.4177413322789671,1.4291229942969927,1.114202454544477,0.5790459587834081,-0.7321929377233046,1.9522683223740032,-0.1168362285624432,-2.3019841878004326,-1.8126002889491637,-1.3055205621336596,-0.9297932673038553,8,blackgram, cotton soil
11986,-0.7178367511780939,1.4177413322789671,-1.1127094486959972,-0.8975029591088394,1.5023015959960477,-0.6736146914800403,-0.5897741263856233,-0.2914004128930256,-2.3322147187795768,-1.7061435808682985,-1.3055205621336596,-0.7330069045516197,8,blackgram,Sandy soil
12028,0.8110716651870262,1.4177413322789671,1.4291229942969927,-0.8975029591088394,0.27129407971252784,-0.17664440883557367,0.979809130566629,0.04818586209090453,-0.2203961975222087,-1.7327577578885147,-0.62894460529326,-1.1848867005011978,24,greengram,sandy Loamy soil
12048,1.3844123213239463,1.4177413322789671,1.9374894828955906,-0.8975029591088394,1.1945497169251689,-0.17664440883557367,0.6385953790552698,0.061657053164647084,-0.4665590926380981,-1.6263010498076498,-1.4280041405271802,-0.7658046316769923,24,greengram,well-drained soil
12113,-0.9089503032237339,1.4177413322789671,-1.1127094486959972,1.114202454544477,1.1945497169251689,-0.17664440883557367,0.6385953790552698,0.24941177875493598,-0.47087773992083304,-1.6943150577482025,-0.7980885945033599,-0.8058907426080033,24,greengram,Sandy soil
12138,1.3844123213239463,1.4177413322789671,1.9374894828955906,-0.8975029591088394,0.4251700192479687,-0.17664440883557367,1.6963580087404837,-0.09129709548513962,-0.1815283719775943,-1.5050586878266643,-1.0255580972341838,-1.2614147304604006,24,greengram,well-drained soil
12148,0.8110716651870262,1.4177413322789671,1.4291229942969927,-0.8975029591088394,1.1945497169251689,-0.17664440883557367,0.979809130566629,-0.0230991906743171,-0.280857259480497,-1.312845187125102,-1.381343729710601,-0.8241117021220992,24,greengram,sandy Loamy soil
12168,1.3844123213239463,1.4177413322789671,1.9374894828955906,-0.8975029591088394,0.8867978378542885,-0.17664440883557367,1.628115258438211,-0.07838720403946949,-0.30245049589417156,-1.2389169176245012,-0.8330839026157945,-0.6236811474670444,24,greengram,well-drained soil
12190,0.8110716651870262,1.4177413322789671,1.4291229942969927,-0.8975029591088394,1.1945497169251689,-0.17664440883557367,1.1162946311711728,0.30806758988852384,-0.40177938339707453,-1.4400018106661354,-0.6931026701660566,-1.2614147304604006,24,greengram,sandy Loamy soil
12204,1.3844123213239463,1.4177413322789671,1.9374894828955906,-0.8975029591088394,0.4251700192479687,-0.17664440883557367,0.17795681451493492,0.19272051631960205,-0.2203961975222087,-1.726843496328467,-0.827251351263722,-1.3015008413914115,24,greengram,well-drained soil
12245,-0.9089503032237339,1.4177413322789671,-1.1127094486959972,1.114202454544477,1.3484256564606083,-0.17664440883557367,0.8433236299620851,0.24688593042860896,-0.4751963872035677,-1.652915226827866,-0.6581073620536221,-0.7220743288431622,24,greengram,Sandy soil
12262,0.8110716651870262,1.4177413322789671,1.4291229942969927,-0.8975029591088394,0.27129407971252784,-0.17664440883557367,0.979809130566629,0.03780181897156108,-0.3067691431769068,-1.5819440881072893,-1.4863296540479043,-1.04276321629125,24,greengram,sandy Loamy soil
12270,1.3844123213239463,1.4177413322789671,1.9374894828955906,-0.8975029591088394,0.11741814017708838,-0.17664440883557367,1.3551442572291246,0.10207062638587538,-0.08219948447469164,-1.401559110525823,-1.3463484215981665,-0.6637672583980554,24,greengram,well-drained soil
12302,-0.9089503032237339,1.4177413322789671,-1.1127094486959972,-0.8975029591088394,1.3484256564606083,-0.17664440883557367,1.6622366335893475,-0.09382294381146632,-0.1340232518675106,-1.50210155704664,-0.8097536972075049,-0.6528346826895977,24,greengram,Sandy soil
12333,1.3844123213239463,1.4177413322789671,1.9374894828955906,1.114202454544477,1.0406737773897279,-0.17664440883557367,1.2869015069268517,0.189914018179239,-0.30245049589417156,-1.484358772366496,-1.223864843204646,-1.0391190243884307,24,greengram,well-drained soil
12386,-0.9089503032237339,1.4177413322789671,-1.1127094486959972,-0.8975029591088394,1.0406737773897279,-0.17664440883557367,0.8092022548109493,-0.026466988442752897,-0.3154064377423764,-1.490273033926544,-0.5647865404204635,-0.882418772567206,24,greengram,Sandy soil
12430,0.8110716651870262,1.4177413322789671,1.4291229942969927,-0.8975029591088394,0.8867978378542885,-0.17664440883557367,1.5769331957115076,0.309190189144669,-0.08219948447469164,-1.3867734566257028,-1.5213249621603386,-1.0063212972630582,24,greengram,sandy Loamy soil
12441,1.3844123213239463,1.4177413322789671,1.9374894828955906,1.114202454544477,0.5790459587834081,-0.17664440883557367,0.48504919087515835,0.18486232152658563,-0.2851759067632323,-1.7771147195888752,-1.567985372976918,-0.9553026106235897,24,greengram,well-drained soil
12442,0.8110716651870262,1.4177413322789671,1.4291229942969927,-0.8975029591088394,-0.036457799358352465,-0.17664440883557367,1.2869015069268517,0.09954477805954838,-0.25062672850135254,-1.4932301647065682,-0.9030745188406631,-1.334298568516784,24,greengram,sandy Loamy soil
12452,-0.9089503032237339,1.4177413322789671,-1.1127094486959972,-0.8975029591088394,-0.036457799358352465,-0.17664440883557367,1.30396219450242,0.19608831408803787,-0.34563696872152055,-1.6706580115080103,-0.5064610268997394,-0.6163927636614059,24,greengram,Sandy soil
12476,-0.9089503032237339,1.4177413322789671,-1.1127094486959972,-0.8975029591088394,-0.036457799358352465,-0.17664440883557367,1.1504160063223086,0.18345907245640408,-0.4147353252452791,-1.233002656064453,-0.7222654269264187,-1.166665740987102,24,greengram,Sandy soil
12523,0.8110716651870262,1.4177413322789671,1.4291229942969927,1.114202454544477,1.1945497169251689,-0.17664440883557367,0.22913887724163892,0.2555860746637345,-0.384504794266135,-1.578986957327265,-0.6231120539411876,-0.7111417531347046,24,greengram,sandy Loamy soil
12526,0.8110716651870262,1.4177413322789671,1.4291229942969927,-0.8975029591088394,0.8867978378542885,-0.17664440883557367,0.3997457529973185,0.30554174156219716,-0.22903349208767804,-1.2773596177648134,-0.7980885945033599,-1.246837962849124,24,greengram,sandy Loamy soil
12553,0.8110716651870262,1.4177413322789671,1.4291229942969927,1.114202454544477,0.11741814017708838,-0.17664440883557367,1.611054570862644,0.1399583512807767,-0.34563696872152055,-1.2951024024449578,-0.7630932863909253,-0.8131791264136418,24,greengram,sandy Loamy soil
12568,0.8110716651870262,1.4177413322789671,1.4291229942969927,-0.8975029591088394,0.8867978378542885,-0.17664440883557367,1.4916297578336677,-0.07558070589910643,-0.280857259480497,-1.5582870418670967,-1.142209124275632,-0.9662351863320471,24,greengram,sandy Loamy soil
12631,0.8110716651870262,1.4177413322789671,1.4291229942969927,1.114202454544477,1.1945497169251689,-0.17664440883557367,1.0480518808689006,0.301893293979725,-0.20312160839126883,-1.3010166640050058,-0.5414563350121739,-0.7803813992882689,24,greengram,sandy Loamy soil
12651,1.3844123213239463,1.4177413322789671,1.9374894828955906,1.114202454544477,1.0406737773897279,-0.17664440883557367,0.9968698181421971,0.2418342337759556,-0.0735621899092217,-1.7179721039883946,-0.6756050161098391,-0.6892766017177895,24,greengram,well-drained soil
12653,-0.9089503032237339,1.4177413322789671,-1.1127094486959972,1.114202454544477,1.1945497169251689,-0.17664440883557367,0.4509278157240219,-0.004856952761957218,-0.44928450350715854,-1.312845187125102,-1.2180322918525734,-1.330654376613965,24,greengram,Sandy soil
12666,1.3844123213239463,1.4177413322789671,1.9374894828955906,-0.8975029591088394,0.11741814017708838,-0.17664440883557367,0.5874133163285657,0.14921979514397465,-0.19448431382579892,-1.3660735411655345,-0.6697724647577666,-1.0136096810686963,24,greengram,well-drained soil
12685,0.8110716651870262,1.4177413322789671,1.4291229942969927,1.114202454544477,0.5790459587834081,-0.17664440883557367,0.6215346914797015,0.004123841287204379,-0.4147353252452791,-1.3305879718052462,-0.6231120539411876,-0.9115723077897594,24,greengram,sandy Loamy soil
12733,0.8110716651870262,1.4177413322789671,1.4291229942969927,1.114202454544477,-0.19033373889379193,-0.17664440883557367,1.508690445409236,0.1444487483053573,-0.41041667796254416,-1.244831179184549,-0.8039211458554324,-0.9953887215546006,24,greengram,sandy Loamy soil
12747,1.3844123213239463,1.4177413322789671,1.9374894828955906,1.114202454544477,1.1945497169251689,-0.17664440883557367,1.3210228820779881,0.24800852968475445,-0.24198943393588324,-1.48731590314652,-1.095548713459053,-0.7257185207459812,24,greengram,well-drained soil
12762,1.3844123213239463,1.4177413322789671,1.9374894828955906,-0.8975029591088394,0.11741814017708838,-0.17664440883557367,1.5769331957115076,0.24071163451981042,-0.13834189915024528,-1.570115564987193,-1.0255580972341838,-0.7913139749967266,24,greengram,well-drained soil
12767,-0.9089503032237339,1.4177413322789671,-1.1127094486959972,1.114202454544477,0.5790459587834081,-0.17664440883557367,0.22913887724163892,0.3125579869131048,-0.44928450350715854,-1.753457673348683,-0.5006284755476669,-0.9225048834982169,24,greengram,Sandy soil
12768,1.3844123213239463,1.4177413322789671,1.9374894828955906,-0.8975029591088394,-0.036457799358352465,-0.17664440883557367,1.5428118205603711,0.2844930055094742,-0.2722199649150271,-1.413387633645919,-1.1772044323880666,-0.9771677620405046,24,greengram,well-drained soil
12807,1.3844123213239463,1.4177413322789671,1.9374894828955906,1.114202454544477,0.27129407971252784,-0.17664440883557367,1.0139305057177648,0.13266145611583266,-0.384504794266135,-1.649958096047842,-1.6438085405538594,-1.1812425085983786,24,greengram,well-drained soil
12847,0.8110716651870262,1.4177413322789671,1.4291229942969927,1.114202454544477,0.8867978378542885,-0.17664440883557367,0.928627067839925,0.02685647622414522,-0.13834189915024528,-1.3572021488254624,-0.9147396215448081,-1.0609841758053458,24,greengram,sandy Loamy soil
12859,0.8110716651870262,1.4177413322789671,1.4291229942969927,1.114202454544477,1.0406737773897279,-0.17664440883557367,0.1097140642126627,0.05969250446639313,-0.14266054643297993,-1.398601979745799,-0.9089070701927356,-0.6054601879529484,24,greengram,sandy Loamy soil
12930,1.3844123213239463,1.4177413322789671,1.9374894828955906,-0.8975029591088394,0.11741814017708838,-0.17664440883557367,0.6215346914797015,-0.0601449661271096,-0.34995561600425557,-1.6706580115080103,-0.7747583890950703,-0.7074975612318853,24,greengram,well-drained soil
12947,-0.9089503032237339,1.4177413322789671,-1.1127094486959972,1.114202454544477,1.0406737773897279,-0.17664440883557367,0.38268506542175035,0.2847736553235103,-0.4579217980726282,-1.2744024869847894,-0.9672325837134597,-0.9917445296517814,24,greengram,Sandy soil
12955,0.8110716651870262,1.4177413322789671,1.4291229942969927,1.114202454544477,0.4251700192479687,-0.17664440883557367,1.6622366335893475,-0.0012085051794853692,-0.3197250850251114,-1.587858349667337,-1.4863296540479043,-1.1739541247927403,24,greengram,sandy Loamy soil
12978,1.3844123213239463,1.4177413322789671,1.9374894828955906,-0.8975029591088394,1.3484256564606083,-0.17664440883557367,0.4509278157240219,0.3117160374709957,-0.3067691431769068,-1.5819440881072893,-0.6814375674619116,-0.6892766017177895,24,greengram,well-drained soil
13007,0.8110716651870262,1.4177413322789671,1.4291229942969927,1.114202454544477,-1.421341255177312,-0.8587975344426173,0.2461995648172065,-0.6941328960351245,-0.8466000535187695,-1.1058460325234196,-0.62894460529326,-0.8131791264136418,19,cowpea,sandy Loamy soil
13029,-0.8133935272009138,1.4177413322789671,-1.1127094486959972,1.114202454544477,-0.9597134365709921,-0.6717250706334835,-0.4703493133566477,-1.2537486252235184,-0.7645457551468064,-1.3897305874057269,-1.4046739351188906,-0.6564788745924169,19,cowpea,Sandy soil 
13060,1.3844123213239463,1.4177413322789671,1.9374894828955906,-0.8975029591088394,-0.6519615575001118,-0.703848625024951,0.43386712814845435,-0.691045748080725,-0.7990949334086855,-1.3276308410252222,-1.6321434378497146,-0.8058907426080033,19,cowpea,well-drained soil
13085,0.8110716651870262,1.4177413322789671,1.4291229942969927,1.114202454544477,-2.3445968923899527,-0.45063943158632525,-0.11207487426972029,-1.2242803947497063,-0.7084033404712529,-1.0378320245828667,-0.6406097079974047,-1.0937819029307183,19,cowpea,sandy Loamy soil
13118,0.8110716651870262,1.4177413322789671,1.4291229942969927,-0.8975029591088394,-2.3445968923899527,-0.4941007110571341,-0.5385920636589193,-0.9582243710432884,-0.8509187008015046,-0.6770620694199346,-1.1188789188673425,-0.9844561458461429,19,cowpea,sandy Loamy soil
13140,-0.8133935272009138,1.4177413322789671,-1.1127094486959972,-0.8975029591088394,-0.49808561796467227,-0.5621270615331829,0.5874133163285657,-0.8122864677444094,-0.7559084605813365,-1.321716579465174,-1.4455017945833974,-1.330654376613965,19,cowpea,Sandy soil 
13237,1.3844123213239463,1.4177413322789671,1.9374894828955906,1.114202454544477,-1.729093134248192,-0.6358222745489022,-0.0608928115430169,-1.2060381568373464,-0.781820344277746,-0.715504769560247,-0.9730651350655322,-1.210396043820932,19,cowpea,well-drained soil
13248,-0.8133935272009138,1.4177413322789671,-1.1127094486959972,-0.8975029591088394,-0.8058374970355525,-0.40906777296207325,0.5703526287529982,-0.700026542129887,-0.8422814062360346,-1.0910603786232993,-1.4046739351188906,-0.7074975612318853,19,cowpea,Sandy soil 
13282,1.3844123213239463,1.4177413322789671,1.9374894828955906,-0.8975029591088394,-0.9597134365709921,-0.6641665872472557,-0.3338638127521039,-1.2051962073952376,-0.8941051736288536,-1.4340875491060874,-1.083883610754908,-0.8641978130531102,19,cowpea,well-drained soil
13320,-0.8133935272009138,1.4177413322789671,-1.1127094486959972,-0.8975029591088394,-2.3445968923899527,-0.7000693833318371,-0.09501418669415271,-0.9472790282958725,-0.7084033404712529,-1.31875944868515,-1.6029806810893525,-0.6091043798557677,19,cowpea,Sandy soil 
13344,-0.8133935272009138,1.4177413322789671,-1.1127094486959972,-0.8975029591088394,-1.1135893761064315,-0.6641665872472557,0.502109878450726,-1.2921976497464924,-0.9070611154770581,-0.795347300620896,-1.1772044323880666,-0.9297932673038553,19,cowpea,Sandy soil 
13354,1.3844123213239463,1.4177413322789671,1.9374894828955906,-0.8975029591088394,-0.49808561796467227,-0.4600875358191098,0.5362312536018617,-0.8804843725552316,-0.7256779296021924,-0.7776045159407518,-0.6056143998849705,-1.2577705385575813,19,cowpea,well-drained soil
13365,-0.8133935272009138,1.4177413322789671,-1.1127094486959972,1.114202454544477,-2.190720952854512,-0.4393017065069839,0.877445005113221,-1.018283431247058,-0.7213592823194575,-0.9639037550822658,-0.9788976864176047,-0.7257185207459812,19,cowpea,Sandy soil 
13393,1.3844123213239463,1.4177413322789671,1.9374894828955906,1.114202454544477,-2.190720952854512,-0.5413412322210568,0.12677475178823092,-1.0514001093033418,-0.7213592823194575,-1.4252161567660153,-1.4105064864709629,-0.6455462988839594,19,cowpea,well-drained soil
13408,1.3844123213239463,1.4177413322789671,1.9374894828955906,-0.8975029591088394,-1.2674653156418723,-0.6906212790990526,0.48504919087515835,-0.5515627905046813,-0.7472711660158669,-1.3690306719455585,-1.2646927026691528,-1.2249728114322087,19,cowpea,well-drained soil
13411,1.3844123213239463,1.4177413322789671,1.9374894828955906,1.114202454544477,-1.5752171947127527,-0.40906777296207325,0.3656243778461821,-0.7915183815057228,-0.794776286125951,-1.0526176784829868,-1.1363765729235598,-1.1010702867363569,19,cowpea,well-drained soil
13433,0.8110716651870262,1.4177413322789671,1.4291229942969927,1.114202454544477,-0.19033373889379193,-0.46575639835878047,-0.18031762457199252,-0.9124784513553704,-0.8509187008015046,-1.0910603786232993,-0.7047677728702012,-0.962590994429228,19,cowpea,sandy Loamy soil
13440,-0.8133935272009138,1.4177413322789671,-1.1127094486959972,-0.8975029591088394,-1.1135893761064315,-0.7359721794164182,-0.7262596269901671,-0.9534533242046711,-0.786138991560481,-0.8278757392011604,-0.5181261296038844,-0.904283923984121,19,cowpea,Sandy soil 
13453,1.3844123213239463,1.4177413322789671,1.9374894828955906,1.114202454544477,-0.8058374970355525,-0.8890314679875279,0.33150300269504634,-1.2613261702024987,-0.7602271078640715,-1.3010166640050058,-0.9847302377696769,-0.9990329134574197,19,cowpea,well-drained soil
13460,0.8110716651870262,1.4177413322789671,1.4291229942969927,-0.8975029591088394,-0.6519615575001118,-0.7095174875646216,-0.026771436391880492,-0.6646646655613124,-0.7559084605813365,-1.4577445953462795,-1.0080604431779667,-0.6892766017177895,19,cowpea,sandy Loamy soil
13484,0.8110716651870262,1.4177413322789671,1.4291229942969927,-0.8975029591088394,-1.2674653156418723,-0.8191154966649222,0.07559268906152691,-1.0831135382894446,-0.777501696995011,-0.9313753165020016,-1.6146457837934973,-0.8787745806643869,19,cowpea,sandy Loamy soil
13568,0.8110716651870262,1.4177413322789671,1.4291229942969927,-0.8975029591088394,-0.9597134365709921,-0.9098172972996538,-0.2656210624498323,-0.7749600424775805,-0.9027424681943236,-0.9550323627421938,-0.8505815566720115,-0.9953887215546006,19,cowpea,sandy Loamy soil
13569,-0.8133935272009138,1.4177413322789671,-1.1127094486959972,1.114202454544477,-1.421341255177312,-0.5961402367712072,0.43386712814845435,-0.6924489971509066,-0.7990949334086855,-0.6859334617600066,-1.5096598594561939,-1.3087892251970499,19,cowpea,Sandy soil 
13578,-0.8133935272009138,1.4177413322789671,-1.1127094486959972,-0.8975029591088394,-1.729093134248192,-0.45063943158632525,-0.7774416897168711,-0.8959201123272283,-0.8509187008015046,-1.3069309255650539,-1.253027599965008,-0.9115723077897594,19,cowpea,Sandy soil 
13618,1.3844123213239463,1.4177413322789671,1.9374894828955906,-0.8975029591088394,-2.0368450133190725,-0.45441867327943913,0.7068381293575413,-0.9921829985416815,-0.8725119372151791,-0.9432038396220976,-1.0605534053466183,-0.8131791264136418,19,cowpea,well-drained soil
13654,1.3844123213239463,1.4177413322789671,1.9374894828955906,-0.8975029591088394,-1.5752171947127527,-0.8153362549718084,0.0073499387592553065,-1.1316659561177254,-0.8552373480842396,-0.8219614776411123,-0.5531214377163185,-0.802246550705184,19,cowpea,well-drained soil
13657,1.3844123213239463,1.4177413322789671,1.9374894828955906,1.114202454544477,-0.3442096784292314,-0.8285636008977068,0.5703526287529982,-1.2099672542338549,-0.9027424681943236,-1.2182170021643328,-0.6172795025891151,-0.9188606915953978,19,cowpea,well-drained soil
13675,1.3844123213239463,1.4177413322789671,1.9374894828955906,1.114202454544477,-0.3442096784292314,-0.4185158771948578,0.6897774417819738,-0.652316073743715,-0.9156984100425282,-1.0141749783426746,-1.4746645513437595,-1.2905682656829538,19,cowpea,well-drained soil
13684,1.3844123213239463,1.4177413322789671,1.9374894828955906,-0.8975029591088394,-0.8058374970355525,-0.5980298576177641,-0.5727134388100558,-1.3023010430517994,-0.7040846931885179,-1.3098880563450779,-1.3755111783585285,-1.1630215490842828,19,cowpea,well-drained soil
13719,-0.8133935272009138,1.4177413322789671,-1.1127094486959972,1.114202454544477,-1.2674653156418723,-0.4411913273535407,-0.1291355618452885,-1.3393468185045916,-0.8984238209115886,-1.227088394504405,-1.5154924108082664,-1.2796356899744965,19,cowpea,Sandy soil 
13795,1.3844123213239463,1.4177413322789671,1.9374894828955906,1.114202454544477,-1.2674653156418723,-0.6944005207921665,0.21207818966607073,-0.645019178578771,-0.742952518733132,-0.9757322782023621,-1.0022278918258942,-1.1047144786391758,19,cowpea,well-drained soil
13819,1.3844123213239463,1.4177413322789671,1.9374894828955906,1.114202454544477,-1.8829690737836315,-0.5507893364538413,0.12677475178823092,-1.2248416943777791,-0.7472711660158669,-0.8367471315412324,-1.4921622053999766,-1.1156470543476333,19,cowpea,well-drained soil
13860,-0.8133935272009138,1.4177413322789671,-1.1127094486959972,-0.8975029591088394,-0.9597134365709921,-0.662276966400699,0.1097140642126627,-1.055048556885814,-0.8984238209115886,-1.4607017261263038,-0.8505815566720115,-1.0391190243884307,19,cowpea,Sandy soil 
13863,-0.8133935272009138,1.4177413322789671,-1.1127094486959972,1.114202454544477,-0.8058374970355525,-0.9022588139134262,-0.1291355618452885,-1.1788151248758247,-0.777501696995011,-0.8160472160810641,-0.7047677728702012,-1.1120028624448142,19,cowpea,Sandy soil 
13882,1.3844123213239463,1.4177413322789671,1.9374894828955906,-0.8975029591088394,-0.49808561796467227,-0.4789837442846789,-0.6580168766878955,-1.2133350520022903,-0.8206881698223601,-1.3572021488254624,-0.6231120539411876,-0.6455462988839594,19,cowpea,well-drained soil
13886,0.8110716651870262,1.4177413322789671,1.4291229942969927,-0.8975029591088394,-1.2674653156418723,-0.9003691930668692,0.7068381293575413,-1.2913557003043834,-0.8206881698223601,-0.8692755701214968,-0.5939492971808256,-1.0719167515138033,19,cowpea,sandy Loamy soil
13890,-0.8133935272009138,1.4177413322789671,-1.1127094486959972,-0.8975029591088394,-1.8829690737836315,-0.4355224648138701,-0.7091989394145989,-0.731178671487917,-0.825006817105095,-1.4932301647065682,-0.6872701188139841,-0.9115723077897594,19,cowpea,Sandy soil 
13925,0.8110716651870262,1.4177413322789671,1.4291229942969927,1.114202454544477,-0.19033373889379193,-0.4298536022741994,-0.4703493133566477,-0.867013181481489,-0.8034135806914205,-0.8515327854413526,-0.6639399134056946,-0.6091043798557677,19,cowpea,sandy Loamy soil
13936,1.3844123213239463,1.4177413322789671,1.9374894828955906,-0.8975029591088394,-1.5752171947127527,-0.40906777296207325,0.5362312536018617,-0.8277222075164062,-0.8768305844979141,-0.7894330390608478,-0.570619091772536,-1.0755609434166225,19,cowpea,well-drained soil
13959,-0.8133935272009138,1.4177413322789671,-1.1127094486959972,1.114202454544477,-1.729093134248192,-0.497879952750248,-0.2826817500253999,-0.6638227161192036,-0.8077322279741556,-0.887018354801641,-1.5563202702727732,-0.9553026106235897,19,cowpea,Sandy soil 
14023,-0.048939319018353855,1.4177413322789671,-1.1127094486959972,1.114202454544477,-0.6519615575001118,-0.15018971698377684,0.8262629423865175,-0.15191745531698145,-0.4838336817690376,-0.9905179321024823,-0.827251351263722,-0.7913139749967266,5,bengalgram,heavy Black Soil
14075,-0.048939319018353855,1.4177413322789671,1.9374894828955906,1.114202454544477,-0.8058374970355525,0.17860431031712493,-0.5556527512344875,-0.3399528307213064,-0.4838336817690376,-0.6652335462998384,-0.9322372756010252,-1.0792051353194416,5,bengalgram,heavy Black Soil
14094,0.33328778507292617,1.4177413322789671,1.4291229942969927,-0.8975029591088394,-0.9597134365709921,-0.20876796322704114,-0.3168031251765363,-0.4673678462937895,-0.4838336817690376,-0.7066333772201749,-1.4338366918792524,-1.3233659928083268,5,bengalgram,medium Black Soil
14125,-0.048939319018353855,1.4177413322789671,-1.1127094486959972,1.114202454544477,-1.5752171947127527,0.09168175137550728,0.0073499387592553065,-0.4463191102410666,-0.4838336817690376,-0.8397042623212565,-0.5181261296038844,-0.9334374592066745,5,bengalgram,heavy Black Soil
14134,0.33328778507292617,1.4177413322789671,-1.1127094486959972,-0.8975029591088394,-0.036457799358352465,-0.20498872153392728,0.4168064405728861,-0.39187304631802294,-0.4838336817690376,-0.8456185238813044,-1.2005346377963562,-0.7512278640657156,5,bengalgram,medium Black Soil
14148,0.33328778507292617,1.4177413322789671,1.4291229942969927,-0.8975029591088394,-0.036457799358352465,-0.08783222904739894,0.8433236299620851,-0.3382689318370888,-0.4838336817690376,-0.7243761619003192,-1.59714812973728,-0.6929207936206087,5,bengalgram,medium Black Soil
14151,-0.048939319018353855,1.4177413322789671,1.4291229942969927,1.114202454544477,0.4251700192479687,0.15025999761877132,0.604474003904134,-0.0045763029479208486,-0.4838336817690376,-0.9254610549419534,-1.1947020864442839,-0.6309695312726828,5,bengalgram,heavy Black Soil
14172,0.33328778507292617,1.4177413322789671,1.4291229942969927,-0.8975029591088394,0.11741814017708838,0.1672665852377836,-0.6238955015367591,-0.09129709548513962,-0.4838336817690376,-0.6474907616196942,-1.5213249621603386,-0.8714861968587484,5,bengalgram,medium Black Soil
14175,-0.048939319018353855,1.4177413322789671,1.4291229942969927,1.114202454544477,-0.49808561796467227,-0.20498872153392728,0.0073499387592553065,-0.6368803339717182,-0.4838336817690376,-0.9195467933819053,-1.3755111783585285,-1.1630215490842828,5,bengalgram,heavy Black Soil
14271,-0.048939319018353855,1.4177413322789671,1.4291229942969927,1.114202454544477,0.4251700192479687,-0.293800901322102,0.21207818966607073,0.13378405537197782,-0.4838336817690376,-1.1058460325234196,-1.1772044323880666,-1.0901377110278991,5,bengalgram,heavy Black Soil
14280,0.33328778507292617,1.4177413322789671,1.4291229942969927,-0.8975029591088394,-0.9597134365709921,-0.18231327137524433,-0.1461962494208567,0.027698425666254328,-0.4838336817690376,-0.8633613085614487,-0.5881167458287531,-0.8350442778305566,5,bengalgram,medium Black Soil
14322,0.33328778507292617,1.4177413322789671,1.4291229942969927,-0.8975029591088394,-1.2674653156418723,-0.09539071243362668,-0.5727134388100558,0.22162744716534144,-0.4838336817690376,-0.9106754010418333,-1.1013812648111252,-1.1557331652786444,5,bengalgram,medium Black Soil
14325,-0.048939319018353855,1.4177413322789671,1.4291229942969927,1.114202454544477,-0.49808561796467227,0.0614478178305966,-0.3338638127521039,-0.026466988442752897,-0.4838336817690376,-0.9313753165020016,-0.7047677728702012,-0.7658046316769923,5,bengalgram,heavy Black Soil
14332,0.33328778507292617,1.4177413322789671,-1.1127094486959972,-0.8975029591088394,-0.9597134365709921,-0.09728033328018348,0.22913887724163892,-0.13563976610287581,-0.4838336817690376,-0.9520752319621697,-1.1013812648111252,-0.7038533693290664,5,bengalgram,medium Black Soil
14373,-0.048939319018353855,1.4177413322789671,1.4291229942969927,1.114202454544477,-0.9597134365709921,0.17293544777745426,-0.7774416897168711,0.18738816985291232,-0.4838336817690376,-0.9372895780620495,-1.3580135243023115,-1.2978566494885924,5,bengalgram,heavy Black Soil
14390,0.33328778507292617,1.4177413322789671,1.9374894828955906,-0.8975029591088394,0.11741814017708838,-0.19176137560802886,0.2461995648172065,0.2235919958635957,-0.4838336817690376,-0.884061224021617,-1.0897161621069804,-0.8860629644700253,5,bengalgram,medium Black Soil
14444,0.33328778507292617,1.4177413322789671,1.9374894828955906,-0.8975029591088394,-1.2674653156418723,-0.14641047529066326,-0.3168031251765363,-0.05284807096216559,-0.4838336817690376,-0.7923901698408718,-1.567985372976918,-0.7986023588023649,5,bengalgram,medium Black Soil
14479,-0.048939319018353855,1.4177413322789671,-1.1127094486959972,1.114202454544477,-0.3442096784292314,-0.25033962185129316,-0.5556527512344875,-0.28775196531055375,-0.4838336817690376,-0.887018354801641,-1.3463484215981665,-1.0318306405827924,5,bengalgram,heavy Black Soil
14487,-0.048939319018353855,1.4177413322789671,1.4291229942969927,1.114202454544477,-0.8058374970355525,-0.36560649349126445,-0.18031762457199252,-0.4047829377636931,-0.4838336817690376,-0.8012615621809439,-1.5038273081041216,-0.6710556422036936,5,bengalgram,heavy Black Soil
14552,0.33328778507292617,1.4177413322789671,1.9374894828955906,-0.8975029591088394,-1.2674653156418723,0.059558196984039795,0.21207818966607073,-0.12918482038004092,-0.4838336817690376,-1.0082607167826263,-0.8039211458554324,-1.3197218009055074,5,bengalgram,medium Black Soil
14566,0.33328778507292617,1.4177413322789671,-1.1127094486959972,-0.8975029591088394,-1.421341255177312,0.046330851058141394,-0.3338638127521039,-0.5030103726764001,-0.4838336817690376,-0.7746473851607276,-1.1363765729235598,-1.1921750843068362,5,bengalgram,medium Black Soil
14577,-0.048939319018353855,1.4177413322789671,1.4291229942969927,1.114202454544477,-1.729093134248192,-0.1256246459785371,0.6897774417819738,0.2814058575550748,-0.4838336817690376,-0.98164653976241,-0.868079210728229,-1.0609841758053458,5,bengalgram,heavy Black Soil
14592,0.33328778507292617,1.4177413322789671,1.4291229942969927,-0.8975029591088394,-0.036457799358352465,-0.3297036974066831,-0.7603810021413029,-0.04302532747089488,-0.4838336817690376,-0.9195467933819053,-1.6321434378497146,-1.0063212972630582,5,bengalgram,medium Black Soil
14593,-0.048939319018353855,1.4177413322789671,-1.1127094486959972,1.114202454544477,-0.3442096784292314,-0.00657853264545197,-0.1461962494208567,-0.3113265496896034,-0.4838336817690376,-1.0999317709633714,-1.1772044323880666,-1.2504821547519431,5,bengalgram,heavy Black Soil
14631,-0.048939319018353855,1.4177413322789671,1.4291229942969927,1.114202454544477,-1.1135893761064315,0.15592886015844198,0.3656243778461821,-0.5824342700486749,-0.4838336817690376,-0.8811040932415929,-1.5504877189207007,-1.046407408194069,5,bengalgram,heavy Black Soil
14646,0.33328778507292617,1.4177413322789671,1.4291229942969927,-0.8975029591088394,0.11741814017708838,-0.040591707883476255,0.2461995648172065,-0.2776485720052467,-0.4838336817690376,-0.8811040932415929,-1.2938554594295149,-1.3015008413914115,5,bengalgram,medium Black Soil
14672,0.33328778507292617,1.4177413322789671,1.9374894828955906,-0.8975029591088394,-0.19033373889379193,-0.13129350851820776,0.3656243778461821,0.17307502933706065,-0.4838336817690376,-0.9639037550822658,-0.9555674810093149,-1.2978566494885924,5,bengalgram,medium Black Soil
14693,-0.048939319018353855,1.4177413322789671,1.9374894828955906,1.114202454544477,0.11741814017708838,-0.2465603801581793,0.28032093996834234,-0.647825676719134,-0.4838336817690376,-0.8397042623212565,-1.1947020864442839,-0.6892766017177895,5,bengalgram,heavy Black Soil
14708,0.33328778507292617,1.4177413322789671,1.9374894828955906,-0.8975029591088394,-1.1135893761064315,-0.050039812116260796,0.3656243778461821,-0.33574308351076176,-0.4838336817690376,-0.62974797693955,-1.4629994486396145,-0.9115723077897594,5,bengalgram,medium Black Soil
14714,0.33328778507292617,1.4177413322789671,1.9374894828955906,-0.8975029591088394,-0.49808561796467227,-0.05381905380937466,-0.6750775642634631,0.21264665311617983,-0.4838336817690376,-0.7687331236006797,-1.3171856648378044,-1.334298568516784,5,bengalgram,medium Black Soil
14787,-0.048939319018353855,1.4177413322789671,1.4291229942969927,1.114202454544477,-0.19033373889379193,-0.2730150720099758,-0.6068348139611915,0.060253804094465555,-0.4838336817690376,-0.7036762464401508,-0.8097536972075049,-1.1557331652786444,5,bengalgram,heavy Black Soil
14790,0.33328778507292617,1.4177413322789671,1.4291229942969927,-0.8975029591088394,-0.8058374970355525,0.04255160936502752,-0.09501418669415271,-0.18306958467501144,-0.4838336817690376,-1.0171321091226986,-0.5939492971808256,-1.1047144786391758,5,bengalgram,medium Black Soil
14808,0.33328778507292617,1.4177413322789671,1.4291229942969927,-0.8975029591088394,-0.6519615575001118,0.08034402629616567,-0.1632569369964243,-0.6382835830418997,-0.4838336817690376,-0.887018354801641,-1.5563202702727732,-1.1994634681124745,5,bengalgram,medium Black Soil
14814,0.33328778507292617,1.4177413322789671,1.4291229942969927,-0.8975029591088394,-0.19033373889379193,0.17293544777745426,-0.29974243760096814,-0.47017434443415257,-0.4838336817690376,-1.0289606322427947,-0.827251351263722,-0.8350442778305566,5,bengalgram,medium Black Soil
14830,0.33328778507292617,1.4177413322789671,-1.1127094486959972,-0.8975029591088394,-0.9597134365709921,0.0614478178305966,-0.4191672506299437,-0.16426604713457915,-0.4838336817690376,-0.9077182702618092,-0.838916453967867,-1.3087892251970499,5,bengalgram,medium Black Soil
14868,0.33328778507292617,1.4177413322789671,1.4291229942969927,-0.8975029591088394,-0.036457799358352465,-0.09728033328018348,0.8262629423865175,0.1980528627862918,-0.4838336817690376,-1.1916028251441166,-0.6872701188139841,-1.3233659928083268,5,bengalgram,medium Black Soil
14872,0.33328778507292617,1.4177413322789671,-1.1127094486959972,-0.8975029591088394,-0.49808561796467227,-0.28435279708931743,-0.6580168766878955,0.2800026084848933,-0.4838336817690376,-1.1679457789039243,-1.2180322918525734,-1.0281864486799732,5,bengalgram,medium Black Soil
14878,0.33328778507292617,1.4177413322789671,-1.1127094486959972,-0.8975029591088394,0.4251700192479687,-0.01791625772479331,0.48504919087515835,-0.18868258095573756,-0.4838336817690376,-0.9225039241619294,-0.9614000323613874,-0.7074975612318853,5,bengalgram,medium Black Soil
14908,0.33328778507292617,1.4177413322789671,-1.1127094486959972,-0.8975029591088394,-1.421341255177312,-0.0613775371956024,0.1438354393637991,0.056044056883920966,-0.4838336817690376,-0.7125476387802229,-1.6321434378497146,-0.6491904907867787,5,bengalgram,medium Black Soil
14910,0.33328778507292617,1.4177413322789671,1.4291229942969927,-0.8975029591088394,-1.421341255177312,-0.05381905380937466,-0.5727134388100558,-0.2338672010155829,-0.4838336817690376,-0.8249186084211363,-1.6029806810893525,-1.0792051353194416,5,bengalgram,medium Black Soil
15001,0.04661745700446615,1.4177413322789671,1.4291229942969927,1.114202454544477,-0.9597134365709921,-0.13318312936476484,0.8092022548109493,-0.24509319357703513,-0.8768305844979141,-1.0378320245828667,-0.8330839026157945,-0.8314000859277376,26,horsegram,heavy soil 
15003,0.04661745700446615,1.4177413322789671,1.9374894828955906,1.114202454544477,0.5790459587834081,-0.13318312936476484,2.4129068869143375,-0.24509319357703513,-0.6436236312302293,-1.0910603786232993,-1.59714812973728,-1.0354748324856116,26,horsegram,heavy soil 
15017,0.04661745700446615,1.4177413322789671,-1.1127094486959972,1.114202454544477,-0.19033373889379193,-0.12751426682509417,0.7409595045086778,-0.24509319357703513,0.14237017422752354,-0.9698180166423139,-1.381343729710601,-0.9079281158869403,26,horsegram,heavy soil 
15042,1.6710826493924062,1.4177413322789671,1.9374894828955906,1.114202454544477,0.27129407971252784,-0.11239730005263869,0.6215346914797015,-0.24509319357703513,-0.09515542632289622,-1.1975170867041647,-0.9380698269530977,-1.254126346654762,26,horsegram, light soi
15067,0.04661745700446615,1.4177413322789671,1.4291229942969927,1.114202454544477,0.4251700192479687,-0.1256246459785371,0.7238988169331095,-0.24509319357703513,0.15532611607572813,-1.0910603786232993,-1.2413624972608632,-0.7876697830939073,26,horsegram,heavy soil 
15106,1.6710826493924062,1.4177413322789671,1.4291229942969927,1.114202454544477,0.27129407971252784,-0.09161147074051282,1.406326319955828,-0.24509319357703513,0.07759046498649996,-0.6445336308396702,-1.4746645513437595,-0.8496210454418335,26,horsegram, light soi
15142,1.6710826493924062,1.4177413322789671,1.4291229942969927,1.114202454544477,0.27129407971252784,-0.15018971698377684,2.5323316999433136,-0.24509319357703513,-0.42769126709348404,-1.0437462861429148,-1.5913155783852078,-0.6929207936206087,26,horsegram, light soi
15143,0.04661745700446615,1.4177413322789671,-1.1127094486959972,1.114202454544477,-0.49808561796467227,-0.170975546295903,1.3210228820779881,-0.24509319357703513,0.04735993400735551,-0.638619369279622,-1.5271575135124111,-1.2067518519181129,26,horsegram,heavy soil 
15198,1.6710826493924062,1.4177413322789671,1.9374894828955906,1.114202454544477,0.7329218983188477,-0.15396895867689073,0.38268506542175035,-0.24509319357703513,-0.5788439219892056,-1.1916028251441166,-0.5122935782518119,-1.3087892251970499,26,horsegram, light soi
15204,1.6710826493924062,1.4177413322789671,1.9374894828955906,1.114202454544477,0.7329218983188477,-0.11239730005263869,1.9010862596472986,-0.24509319357703513,-0.1210673100193054,-0.9461609704021218,-0.868079210728229,-1.0391190243884307,26,horsegram, light soi
15209,0.04661745700446615,1.4177413322789671,-1.1127094486959972,1.114202454544477,0.8867978378542885,-0.09916995412674055,1.2015980690490127,-0.24509319357703513,-0.1728910774121244,-0.6948048541000789,-0.5356237836601014,-1.1593773571814636,26,horsegram,heavy soil 
15253,0.04661745700446615,1.4177413322789671,1.4291229942969927,1.114202454544477,-0.6519615575001118,-0.170975546295903,2.13993588570525,-0.24509319357703513,-0.5615693328582658,-1.0289606322427947,-1.626310886497642,-0.6200369555642251,26,horsegram,heavy soil 
15256,1.6710826493924062,1.4177413322789671,1.4291229942969927,1.114202454544477,1.1945497169251689,-0.11428692089919576,1.6622366335893475,-0.24509319357703513,-0.3801861469834,-0.718461900340271,-0.6231120539411876,-0.6674114503008746,26,horsegram, light soi
15272,1.6710826493924062,1.4177413322789671,-1.1127094486959972,1.114202454544477,0.8867978378542885,-0.11617654174575257,0.877445005113221,-0.24509319357703513,-0.10811136817110081,-1.1797743020240203,-1.0663859566986909,-0.7111417531347046,26,horsegram, light soi
15303,0.04661745700446615,1.4177413322789671,1.9374894828955906,1.114202454544477,0.5790459587834081,-0.1653066837562323,1.3892656323802597,-0.24509319357703513,-0.42337261981074903,-0.8219614776411123,-1.3755111783585285,-0.7330069045516197,26,horsegram,heavy soil 
15317,0.04661745700446615,1.4177413322789671,-1.1127094486959972,1.114202454544477,0.4251700192479687,-0.09916995412674055,0.12677475178823092,-0.24509319357703513,-0.2722199649150271,-0.7776045159407518,-0.5531214377163185,-0.9480142268179512,26,horsegram,heavy soil 
15370,1.6710826493924062,1.4177413322789671,1.4291229942969927,1.114202454544477,-0.036457799358352465,-0.08783222904739894,0.6897774417819738,-0.24509319357703513,-0.2894945540459669,-0.884061224021617,-1.4804971026958318,-1.228617003335028,26,horsegram, light soi
15402,1.6710826493924062,1.4177413322789671,1.9374894828955906,1.114202454544477,0.8867978378542885,-0.17286516714245978,0.38268506542175035,-0.24509319357703513,-0.8509187008015046,-0.715504769560247,-0.6581073620536221,-0.7330069045516197,26,horsegram, light soi
15454,1.6710826493924062,1.4177413322789671,1.4291229942969927,1.114202454544477,-0.6519615575001118,-0.1369623710578787,0.9968698181421971,-0.24509319357703513,-0.26358267034955774,-1.1324602095436358,-0.6814375674619116,-0.9261490754010362,26,horsegram, light soi
15455,0.04661745700446615,1.4177413322789671,-1.1127094486959972,1.114202454544477,0.4251700192479687,-0.1577482003700046,1.4916297578336677,-0.24509319357703513,-0.2333521393704133,-1.2152598713843088,-0.7339305296305633,-1.0026771053602388,26,horsegram,heavy soil 
15456,1.6710826493924062,1.4177413322789671,1.9374894828955906,1.114202454544477,-0.3442096784292314,-0.09728033328018348,1.6963580087404837,-0.24509319357703513,0.0862277595519699,-1.0230463706827464,-0.9847302377696769,-0.7767372073854499,26,horsegram, light soi
15479,0.04661745700446615,1.4177413322789671,-1.1127094486959972,1.114202454544477,0.4251700192479687,-0.10672843751296802,0.3485636902706145,-0.24509319357703513,-0.24630808121861789,-0.9668608858622899,-0.9847302377696769,-0.9662351863320471,26,horsegram,heavy soil 
15482,1.6710826493924062,1.4177413322789671,-1.1127094486959972,1.114202454544477,0.11741814017708838,-0.17286516714245978,1.1674766938978767,-0.24509319357703513,-0.8466000535187695,-0.9757322782023621,-1.2763578053732976,-1.305145033294231,26,horsegram, light soi
15520,1.6710826493924062,1.4177413322789671,1.4291229942969927,1.114202454544477,-0.8058374970355525,-0.1653066837562323,1.9693290099495702,-0.24509319357703513,-0.39314208883160456,-1.2123027406042848,-0.49479592419559437,-1.0208980648743347,26,horsegram, light soi
15548,1.6710826493924062,1.4177413322789671,-1.1127094486959972,1.114202454544477,0.8867978378542885,-0.14641047529066326,2.2423000111586577,-0.24509319357703513,0.17691935248940266,-1.0289606322427947,-1.5096598594561939,-0.6783440260093321,26,horsegram, light soi
15597,0.04661745700446615,1.4177413322789671,1.9374894828955906,1.114202454544477,0.7329218983188477,-0.15207933783033392,2.344664136612066,-0.24509319357703513,-0.6522609257956988,-0.795347300620896,-1.3113531134857321,-1.166665740987102,26,horsegram,heavy soil 
15616,1.6710826493924062,1.4177413322789671,1.4291229942969927,1.114202454544477,1.0406737773897279,-0.11428692089919576,0.041471313910391105,-0.24509319357703513,-0.8466000535187695,-0.9077182702618092,-1.2996880107815874,-0.7986023588023649,26,horsegram, light soi
15646,1.6710826493924062,1.4177413322789671,1.4291229942969927,1.114202454544477,-0.6519615575001118,-0.08783222904739894,0.21207818966607073,-0.24509319357703513,-0.280857259480497,-1.0289606322427947,-0.8214187999116495,-0.6929207936206087,26,horsegram, light soi
15670,1.6710826493924062,1.4177413322789671,1.4291229942969927,1.114202454544477,0.7329218983188477,-0.09539071243362668,0.877445005113221,-0.24509319357703513,0.24169906173042624,-1.1620315173438762,-1.3288507675419494,-0.6710556422036936,26,horsegram, light soi
15672,1.6710826493924062,1.4177413322789671,1.9374894828955906,1.114202454544477,0.8867978378542885,-0.12751426682509417,2.208178636007523,-0.24509319357703513,0.26329229814410077,-1.058531940043035,-1.3463484215981665,-0.9844561458461429,26,horsegram, light soi
15733,0.04661745700446615,1.4177413322789671,1.4291229942969927,1.114202454544477,-0.49808561796467227,-0.1256246459785371,0.1950175020905025,-0.24509319357703513,-0.41041667796254416,-0.960946624302242,-0.926404724248953,-0.8386884697333759,26,horsegram,heavy soil 
15745,0.04661745700446615,1.4177413322789671,1.4291229942969927,1.114202454544477,0.4251700192479687,-0.1653066837562323,1.0480518808689006,-0.24509319357703513,-0.8379627589533,-0.8751898316815447,-0.9089070701927356,-1.1229354381532717,26,horsegram,heavy soil 
15753,0.04661745700446615,1.4177413322789671,1.9374894828955906,1.114202454544477,1.3484256564606083,-0.09539071243362668,0.6897774417819738,-0.24509319357703513,-0.5399760964445913,-1.0821889862832272,-0.9030745188406631,-0.7913139749967266,26,horsegram,heavy soil 
15764,1.6710826493924062,1.4177413322789671,-1.1127094486959972,1.114202454544477,1.0406737773897279,-0.11428692089919576,0.8092022548109493,-0.24509319357703513,-0.742952518733132,-0.6948048541000789,-0.838916453967867,-0.7913139749967266,26,horsegram, light soi
15833,0.04661745700446615,1.4177413322789671,-1.1127094486959972,1.114202454544477,0.11741814017708838,-0.08216336650772828,0.8092022548109493,-0.24509319357703513,0.23738041444769156,-0.6445336308396702,-1.3405158702460942,-1.0354748324856116,26,horsegram,heavy soil 
15864,1.6710826493924062,1.4177413322789671,1.9374894828955906,1.114202454544477,-0.8058374970355525,-0.08783222904739894,0.5874133163285657,-0.24509319357703513,-0.4363285616589536,-1.138374471103684,-0.7397630809826358,-0.7002091774262471,26,horsegram, light soi
15875,0.04661745700446615,1.4177413322789671,-1.1127094486959972,1.114202454544477,0.27129407971252784,-0.09161147074051282,0.17795681451493492,-0.24509319357703513,-0.24198943393588324,-0.709590508000199,-1.3113531134857321,-1.228617003335028,26,horsegram,heavy soil 
15930,1.6710826493924062,1.4177413322789671,1.9374894828955906,1.114202454544477,1.1945497169251689,-0.14452085444410617,1.3210228820779881,-0.24509319357703513,-0.4924709763345076,-0.7421189465804632,-0.9147396215448081,-1.0828493272222608,26,horsegram, light soi
15936,1.6710826493924062,1.4177413322789671,1.9374894828955906,1.114202454544477,-0.49808561796467227,-0.08405298735428508,2.0205110726762747,-0.24509319357703513,-0.20312160839126883,-1.0378320245828667,-0.9030745188406631,-0.8860629644700253,26,horsegram, light soi
15971,0.04661745700446615,1.4177413322789671,-1.1127094486959972,1.114202454544477,0.8867978378542885,-0.11806616259230963,1.628115258438211,-0.24509319357703513,-0.2981318486114369,-0.8367471315412324,-1.2705252540212253,-0.7439394802600772,26,horsegram,heavy soil 
16003,0.23773100905010616,1.4177413322789671,1.9374894828955906,1.114202454544477,0.4251700192479687,0.5073983376180267,-0.9651092530481183,0.3622330039975307,0.3669398329297387,-0.8811040932415929,-0.5239586809559564,-1.08649351912508,37,redgram,loamy soil
16004,-0.24005287106399387,1.4177413322789671,1.4291229942969927,1.114202454544477,0.4251700192479687,0.5017294750783563,-0.5044706885077835,0.6810511927427743,0.31079741825418505,-1.1620315173438762,-1.171371881035994,-0.6127485717585869,37,redgram,deep soil
16024,-0.24005287106399387,1.4177413322789671,1.9374894828955906,1.114202454544477,0.4251700192479687,0.7095877681996161,-0.026771436391880492,-0.005698902204066327,0.32375336010238964,-0.7687331236006797,-1.4571668972875422,-1.0974260948335375,37,redgram,deep soil
16038,-0.24005287106399387,1.4177413322789671,-1.1127094486959972,1.114202454544477,0.27129407971252784,0.7624971519032092,-0.6580168766878955,0.955807360684318,0.27624823999230536,-1.1354173403236598,-0.815586248559577,-1.1739541247927403,37,redgram,deep soil
16071,0.23773100905010616,1.4177413322789671,-1.1127094486959972,1.114202454544477,0.11741814017708838,0.3770144992056005,-0.009710748816312897,-0.13114936907829486,0.40580765847435246,-0.8781469624615689,-0.7339305296305633,-0.7585162478713541,37,redgram,loamy soil
16114,-0.24005287106399387,1.4177413322789671,1.9374894828955906,1.114202454544477,0.4251700192479687,0.6169963467183276,-0.6068348139611915,1.3784659806229944,0.3410279492333289,-0.8278757392011604,-0.5472888863642464,-1.0609841758053458,37,redgram,deep soil
16133,0.23773100905010616,1.4177413322789671,1.4291229942969927,1.114202454544477,0.11741814017708838,0.46771629984033175,-0.5385920636589193,0.7043451273077875,0.3583025383642688,-1.1206316864235397,-1.142209124275632,-0.9589468025264087,37,redgram,loamy soil
16135,0.23773100905010616,1.4177413322789671,1.9374894828955906,1.114202454544477,0.27129407971252784,0.5773143089406326,-0.8286237524435751,-0.7513854580985309,0.267610945426836,-0.6563621539597663,-1.1655393296839218,-0.8714861968587484,37,redgram,loamy soil
16175,0.23773100905010616,1.4177413322789671,1.4291229942969927,1.114202454544477,-0.036457799358352465,0.29387118195709644,-0.7774416897168711,0.8300762439960525,0.30216012368871514,-0.9432038396220976,-0.838916453967867,-0.7257185207459812,37,redgram,loamy soil
16187,0.23773100905010616,1.4177413322789671,1.4291229942969927,1.114202454544477,-0.19033373889379193,0.3770144992056005,0.2461995648172065,-0.5639113823222787,0.29352282912324523,-0.8781469624615689,-1.2938554594295149,-0.8969955401784827,37,redgram,loamy soil
16202,-0.24005287106399387,1.4177413322789671,1.4291229942969927,1.114202454544477,0.11741814017708838,0.7606075310566525,0.8603843175376533,-0.728372173347554,0.26329229814410077,-0.6741049386399105,-1.5621528216248457,-0.9115723077897594,37,redgram,deep soil
16214,-0.24005287106399387,1.4177413322789671,1.4291229942969927,1.114202454544477,0.4251700192479687,0.26741649010529966,-0.9139271903214149,0.19524636464592876,0.22874311988222162,-1.2093456098242608,-1.183036983740139,-0.6674114503008746,37,redgram,deep soil
16262,-0.24005287106399387,1.4177413322789671,1.4291229942969927,1.114202454544477,0.4251700192479687,0.5924312757130875,0.05853200148595931,0.6872254886515732,0.28488553455777527,-1.0289606322427947,-1.3871762810626733,-1.144800589570187,37,redgram,deep soil
16263,0.23773100905010616,1.4177413322789671,-1.1127094486959972,1.114202454544477,0.11741814017708838,0.2711957317984135,0.6385953790552698,0.0060883899854586475,0.29784147640597985,-1.138374471103684,-0.5997818485328981,-0.7913139749967266,37,redgram,loamy soil
16273,0.23773100905010616,1.4177413322789671,1.9374894828955906,1.114202454544477,0.27129407971252784,0.5716454464009617,-1.0162913157748223,0.45428614300143927,0.22442447259948697,-0.8367471315412324,-1.323018216189877,-1.1520889733758253,37,redgram,loamy soil
16286,-0.24005287106399387,1.4177413322789671,1.4291229942969927,1.114202454544477,0.11741814017708838,0.652899142802909,-0.7945023772924388,0.998466132417836,0.3453465965160642,-1.1975170867041647,-0.6056143998849705,-0.9953887215546006,37,redgram,deep soil
16298,-0.24005287106399387,1.4177413322789671,1.4291229942969927,1.114202454544477,0.27129407971252784,0.2768645943380842,0.5874133163285657,-0.6792584558912005,0.3194347128196544,-0.9964321936625302,-0.9147396215448081,-1.1557331652786444,37,redgram,deep soil
16301,0.23773100905010616,1.4177413322789671,1.4291229942969927,1.114202454544477,-0.036457799358352465,0.484722887459344,-1.0845340660770946,-0.35566922030733955,0.2719295927095707,-0.7509903389205355,-1.3580135243023115,-0.6819882179121513,37,redgram,loamy soil
16364,-0.24005287106399387,1.4177413322789671,1.4291229942969927,1.114202454544477,0.27129407971252784,0.5187360626973686,-0.2485603748742641,-0.3450045273739601,0.3194347128196544,-1.2182170021643328,-1.2471950486129355,-0.9407258430123129,37,redgram,deep soil
16388,-0.24005287106399387,1.4177413322789671,1.4291229942969927,1.114202454544477,-0.19033373889379193,0.3297739780416775,-0.2656210624498323,-0.13143001889233125,0.3453465965160642,-0.8012615621809439,-1.2296973945567182,-0.6419021069811403,37,redgram,deep soil
16390,-0.24005287106399387,1.4177413322789671,1.9374894828955906,1.114202454544477,0.5790459587834081,0.5999897590993153,0.7068381293575413,-0.21197651552075114,0.2503363562958962,-0.98164653976241,-1.5154924108082664,-0.6091043798557677,37,redgram,deep soil
16403,0.23773100905010616,1.4177413322789671,1.4291229942969927,1.114202454544477,0.11741814017708838,0.5130672001576977,-0.8456844400191428,0.04397611488035994,0.2330617671649563,-1.046703416922939,-1.0663859566986909,-0.7548720559685348,37,redgram,loamy soil
16441,0.23773100905010616,1.4177413322789671,1.9374894828955906,1.114202454544477,0.27129407971252784,0.35622866989347407,-0.1973783121475601,-0.7379142670247884,0.38853306934341325,-1.0526176784829868,-0.7106003242222737,-0.6892766017177895,37,redgram,loamy soil
16544,-0.24005287106399387,1.4177413322789671,1.4291229942969927,1.114202454544477,0.11741814017708838,0.7511594268238679,0.46798850329959013,0.17868802561778677,0.3798957747779433,-0.7273332926803431,-1.6321434378497146,-0.904283923984121,37,redgram,deep soil
16571,0.23773100905010616,1.4177413322789671,1.4291229942969927,1.114202454544477,0.11741814017708838,0.7530490476704247,-0.09501418669415271,0.5362358887000407,0.3453465965160642,-1.1324602095436358,-0.5064610268997394,-0.6091043798557677,37,redgram,loamy soil
16591,0.23773100905010616,1.4177413322789671,1.9374894828955906,1.114202454544477,-0.036457799358352465,0.7133670098927297,-0.6238955015367591,1.2109180416433196,0.2330617671649563,-1.1235888172035637,-0.7106003242222737,-0.9953887215546006,37,redgram,loamy soil
16596,-0.24005287106399387,1.4177413322789671,-1.1127094486959972,1.114202454544477,0.11741814017708838,0.7265943558186284,-0.009710748816312897,-0.36914041138108244,0.31079741825418505,-0.8781469624615689,-0.6931026701660566,-0.6419021069811403,37,redgram,deep soil
16630,-0.24005287106399387,1.4177413322789671,1.9374894828955906,1.114202454544477,0.4251700192479687,0.5773143089406326,-0.8627451275947109,1.1741529160045638,0.3064787709714498,-1.0703604631631312,-1.5213249621603386,-0.6236811474670444,37,redgram,deep soil
16656,-0.24005287106399387,1.4177413322789671,-1.1127094486959972,1.114202454544477,0.4251700192479687,0.3259947363485637,0.8945056926887891,0.33669387092022685,0.36262118564700346,-1.1975170867041647,-1.1655393296839218,-0.8131791264136418,37,redgram,deep soil
16675,0.23773100905010616,1.4177413322789671,1.9374894828955906,1.114202454544477,0.27129407971252784,0.2882023194174255,-0.45328862578107953,0.1396777014667403,0.2589736508613661,-1.1058460325234196,-0.5356237836601014,-1.1156470543476333,37,redgram,loamy soil
16788,-0.24005287106399387,1.4177413322789671,-1.1127094486959972,1.114202454544477,-0.036457799358352465,0.6812434555012625,-0.35092450032767214,0.5188356002297896,0.22442447259948697,-1.1147174248634917,-0.8797443134323736,-0.7949581668995458,37,redgram,deep soil
16821,0.23773100905010616,1.4177413322789671,-1.1127094486959972,1.114202454544477,-0.036457799358352465,0.20883824386203562,-0.7091989394145989,0.42453726271359044,0.26329229814410077,-0.8692755701214968,-1.3113531134857321,-0.6455462988839594,37,redgram,loamy soil
16842,-0.24005287106399387,1.4177413322789671,-1.1127094486959972,1.114202454544477,0.4251700192479687,0.20694862301547853,0.48504919087515835,0.6594411570619786,0.2460177090131615,-0.8456185238813044,-0.7280979782784908,-0.7220743288431622,37,redgram,deep soil
16850,-0.24005287106399387,1.4177413322789671,1.4291229942969927,1.114202454544477,-0.036457799358352465,0.7209254932789575,0.7409595045086778,-0.4814003369956048,0.33670930195059423,-0.7214190311202952,-1.2121997405005012,-0.9881003377489622,37,redgram,deep soil
16852,-0.24005287106399387,1.4177413322789671,1.9374894828955906,1.114202454544477,0.4251700192479687,0.39402108682461223,0.22913887724163892,-0.006540851646175117,0.2546550035786308,-0.9520752319621697,-1.567985372976918,-1.2067518519181129,37,redgram,deep soil
16893,0.23773100905010616,1.4177413322789671,-1.1127094486959972,1.114202454544477,0.27129407971252784,0.7624971519032092,0.8603843175376533,-0.4047829377636931,0.3928517166261479,-0.887018354801641,-0.6697724647577666,-0.8350442778305566,37,redgram,loamy soil
16913,0.23773100905010616,1.4177413322789671,1.4291229942969927,1.114202454544477,0.4251700192479687,0.22017596894137695,0.8092022548109493,-0.08091305236579617,0.2330617671649563,-0.978689408982386,-1.0663859566986909,-1.2978566494885924,37,redgram,loamy soil
16918,-0.24005287106399387,1.4177413322789671,1.9374894828955906,1.114202454544477,0.11741814017708838,0.6623472470356935,0.024410626334822903,0.9274617294666507,0.2503363562958962,-1.0053035860026025,-1.4105064864709629,-1.2431937709463048,37,redgram,deep soil
16953,0.23773100905010616,1.4177413322789671,-1.1127094486959972,1.114202454544477,0.11741814017708838,0.7568282893635389,0.1950175020905025,-0.5215332604027965,0.32375336010238964,-0.6415765000596461,-1.1655393296839218,-1.1156470543476333,37,redgram,loamy soil
16991,0.23773100905010616,1.4177413322789671,1.4291229942969927,1.114202454544477,0.4251700192479687,0.31465701126922235,-0.5215313760833518,0.9066936432279645,0.3194347128196544,-1.1058460325234196,-0.5881167458287531,-1.1557331652786444,37,redgram,loamy soil
17041,0.23773100905010616,0.17449124089587287,-0.6043429600973992,1.114202454544477,-0.49808561796467227,-0.20120947984081342,1.0309911932933329,-1.147943645331831,0.4187636003225577,-0.7746473851607276,-0.844749005319939,-0.7840255911910882,44,soyabean,loamy soil
17043,0.23773100905010616,0.17449124089587287,-0.6043429600973992,1.114202454544477,0.27129407971252784,-0.21065758407359794,-1.0674733785015265,-1.0749746936823916,0.8938148014233972,-0.49076283027842027,-0.7106003242222737,-1.144800589570187,44,soyabean,loamy soil
17078,1.3844123213239463,0.17449124089587287,-0.09597647149880119,-0.8975029591088394,0.11741814017708838,-0.3334829390997969,0.041471313910391105,-1.1181947650439827,0.3453465965160642,-0.27784941411668973,-1.468831999991687,-1.1375122057645486,44,soyabean,well-drained soil
17131,0.23773100905010616,0.17449124089587287,-0.6043429600973992,1.114202454544477,-0.8058374970355525,-0.36182725179815056,-0.2826817500253999,-0.6859940514280717,0.012810755745476398,-0.28967793723678603,-1.0780510594028356,-0.9844561458461429,44,soyabean,loamy soil
17156,1.3844123213239463,0.17449124089587287,-0.09597647149880119,-0.8975029591088394,-0.8058374970355525,-0.29758014301521585,0.48504919087515835,-1.19284761557764,0.7167502628312657,-0.532162661198757,-0.4889633728435223,-1.3015008413914115,44,soyabean,well-drained soil
17165,0.23773100905010616,0.17449124089587287,-0.6043429600973992,1.114202454544477,-0.8058374970355525,-0.187982133914915,-0.11207487426972029,-0.8605582357586538,0.1466888215102582,-0.62974797693955,-0.7047677728702012,-0.6965649855234279,44,soyabean,loamy soil
17192,1.3844123213239463,0.17449124089587287,-0.09597647149880119,-0.8975029591088394,-0.6519615575001118,-0.24089151761850863,-1.3063230045594776,-0.7056395384106131,0.721068910114001,-0.7598617312606075,-1.5504877189207007,-1.2978566494885924,44,soyabean,well-drained soil
17238,1.3844123213239463,0.17449124089587287,-0.09597647149880119,-0.8975029591088394,-0.19033373889379193,-0.2673462094703052,-1.1186554412282304,-1.0786231412648637,0.33670930195059423,-0.8101329545210161,-1.223864843204646,-1.0281864486799732,44,soyabean,well-drained soil
17247,0.23773100905010616,0.17449124089587287,-0.6043429600973992,1.114202454544477,0.27129407971252784,-0.30324900555488654,0.48504919087515835,-1.0682390981455203,0.7772113247895547,-0.8751898316815447,-0.5181261296038844,-1.13022382195891,44,soyabean,loamy soil
17250,1.3844123213239463,0.17449124089587287,-0.09597647149880119,-0.8975029591088394,0.27129407971252784,-0.3580480101050367,1.082173256020037,-1.1611341865915374,-0.013101127950932786,-0.12999287511548802,-1.2588601513170803,-0.8751303887615676,44,soyabean,well-drained soil
17254,1.3844123213239463,0.17449124089587287,-0.09597647149880119,-0.8975029591088394,0.5790459587834081,-0.19554061730114275,0.3485636902706145,-0.8347384528673139,0.29352282912324523,-0.7243761619003192,-1.4804971026958318,-1.3197218009055074,44,soyabean,well-drained soil
17267,0.23773100905010616,0.17449124089587287,-0.6043429600973992,1.114202454544477,0.27129407971252784,-0.29191128047554493,0.38268506542175035,-0.8268802580742971,0.2546550035786308,-0.3369920297171704,-0.9439023783051701,-1.0172538729715157,44,soyabean,loamy soil
17275,0.23773100905010616,0.17449124089587287,-0.6043429600973992,1.114202454544477,-0.6519615575001118,-0.2616773469306345,0.4168064405728861,-1.1106172200650024,0.7858486193550246,-0.27193515255664197,-1.3113531134857321,-1.3087892251970499,44,soyabean,loamy soil
17282,1.3844123213239463,0.17449124089587287,-0.09597647149880119,-0.8975029591088394,0.5790459587834081,-0.2201056883063825,-0.9651092530481183,-0.5799084217223479,0.522411135108195,-0.6120051922594058,-1.095548713459053,-0.6091043798557677,44,soyabean,well-drained soil
17306,1.3844123213239463,0.17449124089587287,-0.09597647149880119,-0.8975029591088394,-0.036457799358352465,-0.35426876841192306,-0.7774416897168711,-1.0870426356859528,0.6562892008729775,-0.79830443140092,-1.043055751290401,-0.8095349345108225,44,soyabean,well-drained soil
17338,1.3844123213239463,0.17449124089587287,-0.09597647149880119,-0.8975029591088394,0.11741814017708838,-0.2635669677771913,-1.3063230045594776,-1.2273675427041058,0.27624823999230536,-0.36952046829743507,-0.926404724248953,-1.1848867005011978,44,soyabean,well-drained soil
17341,0.23773100905010616,0.17449124089587287,-0.6043429600973992,1.114202454544477,-0.6519615575001118,-0.1842028922218014,-1.3916264424373173,-1.012109135338259,0.5699162552182794,-0.4138774299977956,-1.2996880107815874,-1.1630215490842828,44,soyabean,loamy soil
17347,0.23773100905010616,0.17449124089587287,-0.6043429600973992,1.114202454544477,-0.036457799358352465,-0.28435279708931743,0.07559268906152691,-0.8400707993340036,0.5353670769563996,-0.7835187775007999,-1.0722185080507631,-0.8204675102192799,44,soyabean,loamy soil
17394,1.3844123213239463,0.17449124089587287,-0.09597647149880119,-0.8975029591088394,-0.8058374970355525,-0.3070282472480004,-1.3745657548617498,-0.6323899369471372,0.5353670769563996,-0.09450730575519993,-1.5504877189207007,-1.0937819029307183,44,soyabean,well-drained soil
17404,1.3844123213239463,0.17449124089587287,-0.09597647149880119,-0.8975029591088394,-0.036457799358352465,-0.31269710978767107,-0.0608928115430169,-0.6276188901085199,0.008492108462741737,-0.62974797693955,-1.2588601513170803,-1.046407408194069,44,soyabean,well-drained soil
17425,0.23773100905010616,0.17449124089587287,-0.6043429600973992,1.114202454544477,0.27129407971252784,-0.187982133914915,-1.0674733785015265,-0.68992314882458,0.5958281389146886,-0.3872632529775791,-0.9147396215448081,-0.9553026106235897,44,soyabean,loamy soil
17503,0.23773100905010616,0.17449124089587287,-0.6043429600973992,1.114202454544477,0.4251700192479687,-0.36371687264470765,-0.5897741263856233,-1.0977073286193324,0.7858486193550246,-0.6356622384995981,-1.0780510594028356,-0.904283923984121,44,soyabean,loamy soil
17527,0.23773100905010616,0.17449124089587287,-0.6043429600973992,1.114202454544477,0.4251700192479687,-0.2144368257667118,-0.11207487426972029,-1.0194060305032029,0.2503363562958962,-0.8012615621809439,-1.3580135243023115,-1.1520889733758253,44,soyabean,loamy soil
17536,1.3844123213239463,0.17449124089587287,-0.09597647149880119,-0.8975029591088394,0.4251700192479687,-0.3297036974066831,0.9627484429910608,-0.5911344142838001,0.7081129682657958,-0.4227488223378676,-1.567985372976918,-0.6127485717585869,44,soyabean,well-drained soil
17538,1.3844123213239463,0.17449124089587287,-0.09597647149880119,-0.8975029591088394,0.27129407971252784,-0.2144368257667118,-1.0674733785015265,-1.1075300721106032,0.21146853075128177,-0.23940671397637736,-0.6814375674619116,-0.9188606915953978,44,soyabean,well-drained soil
17557,0.23773100905010616,0.17449124089587287,-0.6043429600973992,1.114202454544477,-0.036457799358352465,-0.1860925130683582,-1.4257478175884537,-0.8075154209057921,0.5180924878254604,-0.8515327854413526,-0.7922560431512874,-0.9881003377489622,44,soyabean,loamy soil
17573,0.23773100905010616,0.17449124089587287,-0.6043429600973992,1.114202454544477,-0.19033373889379193,-0.2767943137030897,-0.9139271903214149,-0.5773825733960212,0.24169906173042624,-0.2364495831963535,-1.1888695350922114,-1.2031076600152937,44,soyabean,loamy soil
17591,0.23773100905010616,0.17449124089587287,-0.6043429600973992,1.114202454544477,0.11741814017708838,-0.3391518016394676,0.7238988169331095,-0.945033829783582,0.2460177090131615,-0.8426613931012805,-1.352180972950239,-1.0719167515138033,44,soyabean,loamy soil
17611,0.23773100905010616,0.17449124089587287,-0.6043429600973992,1.114202454544477,-0.49808561796467227,-0.2144368257667118,0.7921415672353811,-1.1089333211807846,0.8635842704442528,-0.8811040932415929,-0.8330839026157945,-0.9516584187207704,44,soyabean,loamy soil
17673,0.23773100905010616,0.17449124089587287,-0.6043429600973992,1.114202454544477,-0.3442096784292314,-0.19176137560802886,0.8262629423865175,-0.8041476231373565,0.12077693781384902,-0.8574470470014007,-1.2063671891484287,-1.188530892404017,44,soyabean,loamy soil
17722,1.3844123213239463,0.17449124089587287,-0.09597647149880119,-0.8975029591088394,0.11741814017708838,-0.3221452140204556,-0.1461962494208567,-0.8381062506357493,0.7426621465276756,-0.15956418291572835,-1.1597067783318493,-0.8860629644700253,44,soyabean,well-drained soil
17739,0.23773100905010616,0.17449124089587287,-0.6043429600973992,1.114202454544477,-0.6519615575001118,-0.2163264466132686,0.4168064405728861,-1.1327885553738706,0.06463452313829537,-0.9077182702618092,-1.0780510594028356,-0.8969955401784827,44,soyabean,loamy soil
17752,1.3844123213239463,0.17449124089587287,-0.09597647149880119,-0.8975029591088394,-0.19033373889379193,-0.36182725179815056,0.7750808796598135,-1.1782538252477521,0.3669398329297387,-0.12112148277541598,-1.323018216189877,-0.7803813992882689,44,soyabean,well-drained soil
17795,0.23773100905010616,0.17449124089587287,-0.6043429600973992,1.114202454544477,0.4251700192479687,-0.20687834238048408,0.1097140642126627,-0.8364223517515318,0.06895317042103004,-0.10042156731524766,-1.0022278918258942,-1.1557331652786444,44,soyabean,loamy soil
17865,0.23773100905010616,0.17449124089587287,-0.6043429600973992,1.114202454544477,0.27129407971252784,-0.34482066417913854,-0.6750775642634631,-0.6104992514523055,-0.03037571708187265,-0.5025913533985166,-0.4889633728435223,-1.210396043820932,44,soyabean,loamy soil
17877,0.23773100905010616,0.17449124089587287,-0.6043429600973992,1.114202454544477,-0.3442096784292314,-0.2654565886237484,-0.1632569369964243,-0.8291254565865878,0.8679029177269875,-0.09155017497517565,-1.6438085405538594,-0.6528346826895977,44,soyabean,loamy soil
17898,1.3844123213239463,0.17449124089587287,-0.09597647149880119,-0.8975029591088394,-0.9597134365709921,-0.25600848439096385,-1.3916264424373173,-0.7620501510319106,0.37557712749520866,-0.9018040087017613,-1.4571668972875422,-1.0719167515138033,44,soyabean,well-drained soil
17910,1.3844123213239463,0.17449124089587287,-0.09597647149880119,-0.8975029591088394,0.4251700192479687,-0.2881320387824313,-1.3233836921350457,-0.7342658194423162,0.7426621465276756,-0.5646910997790211,-0.7514281836867808,-1.0573399839025266,44,soyabean,well-drained soil
17995,0.23773100905010616,0.17449124089587287,-0.6043429600973992,1.114202454544477,-0.49808561796467227,-0.2767943137030897,0.2973816275439105,-0.6158315979189952,0.3280720073851243,-0.2955921987968342,-0.5006284755476669,-0.9662351863320471,44,soyabean,loamy soil
17999,0.23773100905010616,0.17449124089587287,-0.6043429600973992,1.114202454544477,0.11741814017708838,-0.3202555931738985,0.48504919087515835,-1.099110577689514,0.626058669893833,-0.36952046829743507,-0.827251351263722,-0.882418772567206,44,soyabean,loamy soil
18049,0.8110716651870262,0.17449124089587287,-0.6043429600973992,1.114202454544477,0.27129407971252784,0.7171462515858439,1.2015980690490127,-0.9419466818291825,-0.2679013176322924,-0.25123523709647366,-0.4656331674352323,-0.015101099696241462,25,groundnut,sandy Loamy soil
18077,0.9066284412098462,0.17449124089587287,-0.6043429600973992,1.114202454544477,0.11741814017708838,0.652899142802909,1.8499041969205952,-0.7053588885965768,-0.2679013176322924,-0.056064605614887145,0.6017237299940186,-0.4852018551599157,25,groundnut,sandy clay Loamy soil 
18109,0.8110716651870262,0.17449124089587287,-0.6043429600973992,1.114202454544477,0.27129407971252784,0.7492698059773111,-1.9887505075821963,-0.6758906581227646,-0.2679013176322924,-0.9077182702618092,-0.11568008631088769,-0.05518721062725248,25,groundnut,sandy Loamy soil
18122,0.9066284412098462,0.17449124089587287,-0.09597647149880119,-0.8975029591088394,0.5790459587834081,0.6056586216389862,2.822363388727968,-1.063468051306903,-0.2679013176322924,-0.5410340535388289,-0.302321729577205,-0.1754455434202855,25,groundnut,sandy clay Loamy soil 
18147,1.3844123213239463,0.17449124089587287,-0.6043429600973992,1.114202454544477,-0.036457799358352465,0.6113274841786566,-2.2787821963668513,-0.7275302239054449,-0.2679013176322924,-0.360649075957363,0.035966248842994646,-0.36494352236688266,25,groundnut,well-drained soil
18172,0.8110716651870262,0.17449124089587287,-0.09597647149880119,-0.8975029591088394,0.4251700192479687,0.7341528392048556,-1.0845340660770946,-0.7631727502880559,-0.2679013176322924,-0.23053532163630536,-0.12734518901503267,-0.3175690276302334,25,groundnut,sandy Loamy soil
18178,0.8110716651870262,0.17449124089587287,-0.09597647149880119,-0.8975029591088394,0.4251700192479687,0.7076981473530594,0.7068381293575413,-0.6677518135157119,-0.2679013176322924,-0.7421189465804632,0.4209146380797738,-0.20459907864283886,25,groundnut,sandy Loamy soil
18207,1.3844123213239463,0.17449124089587287,-0.6043429600973992,1.114202454544477,0.27129407971252784,0.7643867727497665,-0.5044706885077835,-0.7019910908281409,-0.2679013176322924,-0.1743498368158485,-0.09818243225467063,-0.04425463491879505,25,groundnut,well-drained soil
18217,0.8110716651870262,0.17449124089587287,-0.6043429600973992,1.114202454544477,0.4251700192479687,0.7133670098927297,-0.09501418669415271,-0.6172348469891767,-0.2679013176322924,-0.48189143793834827,0.5608958705295116,-0.5653740770219374,25,groundnut,sandy Loamy soil
18229,0.8110716651870262,0.17449124089587287,-0.6043429600973992,1.114202454544477,0.11741814017708838,0.7152566307392866,-0.9139271903214149,-0.5263043072414137,-0.2679013176322924,-0.41683456077781944,-0.3664797944500016,-0.4852018551599157,25,groundnut,sandy Loamy soil
18238,0.8110716651870262,0.17449124089587287,-0.09597647149880119,-0.8975029591088394,0.11741814017708838,0.7133670098927297,-0.1291355618452885,-0.8990072602816278,-0.2679013176322924,-0.16252131369575262,-0.33148448633756705,0.010408243623492632,25,groundnut,sandy Loamy soil
18241,0.8110716651870262,0.17449124089587287,-0.6043429600973992,1.114202454544477,0.5790459587834081,0.7152566307392866,-0.5727134388100558,-0.8417546982182215,-0.2679013176322924,-0.056064605614887145,-0.3489821403937841,0.09058046548551466,25,groundnut,sandy Loamy soil
18268,0.8110716651870262,0.17449124089587287,-0.09597647149880119,-0.8975029591088394,-0.19033373889379193,0.7379320808979698,2.174057260856386,-0.821267261793571,-0.2679013176322924,-0.3813489914175309,-0.15650794577539473,0.0942246573883339,25,groundnut,sandy Loamy soil
18286,0.8110716651870262,0.17449124089587287,-0.09597647149880119,-0.8975029591088394,-0.19033373889379193,0.6699057304219211,2.2934820738853623,-1.076377942752573,-0.2679013176322924,-0.7125476387802229,0.6542166921626702,-0.24104099767103063,25,groundnut,sandy Loamy soil
18290,0.9066284412098462,0.17449124089587287,-0.09597647149880119,-0.8975029591088394,-0.036457799358352465,0.6566783844960226,1.7134186963160507,-0.6868360008701805,-0.2679013176322924,-0.7805616467207758,0.5550633191774396,-0.06611978633571017,25,groundnut,sandy clay Loamy soil 
18330,1.3844123213239463,0.17449124089587287,-0.09597647149880119,-0.8975029591088394,-0.036457799358352465,0.601879379945872,-1.9546291324310603,-0.9677664647205227,-0.2679013176322924,-0.8663184393414728,0.520068011065005,-0.5872392284388526,25,groundnut,well-drained soil
18338,0.9066284412098462,0.17449124089587287,-0.09597647149880119,-0.8975029591088394,0.5790459587834081,0.7284839766651853,0.7238988169331095,-1.017722131618985,-0.2679013176322924,-0.15364992135568062,0.5958911786419462,-0.1353594324892745,25,groundnut,sandy clay Loamy soil 
18357,1.3844123213239463,0.17449124089587287,-0.6043429600973992,1.114202454544477,0.11741814017708838,0.730373597511742,0.979809130566629,-0.5470723934801003,-0.2679013176322924,-0.5114627457385886,0.28676595698210855,-0.2847713005048609,25,groundnut,well-drained soil
18427,0.8110716651870262,0.17449124089587287,-0.6043429600973992,1.114202454544477,0.4251700192479687,0.6982500431202748,2.0034503851007064,-1.0171608319909127,-0.2679013176322924,-0.21574966773618517,0.08845921101164668,-0.49977862277119234,25,groundnut,sandy Loamy soil
18429,1.3844123213239463,0.17449124089587287,-0.6043429600973992,1.114202454544477,0.11741814017708838,0.711477389046173,-2.091114633035604,-0.969731013418777,-0.2679013176322924,-0.11816435199539212,0.22844044346138445,0.010408243623492632,25,groundnut,well-drained soil
18443,0.9066284412098462,0.17449124089587287,-0.6043429600973992,1.114202454544477,0.4251700192479687,0.7039189056599452,0.1950175020905025,-0.5678404797187869,-0.2679013176322924,-0.3310777681571227,0.22260789210931195,-0.1353594324892745,25,groundnut,sandy clay Loamy soil 
18504,1.3844123213239463,0.17449124089587287,-0.09597647149880119,-0.8975029591088394,-0.036457799358352465,0.6396717968770103,-0.5556527512344875,-0.5526853897608264,-0.2679013176322924,-0.06789312873498345,0.5492307678253671,-0.2301084219625732,25,groundnut,well-drained soil
18526,0.8110716651870262,0.17449124089587287,-0.09597647149880119,-0.8975029591088394,0.4251700192479687,0.601879379945872,2.8735454514546728,-0.613867049220741,-0.2679013176322924,-0.6445336308396702,0.1934451353489499,-0.08069655394698683,25,groundnut,sandy Loamy soil
18544,0.8110716651870262,0.17449124089587287,-0.09597647149880119,-0.8975029591088394,0.5790459587834081,0.632113313490783,2.1911179484319545,-0.6135863994067046,-0.2679013176322924,-0.709590508000199,0.36842167591112224,-0.2592619571851265,25,groundnut,sandy Loamy soil
18564,1.3844123213239463,0.17449124089587287,-0.09597647149880119,-0.8975029591088394,-0.036457799358352465,0.7624971519032092,2.6517565129722884,-0.6020797570312163,-0.2679013176322924,-0.41683456077781944,0.15261727588444285,-0.47426927945145797,25,groundnut,well-drained soil
18588,1.3844123213239463,0.17449124089587287,-0.09597647149880119,-0.8975029591088394,0.11741814017708838,0.7473801851307543,-0.6750775642634631,-0.9012524587939181,-0.2679013176322924,-0.42866308389791574,0.6658817948668152,0.03227339504040776,25,groundnut,well-drained soil
18606,1.3844123213239463,0.17449124089587287,-0.09597647149880119,-0.8975029591088394,-0.19033373889379193,0.6623472470356935,-0.3850458754788079,-0.8942362134430105,-0.2679013176322924,-0.5292055304187329,0.39758443267148424,-0.00416852398778403,25,groundnut,well-drained soil
18611,0.9066284412098462,0.17449124089587287,-0.6043429600973992,1.114202454544477,0.4251700192479687,0.6585680053425793,2.05463244782741,-1.0112671858961502,-0.2679013176322924,-0.7657759928206557,-0.43647041067487025,-0.4013854413950744,25,groundnut,sandy clay Loamy soil 
18625,0.8110716651870262,0.17449124089587287,-0.6043429600973992,1.114202454544477,-0.036457799358352465,0.6226652092579985,-0.6921382518390313,-0.7536306566108215,-0.2679013176322924,-0.7628188620406315,-0.25566131876062587,-0.5362205417993842,25,groundnut,sandy Loamy soil
18629,0.9066284412098462,0.17449124089587287,-0.6043429600973992,1.114202454544477,0.27129407971252784,0.6491199011097948,-1.4257478175884537,-1.0042509405452424,-0.2679013176322924,-0.6918477233200547,0.4325797407839188,0.024985011234769292,25,groundnut,sandy clay Loamy soil 
18642,1.3844123213239463,0.17449124089587287,-0.09597647149880119,-0.8975029591088394,-0.036457799358352465,0.5999897590993153,-1.6475367560708372,-1.0836748379175172,-0.2679013176322924,-0.7894330390608478,-0.08651732955052564,0.06871531406859954,25,groundnut,well-drained soil
18669,1.3844123213239463,0.17449124089587287,-0.6043429600973992,1.114202454544477,0.27129407971252784,0.7662763935963234,-1.715779506373109,-0.621163944385685,-0.2679013176322924,-0.7480332081405113,0.07096155695542919,-0.3795202899781593,25,groundnut,well-drained soil
18674,0.9066284412098462,0.17449124089587287,-0.09597647149880119,-0.8975029591088394,0.11741814017708838,0.7209254932789575,-0.7433203145657353,-0.7379142670247884,-0.2679013176322924,-0.04719321327481513,-0.302321729577205,-0.1790897353231045,25,groundnut,sandy clay Loamy soil 
18694,0.8110716651870262,0.17449124089587287,-0.09597647149880119,-0.8975029591088394,0.4251700192479687,0.7171462515858439,3.5730336420529594,-1.0202479799453121,-0.2679013176322924,-0.5617339689989973,-0.19150325388782927,-0.4524041280345429,25,groundnut,sandy Loamy soil
18817,0.8110716651870262,0.17449124089587287,-0.6043429600973992,1.114202454544477,0.4251700192479687,0.6207755884114412,0.5191705660262941,-0.883571520509631,-0.2679013176322924,-0.5144198765186127,0.46174249754428087,-0.4852018551599157,25,groundnut,sandy Loamy soil
18927,1.3844123213239463,0.17449124089587287,-0.6043429600973992,1.114202454544477,0.11741814017708838,0.5905416548665308,2.0034503851007064,-0.9801150565381201,-0.2679013176322924,-0.3872632529775791,0.6250539354023081,-0.2993480681161375,25,groundnut,well-drained soil
18932,0.9066284412098462,0.17449124089587287,-0.09597647149880119,-0.8975029591088394,-0.036457799358352465,0.7152566307392866,-1.681658131221973,-1.0850780869876986,-0.2679013176322924,-0.884061224021617,-0.05152202143809151,-0.19731069483720037,25,groundnut,sandy clay Loamy soil 
18950,0.9066284412098462,0.17449124089587287,-0.09597647149880119,-0.8975029591088394,-0.036457799358352465,0.7133670098927297,0.041471313910391105,-0.7906764320636137,-0.2679013176322924,-0.36952046829743507,0.50840290836086,-0.03696625111315659,25,groundnut,sandy clay Loamy soil 
18994,0.8110716651870262,0.17449124089587287,-0.09597647149880119,-0.8975029591088394,0.11741814017708838,0.7076981473530594,2.600574450245585,-0.9018137584219909,-0.2679013176322924,-0.17139270603582465,0.6717143462188877,-0.28112710860204165,25,groundnut,sandy Loamy soil
18998,0.9066284412098462,0.17449124089587287,-0.09597647149880119,-0.8975029591088394,0.4251700192479687,0.7606075310566525,1.2527801317757166,-0.75222740754064,-0.2679013176322924,-0.7273332926803431,-0.1740055998316118,-0.41596220900635106,25,groundnut,sandy clay Loamy soil 
19045,1.1932987692783061,0.17449124089587287,-0.6043429600973992,1.114202454544477,0.27129407971252784,-0.458197914972553,-0.7091989394145989,-1.196496063160112,0.5785535497837486,-0.9668608858622899,-0.9205721728968805,-0.6346137231755018,47,sunflower,silty Loamy soil
19092,-1.100063855269374,0.17449124089587287,-0.09597647149880119,-0.8975029591088394,1.5023015959960477,-0.2767943137030897,-0.5897741263856233,-1.2223158460514523,0.531048429673665,-0.9579894935222178,-0.6756050161098391,-0.7439394802600772,47,sunflower,Loamy soil
19120,-1.100063855269374,0.17449124089587287,-0.09597647149880119,-0.8975029591088394,0.27129407971252784,-0.3145867306342279,-0.6750775642634631,-1.1111785196930752,0.7815299720722894,-0.7450760773604873,-0.6406097079974047,-0.6892766017177895,47,sunflower,Loamy soil
19137,1.1932987692783061,0.17449124089587287,-0.6043429600973992,1.114202454544477,1.6561775355314885,-0.3807234602637196,-0.4874100009322159,-1.2217545464233797,0.721068910114001,-0.18322122915592096,-1.3171856648378044,-1.1703099328899211,47,sunflower,silty Loamy soil
19150,-0.4311664231096339,0.17449124089587287,-0.09597647149880119,-0.8975029591088394,0.7329218983188477,-0.3334829390997969,-0.09501418669415271,-1.129420757605435,0.794485913920494,-1.0851461170632513,-0.6231120539411876,-0.8532652373446525,47,sunflower,clay Loamy soil
19158,-0.4311664231096339,0.17449124089587287,-0.09597647149880119,-0.8975029591088394,0.4251700192479687,-0.3202555931738985,-0.3338638127521039,-1.214738301072472,0.5569603133700741,-0.22166392929623333,-1.4571668972875422,-1.1994634681124745,47,sunflower,clay Loamy soil
19179,0.7155148891642061,0.17449124089587287,-0.6043429600973992,1.114202454544477,1.6561775355314885,-0.30324900555488654,-0.7603810021413029,-1.2049155575812012,0.479224662280846,-0.35769194517733877,-0.6114469512370426,-1.1630215490842828,47,sunflower,salty clay Loamy soil
19194,-0.4311664231096339,0.17449124089587287,-0.09597647149880119,-0.8975029591088394,0.4251700192479687,-0.2824631762427604,0.0073499387592553065,-1.4496421954208598,0.8203977976169037,-0.23053532163630536,-1.3405158702460942,-1.0026771053602388,47,sunflower,clay Loamy soil
19219,0.7155148891642061,0.17449124089587287,-0.6043429600973992,1.114202454544477,1.8100534750669282,-0.40528853126895936,-0.4874100009322159,-1.3848120883784734,0.9801877470780953,-1.0969746401833473,-0.8330839026157945,-0.8714861968587484,47,sunflower,salty clay Loamy soil
19259,0.7155148891642061,0.17449124089587287,-0.6043429600973992,1.114202454544477,-0.19033373889379193,-0.335372559946354,-0.7603810021413029,-1.2812523069990764,0.522411135108195,-0.3931775145376272,-1.4338366918792524,-1.1047144786391758,47,sunflower,salty clay Loamy soil
19271,0.7155148891642061,0.17449124089587287,-0.6043429600973992,1.114202454544477,0.27129407971252784,-0.3807234602637196,-0.5215313760833518,-1.4681650831472564,0.4749060149981113,-0.5203341380786606,-0.926404724248953,-0.8787745806643869,47,sunflower,salty clay Loamy soil
19295,0.7155148891642061,0.17449124089587287,-0.6043429600973992,1.114202454544477,0.5790459587834081,-0.3070282472480004,-0.5727134388100558,-1.2921976497464924,1.088153929146468,-0.04127895171476697,-0.5822841944766806,-0.7330069045516197,47,sunflower,salty clay Loamy soil
19299,0.7155148891642061,0.17449124089587287,-0.6043429600973992,1.114202454544477,0.8867978378542885,-0.35615838925847987,-0.3338638127521039,-1.1302627070475437,0.6908383791348566,-0.12999287511548802,-1.4629994486396145,-1.1192912462504527,47,sunflower,salty clay Loamy soil
19378,-0.4311664231096339,0.17449124089587287,-0.09597647149880119,-0.8975029591088394,1.5023015959960477,-0.42040549804141486,-0.09501418669415271,-1.1493468944020127,0.40148901119161784,-0.20983540617613702,-1.0605534053466183,-1.2213286195293895,47,sunflower,clay Loamy soil
19386,-0.4311664231096339,0.17449124089587287,-0.09597647149880119,-0.8975029591088394,1.0406737773897279,-0.271125451163419,-0.29974243760096814,-1.207441405907528,0.6865197318521213,-0.9106754010418333,-0.9322372756010252,-1.1994634681124745,47,sunflower,clay Loamy soil
19418,-0.4311664231096339,0.17449124089587287,-0.09597647149880119,-0.8975029591088394,1.8100534750669282,-0.30324900555488654,-0.1461962494208567,-1.2057575070233102,0.7642553829413501,-0.8278757392011604,-1.4046739351188906,-1.1739541247927403,47,sunflower,clay Loamy soil
19488,-1.100063855269374,0.17449124089587287,-0.09597647149880119,-0.8975029591088394,0.5790459587834081,-0.36371687264470765,-0.45328862578107953,-1.478268476452563,1.0838352818637327,-0.1654784444757765,-0.8214187999116495,-0.6163927636614059,47,sunflower,Loamy soil
19546,-0.4311664231096339,0.17449124089587287,-0.09597647149880119,-0.8975029591088394,0.27129407971252784,-0.40528853126895936,-0.1461962494208567,-1.2658165672270796,0.889496154140662,-0.2334924524163292,-0.926404724248953,-0.9188606915953978,47,sunflower,clay Loamy soil
19557,1.1932987692783061,0.17449124089587287,-0.6043429600973992,1.114202454544477,1.1945497169251689,-0.3901715644965042,-0.0608928115430169,-1.188076568739023,1.1356590492565517,-0.13295000589551229,-1.1013812648111252,-0.6419021069811403,47,sunflower,silty Loamy soil
19561,1.1932987692783061,0.17449124089587287,-0.6043429600973992,1.114202454544477,0.27129407971252784,-0.4317432231207562,-0.45328862578107953,-1.3971606801960708,0.6131027280456284,-0.5144198765186127,-0.8505815566720115,-1.0391190243884307,47,sunflower,silty Loamy soil
19563,0.7155148891642061,0.17449124089587287,-0.6043429600973992,1.114202454544477,1.1945497169251689,-0.45630829412599594,-0.40210656305437614,-1.3314886237115753,0.5958281389146886,-0.41683456077781944,-1.6204783351455698,-0.944370034915132,47,sunflower,salty clay Loamy soil
19569,1.1932987692783061,0.17449124089587287,-0.6043429600973992,1.114202454544477,0.11741814017708838,-0.40339891042240256,-0.3679851879032397,-1.1400854505388145,0.5958281389146886,-0.8071758237409921,-1.381343729710601,-0.9881003377489622,47,sunflower,silty Loamy soil
19581,1.1932987692783061,0.17449124089587287,-0.6043429600973992,1.114202454544477,2.1178053541378086,-0.34859990587225215,-0.18031762457199252,-1.2220351962374159,0.6951570264175913,-0.7894330390608478,-1.4455017945833974,-1.0536957919997074,47,sunflower,silty Loamy soil
19610,-0.4311664231096339,0.17449124089587287,-0.09597647149880119,-0.8975029591088394,-0.19033373889379193,-0.4393017065069839,-0.5556527512344875,-1.37442804525913,1.1183844601256119,-0.09155017497517565,-0.49479592419559437,-1.3197218009055074,47,sunflower,clay Loamy soil
19619,0.7155148891642061,0.17449124089587287,-0.6043429600973992,1.114202454544477,0.11741814017708838,-0.3769442185706058,-0.026771436391880492,-1.5043689091579395,1.1227031074083471,-0.9077182702618092,-1.2588601513170803,-0.9079281158869403,47,sunflower,salty clay Loamy soil
19676,-1.100063855269374,0.17449124089587287,-0.09597647149880119,-0.8975029591088394,2.1178053541378086,-0.35048952671880923,-0.2144389997231283,-1.4490808957927874,0.427400894888027,-0.5114627457385886,-0.5881167458287531,-0.7184301369403431,47,sunflower,Loamy soil
19716,-1.100063855269374,0.17449124089587287,-0.09597647149880119,-0.8975029591088394,0.4251700192479687,-0.34859990587225215,-0.6238955015367591,-1.4437485493260975,0.4619500731499067,-0.40796316843774744,-0.856414108024084,-0.7803813992882689,47,sunflower,Loamy soil
19727,0.7155148891642061,0.17449124089587287,-0.6043429600973992,1.114202454544477,-0.036457799358352465,-0.30324900555488654,-0.7774416897168711,-1.2206319471672344,0.6649264954384467,-0.33403489893714655,-1.5796504756810628,-1.0609841758053458,47,sunflower,salty clay Loamy soil
19741,1.1932987692783061,0.17449124089587287,-0.6043429600973992,1.114202454544477,1.6561775355314885,-0.30513862640144335,-0.5044706885077835,-1.2913557003043834,1.1399776965392863,-0.49076283027842027,-1.4804971026958318,-1.0828493272222608,47,sunflower,silty Loamy soil
19758,-0.4311664231096339,0.17449124089587287,-0.09597647149880119,-0.8975029591088394,0.4251700192479687,-0.335372559946354,-0.1291355618452885,-1.24224198284803,1.010418278057239,-0.4138774299977956,-1.5913155783852078,-1.1557331652786444,47,sunflower,clay Loamy soil
19759,0.7155148891642061,0.17449124089587287,-0.6043429600973992,1.114202454544477,-0.036457799358352465,-0.3712753560309351,-0.2144389997231283,-1.1493468944020127,0.6951570264175913,-0.3310777681571227,-0.7514281836867808,-1.2213286195293895,47,sunflower,salty clay Loamy soil
19773,1.1932987692783061,0.17449124089587287,-0.6043429600973992,1.114202454544477,0.11741814017708838,-0.36182725179815056,-0.29974243760096814,-1.4457130980243518,0.98450639436083,-1.1147174248634917,-1.0080604431779667,-0.8751303887615676,47,sunflower,silty Loamy soil
19791,0.7155148891642061,0.17449124089587287,-0.6043429600973992,1.114202454544477,1.6561775355314885,-0.3410414224860247,-0.45328862578107953,-1.4824782236631078,1.070879340015528,-0.6711478078598865,-1.183036983740139,-1.2832798818773157,47,sunflower,salty clay Loamy soil
19808,-1.100063855269374,0.17449124089587287,-0.09597647149880119,-0.8975029591088394,1.963929414602369,-0.3712753560309351,-0.18031762457199252,-1.3264369270589218,0.8722215650097227,-1.049660547702963,-1.1363765729235598,-1.0573399839025266,47,sunflower,Loamy soil
19837,1.1932987692783061,0.17449124089587287,-0.6043429600973992,1.114202454544477,1.6561775355314885,-0.293800901322102,-0.29974243760096814,-1.2486969285708651,0.677882437286652,-0.5942624075792615,-0.7164328755743462,-1.0828493272222608,47,sunflower,silty Loamy soil
19890,-0.4311664231096339,0.17449124089587287,-0.09597647149880119,-0.8975029591088394,-0.036457799358352465,-0.3391518016394676,-0.5556527512344875,-1.4715328809156918,0.48786195684631595,-0.42570595311789144,-0.5881167458287531,-0.7366510964544389,47,sunflower,clay Loamy soil
19906,-0.4311664231096339,0.17449124089587287,-0.09597647149880119,-0.8975029591088394,1.3484256564606083,-0.2824631762427604,-0.6409561891123273,-1.3272788765010306,0.7685740302240848,-0.978689408982386,-0.926404724248953,-1.1994634681124745,47,sunflower,clay Loamy soil
19973,1.1932987692783061,0.17449124089587287,-0.6043429600973992,1.114202454544477,1.8100534750669282,-0.4279639814276423,-0.4362279382055119,-1.390986384287272,0.4446754840189669,-0.4848485687183721,-1.183036983740139,-0.6710556422036936,47,sunflower,silty Loamy soil
19989,1.1932987692783061,0.17449124089587287,-0.6043429600973992,1.114202454544477,0.5790459587834081,-0.3769442185706058,-0.09501418669415271,-1.2921976497464924,1.00178098349177,-1.2123027406042848,-0.7689258377429978,-1.144800589570187,47,sunflower,silty Loamy soil
19993,1.1932987692783061,0.17449124089587287,-0.6043429600973992,1.114202454544477,2.1178053541378086,-0.293800901322102,-0.23149968729869652,-1.3006171441675816,0.5051365459772558,-1.0526176784829868,-0.62894460529326,-1.1156470543476333,47,sunflower,silty Loamy soil
20029,1.1932987692783061,0.17449124089587287,-0.6043429600973992,1.114202454544477,1.963929414602369,-0.42040549804141486,0.6727167542064055,-1.3733054460029848,0.4749060149981113,-1.5464585187470006,-1.381343729710601,-1.188530892404017,23,gingely,silty Loamy soil
20042,-0.4311664231096339,0.17449124089587287,-0.09597647149880119,-0.8975029591088394,-1.5752171947127527,-0.4185158771948578,1.5428118205603711,-1.3878992363328726,0.8506283285960482,-1.5937726112273853,-0.5414563350121739,-0.6819882179121513,23,gingely,clay Loamy soil
20094,-0.4311664231096339,0.17449124089587287,-0.09597647149880119,-0.8975029591088394,-0.036457799358352465,-0.4015092895758458,1.0309911932933329,-1.5049302087860121,0.8635842704442528,-1.244831179184549,-0.827251351263722,-0.9735235701376855,23,gingely,clay Loamy soil
20095,0.7155148891642061,0.17449124089587287,-0.6043429600973992,1.114202454544477,-1.2674653156418723,-0.3901715644965042,0.7750808796598135,-1.382566889866183,0.4317195421707623,-1.2951024024449578,-1.439669243231325,-0.9370816511094937,23,gingely,salty clay Loamy soil
20121,1.1932987692783061,0.17449124089587287,-0.6043429600973992,1.114202454544477,-0.9597134365709921,-0.3845027019568335,1.2869015069268517,-1.4917396675263057,0.522411135108195,-1.7002293193082505,-0.9497349296572426,-0.6455462988839594,23,gingely,silty Loamy soil
20140,-1.100063855269374,0.17449124089587287,-0.09597647149880119,-0.8975029591088394,-0.49808561796467227,-0.433632843967313,0.3485636902706145,-1.4541325924454411,0.9197266851198064,-1.3749449335056068,-1.4338366918792524,-0.7330069045516197,23,gingely,Loamy soil
20161,1.1932987692783061,0.17449124089587287,-0.6043429600973992,1.114202454544477,-1.729093134248192,-0.45441867327943913,1.4745690702580996,-1.4019317270346878,0.4533127785844368,-1.2507454407445973,-1.4221715891751077,-1.1411563976673678,23,gingely,silty Loamy soil
20270,-0.4311664231096339,0.17449124089587287,-0.09597647149880119,-0.8975029591088394,0.11741814017708838,-0.3674961143378212,1.082173256020037,-1.430277358252355,0.6476519063075076,-1.2625739638646933,-0.868079210728229,-0.9225048834982169,23,gingely,clay Loamy soil
20284,-1.100063855269374,0.17449124089587287,-0.09597647149880119,-0.8975029591088394,-0.3442096784292314,-0.4260743605810855,1.5598725081359395,-1.4914590177122695,0.98450639436083,-1.2714453562047656,-0.6872701188139841,-1.064628367708165,23,gingely,Loamy soil
20331,0.7155148891642061,0.17449124089587287,-0.6043429600973992,1.114202454544477,-0.6519615575001118,-0.42040549804141486,0.3997457529973185,-1.4631133864946027,1.1011098709946725,-1.649958096047842,-1.0197255458821115,-0.7220743288431622,23,gingely,salty clay Loamy soil
20338,-0.4311664231096339,0.17449124089587287,-0.09597647149880119,-0.8975029591088394,0.8867978378542885,-0.37316497687749217,1.0992339435956047,-1.4813556244069626,0.6649264954384467,-1.31875944868515,-1.1947020864442839,-0.9480142268179512,23,gingely,clay Loamy soil
20339,0.7155148891642061,0.17449124089587287,-0.6043429600973992,1.114202454544477,-0.8058374970355525,-0.4279639814276423,0.3997457529973185,-1.4218578638312658,0.48786195684631595,-1.6203867882476015,-0.5239586809559564,-0.904283923984121,23,gingely,salty clay Loamy soil
20349,1.1932987692783061,0.17449124089587287,-0.6043429600973992,1.114202454544477,1.1945497169251689,-0.3882819436499474,1.4916297578336677,-1.4749006786841272,0.7383434992449402,-1.5582870418670967,-1.3113531134857321,-1.1557331652786444,23,gingely,silty Loamy soil
20353,1.1932987692783061,0.17449124089587287,-0.6043429600973992,1.114202454544477,1.1945497169251689,-0.41662625634830097,1.6622366335893475,-1.4746200288700912,0.9197266851198064,-1.3069309255650539,-1.0488883026424736,-0.900639732081302,23,gingely,silty Loamy soil
20354,-0.4311664231096339,0.17449124089587287,-0.09597647149880119,-0.8975029591088394,-0.9597134365709921,-0.4015092895758458,1.6792973211649156,-1.4097899218277046,0.3798957747779433,-1.7830289811489235,-0.8797443134323736,-0.842332661636195,23,gingely,clay Loamy soil
20402,-0.4311664231096339,0.17449124089587287,-0.09597647149880119,-0.8975029591088394,1.963929414602369,-0.3712753560309351,0.1438354393637991,-1.4830395232911804,0.9629131579471555,-1.6233439190276255,-1.1947020864442839,-0.7038533693290664,23,gingely,clay Loamy soil
20446,-0.4311664231096339,0.17449124089587287,-0.09597647149880119,-0.8975029591088394,0.27129407971252784,-0.4430809482000975,0.6215346914797015,-1.4951074652947414,1.1097471655601425,-1.7238863655484427,-0.9030745188406631,-0.8969955401784827,23,gingely,clay Loamy soil
20460,-1.100063855269374,0.17449124089587287,-0.09597647149880119,-0.8975029591088394,1.3484256564606083,-0.37316497687749217,0.979809130566629,-1.395476781311853,0.7037943209830612,-1.658829488387914,-1.381343729710601,-1.0391190243884307,23,gingely,Loamy soil
20480,-1.100063855269374,0.17449124089587287,-0.09597647149880119,-0.8975029591088394,1.963929414602369,-0.3996196687292887,1.611054570862644,-1.433925805834827,0.5353670769563996,-1.5464585187470006,-0.7514281836867808,-1.1593773571814636,23,gingely,Loamy soil
20487,0.7155148891642061,0.17449124089587287,-0.6043429600973992,1.114202454544477,0.11741814017708838,-0.4185158771948578,0.31444231511947873,-1.502123710645649,0.96723180522989,-1.3897305874057269,-1.1072138161631977,-1.2614147304604006,23,gingely,salty clay Loamy soil
20490,-0.4311664231096339,0.17449124089587287,-0.09597647149880119,-0.8975029591088394,-0.49808561796467227,-0.3920611853430612,1.0309911932933329,-1.4069834236873415,0.9758690997953601,-1.6972721885282265,-1.0372231999383288,-1.0063212972630582,23,gingely,clay Loamy soil
20535,0.7155148891642061,0.17449124089587287,-0.6043429600973992,1.114202454544477,-1.1135893761064315,-0.4015092895758458,1.0480518808689006,-1.4563777909577313,0.8203977976169037,-1.4636588569063278,-1.5213249621603386,-1.0281864486799732,23,gingely,salty clay Loamy soil
20538,-0.4311664231096339,0.17449124089587287,-0.09597647149880119,-0.8975029591088394,0.7329218983188477,-0.4279639814276423,0.55329194117743,-1.4695683322174378,1.1918014639321053,-1.3601592796054867,-0.9089070701927356,-1.1192912462504527,23,gingely,clay Loamy soil
20560,-1.100063855269374,0.17449124089587287,-0.09597647149880119,-0.8975029591088394,-0.19033373889379193,-0.4411913273535407,0.8945056926887891,-1.4796717255227447,1.1874828166493707,-1.3660735411655345,-0.9672325837134597,-0.7366510964544389,23,gingely,Loamy soil
20569,1.1932987692783061,0.17449124089587287,-0.6043429600973992,1.114202454544477,0.27129407971252784,-0.39395080618961803,1.2015980690490127,-1.469848982031474,0.98450639436083,-1.6292581805876736,-0.6347771566453325,-0.8641978130531102,23,gingely,silty Loamy soil
20611,0.7155148891642061,0.17449124089587287,-0.6043429600973992,1.114202454544477,1.0406737773897279,-0.40906777296207325,0.21207818966607073,-1.442625950069952,0.6908383791348566,-1.4754873800264239,-1.095548713459053,-0.7147859450375238,23,gingely,salty clay Loamy soil
20621,1.1932987692783061,0.17449124089587287,-0.6043429600973992,1.114202454544477,0.4251700192479687,-0.4449705690466546,0.07559268906152691,-1.485565371617507,1.0233742199054443,-1.48731590314652,-1.3346833188940217,-0.7803813992882689,23,gingely,silty Loamy soil
20681,1.1932987692783061,0.17449124089587287,-0.6043429600973992,1.114202454544477,0.8867978378542885,-0.4298536022741994,0.9627484429910608,-1.4266289106698828,0.38421442206067796,-1.2625739638646933,-1.2413624972608632,-1.0063212972630582,23,gingely,silty Loamy soil
20699,0.7155148891642061,0.17449124089587287,-0.6043429600973992,1.114202454544477,-0.3442096784292314,-0.37316497687749217,0.5362312536018617,-1.463674686122675,0.41012630575708775,-1.7120578424283466,-0.6056143998849705,-1.3197218009055074,23,gingely,salty clay Loamy soil
20703,0.7155148891642061,0.17449124089587287,-0.6043429600973992,1.114202454544477,-0.8058374970355525,-0.4015092895758458,1.3892656323802597,-1.5077367069263752,0.39717036390888316,-1.4340875491060874,-1.59714812973728,-1.2067518519181129,23,gingely,salty clay Loamy soil
20704,-1.100063855269374,0.17449124089587287,-0.09597647149880119,-0.8975029591088394,0.11741814017708838,-0.45252905243288205,1.6622366335893475,-1.4662005344490021,0.41444495303982243,-1.5109729493867121,-1.4221715891751077,-1.0063212972630582,23,gingely,Loamy soil
20727,0.7155148891642061,0.17449124089587287,-0.6043429600973992,1.114202454544477,0.27129407971252784,-0.3788338394171628,1.5257511329848041,-1.4078253731294503,0.6131027280456284,-1.3276308410252222,-0.9380698269530977,-1.08649351912508,23,gingely,salty clay Loamy soil
20737,1.1932987692783061,0.17449124089587287,-0.6043429600973992,1.114202454544477,-0.036457799358352465,-0.3826130811102767,1.2869015069268517,-1.3839701389363643,0.4446754840189669,-1.2921452716649338,-0.5297912323080289,-1.0172538729715157,23,gingely,silty Loamy soil
20744,-1.100063855269374,0.17449124089587287,-0.09597647149880119,-0.8975029591088394,-1.1135893761064315,-0.45063943158632525,0.9115663802643573,-1.4979139634351044,0.7426621465276756,-1.5375871264069287,-1.398841383766818,-0.8058907426080033,23,gingely,Loamy soil
20749,1.1932987692783061,0.17449124089587287,-0.6043429600973992,1.114202454544477,1.963929414602369,-0.45063943158632525,0.9968698181421971,-1.5007204615754677,0.5785535497837486,-1.2862310101048857,-1.2471950486129355,-1.272347306168858,23,gingely,silty Loamy soil
20892,-1.100063855269374,0.17449124089587287,-0.09597647149880119,-0.8975029591088394,-0.6519615575001118,-0.3977300478827319,0.9968698181421971,-1.5068947574842664,0.6433332590247722,-1.4045162413058472,-1.083883610754908,-0.6346137231755018,23,gingely,Loamy soil
20895,0.7155148891642061,0.17449124089587287,-0.6043429600973992,1.114202454544477,1.8100534750669282,-0.4374120856604269,0.12677475178823092,-1.4179287664347573,0.49649925141178586,-1.658829488387914,-0.558953989068391,-0.7913139749967266,23,gingely,salty clay Loamy soil
20909,1.1932987692783061,0.17449124089587287,-0.6043429600973992,1.114202454544477,1.963929414602369,-0.3769442185706058,1.611054570862644,-1.4465550474664606,0.5699162552182794,-1.2596168330846693,-1.5154924108082664,-1.2942124575857732,23,gingely,silty Loamy soil
20913,1.1932987692783061,0.17449124089587287,-0.6043429600973992,1.114202454544477,1.1945497169251689,-0.45063943158632525,0.5191705660262941,-1.4734974296139458,0.8938148014233972,-1.570115564987193,-1.0080604431779667,-0.6091043798557677,23,gingely,silty Loamy soil
20987,0.7155148891642061,0.17449124089587287,-0.6043429600973992,1.114202454544477,1.963929414602369,-0.4393017065069839,0.8092022548109493,-1.4979139634351044,0.6087840807628931,-1.5257586032868324,-0.5472888863642464,-0.7074975612318853,23,gingely,salty clay Loamy soil
21019,0.7155148891642061,0.17449124089587287,-0.6043429600973992,1.114202454544477,1.8100534750669282,0.4374823662954213,-0.0608928115430169,-1.0870426356859528,0.4619500731499067,-0.3369920297171704,-1.5096598594561939,-0.6746998341065128,13,castor,salty clay Loamy soil
21057,1.1932987692783061,0.17449124089587287,-0.6043429600973992,1.114202454544477,0.8867978378542885,0.6207755884114412,0.1438354393637991,-1.0870426356859528,0.8506283285960482,-1.0762747247231792,-1.5271575135124111,-1.210396043820932,13,castor,silty Loamy soil
21081,1.1932987692783061,0.17449124089587287,-0.6043429600973992,1.114202454544477,-0.8058374970355525,0.770055635289437,-0.1632569369964243,-1.0870426356859528,0.6346959644593029,-0.8722327009015209,-0.7455956323347083,-0.6127485717585869,13,castor,silty Loamy soil
21132,-1.100063855269374,0.17449124089587287,-0.09597647149880119,-0.8975029591088394,1.8100534750669282,0.5451907545491649,-0.45328862578107953,-1.0870426356859528,1.1788455220839007,-0.2482781063164494,-1.5738179243289905,-0.860553621150291,13,castor,Loamy soil
21183,0.7155148891642061,0.17449124089587287,-0.6043429600973992,1.114202454544477,1.5023015959960477,0.20316938132236467,0.17795681451493492,-1.0870426356859528,1.1702082275184307,-0.192092621495993,-1.2763578053732976,-0.842332661636195,13,castor,salty clay Loamy soil
21186,-0.4311664231096339,0.17449124089587287,-0.09597647149880119,-0.8975029591088394,-1.421341255177312,0.6774642138081484,-0.009710748816312897,-1.0870426356859528,0.6303773171765676,-0.8722327009015209,-1.4863296540479043,-0.6419021069811403,13,castor,clay Loamy soil
21198,-0.4311664231096339,0.17449124089587287,-0.09597647149880119,-0.8975029591088394,-2.3445968923899527,0.3070985278829946,-0.40210656305437614,-1.0870426356859528,0.7556180883758802,-0.35473481439731486,-1.5446551675686284,-1.1338680138617294,13,castor,clay Loamy soil
21205,1.1932987692783061,0.17449124089587287,-0.6043429600973992,1.114202454544477,-2.3445968923899527,0.3902418451314986,-0.2485603748742641,-1.0870426356859528,0.6131027280456284,-0.2127925369561613,-0.7689258377429978,-1.064628367708165,13,castor,silty Loamy soil
21216,-1.100063855269374,0.17449124089587287,-0.09597647149880119,-0.8975029591088394,2.1178053541378086,0.7795037395222215,-0.0608928115430169,-1.0870426356859528,0.6994756737003265,-0.6060909306993578,-0.7689258377429978,-1.13022382195891,13,castor,Loamy soil
21366,-0.4311664231096339,0.17449124089587287,-0.09597647149880119,-0.8975029591088394,-0.9597134365709921,0.8059584313740183,-0.11207487426972029,-1.0870426356859528,0.7815299720722894,-0.2748922833366659,-1.3930088324147458,-0.8969955401784827,13,castor,clay Loamy soil
21386,-0.4311664231096339,0.17449124089587287,-0.09597647149880119,-0.8975029591088394,-1.421341255177312,0.4998398542317995,-0.3168031251765363,-1.0870426356859528,0.5699162552182794,-1.2152598713843088,-1.5096598594561939,-0.8095349345108225,13,castor,clay Loamy soil
21399,0.7155148891642061,0.17449124089587287,-0.6043429600973992,1.114202454544477,-0.49808561796467227,0.6472302802632379,-0.18031762457199252,-1.0870426356859528,0.49218060412905057,-0.10042156731524766,-1.5796504756810628,-0.8897071563728443,13,castor,salty clay Loamy soil
21414,-0.4311664231096339,0.17449124089587287,-0.09597647149880119,-0.8975029591088394,-2.190720952854512,0.754938668516982,0.024410626334822903,-1.0870426356859528,1.2177133476285151,-0.6415765000596461,-0.6814375674619116,-1.046407408194069,13,castor,clay Loamy soil
21419,0.7155148891642061,0.17449124089587287,-0.6043429600973992,1.114202454544477,2.1178053541378086,0.6245548301045553,0.16089612693936672,-1.0870426356859528,0.5569603133700741,-0.4552772609181318,-0.9905627891217494,-1.1083586705419952,13,castor,salty clay Loamy soil
21458,-0.4311664231096339,0.17449124089587287,-0.09597647149880119,-0.8975029591088394,0.5790459587834081,0.6245548301045553,-0.35092450032767214,-1.0870426356859528,0.5137738405427251,-0.5025913533985166,-0.868079210728229,-1.0026771053602388,13,castor,clay Loamy soil
21492,-1.100063855269374,0.17449124089587287,-0.09597647149880119,-0.8975029591088394,2.733309112279569,0.5773143089406326,-0.18031762457199252,-1.0870426356859528,0.5094551932599904,-0.9846036705424341,-0.6872701188139841,-0.9370816511094937,13,castor,Loamy soil
21516,-1.100063855269374,0.17449124089587287,-0.09597647149880119,-0.8975029591088394,0.7329218983188477,0.3732352575124864,-0.1632569369964243,-1.0870426356859528,1.0406488090363837,-0.05015034405483941,-0.6172795025891151,-1.254126346654762,13,castor,Loamy soil
21541,1.1932987692783061,0.17449124089587287,-0.6043429600973992,1.114202454544477,2.8871850518150084,0.30898814872955166,-0.09501418669415271,-1.0870426356859528,1.1615709329529609,-0.44936299935808405,-1.5329900648644836,-0.8569094292474717,13,castor,silty Loamy soil
21546,-0.4311664231096339,0.17449124089587287,-0.09597647149880119,-0.8975029591088394,0.5790459587834081,0.6831330763478193,-0.2656210624498323,-1.0870426356859528,0.96723180522989,-0.4789343071583244,-0.5764516431246085,-0.900639732081302,13,castor,clay Loamy soil
21548,-1.100063855269374,0.17449124089587287,-0.09597647149880119,-0.8975029591088394,-0.19033373889379193,0.8985498528553069,-0.4703493133566477,-1.0870426356859528,1.070879340015528,-0.6327051077195741,-0.4831308214914498,-1.2832798818773157,13,castor,Loamy soil
21553,1.1932987692783061,0.17449124089587287,-0.6043429600973992,1.114202454544477,-0.6519615575001118,0.7908414646015629,0.07559268906152691,-1.0870426356859528,0.6908383791348566,-0.12407861355544027,-0.4831308214914498,-0.9553026106235897,13,castor,silty Loamy soil
21563,0.7155148891642061,0.17449124089587287,-0.6043429600973992,1.114202454544477,-0.3442096784292314,0.2598580067190719,-0.026771436391880492,-1.0870426356859528,0.4446754840189669,-0.7273332926803431,-1.6321434378497146,-1.0719167515138033,13,castor,salty clay Loamy soil
21578,-0.4311664231096339,0.17449124089587287,-0.09597647149880119,-0.8975029591088394,-1.5752171947127527,0.5508596170888358,0.1438354393637991,-1.0870426356859528,0.4533127785844368,-0.1802640983758967,-1.3463484215981665,-1.268703114266039,13,castor,clay Loamy soil
21621,1.1932987692783061,0.17449124089587287,-0.6043429600973992,1.114202454544477,-1.5752171947127527,0.22206558978793375,-0.026771436391880492,-1.0870426356859528,0.7081129682657958,-1.2123027406042848,-1.6029806810893525,-0.9698793782348663,13,castor,silty Loamy soil
21651,0.7155148891642061,0.17449124089587287,-0.6043429600973992,1.114202454544477,0.27129407971252784,0.2749749734915274,-0.3850458754788079,-1.0870426356859528,0.38853306934341325,-1.1945599559241407,-1.6321434378497146,-0.7548720559685348,13,castor,salty clay Loamy soil
21686,-0.4311664231096339,0.17449124089587287,-0.09597647149880119,-0.8975029591088394,-0.3442096784292314,0.6510095219563521,-0.3850458754788079,-1.0870426356859528,1.2177133476285151,-1.1147174248634917,-0.6814375674619116,-0.9261490754010362,13,castor,clay Loamy soil
21702,-0.4311664231096339,0.17449124089587287,-0.09597647149880119,-0.8975029591088394,0.4251700192479687,0.6963604222737174,0.041471313910391105,-1.0870426356859528,1.131340401973817,-0.061978867174935295,-1.142209124275632,-0.842332661636195,13,castor,clay Loamy soil
21731,0.7155148891642061,0.17449124089587287,-0.6043429600973992,1.114202454544477,1.8100534750669282,0.4922813708455718,-0.1632569369964243,-1.0870426356859528,0.9456385688162156,-0.07676452107505546,-1.5563202702727732,-0.9188606915953978,13,castor,salty clay Loamy soil
21732,-1.100063855269374,0.17449124089587287,-0.09597647149880119,-0.8975029591088394,-2.0368450133190725,0.3392220822744621,0.024410626334822903,-1.0870426356859528,1.1615709329529609,-0.3281206373770984,-1.3930088324147458,-1.1192912462504527,13,castor,Loamy soil
21739,0.7155148891642061,0.17449124089587287,-0.6043429600973992,1.114202454544477,-1.8829690737836315,0.44882009137476264,-0.0608928115430169,-1.0870426356859528,0.6131027280456284,-0.7628188620406315,-1.5738179243289905,-0.9844561458461429,13,castor,salty clay Loamy soil
21770,-0.4311664231096339,0.17449124089587287,-0.09597647149880119,-0.8975029591088394,0.11741814017708838,0.8985498528553069,-0.0608928115430169,-1.0870426356859528,1.1961201112148405,-0.5055484841785405,-1.5271575135124111,-1.2759914980716773,13,castor,clay Loamy soil
21840,-1.100063855269374,0.17449124089587287,-0.09597647149880119,-0.8975029591088394,0.7329218983188477,0.8456404691517133,-0.23149968729869652,-1.0870426356859528,0.932682626968011,-0.13590713667553617,-0.8797443134323736,-0.8095349345108225,13,castor,Loamy soil
21845,1.1932987692783061,0.17449124089587287,-0.6043429600973992,1.114202454544477,1.5023015959960477,0.4582681956075472,0.1097140642126627,-1.0870426356859528,0.8333537394651083,-0.27193515255664197,-1.4746645513437595,-0.9407258430123129,13,castor,silty Loamy soil
21872,-1.100063855269374,0.17449124089587287,-0.09597647149880119,-0.8975029591088394,-0.49808561796467227,0.23529293571383217,-0.1632569369964243,-1.0870426356859528,0.7642553829413501,-0.9106754010418333,-0.5939492971808256,-1.166665740987102,13,castor,Loamy soil
21883,0.7155148891642061,0.17449124089587287,-0.6043429600973992,1.114202454544477,2.733309112279569,0.4960606125386854,-0.2656210624498323,-1.0870426356859528,0.8074418557686991,-0.12703574433546413,-1.5213249621603386,-0.9152164996925787,13,castor,salty clay Loamy soil
21894,-0.4311664231096339,0.17449124089587287,-0.09597647149880119,-0.8975029591088394,-0.9597134365709921,0.2844230777243119,-0.4362279382055119,-1.0870426356859528,0.8419910340305783,-0.08563591341512748,-0.5239586809559564,-0.9152164996925787,13,castor,clay Loamy soil
21896,-1.100063855269374,0.17449124089587287,-0.09597647149880119,-0.8975029591088394,-1.5752171947127527,0.5943208965596449,-0.0779534991185845,-1.0870426356859528,0.932682626968011,-0.9343324472820255,-0.9730651350655322,-1.3197218009055074,13,castor,Loamy soil
21970,-0.4311664231096339,0.17449124089587287,-0.09597647149880119,-0.8975029591088394,1.1945497169251689,0.42614464121608,-0.4362279382055119,-1.0870426356859528,0.880858859575192,-0.4109202992177713,-0.9730651350655322,-1.1010702867363569,13,castor,clay Loamy soil
21975,0.7155148891642061,0.17449124089587287,-0.6043429600973992,1.114202454544477,0.4251700192479687,0.3789041200521573,0.17795681451493492,-1.0870426356859528,0.5871908443492186,-0.9668608858622899,-1.0897161621069804,-1.0755609434166225,13,castor,salty clay Loamy soil
21993,1.1932987692783061,0.17449124089587287,-0.6043429600973992,1.114202454544477,-0.036457799358352465,0.3789041200521573,-0.3679851879032397,-1.0870426356859528,0.6087840807628931,-1.1738600404639723,-1.323018216189877,-0.9516584187207704,13,castor,silty Loamy soil
22078,-1.386734183337834,0.17449124089587287,-0.09597647149880119,-0.8975029591088394,0.8867978378542885,0.543301133702608,-0.3338638127521039,-0.47101629387626137,0.5483230188046049,0.4259477115290304,0.28676595698210855,-0.2592619571851265,18,cotton,Black Soil
22088,-1.0045070792465538,0.17449124089587287,-0.09597647149880119,-0.8975029591088394,1.1945497169251689,0.5092879584645841,-0.3850458754788079,0.8382150886031056,0.3453465965160642,0.011949402325665564,0.3742542272631947,-0.11349428107235938,18,cotton,Red soil
22102,-1.386734183337834,0.17449124089587287,-0.09597647149880119,-0.8975029591088394,1.8100534750669282,0.5697558255544048,0.48504919087515835,0.41836296680479224,0.030085344876416262,0.09179193338631458,0.11762196777200873,-0.46333670374300057,18,cotton,Black Soil
22117,-1.386734183337834,0.17449124089587287,-0.6043429600973992,1.114202454544477,1.8100534750669282,0.524404925237039,-0.5556527512344875,0.07260239591206327,0.7988045612032292,1.005545344413741,-0.4189727566186532,-0.6018159960501293,18,cotton,Black Soil
22127,-1.0045070792465538,0.17449124089587287,-0.6043429600973992,1.114202454544477,1.3484256564606083,0.5395218920094944,0.12677475178823092,0.12564521076492502,0.3928517166261479,-0.03832182093474311,0.11178941641993623,-0.35036675475560597,18,cotton,Red soil
22139,-1.0045070792465538,0.17449124089587287,-0.6043429600973992,1.114202454544477,1.6561775355314885,0.5697558255544048,0.7921415672353811,0.46186368798041966,0.677882437286652,0.5353615503899197,0.3742542272631947,-0.4378273604232662,18,cotton,Red soil
22163,-1.0045070792465538,0.17449124089587287,-0.6043429600973992,1.114202454544477,1.1945497169251689,0.5735350672475185,0.4168064405728861,0.07821539219278939,0.09486505411743984,-0.01762190547457478,0.5550633191774396,-0.4268947847148088,18,cotton,Red soil
22175,-1.0045070792465538,0.17449124089587287,-0.6043429600973992,1.114202454544477,1.8100534750669282,0.5565284796285067,0.8433236299620851,-0.16005629992403456,0.7426621465276756,1.0646879600142216,-0.02235926467772946,-0.4815576632570964,18,cotton,Red soil
22229,-1.0045070792465538,0.17449124089587287,-0.6043429600973992,1.114202454544477,1.963929414602369,0.5470803753957222,0.28032093996834234,-0.2537933378121607,0.2503363562958962,0.047434971685954064,0.32759381644661517,0.05413854645732288,18,cotton,Red soil
22264,-1.386734183337834,0.17449124089587287,-0.09597647149880119,-0.8975029591088394,0.8867978378542885,0.5149568210042544,-0.6238955015367591,0.8112727064556204,0.48354330956358127,0.006035140765617411,0.5900586272898737,-0.19002231103156217,18,cotton,Black Soil
22269,-1.482290959360654,0.17449124089587287,-0.6043429600973992,1.114202454544477,1.8100534750669282,0.4998398542317995,0.7750808796598135,-0.03685103156209602,0.7081129682657958,0.5146616349297514,0.26926830292589105,-0.26290614908794574,18,cotton,Alluvial soil
22273,-1.386734183337834,0.17449124089587287,-0.6043429600973992,1.114202454544477,1.1945497169251689,0.4866125083059008,-0.09501418669415271,1.089957971793672,0.617421375328363,0.17163446444696318,0.6075562813460911,0.01405243552631186,18,cotton,Black Soil
22277,-1.0045070792465538,0.17449124089587287,-0.6043429600973992,1.114202454544477,1.6561775355314885,0.5659765838612912,0.7750808796598135,0.32041618170612124,0.06463452313829537,0.8192461052722269,0.16428237858858785,-0.59817180414731,18,cotton,Red soil
22332,-1.482290959360654,0.17449124089587287,-0.09597647149880119,-0.8975029591088394,1.3484256564606083,0.5262945460835958,0.3656243778461821,-0.0520061215200568,0.008492108462741737,0.31653387266814104,-0.22066601064819133,-0.03696625111315659,18,cotton,Alluvial soil
22346,-1.0045070792465538,0.17449124089587287,-0.09597647149880119,-0.8975029591088394,0.8867978378542885,0.5017294750783563,-0.3168031251765363,0.7037838276797148,0.522411135108195,0.26921978018775666,-0.4772982701393773,-0.011456907793422491,18,cotton,Red soil
22371,-1.482290959360654,0.17449124089587287,-0.6043429600973992,1.114202454544477,1.0406737773897279,0.524404925237039,0.33150300269504634,-0.44688040986913896,0.4619500731499067,0.8783887208727076,-0.19733580523990177,-0.2155316543512963,18,cotton,Alluvial soil
22393,-1.386734183337834,0.17449124089587287,-0.6043429600973992,1.114202454544477,1.5023015959960477,0.5111775793111408,-0.5385920636589193,1.0139018721898327,0.6217400226110977,0.08883480260629029,-0.03985691873394653,-0.30299226001895674,18,cotton,Black Soil
22445,-1.0045070792465538,0.17449124089587287,-0.6043429600973992,1.114202454544477,1.6561775355314885,0.5111775793111408,0.5362312536018617,0.1980528627862918,0.1466888215102582,0.7394035742115779,0.17011492994066033,-0.00416852398778403,18,cotton,Red soil
22463,-1.0045070792465538,0.17449124089587287,-0.6043429600973992,1.114202454544477,1.5023015959960477,0.5546388587819494,0.21207818966607073,0.8345666410206337,-0.04333165893007724,1.0499023061141015,0.17594748129273283,-0.2373968057682114,18,cotton,Red soil
22512,-1.482290959360654,0.17449124089587287,-0.09597647149880119,-0.8975029591088394,1.8100534750669282,0.5225153043904822,0.7068381293575413,0.9602977577088987,0.6822010845693867,0.6861752201711453,0.2576032002217465,-0.051543018724433246,18,cotton,Alluvial soil
22517,-1.0045070792465538,0.17449124089587287,-0.6043429600973992,1.114202454544477,1.1945497169251689,0.4922813708455718,0.024410626334822903,0.20534975795123583,0.6735637900039168,0.7601034896717462,0.04179880019506714,0.028629203137588523,18,cotton,Red soil
22532,-1.0045070792465538,0.17449124089587287,-0.09597647149880119,-0.8975029591088394,0.8867978378542885,0.5092879584645841,0.8433236299620851,-0.14518185978011017,0.1466888215102582,0.8872601132127796,-0.09234988090259813,-0.047898826821614275,18,cotton,Red soil
22543,-1.386734183337834,0.17449124089587287,-0.6043429600973992,1.114202454544477,1.8100534750669282,0.548969996242279,0.7750808796598135,-0.4238671251181621,0.012810755745476398,0.8724744593126594,0.1934451353489499,-0.3685877142697019,18,cotton,Black Soil
22544,-1.0045070792465538,0.17449124089587287,-0.09597647149880119,-0.8975029591088394,1.0406737773897279,0.5281841669301531,0.502109878450726,-0.478032539227169,-0.013101127950932786,0.18050585678703562,0.3159287137424706,-0.49977862277119234,18,cotton,Red soil
22546,-1.386734183337834,0.17449124089587287,-0.09597647149880119,-0.8975029591088394,1.0406737773897279,0.5111775793111408,0.6385953790552698,0.5668267184299977,0.6346959644593029,0.06222062558607423,-0.15067539442332223,-0.13171524058645528,18,cotton,Black Soil
22574,-1.0045070792465538,0.17449124089587287,-0.09597647149880119,-0.8975029591088394,1.0406737773897279,0.5716454464009617,-0.009710748816312897,1.0835030260708371,0.7081129682657958,0.8340317591723471,0.6542166921626702,-0.26655034099076497,18,cotton,Red soil
22579,-1.386734183337834,0.17449124089587287,-0.6043429600973992,1.114202454544477,1.0406737773897279,0.5187360626973686,-0.4703493133566477,0.2690572657374774,0.16828205792393272,0.3993335345088139,0.1876125839968774,-0.12807104868363606,18,cotton,Black Soil
22630,-1.386734183337834,0.17449124089587287,-0.09597647149880119,-0.8975029591088394,0.7329218983188477,0.5659765838612912,0.7409595045086778,0.2626023200146422,0.06895317042103004,0.9404884672532121,0.6483841408105977,-0.3248574114358716,18,cotton,Black Soil
22637,-1.0045070792465538,0.17449124089587287,-0.6043429600973992,1.114202454544477,1.963929414602369,0.4885021291524576,-0.35092450032767214,0.9633849056632977,0.36262118564700346,0.656603912370905,0.047631351547139635,-0.3831644818809785,18,cotton,Red soil
22658,-1.0045070792465538,0.17449124089587287,-0.09597647149880119,-0.8975029591088394,0.5790459587834081,0.543301133702608,0.48504919087515835,0.1579199393791002,0.2719295927095707,1.1327019679547743,-0.2381636647044084,-0.5908834203416719,18,cotton,Red soil
22662,-1.482290959360654,0.17449124089587287,-0.09597647149880119,-0.8975029591088394,1.6561775355314885,0.5168464418508112,0.7580201920842453,-0.2565998359525237,0.6822010845693867,0.5353615503899197,-0.2498287674085534,-0.5362205417993842,18,cotton,Alluvial soil
22691,-1.0045070792465538,0.17449124089587287,-0.6043429600973992,1.114202454544477,1.3484256564606083,0.548969996242279,0.07559268906152691,0.21629510069865168,0.29784147640597985,0.5974612967704243,0.047631351547139635,-0.2738387247964032,18,cotton,Red soil
22727,-1.0045070792465538,0.17449124089587287,-0.6043429600973992,1.114202454544477,1.6561775355314885,0.524404925237039,0.3656243778461821,-0.13283326796251277,0.4662687204326414,-0.011707643914526628,0.3159287137424706,0.04320597074886519,18,cotton,Red soil
22760,-1.0045070792465538,0.17449124089587287,-0.09597647149880119,-0.8975029591088394,1.3484256564606083,0.4941709916921286,0.46798850329959013,0.8659994201927002,0.2589736508613661,0.24851986472758833,0.6483841408105977,-0.12442685678081682,18,cotton,Red soil
22778,-1.0045070792465538,0.17449124089587287,-0.09597647149880119,-0.8975029591088394,0.5790459587834081,0.5092879584645841,0.5874133163285657,0.32687112742895613,0.20714988346854712,0.8488174130724673,-0.15067539442332223,-0.46333670374300057,18,cotton,Red soil
22813,-1.386734183337834,0.17449124089587287,-0.6043429600973992,1.114202454544477,1.3484256564606083,0.5697558255544048,0.7238988169331095,1.1070776104498865,0.02144805031094633,0.42890484230905424,0.3100961623903981,-0.594527612244491,18,cotton,Black Soil
22840,-1.386734183337834,0.17449124089587287,-0.09597647149880119,-0.8975029591088394,0.7329218983188477,0.5319634086232667,-0.6238955015367591,0.14501004793343006,0.30216012368871514,0.6861752201711453,0.10012431371579124,-0.051543018724433246,18,cotton,Black Soil
22856,-1.0045070792465538,0.17449124089587287,-0.09597647149880119,-0.8975029591088394,1.8100534750669282,0.49039174999901497,-0.6238955015367591,0.6322181251004568,0.26329229814410077,0.2514769955076122,-0.25566131876062587,0.024985011234769292,18,cotton,Red soil
22917,-1.482290959360654,0.17449124089587287,-0.6043429600973992,1.114202454544477,1.1945497169251689,0.5621973421681772,-0.5556527512344875,1.0411249041513546,0.4317195421707623,0.36976222670857356,-0.2673264214647704,-0.2738387247964032,18,cotton,Alluvial soil
22992,-1.482290959360654,0.17449124089587287,-0.09597647149880119,-0.8975029591088394,1.1945497169251689,0.5092879584645841,-0.5385920636589193,-0.29420691103338864,0.7988045612032292,1.0262452598739094,-0.08068477819845356,-0.20824327054565808,18,cotton,Alluvial soil
23018,-0.9089503032237339,0.17449124089587287,-0.09597647149880119,-0.8975029591088394,-0.49808561796467227,0.4053588119039541,1.3892656323802597,0.37710744414145514,0.5483230188046049,-0.5646910997790211,-0.7280979782784908,-0.8131791264136418,27,jute,Sandy soil
23058,-0.9089503032237339,0.17449124089587287,-0.09597647149880119,-0.8975029591088394,-0.8058374970355525,0.3486701865072466,1.3210228820779881,1.0175503197723053,0.6476519063075076,-0.06789312873498345,0.035966248842994646,-0.7512278640657156,27,jute,Sandy soil
23069,-0.4311664231096339,0.17449124089587287,-0.6043429600973992,1.114202454544477,0.4251700192479687,0.5603077213216203,-0.11207487426972029,0.8536508283751024,0.4187636003225577,0.16572020288691544,-0.06901967549430858,-0.29205968431049906,27,jute,clay Loamy soil
23080,-0.9089503032237339,0.17449124089587287,-0.09597647149880119,-0.8975029591088394,-0.9597134365709921,0.4280342620626368,1.935207634798435,0.3757041950712736,0.7426621465276756,-0.061978867174935295,-0.45396806473108775,-0.6856324098149705,27,jute,Sandy soil
23146,-0.9089503032237339,0.17449124089587287,-0.09597647149880119,-0.8975029591088394,0.27129407971252784,0.2900919402639826,0.12677475178823092,0.881715809778733,0.29352282912324523,-0.1802640983758967,-0.6056143998849705,-0.4961344308683731,27,jute,Sandy soil
23152,-0.9089503032237339,0.17449124089587287,-0.09597647149880119,-0.8975029591088394,0.7329218983188477,0.46771629984033175,1.2698408193512847,0.6395150202654012,-0.03037571708187265,0.13023463352662695,-0.045689470086019014,-0.6601230664952361,27,jute,Sandy soil
23194,-0.9089503032237339,0.17449124089587287,-0.09597647149880119,-0.8975029591088394,-0.49808561796467227,0.40913805359706773,1.4916297578336677,0.5513909786580008,0.6908383791348566,0.3579337035884777,-0.06901967549430858,-0.4669808956458198,27,jute,Sandy soil
23211,-0.4311664231096339,0.17449124089587287,-0.6043429600973992,1.114202454544477,1.1945497169251689,0.30520890703643777,0.48504919087515835,0.7175356685674941,-0.008782480668198128,0.20712003380725166,-0.8972419674885911,-0.7949581668995458,27,jute,clay Loamy soil
23235,-0.4311664231096339,0.17449124089587287,-0.6043429600973992,1.114202454544477,-0.036457799358352465,0.30142966534332394,0.2461995648172065,0.3352906218500453,0.2589736508613661,0.2899196956479245,-0.13901029171917767,-0.9261490754010362,27,jute,clay Loamy soil
23236,-0.9089503032237339,0.17449124089587287,-0.09597647149880119,-0.8975029591088394,0.11741814017708838,0.2579683858725151,0.31444231511947873,0.8348472908346698,0.06031587585556011,0.3579337035884777,-0.8739117620803011,-0.40502963329789365,27,jute,Sandy soil
23294,-0.9089503032237339,0.17449124089587287,-0.09597647149880119,-0.8975029591088394,-0.9597134365709921,0.25418914417940125,1.0651125684444687,0.5550394262404726,0.6433332590247722,0.047434971685954064,-0.7222654269264187,-0.2556177652823073,27,jute,Sandy soil
23309,-0.4311664231096339,0.17449124089587287,-0.6043429600973992,1.114202454544477,1.3484256564606083,0.303319286189881,0.3656243778461821,0.9541234618000998,-0.047650306212812514,0.5028331118096551,-0.07485222684638107,-0.6710556422036936,27,jute,clay Loamy soil
23366,-0.9089503032237339,0.17449124089587287,-0.09597647149880119,-0.8975029591088394,-0.9597134365709921,0.36945601581937276,2.0205110726762747,0.633902023984675,0.20283123618581245,-0.3843061221975552,-0.6114469512370426,-0.37587609807534034,27,jute,Sandy soil
23372,-0.9089503032237339,0.17449124089587287,-0.09597647149880119,-0.8975029591088394,-0.19033373889379193,0.5395218920094944,0.05853200148595931,0.7562653429045041,0.6908383791348566,0.4170763191889584,-0.3956425512103636,-0.44511574422890465,27,jute,Sandy soil
23406,-0.9089503032237339,0.17449124089587287,-0.09597647149880119,-0.8975029591088394,-0.49808561796467227,0.548969996242279,0.5362312536018617,0.8182889518065282,0.49649925141178586,0.20712003380725166,-0.6522748107015496,-0.29205968431049906,27,jute,Sandy soil
23443,-0.4311664231096339,0.17449124089587287,-0.6043429600973992,1.114202454544477,0.27129407971252784,0.3184362529623362,1.6451759460137791,0.8533701785610663,0.522411135108195,0.44073336542915054,-0.44230296202694275,-0.9188606915953978,27,jute,clay Loamy soil
23454,-0.9089503032237339,0.17449124089587287,-0.09597647149880119,-0.8975029591088394,-0.8058374970355525,0.5073983376180267,0.9456877554154931,0.7523362455079963,-0.03469436436460731,-0.08267878263510363,-0.8097536972075049,-0.8204675102192799,27,jute,Sandy soil
23465,-0.4311664231096339,0.17449124089587287,-0.6043429600973992,1.114202454544477,0.7329218983188477,0.30142966534332394,1.8669648844961635,0.666738052226923,0.7642553829413501,-0.4848485687183721,0.08262665965957418,-0.6674114503008746,27,jute,clay Loamy soil
23472,-0.9089503032237339,0.17449124089587287,-0.09597647149880119,-0.8975029591088394,-0.8058374970355525,0.4885021291524576,1.0992339435956047,0.4318341578785348,0.5353670769563996,0.2012057722472035,0.05346390289921213,-0.6892766017177895,27,jute,Sandy soil
23531,-0.4311664231096339,0.17449124089587287,-0.6043429600973992,1.114202454544477,-0.19033373889379193,0.2126174855551492,0.9115663802643573,0.6838576908831373,0.5612789606528095,-0.6179194538194539,-0.3664797944500016,-0.9225048834982169,27,jute,clay Loamy soil
23551,-0.4311664231096339,0.17449124089587287,-0.6043429600973992,1.114202454544477,0.11741814017708838,0.5735350672475185,0.0073499387592553065,0.783769024680062,0.10782099596564443,0.32540526500821304,-0.22649856200026383,-0.8204675102192799,27,jute,clay Loamy soil
23556,-0.9089503032237339,0.17449124089587287,-0.09597647149880119,-0.8975029591088394,0.7329218983188477,0.29387118195709644,1.4575083826825315,0.3347293222219729,0.12077693781384902,-0.3843061221975552,-0.4248053079707257,-0.5107111984796497,27,jute,Sandy soil
23572,-0.9089503032237339,0.17449124089587287,-0.09597647149880119,-0.8975029591088394,0.8867978378542885,0.4960606125386854,1.4745690702580996,0.476176828496271,0.11645829053111435,-0.17139270603582465,-1.0372231999383288,-0.36129933046406343,27,jute,Sandy soil
23583,-0.4311664231096339,0.17449124089587287,-0.6043429600973992,1.114202454544477,0.5790459587834081,0.4053588119039541,1.2698408193512847,0.32883567612721043,0.5612789606528095,-0.5646910997790211,-0.868079210728229,-0.49977862277119234,27,jute,clay Loamy soil
23602,-0.9089503032237339,0.17449124089587287,-0.09597647149880119,-0.8975029591088394,-0.3442096784292314,0.5187360626973686,2.0716931354029784,0.3846849891204355,0.4749060149981113,0.03264931778583389,-0.6989352215181287,-0.5763066527303952,27,jute,Sandy soil
23619,-0.4311664231096339,0.17449124089587287,-0.6043429600973992,1.114202454544477,-0.3442096784292314,0.4374823662954213,1.5939938832870757,0.5516716284720375,0.008492108462741737,-0.5676482305590452,-0.8505815566720115,-0.26290614908794574,27,jute,clay Loamy soil
23636,-0.9089503032237339,0.17449124089587287,-0.09597647149880119,-0.8975029591088394,0.8867978378542885,0.31276739042266555,0.024410626334822903,0.8121146558977292,0.28920418184051055,0.49691885024960697,-0.09234988090259813,-0.8314000859277376,27,jute,Sandy soil
23701,-0.4311664231096339,0.17449124089587287,-0.6043429600973992,1.114202454544477,-0.3442096784292314,0.49039174999901497,1.6451759460137791,0.7203421667078571,0.17691935248940266,-0.4878056994983964,-0.5064610268997394,-0.8860629644700253,27,jute,clay Loamy soil
23702,-0.9089503032237339,0.17449124089587287,-0.09597647149880119,-0.8975029591088394,0.5790459587834081,0.21828634809482014,2.259360698734226,1.0228826662389947,0.7901672666377593,0.24556273394756403,-0.7864234917992149,-0.6018159960501293,27,jute,Sandy soil
23717,-0.4311664231096339,0.17449124089587287,-0.6043429600973992,1.114202454544477,0.8867978378542885,0.3732352575124864,0.6385953790552698,1.0447733517338265,0.38421442206067796,0.34610518046838135,-0.3489821403937841,-0.31028064382459497,27,jute,clay Loamy soil
23763,-0.4311664231096339,0.17449124089587287,-0.6043429600973992,1.114202454544477,-0.6519615575001118,0.2768645943380842,1.7987221341938906,0.5536361771702911,0.3583025383642688,0.22486281848739612,-0.9905627891217494,-0.6783440260093321,27,jute,clay Loamy soil
23781,-0.4311664231096339,0.17449124089587287,-0.6043429600973992,1.114202454544477,1.0406737773897279,0.5187360626973686,1.6963580087404837,0.5539168269843279,-0.01741977523366806,0.07109201792614625,-0.07485222684638107,-0.7293627126488005,27,jute,clay Loamy soil
23822,-0.9089503032237339,0.17449124089587287,-0.09597647149880119,-0.8975029591088394,0.11741814017708838,0.5300737877767099,1.6451759460137791,0.34820051329571544,0.6822010845693867,-0.4671057840382281,-0.11568008631088769,-0.4852018551599157,27,jute,Sandy soil
23823,-0.4311664231096339,0.17449124089587287,-0.6043429600973992,1.114202454544477,-0.3442096784292314,0.2428514191000599,0.5703526287529982,0.9872401398563837,0.721068910114001,0.22781994926742,-0.5997818485328981,-0.9334374592066745,27,jute,clay Loamy soil
23892,-0.9089503032237339,0.17449124089587287,-0.09597647149880119,-0.8975029591088394,-0.19033373889379193,0.2919815611105394,0.928627067839925,0.8960289502945843,0.1855566470548726,0.36976222670857356,-0.5122935782518119,-0.3321457952415101,27,jute,Sandy soil
23928,-0.9089503032237339,0.17449124089587287,-0.09597647149880119,-0.8975029591088394,1.0406737773897279,0.5092879584645841,0.4509278157240219,1.0343893086144837,0.3496652437987988,-0.32516350659707455,-0.23233111335233592,-0.46333670374300057,27,jute,Sandy soil
23937,-0.4311664231096339,0.17449124089587287,-0.6043429600973992,1.114202454544477,-0.3442096784292314,0.24852028163973056,0.2461995648172065,0.819130901248637,0.05599722857282544,-0.1743498368158485,-0.05735457279016359,-0.28841549240767983,27,jute,clay Loamy soil
23954,-0.9089503032237339,0.17449124089587287,-0.09597647149880119,-0.8975029591088394,-0.6519615575001118,0.5130672001576977,0.041471313910391105,0.7136065711709855,0.7988045612032292,-0.07676452107505546,-0.11568008631088769,-0.514355390382469,27,jute,Sandy soil
23974,-0.9089503032237339,0.17449124089587287,-0.09597647149880119,-0.8975029591088394,-0.3442096784292314,0.39402108682461223,0.5703526287529982,0.9743302484107139,0.23738041444769156,-0.6090480614793816,-0.4189727566186532,-0.4123180171035321,27,jute,Sandy soil
23984,-0.9089503032237339,0.17449124089587287,-0.09597647149880119,-0.8975029591088394,-0.8058374970355525,0.46393705814721814,0.024410626334822903,0.7105194232165865,0.5612789606528095,-0.2541923678764975,0.04179880019506714,-0.594527612244491,27,jute,Sandy soil
24005,-0.6222799751552739,0.17449124089587287,-0.6043429600973992,-0.8975029591088394,0.27129407971252784,3.825572544171957,-0.5215313760833518,4.227903542533608,0.1466888215102582,2.173612002523235,2.6664469086276523,2.466593586123619,46,sugarcane,black cotton soil
24018,0.42884456109574615,0.17449124089587287,-0.09597647149880119,-0.8975029591088394,1.8100534750669282,3.691409464066416,-0.5727134388100558,2.524639821147268,-0.07788083719195636,2.708852673707585,0.765035167852046,3.2610274209381998,46,sugarcane,red Loamy soil
24045,-0.6222799751552739,0.17449124089587287,-0.6043429600973992,-0.8975029591088394,1.1945497169251689,3.931391311579143,0.33150300269504634,2.581050433768565,-0.1340232518675106,3.3091502220524633,2.584791189698638,2.889319846850644,46,sugarcane,black cotton soil
24070,0.42884456109574615,0.17449124089587287,-0.09597647149880119,-0.8975029591088394,-0.036457799358352465,3.8539168568703106,0.26326025239277473,3.4578004528179846,-0.1469791937157152,2.120383648482802,2.042363913955904,2.7909266654745255,46,sugarcane,red Loamy soil
24136,-0.4311664231096339,0.17449124089587287,-0.09597647149880119,-0.8975029591088394,0.27129407971252784,3.9994176620551922,0.31444231511947873,1.9422914570219332,0.21146853075128177,2.909937566749219,0.7533700651479014,3.0933945934085174,46,sugarcane,clay Loamy soil
24141,-0.6222799751552739,0.17449124089587287,-0.6043429600973992,-0.8975029591088394,0.8867978378542885,3.967294107663725,-0.2144389997231283,2.82914486937666,0.2201058253167517,2.445668034285446,1.966540746378963,2.5941403027222902,46,sugarcane,black cotton soil
24176,-0.4311664231096339,0.17449124089587287,-0.09597647149880119,-0.8975029591088394,1.8100534750669282,3.629051976130038,-0.5897741263856233,3.194550927251929,-0.24198943393588324,2.1676977409631863,2.2115079031660034,2.998645603935219,46,sugarcane,clay Loamy soil
24183,-0.5267231991324539,0.17449124089587287,-0.6043429600973992,-0.8975029591088394,0.11741814017708838,3.9994176620551922,-0.6238955015367591,3.5187014624638624,0.06031587585556011,3.0400513210702766,2.310661276151235,3.046020098671868,46,sugarcane,brown Loamy soil
24254,0.42884456109574615,0.17449124089587287,-0.09597647149880119,-0.8975029591088394,1.6561775355314885,4.099567566922708,-0.18031762457199252,2.4373577289819766,0.09918370140017449,2.8241807741285228,1.6049225625504735,2.987713028226761,46,sugarcane,red Loamy soil
24273,-0.6222799751552739,0.17449124089587287,-0.6043429600973992,-0.8975029591088394,0.4251700192479687,3.84824799433064,0.17795681451493492,3.6643587159487057,-0.047650306212812514,3.3002788297123917,1.6165876652546183,2.674312524584312,46,sugarcane,black cotton soil
24296,-0.4311664231096339,0.17449124089587287,-0.09597647149880119,-0.8975029591088394,-0.19033373889379193,3.863364961103095,-0.1461962494208567,2.3475497884903587,-0.08219948447469164,2.942466005329484,2.6489492545714346,2.68524510029277,46,sugarcane,clay Loamy soil
24335,-0.5267231991324539,0.17449124089587287,-0.6043429600973992,-0.8975029591088394,1.963929414602369,3.8406895109444124,-0.18031762457199252,3.5419953970288764,0.28488553455777527,3.3298501375126324,2.8822513086543307,2.360912020941863,46,sugarcane,brown Loamy soil
24421,-0.6222799751552739,0.17449124089587287,-0.6043429600973992,-0.8975029591088394,1.6561775355314885,4.052327045758786,-0.0779534991185845,2.298436071034005,-0.12970460458477534,3.267750391132128,1.5757598057901114,2.7690615140576105,46,sugarcane,black cotton soil
24437,-0.6222799751552739,0.17449124089587287,-0.6043429600973992,-0.8975029591088394,0.8867978378542885,3.9219432073463585,-0.3338638127521039,4.078878491280329,0.10350234868290915,3.2559218680120314,2.1881776977577143,2.3682004047475007,46,sugarcane,black cotton soil
24460,-0.4311664231096339,0.17449124089587287,-0.09597647149880119,-0.8975029591088394,1.963929414602369,4.095788325229595,-0.6068348139611915,2.8813457347874123,0.09054640683470457,2.179526264083283,2.993069784343707,2.667024140778674,46,sugarcane,clay Loamy soil
24484,-0.4311664231096339,0.17449124089587287,-0.09597647149880119,-0.8975029591088394,1.8100534750669282,4.126022258774505,0.31444231511947873,1.8103860444248694,-0.013101127950932786,3.031179928730205,1.5932574598463285,2.86016631162809,46,sugarcane,clay Loamy soil
24493,-0.6222799751552739,0.17449124089587287,-0.6043429600973992,-0.8975029591088394,1.8100534750669282,3.7386499852303388,-0.23149968729869652,4.25961697151971,0.0862277595519699,3.146508029151142,2.4856378167134072,3.1662784314649013,46,sugarcane,black cotton soil
24502,0.42884456109574615,0.17449124089587287,-0.09597647149880119,-0.8975029591088394,0.11741814017708838,3.825572544171957,-0.09501418669415271,3.7151563322892764,0.26329229814410077,3.0962368058907335,2.8064281410773897,2.998645603935219,46,sugarcane,red Loamy soil
24508,-0.4311664231096339,0.17449124089587287,-0.09597647149880119,-0.8975029591088394,0.27129407971252784,4.073112875070911,-0.5727134388100558,3.611877200723917,-0.2549453757840878,2.711809804487609,0.9808395678787253,3.2464506533269226,46,sugarcane,clay Loamy soil
24530,0.42884456109574615,0.17449124089587287,-0.09597647149880119,-0.8975029591088394,1.6561775355314885,3.7632150562355786,-0.5044706885077835,3.652571423759181,0.16828205792393272,3.2204362986517423,1.4357785733403732,2.8674546954337288,46,sugarcane,red Loamy soil
24572,-0.4311664231096339,0.17449124089587287,-0.09597647149880119,-0.8975029591088394,2.1178053541378086,3.9956384203620785,-0.009710748816312897,2.8322320173310587,-0.03469436436460731,3.1317223752510213,2.7656002816128824,2.6415147974589392,46,sugarcane,clay Loamy soil
24575,-0.5267231991324539,0.17449124089587287,-0.6043429600973992,-0.8975029591088394,1.1945497169251689,3.8387998900978553,-0.09501418669415271,3.509720668414701,0.2546550035786308,2.209097571883523,2.9055815140626207,2.7727057059604294,46,sugarcane,brown Loamy soil
24577,-0.6222799751552739,0.17449124089587287,-0.6043429600973992,-0.8975029591088394,1.6561775355314885,4.029651595600103,-0.026771436391880492,2.515939676912142,0.0862277595519699,2.8626234742688346,2.8589211032460415,2.495747121346172,46,sugarcane,black cotton soil
24614,0.42884456109574615,0.17449124089587287,-0.09597647149880119,-0.8975029591088394,1.1945497169251689,3.7480980894631233,0.024410626334822903,2.2639161439075393,0.11213964324837908,2.3806111571249176,1.6982433841836317,2.882031463045005,46,sugarcane,red Loamy soil
24616,-0.4311664231096339,0.17449124089587287,-0.09597647149880119,-0.8975029591088394,0.27129407971252784,3.8369102692512977,-0.4703493133566477,1.907771529895467,-0.1469791937157152,3.1405937675910938,1.30746244359478,2.342691061427767,46,sugarcane,clay Loamy soil
24617,-0.6222799751552739,0.17449124089587287,-0.6043429600973992,-0.8975029591088394,1.0406737773897279,4.118463775388277,-0.1461962494208567,3.4788491888707074,0.1596447633584634,3.36533570687292,1.5174342922693873,2.623293837944843,46,sugarcane,black cotton soil
24637,-0.6222799751552739,0.17449124089587287,-0.6043429600973992,-0.8975029591088394,1.8100534750669282,4.1657042965522,0.3485636902706145,3.2428226952661747,-0.16857243012938972,2.2918972337241965,1.0916580435681014,2.6087170703335665,46,sugarcane,black cotton soil
24640,-0.4311664231096339,0.17449124089587287,-0.09597647149880119,-0.8975029591088394,1.6561775355314885,3.7292018809975542,0.05853200148595931,1.8435027224811533,0.06031587585556011,2.445668034285446,1.1091556976243184,3.0605968662831446,46,sugarcane,clay Loamy soil
24673,-0.6222799751552739,0.17449124089587287,-0.6043429600973992,-0.8975029591088394,2.1178053541378086,3.801007473166717,0.26326025239277473,3.472113593333836,0.1380515269447889,2.3628683724447725,1.937377989618601,2.546765807985641,46,sugarcane,black cotton soil
24690,0.42884456109574615,0.17449124089587287,-0.09597647149880119,-0.8975029591088394,0.5790459587834081,4.1562561923194155,0.21207818966607073,2.253532100788196,0.04735993400735551,2.5669103962664312,2.503135470769624,3.0751736338944218,46,sugarcane,red Loamy soil
24713,-0.6222799751552739,0.17449124089587287,-0.6043429600973992,-0.8975029591088394,0.8867978378542885,3.6271623552834815,0.024410626334822903,3.776057341935156,-0.11674866273657075,2.8064379894483777,2.2931636220950176,3.148057471950805,46,sugarcane,black cotton soil
24738,0.42884456109574615,0.17449124089587287,-0.09597647149880119,-0.8975029591088394,-0.036457799358352465,3.923832828192916,-0.4362279382055119,4.168125132143874,-0.15561648828118513,3.2529647372320074,1.3249600976509979,2.4738819699292574,46,sugarcane,red Loamy soil
24775,-0.5267231991324539,0.17449124089587287,-0.6043429600973992,-0.8975029591088394,0.7329218983188477,4.126022258774505,-0.1291355618452885,4.0087160377712525,0.1596447633584634,2.927680351429364,1.394950713875866,2.9002524225591007,46,sugarcane,brown Loamy soil
24810,0.42884456109574615,0.17449124089587287,-0.09597647149880119,-0.8975029591088394,1.8100534750669282,4.120353396234834,-0.4362279382055119,2.3733695713816987,0.33670930195059423,2.4515822958454936,2.403982097784394,2.8018592411829832,46,sugarcane,red Loamy soil
24856,-0.4311664231096339,0.17449124089587287,-0.09597647149880119,-0.8975029591088394,0.11741814017708838,3.84824799433064,0.1097140642126627,3.8448165463740507,0.030085344876416262,2.5580390039263596,0.8991838489497116,2.5358332322771835,46,sugarcane,clay Loamy soil
24924,-0.4311664231096339,0.17449124089587287,-0.09597647149880119,-0.8975029591088394,-0.19033373889379193,3.8841507904152204,-0.0608928115430169,1.8488350689478428,0.11213964324837908,2.223883225783643,2.3164938275033076,3.067885250088784,46,sugarcane,clay Loamy soil
24926,0.42884456109574615,0.17449124089587287,-0.09597647149880119,-0.8975029591088394,0.11741814017708838,3.715974535071656,-0.1973783121475601,2.537830362406974,-0.013101127950932786,2.4870678652057823,1.8673873733937318,2.404642323775693,46,sugarcane,red Loamy soil
24957,-0.6222799751552739,0.17449124089587287,-0.6043429600973992,-0.8975029591088394,1.1945497169251689,3.814234819092615,-0.09501418669415271,1.8867227938427442,-0.008782480668198128,3.0400513210702766,2.7247724221483764,2.838301160211175,46,sugarcane,black cotton soil
24960,-0.4311664231096339,0.17449124089587287,-0.09597647149880119,-0.8975029591088394,2.1178053541378086,3.899267757187676,-0.1461962494208567,2.217608924591549,-0.1340232518675106,2.120383648482802,1.914047784210311,3.067885250088784,46,sugarcane,clay Loamy soil
24978,0.42884456109574615,0.17449124089587287,-0.09597647149880119,-0.8975029591088394,-0.19033373889379193,4.046658183219115,-0.1632569369964243,3.591951063927338,-0.23767078665314795,2.7532096354079454,0.7242073083875393,2.674312524584312,46,sugarcane,red Loamy soil
25006,1.3844123213239463,0.17449124089587287,-0.09597647149880119,-0.8975029591088394,1.1945497169251689,1.0459402788867453,-0.009710748816312897,-0.4550192544761918,-0.19016566654306424,1.014416736753813,1.6632480760711974,0.7866211189239778,45,sugarbeet,well-drained soil
25042,1.3844123213239463,0.17449124089587287,-0.09597647149880119,-0.8975029591088394,0.5790459587834081,1.0705053498919854,-0.11207487426972029,-0.7572791041932934,-0.05196895349554718,1.327872599436361,0.6950445516271773,0.6918721294506789,45,sugarbeet,well-drained soil
25045,1.3844123213239463,0.17449124089587287,-0.6043429600973992,-0.8975029591088394,1.3484256564606083,0.9835827909503677,-0.3850458754788079,-0.7755213421056533,0.20714988346854712,2.0109698096219133,1.1499835570888255,0.837639805563446,45,sugarbeet,well-drained soil
25050,-0.33560964708681384,0.17449124089587287,-0.09597647149880119,-0.8975029591088394,-0.036457799358352465,0.9590177199451277,-1.0504126909259581,-0.4140443816268914,0.2201058253167517,1.3071726839761926,1.359955405763432,0.750179199895786,45,sugarbeet,clay Loamy soil 
25071,-0.33560964708681384,0.17449124089587287,-0.6043429600973992,-0.8975029591088394,-0.8058374970355525,1.0043686202624937,-0.7603810021413029,-0.6222865436418301,-0.06060624806101711,0.6713895662710252,0.7592026164999739,0.13795496022216389,45,sugarbeet,clay Loamy soil 
25113,-0.33560964708681384,0.17449124089587287,-0.6043429600973992,-0.8975029591088394,-0.49808561796467227,1.0308233121142905,-0.1973783121475601,-0.5027297228623638,-0.01741977523366806,1.2923870300760725,0.7708677192041185,0.7720443513127009,45,sugarbeet,clay Loamy soil 
25117,1.3844123213239463,0.17449124089587287,-0.6043429600973992,-0.8975029591088394,0.27129407971252784,1.0818430749713268,-1.28926231698391,-0.40169578980929366,0.29352282912324523,1.1800160604351593,1.6107551139025456,0.833995613660627,45,sugarbeet,well-drained soil
25248,-0.33560964708681384,0.17449124089587287,-0.09597647149880119,-0.8975029591088394,1.3484256564606083,1.261357055394233,-0.1973783121475601,-0.4985199756518192,0.12509558509658367,1.4579863537574183,0.9283466057100733,0.2582132930151969,45,sugarbeet,clay Loamy soil 
25253,0.8110716651870262,0.17449124089587287,-0.6043429600973992,-0.8975029591088394,1.6561775355314885,0.788951843755006,-0.4874100009322159,-0.6335125362032824,0.3712584802124734,0.7305321818715058,1.6574155247191247,0.750179199895786,45,sugarbeet,sandy Loamy soil
25286,0.8110716651870262,0.17449124089587287,-0.09597647149880119,-0.8975029591088394,0.11741814017708838,0.9590177199451277,-0.2826817500253999,-0.6573677703963684,0.33670930195059423,0.8429031515124191,0.9166815030059288,0.8011978865352541,45,sugarbeet,sandy Loamy soil
25309,1.3844123213239463,0.17449124089587287,-0.6043429600973992,-0.8975029591088394,0.8867978378542885,1.2084476716906398,-1.238080254257206,-0.5100266180273078,0.2503363562958962,1.5910572388584998,1.319127546298925,0.6372092509083912,45,sugarbeet,well-drained soil
25367,0.8110716651870262,0.17449124089587287,-0.6043429600973992,-0.8975029591088394,-0.8058374970355525,1.1555382879870462,-1.2722016294083418,-0.4962747771395289,0.3496652437987988,1.3130869455362406,0.805863027316553,0.6226324832971147,45,sugarbeet,sandy Loamy soil
25372,1.3844123213239463,0.17449124089587287,-0.09597647149880119,-0.8975029591088394,-0.8058374970355525,1.1914410840716276,-0.09501418669415271,-0.4384609154480498,0.18987529433760725,0.8074175821521306,1.7390712436481386,0.31652036346030354,45,sugarbeet,well-drained soil
25383,-0.33560964708681384,0.17449124089587287,-0.6043429600973992,-0.8975029591088394,-0.3442096784292314,1.1082977668231235,-0.35092450032767214,-0.40029254073911213,0.23738041444769156,1.014416736753813,0.765035167852046,0.567969604754827,45,sugarbeet,clay Loamy soil 
25402,1.3844123213239463,0.17449124089587287,-0.09597647149880119,-0.8975029591088394,-0.49808561796467227,0.7965103271412338,-0.40210656305437614,-0.3722275593354816,0.172600705206668,1.08538787547439,1.6049225625504735,0.44406708005897483,45,sugarbeet,well-drained soil
25404,-0.33560964708681384,0.17449124089587287,-0.09597647149880119,-0.8975029591088394,1.0406737773897279,1.2689155387804607,-0.4703493133566477,-0.64052878155419,0.012810755745476398,1.2125444990154233,1.8207269625771527,0.7246698565760517,45,sugarbeet,clay Loamy soil 
25438,1.3844123213239463,0.17449124089587287,-0.09597647149880119,-0.8975029591088394,0.4251700192479687,0.9306734072467742,-1.5281119430418613,-0.30795875192116756,0.1380515269447889,1.0439880445540533,1.5582621517338944,0.17439687925035566,45,sugarbeet,well-drained soil
25459,1.3844123213239463,0.17449124089587287,-0.6043429600973992,-0.8975029591088394,0.11741814017708838,1.2065580508440825,-0.8286237524435751,-0.7752406922916169,-0.24630808121861789,1.848327616720591,1.5174342922693873,0.40398096912796405,45,sugarbeet,well-drained soil
25536,-0.33560964708681384,0.17449124089587287,-0.09597647149880119,-0.8975029591088394,0.5790459587834081,1.0894015583575545,-0.009710748816312897,-0.6514741243016059,0.16396341064119807,1.762570824099894,0.8408583354289876,0.6845837456450409,45,sugarbeet,clay Loamy soil 
25547,0.8110716651870262,0.17449124089587287,-0.6043429600973992,-0.8975029591088394,0.7329218983188477,0.9004394737018637,-0.9651092530481183,-0.6144283488488137,0.025766697593680988,0.8636030669725874,1.6574155247191247,0.571613796657646,45,sugarbeet,sandy Loamy soil
25553,0.8110716651870262,0.17449124089587287,-0.6043429600973992,-0.8975029591088394,0.8867978378542885,0.8626470567707255,-0.7262596269901671,-0.4561418537323373,-0.21607755023947342,1.10017352937451,1.4591087787486632,0.6918721294506789,45,sugarbeet,sandy Loamy soil
25680,-0.33560964708681384,0.17449124089587287,-0.09597647149880119,-0.8975029591088394,1.1945497169251689,0.9684658241779123,-1.5110512554662934,-0.5364077005467205,-0.19880296110853418,0.9227456825730681,0.7417049624437564,0.5461044533379117,45,sugarbeet,clay Loamy soil 
25701,-0.33560964708681384,0.17449124089587287,-0.6043429600973992,-0.8975029591088394,0.27129407971252784,0.8834328860828514,-0.5556527512344875,-0.7272495740914084,-0.06492489534375176,1.9636557171415279,0.8116955786686255,0.6226324832971147,45,sugarbeet,clay Loamy soil 
25704,-0.33560964708681384,0.17449124089587287,-0.09597647149880119,-0.8975029591088394,-0.9597134365709921,0.8702055401569533,0.024410626334822903,-0.5751373748837308,-0.14266054643297993,1.4905147923376825,1.1324859030326075,0.6299208671027532,45,sugarbeet,clay Loamy soil 
25710,-0.33560964708681384,0.17449124089587287,-0.09597647149880119,-0.8975029591088394,-0.6519615575001118,1.0081478619556072,-1.4428085051640214,-0.5858020678171104,0.09054640683470457,1.74482803941975,0.8466908867810601,0.7356024322845091,45,sugarbeet,clay Loamy soil 
25746,-0.33560964708681384,0.17449124089587287,-0.09597647149880119,-0.8975029591088394,-0.6519615575001118,0.8456404691517133,-0.8115630648680069,-0.3915923965039869,0.2201058253167517,0.9818882981735487,1.33079264900307,0.4950857666984435,45,sugarbeet,clay Loamy soil 
25765,1.3844123213239463,0.17449124089587287,-0.6043429600973992,-0.8975029591088394,0.5790459587834081,1.093180800050668,-0.29974243760096814,-0.5552112380871531,0.2460177090131615,0.7926319282520105,0.7417049624437564,0.666362786130945,45,sugarbeet,well-drained soil
25766,0.8110716651870262,0.17449124089587287,-0.09597647149880119,-0.8975029591088394,1.3484256564606083,1.234902363542436,-1.3575050672861815,-0.4188154284655084,-0.2203961975222087,1.5407860155980915,0.9341791570621462,0.8230630379521696,45,sugarbeet,sandy Loamy soil
25772,0.8110716651870262,0.17449124089587287,-0.09597647149880119,-0.8975029591088394,0.8867978378542885,1.2103372925371967,-0.5385920636589193,-0.3612822165880657,0.07327181770376531,1.0025882136337172,1.7740665517605727,0.17075268734753643,45,sugarbeet,sandy Loamy soil
25776,-0.33560964708681384,0.17449124089587287,-0.09597647149880119,-0.8975029591088394,0.7329218983188477,0.9231149238605464,-0.7945023772924388,-0.3113265496896034,-0.07788083719195636,1.4757291384375621,1.6399178706629076,0.7756885432155204,45,sugarbeet,clay Loamy soil 
25780,1.3844123213239463,0.17449124089587287,-0.09597647149880119,-0.8975029591088394,1.6561775355314885,1.1026289042834525,-0.1461962494208567,-0.41151853330056437,0.11213964324837908,1.9873127633817205,0.9575093624704354,0.6590744023253066,45,sugarbeet,well-drained soil
25781,0.8110716651870262,0.17449124089587287,-0.6043429600973992,-0.8975029591088394,1.1945497169251689,1.2443504677752206,-1.3575050672861815,-0.47354214220258806,-0.00014518610272819458,0.7985461898120586,0.9283466057100733,0.4805089990871666,45,sugarbeet,sandy Loamy soil
25792,1.3844123213239463,0.17449124089587287,-0.09597647149880119,-0.8975029591088394,1.6561775355314885,1.1593175296801599,-0.3679851879032397,-0.6812230045894544,0.17691935248940266,1.5467002771581393,1.4182809192841561,0.37482743390541073,45,sugarbeet,well-drained soil
25801,1.3844123213239463,0.17449124089587287,-0.6043429600973992,-0.8975029591088394,1.6561775355314885,1.2046684299975257,-0.8798058151702786,-0.4443545615428123,0.07759046498649996,1.8276277012604225,0.7125422056833943,0.5278834938238158,45,sugarbeet,well-drained soil
25864,1.3844123213239463,0.17449124089587287,-0.09597647149880119,-0.8975029591088394,1.5023015959960477,1.3293834058702816,-0.1291355618452885,-0.5510014908766085,-0.09515542632289622,1.7773564780000142,1.6632480760711974,0.15617591973625977,45,sugarbeet,well-drained soil
25924,1.3844123213239463,0.17449124089587287,-0.09597647149880119,-0.8975029591088394,0.11741814017708838,1.1404213212145908,-0.1973783121475601,-0.27259687535259297,0.28920418184051055,1.7862278703400858,1.0391650813994495,0.6991605132563173,45,sugarbeet,well-drained soil
25947,-0.33560964708681384,0.17449124089587287,-0.6043429600973992,-0.8975029591088394,0.27129407971252784,1.2991494723253711,0.0073499387592553065,-0.7342658194423162,0.3583025383642688,1.3130869455362406,0.8466908867810601,0.45499965576743223,45,sugarbeet,clay Loamy soil 
25948,1.3844123213239463,0.17449124089587287,-0.09597647149880119,-0.8975029591088394,-0.8058374970355525,0.9495696157123432,-0.0608928115430169,-0.2546352872542694,0.030085344876416262,1.8098849165802784,0.9983372219349423,0.3602506662941338,45,sugarbeet,well-drained soil
25956,-0.33560964708681384,0.17449124089587287,-0.09597647149880119,-0.8975029591088394,-0.3442096784292314,1.2764740221666884,-1.4598691927395895,-0.6054475547996518,0.2719295927095707,1.2894298992960485,1.2724671354823458,0.8449281893690844,45,sugarbeet,clay Loamy soil 
25984,1.3844123213239463,0.17449124089587287,-0.09597647149880119,-0.8975029591088394,-0.036457799358352465,0.9495696157123432,-0.9651092530481183,-0.5546499384590804,0.3583025383642688,0.8695173285326355,0.9633419138225082,0.4841531909899861,45,sugarbeet,well-drained soil
26012,0.8110716651870262,-1.0687588504872214,0.9207565056983947,-0.8975029591088394,0.7329218983188477,-0.12184540428542323,0.877445005113221,-0.4993619250939283,0.36262118564700346,1.354486776456577,-0.27899152416891543,1.5701223780301012,52,tomato,sandy Loamy soil
26033,0.8110716651870262,-1.0687588504872214,-0.09597647149880119,1.114202454544477,0.11741814017708838,-0.09161147074051282,-0.5556527512344875,-0.4892585317886212,0.3798957747779433,1.5289574924779952,0.6658817948668152,1.7887738921992518,52,tomato,sandy Loamy soil
26043,0.8110716651870262,-1.0687588504872214,-0.09597647149880119,1.114202454544477,1.0406737773897279,0.36378715327970185,-0.5556527512344875,-0.30234575564044147,0.522411135108195,1.3899723458168658,1.7332386922960665,1.9126764168951036,52,tomato,sandy Loamy soil
26064,0.8110716651870262,-1.0687588504872214,-0.6043429600973992,-0.8975029591088394,0.11741814017708838,0.2428514191000599,-0.6750775642634631,-0.6888005495684347,0.4576314258671715,0.7009608740712655,1.1033231462722457,1.0417145521213202,52,tomato,sandy Loamy soil
26090,0.8110716651870262,-1.0687588504872214,0.4123900170997968,-0.8975029591088394,-0.036457799358352465,0.0614478178305966,-0.5897741263856233,-0.7673824974986004,0.4446754840189669,1.6708997699191492,1.1499835570888255,1.063579703538235,52,tomato,sandy Loamy soil
26109,0.8110716651870262,-1.0687588504872214,-0.6043429600973992,1.114202454544477,-0.036457799358352465,-0.2144368257667118,-0.2485603748742641,-0.6840295027298174,0.5008178986945205,0.9523169903733084,0.006803492082632595,1.4389314695286104,52,tomato,sandy Loamy soil
26119,0.8110716651870262,-1.0687588504872214,-0.6043429600973992,1.114202454544477,0.7329218983188477,0.20694862301547853,-0.9480485654725508,-0.6545612722560054,0.3669398329297387,1.1800160604351593,-0.25566131876062587,1.001628441190309,52,tomato,sandy Loamy soil
26133,0.8110716651870262,-1.0687588504872214,-0.09597647149880119,1.114202454544477,0.4251700192479687,0.11057795984107636,-0.18031762457199252,-0.4892585317886212,0.28488553455777527,1.3160440763162646,1.371620508467577,2.280739799079841,52,tomato,sandy Loamy soil
26137,0.8110716651870262,-1.0687588504872214,0.9207565056983947,1.114202454544477,0.4251700192479687,0.3978003285177264,0.024410626334822903,-0.5173235131922518,0.2201058253167517,0.7896747974719865,1.2316392760178387,2.036578941590956,52,tomato,sandy Loamy soil
26193,0.8110716651870262,-1.0687588504872214,-0.09597647149880119,1.114202454544477,0.4251700192479687,-0.36371687264470765,-0.8627451275947109,-0.60937665219616,0.16396341064119807,0.8399460207323952,1.1266533516805355,1.2895196015130244,52,tomato,sandy Loamy soil
26200,0.8110716651870262,-1.0687588504872214,0.4123900170997968,-0.8975029591088394,1.3484256564606083,-0.2786839345496468,0.8433236299620851,-0.7586823532634749,0.5612789606528095,0.8192461052722269,1.35412285441136,1.6247852565723888,52,tomato,sandy Loamy soil
26206,0.8110716651870262,-1.0687588504872214,-1.621075937294595,-0.8975029591088394,-0.036457799358352465,-0.2767943137030897,-0.9309878778969826,-0.6573677703963684,0.5958281389146886,1.0706022215742699,1.8090618598730077,1.3842685909863228,52,tomato,sandy Loamy soil
26246,0.8110716651870262,-1.0687588504872214,-1.621075937294595,-0.8975029591088394,1.1945497169251689,0.004759192433889368,0.6385953790552698,-0.7718728945231814,0.5526416660873394,1.9636557171415279,0.024301146138850073,0.8740817245916378,52,tomato,sandy Loamy soil
26248,0.8110716651870262,-1.0687588504872214,-0.09597647149880119,-0.8975029591088394,0.27129407971252784,-0.07649450396805761,-1.0162913157748223,-0.4409867637743765,0.40580765847435246,0.6092898198905206,1.4357785733403732,1.0234935926072244,52,tomato,sandy Loamy soil
26293,0.8110716651870262,-1.0687588504872214,-0.09597647149880119,1.114202454544477,0.4251700192479687,0.35811829074003143,-0.6409561891123273,-0.4081507355321289,0.5871908443492186,1.351529645676553,0.21677534075723945,2.2698072233713833,52,tomato,sandy Loamy soil
26407,0.8110716651870262,-1.0687588504872214,0.9207565056983947,1.114202454544477,-0.036457799358352465,-0.30513862640144335,-1.0333520033503905,-0.27035167684030265,0.3453465965160642,1.103130660154534,1.7040759355357045,1.9746276792430297,52,tomato,sandy Loamy soil
26418,0.8110716651870262,-1.0687588504872214,-0.09597647149880119,-0.8975029591088394,0.8867978378542885,-0.18231327137524433,0.2973816275439105,-0.6307060380629194,0.172600705206668,1.5437431463781153,0.520068011065005,1.3915569747919612,52,tomato,sandy Loamy soil
26467,0.8110716651870262,-1.0687588504872214,0.9207565056983947,1.114202454544477,1.0406737773897279,-0.18231327137524433,-0.09501418669415271,-0.7553145554950391,0.21578717803401704,1.818756308920351,1.4999366382131702,1.7413993974626025,52,tomato,sandy Loamy soil
26495,0.8110716651870262,-1.0687588504872214,0.4123900170997968,1.114202454544477,0.8867978378542885,0.08979213052895021,-1.1186554412282304,-0.6587710194665499,0.32375336010238964,2.031669725082081,0.49090525430464294,1.2749428339017475,52,tomato,sandy Loamy soil
26575,0.8110716651870262,-1.0687588504872214,0.4123900170997968,1.114202454544477,0.8867978378542885,0.24852028163973056,-0.4362279382055119,-0.7839408365267424,0.5396857242391349,0.8931743747728278,0.8466908867810601,1.078156471149512,52,tomato,sandy Loamy soil
26580,0.8110716651870262,-1.0687588504872214,0.4123900170997968,-0.8975029591088394,0.7329218983188477,0.1691562060843404,0.3997457529973185,-0.24565449320510785,0.29352282912324523,0.8665601977526113,1.4766064328048802,0.8667933407859998,52,tomato,sandy Loamy soil
26593,0.8110716651870262,-1.0687588504872214,-0.09597647149880119,1.114202454544477,0.4251700192479687,0.09546099306862114,-1.0674733785015265,-0.5925376633539817,0.5483230188046049,0.8872601132127796,1.0100023246390875,1.4972385399737176,52,tomato,sandy Loamy soil
26646,0.8110716651870262,-1.0687588504872214,-1.621075937294595,-0.8975029591088394,0.8867978378542885,-0.07271526227494374,-0.6921382518390313,-0.29252301214917076,0.1985125889030772,1.387015215036841,1.4824389841569523,1.1218867739833422,52,tomato,sandy Loamy soil
26668,0.8110716651870262,-1.0687588504872214,-0.09597647149880119,-0.8975029591088394,0.7329218983188477,0.24663066079317375,-0.23149968729869652,-0.4741034418306608,0.48354330956358127,0.7601034896717462,-0.1215126376629602,1.2312125310679176,52,tomato,sandy Loamy soil
26681,0.8110716651870262,-1.0687588504872214,-1.621075937294595,1.114202454544477,0.4251700192479687,-0.04626057042314692,-0.026771436391880492,-0.3758760069179537,0.23738041444769156,1.709342470059461,1.2083090706095496,0.914167835522649,52,tomato,sandy Loamy soil
26735,0.8110716651870262,-1.0687588504872214,0.4123900170997968,1.114202454544477,0.27129407971252784,0.15214961846532837,-0.4703493133566477,-0.5790664722802391,0.20714988346854712,1.6708997699191492,-0.3489821403937841,1.8106390436161668,52,tomato,sandy Loamy soil
26749,0.8110716651870262,-1.0687588504872214,-0.6043429600973992,1.114202454544477,0.11741814017708838,-0.12940388767165098,-0.026771436391880492,-0.72107527818261,0.5267297823909303,0.9050028978929241,1.0100023246390875,1.858013538352816,52,tomato,sandy Loamy soil
26769,0.8110716651870262,-1.0687588504872214,-0.6043429600973992,1.114202454544477,0.5790459587834081,-0.29569052216865876,0.1438354393637991,-0.4148863310690002,0.5526416660873394,1.2776013761759522,1.7624014490564286,2.28438399098266,52,tomato,sandy Loamy soil
26779,0.8110716651870262,-1.0687588504872214,-0.6043429600973992,1.114202454544477,-0.19033373889379193,0.34489094481413274,-0.8798058151702786,-0.616673547361104,0.16396341064119807,1.1534018834149427,1.8265595139292248,1.063579703538235,52,tomato,sandy Loamy soil
26794,0.8110716651870262,-1.0687588504872214,-0.6043429600973992,-0.8975029591088394,0.8867978378542885,0.4355927454488645,-0.5385920636589193,-0.30094250657025995,0.21146853075128177,1.2095873682353995,-0.37231234580207406,2.1750582338980844,52,tomato,sandy Loamy soil
26800,0.8110716651870262,-1.0687588504872214,0.4123900170997968,-0.8975029591088394,0.8867978378542885,0.05577895529092593,0.55329194117743,-0.5462304440379911,0.1941939416203425,1.4786862692175868,0.875853643541422,0.9506097545508408,52,tomato,sandy Loamy soil
26803,0.8110716651870262,-1.0687588504872214,-0.09597647149880119,1.114202454544477,1.1945497169251689,0.4998398542317995,-0.6580168766878955,-0.7205139785545372,0.2719295927095707,1.7300423855196299,1.7857316544647177,1.8106390436161668,52,tomato,sandy Loamy soil
26846,0.8110716651870262,-1.0687588504872214,-1.621075937294595,-0.8975029591088394,0.7329218983188477,0.46015781645410403,-0.35092450032767214,-0.6652259651893851,0.47058736771537607,0.8872601132127796,1.6515829733670526,1.078156471149512,52,tomato,sandy Loamy soil
26857,0.8110716651870262,-1.0687588504872214,0.9207565056983947,1.114202454544477,1.3484256564606083,0.41480691613673865,0.21207818966607073,-0.6312673376909921,0.16828205792393272,1.2214158913554953,-0.28482407552098793,1.1328193496917998,52,tomato,sandy Loamy soil
26870,0.8110716651870262,-1.0687588504872214,0.4123900170997968,-0.8975029591088394,0.5790459587834081,0.4242550203695232,0.05853200148595931,-0.38401485152500653,0.28488553455777527,1.0085024751937652,1.5757598057901114,1.2858754096102054,52,tomato,sandy Loamy soil
26872,0.8110716651870262,-1.0687588504872214,0.9207565056983947,-0.8975029591088394,-0.036457799358352465,0.5603077213216203,0.16089612693936672,-0.2650193303736129,0.36262118564700346,1.7684850856599417,1.3016298922427079,1.446219853334249,52,tomato,sandy Loamy soil
26904,0.8110716651870262,-1.0687588504872214,-0.6043429600973992,-0.8975029591088394,1.0406737773897279,0.2579683858725151,-0.5897741263856233,-0.645019178578771,0.2460177090131615,0.6270326045706647,1.5874249084942564,1.3660476314722267,52,tomato,sandy Loamy soil
26947,0.8110716651870262,-1.0687588504872214,0.9207565056983947,1.114202454544477,1.3484256564606083,-0.10483881666641122,-0.3850458754788079,-0.7586823532634749,0.4403568367362322,1.5437431463781153,0.9283466057100733,2.0730208606191476,52,tomato,sandy Loamy soil
26965,0.8110716651870262,-1.0687588504872214,0.4123900170997968,1.114202454544477,0.27129407971252784,-0.1653066837562323,-0.0438321239674487,-0.5004845243500735,0.2719295927095707,1.443200699857298,0.7417049624437564,1.8069948517133478,52,tomato,sandy Loamy soil
26995,0.8110716651870262,-1.0687588504872214,0.4123900170997968,1.114202454544477,0.4251700192479687,0.41480691613673865,-1.0504126909259581,-0.2689484277701211,0.3453465965160642,0.6004184275504482,1.8323920652812968,1.3842685909863228,52,tomato,sandy Loamy soil
27018,-1.100063855269374,-1.0687588504872214,-0.09597647149880119,-0.8975029591088394,-0.9597134365709921,0.08979213052895021,-0.2485603748742641,-1.1948121642758942,0.4619500731499067,0.9641455134934047,1.4824389841569523,1.6466504079893036,31,onion,Loamy soil
27020,-1.100063855269374,-1.0687588504872214,0.4123900170997968,-0.8975029591088394,-1.2674653156418723,0.04255160936502752,-0.29974243760096814,-1.3907057344732356,0.40148901119161784,1.8305848320404463,0.10012431371579124,0.8959468760085532,31,onion,Loamy soil
27035,-1.100063855269374,-1.0687588504872214,0.4123900170997968,1.114202454544477,-0.3442096784292314,0.11435720153419023,-0.5897741263856233,-1.1313853063036892,0.2589736508613661,0.9937168212936451,0.6133888326981636,1.3769802071806847,31,onion,Loamy soil
27037,-1.100063855269374,-1.0687588504872214,0.9207565056983947,1.114202454544477,-0.49808561796467227,-0.13129350851820776,-0.4703493133566477,-1.4631133864946027,0.3583025383642688,1.5260003616979714,0.6833794489230323,0.8886584922029147,31,onion,Loamy soil
27118,-1.100063855269374,-1.0687588504872214,-0.09597647149880119,-0.8975029591088394,-0.6519615575001118,0.034993125978800055,-0.6068348139611915,-1.3255949776168128,0.4576314258671715,1.3397011225564568,1.35412285441136,1.9709834873402108,31,onion,Loamy soil
27119,-1.100063855269374,-1.0687588504872214,-0.6043429600973992,1.114202454544477,-1.2674653156418723,-0.01791625772479331,-0.1291355618452885,-1.1016364260158407,0.574234902501014,1.2569014607157838,1.5932574598463285,1.034426168315682,31,onion,Loamy soil
27204,-1.100063855269374,-1.0687588504872214,-0.6043429600973992,-0.8975029591088394,-0.3442096784292314,0.1370326516928729,-0.5727134388100558,-1.0171608319909127,0.522411135108195,1.4343293075172263,1.6515829733670526,2.1349721229670737,31,onion,Loamy soil
27225,-1.100063855269374,-1.0687588504872214,0.4123900170997968,1.114202454544477,-0.8058374970355525,0.18805241454990945,-0.7774416897168711,-1.3087559887746345,0.16828205792393272,0.8310746283923232,1.6224202166066906,1.7231784379485067,31,onion,Loamy soil
27242,-1.100063855269374,-1.0687588504872214,0.9207565056983947,-0.8975029591088394,-0.6519615575001118,-0.11239730005263869,-0.4191672506299437,-1.4125964199680676,0.1985125889030772,1.443200699857298,0.4209146380797738,2.2406536881488295,31,onion,Loamy soil
27255,-1.100063855269374,-1.0687588504872214,0.4123900170997968,1.114202454544477,-0.6519615575001118,-0.12751426682509417,-0.026771436391880492,-1.2610455203884625,0.5440043715218695,1.42250078439713,1.365787957115504,1.9126764168951036,31,onion,Loamy soil
27259,-1.100063855269374,-1.0687588504872214,-0.6043429600973992,1.114202454544477,-0.8058374970355525,-0.1577482003700046,-0.4191672506299437,-0.9528920245765987,0.1855566470548726,0.899088636332876,0.1992776867010224,0.9906958654818515,31,onion,Loamy soil
27289,-1.100063855269374,-1.0687588504872214,-0.6043429600973992,1.114202454544477,-0.9597134365709921,-0.014137016031679708,-0.11207487426972029,-1.147943645331831,0.3539838910815341,1.3574439072366011,0.17594748129273283,1.0562913197325967,31,onion,Loamy soil
27320,-1.100063855269374,-1.0687588504872214,0.4123900170997968,-0.8975029591088394,-0.49808561796467227,0.18805241454990945,-0.1973783121475601,-1.030070723436583,0.24169906173042624,1.011459605973789,-0.40730765391450824,2.102174395841701,31,onion,Loamy soil
27362,-1.100063855269374,-1.0687588504872214,0.9207565056983947,-0.8975029591088394,-1.1135893761064315,0.1219156849204177,-0.8115630648680069,-1.3236304289185588,0.16828205792393272,0.5945041659904005,0.32759381644661517,1.1218867739833422,31,onion,Loamy soil
27372,-1.100063855269374,-1.0687588504872214,0.9207565056983947,-0.8975029591088394,-0.19033373889379193,-0.1596378212165614,-0.6580168766878955,-1.3182980824518689,0.4446754840189669,0.8340317591723471,1.0041697732870152,1.7887738921992518,31,onion,Loamy soil
27417,-1.100063855269374,-1.0687588504872214,0.9207565056983947,1.114202454544477,-0.3442096784292314,0.05388933444436913,-0.6921382518390313,-1.2088446549777094,0.31511606553691973,0.6595610431509289,0.9341791570621462,1.832504195033082,31,onion,Loamy soil
27434,-1.100063855269374,-1.0687588504872214,-0.6043429600973992,-0.8975029591088394,-1.1135893761064315,-0.15585857952344778,-0.6921382518390313,-1.0831135382894446,0.29352282912324523,1.8246705704803985,0.776700270556191,1.3806243990835037,31,onion,Loamy soil
27437,-1.100063855269374,-1.0687588504872214,0.9207565056983947,1.114202454544477,-0.19033373889379193,-0.12751426682509417,-0.6580168766878955,-1.4754619783122,0.4662687204326414,1.0706022215742699,0.6483841408105977,2.040223133493775,31,onion,Loamy soil
27441,-1.100063855269374,-1.0687588504872214,-1.621075937294595,1.114202454544477,-0.8058374970355525,0.04255160936502752,-0.6750775642634631,-1.1577663888231018,0.5008178986945205,1.5881001080784758,0.3509240218549051,0.9360329869395639,31,onion,Loamy soil
27447,-1.100063855269374,-1.0687588504872214,0.9207565056983947,1.114202454544477,-1.1135893761064315,0.06333743867715366,-0.0779534991185845,-1.2043542579531286,0.29352282912324523,0.9197885517930442,0.6775468975709598,1.8908112654781888,31,onion,Loamy soil
27469,-1.100063855269374,-1.0687588504872214,-0.6043429600973992,1.114202454544477,-0.19033373889379193,-0.027364361957577847,-0.026771436391880492,-1.4998785121333589,0.1941939416203425,1.4668577460974905,0.10595686506786374,1.4207105100145145,31,onion,Loamy soil
27474,-1.100063855269374,-1.0687588504872214,-0.6043429600973992,-0.8975029591088394,-1.1135893761064315,-0.010357774338565839,-0.5044706885077835,-1.0463484126506883,0.36262118564700346,0.6270326045706647,0.263435751573819,1.7814855083936134,31,onion,Loamy soil
27478,-1.100063855269374,-1.0687588504872214,-0.09597647149880119,-0.8975029591088394,-0.6519615575001118,-0.0783841248146144,-0.5215313760833518,-1.1288594579773623,0.2546550035786308,1.5230432309179474,1.359955405763432,2.000137022562764,31,onion,Loamy soil
27483,-1.100063855269374,-1.0687588504872214,-0.09597647149880119,1.114202454544477,-0.8058374970355525,0.11435720153419023,-0.5044706885077835,-1.312965735985179,0.16828205792393272,1.9340844093412874,-0.31398683228135,2.207855961023457,31,onion,Loamy soil
27520,-1.100063855269374,-1.0687588504872214,0.4123900170997968,-0.8975029591088394,-0.6519615575001118,-0.09916995412674055,-0.40210656305437614,-1.1664665330582273,0.531048429673665,1.7300423855196299,0.5433982164732946,1.938185760214838,31,onion,Loamy soil
27525,-1.100063855269374,-1.0687588504872214,0.4123900170997968,1.114202454544477,-0.6519615575001118,-0.02547474111102105,-0.6068348139611915,-0.9540146238327438,0.26329229814410077,1.2805585069559762,1.5116017409173144,2.2042117691206378,31,onion,Loamy soil
27569,-1.100063855269374,-1.0687588504872214,-0.6043429600973992,1.114202454544477,-0.9597134365709921,0.1691562060843404,-0.4874100009322159,-1.4734974296139458,0.26329229814410077,1.694556816159341,1.30746244359478,1.5737665699329202,31,onion,Loamy soil
27628,-1.100063855269374,-1.0687588504872214,-0.09597647149880119,-0.8975029591088394,-0.3442096784292314,-0.17475478798901686,-0.7603810021413029,-1.3020203932377632,0.267610945426836,0.7127893971913618,1.4182809192841561,1.2895196015130244,31,onion,Loamy soil
27689,-1.100063855269374,-1.0687588504872214,-0.6043429600973992,1.114202454544477,-0.8058374970355525,-0.029253982804134916,-0.3168031251765363,-1.475181328498164,0.3064787709714498,0.5915470352103761,1.5290993949735323,0.9323887950367449,31,onion,Loamy soil
27719,-1.100063855269374,-1.0687588504872214,-0.6043429600973992,1.114202454544477,-0.49808561796467227,0.029324263439129382,-0.7433203145657353,-1.3786377924696744,0.582872197066484,1.5733144541783557,0.3742542272631947,1.1546845011087146,31,onion,Loamy soil
27772,-1.100063855269374,-1.0687588504872214,0.9207565056983947,-0.8975029591088394,-0.49808561796467227,-0.12184540428542323,-0.0779534991185845,-1.3780764928416018,0.5137738405427251,0.7660177512317944,0.8816861948934942,1.1109541982748843,31,onion,Loamy soil
27797,-1.100063855269374,-1.0687588504872214,0.9207565056983947,1.114202454544477,-1.1135893761064315,-0.03492284534380558,-0.6921382518390313,-1.1608535367775012,0.5051365459772558,0.7837605359119384,1.2957973408906358,1.2202799553594597,31,onion,Loamy soil
27799,-1.100063855269374,-1.0687588504872214,-0.6043429600973992,1.114202454544477,-0.49808561796467227,-0.08216336650772828,-0.3679851879032397,-1.3595536051152057,0.23738041444769156,1.1888874527752311,0.7825328219082635,0.8667933407859998,31,onion,Loamy soil
27807,-1.100063855269374,-1.0687588504872214,0.9207565056983947,1.114202454544477,-0.49808561796467227,-0.02547474111102105,-0.3168031251765363,-1.4260676110418102,0.4533127785844368,1.694556816159341,1.0741603895118836,0.9542539464536598,31,onion,Loamy soil
27809,-1.100063855269374,-1.0687588504872214,-0.6043429600973992,1.114202454544477,-0.3442096784292314,0.15403923931188518,-0.7262596269901671,-1.1033203249000585,0.3194347128196544,1.5555716694982116,0.8641885408372771,1.114598390177704,31,onion,Loamy soil
27940,-1.100063855269374,-1.0687588504872214,0.4123900170997968,-0.8975029591088394,-1.2674653156418723,0.1653769643912265,-0.4874100009322159,-1.0519614089314144,0.38421442206067796,0.5708471197502079,1.6690806274232697,1.9454741440204764,31,onion,Loamy soil
27967,-1.100063855269374,-1.0687588504872214,0.9207565056983947,1.114202454544477,-0.8058374970355525,-0.07649450396805761,-0.09501418669415271,-1.1080913717386758,0.38853306934341325,1.7773564780000142,1.3132949949468529,1.0818006630523311,31,onion,Loamy soil
27974,-1.100063855269374,-1.0687588504872214,-0.6043429600973992,-0.8975029591088394,-0.49808561796467227,-0.0783841248146144,-0.5556527512344875,-1.1061268230404215,0.41444495303982243,1.2066302374553752,-0.29065662687306,1.8179274274218051,31,onion,Loamy soil
27989,-1.100063855269374,-1.0687588504872214,-0.6043429600973992,1.114202454544477,-0.9597134365709921,0.15025999761877132,-0.3679851879032397,-1.3006171441675816,0.3194347128196544,0.9050028978929241,1.1966439679054046,1.8980996492838271,31,onion,Loamy soil
27991,-1.100063855269374,-1.0687588504872214,-1.621075937294595,1.114202454544477,-1.1135893761064315,0.180493931163682,-0.3679851879032397,-1.3222271798483771,0.5915094916319539,0.9523169903733084,-0.028191816029801538,1.9709834873402108,31,onion,Loamy soil
28000,-1.100063855269374,-1.0687588504872214,0.4123900170997968,-0.8975029591088394,-0.9597134365709921,0.20127976047580787,0.3485636902706145,-1.0870426356859528,0.479224662280846,1.3071726839761926,1.1383184543846805,0.9724749059677557,15,chillies,Loamy soil
28003,-1.195620631292194,-1.0687588504872214,-0.09597647149880119,1.114202454544477,0.27129407971252784,0.20127976047580787,0.22913887724163892,-1.0870426356859528,0.531048429673665,0.6506896508108568,0.030133697490922567,1.1182425820805229,15,chillies,Laterite soil
28010,-1.100063855269374,-1.0687588504872214,0.4123900170997968,-0.8975029591088394,0.11741814017708838,0.20127976047580787,0.5362312536018617,-1.0870426356859528,0.22442447259948697,0.76306062045177,0.8991838489497116,1.4644408128483448,15,chillies,Loamy soil
28032,-1.100063855269374,-1.0687588504872214,0.9207565056983947,-0.8975029591088394,0.27129407971252784,0.20127976047580787,-0.1632569369964243,-1.0870426356859528,0.4576314258671715,2.0080126788418884,0.7592026164999739,2.2989607585939367,15,chillies,Loamy soil
28051,-1.195620631292194,-1.0687588504872214,-1.621075937294595,1.114202454544477,-0.3442096784292314,0.20127976047580787,0.2461995648172065,-1.0870426356859528,0.1941939416203425,2.013926940401937,-0.14484284307124975,1.1255309658861612,15,chillies,Laterite soil
28092,-1.100063855269374,-1.0687588504872214,0.9207565056983947,-0.8975029591088394,-0.8058374970355525,0.20127976047580787,0.2973816275439105,-1.0870426356859528,0.42308224760529234,1.8276277012604225,-0.2964891782251325,1.9564067197289339,15,chillies,Loamy soil
28125,-1.195620631292194,-1.0687588504872214,0.4123900170997968,1.114202454544477,-0.8058374970355525,0.20127976047580787,0.48504919087515835,-1.0870426356859528,0.21146853075128177,1.549657407938163,-0.09818243225467063,1.3660476314722267,15,chillies,Laterite soil
28126,-1.100063855269374,-1.0687588504872214,-1.621075937294595,-0.8975029591088394,0.27129407971252784,0.20127976047580787,0.3485636902706145,-1.0870426356859528,0.3539838910815341,0.6447753892508087,-0.03402436738187403,1.821571619324624,15,chillies,Loamy soil
28162,-1.100063855269374,-1.0687588504872214,0.9207565056983947,-0.8975029591088394,-0.6519615575001118,0.20127976047580787,0.8603843175376533,-1.0870426356859528,0.41012630575708775,1.7063853392794373,-0.37231234580207406,1.3660476314722267,15,chillies,Loamy soil
28173,-1.195620631292194,-1.0687588504872214,-0.09597647149880119,1.114202454544477,-0.49808561796467227,0.20127976047580787,0.26326025239277473,-1.0870426356859528,0.3410279492333289,1.514171838577875,0.39175188131941174,2.182346617703723,15,chillies,Laterite soil
28199,-1.195620631292194,-1.0687588504872214,-0.6043429600973992,1.114202454544477,-0.036457799358352465,0.20127976047580787,-0.0779534991185845,-1.0870426356859528,0.22442447259948697,0.9257028133530919,1.7565688977043556,2.2406536881488295,15,chillies,Laterite soil
28234,-1.100063855269374,-1.0687588504872214,-0.6043429600973992,-0.8975029591088394,-0.3442096784292314,0.20127976047580787,0.7580201920842453,-1.0870426356859528,0.3323906546678596,1.354486776456577,0.8116955786686255,1.9418299521176574,15,chillies,Loamy soil
28259,-1.195620631292194,-1.0687588504872214,-0.6043429600973992,1.114202454544477,-0.49808561796467227,0.20127976047580787,0.55329194117743,-1.0870426356859528,0.4662687204326414,0.9050028978929241,0.012636043434705087,1.690380710823134,15,chillies,Laterite soil
28264,-1.100063855269374,-1.0687588504872214,-0.6043429600973992,-0.8975029591088394,-0.6519615575001118,0.20127976047580787,0.7580201920842453,-1.0870426356859528,0.29784147640597985,1.076516483134318,0.8700210921893496,1.165617076817172,15,chillies,Loamy soil
28269,-1.195620631292194,-1.0687588504872214,-0.6043429600973992,1.114202454544477,-0.036457799358352465,0.20127976047580787,-0.23149968729869652,-1.0870426356859528,0.18123799977213792,0.736446443431554,0.11178941641993623,1.8543693464499968,15,chillies,Laterite soil
28276,-1.100063855269374,-1.0687588504872214,-1.621075937294595,-0.8975029591088394,-0.8058374970355525,0.20127976047580787,0.5362312536018617,-1.0870426356859528,0.5440043715218695,1.014416736753813,1.0858254922160286,1.3514708638609505,15,chillies,Loamy soil
28330,-1.100063855269374,-1.0687588504872214,0.4123900170997968,-0.8975029591088394,-0.6519615575001118,0.20127976047580787,-0.1632569369964243,-1.0870426356859528,0.17691935248940266,1.2569014607157838,1.5174342922693873,1.7013132865315914,15,chillies,Loamy soil
28388,-1.100063855269374,-1.0687588504872214,-0.09597647149880119,-0.8975029591088394,-0.3442096784292314,0.20127976047580787,-0.0438321239674487,-1.0870426356859528,0.2546550035786308,0.9375313364731882,1.4766064328048802,1.4607966209455259,15,chillies,Loamy soil
28397,-1.195620631292194,-1.0687588504872214,0.9207565056983947,1.114202454544477,-0.3442096784292314,0.20127976047580787,0.2461995648172065,-1.0870426356859528,0.4360381894534969,0.8074175821521306,1.5174342922693873,2.2370094962460105,15,chillies,Laterite soil
28417,-1.195620631292194,-1.0687588504872214,0.9207565056983947,1.114202454544477,-0.8058374970355525,0.20127976047580787,0.6897774417819738,-1.0870426356859528,0.5353670769563996,1.6975139469393647,-0.29065662687306,1.832504195033082,15,chillies,Laterite soil
28421,-1.195620631292194,-1.0687588504872214,-1.621075937294595,1.114202454544477,0.11741814017708838,0.20127976047580787,-0.2144389997231283,-1.0870426356859528,0.4187636003225577,1.4165865228370815,0.28093340563003605,1.5701223780301012,15,chillies,Laterite soil
28452,-1.100063855269374,-1.0687588504872214,0.9207565056983947,-0.8975029591088394,-0.9597134365709921,0.20127976047580787,0.31444231511947873,-1.0870426356859528,0.5699162552182794,1.5644430618382832,0.09429176236371875,2.164125658189627,15,chillies,Loamy soil
28453,-1.195620631292194,-1.0687588504872214,-0.09597647149880119,1.114202454544477,-0.6519615575001118,0.20127976047580787,-0.23149968729869652,-1.0870426356859528,0.41012630575708775,1.9873127633817205,0.21677534075723945,1.6029201051554733,15,chillies,Laterite soil
28479,-1.195620631292194,-1.0687588504872214,-0.6043429600973992,1.114202454544477,-0.6519615575001118,0.20127976047580787,0.0073499387592553065,-1.0870426356859528,0.4662687204326414,1.3397011225564568,0.5667284218815841,1.4753733885568021,15,chillies,Laterite soil
28497,-1.195620631292194,-1.0687588504872214,0.9207565056983947,1.114202454544477,-0.9597134365709921,0.20127976047580787,-0.1973783121475601,-1.0870426356859528,0.21578717803401704,0.9966739520736689,1.5174342922693873,2.2406536881488295,15,chillies,Laterite soil
28557,-1.195620631292194,-1.0687588504872214,0.9207565056983947,1.114202454544477,-0.9597134365709921,0.20127976047580787,0.43386712814845435,-1.0870426356859528,0.3194347128196544,0.6595610431509289,0.6483841408105977,2.266163031468564,15,chillies,Laterite soil
28562,-1.100063855269374,-1.0687588504872214,0.9207565056983947,-0.8975029591088394,-0.8058374970355525,0.20127976047580787,-0.2656210624498323,-1.0870426356859528,0.2503363562958962,0.7305321818715058,1.4532762273965902,1.0927332387607884,15,chillies,Loamy soil
28580,-1.100063855269374,-1.0687588504872214,0.4123900170997968,-0.8975029591088394,-0.6519615575001118,0.20127976047580787,0.46798850329959013,-1.0870426356859528,0.4576314258671715,0.6270326045706647,1.5465970490297494,2.262518839565745,15,chillies,Loamy soil
28592,-1.100063855269374,-1.0687588504872214,0.9207565056983947,-0.8975029591088394,-0.036457799358352465,0.20127976047580787,0.05853200148595931,-1.0870426356859528,0.3194347128196544,1.7063853392794373,0.2576032002217465,0.9870516735790326,15,chillies,Loamy soil
28606,-1.100063855269374,-1.0687588504872214,-1.621075937294595,-0.8975029591088394,-0.19033373889379193,0.20127976047580787,0.48504919087515835,-1.0870426356859528,0.48354330956358127,1.2716871146159041,0.28676595698210855,1.7304668217541446,15,chillies,Loamy soil
28632,-1.100063855269374,-1.0687588504872214,0.9207565056983947,-0.8975029591088394,0.27129407971252784,0.20127976047580787,0.7921415672353811,-1.0870426356859528,0.22874311988222162,1.848327616720591,1.2782996868344179,1.8798786897697313,15,chillies,Loamy soil
28640,-1.100063855269374,-1.0687588504872214,0.4123900170997968,-0.8975029591088394,-0.3442096784292314,0.20127976047580787,0.1950175020905025,-1.0870426356859528,0.47058736771537607,2.002098417281841,-0.1215126376629602,1.1218867739833422,15,chillies,Loamy soil
28669,-1.195620631292194,-1.0687588504872214,-0.6043429600973992,1.114202454544477,-0.6519615575001118,0.20127976047580787,0.28032093996834234,-1.0870426356859528,0.2460177090131615,1.8985988399809994,-0.016526713325656965,2.0657324768135092,15,chillies,Laterite soil
28724,-1.100063855269374,-1.0687588504872214,-0.6043429600973992,-0.8975029591088394,-0.036457799358352465,0.20127976047580787,0.43386712814845435,-1.0870426356859528,0.18123799977213792,1.1238305756147025,1.2141416219616217,1.9308973764091995,15,chillies,Loamy soil
28808,-1.100063855269374,-1.0687588504872214,-0.09597647149880119,-0.8975029591088394,-0.8058374970355525,0.20127976047580787,-0.2826817500253999,-1.0870426356859528,0.4317195421707623,1.446157830637322,0.8408583354289876,0.8777259164944572,15,chillies,Loamy soil
28830,-1.100063855269374,-1.0687588504872214,0.4123900170997968,-0.8975029591088394,-0.19033373889379193,0.20127976047580787,0.4168064405728861,-1.0870426356859528,0.24169906173042624,1.165230406535039,-0.3489821403937841,1.832504195033082,15,chillies,Loamy soil
28860,-1.100063855269374,-1.0687588504872214,0.4123900170997968,-0.8975029591088394,-0.49808561796467227,0.20127976047580787,0.4168064405728861,-1.0870426356859528,0.21146853075128177,1.4284150459571778,0.5958911786419462,1.1984148039425448,15,chillies,Loamy soil
28865,-1.195620631292194,-1.0687588504872214,0.4123900170997968,1.114202454544477,0.11741814017708838,0.20127976047580787,-0.026771436391880492,-1.0870426356859528,0.3712584802124734,1.7389137778597015,-0.31981938363342205,2.0110695982712214,15,chillies,Laterite soil
28869,-1.195620631292194,-1.0687588504872214,-0.6043429600973992,1.114202454544477,-0.036457799358352465,0.20127976047580787,0.22913887724163892,-1.0870426356859528,0.5440043715218695,1.2302872836955678,0.22260789210931195,1.4571524290427063,15,chillies,Laterite soil
28966,-1.100063855269374,-1.0687588504872214,-1.621075937294595,-0.8975029591088394,-0.9597134365709921,0.20127976047580787,-0.1461962494208567,-1.0870426356859528,0.5699162552182794,1.0351166522139814,1.5640947030859664,2.0110695982712214,15,chillies,Loamy soil
29031,0.8110716651870262,-1.0687588504872214,-1.621075937294595,-0.8975029591088394,-0.9597134365709921,1.3142664390978267,-1.6304760684952693,-1.2529066757814096,0.9283639796852763,0.9493598595932846,2.310661276151235,0.8595049569803613,0,Cabbage,sandy Loamy soil
29097,0.8110716651870262,-1.0687588504872214,0.9207565056983947,-0.8975029591088394,-0.49808561796467227,1.2367919843889934,-2.4152676969713953,-1.2217545464233797,0.9974623362090346,0.6240754737906408,1.5116017409173144,1.9964928306599452,0,Cabbage,sandy Loamy soil
29100,0.8110716651870262,-1.0687588504872214,0.4123900170997968,-0.8975029591088394,-0.3442096784292314,0.03688274682535685,-1.4598691927395895,-1.14878559477394,0.9542758633816855,0.8488174130724673,2.118187081532845,1.3952011666947808,0,Cabbage,sandy Loamy soil
29152,0.8110716651870262,-1.0687588504872214,0.9207565056983947,-0.8975029591088394,-0.49808561796467227,-0.05948791634904533,-0.1632569369964243,-1.2416806832199574,0.96723180522989,1.5082575770178273,1.7507363463522836,1.180193844428449,0,Cabbage,sandy Loamy soil
29163,0.8110716651870262,-1.0687588504872214,-0.09597647149880119,-0.8975029591088394,-0.6519615575001118,1.3029287140184853,-0.7091989394145989,-1.3609568541853874,1.1831641693666353,1.1208734448346784,2.6431167032193623,2.3026049504967556,0,Cabbage,sandy Loamy soil
29171,0.8110716651870262,-1.0687588504872214,-1.621075937294595,-0.8975029591088394,-0.8058374970355525,0.7624971519032092,-1.1186554412282304,-1.419332015504939,0.8765402122924574,0.9611883827133805,2.8414234491898247,1.0271377845100433,0,Cabbage,sandy Loamy soil
29181,0.8110716651870262,-1.0687588504872214,-1.621075937294595,-0.8975029591088394,-0.8058374970355525,0.5943208965596449,-1.340444379710614,-1.0895684840122795,1.044967456319119,1.0262452598739094,1.5057691895652423,1.9600509116317533,0,Cabbage,sandy Loamy soil
29199,0.8110716651870262,-1.0687588504872214,-0.6043429600973992,-0.8975029591088394,-0.9597134365709921,0.3184362529623362,0.3656243778461821,-1.213054402188254,1.019055572622709,1.8424133551605426,1.7740665517605727,1.2348567229707366,0,Cabbage,sandy Loamy soil
29227,0.8110716651870262,-1.0687588504872214,0.9207565056983947,-0.8975029591088394,-0.6519615575001118,0.03877236767191392,-1.8863863821287885,-1.1751666772933527,0.8679029177269875,1.996184155721793,1.925712886914456,0.8813701083972763,0,Cabbage,sandy Loamy soil
29260,0.8110716651870262,-1.0687588504872214,0.4123900170997968,-0.8975029591088394,-0.3442096784292314,-0.2182160674598257,-0.2485603748742641,-1.1894798178092043,0.8722215650097227,0.656603912370905,1.925712886914456,0.9032352598141916,0,Cabbage,sandy Loamy soil
29271,0.8110716651870262,-1.0687588504872214,-1.621075937294595,-0.8975029591088394,-0.19033373889379193,0.9665762033313555,-0.2144389997231283,-1.238593535265558,1.0924725764292025,1.3042155531961688,1.1791463138491876,1.4134221262088766,0,Cabbage,sandy Loamy soil
29304,0.8110716651870262,-1.0687588504872214,-0.6043429600973992,-0.8975029591088394,-0.9597134365709921,1.1876618423785135,-1.9375684448554924,-1.2944428482587826,1.0838352818637327,1.6531569852390042,2.625619049163145,2.2442978800516493,0,Cabbage,sandy Loamy soil
29333,0.8110716651870262,-1.0687588504872214,-0.09597647149880119,-0.8975029591088394,-0.49808561796467227,0.029324263439129382,-1.9034470697043564,-1.2178254490268714,1.165889580235696,0.9493598595932846,1.2316392760178387,1.3879127828891422,0,Cabbage,sandy Loamy soil
29341,0.8110716651870262,-1.0687588504872214,-1.621075937294595,-0.8975029591088394,-0.9597134365709921,0.5206256835439254,-0.09501418669415271,-1.3850927381925096,0.8333537394651083,0.6122469506705445,1.2374718273699117,1.329605712444035,0,Cabbage,sandy Loamy soil
29388,0.8110716651870262,-1.0687588504872214,-0.09597647149880119,-0.8975029591088394,-0.8058374970355525,1.0478298997333026,-2.807663511209458,-1.2829362058832943,0.98450639436083,0.6950466125112174,2.1473498382932075,0.9214562193282875,0,Cabbage,sandy Loamy soil
29399,0.8110716651870262,-1.0687588504872214,-0.6043429600973992,-0.8975029591088394,-0.9597134365709921,-0.5451204739141706,-0.4362279382055119,-1.2613261702024987,0.8247164448996384,1.3781438226967695,1.2141416219616217,1.2312125310679176,0,Cabbage,sandy Loamy soil
29464,0.8110716651870262,-1.0687588504872214,-0.6043429600973992,-0.8975029591088394,-0.6519615575001118,0.057668576137482996,-1.8181436318265167,-1.1580470386371382,0.932682626968011,0.8961315055528516,2.8472560005418965,2.1313279310642543,0,Cabbage,sandy Loamy soil
29496,0.8110716651870262,-1.0687588504872214,-1.621075937294595,-0.8975029591088394,-0.19033373889379193,-0.25033962185129316,-2.7052993857560503,-1.1807796735740788,1.0406488090363837,1.8838131860808793,0.7417049624437564,1.9855602549514872,0,Cabbage,sandy Loamy soil
29548,0.8110716651870262,-1.0687588504872214,-0.09597647149880119,-0.8975029591088394,-0.8058374970355525,-0.1577482003700046,-1.4428085051640214,-1.2495388780129737,1.00178098349177,1.1386162295148226,1.6457504220149803,1.755976165073879,0,Cabbage,sandy Loamy soil
29551,0.8110716651870262,-1.0687588504872214,-1.621075937294595,-0.8975029591088394,-0.3442096784292314,-0.20687834238048408,-2.3299642590935554,-1.151592092914303,0.8851775068579273,0.8488174130724673,1.2141416219616217,2.142260506772712,0,Cabbage,sandy Loamy soil
29570,0.8110716651870262,-1.0687588504872214,0.4123900170997968,-0.8975029591088394,-0.6519615575001118,0.25040990248628736,-1.0504126909259581,-1.1316659561177254,1.0924725764292025,1.5585288002782356,0.794197924612408,2.0292905577853175,0,Cabbage,sandy Loamy soil
29580,0.8110716651870262,-1.0687588504872214,0.4123900170997968,-0.8975029591088394,-0.6519615575001118,0.8154065356068029,-0.026771436391880492,-1.1819022728302242,1.1054285182774073,0.8281174976122989,2.1065219788287,1.8106390436161668,0,Cabbage,sandy Loamy soil
29590,0.8110716651870262,-1.0687588504872214,0.4123900170997968,-0.8975029591088394,-0.3442096784292314,-0.42229511888797167,-0.7262596269901671,-1.1229658118826,1.0147369253399745,0.6092898198905206,2.2873310707429457,2.1349721229670737,0,Cabbage,sandy Loamy soil
29593,0.8110716651870262,-1.0687588504872214,-0.09597647149880119,-0.8975029591088394,-0.8058374970355525,0.9042187153949773,-1.3575050672861815,-1.4117544705259586,0.9801877470780953,1.4579863537574183,2.310661276151235,2.266163031468564,0,Cabbage,sandy Loamy soil
29598,0.8110716651870262,-1.0687588504872214,-0.09597647149880119,-0.8975029591088394,-0.3442096784292314,0.2579683858725151,-0.8798058151702786,-1.221193246795307,0.9974623362090346,0.7334893126515297,1.342457751707215,1.3842685909863228,0,Cabbage,sandy Loamy soil
29615,0.8110716651870262,-1.0687588504872214,0.4123900170997968,-0.8975029591088394,-0.8058374970355525,0.6755745929615916,-0.6750775642634631,-1.1925669657636038,0.8592656231615174,0.5885899044303523,0.8466908867810601,2.3062491423995755,0,Cabbage,sandy Loamy soil
29632,0.8110716651870262,-1.0687588504872214,0.9207565056983947,-0.8975029591088394,-0.8058374970355525,-0.4393017065069839,-3.012391762116274,-1.1454177970055044,1.0536047508845883,1.2894298992960485,1.6282527679587626,2.120395355355797,0,Cabbage,sandy Loamy soil
29680,0.8110716651870262,-1.0687588504872214,0.4123900170997968,-0.8975029591088394,-0.19033373889379193,1.2575778137011193,-0.4191672506299437,-1.1877959189249865,1.0320115144709137,0.5826756428703042,1.7157410382398488,1.83979257883872,0,Cabbage,sandy Loamy soil
29688,0.8110716651870262,-1.0687588504872214,-0.09597647149880119,-0.8975029591088394,-0.3442096784292314,0.5640869630147339,0.0073499387592553065,-1.1633793851038279,1.0579233981673235,1.3190012070962889,2.969739578935417,1.0927332387607884,0,Cabbage,sandy Loamy soil
29689,0.8110716651870262,-1.0687588504872214,-0.6043429600973992,-0.8975029591088394,-0.19033373889379193,0.7228151141255142,0.2461995648172065,-1.1327885553738706,1.0967912237119373,1.5940143696385236,0.8583559894852046,1.4790175804596217,0,Cabbage,sandy Loamy soil
29695,0.8110716651870262,-1.0687588504872214,0.4123900170997968,-0.8975029591088394,-0.6519615575001118,1.074284591585099,-1.4769298803151572,-1.186392669854805,1.0665606927327933,1.871984662960783,1.2083090706095496,0.9615423302592983,0,Cabbage,sandy Loamy soil
29703,0.8110716651870262,-1.0687588504872214,-0.09597647149880119,-0.8975029591088394,-0.49808561796467227,-0.5186657820623738,-2.091114633035604,-1.2270868928900693,0.8290350921823736,1.9902698941617443,2.042363913955904,1.3879127828891422,0,Cabbage,sandy Loamy soil
29755,0.8110716651870262,-1.0687588504872214,0.4123900170997968,-0.8975029591088394,-0.49808561796467227,-0.4279639814276423,-1.9205077572799243,-1.170676280268772,0.9283639796852763,1.3190012070962889,0.9341791570621462,1.1255309658861612,0,Cabbage,sandy Loamy soil
29784,0.8110716651870262,-1.0687588504872214,-0.6043429600973992,-0.8975029591088394,-0.8058374970355525,0.9930308951831522,0.26326025239277473,-1.2599229211323173,1.21339470034578,1.9488700632414078,2.1123545301807733,1.0490029359269588,0,Cabbage,sandy Loamy soil
29825,0.8110716651870262,-1.0687588504872214,0.4123900170997968,-0.8975029591088394,-0.6519615575001118,0.809737673067132,-0.1973783121475601,-1.3646053017678592,0.9801877470780953,0.7808034051319145,1.8148944112250798,1.2093473796510024,0,Cabbage,sandy Loamy soil
29886,0.8110716651870262,-1.0687588504872214,-1.621075937294595,-0.8975029591088394,-0.8058374970355525,0.5470803753957222,-2.159357383337876,-1.1647826341740095,0.9974623362090346,1.4284150459571778,2.8180932437815347,1.1729054606228104,0,Cabbage,sandy Loamy soil
29893,0.8110716651870262,-1.0687588504872214,-0.09597647149880119,-0.8975029591088394,-0.8058374970355525,-0.31269710978767107,-0.3168031251765363,-1.1529953419844847,0.9974623362090346,1.8985988399809994,1.8148944112250798,1.5591898023216437,0,Cabbage,sandy Loamy soil
29909,0.8110716651870262,-1.0687588504872214,-0.6043429600973992,-0.8975029591088394,-0.49808561796467227,0.8267442606861442,-0.18031762457199252,-1.260764870574426,0.9974623362090346,1.63541420055886,2.672279459979724,1.0307819764128627,0,Cabbage,sandy Loamy soil
29941,0.8110716651870262,-1.0687588504872214,-1.621075937294595,-0.8975029591088394,-0.3442096784292314,1.015706345341835,-2.3470249466691233,-1.1810603233881152,1.114065812842877,1.351529645676553,2.7714328329649556,2.1750582338980844,0,Cabbage,sandy Loamy soil
29994,0.8110716651870262,-1.0687588504872214,-0.6043429600973992,-0.8975029591088394,-0.3442096784292314,-0.1237350251319803,-2.9953310745407062,-1.116510866159765,0.9585945106644208,1.4284150459571778,1.0741603895118836,0.8595049569803613,0,Cabbage,sandy Loamy soil
30037,-1.195620631292194,-1.0687588504872214,0.9207565056983947,1.114202454544477,-0.8058374970355525,-1.006187960474056,-0.009710748816312897,2.5120105795156342,1.1615709329529609,1.159316144974991,1.1849788652012596,2.0110695982712214,6,bhendi,Laterite soil
30094,-1.100063855269374,-1.0687588504872214,-0.6043429600973992,-0.8975029591088394,0.11741814017708838,-0.8625767761357311,-0.026771436391880492,2.595924873912489,1.1227031074083471,1.599928631198572,2.6022888437548555,1.6357178322808463,6,bhendi,Loamy soil
30139,-1.195620631292194,-1.0687588504872214,-0.6043429600973992,1.114202454544477,0.27129407971252784,-0.8814729846013002,0.1438354393637991,0.9182002856034528,1.0924725764292025,0.7157465279713857,0.9925046705828703,1.6357178322808463,6,bhendi,Laterite soil
30153,-1.195620631292194,-1.0687588504872214,-0.09597647149880119,1.114202454544477,-0.3442096784292314,-0.9098172972996538,0.024410626334822903,1.8373284265723546,1.2306692894767197,0.9671026442734286,2.2814985193908726,1.9491183359232953,6,bhendi,Laterite soil
30156,-1.100063855269374,-1.0687588504872214,-1.621075937294595,-0.8975029591088394,-0.6519615575001118,-0.9287135057652228,-0.0438321239674487,1.7188942050490332,1.131340401973817,1.2095873682353995,1.0741603895118836,0.9433213707452024,6,bhendi,Loamy soil
30161,-1.195620631292194,-1.0687588504872214,-1.621075937294595,1.114202454544477,-0.6519615575001118,-0.8701352595219588,0.0073499387592553065,1.5246845337359096,1.209076053063045,1.6679426391391243,1.8557222706895868,1.2057031877481832,6,bhendi,Laterite soil
30213,-1.195620631292194,-1.0687588504872214,-0.09597647149880119,1.114202454544477,-0.8058374970355525,-1.0042983396274991,0.1097140642126627,1.0582445428075697,1.088153929146468,1.3958866073769136,1.908215232858239,1.7486877812682406,6,bhendi,Laterite soil
30222,-1.100063855269374,-1.0687588504872214,0.9207565056983947,-0.8975029591088394,-0.49808561796467227,-0.8625767761357311,0.0073499387592553065,0.9948176848353641,1.157252285670226,0.8340317591723471,1.394950713875866,2.196923385315,6,bhendi,Loamy soil
30247,-1.195620631292194,-1.0687588504872214,0.9207565056983947,1.114202454544477,-0.3442096784292314,-0.9797332686222594,0.16089612693936672,1.806176297214325,1.1529336383874915,1.7034282084994135,1.400783265227939,0.8923026841057337,6,bhendi,Laterite soil
30264,-1.100063855269374,-1.0687588504872214,-0.6043429600973992,-0.8975029591088394,-0.036457799358352465,-0.8720248803685157,0.22913887724163892,3.4569585033758754,1.0967912237119373,1.5969715004185483,2.63728415186729,1.522747883293452,6,bhendi,Loamy soil
30328,-1.100063855269374,-1.0687588504872214,-0.09597647149880119,-0.8975029591088394,-0.6519615575001118,-0.8909210888340847,-0.009710748816312897,1.6523801991224287,1.1788455220839007,1.2598585914958083,2.2873310707429457,2.0110695982712214,6,bhendi,Loamy soil
30383,-1.195620631292194,-1.0687588504872214,-0.09597647149880119,1.114202454544477,-0.19033373889379193,-0.8720248803685157,0.024410626334822903,1.9720403373097815,1.1011098709946725,1.9163416246611436,1.4649413301007352,1.8871670735753698,6,bhendi,Laterite soil
30389,-1.195620631292194,-1.0687588504872214,-0.6043429600973992,1.114202454544477,-0.036457799358352465,-0.9513889559239058,0.024410626334822903,1.5106520430340942,1.165889580235696,0.8902172439928039,1.8382246166333698,1.7778413164907945,6,bhendi,Laterite soil
30396,-1.100063855269374,-1.0687588504872214,-1.621075937294595,-0.8975029591088394,0.11741814017708838,-0.9872917520084871,0.3656243778461821,3.3562052201368413,1.0492861036018535,1.5555716694982116,1.1149882489763905,1.1546845011087146,6,bhendi,Loamy soil
30422,-1.100063855269374,-1.0687588504872214,0.9207565056983947,-0.8975029591088394,-0.6519615575001118,-0.8795833637547433,0.2973816275439105,1.761833626596588,1.1486149911047563,1.079473613914342,0.817528130020698,1.504526923779356,6,bhendi,Loamy soil
30487,-1.195620631292194,-1.0687588504872214,0.9207565056983947,1.114202454544477,-0.3442096784292314,-0.9910709937016009,0.33150300269504634,2.8434580098925113,1.0924725764292025,0.8576888054125392,2.473972714009262,1.511815307584994,6,bhendi,Laterite soil
30492,-1.100063855269374,-1.0687588504872214,0.9207565056983947,-0.8975029591088394,-0.3442096784292314,-0.883362605447857,0.041471313910391105,1.722542652631505,1.2349879367594543,1.7862278703400858,2.6489492545714346,1.901743841186646,6,bhendi,Loamy soil
30494,-1.100063855269374,-1.0687588504872214,-0.6043429600973992,-0.8975029591088394,-0.3442096784292314,-0.9098172972996538,0.22913887724163892,1.2440347196996036,1.088153929146468,0.8754315900926837,2.8355908978377515,1.1109541982748843,6,bhendi,Loamy soil
30545,-1.195620631292194,-1.0687588504872214,0.4123900170997968,1.114202454544477,0.27129407971252784,-0.9154861598393246,0.28032093996834234,1.5673433054694281,1.1874828166493707,0.9759740366135006,1.7449037950002106,1.3769802071806847,6,bhendi,Laterite soil
30560,-1.100063855269374,-1.0687588504872214,0.4123900170997968,-0.8975029591088394,0.11741814017708838,-0.8569079135960604,0.2461995648172065,3.4867073836637235,1.2393065840421895,1.8601561398406867,2.007368605843469,1.078156471149512,6,bhendi,Loamy soil
30578,-1.100063855269374,-1.0687588504872214,-0.09597647149880119,-0.8975029591088394,-0.19033373889379193,-0.8625767761357311,0.2973816275439105,2.8083767831379727,1.1011098709946725,0.7808034051319145,1.7507363463522836,1.0417145521213202,6,bhendi,Loamy soil
30588,-1.100063855269374,-1.0687588504872214,-0.09597647149880119,-0.8975029591088394,0.27129407971252784,-0.8474598093632759,0.31444231511947873,3.3306660870595377,1.2349879367594543,1.511214707797851,1.1091556976243184,1.114598390177704,6,bhendi,Loamy soil
30606,-1.100063855269374,-1.0687588504872214,-1.621075937294595,-0.8975029591088394,-0.49808561796467227,-0.9854021311619301,0.21207818966607073,3.0822910016374068,1.114065812842877,0.9641455134934047,1.0449976327515216,1.1328193496917998,6,bhendi,Loamy soil
30607,-1.195620631292194,-1.0687588504872214,0.9207565056983947,1.114202454544477,-0.49808561796467227,-0.907927676453097,0.1950175020905025,0.9661914038036609,1.2349879367594543,2.028712594302057,2.456475059953045,1.3113847529299392,6,bhendi,Laterite soil
30662,-1.100063855269374,-1.0687588504872214,0.9207565056983947,-0.8975029591088394,-0.036457799358352465,-0.8625767761357311,0.09265337663709511,1.3453493025667105,1.0536047508845883,0.7394035742115779,2.2465032112784384,2.01835798207686,6,bhendi,Loamy soil
30683,-1.195620631292194,-1.0687588504872214,-0.09597647149880119,1.114202454544477,-0.6519615575001118,-0.8701352595219588,0.3656243778461821,1.6462059032136305,1.0579233981673235,0.6595610431509289,1.9782058490831071,1.6211410646695694,6,bhendi,Laterite soil
30712,-1.100063855269374,-1.0687588504872214,0.9207565056983947,-0.8975029591088394,-0.036457799358352465,-0.8909210888340847,-0.0438321239674487,2.6896619118006155,1.1442963438220215,1.5260003616979714,2.7014422167400864,1.4279988938201529,6,bhendi,Loamy soil
30737,-1.195620631292194,-1.0687588504872214,0.9207565056983947,1.114202454544477,-0.49808561796467227,-1.0194153063999545,-0.09501418669415271,2.7862054478291043,1.0536047508845883,1.94295580168136,0.9050164003017841,1.3551150557637694,6,bhendi,Laterite soil
30774,-1.100063855269374,-1.0687588504872214,-0.6043429600973992,-0.8975029591088394,0.27129407971252784,-0.9759540269291456,0.38268506542175035,3.336840382968337,1.1486149911047563,1.2953441608560963,1.8498897193375148,1.5191036913906324,6,bhendi,Loamy soil
30811,-1.195620631292194,-1.0687588504872214,-1.621075937294595,1.114202454544477,-0.49808561796467227,-0.8795833637547433,-0.09501418669415271,3.5717442773167245,1.157252285670226,0.7216607895314339,2.613953946459,1.511815307584994,6,bhendi,Laterite soil
30881,-1.195620631292194,-1.0687588504872214,-1.621075937294595,1.114202454544477,-0.3442096784292314,-0.9513889559239058,0.26326025239277473,1.2614350081698547,1.209076053063045,2.0257554635220334,2.940576822175055,1.1911264201369063,6,bhendi,Laterite soil
30890,-1.100063855269374,-1.0687588504872214,0.4123900170997968,-0.8975029591088394,-0.3442096784292314,-0.9721747852360318,0.1097140642126627,1.2061469948047023,1.165889580235696,0.9730169058334768,2.1065219788287,2.032934749688137,6,bhendi,Loamy soil
30897,-1.195620631292194,-1.0687588504872214,0.9207565056983947,1.114202454544477,-0.8058374970355525,-1.0042983396274991,0.2973816275439105,2.039115642864459,1.21339470034578,0.8547316746325154,0.9166815030059288,2.200567577217819,6,bhendi,Laterite soil
30913,-1.195620631292194,-1.0687588504872214,-0.09597647149880119,1.114202454544477,-0.036457799358352465,-0.8795833637547433,0.26326025239277473,2.2942263238234606,1.1183844601256119,2.0109698096219133,2.403982097784394,1.6976690946287725,6,bhendi,Laterite soil
30917,-1.195620631292194,-1.0687588504872214,0.9207565056983947,1.114202454544477,0.11741814017708838,-0.9419408516911213,0.041471313910391105,3.021951291619601,1.114065812842877,0.9966739520736689,2.1356847355890625,1.183838036331268,6,bhendi,Laterite soil
30930,-1.100063855269374,-1.0687588504872214,0.4123900170997968,-0.8975029591088394,0.11741814017708838,-1.0005190979343854,0.38268506542175035,1.9156297246884841,1.157252285670226,0.7127893971913618,1.6049225625504735,1.9709834873402108,6,bhendi,Loamy soil
30936,-1.100063855269374,-1.0687588504872214,-1.621075937294595,-0.8975029591088394,-0.036457799358352465,-0.966505922696361,0.09265337663709511,2.1185395402367333,1.2349879367594543,1.5023433154577788,1.943210540970673,1.606564297058293,6,bhendi,Loamy soil
30947,-1.195620631292194,-1.0687588504872214,0.9207565056983947,1.114202454544477,-0.49808561796467227,-0.8587975344426173,0.024410626334822903,1.749485034778991,1.027692867188179,0.8576888054125392,1.0333325300473772,1.9236089926035616,6,bhendi,Laterite soil
30958,-1.100063855269374,-1.0687588504872214,-0.09597647149880119,-0.8975029591088394,-0.8058374970355525,-0.9381616099980074,-0.1291355618452885,3.2268256558661044,1.1702082275184307,1.95774145558148,1.8032293085209348,1.7997064679077093,6,bhendi,Loamy soil
30963,-1.195620631292194,-1.0687588504872214,-0.09597647149880119,1.114202454544477,0.11741814017708838,-0.8795833637547433,0.3656243778461821,2.6823650166356714,1.070879340015528,1.0972163985944863,1.8673873733937318,0.8813701083972763,6,bhendi,Laterite soil
31030,-1.100063855269374,-1.0687588504872214,0.4123900170997968,-0.8975029591088394,0.8867978378542885,0.3373324614279053,-0.4362279382055119,0.2516569772672263,0.8117605030514338,1.7507423009797978,1.4999366382131702,1.7924180841020707,10,brinjal,Loamy soil
31043,-1.195620631292194,-1.0687588504872214,-0.09597647149880119,1.114202454544477,1.1945497169251689,0.5508596170888358,-0.5044706885077835,0.1217161133684168,0.8117605030514338,1.869027532180759,1.7157410382398488,1.6466504079893036,10,brinjal,Laterite soil
31046,-1.100063855269374,-1.0687588504872214,-1.621075937294595,-0.8975029591088394,0.4251700192479687,0.15781848100499904,0.17795681451493492,0.5163097519034626,0.8117605030514338,1.1918445835552551,-0.45980061608316025,1.6539387917949422,10,brinjal,Loamy soil
31057,-1.195620631292194,-1.0687588504872214,0.9207565056983947,1.114202454544477,0.7329218983188477,0.7228151141255142,0.28032093996834234,0.7989241146380228,0.8117605030514338,0.6832180893911215,0.8000304759644805,1.3077405610271202,10,brinjal,Laterite soil
31170,-1.100063855269374,-1.0687588504872214,0.4123900170997968,-0.8975029591088394,0.5790459587834081,0.7436009434376402,-0.9651092530481183,0.7220260655920747,0.8117605030514338,1.659071246799053,0.1292870704761533,1.3077405610271202,10,brinjal,Loamy soil
31215,-1.195620631292194,-1.0687588504872214,0.4123900170997968,1.114202454544477,-0.6519615575001118,-0.13507275021132165,0.1097140642126627,0.7770334291431911,0.8117605030514338,1.0913021370344382,0.1292870704761533,2.1714140419952654,10,brinjal,Laterite soil
31218,-1.100063855269374,-1.0687588504872214,-0.09597647149880119,-0.8975029591088394,-0.3442096784292314,0.6566783844960226,-0.3679851879032397,0.6440054172899818,0.8117605030514338,1.446157830637322,0.40341698402355675,1.6247852565723888,10,brinjal,Loamy soil
31222,-1.100063855269374,-1.0687588504872214,0.9207565056983947,-0.8975029591088394,-0.19033373889379193,0.6963604222737174,-1.0845340660770946,0.07260239591206327,0.8117605030514338,1.5437431463781153,0.018468594786777582,0.8959468760085532,10,brinjal,Loamy soil
31234,-1.100063855269374,-1.0687588504872214,-0.6043429600973992,-0.8975029591088394,-0.19033373889379193,0.7341528392048556,-1.1015947536526622,0.10852557210871029,0.8117605030514338,1.3397011225564568,1.5349319463256044,1.9636951035345722,10,brinjal,Loamy soil
31244,-1.100063855269374,-1.0687588504872214,-0.6043429600973992,-0.8975029591088394,1.1945497169251689,0.29576080280365324,-0.0779534991185845,0.8090275079433296,0.8117605030514338,0.9464027288132603,1.7798991031126457,1.406133742403238,10,brinjal,Loamy soil
31266,-1.100063855269374,-1.0687588504872214,-1.621075937294595,-0.8975029591088394,-0.6519615575001118,-0.016026636878236508,-0.9480485654725508,0.17475892822127856,0.8117605030514338,1.1888874527752311,1.0916580435681014,1.75233197317106,10,brinjal,Loamy soil
31269,-1.195620631292194,-1.0687588504872214,-0.6043429600973992,1.114202454544477,-0.19033373889379193,-0.0027992909523381015,0.3997457529973185,0.3675653504642205,0.8117605030514338,1.8985988399809994,1.1499835570888255,1.7413993974626025,10,brinjal,Laterite soil
31276,-1.100063855269374,-1.0687588504872214,-1.621075937294595,-0.8975029591088394,-0.19033373889379193,0.36378715327970185,-0.5215313760833518,0.8648768209365546,0.8117605030514338,0.8458602822924434,0.4967378056567154,2.145904698675531,10,brinjal,Loamy soil
31391,-1.195620631292194,-1.0687588504872214,-1.621075937294595,1.114202454544477,1.1945497169251689,0.3241051155020069,0.8603843175376533,0.5143452032052084,0.8117605030514338,0.9611883827133805,0.39758443267148424,1.5446130347103668,10,brinjal,Laterite soil
31410,-1.100063855269374,-1.0687588504872214,0.4123900170997968,-0.8975029591088394,0.27129407971252784,0.2844230777243119,0.3997457529973185,0.25586672447777087,0.8117605030514338,0.9552741211533323,1.3132949949468529,1.0125610168987669,10,brinjal,Loamy soil
31431,-1.195620631292194,-1.0687588504872214,-1.621075937294595,1.114202454544477,-0.3442096784292314,0.503619095924913,-1.0333520033503905,0.41415321959424767,0.8117605030514338,1.5171289693578989,0.765035167852046,2.2734514152742022,10,brinjal,Laterite soil
31447,-1.195620631292194,-1.0687588504872214,0.9207565056983947,1.114202454544477,-0.9597134365709921,-0.1596378212165614,0.604474003904134,0.8749802142418615,0.8117605030514338,1.2894298992960485,0.030133697490922567,1.6940249027259529,10,brinjal,Laterite soil
31484,-1.100063855269374,-1.0687588504872214,-0.6043429600973992,-0.8975029591088394,-0.3442096784292314,0.730373597511742,-0.1973783121475601,0.726797112430692,0.8117605030514338,1.2805585069559762,0.2051102380530949,0.8850143003000958,10,brinjal,Loamy soil
31488,-1.100063855269374,-1.0687588504872214,-0.09597647149880119,-0.8975029591088394,0.11741814017708838,0.47338516238000267,-0.3679851879032397,0.2878608032779097,0.8117605030514338,1.0706022215742699,0.7533700651479014,1.4972385399737176,10,brinjal,Loamy soil
31500,-1.100063855269374,-1.0687588504872214,0.4123900170997968,-0.8975029591088394,1.1945497169251689,0.5565284796285067,0.8433236299620851,0.7026612284235699,0.8117605030514338,1.3663152995766732,-0.004861610621511978,2.145904698675531,10,brinjal,Loamy soil
31518,-1.100063855269374,-1.0687588504872214,-0.09597647149880119,-0.8975029591088394,0.5790459587834081,0.2636372484121858,-0.1632569369964243,0.07821539219278939,0.8117605030514338,1.156359014194967,1.0333325300473772,2.1714140419952654,10,brinjal,Loamy soil
31522,-1.100063855269374,-1.0687588504872214,0.9207565056983947,-0.8975029591088394,0.5790459587834081,0.7492698059773111,-0.3679851879032397,0.056044056883920966,0.8117605030514338,1.23915867603564,0.10012431371579124,1.6612271756005805,10,brinjal,Loamy soil
31532,-1.100063855269374,-1.0687588504872214,0.9207565056983947,-0.8975029591088394,1.0406737773897279,-0.08027374566117147,-0.5215313760833518,0.15932318844928173,0.8117605030514338,1.3781438226967695,0.9458442597662912,1.165617076817172,10,brinjal,Loamy soil
31546,-1.100063855269374,-1.0687588504872214,-1.621075937294595,-0.8975029591088394,0.11741814017708838,0.3902418451314986,-0.1461962494208567,0.7851722737502436,0.8117605030514338,1.2155016297954477,1.2141416219616217,1.6976690946287725,10,brinjal,Loamy soil
31555,-1.195620631292194,-1.0687588504872214,0.4123900170997968,1.114202454544477,-0.3442096784292314,0.7341528392048556,0.21207818966607073,0.712203322100804,0.8117605030514338,2.016884071181961,-0.4131402052665807,1.9782718711458491,10,brinjal,Laterite soil
31583,-1.195620631292194,-1.0687588504872214,-0.09597647149880119,1.114202454544477,1.1945497169251689,0.3411117031210191,-0.7262596269901671,0.5620556715913804,0.8117605030514338,0.91683142101302,-0.1856707025357568,1.4535082371398873,10,brinjal,Laterite soil
31607,-1.195620631292194,-1.0687588504872214,0.9207565056983947,1.114202454544477,-0.9597134365709921,0.4544889539144336,0.31444231511947873,0.5634589206615619,0.8117605030514338,0.8429031515124191,0.817528130020698,1.8835228816725502,10,brinjal,Laterite soil
31619,-1.195620631292194,-1.0687588504872214,-0.6043429600973992,1.114202454544477,-0.9597134365709921,0.197500518782694,-1.1015947536526622,0.29066730141827274,0.8117605030514338,1.0410309137740295,0.21094278940516697,1.0125610168987669,10,brinjal,Laterite soil
31666,-1.100063855269374,-1.0687588504872214,-1.621075937294595,-0.8975029591088394,-0.6519615575001118,0.6604576261891366,-0.5727134388100558,0.2533408761514442,0.8117605030514338,1.342658253336481,1.2491369300740558,1.8908112654781888,10,brinjal,Loamy soil
31669,-1.195620631292194,-1.0687588504872214,-0.6043429600973992,1.114202454544477,-0.036457799358352465,0.4072484327505109,0.21207818966607073,0.41218867089599337,0.8117605030514338,1.0321595214339574,-0.4714657187873048,2.145904698675531,10,brinjal,Laterite soil
31691,-1.195620631292194,-1.0687588504872214,-1.621075937294595,1.114202454544477,0.11741814017708838,0.6736849721150348,-0.8627451275947109,0.4312728582504621,0.8117605030514338,1.1770589296551348,0.9983372219349423,1.901743841186646,10,brinjal,Laterite soil
31773,-1.195620631292194,-1.0687588504872214,-0.09597647149880119,1.114202454544477,0.27129407971252784,0.12758454746008838,0.604474003904134,0.676280145904157,0.8117605030514338,1.6147142850986924,-0.3606472430979291,2.1386163148698927,10,brinjal,Laterite soil
31788,-1.100063855269374,-1.0687588504872214,-0.09597647149880119,-0.8975029591088394,-0.8058374970355525,0.197500518782694,-0.8627451275947109,0.05379885837163065,0.8117605030514338,2.019841201961985,0.9283466057100733,1.1510403092058956,10,brinjal,Loamy soil
31789,-1.195620631292194,-1.0687588504872214,-0.6043429600973992,1.114202454544477,-0.036457799358352465,0.2598580067190719,0.09265337663709511,0.09645763010514927,0.8117605030514338,0.7541892281116981,0.3217612650945431,1.2348567229707366,10,brinjal,Laterite soil
31811,-1.195620631292194,-1.0687588504872214,-1.621075937294595,1.114202454544477,-0.036457799358352465,0.025545021746015514,-0.5556527512344875,0.664212203900596,0.8117605030514338,1.960698586361504,0.9341791570621462,1.8069948517133478,10,brinjal,Laterite soil
31847,-1.195620631292194,-1.0687588504872214,0.9207565056983947,1.114202454544477,-0.036457799358352465,0.6906915597340471,0.3656243778461821,0.8140792045959835,0.8117605030514338,1.8276277012604225,-0.02235926467772946,1.1182425820805229,10,brinjal,Laterite soil
31870,-1.100063855269374,-1.0687588504872214,0.4123900170997968,-0.8975029591088394,-0.8058374970355525,0.17482506862401107,-0.5897741263856233,0.8401796373013598,0.8117605030514338,1.9192987554411673,0.5608958705295116,1.504526923779356,10,brinjal,Loamy soil
31912,-1.100063855269374,-1.0687588504872214,0.9207565056983947,-0.8975029591088394,1.1945497169251689,0.17860431031712493,-0.4703493133566477,0.41920491624690104,0.8117605030514338,1.8069277858002546,0.5958911786419462,0.9797632897733941,10,brinjal,Loamy soil
31930,-1.100063855269374,-1.0687588504872214,0.4123900170997968,-0.8975029591088394,-0.9597134365709921,-0.023585120264464247,0.31444231511947873,0.06670874981730078,0.8117605030514338,1.014416736753813,0.9808395678787253,1.755976165073879,10,brinjal,Loamy soil
31996,-1.100063855269374,-1.0687588504872214,-1.621075937294595,-0.8975029591088394,-0.49808561796467227,0.6434510385701244,-0.8286237524435751,0.6184662842126782,0.8117605030514338,1.9252130170012158,1.4299460219883011,1.5992759132526544,10,brinjal,Loamy soil
32000,-1.100063855269374,-1.0687588504872214,0.4123900170997968,-0.8975029591088394,-0.036457799358352465,-0.9324927474583368,-0.6750775642634631,-0.2212379593839491,0.9110893905543365,1.6620283775790767,-0.32565193498549455,1.83979257883872,11,capsicum,Loamy soil
32002,-1.100063855269374,-1.0687588504872214,0.9207565056983947,-0.8975029591088394,-1.1135893761064315,-0.9324927474583368,-1.5110512554662934,0.0804605907050797,0.96723180522989,0.6152040814505684,-0.23233111335233592,0.8850143003000958,11,capsicum,Loamy soil
32012,-1.100063855269374,-1.0687588504872214,0.9207565056983947,-0.8975029591088394,-0.19033373889379193,-0.9324927474583368,-1.4086871300128856,-0.869819679621852,0.9801877470780953,1.5230432309179474,1.1733137624971146,2.080309244424786,11,capsicum,Loamy soil
32039,-1.195620631292194,-1.0687588504872214,-0.6043429600973992,-0.8975029591088394,-0.036457799358352465,-0.9324927474583368,-0.6238955015367591,-0.6902037986386164,0.9888250416435647,1.0706022215742699,1.6807457301274145,1.0562913197325967,11,capsicum,Laterite soil
32045,-1.195620631292194,-1.0687588504872214,0.4123900170997968,-0.8975029591088394,0.27129407971252784,-0.9324927474583368,-1.1698375039549345,-0.382611602454825,0.8506283285960482,1.2007159758953274,0.047631351547139635,1.2348567229707366,11,capsicum,Laterite soil
32079,-1.195620631292194,-1.0687588504872214,-0.6043429600973992,-0.8975029591088394,-0.3442096784292314,-0.9324927474583368,-1.28926231698391,-0.15191745531698145,1.0233742199054443,1.2155016297954477,1.1674812111450426,2.185990809606542,11,capsicum,Laterite soil
32107,-1.195620631292194,-1.0687588504872214,0.9207565056983947,-0.8975029591088394,-0.49808561796467227,-0.9324927474583368,-0.09501418669415271,-0.7612082015898016,0.9197266851198064,1.0824307446943662,-0.1856707025357568,1.3332499043468546,11,capsicum,Laterite soil
32128,-1.100063855269374,-1.0687588504872214,-0.09597647149880119,-0.8975029591088394,-0.036457799358352465,-0.9324927474583368,0.1438354393637991,-0.9150042996816974,0.8635842704442528,1.2302872836955678,0.36842167591112224,2.3062491423995755,11,capsicum,Loamy soil
32145,-1.195620631292194,-1.0687588504872214,0.4123900170997968,-0.8975029591088394,-1.421341255177312,-0.9324927474583368,-1.5110512554662934,-0.8204253123514622,0.8333537394651083,0.8872601132127796,1.5174342922693873,1.3040963691243013,11,capsicum,Laterite soil
32195,-1.195620631292194,-1.0687588504872214,0.4123900170997968,-0.8975029591088394,-0.3442096784292314,-0.9324927474583368,-1.1186554412282304,0.7498103971816692,0.8938148014233972,1.174101798875111,1.2141416219616217,1.4498640452370684,11,capsicum,Laterite soil
32211,-1.195620631292194,-1.0687588504872214,-1.621075937294595,-0.8975029591088394,-1.421341255177312,-0.9324927474583368,0.7750808796598135,-0.23835759804016385,0.8722215650097227,1.0558165676741496,1.5174342922693873,0.9870516735790326,11,capsicum,Laterite soil
32214,-1.100063855269374,-1.0687588504872214,-0.6043429600973992,-0.8975029591088394,0.11741814017708838,-0.9324927474583368,0.33150300269504634,-0.9332465375940573,0.880858859575192,0.6240754737906408,0.45007739484013587,1.194770612039726,11,capsicum,Loamy soil
32235,-1.195620631292194,-1.0687588504872214,0.4123900170997968,-0.8975029591088394,-1.1135893761064315,-0.9324927474583368,0.38268506542175035,0.057447305954102496,0.9024520959888666,1.0321595214339574,1.33079264900307,1.6794481351146764,11,capsicum,Laterite soil
32243,-1.195620631292194,-1.0687588504872214,-0.09597647149880119,-0.8975029591088394,-0.036457799358352465,-0.9324927474583368,-0.7091989394145989,0.19552701445996512,0.8765402122924574,1.3781438226967695,0.6133888326981636,1.0818006630523311,11,capsicum,Laterite soil
32283,-1.195620631292194,-1.0687588504872214,-0.09597647149880119,-0.8975029591088394,0.11741814017708838,-0.9324927474583368,-0.026771436391880492,-0.4516514567077563,1.00178098349177,1.996184155721793,0.0009709407305605154,2.000137022562764,11,capsicum,Laterite soil
32290,-1.100063855269374,-1.0687588504872214,0.4123900170997968,-0.8975029591088394,-1.1135893761064315,-0.9324927474583368,-0.4703493133566477,0.08074124051911608,0.8635842704442528,0.576761381310256,1.7507363463522836,1.3478266719581309,11,capsicum,Loamy soil
32312,-1.100063855269374,-1.0687588504872214,0.9207565056983947,-0.8975029591088394,-1.5752171947127527,-0.9324927474583368,0.4509278157240219,0.6316568254723847,1.0233742199054443,1.327872599436361,-0.1215126376629602,2.262518839565745,11,capsicum,Loamy soil
32345,-1.195620631292194,-1.0687588504872214,0.4123900170997968,-0.8975029591088394,0.27129407971252784,-0.9324927474583368,-0.2826817500253999,-0.3567918195634847,0.9067707432716018,1.9311272785612636,1.6924108328315595,1.194770612039726,11,capsicum,Laterite soil
32458,-1.100063855269374,-1.0687588504872214,-0.09597647149880119,-0.8975029591088394,-1.421341255177312,-0.9324927474583368,-0.11207487426972029,-0.558859685669625,0.9974623362090346,1.8424133551605426,1.4882715355090252,1.0417145521213202,11,capsicum,Loamy soil
32506,-1.100063855269374,-1.0687588504872214,-1.621075937294595,-0.8975029591088394,-1.1135893761064315,-0.9324927474583368,-1.4428085051640214,0.02180477957149184,0.8981334487061319,0.8695173285326355,0.6250539354023081,1.5191036913906324,11,capsicum,Loamy soil
32515,-1.195620631292194,-1.0687588504872214,0.4123900170997968,-0.8975029591088394,-1.421341255177312,-0.9324927474583368,0.5874133163285657,0.3633556032536759,1.0233742199054443,0.7305321818715058,-0.3781448971541462,1.7814855083936134,11,capsicum,Laterite soil
32561,-1.195620631292194,-1.0687588504872214,-1.621075937294595,-0.8975029591088394,-1.421341255177312,-0.9324927474583368,0.09265337663709511,-0.07277420775874337,0.8981334487061319,1.094259267814462,0.3450914705028327,2.003781214465583,11,capsicum,Laterite soil
32585,-1.195620631292194,-1.0687588504872214,0.4123900170997968,-0.8975029591088394,-1.421341255177312,-0.9324927474583368,-0.5044706885077835,-0.9231431442887502,1.0060996307745045,1.848327616720591,-0.27899152416891543,2.2515862638572877,11,capsicum,Laterite soil
32627,-1.195620631292194,-1.0687588504872214,0.9207565056983947,-0.8975029591088394,-1.2674653156418723,-0.9324927474583368,0.05853200148595931,-0.034605833049805704,0.9283639796852763,1.446157830637322,1.6224202166066906,1.7814855083936134,11,capsicum,Laterite soil
32760,-1.100063855269374,-1.0687588504872214,0.4123900170997968,-0.8975029591088394,-0.8058374970355525,-0.9324927474583368,0.28032093996834234,0.8042564611047128,0.8419910340305783,0.5945041659904005,0.5667284218815841,1.0745122792466926,11,capsicum,Loamy soil
32766,-1.100063855269374,-1.0687588504872214,-1.621075937294595,-0.8975029591088394,0.27129407971252784,-0.9324927474583368,0.5191705660262941,-0.45473860466215577,1.019055572622709,1.5467002771581393,-0.2964891782251325,0.8631491488831803,11,capsicum,Loamy soil
32783,-1.195620631292194,-1.0687588504872214,-0.09597647149880119,-0.8975029591088394,-0.19033373889379193,-0.9324927474583368,-0.35092450032767214,0.00131734314684132,0.9024520959888666,1.960698586361504,1.0974905949201734,1.9782718711458491,11,capsicum,Laterite soil
32812,-1.100063855269374,-1.0687588504872214,0.9207565056983947,-0.8975029591088394,-0.036457799358352465,-0.9324927474583368,-0.7774416897168711,0.6341826737987111,0.8765402122924574,1.4372864382972503,0.27510085427796355,1.755976165073879,11,capsicum,Loamy soil
32820,-1.100063855269374,-1.0687588504872214,0.4123900170997968,-0.8975029591088394,-0.6519615575001118,-0.9324927474583368,-1.28926231698391,0.2533408761514442,0.8203977976169037,0.9464027288132603,0.7708677192041185,2.01835798207686,11,capsicum,Loamy soil
32824,-1.100063855269374,-1.0687588504872214,-0.6043429600973992,-0.8975029591088394,-0.8058374970355525,-0.9324927474583368,0.655656066630838,-0.22404445752431218,0.880858859575192,1.3722295611367215,1.2841322381864908,2.0292905577853175,11,capsicum,Loamy soil
32836,-1.100063855269374,-1.0687588504872214,-1.621075937294595,-0.8975029591088394,-1.729093134248192,-0.9324927474583368,0.55329194117743,0.8050984105468216,0.9499572160989509,1.40771513049701,1.5116017409173144,1.9782718711458491,11,capsicum,Loamy soil
32840,-1.100063855269374,-1.0687588504872214,0.4123900170997968,-0.8975029591088394,-1.2674653156418723,-0.9324927474583368,-0.3338638127521039,0.7447587005290158,0.889496154140662,0.5885899044303523,-0.27899152416891543,1.2822312177073858,11,capsicum,Loamy soil
32859,-1.195620631292194,-1.0687588504872214,-0.6043429600973992,-0.8975029591088394,-0.8058374970355525,-0.9324927474583368,-0.5556527512344875,-0.5201300113326148,0.9067707432716018,1.5674001926183079,-0.40730765391450824,1.2093473796510024,11,capsicum,Laterite soil
32875,-1.195620631292194,-1.0687588504872214,0.4123900170997968,-0.8975029591088394,0.27129407971252784,-0.9324927474583368,-0.2826817500253999,-0.692729646964943,0.8851775068579273,1.6413284621189088,-0.43647041067487025,2.2698072233713833,11,capsicum,Laterite soil
32889,-1.195620631292194,-1.0687588504872214,-0.6043429600973992,-0.8975029591088394,-1.1135893761064315,-0.9324927474583368,-0.3168031251765363,-0.6177961466172492,0.8851775068579273,1.6531569852390042,-0.3081542809292775,1.4680850047511642,11,capsicum,Laterite soil
32919,-1.195620631292194,-1.0687588504872214,-0.6043429600973992,-0.8975029591088394,-0.3442096784292314,-0.9324927474583368,-0.3850458754788079,0.27326701294802197,0.9801877470780953,1.2036731066753514,-0.4248053079707257,1.3332499043468546,11,capsicum,Laterite soil
32964,-1.100063855269374,-1.0687588504872214,-0.6043429600973992,-0.8975029591088394,-0.3442096784292314,-0.9324927474583368,0.1097140642126627,-0.3772792559881353,1.0147369253399745,1.4106722612770337,0.024301146138850073,1.1473961173030762,11,capsicum,Loamy soil
32965,-1.195620631292194,-1.0687588504872214,0.4123900170997968,-0.8975029591088394,-0.6519615575001118,-0.9324927474583368,0.6385953790552698,0.5216420983701526,0.9974623362090346,1.1149591832746304,-0.11568008631088769,1.1255309658861612,11,capsicum,Laterite soil
32968,-1.100063855269374,-1.0687588504872214,-0.09597647149880119,-0.8975029591088394,-0.9597134365709921,-0.9324927474583368,0.16089612693936672,0.8727350157295711,0.9067707432716018,1.6649855083591005,0.7300398597396118,2.160481466286808,11,capsicum,Loamy soil
32980,-1.100063855269374,-1.0687588504872214,0.4123900170997968,-0.8975029591088394,-0.8058374970355525,-0.9324927474583368,-1.2210195666816377,0.5457779823772747,0.8290350921823736,1.2125444990154233,0.39758443267148424,1.5591898023216437,11,capsicum,Loamy soil
33009,-1.195620631292194,-1.0687588504872214,-0.6043429600973992,1.114202454544477,0.27129407971252784,0.12380530576697477,-0.8627451275947109,0.22246939660745055,-0.4449658562244236,0.49691885024960697,-0.15650794577539473,1.4498640452370684,34,pumpkin,Laterite soil
33038,-1.100063855269374,-1.0687588504872214,-0.09597647149880119,-0.8975029591088394,-0.8058374970355525,0.1219156849204177,-0.3338638127521039,0.6367085221250381,-0.34563696872152055,0.2159914261473237,0.22844044346138445,0.7574675837014244,34,pumpkin,Loamy soil
33044,-1.100063855269374,-1.0687588504872214,-0.6043429600973992,-0.8975029591088394,-0.036457799358352465,0.15781848100499904,-0.40210656305437614,0.7284810113149103,-0.10379272088836615,-0.49371996105844457,1.4182809192841561,0.5461044533379117,34,pumpkin,Loamy soil
33072,-1.100063855269374,-1.0687588504872214,0.9207565056983947,-0.8975029591088394,0.4251700192479687,0.15403923931188518,-0.9139271903214149,0.5553200760545094,-0.1728910774121244,-0.0974644365352238,1.4474436760445182,0.5242393019209969,34,pumpkin,Loamy soil
33099,-1.195620631292194,-1.0687588504872214,-0.6043429600973992,1.114202454544477,-0.8058374970355525,0.11813644322730382,0.05853200148595931,0.3347293222219729,-0.15129784099844987,-0.37839186063750707,-0.29065662687306,0.2582132930151969,34,pumpkin,Laterite soil
33141,-1.195620631292194,-1.0687588504872214,-1.621075937294595,1.114202454544477,0.27129407971252784,0.13892227253943,-0.9480485654725508,0.5805785593177769,-0.19448431382579892,0.0651777563660981,1.7099084868877765,1.3624034395694078,34,pumpkin,Laterite soil
33196,-1.100063855269374,-1.0687588504872214,-1.621075937294595,-0.8975029591088394,-0.3442096784292314,0.11435720153419023,-0.5727134388100558,0.17532022784935097,-0.4622404453553631,-0.3310777681571227,0.28676595698210855,1.5446130347103668,34,pumpkin,Loamy soil
33209,-1.195620631292194,-1.0687588504872214,-0.6043429600973992,1.114202454544477,-0.6519615575001118,0.11057795984107636,0.28032093996834234,0.8595444744698646,-0.21175890295673877,0.15389167976681914,0.6308864867543806,0.9032352598141916,34,pumpkin,Laterite soil
33215,-1.195620631292194,-1.0687588504872214,0.4123900170997968,1.114202454544477,0.27129407971252784,0.11057795984107636,0.12677475178823092,0.1068416732244924,-0.3888234415488696,0.09179193338631458,-0.2439962160564809,0.22905975779264334,34,pumpkin,Laterite soil
33245,-1.195620631292194,-1.0687588504872214,0.4123900170997968,1.114202454544477,-0.49808561796467227,0.14270151423254385,-0.5215313760833518,0.8289536447399076,-0.2938132013287016,-0.2453209755364255,1.0216674273432325,0.2545691011123777,34,pumpkin,Laterite soil
33302,-1.100063855269374,-1.0687588504872214,0.9207565056983947,-0.8975029591088394,-0.6519615575001118,0.180493931163682,-0.35092450032767214,0.26933791555151343,-0.4449658562244236,0.18937724912710763,1.1383184543846805,0.38576000961386814,34,pumpkin,Loamy soil
33331,-1.195620631292194,-1.0687588504872214,-1.621075937294595,1.114202454544477,-0.036457799358352465,0.10679871814796249,0.1097140642126627,0.21320795274425225,-0.43200991437621866,-0.15660705213570447,1.0449976327515216,0.5752579885604655,34,pumpkin,Laterite soil
33355,-1.195620631292194,-1.0687588504872214,0.4123900170997968,1.114202454544477,-0.49808561796467227,0.1370326516928729,-0.4191672506299437,0.6877867882796459,-0.4536031507898932,-0.04719321327481513,-0.05735457279016359,1.3660476314722267,34,pumpkin,Laterite soil
33368,-1.100063855269374,-1.0687588504872214,-0.09597647149880119,-0.8975029591088394,-0.19033373889379193,0.12002606407386089,-0.4874100009322159,0.07568954386646237,-0.2765386121977623,0.22486281848739612,1.8032293085209348,1.5409688428075479,34,pumpkin,Loamy soil
33377,-1.195620631292194,-1.0687588504872214,0.9207565056983947,1.114202454544477,0.27129407971252784,0.15781848100499904,-1.0333520033503905,0.3914205846573065,-0.17720972469485965,-0.6120051922594058,-0.4656331674352323,0.2181271820841859,34,pumpkin,Laterite soil
33443,-1.195620631292194,-1.0687588504872214,-0.09597647149880119,1.114202454544477,0.4251700192479687,0.19372127708958015,-0.7262596269901671,0.43548260546100664,-0.3542742632869905,0.2012057722472035,-0.3548146917458566,1.2676544500961093,34,pumpkin,Laterite soil
33473,-1.195620631292194,-1.0687588504872214,-0.09597647149880119,1.114202454544477,0.4251700192479687,0.1823835520102388,0.0073499387592553065,0.6409182693355827,-0.37154885241793006,0.10362045650641047,1.7740665517605727,1.526392075196271,34,pumpkin,Laterite soil
33496,-1.100063855269374,-1.0687588504872214,-1.621075937294595,-0.8975029591088394,-0.8058374970355525,0.14081189338598676,-0.23149968729869652,0.857860575585647,-0.24630808121861789,-0.4404916070180116,0.1817800326448049,1.5008827318765365,34,pumpkin,Loamy soil
33511,-1.195620631292194,-1.0687588504872214,-1.621075937294595,1.114202454544477,-0.49808561796467227,0.197500518782694,-1.1015947536526622,0.43660520471715214,-0.18584701926032898,-0.32220637581705025,0.263435751573819,1.4425756614314298,34,pumpkin,Laterite soil
33517,-1.195620631292194,-1.0687588504872214,0.9207565056983947,1.114202454544477,0.5790459587834081,0.15781848100499904,-1.0504126909259581,0.5996627466722456,-0.19448431382579892,0.10657758728643475,0.4325797407839188,0.8995910679113721,34,pumpkin,Laterite soil
33528,-1.100063855269374,-1.0687588504872214,-0.09597647149880119,-0.8975029591088394,0.4251700192479687,0.12380530576697477,-0.0779534991185845,0.43604390508907936,-0.4665590926380981,-0.5262483996387088,0.9808395678787253,1.0672238954410547,34,pumpkin,Loamy soil
33576,-1.100063855269374,-1.0687588504872214,-1.621075937294595,-0.8975029591088394,-0.49808561796467227,0.15025999761877132,-0.9992306281992548,0.26877661592344104,-0.11674866273657075,0.44073336542915054,1.8090618598730077,1.4571524290427063,34,pumpkin,Loamy soil
33578,-1.100063855269374,-1.0687588504872214,-0.09597647149880119,-0.8975029591088394,-0.19033373889379193,0.13136378915320224,-0.4874100009322159,0.7340940075956364,-0.19880296110853418,0.3549765728084534,0.3859193299673393,1.4024895505004187,34,pumpkin,Loamy soil
33589,-1.195620631292194,-1.0687588504872214,-0.6043429600973992,1.114202454544477,-0.6519615575001118,0.11624682238074703,-0.2656210624498323,0.45288289393125775,-0.25062672850135254,0.32540526500821304,0.1876125839968774,0.7647559675070624,34,pumpkin,Laterite soil
33607,-1.195620631292194,-1.0687588504872214,0.9207565056983947,1.114202454544477,-0.3442096784292314,0.11435720153419023,-0.7774416897168711,0.1857042709686944,-0.1253859573020407,-0.3754347298574832,0.7242073083875393,0.38576000961386814,34,pumpkin,Laterite soil
33614,-1.100063855269374,-1.0687588504872214,-0.6043429600973992,-0.8975029591088394,-0.19033373889379193,0.12947416830664543,-0.4362279382055119,0.7413909027605801,-0.44064720894168863,0.05926349480604995,-0.03402436738187403,0.5424602614350927,34,pumpkin,Loamy soil
33619,-1.195620631292194,-1.0687588504872214,-0.6043429600973992,1.114202454544477,-0.49808561796467227,0.15025999761877132,0.2973816275439105,0.189914018179239,-0.39314208883160456,0.3845478806086937,1.4066158165800111,0.4112693529336025,34,pumpkin,Laterite soil
33639,-1.195620631292194,-1.0687588504872214,-0.6043429600973992,1.114202454544477,-0.036457799358352465,0.1823835520102388,-0.5385920636589193,0.17532022784935097,-0.22471484480494336,-0.1684355752558008,1.4299460219883011,1.4316430857229725,34,pumpkin,Laterite soil
33653,-1.195620631292194,-1.0687588504872214,-0.09597647149880119,1.114202454544477,0.11741814017708838,0.13892227253943,-0.09501418669415271,0.46410888649271,-0.23767078665314795,-0.29854932957685804,0.22844044346138445,0.407625161030783,34,pumpkin,Laterite soil
33658,-1.100063855269374,-1.0687588504872214,-0.09597647149880119,-0.8975029591088394,-0.3442096784292314,0.12002606407386089,-1.1186554412282304,0.6165017355144239,-0.14266054643297993,-0.1092929596553201,0.7242073083875393,0.7465350079929665,34,pumpkin,Loamy soil
33693,-1.195620631292194,-1.0687588504872214,-0.09597647149880119,1.114202454544477,-0.3442096784292314,0.14459113507910065,0.3485636902706145,0.10291257582798417,-0.3888234415488696,0.5028331118096551,1.8440571679854418,1.180193844428449,34,pumpkin,Laterite soil
33736,-1.100063855269374,-1.0687588504872214,-1.621075937294595,-0.8975029591088394,-0.3442096784292314,0.15403923931188518,-0.35092450032767214,0.2785993594147117,-0.4579217980726282,0.5383186811699436,-0.43647041067487025,0.6408534428112106,34,pumpkin,Loamy soil
33737,-1.195620631292194,-1.0687588504872214,0.9207565056983947,1.114202454544477,0.4251700192479687,0.15403923931188518,-1.1527768163793661,0.06614745018922805,-0.11674866273657075,-0.01762190547457478,-0.31981938363342205,0.6116999075886573,34,pumpkin,Laterite soil
33754,-1.100063855269374,-1.0687588504872214,-0.6043429600973992,-0.8975029591088394,0.4251700192479687,0.15214961846532837,-0.40210656305437614,0.0484665119049409,-0.11674866273657075,0.23077708004744385,0.8233606813727701,0.2727900606264733,34,pumpkin,Loamy soil
33790,-1.100063855269374,-1.0687588504872214,0.4123900170997968,-0.8975029591088394,-0.3442096784292314,0.1483703767722145,-1.0162913157748223,0.6490571139426352,-0.3672302051351951,-0.44640586857805975,1.4999366382131702,1.3150289448327586,34,pumpkin,Loamy soil
33840,-1.100063855269374,-1.0687588504872214,0.4123900170997968,-0.8975029591088394,0.11741814017708838,0.12380530576697477,-0.29974243760096814,0.47168643147169037,-0.12970460458477534,-0.3281206373770984,1.6574155247191247,0.670006978033764,34,pumpkin,Loamy soil
33887,-1.195620631292194,-1.0687588504872214,0.9207565056983947,1.114202454544477,-0.9597134365709921,0.1483703767722145,0.26326025239277473,0.3246259289166658,-0.42337261981074903,-0.3813489914175309,-0.004861610621511978,1.4170663181116956,34,pumpkin,Laterite soil
33924,-1.100063855269374,-1.0687588504872214,-0.6043429600973992,-0.8975029591088394,-0.19033373889379193,0.11813644322730382,-1.1186554412282304,0.2847736553235103,-0.21175890295673877,0.3934192729487658,0.805863027316553,1.2676544500961093,34,pumpkin,Loamy soil
33978,-1.100063855269374,-1.0687588504872214,-0.09597647149880119,-0.8975029591088394,-0.49808561796467227,0.15970810185155584,-0.5727134388100558,0.28758015346387333,-0.4751963872035677,-0.2867208064567622,0.4967378056567154,1.100021622566427,34,pumpkin,Loamy soil
33994,-1.100063855269374,-1.0687588504872214,-0.6043429600973992,-0.8975029591088394,0.27129407971252784,0.14648075592565743,-0.6750775642634631,0.25277957652337146,-0.07788083719195636,-0.5144198765186127,-0.45980061608316025,0.30194359584902714,34,pumpkin,Loamy soil
34017,-1.195620631292194,-1.0687588504872214,0.9207565056983947,1.114202454544477,-0.6519615575001118,-0.36560649349126445,-0.0608928115430169,0.07372499516820843,0.7340248519622056,-0.32220637581705025,1.1441510057367525,0.5934789480745615,42,snake gourd,Laterite soil
34044,-1.100063855269374,-1.0687588504872214,-0.6043429600973992,-0.8975029591088394,-0.3442096784292314,-0.36560649349126445,-1.0162913157748223,0.23622123749522947,0.6692451427211821,-0.27193515255664197,0.4325797407839188,1.2494334905820135,42,snake gourd,Loamy soil
34047,-1.195620631292194,-1.0687588504872214,0.9207565056983947,1.114202454544477,-0.19033373889379193,-0.36560649349126445,-0.9309878778969826,0.8595444744698646,0.6044654334801585,0.5442329427299918,1.342457751707215,0.589834756171742,42,snake gourd,Laterite soil
34067,-1.195620631292194,-1.0687588504872214,0.9207565056983947,1.114202454544477,-0.036457799358352465,-0.36560649349126445,-0.9992306281992548,0.6541088105952891,0.7858486193550246,-0.5676482305590452,0.7125422056833943,1.4498640452370684,42,snake gourd,Laterite soil
34106,-1.100063855269374,-1.0687588504872214,-1.621075937294595,-0.8975029591088394,-0.6519615575001118,-0.36560649349126445,-0.2826817500253999,0.8264277964135807,0.8031232084859639,-0.5203341380786606,1.8265595139292248,1.5482572266131858,42,snake gourd,Loamy soil
34125,-1.195620631292194,-1.0687588504872214,0.4123900170997968,1.114202454544477,-0.036457799358352465,-0.36560649349126445,-0.5215313760833518,0.8466345830241948,0.626058669893833,0.25443412628763645,1.7973967571688627,1.3551150557637694,42,snake gourd,Laterite soil
34161,-1.195620631292194,-1.0687588504872214,-1.621075937294595,1.114202454544477,-0.49808561796467227,-0.36560649349126445,-0.2485603748742641,0.05492145762777581,0.7685740302240848,0.07404914870617012,0.3042636110383256,0.5060183424069009,42,snake gourd,Laterite soil
34181,-1.195620631292194,-1.0687588504872214,-1.621075937294595,1.114202454544477,-0.036457799358352465,-0.36560649349126445,0.33150300269504634,0.5817011585739218,0.6606078481557122,-0.6031337999193337,0.4267471894318463,0.6007673318801994,42,snake gourd,Laterite soil
34191,-1.195620631292194,-1.0687588504872214,-1.621075937294595,1.114202454544477,-0.3442096784292314,-0.36560649349126445,0.09265337663709511,0.05323755874355791,0.7728926775068193,-0.19800688305604114,-0.06901967549430858,1.3952011666947808,42,snake gourd,Laterite soil
34203,-1.195620631292194,-1.0687588504872214,-0.09597647149880119,1.114202454544477,-0.6519615575001118,-0.36560649349126445,0.07559268906152691,0.640637619521546,0.677882437286652,-0.3310777681571227,1.0508301841035943,1.508171115682175,42,snake gourd,Laterite soil
34259,-1.195620631292194,-1.0687588504872214,-0.6043429600973992,1.114202454544477,-0.8058374970355525,-0.36560649349126445,-0.5215313760833518,0.5059257087841191,0.626058669893833,0.4259477115290304,0.018468594786777582,0.4294903124476984,42,snake gourd,Laterite soil
34318,-1.100063855269374,-1.0687588504872214,-0.09597647149880119,-0.8975029591088394,-0.19033373889379193,-0.36560649349126445,0.26326025239277473,0.5266937950228061,0.7642553829413501,0.5235330272698234,-0.43647041067487025,0.20355041447290925,42,snake gourd,Loamy soil
34336,-1.100063855269374,-1.0687588504872214,-1.621075937294595,-0.8975029591088394,-0.036457799358352465,-0.36560649349126445,-0.2656210624498323,0.8648768209365546,0.7037943209830612,-0.0974644365352238,-0.10984753495881562,1.3478266719581309,42,snake gourd,Loamy soil
34346,-1.100063855269374,-1.0687588504872214,-1.621075937294595,-0.8975029591088394,-0.8058374970355525,-0.36560649349126445,-0.9480485654725508,0.14416809849132126,0.6865197318521213,-0.62974797693955,-0.20900090794404635,1.2166357634566407,42,snake gourd,Loamy soil
34361,-1.195620631292194,-1.0687588504872214,-1.621075937294595,1.114202454544477,-0.9597134365709921,-0.36560649349126445,-0.2826817500253999,0.4396923526715512,0.626058669893833,-0.46414865325820426,0.5259005624170775,0.9396771788423833,42,snake gourd,Laterite soil
34376,-1.100063855269374,-1.0687588504872214,-1.621075937294595,-0.8975029591088394,-0.49808561796467227,-0.36560649349126445,-0.45328862578107953,0.762439638813303,0.6994756737003265,0.3520194420284295,1.383285611171722,0.4294903124476984,42,snake gourd,Loamy soil
34385,-1.195620631292194,-1.0687588504872214,0.4123900170997968,1.114202454544477,-0.8058374970355525,-0.36560649349126445,0.33150300269504634,0.46186368798041966,0.794485913920494,-0.18617835993594484,-0.08651732955052564,1.0672238954410547,42,snake gourd,Laterite soil
34438,-1.100063855269374,-1.0687588504872214,-0.09597647149880119,-0.8975029591088394,-0.8058374970355525,-0.36560649349126445,-0.8456844400191428,0.7851722737502436,0.6087840807628931,-0.18617835993594484,0.46174249754428087,1.245789298679194,42,snake gourd,Loamy soil
34483,-1.195620631292194,-1.0687588504872214,-0.09597647149880119,1.114202454544477,-0.8058374970355525,-0.36560649349126445,0.041471313910391105,0.3176096835657582,0.8074418557686991,-0.5824338844591654,1.35412285441136,0.38576000961386814,42,snake gourd,Laterite soil
34508,-1.100063855269374,-1.0687588504872214,-0.09597647149880119,-0.8975029591088394,-0.036457799358352465,-0.36560649349126445,-0.5727134388100558,0.607520941465262,0.7253875573967357,0.2958339572079727,1.348290303059287,1.5154594994878134,42,snake gourd,Loamy soil
34521,-1.195620631292194,-1.0687588504872214,-1.621075937294595,1.114202454544477,-0.6519615575001118,-0.36560649349126445,-0.8627451275947109,0.6226760314232228,0.6519705535902421,0.18346298756705948,1.7274061409439936,0.9724749059677557,42,snake gourd,Laterite soil
34539,-1.195620631292194,-1.0687588504872214,-0.6043429600973992,1.114202454544477,-0.19033373889379193,-0.36560649349126445,-0.0779534991185845,0.3077869400744875,0.6562892008729775,-0.4759771763783001,-0.45396806473108775,1.165617076817172,42,snake gourd,Laterite soil
34574,-1.100063855269374,-1.0687588504872214,-0.6043429600973992,-0.8975029591088394,-0.49808561796467227,-0.36560649349126445,-0.8286237524435751,0.4500763957908947,0.7037943209830612,-0.10042156731524766,0.17011492994066033,1.2202799553594597,42,snake gourd,Loamy soil
34581,-1.195620631292194,-1.0687588504872214,-1.621075937294595,1.114202454544477,-0.19033373889379193,-0.36560649349126445,-0.6238955015367591,0.6353052730548565,0.6908383791348566,0.1450202874267471,0.21677534075723945,0.4659322314758902,42,snake gourd,Laterite soil
34634,-1.100063855269374,-1.0687588504872214,-0.6043429600973992,-0.8975029591088394,-0.19033373889379193,-0.36560649349126445,-0.6580168766878955,0.8542121280031751,0.6562892008729775,-0.3369920297171704,1.412448367932084,0.9870516735790326,42,snake gourd,Loamy soil
34674,-1.100063855269374,-1.0687588504872214,-0.6043429600973992,-0.8975029591088394,-0.036457799358352465,-0.36560649349126445,-0.3338638127521039,0.06306030223482861,0.6735637900039168,0.1331917643066508,-0.19733580523990177,0.33838551487721896,42,snake gourd,Loamy soil
34713,-1.195620631292194,-1.0687588504872214,-0.09597647149880119,1.114202454544477,-0.6519615575001118,-0.36560649349126445,-0.026771436391880492,0.12536456095088866,0.7340248519622056,-0.4523201301381079,1.1033231462722457,0.38576000961386814,42,snake gourd,Laterite soil
34744,-1.100063855269374,-1.0687588504872214,-0.6043429600973992,-0.8975029591088394,-0.036457799358352465,-0.36560649349126445,0.12677475178823092,0.6776833949743385,0.6649264954384467,0.0651777563660981,1.1616486597929696,0.9323887950367449,42,snake gourd,Loamy soil
34762,-1.100063855269374,-1.0687588504872214,0.9207565056983947,-0.8975029591088394,-0.036457799358352465,-0.36560649349126445,0.3485636902706145,0.7020999287954972,0.7988045612032292,-0.3488205528372667,1.348290303059287,1.4425756614314298,42,snake gourd,Loamy soil
34773,-1.195620631292194,-1.0687588504872214,-0.09597647149880119,1.114202454544477,-0.19033373889379193,-0.36560649349126445,-1.0162913157748223,0.5631782708475258,0.8074418557686991,0.05630636402602608,1.4532762273965902,0.2363481415982818,42,snake gourd,Laterite soil
34803,-1.195620631292194,-1.0687588504872214,-0.09597647149880119,1.114202454544477,-0.8058374970355525,-0.36560649349126445,0.3656243778461821,0.7141678707990583,0.7469807938104102,0.07996341026621827,0.6542166921626702,0.13431076831934463,42,snake gourd,Laterite soil
34806,-1.100063855269374,-1.0687588504872214,-1.621075937294595,-0.8975029591088394,-0.036457799358352465,-0.36560649349126445,-0.5556527512344875,0.35016506199396974,0.7728926775068193,0.19529151068715578,0.47924015160049793,1.001628441190309,42,snake gourd,Loamy soil
34825,-1.195620631292194,-1.0687588504872214,0.4123900170997968,1.114202454544477,0.11741814017708838,-0.36560649349126445,-0.11207487426972029,0.16381358547386268,0.7685740302240848,-0.5085056149585647,1.1558161084408975,0.7939095027296162,42,snake gourd,Laterite soil
34827,-1.195620631292194,-1.0687588504872214,0.9207565056983947,1.114202454544477,-0.3442096784292314,-0.36560649349126445,-0.6068348139611915,0.6007853459283911,0.7901672666377593,-0.20983540617613702,0.5783935245857291,0.6116999075886573,42,snake gourd,Laterite soil
34834,-1.100063855269374,-1.0687588504872214,-0.6043429600973992,-0.8975029591088394,-0.9597134365709921,-0.36560649349126445,0.22913887724163892,0.32350332966052064,0.6519705535902421,-0.1743498368158485,1.0391650813994495,0.7465350079929665,42,snake gourd,Loamy soil
34837,-1.195620631292194,-1.0687588504872214,0.9207565056983947,1.114202454544477,-0.19033373889379193,-0.36560649349126445,0.07559268906152691,0.2014206605547276,0.6951570264175913,-0.31333498347697825,-0.3548146917458566,1.1692612687199915,42,snake gourd,Laterite soil
34869,-1.195620631292194,-1.0687588504872214,-0.6043429600973992,1.114202454544477,-0.19033373889379193,-0.36560649349126445,-0.2485603748742641,0.3799139422818182,0.6044654334801585,-0.6179194538194539,0.5900586272898737,0.5315276857266353,42,snake gourd,Laterite soil
34874,-1.100063855269374,-1.0687588504872214,-0.6043429600973992,-0.8975029591088394,-0.49808561796467227,-0.36560649349126445,-0.6750775642634631,0.32490657873070217,0.6908383791348566,-0.0264932978146468,-0.03985691873394653,1.3587592476665888,42,snake gourd,Loamy soil
34974,-1.100063855269374,-1.0687588504872214,-0.6043429600973992,-0.8975029591088394,-0.3442096784292314,-0.36560649349126445,0.0073499387592553065,0.21854029921094234,0.6649264954384467,-0.23053532163630536,1.4241134706362282,0.9323887950367449,42,snake gourd,Loamy soil
34998,-1.100063855269374,-1.0687588504872214,-0.09597647149880119,-0.8975029591088394,0.11741814017708838,-0.36560649349126445,-0.6921382518390313,0.22443394530570449,0.794485913920494,0.48509032712951106,-0.4014751025624361,0.4659322314758902,42,snake gourd,Loamy soil
35015,0.8110716651870262,-1.0687588504872214,0.4123900170997968,1.114202454544477,0.7329218983188477,0.29576080280365324,0.2461995648172065,0.702941878237606,0.4489941313017015,0.1598059413268673,1.4241134706362282,1.194770612039726,38,ribbed gourd,sandy Loamy soil
35048,0.8110716651870262,-1.0687588504872214,-0.09597647149880119,-0.8975029591088394,0.7329218983188477,0.29576080280365324,0.33150300269504634,0.33669387092022685,0.36262118564700346,-0.49371996105844457,1.365787957115504,0.14888753593062157,38,ribbed gourd,sandy Loamy soil
35055,0.8110716651870262,-1.0687588504872214,0.4123900170997968,1.114202454544477,0.11741814017708838,0.29576080280365324,0.9115663802643573,0.5985401474161001,0.427400894888027,0.4496047577692226,1.7624014490564286,1.0453587440241392,38,ribbed gourd,sandy Loamy soil
35081,0.8110716651870262,-1.0687588504872214,-1.621075937294595,1.114202454544477,1.3484256564606083,0.29576080280365324,1.0992339435956047,0.166058783986153,0.41012630575708775,0.3756764882686217,-0.4714657187873048,0.9105236436198295,38,ribbed gourd,sandy Loamy soil
35104,0.8110716651870262,-1.0687588504872214,-0.6043429600973992,-0.8975029591088394,0.7329218983188477,0.29576080280365324,1.082173256020037,0.06614745018922805,0.3669398329297387,-0.008750513134502761,1.7624014490564286,1.3879127828891422,38,ribbed gourd,sandy Loamy soil
35148,0.8110716651870262,-1.0687588504872214,-0.09597647149880119,-0.8975029591088394,1.0406737773897279,0.29576080280365324,1.3380835696535565,0.3650395021378938,0.4403568367362322,0.27513404174780437,1.7973967571688627,0.24363652540392,38,ribbed gourd,sandy Loamy soil
35161,0.8110716651870262,-1.0687588504872214,-1.621075937294595,1.114202454544477,-0.19033373889379193,0.29576080280365324,0.3656243778461821,0.15342954235451925,0.33670930195059423,0.3756764882686217,0.3334263677986877,1.1073100063720653,38,ribbed gourd,sandy Loamy soil
35171,0.8110716651870262,-1.0687588504872214,-1.621075937294595,1.114202454544477,0.11741814017708838,0.29576080280365324,0.655656066630838,0.6330600745425663,0.267610945426836,0.3993335345088139,1.2549694814261287,1.2421451067763751,38,ribbed gourd,sandy Loamy soil
35181,0.8110716651870262,-1.0687588504872214,-1.621075937294595,1.114202454544477,1.1945497169251689,0.29576080280365324,0.5191705660262941,0.23902773563559254,0.5569603133700741,0.17754872600701133,1.5232668436214594,0.38940420151668714,38,ribbed gourd,sandy Loamy soil
35249,0.8110716651870262,-1.0687588504872214,-0.6043429600973992,1.114202454544477,0.8867978378542885,0.29576080280365324,0.928627067839925,0.6294116269600938,0.3496652437987988,0.44073336542915054,0.8466908867810601,1.3988453585975997,38,ribbed gourd,sandy Loamy soil
35264,0.8110716651870262,-1.0687588504872214,-0.6043429600973992,-0.8975029591088394,0.7329218983188477,0.29576080280365324,0.5191705660262941,0.7032225280516428,0.29784147640597985,0.40820492684888593,0.32759381644661517,1.340538288152493,38,ribbed gourd,sandy Loamy soil
35282,0.8110716651870262,-1.0687588504872214,0.9207565056983947,-0.8975029591088394,0.4251700192479687,0.29576080280365324,1.7475400714671872,0.46102173853831024,0.47058736771537607,-0.3872632529775791,1.365787957115504,0.750179199895786,38,ribbed gourd,sandy Loamy soil
35291,0.8110716651870262,-1.0687588504872214,-1.621075937294595,1.114202454544477,1.3484256564606083,0.29576080280365324,0.7750808796598135,0.8407409369294326,0.29784147640597985,-0.3931775145376272,-0.16817304847953973,0.9761190978705752,38,ribbed gourd,sandy Loamy soil
35306,0.8110716651870262,-1.0687588504872214,-1.621075937294595,-0.8975029591088394,1.1945497169251689,0.29576080280365324,1.3551442572291246,0.693399784560372,0.4317195421707623,0.09179193338631458,0.5958911786419462,1.5628339942244627,38,ribbed gourd,sandy Loamy soil
35307,0.8110716651870262,-1.0687588504872214,0.9207565056983947,1.114202454544477,0.27129407971252784,0.29576080280365324,0.655656066630838,0.58338505745814,0.31511606553691973,-0.4050060376577235,0.8350257840769151,0.4477112719617943,38,ribbed gourd,sandy Loamy soil
35330,0.8110716651870262,-1.0687588504872214,0.4123900170997968,-0.8975029591088394,0.8867978378542885,0.29576080280365324,0.6727167542064055,0.571878415082651,0.582872197066484,-0.5735624921190934,0.1817800326448049,1.194770612039726,38,ribbed gourd,sandy Loamy soil
35391,0.8110716651870262,-1.0687588504872214,-1.621075937294595,1.114202454544477,1.1945497169251689,0.29576080280365324,0.6385953790552698,0.3737396463730194,0.22442447259948697,0.19529151068715578,0.27510085427796355,1.2166357634566407,38,ribbed gourd,sandy Loamy soil
35414,0.8110716651870262,-1.0687588504872214,-0.6043429600973992,-0.8975029591088394,1.0406737773897279,0.29576080280365324,0.12677475178823092,0.6616863555742689,0.3539838910815341,-0.15069279057565632,0.9283466057100733,0.23999233350110102,38,ribbed gourd,sandy Loamy soil
35423,0.8110716651870262,-1.0687588504872214,-0.09597647149880119,1.114202454544477,1.1945497169251689,0.29576080280365324,0.31444231511947873,0.5772107615493411,0.20714988346854712,0.2721769109677805,-0.14484284307124975,0.5424602614350927,38,ribbed gourd,sandy Loamy soil
35425,0.8110716651870262,-1.0687588504872214,0.4123900170997968,1.114202454544477,-0.19033373889379193,0.29576080280365324,0.979809130566629,0.37402029618705573,0.5785535497837486,-0.5883481460192136,-0.19150325388782927,1.4316430857229725,38,ribbed gourd,sandy Loamy soil
35436,0.8110716651870262,-1.0687588504872214,-1.621075937294595,-0.8975029591088394,1.3484256564606083,0.29576080280365324,0.22913887724163892,0.24969242856897203,0.37557712749520866,0.5235330272698234,0.39758443267148424,1.180193844428449,38,ribbed gourd,sandy Loamy soil
35455,0.8110716651870262,-1.0687588504872214,0.4123900170997968,1.114202454544477,0.27129407971252784,0.29576080280365324,0.3997457529973185,0.18205582338622256,0.5267297823909303,-0.49076283027842027,0.9750070165266532,0.7428908160901475,38,ribbed gourd,sandy Loamy soil
35542,0.8110716651870262,-1.0687588504872214,0.9207565056983947,-0.8975029591088394,-0.036457799358352465,0.29576080280365324,0.38268506542175035,0.39506903223977835,0.3539838910815341,0.42003344996898223,0.45590994619220837,1.4571524290427063,38,ribbed gourd,sandy Loamy soil
35558,0.8110716651870262,-1.0687588504872214,-0.09597647149880119,-0.8975029591088394,0.5790459587834081,0.29576080280365324,0.1438354393637991,0.1859849207827308,0.41012630575708775,-0.34586342205724285,-0.3489821403937841,0.4805089990871666,38,ribbed gourd,sandy Loamy soil
35562,0.8110716651870262,-1.0687588504872214,0.9207565056983947,-0.8975029591088394,0.8867978378542885,0.29576080280365324,0.979809130566629,0.40376917647490423,0.3280720073851243,-0.023536167034622933,1.1966439679054046,1.0490029359269588,38,ribbed gourd,sandy Loamy soil
35571,0.8110716651870262,-1.0687588504872214,-1.621075937294595,1.114202454544477,0.4251700192479687,0.29576080280365324,0.33150300269504634,0.03583727027330714,0.4317195421707623,0.5471900735100156,0.08845921101164668,0.5060183424069009,38,ribbed gourd,sandy Loamy soil
35600,0.8110716651870262,-1.0687588504872214,0.4123900170997968,-0.8975029591088394,1.0406737773897279,0.29576080280365324,1.2015980690490127,0.7079935748902594,0.574234902501014,-0.6060909306993578,1.0041697732870152,1.0307819764128627,38,ribbed gourd,sandy Loamy soil
35642,0.8110716651870262,-1.0687588504872214,0.9207565056983947,-0.8975029591088394,1.1945497169251689,0.29576080280365324,0.43386712814845435,0.040327667297888094,0.172600705206668,0.4052477960688621,1.1266533516805355,1.1073100063720653,38,ribbed gourd,sandy Loamy soil
35664,0.8110716651870262,-1.0687588504872214,-0.6043429600973992,-0.8975029591088394,-0.19033373889379193,0.29576080280365324,0.7068381293575413,0.3364132211061908,0.33670930195059423,0.5087473733697032,-0.31981938363342205,0.8704375326888187,38,ribbed gourd,sandy Loamy soil
35736,0.8110716651870262,-1.0687588504872214,-1.621075937294595,-0.8975029591088394,0.11741814017708838,0.29576080280365324,1.5939938832870757,0.8205341503188185,0.5483230188046049,0.30766248032806903,0.47924015160049793,1.3806243990835037,38,ribbed gourd,sandy Loamy soil
35748,0.8110716651870262,-1.0687588504872214,-0.09597647149880119,-0.8975029591088394,0.8867978378542885,0.29576080280365324,0.28032093996834234,0.2844930055094742,0.28488553455777527,-0.14773565979563247,1.6282527679587626,1.3186731367355775,38,ribbed gourd,sandy Loamy soil
35757,0.8110716651870262,-1.0687588504872214,0.9207565056983947,1.114202454544477,0.7329218983188477,0.29576080280365324,0.38268506542175035,0.36195235418349436,0.5353670769563996,-0.19504975227601684,-0.3898099998582912,0.8740817245916378,38,ribbed gourd,sandy Loamy soil
35805,0.8110716651870262,-1.0687588504872214,0.4123900170997968,1.114202454544477,0.4251700192479687,0.29576080280365324,0.26326025239277473,0.48628022180157776,0.41444495303982243,-0.0974644365352238,-0.10401498360674312,0.994340057384671,38,ribbed gourd,sandy Loamy soil
35819,0.8110716651870262,-1.0687588504872214,-0.6043429600973992,1.114202454544477,1.1945497169251689,0.29576080280365324,0.5191705660262941,0.7938724179853693,0.2503363562958962,-0.5853910152391895,-0.34314958904171206,0.12702238451370645,38,ribbed gourd,sandy Loamy soil
35854,0.8110716651870262,-1.0687588504872214,-0.6043429600973992,-0.8975029591088394,0.4251700192479687,0.29576080280365324,0.3485636902706145,0.2269597936320315,0.24169906173042624,-0.3517776836172906,0.9225140543580012,0.15617591973625977,38,ribbed gourd,sandy Loamy soil
35884,0.8110716651870262,-1.0687588504872214,-0.6043429600973992,-0.8975029591088394,0.7329218983188477,0.29576080280365324,0.17795681451493492,0.7627202886273391,0.2503363562958962,-0.12703574433546413,-0.34314958904171206,0.2982994039462077,38,ribbed gourd,sandy Loamy soil
35889,0.8110716651870262,-1.0687588504872214,-0.6043429600973992,1.114202454544477,0.11741814017708838,0.29576080280365324,0.43386712814845435,0.04425676469439631,0.49649925141178586,0.22190568770737185,0.805863027316553,0.159820111639079,38,ribbed gourd,sandy Loamy soil
35898,0.8110716651870262,-1.0687588504872214,-0.09597647149880119,-0.8975029591088394,0.11741814017708838,0.29576080280365324,1.5257511329848041,0.10375452527009296,0.22874311988222162,0.40229066528883817,1.5990900111984006,1.4425756614314298,38,ribbed gourd,sandy Loamy soil
35973,0.8110716651870262,-1.0687588504872214,-0.09597647149880119,1.114202454544477,0.7329218983188477,0.29576080280365324,0.9968698181421971,0.7509329964378147,0.5526416660873394,0.4229905807490061,-0.028191816029801538,1.0890890468579695,38,ribbed gourd,sandy Loamy soil
35993,0.8110716651870262,-1.0687588504872214,-0.09597647149880119,1.114202454544477,1.0406737773897279,0.29576080280365324,1.4916297578336677,0.4961029652928485,0.37557712749520866,-0.3902203837576034,0.10595686506786374,1.100021622566427,38,ribbed gourd,sandy Loamy soil
36016,0.8110716651870262,-1.0687588504872214,-1.621075937294595,-0.8975029591088394,-0.19033373889379193,0.20127976047580787,-0.3850458754788079,0.7843303243081348,0.5612789606528095,0.5087473733697032,0.8933512975976392,0.9542539464536598,9,bottle gourd,sandy Loamy soil
36029,0.8110716651870262,-1.0687588504872214,-0.6043429600973992,1.114202454544477,-0.8058374970355525,0.20127976047580787,-0.2485603748742641,0.6173436849565327,0.28488553455777527,-0.18617835993594484,1.371620508467577,1.504526923779356,9,bottle gourd,sandy Loamy soil
36030,0.8110716651870262,-1.0687588504872214,0.4123900170997968,-0.8975029591088394,-0.3442096784292314,0.20127976047580787,-0.7091989394145989,0.22583719437588604,0.5569603133700741,-0.3517776836172906,-0.016526713325656965,0.6918721294506789,9,bottle gourd,sandy Loamy soil
36090,0.8110716651870262,-1.0687588504872214,0.4123900170997968,-0.8975029591088394,-0.3442096784292314,0.20127976047580787,-0.5385920636589193,0.7108000730306224,0.41444495303982243,-0.2541923678764975,1.371620508467577,1.260366066290471,9,bottle gourd,sandy Loamy soil
36104,0.8110716651870262,-1.0687588504872214,-0.6043429600973992,-0.8975029591088394,-0.6519615575001118,0.20127976047580787,-0.7091989394145989,0.2547441252216257,0.2546550035786308,0.07404914870617012,-0.22066601064819133,1.489950156168079,9,bottle gourd,sandy Loamy soil
36121,0.8110716651870262,-1.0687588504872214,-1.621075937294595,1.114202454544477,-0.49808561796467227,0.20127976047580787,-0.7774416897168711,0.5898400031809748,0.29784147640597985,0.017863663885713716,0.9050164003017841,0.17804107115317488,9,bottle gourd,sandy Loamy soil
36168,0.8110716651870262,-1.0687588504872214,-0.09597647149880119,-0.8975029591088394,-0.6519615575001118,0.20127976047580787,-0.3850458754788079,0.7795592774695174,0.48786195684631595,-0.19504975227601684,0.8466908867810601,1.344182480055312,9,bottle gourd,sandy Loamy soil
36172,0.8110716651870262,-1.0687588504872214,0.9207565056983947,-0.8975029591088394,-0.036457799358352465,0.20127976047580787,-0.6238955015367591,0.7686139347221018,0.42308224760529234,-0.29854932957685804,0.059296454251284623,0.7392466241873286,9,bottle gourd,sandy Loamy soil
36229,0.8110716651870262,-1.0687588504872214,-0.6043429600973992,1.114202454544477,-0.3442096784292314,0.20127976047580787,0.31444231511947873,0.2839317058814015,0.5267297823909303,-0.6179194538194539,-0.40730765391450824,0.8631491488831803,9,bottle gourd,sandy Loamy soil
36233,0.8110716651870262,-1.0687588504872214,-0.09597647149880119,1.114202454544477,-0.6519615575001118,0.20127976047580787,0.31444231511947873,0.3192935824499761,0.4317195421707623,0.4111620576289102,-0.13901029171917767,0.45864384767025174,9,bottle gourd,sandy Loamy soil
36259,0.8110716651870262,-1.0687588504872214,-0.6043429600973992,1.114202454544477,-0.19033373889379193,0.20127976047580787,-0.9309878778969826,0.0484665119049409,0.5440043715218695,-0.6090480614793816,0.0651290056033567,1.5373246509047283,9,bottle gourd,sandy Loamy soil
36274,0.8110716651870262,-1.0687588504872214,-0.6043429600973992,-0.8975029591088394,-0.9597134365709921,0.20127976047580787,-0.09501418669415271,0.8317601428802707,0.38421442206067796,-0.3902203837576034,-0.21483345929611883,0.4258461205448789,9,bottle gourd,sandy Loamy soil
36292,0.8110716651870262,-1.0687588504872214,0.9207565056983947,-0.8975029591088394,-0.8058374970355525,0.20127976047580787,-0.3338638127521039,0.189914018179239,0.3583025383642688,0.147977418206771,1.5349319463256044,0.5570370290463696,9,bottle gourd,sandy Loamy soil
36313,0.8110716651870262,-1.0687588504872214,-0.09597647149880119,1.114202454544477,-0.49808561796467227,0.20127976047580787,-0.6580168766878955,0.142203549793067,0.5483230188046049,0.5057902425896794,0.15261727588444285,1.3587592476665888,9,bottle gourd,sandy Loamy soil
36330,0.8110716651870262,-1.0687588504872214,0.4123900170997968,-0.8975029591088394,-0.8058374970355525,0.20127976047580787,-0.2826817500253999,0.8109920566415838,0.4533127785844368,-0.549905445878901,0.3159287137424706,0.12702238451370645,9,bottle gourd,sandy Loamy soil
36331,0.8110716651870262,-1.0687588504872214,-1.621075937294595,1.114202454544477,-0.6519615575001118,0.20127976047580787,-0.8456844400191428,0.4093821727556303,0.5915094916319539,0.4703046732293909,1.365787957115504,0.323808747265942,9,bottle gourd,sandy Loamy soil
36338,0.8110716651870262,-1.0687588504872214,-0.09597647149880119,-0.8975029591088394,-0.8058374970355525,0.20127976047580787,0.1438354393637991,0.46074108872427416,0.4489941313017015,-0.06493599795495958,-0.3664797944500016,0.6189882913942952,9,bottle gourd,sandy Loamy soil
36377,0.8110716651870262,-1.0687588504872214,0.9207565056983947,1.114202454544477,-0.9597134365709921,0.20127976047580787,0.21207818966607073,0.5039611600858656,0.17691935248940266,-0.34290629127721856,1.383285611171722,1.0854448549551505,9,bottle gourd,sandy Loamy soil
36415,0.8110716651870262,-1.0687588504872214,0.4123900170997968,1.114202454544477,-0.19033373889379193,0.20127976047580787,0.21207818966607073,0.11413856838943641,0.5699162552182794,0.5087473733697032,0.05346390289921213,0.6262766751999337,9,bottle gourd,sandy Loamy soil
36470,0.8110716651870262,-1.0687588504872214,0.4123900170997968,-0.8975029591088394,-0.19033373889379193,0.20127976047580787,-0.2656210624498323,0.4983481638051394,0.5267297823909303,0.33427665734828504,1.0741603895118836,0.8230630379521696,9,bottle gourd,sandy Loamy soil
36471,0.8110716651870262,-1.0687588504872214,-1.621075937294595,1.114202454544477,-0.8058374970355525,0.20127976047580787,-0.9821699406236866,0.29908679583936193,0.1941939416203425,0.4614332808893189,0.6833794489230323,0.5096625343097199,9,bottle gourd,sandy Loamy soil
36511,0.8110716651870262,-1.0687588504872214,-1.621075937294595,1.114202454544477,-0.49808561796467227,0.20127976047580787,-0.2656210624498323,0.7416715525746161,0.29352282912324523,0.09474906416633845,1.359955405763432,1.4134221262088766,9,bottle gourd,sandy Loamy soil
36516,0.8110716651870262,-1.0687588504872214,-1.621075937294595,-0.8975029591088394,-0.8058374970355525,0.20127976047580787,-0.7945023772924388,0.4469892478364949,0.2201058253167517,0.5501472042900399,0.45007739484013587,1.3696918233750464,9,bottle gourd,sandy Loamy soil
36523,0.8110716651870262,-1.0687588504872214,-0.09597647149880119,1.114202454544477,-0.036457799358352465,0.20127976047580787,-0.5385920636589193,0.27523156164627594,0.22442447259948697,-0.3931775145376272,-0.22066601064819133,1.4498640452370684,9,bottle gourd,sandy Loamy soil
36528,0.8110716651870262,-1.0687588504872214,-0.09597647149880119,-0.8975029591088394,0.11741814017708838,0.20127976047580787,-0.4874100009322159,0.33332607315179136,0.2546550035786308,0.298791087987997,0.5492307678253671,0.40033677722514455,9,bottle gourd,sandy Loamy soil
36574,0.8110716651870262,-1.0687588504872214,-0.6043429600973992,-0.8975029591088394,0.11741814017708838,0.20127976047580787,-0.6750775642634631,0.36644275120807535,0.4360381894534969,-0.011707643914526628,0.15844982723651535,1.17654965252563,9,bottle gourd,sandy Loamy soil
36577,0.8110716651870262,-1.0687588504872214,0.9207565056983947,1.114202454544477,-0.6519615575001118,0.20127976047580787,0.024410626334822903,0.25193762708126266,0.2330617671649563,-0.5232912688586847,-0.1215126376629602,1.0453587440241392,9,bottle gourd,sandy Loamy soil
36588,0.8110716651870262,-1.0687588504872214,-0.09597647149880119,-0.8975029591088394,-0.9597134365709921,0.20127976047580787,-0.23149968729869652,0.2870188538358009,0.23738041444769156,-0.11225009043534397,1.6399178706629076,0.8995910679113721,9,bottle gourd,sandy Loamy soil
36648,0.8110716651870262,-1.0687588504872214,-0.09597647149880119,-0.8975029591088394,-0.3442096784292314,0.20127976047580787,-1.0162913157748223,0.5149065028332811,0.582872197066484,0.4259477115290304,0.9808395678787253,1.2385009148735555,9,bottle gourd,sandy Loamy soil
36768,0.8110716651870262,-1.0687588504872214,-0.09597647149880119,-0.8975029591088394,-0.49808561796467227,0.20127976047580787,-0.0779534991185845,0.4074176240573761,0.33670930195059423,0.035606448565857755,0.11178941641993623,0.2727900606264733,9,bottle gourd,sandy Loamy soil
36776,0.8110716651870262,-1.0687588504872214,-1.621075937294595,-0.8975029591088394,-0.036457799358352465,0.20127976047580787,-0.23149968729869652,0.7234293146622562,0.36262118564700346,-0.46119152247817996,0.6250539354023081,0.40033677722514455,9,bottle gourd,sandy Loamy soil
36793,0.8110716651870262,-1.0687588504872214,-0.09597647149880119,1.114202454544477,-0.9597134365709921,0.20127976047580787,-0.7945023772924388,0.20422715869509067,0.18987529433760725,-0.11816435199539212,0.5025703570087875,1.1073100063720653,9,bottle gourd,sandy Loamy soil
36801,0.8110716651870262,-1.0687588504872214,-1.621075937294595,1.114202454544477,-0.19033373889379193,0.20127976047580787,-1.0674733785015265,0.04594066357861421,0.30216012368871514,0.45551901932927075,0.5958911786419462,0.9578981383564793,9,bottle gourd,sandy Loamy soil
36889,0.8110716651870262,-1.0687588504872214,-0.6043429600973992,1.114202454544477,-0.8058374970355525,0.20127976047580787,0.07559268906152691,0.47786072738048857,0.3410279492333289,-0.3902203837576034,0.5842260759378015,1.4170663181116956,9,bottle gourd,sandy Loamy soil
36901,0.8110716651870262,-1.0687588504872214,-1.621075937294595,1.114202454544477,-0.3442096784292314,0.20127976047580787,-0.2144389997231283,0.11245466950521851,0.522411135108195,-0.40796316843774744,-0.33148448633756705,0.14888753593062157,9,bottle gourd,sandy Loamy soil
36905,0.8110716651870262,-1.0687588504872214,0.4123900170997968,1.114202454544477,-0.49808561796467227,0.20127976047580787,-0.7091989394145989,0.8036951614766401,0.49649925141178586,0.11544897962650677,-0.15650794577539473,1.0089168249959475,9,bottle gourd,sandy Loamy soil
36925,0.8110716651870262,-1.0687588504872214,0.4123900170997968,1.114202454544477,-0.036457799358352465,0.20127976047580787,-1.1186554412282304,0.051273010045303956,0.5137738405427251,-0.22166392929623333,-0.3489821403937841,0.5752579885604655,9,bottle gourd,sandy Loamy soil
36959,0.8110716651870262,-1.0687588504872214,-0.6043429600973992,1.114202454544477,-0.036457799358352465,0.20127976047580787,-0.6750775642634631,0.2014206605547276,0.3453465965160642,0.5412758119499674,0.05346390289921213,1.0490029359269588,9,bottle gourd,sandy Loamy soil
36961,0.8110716651870262,-1.0687588504872214,-1.621075937294595,1.114202454544477,-0.036457799358352465,0.20127976047580787,-0.2826817500253999,0.5056450589700832,0.5267297823909303,-0.3369920297171704,0.08845921101164668,0.6809395537422214,9,bottle gourd,sandy Loamy soil
36964,0.8110716651870262,-1.0687588504872214,-0.6043429600973992,-0.8975029591088394,-0.8058374970355525,0.20127976047580787,0.31444231511947873,0.8665607198207722,0.40580765847435246,0.24851986472758833,0.7417049624437564,0.5971231399773804,9,bottle gourd,sandy Loamy soil
37029,1.2888555453011261,-1.0687588504872214,-0.6043429600973992,1.114202454544477,-0.036457799358352465,-0.9324927474583368,0.38268506542175035,0.8766641131260796,0.8851775068579273,-0.2660208909965938,0.794197924612408,0.7684001594098819,7,bitter gourd,well-drained loamy soil
37056,1.2888555453011261,-1.0687588504872214,-1.621075937294595,-0.8975029591088394,0.4251700192479687,-1.0194153063999545,0.655656066630838,0.1051577743402745,0.30216012368871514,0.20712003380725166,1.377453059819649,1.4425756614314298,7,bitter gourd,well-drained loamy soil
37057,1.2888555453011261,-1.0687588504872214,0.9207565056983947,1.114202454544477,-0.036457799358352465,-1.0213049272465113,0.55329194117743,0.7290423109429823,0.4576314258671715,0.5205758964897995,1.6049225625504735,0.6882279375478598,7,bitter gourd,well-drained loamy soil
37105,1.2888555453011261,-1.0687588504872214,0.4123900170997968,1.114202454544477,0.5790459587834081,-0.9759540269291456,0.2461995648172065,0.7063096760060418,0.6865197318521213,0.5442329427299918,1.8148944112250798,0.5388160695322738,7,bitter gourd,well-drained loamy soil
37150,1.2888555453011261,-1.0687588504872214,0.4123900170997968,-0.8975029591088394,-0.036457799358352465,-0.947609714230792,0.3485636902706145,0.6134145875600249,0.3453465965160642,-0.4759771763783001,1.319127546298925,0.327452939168761,7,bitter gourd,well-drained loamy soil
37161,1.2888555453011261,-1.0687588504872214,-1.621075937294595,1.114202454544477,-0.036457799358352465,-1.0231945480930682,0.7068381293575413,0.8008886633362771,0.4403568367362322,-0.5144198765186127,1.0041697732870152,1.555545610418824,7,bitter gourd,well-drained loamy soil
37191,1.2888555453011261,-1.0687588504872214,-1.621075937294595,1.114202454544477,0.27129407971252784,-0.9400512308445643,0.7409595045086778,0.45849589021198384,0.7167502628312657,0.5235330272698234,1.7973967571688627,0.571613796657646,7,bitter gourd,well-drained loamy soil
37206,1.2888555453011261,-1.0687588504872214,-1.621075937294595,-0.8975029591088394,0.4251700192479687,-0.9532785767704628,0.05853200148595931,0.16577813417211662,0.8851775068579273,-0.4671057840382281,1.8382246166333698,0.49872995860126246,7,bitter gourd,well-drained loamy soil
37242,1.2888555453011261,-1.0687588504872214,0.9207565056983947,-0.8975029591088394,0.27129407971252784,-0.9646163018498042,0.3656243778461821,0.6456893161742,0.48354330956358127,-0.35769194517733877,1.6690806274232697,0.5205951100181778,7,bitter gourd,well-drained loamy soil
37271,1.2888555453011261,-1.0687588504872214,-1.621075937294595,1.114202454544477,-0.036457799358352465,-0.9683955435429179,0.1438354393637991,0.4301502589943166,0.4619500731499067,-0.47006291481825196,1.371620508467577,1.0745122792466926,7,bitter gourd,well-drained loamy soil
37274,1.2888555453011261,-1.0687588504872214,-0.6043429600973992,-0.8975029591088394,0.4251700192479687,-0.9551681976170197,0.655656066630838,0.16830398249844333,0.6735637900039168,0.45256188854924645,0.776700270556191,0.5424602614350927,7,bitter gourd,well-drained loamy soil
37311,1.2888555453011261,-1.0687588504872214,-1.621075937294595,1.114202454544477,0.5790459587834081,-1.0156360647068405,0.1097140642126627,0.4540054931874026,0.8506283285960482,-0.48189143793834827,0.6483841408105977,1.1291751577889801,7,bitter gourd,well-drained loamy soil
37324,1.2888555453011261,-1.0687588504872214,-0.6043429600973992,-0.8975029591088394,0.5790459587834081,-0.9967398562412716,0.48504919087515835,0.6468119154303449,0.29784147640597985,0.39637640372879,1.1908114165533317,1.340538288152493,7,bitter gourd,well-drained loamy soil
37332,1.2888555453011261,-1.0687588504872214,0.9207565056983947,-0.8975029591088394,-0.036457799358352465,-0.9494993350773488,0.1438354393637991,0.22808239288817667,0.3194347128196544,0.09179193338631458,0.776700270556191,0.18897364686163232,7,bitter gourd,well-drained loamy soil
37353,1.2888555453011261,-1.0687588504872214,-0.09597647149880119,1.114202454544477,0.5790459587834081,-0.9986294770878285,0.7409595045086778,0.2844930055094742,0.3064787709714498,0.3520194420284295,1.6049225625504735,1.2749428339017475,7,bitter gourd,well-drained loamy soil
37418,1.2888555453011261,-1.0687588504872214,-0.09597647149880119,-0.8975029591088394,0.4251700192479687,-0.9891813728550439,0.22913887724163892,0.545216682749202,0.6865197318521213,0.33723378812830934,0.7475375137958289,0.18532945495881334,7,bitter gourd,well-drained loamy soil
37444,1.2888555453011261,-1.0687588504872214,-0.6043429600973992,-0.8975029591088394,0.4251700192479687,-0.9646163018498042,0.7409595045086778,0.46747668426114575,0.626058669893833,-0.5853910152391895,0.9575093624704354,0.6955163213534983,7,bitter gourd,well-drained loamy soil
37453,1.2888555453011261,-1.0687588504872214,-0.09597647149880119,1.114202454544477,-0.036457799358352465,-0.9362719891514506,0.5703526287529982,0.08102189033315245,0.5526416660873394,-0.15956418291572835,-0.45980061608316025,0.34567389868285686,7,bitter gourd,well-drained loamy soil
37468,1.2888555453011261,-1.0687588504872214,-0.09597647149880119,-0.8975029591088394,0.11741814017708838,-0.9343823683048936,0.1438354393637991,0.2581119229900612,0.3323906546678596,0.38159074982866986,1.0974905949201734,0.833995613660627,7,bitter gourd,well-drained loamy soil
37520,1.2888555453011261,-1.0687588504872214,0.4123900170997968,-0.8975029591088394,0.4251700192479687,-0.9362719891514506,0.33150300269504634,0.31957423226401244,0.7426621465276756,-0.5735624921190934,0.2984310596862531,1.2275683391650982,7,bitter gourd,well-drained loamy soil
37561,1.2888555453011261,-1.0687588504872214,-1.621075937294595,1.114202454544477,0.11741814017708838,-0.9778436477757024,0.7921415672353811,0.6687026009251765,0.479224662280846,0.1331917643066508,0.2984310596862531,0.6335650590055721,7,bitter gourd,well-drained loamy soil
37601,1.2888555453011261,-1.0687588504872214,-1.621075937294595,1.114202454544477,0.11741814017708838,-0.9457200933842351,0.38268506542175035,0.38552693856254433,0.8333537394651083,-0.36656333751741077,0.8116955786686255,1.1583286930115342,7,bitter gourd,well-drained loamy soil
37612,1.2888555453011261,-1.0687588504872214,0.9207565056983947,-0.8975029591088394,0.27129407971252784,-0.9759540269291456,0.2973816275439105,0.7237099644762929,0.6131027280456284,0.39046214216874187,1.5349319463256044,0.5060183424069009,7,bitter gourd,well-drained loamy soil
37653,1.2888555453011261,-1.0687588504872214,-0.09597647149880119,1.114202454544477,0.27129407971252784,-0.9532785767704628,0.6385953790552698,0.12508391113685227,0.7383434992449402,0.43186197308907853,0.1992776867010224,0.4477112719617943,7,bitter gourd,well-drained loamy soil
37699,1.2888555453011261,-1.0687588504872214,-0.6043429600973992,1.114202454544477,0.11741814017708838,-0.9646163018498042,0.8945056926887891,0.32434527910262945,0.617421375328363,0.46439041166934275,0.36842167591112224,0.21448299018136668,7,bitter gourd,well-drained loamy soil
37706,1.2888555453011261,-1.0687588504872214,-1.621075937294595,-0.8975029591088394,-0.036457799358352465,-0.9702851643894749,0.22913887724163892,0.8020112625924218,0.5915094916319539,-0.23940671397637736,-0.2381636647044084,1.1073100063720653,7,bitter gourd,well-drained loamy soil
37721,1.2888555453011261,-1.0687588504872214,-1.621075937294595,1.114202454544477,0.4251700192479687,-1.0156360647068405,0.09265337663709511,0.4410956017417328,0.479224662280846,0.24260560316754018,0.9866721192307973,0.750179199895786,7,bitter gourd,well-drained loamy soil
37726,1.2888555453011261,-1.0687588504872214,-1.621075937294595,-0.8975029591088394,-0.19033373889379193,-0.947609714230792,0.07559268906152691,0.4730896805418719,0.41444495303982243,-0.1802640983758967,1.4941040868610973,0.7210256646732327,7,bitter gourd,well-drained loamy soil
37757,1.2888555453011261,-1.0687588504872214,0.9207565056983947,1.114202454544477,0.11741814017708838,-0.9759540269291456,0.46798850329959013,0.44053430211366,0.5396857242391349,0.01490653310568943,1.6049225625504735,1.446219853334249,7,bitter gourd,well-drained loamy soil
37758,1.2888555453011261,-1.0687588504872214,-0.09597647149880119,-0.8975029591088394,-0.19033373889379193,-0.9948502353947146,0.3485636902706145,0.16465553491597146,0.5440043715218695,0.3993335345088139,-0.2964891782251325,1.4607966209455259,7,bitter gourd,well-drained loamy soil
37773,1.2888555453011261,-1.0687588504872214,-0.09597647149880119,1.114202454544477,0.11741814017708838,-0.9702851643894749,0.31444231511947873,0.7969595659397685,0.574234902501014,0.36089083436850156,1.0741603895118836,0.7684001594098819,7,bitter gourd,well-drained loamy soil
37775,1.2888555453011261,-1.0687588504872214,0.4123900170997968,1.114202454544477,0.27129407971252784,-0.9627266810032473,0.17795681451493492,0.4236953132714817,0.4403568367362322,-0.6031337999193337,0.47340760024842543,0.33838551487721896,7,bitter gourd,well-drained loamy soil
37790,1.2888555453011261,-1.0687588504872214,0.4123900170997968,-0.8975029591088394,0.5790459587834081,-0.9835125103153732,0.05853200148595931,0.8564573265154655,0.3194347128196544,-0.3990917760976754,0.8000304759644805,1.2312125310679176,7,bitter gourd,well-drained loamy soil
37803,1.2888555453011261,-1.0687588504872214,-0.09597647149880119,1.114202454544477,0.4251700192479687,-0.9343823683048936,0.1438354393637991,0.449795745976858,0.3280720073851243,-0.2660208909965938,1.1383184543846805,1.3478266719581309,7,bitter gourd,well-drained loamy soil
37806,1.2888555453011261,-1.0687588504872214,-1.621075937294595,-0.8975029591088394,0.11741814017708838,-0.9721747852360318,0.7068381293575413,0.5918045518792292,0.5785535497837486,-0.28967793723678603,0.0009709407305605154,1.0271377845100433,7,bitter gourd,well-drained loamy soil
37873,1.2888555453011261,-1.0687588504872214,-0.09597647149880119,1.114202454544477,0.27129407971252784,-0.9532785767704628,0.26326025239277473,0.3428681668290257,0.8722215650097227,-0.4671057840382281,0.2576032002217465,0.2946552120433887,7,bitter gourd,well-drained loamy soil
37896,1.2888555453011261,-1.0687588504872214,-1.621075937294595,-0.8975029591088394,-0.036457799358352465,-0.9835125103153732,0.7238988169331095,0.869647867775172,0.5526416660873394,-0.32516350659707455,-0.22066601064819133,0.38576000961386814,7,bitter gourd,well-drained loamy soil
37929,1.2888555453011261,-1.0687588504872214,-0.6043429600973992,1.114202454544477,-0.036457799358352465,-0.9362719891514506,0.8433236299620851,0.44390209988209584,0.6606078481557122,0.3135767418881172,1.4824389841569523,0.5315276857266353,7,bitter gourd,well-drained loamy soil
37980,1.2888555453011261,-1.0687588504872214,0.4123900170997968,-0.8975029591088394,-0.036457799358352465,-1.0042983396274991,0.55329194117743,0.4837543734752514,0.4403568367362322,-0.15956418291572835,0.16428237858858785,0.4659322314758902,7,bitter gourd,well-drained loamy soil
37999,1.2888555453011261,-1.0687588504872214,-0.6043429600973992,1.114202454544477,0.27129407971252784,-0.9683955435429179,0.655656066630838,0.20394650888105428,0.7556180883758802,0.4910045886895592,1.8265595139292248,1.5191036913906324,7,bitter gourd,well-drained loamy soil
38016,0.8110716651870262,-1.0687588504872214,-1.621075937294595,-0.8975029591088394,-0.6519615575001118,0.20127976047580787,-0.0608928115430169,0.08944138475424163,-0.3585929105697255,-0.3399491604971947,0.6250539354023081,0.7975536946324352,3,ash gourd,sandy Loamy soil
38056,0.8110716651870262,-1.0687588504872214,-1.621075937294595,-0.8975029591088394,-0.6519615575001118,0.20127976047580787,0.877445005113221,0.5278163942789516,-0.34563696872152055,0.0770062794861944,-0.34314958904171206,0.40398096912796405,3,ash gourd,sandy Loamy soil
38061,0.8110716651870262,-1.0687588504872214,-1.621075937294595,1.114202454544477,-0.6519615575001118,0.20127976047580787,0.09265337663709511,0.4742122797980167,-0.6608982203611689,0.5501472042900399,0.263435751573819,0.914167835522649,3,ash gourd,sandy Loamy soil
38062,0.8110716651870262,-1.0687588504872214,0.9207565056983947,-0.8975029591088394,-0.3442096784292314,0.20127976047580787,0.28032093996834234,0.11020947099292819,-0.7472711660158669,-0.5824338844591654,0.21094278940516697,1.3332499043468546,3,ash gourd,sandy Loamy soil
38078,0.8110716651870262,-1.0687588504872214,-0.09597647149880119,-0.8975029591088394,-0.6519615575001118,0.20127976047580787,0.1097140642126627,0.04201156618210567,-0.734315224167662,0.08587767182626642,1.1033231462722457,0.21083879827854743,3,ash gourd,sandy Loamy soil
38100,0.8110716651870262,-1.0687588504872214,0.4123900170997968,-0.8975029591088394,-0.8058374970355525,0.20127976047580787,0.3656243778461821,0.0434148152522872,-0.26358267034955774,0.11544897962650677,1.2724671354823458,0.7173814727704132,3,ash gourd,sandy Loamy soil
38112,0.8110716651870262,-1.0687588504872214,0.9207565056983947,-0.8975029591088394,-0.6519615575001118,0.20127976047580787,0.16089612693936672,0.7599137904869759,-0.42337261981074903,0.20712003380725166,1.365787957115504,1.17654965252563,3,ash gourd,sandy Loamy soil
38115,0.8110716651870262,-1.0687588504872214,0.4123900170997968,1.114202454544477,-0.9597134365709921,0.20127976047580787,0.1950175020905025,0.4102241221977391,-0.14266054643297993,-0.11225009043534397,0.7592026164999739,0.42220192864205996,3,ash gourd,sandy Loamy soil
38144,0.8110716651870262,-1.0687588504872214,-0.6043429600973992,-0.8975029591088394,0.11741814017708838,0.20127976047580787,-0.1291355618452885,0.7775947287712638,-0.11243001545383609,0.09179193338631458,-0.19733580523990177,0.4805089990871666,3,ash gourd,sandy Loamy soil
38243,0.8110716651870262,-1.0687588504872214,-0.09597647149880119,1.114202454544477,0.11741814017708838,0.20127976047580787,0.5703526287529982,0.5460586321913115,0.03872263944188558,0.31653387266814104,0.7125422056833943,1.4389314695286104,3,ash gourd,sandy Loamy soil
38251,0.8110716651870262,-1.0687588504872214,-1.621075937294595,1.114202454544477,-0.6519615575001118,0.20127976047580787,0.31444231511947873,0.1059997237823836,-0.49678962361724227,-0.5824338844591654,-0.08651732955052564,1.5482572266131858,3,ash gourd,sandy Loamy soil
38261,0.8110716651870262,-1.0687588504872214,-1.621075937294595,1.114202454544477,-0.8058374970355525,0.20127976047580787,0.604474003904134,0.5412875853526941,-0.13834189915024528,-0.36656333751741077,-0.40730765391450824,1.508171115682175,3,ash gourd,sandy Loamy soil
38266,0.8110716651870262,-1.0687588504872214,-1.621075937294595,-0.8975029591088394,-0.19033373889379193,0.20127976047580787,0.9456877554154931,0.7935917681713327,-0.3585929105697255,-0.01762190547457478,0.6250539354023081,0.19261783876445154,3,ash gourd,sandy Loamy soil
38298,0.8110716651870262,-1.0687588504872214,-0.09597647149880119,-0.8975029591088394,-0.036457799358352465,0.20127976047580787,0.07559268906152691,0.550268379401856,-0.1253859573020407,0.49987598102963127,-0.16817304847953973,1.511815307584994,3,ash gourd,sandy Loamy soil
38324,0.8110716651870262,-1.0687588504872214,-0.6043429600973992,-0.8975029591088394,0.11741814017708838,0.20127976047580787,0.877445005113221,0.21573380107057927,-0.43200991437621866,0.5235330272698234,0.9341791570621462,1.1583286930115342,3,ash gourd,sandy Loamy soil
38335,0.8110716651870262,-1.0687588504872214,0.4123900170997968,1.114202454544477,-0.19033373889379193,0.20127976047580787,1.0139305057177648,0.4250985623416632,-0.6133931002510848,-0.2630637602165696,1.1558161084408975,1.3368940962496736,3,ash gourd,sandy Loamy soil
38395,0.8110716651870262,-1.0687588504872214,0.4123900170997968,1.114202454544477,-0.6519615575001118,0.20127976047580787,0.604474003904134,0.7784366782133726,0.10350234868290915,-0.5558197074389492,0.8933512975976392,0.6189882913942952,3,ash gourd,sandy Loamy soil
38422,0.8110716651870262,-1.0687588504872214,0.9207565056983947,-0.8975029591088394,-0.036457799358352465,0.20127976047580787,0.7580201920842453,0.301893293979725,-0.16425378284665446,-0.15069279057565632,1.2724671354823458,0.26550167682083514,3,ash gourd,sandy Loamy soil
38430,0.8110716651870262,-1.0687588504872214,0.4123900170997968,-0.8975029591088394,-0.6519615575001118,0.20127976047580787,0.5362312536018617,0.866841369634809,-0.2203961975222087,-0.21574966773618517,-0.1856707025357568,1.3186731367355775,3,ash gourd,sandy Loamy soil
38445,0.8110716651870262,-1.0687588504872214,0.4123900170997968,1.114202454544477,0.11741814017708838,0.20127976047580787,0.6215346914797015,0.5875948046686845,-0.2894945540459669,-0.18322122915592096,1.2608020327782008,0.8740817245916378,3,ash gourd,sandy Loamy soil
38497,0.8110716651870262,-1.0687588504872214,0.9207565056983947,1.114202454544477,-0.3442096784292314,0.20127976047580787,1.0480518808689006,0.5048031095279744,-0.03037571708187265,-0.6149623230394298,-0.21483345929611883,1.5409688428075479,3,ash gourd,sandy Loamy soil
38513,0.8110716651870262,-1.0687588504872214,-0.09597647149880119,1.114202454544477,-0.9597134365709921,0.20127976047580787,0.5191705660262941,0.8410215867434686,-0.6177117475338197,0.12727750274660266,-0.2964891782251325,1.409777934306057,3,ash gourd,sandy Loamy soil
38517,0.8110716651870262,-1.0687588504872214,0.9207565056983947,1.114202454544477,-0.19033373889379193,0.20127976047580787,0.21207818966607073,0.6296922767741304,-0.09515542632289622,-0.3754347298574832,1.0274999786953045,1.1364635415946187,3,ash gourd,sandy Loamy soil
38518,0.8110716651870262,-1.0687588504872214,-0.09597647149880119,-0.8975029591088394,0.11741814017708838,0.20127976047580787,0.1950175020905025,0.38440433930639883,-0.5615693328582658,0.0977061949463623,1.4649413301007352,0.6299208671027532,3,ash gourd,sandy Loamy soil
38534,0.8110716651870262,-1.0687588504872214,-0.6043429600973992,-0.8975029591088394,0.11741814017708838,0.20127976047580787,0.6897774417819738,0.3796332924677818,-0.2894945540459669,0.3520194420284295,1.3016298922427079,1.180193844428449,3,ash gourd,sandy Loamy soil
38556,0.8110716651870262,-1.0687588504872214,-1.621075937294595,-0.8975029591088394,-0.3442096784292314,0.20127976047580787,0.502109878450726,0.392823833727488,-0.8466000535187695,-0.5292055304187329,0.0009709407305605154,0.2946552120433887,3,ash gourd,sandy Loamy soil
38561,0.8110716651870262,-1.0687588504872214,-1.621075937294595,1.114202454544477,-0.49808561796467227,0.20127976047580787,0.6897774417819738,0.4001207288924324,-0.5442947437273262,-0.07085025951500731,0.1992776867010224,0.9834074816762131,3,ash gourd,sandy Loamy soil
38593,0.8110716651870262,-1.0687588504872214,-0.09597647149880119,1.114202454544477,-0.6519615575001118,0.20127976047580787,-0.1291355618452885,0.5090128567385189,-0.33268102687331597,0.5324044196098955,1.6865782814794867,0.19990622257009,3,ash gourd,sandy Loamy soil
38615,0.8110716651870262,-1.0687588504872214,0.4123900170997968,1.114202454544477,-0.9597134365709921,0.20127976047580787,0.5703526287529982,0.6002240463003183,-0.3067691431769068,0.0977061949463623,-0.004861610621511978,0.48779738289280505,3,ash gourd,sandy Loamy soil
38681,0.8110716651870262,-1.0687588504872214,-1.621075937294595,1.114202454544477,-0.9597134365709921,0.20127976047580787,0.8262629423865175,0.22920499214432183,-0.3974607361143396,-0.22462106007625718,1.4882715355090252,0.9578981383564793,3,ash gourd,sandy Loamy soil
38730,0.8110716651870262,-1.0687588504872214,0.4123900170997968,-0.8975029591088394,-0.8058374970355525,0.20127976047580787,0.3485636902706145,0.6411989191496187,-0.34131832143878593,0.3638479651485254,1.0274999786953045,0.666362786130945,3,ash gourd,sandy Loamy soil
38744,0.8110716651870262,-1.0687588504872214,-0.6043429600973992,-0.8975029591088394,-0.6519615575001118,0.20127976047580787,1.0480518808689006,0.12115481374034406,0.004173461180006464,0.2810483033078525,1.5407644976776764,1.5628339942244627,3,ash gourd,sandy Loamy soil
38756,0.8110716651870262,-1.0687588504872214,-1.621075937294595,-0.8975029591088394,-0.3442096784292314,0.20127976047580787,0.07559268906152691,0.18121387394411345,-0.6738541622093734,0.10657758728643475,-0.10984753495881562,1.0562913197325967,3,ash gourd,sandy Loamy soil
38833,0.8110716651870262,-1.0687588504872214,-0.09597647149880119,1.114202454544477,-0.036457799358352465,0.20127976047580787,0.6385953790552698,0.12789040927721534,-0.4190539725280141,0.011949402325665564,1.5757598057901114,1.4972385399737176,3,ash gourd,sandy Loamy soil
38851,0.8110716651870262,-1.0687588504872214,-1.621075937294595,1.114202454544477,-0.036457799358352465,0.20127976047580787,0.3485636902706145,0.36167170436945834,-0.44928450350715854,0.13023463352662695,-0.22066601064819133,1.3551150557637694,3,ash gourd,sandy Loamy soil
38870,0.8110716651870262,-1.0687588504872214,0.4123900170997968,-0.8975029591088394,-0.49808561796467227,0.20127976047580787,0.38268506542175035,0.4478311972786044,-0.5399760964445913,0.00012087920556925818,1.5116017409173144,0.9651865221621172,3,ash gourd,sandy Loamy soil
38900,0.8110716651870262,-1.0687588504872214,0.4123900170997968,-0.8975029591088394,-0.49808561796467227,0.20127976047580787,0.604474003904134,0.7484071481114877,-0.10811136817110081,0.45256188854924645,0.7125422056833943,0.2837226363349313,3,ash gourd,sandy Loamy soil
38956,0.8110716651870262,-1.0687588504872214,-1.621075937294595,-0.8975029591088394,-0.49808561796467227,0.20127976047580787,1.0480518808689006,0.3201355318920849,-0.13834189915024528,-0.2660208909965938,-0.31398683228135,0.994340057384671,3,ash gourd,sandy Loamy soil
38967,0.8110716651870262,-1.0687588504872214,0.9207565056983947,1.114202454544477,-0.3442096784292314,0.20127976047580787,0.1950175020905025,0.6038724938827902,-0.280857259480497,0.39637640372879,1.6457504220149803,1.5519014185160052,3,ash gourd,sandy Loamy soil
38979,0.8110716651870262,-1.0687588504872214,-0.6043429600973992,1.114202454544477,-0.036457799358352465,0.20127976047580787,1.0309911932933329,0.09533503084900379,-0.6954473986230479,-0.6031337999193337,1.7857316544647177,0.6080557156858378,3,ash gourd,sandy Loamy soil
39086,-1.100063855269374,-1.0687588504872214,-1.621075937294595,-0.8975029591088394,0.11741814017708838,0.20127976047580787,1.6792973211649156,1.5566786125360486,-0.10811136817110081,0.236691341607492,0.006803492082632595,-0.13900362439209374,20,cucumber,Loamy soil
39106,-1.100063855269374,-1.0687588504872214,-1.621075937294595,-0.8975029591088394,1.1945497169251689,0.20127976047580787,0.26326025239277473,1.2639608564961817,-0.2938132013287016,-0.2630637602165696,-0.09234988090259813,-0.48884604706273466,20,cucumber,Loamy soil
39116,-1.100063855269374,-1.0687588504872214,-1.621075937294595,-0.8975029591088394,0.8867978378542885,0.20127976047580787,0.7921415672353811,0.9698398513861333,-0.36291155785246043,-0.5676482305590452,-0.19733580523990177,-0.21917584625411551,20,cucumber,Loamy soil
39136,-1.100063855269374,-1.0687588504872214,-1.621075937294595,-0.8975029591088394,0.5790459587834081,0.20127976047580787,0.7580201920842453,1.329632912980677,-0.06060624806101711,0.15389167976681914,-0.22649856200026383,-0.4414715523260854,20,cucumber,Loamy soil
39150,-1.100063855269374,-1.0687588504872214,0.4123900170997968,-0.8975029591088394,1.0406737773897279,0.20127976047580787,0.09265337663709511,1.3866048252300476,-0.2938132013287016,0.07109201792614625,0.4967378056567154,-0.2957038762133183,20,cucumber,Loamy soil
39190,-1.100063855269374,-1.0687588504872214,0.4123900170997968,-0.8975029591088394,0.7329218983188477,0.20127976047580787,0.9115663802643573,1.5940050378028772,-0.3542742632869905,0.2840054340878768,0.3800867786152672,-0.5799508446332141,20,cucumber,Loamy soil
39207,-1.100063855269374,-1.0687588504872214,0.9207565056983947,-0.8975029591088394,0.7329218983188477,0.20127976047580787,1.2869015069268517,1.1828530602396892,-0.06060624806101711,0.387505011388718,0.4325797407839188,-0.14629200819773194,20,cucumber,Loamy soil
39235,-1.100063855269374,-1.0687588504872214,0.4123900170997968,-0.8975029591088394,1.0406737773897279,0.20127976047580787,1.508690445409236,0.962542956221189,-0.4622404453553631,0.12727750274660266,-0.4656331674352323,-0.011456907793422491,20,cucumber,Loamy soil
39265,-1.100063855269374,-1.0687588504872214,0.4123900170997968,-0.8975029591088394,0.4251700192479687,0.20127976047580787,1.6963580087404837,1.194640352429214,-0.2074402556740035,-0.27193515255664197,0.018468594786777582,-0.45969251184018134,20,cucumber,Loamy soil
39322,-1.100063855269374,-1.0687588504872214,0.9207565056983947,-0.8975029591088394,0.11741814017708838,0.20127976047580787,1.6451759460137791,1.5297362303885635,-0.3585929105697255,-0.03832182093474311,-0.28482407552098793,-0.47426927945145797,20,cucumber,Loamy soil
39343,-1.100063855269374,-1.0687588504872214,-0.09597647149880119,-0.8975029591088394,0.8867978378542885,0.20127976047580787,0.6897774417819738,1.3532074973597268,-0.4579217980726282,0.3194910034481649,-0.21483345929611883,-0.1608687758090086,20,cucumber,Loamy soil
39354,-1.100063855269374,-1.0687588504872214,-0.6043429600973992,-0.8975029591088394,0.4251700192479687,0.20127976047580787,1.7134186963160507,1.4188795538442227,-0.23767078665314795,-0.03240755937469495,0.3859193299673393,-0.2592619571851265,20,cucumber,Loamy soil
39370,-1.100063855269374,-1.0687588504872214,0.4123900170997968,-0.8975029591088394,-0.19033373889379193,0.20127976047580787,1.0651125684444687,1.2939903865980666,-0.3974607361143396,-0.4404916070180116,-0.20316835659197385,-0.43418316852044697,20,cucumber,Loamy soil
39373,-1.100063855269374,-1.0687588504872214,-0.09597647149880119,-0.8975029591088394,0.5790459587834081,0.20127976047580787,0.6897774417819738,0.9381264224000302,-0.33268102687331597,-0.2748922833366659,0.6600492435147427,-0.4669808956458198,20,cucumber,Loamy soil
39396,-1.100063855269374,-1.0687588504872214,-1.621075937294595,-0.8975029591088394,0.27129407971252784,0.20127976047580787,0.3997457529973185,0.8949063510384395,-0.375867499700665,-0.5883481460192136,0.3217612650945431,0.057782738360142104,20,cucumber,Loamy soil
39488,-1.100063855269374,-1.0687588504872214,-0.09597647149880119,-0.8975029591088394,-0.036457799358352465,0.20127976047580787,1.0309911932933329,1.3557333456860539,-0.4665590926380981,-0.09155017497517565,0.0651290056033567,0.04320597074886519,20,cucumber,Loamy soil
39509,-1.100063855269374,-1.0687588504872214,-0.6043429600973992,-0.8975029591088394,0.27129407971252784,0.20127976047580787,1.2357194442001485,1.6456446035855576,-0.2074402556740035,0.08292054104624214,0.1934451353489499,0.11973400070806799,20,cucumber,Loamy soil
39522,-1.100063855269374,-1.0687588504872214,0.9207565056983947,-0.8975029591088394,0.27129407971252784,0.20127976047580787,1.3551442572291246,1.6658513901961718,-0.2981318486114369,-0.3162921142570025,0.5608958705295116,-0.3139248357274142,20,cucumber,Loamy soil
39533,-1.100063855269374,-1.0687588504872214,-0.09597647149880119,-0.8975029591088394,0.7329218983188477,0.20127976047580787,0.16089612693936672,1.5269297322482005,-0.47087773992083304,-0.4227488223378676,-0.3606472430979291,-0.13900362439209374,20,cucumber,Loamy soil
39536,-1.100063855269374,-1.0687588504872214,-1.621075937294595,-0.8975029591088394,0.5790459587834081,0.20127976047580787,0.655656066630838,1.1331780431552627,-0.3154064377423764,0.10953471806645862,0.16428237858858785,-0.2155316543512963,20,cucumber,Loamy soil
39541,-1.100063855269374,-1.0687588504872214,-1.621075937294595,-0.8975029591088394,0.7329218983188477,0.20127976047580787,0.05853200148595931,1.4651867731602133,-0.384504794266135,0.1598059413268673,-0.3489821403937841,-0.03696625111315659,20,cucumber,Loamy soil
39577,-1.100063855269374,-1.0687588504872214,0.9207565056983947,-0.8975029591088394,1.3484256564606083,0.20127976047580787,0.8262629423865175,1.5911985396625141,-0.375867499700665,0.48804745790953497,-0.261493870112698,-0.5726624608275759,20,cucumber,Loamy soil
39599,-1.100063855269374,-1.0687588504872214,-0.6043429600973992,-0.8975029591088394,0.11741814017708838,0.20127976047580787,0.7068381293575413,1.128406996316646,-0.4449658562244236,-0.280806544896714,-0.07485222684638107,-0.36129933046406343,20,cucumber,Loamy soil
39632,-1.100063855269374,-1.0687588504872214,0.9207565056983947,-0.8975029591088394,1.3484256564606083,0.20127976047580787,0.6897774417819738,1.0088501755371795,-0.4060980306798095,-0.192092621495993,-0.302321729577205,0.07964788977705697,20,cucumber,Loamy soil
39677,-1.100063855269374,-1.0687588504872214,0.9207565056983947,-0.8975029591088394,0.4251700192479687,0.20127976047580787,1.0309911932933329,1.036634507126774,-0.44064720894168863,0.06813488714612197,0.5259005624170775,-0.30663645192177574,20,cucumber,Loamy soil
39687,-1.100063855269374,-1.0687588504872214,0.9207565056983947,-0.8975029591088394,1.1945497169251689,0.20127976047580787,1.1845373814734443,1.325703815584169,-0.3154064377423764,-0.6090480614793816,0.5900586272898737,0.09786884929115286,20,cucumber,Loamy soil
39774,-1.100063855269374,-1.0687588504872214,-0.6043429600973992,-0.8975029591088394,0.5790459587834081,0.20127976047580787,1.30396219450242,1.5089681441498766,-0.14266054643297993,-0.1802640983758967,-0.4306378593227982,-0.2556177652823073,20,cucumber,Loamy soil
39783,-1.100063855269374,-1.0687588504872214,-0.09597647149880119,-0.8975029591088394,-0.19033373889379193,0.20127976047580787,0.502109878450726,1.0574025933654603,-0.06060624806101711,0.24556273394756403,0.1351196218282258,-0.4013854413950744,20,cucumber,Loamy soil
39785,-1.100063855269374,-1.0687588504872214,0.4123900170997968,-0.8975029591088394,0.8867978378542885,0.20127976047580787,0.9115663802643573,1.6375057589785047,-0.34563696872152055,0.3401909189083332,0.07096155695542919,-0.26290614908794574,20,cucumber,Loamy soil
39795,-1.100063855269374,-1.0687588504872214,0.4123900170997968,-0.8975029591088394,-0.036457799358352465,0.20127976047580787,1.0480518808689006,0.9883627391125293,-0.42769126709348404,0.21303429536729981,0.16428237858858785,-0.2957038762133183,20,cucumber,Loamy soil
39813,-1.100063855269374,-1.0687588504872214,-0.09597647149880119,-0.8975029591088394,0.7329218983188477,0.20127976047580787,1.4916297578336677,1.5740789010062997,-0.3801861469834,-0.27193515255664197,-0.302321729577205,-0.09527332155826349,20,cucumber,Loamy soil
39829,-1.100063855269374,-1.0687588504872214,-0.6043429600973992,-0.8975029591088394,0.5790459587834081,0.20127976047580787,1.1333553187467404,1.6577125455891188,-0.10379272088836615,0.3845478806086937,-0.3839774485062187,0.028629203137588523,20,cucumber,Loamy soil
39839,-1.100063855269374,-1.0687588504872214,-0.6043429600973992,-0.8975029591088394,0.8867978378542885,0.20127976047580787,0.8092022548109493,1.1525428803237683,-0.384504794266135,0.34610518046838135,-0.33148448633756705,-0.30663645192177574,20,cucumber,Loamy soil
39846,-1.100063855269374,-1.0687588504872214,-1.621075937294595,-0.8975029591088394,0.7329218983188477,0.20127976047580787,0.8433236299620851,1.6706224370347886,-0.19880296110853418,0.47621893478943905,-0.06901967549430858,0.09058046548551466,20,cucumber,Loamy soil
39848,-1.100063855269374,-1.0687588504872214,-0.09597647149880119,-0.8975029591088394,1.1945497169251689,0.20127976047580787,0.48504919087515835,1.2841676431067959,-0.336999674156051,-0.12703574433546413,-0.2498287674085534,0.11244561690242978,20,cucumber,Loamy soil
39936,-1.100063855269374,-1.0687588504872214,-1.621075937294595,-0.8975029591088394,0.11741814017708838,0.20127976047580787,0.7238988169331095,1.1898693055905967,-0.21175890295673877,0.2603483878476842,0.5142354597129325,-0.26655034099076497,20,cucumber,Loamy soil
39938,-1.100063855269374,-1.0687588504872214,-0.09597647149880119,-0.8975029591088394,0.7329218983188477,0.20127976047580787,0.6727167542064055,0.9776980461791498,-0.4190539725280141,-0.40796316843774744,0.2984310596862531,-0.41960640090917034,20,cucumber,Loamy soil
39976,-1.100063855269374,-1.0687588504872214,-1.621075937294595,-0.8975029591088394,0.4251700192479687,0.20127976047580787,1.2527801317757166,1.1295295955727909,-0.1469791937157152,-0.31037785269695434,-0.3081542809292775,-0.29205968431049906,20,cucumber,Loamy soil
39987,-1.100063855269374,-1.0687588504872214,0.9207565056983947,-0.8975029591088394,1.1945497169251689,0.20127976047580787,0.8945056926887891,1.6765160831295514,-0.4060980306798095,0.006035140765617411,0.21094278940516697,-0.430538976617628,20,cucumber,Loamy soil
39996,-1.100063855269374,-1.0687588504872214,-1.621075937294595,-0.8975029591088394,0.4251700192479687,0.20127976047580787,1.4916297578336677,1.588111391708115,-0.40177938339707453,-0.09155017497517565,-0.2439962160564809,-0.3795202899781593,20,cucumber,Loamy soil
40045,-0.9089503032237339,-1.0687588504872214,0.4123900170997968,-0.8975029591088394,-0.3442096784292314,-0.6944005207921665,0.3485636902706145,0.061657053164647084,0.3798957747779433,0.93161707491314,0.3334263677986877,1.0417145521213202,55,watermelon,Sandy soil
40058,-0.9089503032237339,-1.0687588504872214,-0.09597647149880119,-0.8975029591088394,-0.8058374970355525,-0.6414911370885729,0.1097140642126627,0.846073283396122,0.2719295927095707,0.7541892281116981,-0.02235926467772946,0.22541556588982412,55,watermelon,Sandy soil
40060,-0.9089503032237339,-1.0687588504872214,0.4123900170997968,-0.8975029591088394,1.3484256564606083,-0.475204502591565,0.05853200148595931,0.15820058919313656,0.5137738405427251,0.6773038278310733,0.5433982164732946,1.0672238954410547,55,watermelon,Sandy soil
40073,-0.9089503032237339,-1.0687588504872214,-0.09597647149880119,-0.8975029591088394,0.11741814017708838,-0.497879952750248,0.31444231511947873,0.39759488056610537,0.21578717803401704,0.4377762346491263,0.50840290836086,1.1473961173030762,55,watermelon,Sandy soil
40081,-0.9089503032237339,-1.0687588504872214,-1.621075937294595,-0.8975029591088394,-0.19033373889379193,-0.5545685781469551,0.3485636902706145,0.5191162500438257,0.4576314258671715,0.12136324118655492,-0.08068477819845356,0.571613796657646,55,watermelon,Sandy soil
40096,-0.9089503032237339,-1.0687588504872214,-1.621075937294595,-0.8975029591088394,1.0406737773897279,-0.5772440283056381,0.1097140642126627,0.3291163259412468,0.3064787709714498,0.9523169903733084,0.6775468975709598,0.42220192864205996,55,watermelon,Sandy soil
40103,-0.9089503032237339,-1.0687588504872214,-0.09597647149880119,-0.8975029591088394,-0.6519615575001118,-0.7170759709508492,0.1097140642126627,0.8152018038521284,0.3669398329297387,0.4052477960688621,0.49090525430464294,0.12337819261088721,55,watermelon,Sandy soil
40135,-0.9089503032237339,-1.0687588504872214,0.4123900170997968,-0.8975029591088394,1.0406737773897279,-0.6925108999456094,-0.0779534991185845,0.7540201443922139,0.267610945426836,0.36089083436850156,-0.1798381511836843,1.0417145521213202,55,watermelon,Sandy soil
40137,-0.9089503032237339,-1.0687588504872214,0.9207565056983947,-0.8975029591088394,-0.036457799358352465,-0.6490496204748005,-0.11207487426972029,0.46046043891023813,0.38853306934341325,0.40229066528883817,0.5025703570087875,1.4535082371398873,55,watermelon,Sandy soil
40153,-0.9089503032237339,-1.0687588504872214,-0.09597647149880119,-0.8975029591088394,1.1945497169251689,-0.5432308530676139,0.2973816275439105,0.36560080176596654,0.5612789606528095,0.33427665734828504,-0.44813551337901525,1.4425756614314298,55,watermelon,Sandy soil
40170,-0.9089503032237339,-1.0687588504872214,0.4123900170997968,-0.8975029591088394,-0.036457799358352465,-0.5262242654486016,-0.0779534991185845,0.05772795576813887,0.41444495303982243,0.3638479651485254,0.5025703570087875,0.34567389868285686,55,watermelon,Sandy soil
40184,-0.9089503032237339,-1.0687588504872214,-0.6043429600973992,-0.8975029591088394,0.5790459587834081,-0.7227448334905201,0.024410626334822903,0.6566346589216155,0.3194347128196544,0.34610518046838135,-0.045689470086019014,1.4644408128483448,55,watermelon,Sandy soil
40261,-0.9089503032237339,-1.0687588504872214,-1.621075937294595,-0.8975029591088394,1.3484256564606083,-0.620705307776447,0.38268506542175035,0.5252905459526245,0.20283123618581245,-0.011707643914526628,-0.10401498360674312,0.8011978865352541,55,watermelon,Sandy soil
40267,-0.9089503032237339,-1.0687588504872214,0.9207565056983947,-0.8975029591088394,-0.6519615575001118,-0.6055883410039917,0.1097140642126627,0.13911640183866758,0.4403568367362322,0.6832180893911215,0.6833794489230323,0.16346430354189823,55,watermelon,Sandy soil
40298,-0.9089503032237339,-1.0687588504872214,-0.09597647149880119,-0.8975029591088394,1.0406737773897279,-0.516776161215817,0.28032093996834234,0.5693525667563247,0.4403568367362322,0.13023463352662695,0.035966248842994646,1.1073100063720653,55,watermelon,Sandy soil
40399,-0.9089503032237339,-1.0687588504872214,-0.6043429600973992,-0.8975029591088394,-0.49808561796467227,-0.5318931279882723,-0.09501418669415271,0.5252905459526245,0.5915094916319539,0.9464027288132603,-0.29065662687306,1.1291751577889801,55,watermelon,Sandy soil
40408,-0.9089503032237339,-1.0687588504872214,-0.09597647149880119,-0.8975029591088394,0.7329218983188477,-0.6736146914800403,0.2461995648172065,0.38636888800465313,0.2589736508613661,0.8724744593126594,0.29259850833418105,1.0417145521213202,55,watermelon,Sandy soil
40411,-0.9089503032237339,-1.0687588504872214,-1.621075937294595,-0.8975029591088394,1.0406737773897279,-0.5413412322210568,0.07559268906152691,0.5828237578300672,0.22442447259948697,1.0499023061141015,-0.2439962160564809,0.6153440994914763,55,watermelon,Sandy soil
40465,-0.9089503032237339,-1.0687588504872214,0.4123900170997968,-0.8975029591088394,0.27129407971252784,-0.6018090993108779,0.26326025239277473,0.8589831748417924,0.40148901119161784,0.1686773336669393,-0.10401498360674312,0.8704375326888187,55,watermelon,Sandy soil
40514,-0.9089503032237339,-1.0687588504872214,-0.6043429600973992,-0.8975029591088394,0.5790459587834081,-0.556458198993512,0.07559268906152691,0.47589617868223494,0.2330617671649563,0.07996341026621827,-0.2439962160564809,0.18897364686163232,55,watermelon,Sandy soil
40524,-0.9089503032237339,-1.0687588504872214,-0.6043429600973992,-0.8975029591088394,0.4251700192479687,-0.5224450237554877,0.3485636902706145,0.17054918101073396,0.3323906546678596,0.020820794665737583,0.5667284218815841,0.6226324832971147,55,watermelon,Sandy soil
40556,-0.9089503032237339,-1.0687588504872214,-1.621075937294595,-0.8975029591088394,0.4251700192479687,-0.5829128908453088,-0.0779534991185845,0.12564521076492502,0.4749060149981113,0.9020457671128997,0.006803492082632595,0.837639805563446,55,watermelon,Sandy soil
40560,-0.9089503032237339,-1.0687588504872214,0.4123900170997968,-0.8975029591088394,0.4251700192479687,-0.6660562080938128,0.0073499387592553065,0.6131339377459881,0.30216012368871514,0.8754315900926837,-0.3956425512103636,0.9724749059677557,55,watermelon,Sandy soil
40583,-0.9089503032237339,-1.0687588504872214,-0.09597647149880119,-0.8975029591088394,1.1945497169251689,-0.5734647866125243,0.31444231511947873,0.08663488661387857,0.3539838910815341,0.8015033205920828,0.6542166921626702,0.2618574849180159,55,watermelon,Sandy soil
40584,-0.9089503032237339,-1.0687588504872214,-0.6043429600973992,-0.8975029591088394,1.3484256564606083,-0.6377118953954592,0.1950175020905025,0.21292730293021622,0.2330617671649563,0.035606448565857755,0.4967378056567154,0.7173814727704132,55,watermelon,Sandy soil
40603,-0.9089503032237339,-1.0687588504872214,-0.09597647149880119,-0.8975029591088394,0.27129407971252784,-0.5659063032262965,0.33150300269504634,0.8744189146137893,0.2589736508613661,0.7896747974719865,-0.28482407552098793,1.3478266719581309,55,watermelon,Sandy soil
40617,-0.9089503032237339,-1.0687588504872214,0.9207565056983947,-0.8975029591088394,0.5790459587834081,-0.47142526089845116,0.16089612693936672,0.37402029618705573,0.42308224760529234,-0.014664774694550914,0.1234545191240808,1.1291751577889801,55,watermelon,Sandy soil
40636,-0.9089503032237339,-1.0687588504872214,-1.621075937294595,-0.8975029591088394,0.7329218983188477,-0.4959903319036912,-0.11207487426972029,0.8020112625924218,0.3496652437987988,0.46439041166934275,-0.19150325388782927,0.18897364686163232,55,watermelon,Sandy soil
40672,-0.9089503032237339,-1.0687588504872214,0.9207565056983947,-0.8975029591088394,-0.3442096784292314,-0.7378618002629753,0.38268506542175035,0.580859209131813,0.49649925141178586,1.1356590987347988,-0.19733580523990177,0.3310971310715805,55,watermelon,Sandy soil
40705,-0.9089503032237339,-1.0687588504872214,0.4123900170997968,-0.8975029591088394,0.27129407971252784,-0.5318931279882723,0.31444231511947873,0.04622131339265026,0.23738041444769156,1.0558165676741496,0.39758443267148424,0.13795496022216389,55,watermelon,Sandy soil
40772,-0.9089503032237339,-1.0687588504872214,0.9207565056983947,-0.8975029591088394,-0.19033373889379193,-0.5451204739141706,0.1950175020905025,0.5976981979739914,0.21578717803401704,0.4259477115290304,0.1934451353489499,1.0125610168987669,55,watermelon,Sandy soil
40848,-0.9089503032237339,-1.0687588504872214,-0.09597647149880119,-0.8975029591088394,1.1945497169251689,-0.6358222745489022,0.31444231511947873,0.6810511927427743,0.41444495303982243,0.4170763191889584,-0.1856707025357568,0.15617591973625977,55,watermelon,Sandy soil
40850,-0.9089503032237339,-1.0687588504872214,0.4123900170997968,-0.8975029591088394,-0.8058374970355525,-0.581023269998752,0.22913887724163892,0.2929124999305634,0.5483230188046049,0.7009608740712655,-0.2381636647044084,0.4294903124476984,55,watermelon,Sandy soil
40873,-0.9089503032237339,-1.0687588504872214,-0.09597647149880119,-0.8975029591088394,0.8867978378542885,-0.5980298576177641,0.07559268906152691,0.6027498946266447,0.3539838910815341,0.5531043350700637,-0.15650794577539473,0.38576000961386814,55,watermelon,Sandy soil
40887,-0.9089503032237339,-1.0687588504872214,0.9207565056983947,-0.8975029591088394,1.0406737773897279,-0.5583478198400691,0.12677475178823092,0.7989241146380228,0.38853306934341325,0.42890484230905424,0.47340760024842543,1.1874822282340873,55,watermelon,Sandy soil
40940,-0.9089503032237339,-1.0687588504872214,0.4123900170997968,-0.8975029591088394,1.3484256564606083,-0.5904713742315365,0.3485636902706145,0.4803865757068156,0.3669398329297387,1.1415733602948468,0.5842260759378015,0.9906958654818515,55,watermelon,Sandy soil
40946,-0.9089503032237339,-1.0687588504872214,-1.621075937294595,-0.8975029591088394,-0.49808561796467227,-0.5243346446020448,-0.0608928115430169,0.142203549793067,0.5267297823909303,0.3224481342281892,-0.3489821403937841,1.0526471278297778,55,watermelon,Sandy soil
40958,-0.9089503032237339,-1.0687588504872214,-0.09597647149880119,-0.8975029591088394,1.1945497169251689,-0.720855212643963,0.16089612693936672,0.6841383406971734,0.531048429673665,0.9079600286729479,-0.028191816029801538,0.2582132930151969,55,watermelon,Sandy soil
40979,-0.9089503032237339,-1.0687588504872214,-0.6043429600973992,-0.8975029591088394,0.27129407971252784,-0.5866921325384227,0.3485636902706145,0.5300615927912419,0.5353670769563996,0.7216607895314339,-0.16234049712746723,1.180193844428449,55,watermelon,Sandy soil
40989,-0.9089503032237339,-1.0687588504872214,-0.6043429600973992,-0.8975029591088394,0.27129407971252784,-0.7095174875646216,-0.0779534991185845,0.07765409256471664,0.3669398329297387,0.44073336542915054,-0.4189727566186532,0.6408534428112106,55,watermelon,Sandy soil
41011,0.8110716651870262,-1.0687588504872214,-1.621075937294595,-0.8975029591088394,0.4251700192479687,-0.40717815211551645,1.5769331957115076,0.7666493860238476,0.18987529433760725,0.5442329427299918,0.23427299481345693,0.917812027425468,30,muskmelon,sandy Loamy soil
41073,0.8110716651870262,-1.0687588504872214,-0.09597647149880119,-0.8975029591088394,1.0406737773897279,-0.5677959240728536,0.48504919087515835,0.2294856419583582,0.33670930195059423,0.3224481342281892,-0.08068477819845356,1.0380703602185009,30,muskmelon,sandy Loamy soil
41075,0.8110716651870262,-1.0687588504872214,0.4123900170997968,-0.8975029591088394,-0.036457799358352465,-0.22766417169261022,0.38268506542175035,0.21180470367407073,0.4446754840189669,0.585632773650328,0.47924015160049793,0.753823391798605,30,muskmelon,sandy Loamy soil
41080,0.8110716651870262,-1.0687588504872214,0.4123900170997968,-0.8975029591088394,1.0406737773897279,-0.4922110902105773,1.6792973211649156,0.6296922767741304,0.5915094916319539,0.09179193338631458,0.15261727588444285,0.8084862703408926,30,muskmelon,sandy Loamy soil
41151,0.8110716651870262,-1.0687588504872214,-1.621075937294595,-0.8975029591088394,1.1945497169251689,-0.5961402367712072,0.8092022548109493,0.48487697273139624,0.5137738405427251,0.17754872600701133,-0.045689470086019014,0.6408534428112106,30,muskmelon,sandy Loamy soil
41199,0.8110716651870262,-1.0687588504872214,-0.6043429600973992,-0.8975029591088394,0.7329218983188477,-0.6452703787816867,0.55329194117743,0.6417602187776915,0.27624823999230536,0.9552741211533323,-0.028191816029801538,0.9651865221621172,30,muskmelon,sandy Loamy soil
41237,0.8110716651870262,-1.0687588504872214,0.9207565056983947,-0.8975029591088394,0.7329218983188477,-0.4600875358191098,1.6451759460137791,0.44474404932420464,0.28920418184051055,0.00012087920556925818,0.006803492082632595,0.6299208671027532,30,muskmelon,sandy Loamy soil
41270,0.8110716651870262,-1.0687588504872214,0.4123900170997968,-0.8975029591088394,1.0406737773897279,-0.28624241793587424,1.6963580087404837,0.37794939358356394,0.5483230188046049,1.0913021370344382,0.6833794489230323,0.8449281893690844,30,muskmelon,sandy Loamy soil
41288,0.8110716651870262,-1.0687588504872214,-0.09597647149880119,-0.8975029591088394,0.5790459587834081,-0.6906212790990526,1.6451759460137791,0.3512876612501149,0.20283123618581245,0.8103747129321549,0.07096155695542919,0.8084862703408926,30,muskmelon,sandy Loamy soil
41309,0.8110716651870262,-1.0687588504872214,-0.6043429600973992,-0.8975029591088394,1.1945497169251689,-0.23711227592539477,0.8433236299620851,0.6701058499953582,0.42308224760529234,0.5531043350700637,-0.03985691873394653,0.7720443513127009,30,muskmelon,sandy Loamy soil
41314,0.8110716651870262,-1.0687588504872214,-0.6043429600973992,-0.8975029591088394,0.8867978378542885,-0.5073280569830325,0.31444231511947873,0.8502830306066667,0.3064787709714498,0.6063326891104963,-0.23233111335233592,0.19261783876445154,30,muskmelon,sandy Loamy soil
41405,0.8110716651870262,-1.0687588504872214,0.4123900170997968,-0.8975029591088394,0.8867978378542885,-0.5451204739141706,0.46798850329959013,0.5749655630370508,0.522411135108195,1.0646879600142216,-0.2964891782251325,0.2582132930151969,30,muskmelon,sandy Loamy soil
41408,0.8110716651870262,-1.0687588504872214,-0.09597647149880119,-0.8975029591088394,0.7329218983188477,-0.2805735553962036,0.7580201920842453,0.7217454157780386,0.3323906546678596,1.1238305756147025,0.28093340563003605,0.3310971310715805,30,muskmelon,sandy Loamy soil
41432,0.8110716651870262,-1.0687588504872214,0.9207565056983947,-0.8975029591088394,0.7329218983188477,-0.31647635148078496,1.3380835696535565,0.8177276521784553,0.18987529433760725,0.06222062558607423,0.40924953537562925,0.39304839341950665,30,muskmelon,sandy Loamy soil
41442,0.8110716651870262,-1.0687588504872214,0.9207565056983947,-0.8975029591088394,0.27129407971252784,-0.35048952671880923,0.7238988169331095,0.46747668426114575,0.23738041444769156,0.12136324118655492,-0.261493870112698,0.13066657641652568,30,muskmelon,sandy Loamy soil
41455,0.8110716651870262,-1.0687588504872214,0.4123900170997968,-0.8975029591088394,0.8867978378542885,-0.1860925130683582,1.0992339435956047,0.7655267867677021,0.565597607935544,0.10657758728643475,0.11178941641993623,1.3368940962496736,30,muskmelon,sandy Loamy soil
41459,0.8110716651870262,-1.0687588504872214,-0.6043429600973992,-0.8975029591088394,0.5790459587834081,-0.5111072986761463,1.2698408193512847,0.6832963912550646,0.267610945426836,0.9582312519333566,0.006803492082632595,1.4680850047511642,30,muskmelon,sandy Loamy soil
41463,0.8110716651870262,-1.0687588504872214,-0.09597647149880119,-0.8975029591088394,0.5790459587834081,-0.6717250706334835,1.4404476951069645,0.5438134336790205,0.33670930195059423,0.37863361904864556,-0.3606472430979291,1.2822312177073858,30,muskmelon,sandy Loamy soil
41499,0.8110716651870262,-1.0687588504872214,-0.6043429600973992,-0.8975029591088394,0.5790459587834081,-0.6490496204748005,1.4233870075313961,0.4068563244293033,0.4187636003225577,0.39637640372879,0.45007739484013587,1.3660476314722267,30,muskmelon,sandy Loamy soil
41522,0.8110716651870262,-1.0687588504872214,0.9207565056983947,-0.8975029591088394,1.1945497169251689,-0.22577455084605316,0.05853200148595931,0.5758075124791596,0.32375336010238964,0.3401909189083332,-0.2381636647044084,1.2494334905820135,30,muskmelon,sandy Loamy soil
41540,0.8110716651870262,-1.0687588504872214,0.4123900170997968,-0.8975029591088394,0.27129407971252784,-0.4374120856604269,1.5257511329848041,0.20422715869509067,0.5785535497837486,-0.011707643914526628,0.29259850833418105,0.7756885432155204,30,muskmelon,sandy Loamy soil
41558,0.8110716651870262,-1.0687588504872214,-0.09597647149880119,-0.8975029591088394,0.5790459587834081,-0.7284136960301908,0.9627484429910608,0.46102173853831024,0.172600705206668,0.2514769955076122,0.45007739484013587,1.4316430857229725,30,muskmelon,sandy Loamy soil
41586,0.8110716651870262,-1.0687588504872214,-1.621075937294595,-0.8975029591088394,0.11741814017708838,-0.29191128047554493,1.30396219450242,0.28814145309194605,0.4317195421707623,0.7867176666919626,-0.06901967549430858,0.26914586872365437,30,muskmelon,sandy Loamy soil
41657,0.8110716651870262,-1.0687588504872214,0.9207565056983947,-0.8975029591088394,0.4251700192479687,-0.4468601898932114,1.5428118205603711,0.41246932071002945,0.5008178986945205,0.6832180893911215,0.6017237299940186,0.40398096912796405,30,muskmelon,sandy Loamy soil
41676,0.8110716651870262,-1.0687588504872214,-1.621075937294595,-0.8975029591088394,0.5790459587834081,-0.41284701465518714,0.6215346914797015,0.40376917647490423,0.5569603133700741,0.6299897353506885,-0.37231234580207406,0.917812027425468,30,muskmelon,sandy Loamy soil
41690,0.8110716651870262,-1.0687588504872214,0.4123900170997968,-0.8975029591088394,-0.036457799358352465,-0.4374120856604269,0.55329194117743,0.7756301800730095,0.40148901119161784,0.5324044196098955,0.5783935245857291,1.2312125310679176,30,muskmelon,sandy Loamy soil
41698,0.8110716651870262,-1.0687588504872214,-0.09597647149880119,-0.8975029591088394,0.11741814017708838,-0.1842028922218014,1.2357194442001485,0.14501004793343006,0.16828205792393272,0.10953471806645862,-0.29065662687306,0.491441574795624,30,muskmelon,sandy Loamy soil
41703,0.8110716651870262,-1.0687588504872214,-0.09597647149880119,-0.8975029591088394,0.27129407971252784,-0.6849524165593819,1.6451759460137791,0.7304455600131639,0.38421442206067796,0.24851986472758833,-0.3956425512103636,1.4389314695286104,30,muskmelon,sandy Loamy soil
41704,0.8110716651870262,-1.0687588504872214,-0.6043429600973992,-0.8975029591088394,1.3484256564606083,-0.7076278667180647,1.5769331957115076,0.7192195674517117,0.27624823999230536,0.5028331118096551,0.39758443267148424,1.5519014185160052,30,muskmelon,sandy Loamy soil
41713,0.8110716651870262,-1.0687588504872214,-0.09597647149880119,-0.8975029591088394,1.3484256564606083,-0.3807234602637196,1.1845373814734443,0.7422328522026889,0.20714988346854712,-0.008750513134502761,-0.1215126376629602,0.7611117756042435,30,muskmelon,sandy Loamy soil
41722,0.8110716651870262,-1.0687588504872214,0.9207565056983947,-0.8975029591088394,0.27129407971252784,-0.6773939331731542,0.8092022548109493,0.40236592740472266,0.3583025383642688,0.8724744593126594,-0.4248053079707257,1.2385009148735555,30,muskmelon,sandy Loamy soil
41730,0.8110716651870262,-1.0687588504872214,0.4123900170997968,-0.8975029591088394,-0.036457799358352465,-0.6773939331731542,0.7750808796598135,0.2690572657374774,0.22442447259948697,0.7068751356313137,0.1934451353489499,1.1619728849143531,30,muskmelon,sandy Loamy soil
41745,0.8110716651870262,-1.0687588504872214,0.4123900170997968,-0.8975029591088394,1.0406737773897279,-0.35426876841192306,0.2973816275439105,0.2466052806145729,0.582872197066484,0.48804745790953497,-0.44813551337901525,1.3842685909863228,30,muskmelon,sandy Loamy soil
41789,0.8110716651870262,-1.0687588504872214,-0.6043429600973992,-0.8975029591088394,0.27129407971252784,-0.19365099645458594,0.604474003904134,0.34763921366764305,0.28920418184051055,1.0528594368941258,-0.3956425512103636,0.8412839974662655,30,muskmelon,sandy Loamy soil
41818,0.8110716651870262,-1.0687588504872214,-0.09597647149880119,-0.8975029591088394,0.11741814017708838,-0.25411886354440677,0.9456877554154931,0.10712232303852877,0.33670930195059423,0.674346697051049,-0.20316835659197385,1.0162052088015858,30,muskmelon,sandy Loamy soil
41836,0.8110716651870262,-1.0687588504872214,-1.621075937294595,-0.8975029591088394,0.11741814017708838,-0.40717815211551645,0.6215346914797015,0.1537101921685556,0.48354330956358127,0.9404884672532121,-0.3898099998582912,1.409777934306057,30,muskmelon,sandy Loamy soil
41841,0.8110716651870262,-1.0687588504872214,-1.621075937294595,-0.8975029591088394,0.8867978378542885,-0.3202555931738985,0.21207818966607073,0.8522475793049209,0.4403568367362322,1.1120020524946064,0.36258912455904974,1.48630596426526,30,muskmelon,sandy Loamy soil
41900,0.8110716651870262,-1.0687588504872214,0.4123900170997968,-0.8975029591088394,0.27129407971252784,-0.639601516242016,0.9968698181421971,0.7509329964378147,0.29784147640597985,0.674346697051049,0.240105546165529,1.1364635415946187,30,muskmelon,sandy Loamy soil
41906,0.8110716651870262,-1.0687588504872214,-1.621075937294595,-0.8975029591088394,0.27129407971252784,-0.6660562080938128,1.2527801317757166,0.059411854652356766,0.427400894888027,0.18642011834708333,0.17594748129273283,0.19626203066727077,30,muskmelon,sandy Loamy soil
41919,0.8110716651870262,-1.0687588504872214,-0.6043429600973992,-0.8975029591088394,-0.19033373889379193,-0.5243346446020448,1.2015980690490127,0.1455713475615028,0.5958281389146886,0.22486281848739612,-0.23233111335233592,1.344182480055312,30,muskmelon,sandy Loamy soil
42002,0.8110716651870262,-1.0687588504872214,0.9207565056983947,-0.8975029591088394,0.11741814017708838,-0.743530662802646,0.7921415672353811,0.5404456359105853,0.23738041444769156,0.20712003380725166,0.04179880019506714,-0.55444150131348,51,tinda,sandy Loamy soil
42007,0.8110716651870262,-1.0687588504872214,0.9207565056983947,-0.8975029591088394,-0.036457799358352465,-0.743530662802646,0.2973816275439105,0.2788800092287481,0.2330617671649563,-0.2955921987968342,0.49090525430464294,0.01769662742913109,51,tinda,sandy Loamy soil
42033,0.8110716651870262,-1.0687588504872214,-0.09597647149880119,-0.8975029591088394,0.8867978378542885,-0.743530662802646,0.4168064405728861,0.5853496061563942,0.28488553455777527,-0.35473481439731486,0.49090525430464294,0.09058046548551466,51,tinda,sandy Loamy soil
42037,0.8110716651870262,-1.0687588504872214,0.9207565056983947,-0.8975029591088394,0.27129407971252784,-0.743530662802646,0.8945056926887891,0.45035704560493073,0.427400894888027,0.08587767182626642,-0.1740055998316118,-0.33943417904714857,51,tinda,sandy Loamy soil
42040,0.8110716651870262,-1.0687588504872214,0.4123900170997968,-0.8975029591088394,1.0406737773897279,-0.743530662802646,0.38268506542175035,0.7761914797010823,0.3194347128196544,-0.5972195383592855,-0.25566131876062587,-0.36129933046406343,51,tinda,sandy Loamy soil
42049,0.8110716651870262,-1.0687588504872214,-0.6043429600973992,-0.8975029591088394,0.11741814017708838,-0.743530662802646,0.7580201920842453,0.7613170395571576,0.4619500731499067,0.25739125706766036,-0.09818243225467063,-0.594527612244491,51,tinda,sandy Loamy soil
42077,0.8110716651870262,-1.0687588504872214,0.9207565056983947,-0.8975029591088394,1.0406737773897279,-0.743530662802646,0.1950175020905025,0.5783333608054866,0.5008178986945205,0.2899196956479245,-0.32565193498549455,0.061426930262961074,51,tinda,sandy Loamy soil
42105,0.8110716651870262,-1.0687588504872214,0.4123900170997968,-0.8975029591088394,-0.036457799358352465,-0.743530662802646,0.4168064405728861,0.6282890277039489,0.1855566470548726,0.45256188854924645,0.1351196218282258,-0.06611978633571017,51,tinda,sandy Loamy soil
42134,0.8110716651870262,-1.0687588504872214,-0.6043429600973992,-0.8975029591088394,0.5790459587834081,-0.743530662802646,0.26326025239277473,0.4621443377944557,0.3064787709714498,-0.27784941411668973,0.3859193299673393,-0.029677867307518382,51,tinda,sandy Loamy soil
42183,0.8110716651870262,-1.0687588504872214,-0.09597647149880119,-0.8975029591088394,0.5790459587834081,-0.743530662802646,0.22913887724163892,0.10291257582798417,0.36262118564700346,-0.2630637602165696,0.11178941641993623,0.00311985981785443,51,tinda,sandy Loamy soil
42224,0.8110716651870262,-1.0687588504872214,-0.6043429600973992,-0.8975029591088394,0.7329218983188477,-0.743530662802646,0.21207818966607073,0.49554166566477637,0.1855566470548726,0.05334923324600179,0.006803492082632595,0.0832920816798762,51,tinda,sandy Loamy soil
42232,0.8110716651870262,-1.0687588504872214,0.9207565056983947,-0.8975029591088394,1.3484256564606083,-0.743530662802646,0.55329194117743,0.8025725622204947,0.1985125889030772,-0.4523201301381079,0.6483841408105977,-0.029677867307518382,51,tinda,sandy Loamy soil
42242,0.8110716651870262,-1.0687588504872214,0.9207565056983947,-0.8975029591088394,0.8867978378542885,-0.743530662802646,0.38268506542175035,0.28224780699718355,0.3669398329297387,-0.03240755937469495,0.240105546165529,-0.35036675475560597,51,tinda,sandy Loamy soil
42267,0.8110716651870262,-1.0687588504872214,0.9207565056983947,-0.8975029591088394,1.1945497169251689,-0.743530662802646,0.28032093996834234,0.31873228282190336,0.22874311988222162,-0.4050060376577235,-0.3664797944500016,0.09786884929115286,51,tinda,sandy Loamy soil
42277,0.8110716651870262,-1.0687588504872214,0.9207565056983947,-0.8975029591088394,1.1945497169251689,-0.743530662802646,0.07559268906152691,0.10656102341045602,0.3669398329297387,0.06222062558607423,-0.3081542809292775,-0.24468518957384985,51,tinda,sandy Loamy soil
42305,0.8110716651870262,-1.0687588504872214,0.4123900170997968,-0.8975029591088394,1.1945497169251689,-0.743530662802646,0.26326025239277473,0.7023805786095333,0.4403568367362322,-0.5617339689989973,-0.44813551337901525,-0.02238948350187992,51,tinda,sandy Loamy soil
42318,0.8110716651870262,-1.0687588504872214,-0.09597647149880119,-0.8975029591088394,0.7329218983188477,-0.743530662802646,0.5703526287529982,0.392823833727488,0.531048429673665,0.34610518046838135,0.5142354597129325,-0.24468518957384985,51,tinda,sandy Loamy soil
42375,0.8110716651870262,-1.0687588504872214,0.4123900170997968,-0.8975029591088394,0.11741814017708838,-0.743530662802646,0.3997457529973185,0.48656087161561445,0.41012630575708775,-0.014664774694550914,0.29259850833418105,-0.3576551385612444,51,tinda,sandy Loamy soil
42387,0.8110716651870262,-1.0687588504872214,0.9207565056983947,-0.8975029591088394,1.1945497169251689,-0.743530662802646,0.6727167542064055,0.8713317666593896,0.36262118564700346,-0.5765196228991175,0.6775468975709598,-0.40502963329789365,51,tinda,sandy Loamy soil
42415,0.8110716651870262,-1.0687588504872214,0.4123900170997968,-0.8975029591088394,1.1945497169251689,-0.743530662802646,0.3997457529973185,0.3223807304043755,0.4403568367362322,0.42890484230905424,0.3509240218549051,-0.47426927945145797,51,tinda,sandy Loamy soil
42418,0.8110716651870262,-1.0687588504872214,-0.09597647149880119,-0.8975029591088394,0.8867978378542885,-0.743530662802646,0.09265337663709511,0.6687026009251765,0.2503363562958962,0.11840611040653064,0.11762196777200873,-0.38680867378379774,51,tinda,sandy Loamy soil
42455,0.8110716651870262,-1.0687588504872214,0.4123900170997968,-0.8975029591088394,1.3484256564606083,-0.743530662802646,0.6897774417819738,0.5920852016932652,0.5180924878254604,-0.1654784444757765,0.4325797407839188,-0.3795202899781593,51,tinda,sandy Loamy soil
42499,0.8110716651870262,-1.0687588504872214,-0.6043429600973992,-0.8975029591088394,0.27129407971252784,-0.743530662802646,0.3997457529973185,0.5887174039248294,0.4187636003225577,-0.15069279057565632,0.0651290056033567,-0.514355390382469,51,tinda,sandy Loamy soil
42520,0.8110716651870262,-1.0687588504872214,0.4123900170997968,-0.8975029591088394,0.8867978378542885,-0.743530662802646,0.7580201920842453,0.4492344463487859,0.5180924878254604,0.05039210246597793,0.006803492082632595,-0.3576551385612444,51,tinda,sandy Loamy soil
42570,0.8110716651870262,-1.0687588504872214,0.4123900170997968,-0.8975029591088394,0.7329218983188477,-0.743530662802646,0.3997457529973185,0.10178997657183901,0.522411135108195,-0.2364495831963535,0.520068011065005,-0.04425463491879505,51,tinda,sandy Loamy soil
42594,0.8110716651870262,-1.0687588504872214,-0.6043429600973992,-0.8975029591088394,-0.036457799358352465,-0.743530662802646,0.26326025239277473,0.6280083778899123,0.4749060149981113,-0.08859304419515178,0.6017237299940186,-0.4086738252007129,51,tinda,sandy Loamy soil
42615,0.8110716651870262,-1.0687588504872214,0.4123900170997968,-0.8975029591088394,1.0406737773897279,-0.743530662802646,0.26326025239277473,0.4060143749871945,0.42308224760529234,-0.3636062067373869,-0.3664797944500016,-0.04425463491879505,51,tinda,sandy Loamy soil
42649,0.8110716651870262,-1.0687588504872214,-0.6043429600973992,-0.8975029591088394,-0.19033373889379193,-0.743530662802646,0.7409595045086778,0.676280145904157,0.3064787709714498,-0.3931775145376272,0.047631351547139635,-0.4924902389655539,51,tinda,sandy Loamy soil
42666,0.8110716651870262,-1.0687588504872214,-1.621075937294595,-0.8975029591088394,0.8867978378542885,-0.743530662802646,0.17795681451493492,0.46831863370325455,0.22442447259948697,-0.4523201301381079,-0.4714657187873048,-0.35036675475560597,51,tinda,sandy Loamy soil
42671,0.8110716651870262,-1.0687588504872214,-1.621075937294595,-0.8975029591088394,0.7329218983188477,-0.743530662802646,0.17795681451493492,0.09252853270864073,0.33670930195059423,0.27513404174780437,0.28093340563003605,-0.047898826821614275,51,tinda,sandy Loamy soil
42676,0.8110716651870262,-1.0687588504872214,-1.621075937294595,-0.8975029591088394,1.0406737773897279,-0.743530662802646,0.7750808796598135,0.3583039066010225,0.5396857242391349,-0.5587768382189732,0.10012431371579124,0.0832920816798762,51,tinda,sandy Loamy soil
42761,0.8110716651870262,-1.0687588504872214,-1.621075937294595,-0.8975029591088394,1.0406737773897279,-0.743530662802646,0.2461995648172065,0.5216420983701526,0.3194347128196544,-0.3399491604971947,-0.28482407552098793,0.006764051720673401,51,tinda,sandy Loamy soil
42762,0.8110716651870262,-1.0687588504872214,0.9207565056983947,-0.8975029591088394,1.0406737773897279,-0.743530662802646,0.07559268906152691,0.5513909786580008,0.49218060412905057,0.5028331118096551,-0.05735457279016359,-0.062475594432890934,51,tinda,sandy Loamy soil
42818,0.8110716651870262,-1.0687588504872214,-0.09597647149880119,-0.8975029591088394,0.5790459587834081,-0.743530662802646,0.4509278157240219,0.8671220194488449,0.40148901119161784,0.5235330272698234,0.21677534075723945,-0.41960640090917034,51,tinda,sandy Loamy soil
42827,0.8110716651870262,-1.0687588504872214,0.9207565056983947,-0.8975029591088394,0.4251700192479687,-0.743530662802646,0.1097140642126627,0.38777213707483466,0.5353670769563996,-0.3517776836172906,0.2051102380530949,-0.26655034099076497,51,tinda,sandy Loamy soil
42831,0.8110716651870262,-1.0687588504872214,-1.621075937294595,-0.8975029591088394,1.1945497169251689,-0.743530662802646,0.6385953790552698,0.11245466950521851,0.49649925141178586,0.4348191038691024,-0.261493870112698,-0.33943417904714857,51,tinda,sandy Loamy soil
42883,0.8110716651870262,-1.0687588504872214,-0.09597647149880119,-0.8975029591088394,0.7329218983188477,-0.743530662802646,0.8433236299620851,0.6984514812130254,0.5785535497837486,0.12727750274660266,0.39758443267148424,-0.09891751346108273,51,tinda,sandy Loamy soil
42929,0.8110716651870262,-1.0687588504872214,-0.6043429600973992,-0.8975029591088394,0.4251700192479687,-0.743530662802646,0.7409595045086778,0.6872254886515732,0.4749060149981113,0.4584761501092946,0.240105546165529,-0.4560483199373621,51,tinda,sandy Loamy soil
42952,0.8110716651870262,-1.0687588504872214,0.9207565056983947,-0.8975029591088394,-0.036457799358352465,-0.743530662802646,0.5703526287529982,0.7422328522026889,0.3064787709714498,0.15093454898679526,-0.19150325388782927,-0.10985008916954016,51,tinda,sandy Loamy soil
42955,0.8110716651870262,-1.0687588504872214,0.4123900170997968,-0.8975029591088394,0.27129407971252784,-0.743530662802646,0.7921415672353811,0.6420408685917275,0.3539838910815341,-0.15069279057565632,0.35675657320697723,-0.23375261386539217,51,tinda,sandy Loamy soil
43057,-1.195620631292194,-1.0687588504872214,0.9207565056983947,1.114202454544477,-1.2674653156418723,0.7681660144428801,-0.7433203145657353,1.4267377486372392,0.5871908443492186,0.041520710125905906,0.6075562813460911,-0.6018159960501293,16,chowchow,Laterite soil
43093,-1.195620631292194,-1.0687588504872214,-0.09597647149880119,1.114202454544477,-1.421341255177312,0.7681660144428801,-0.5215313760833518,1.5956889366870954,0.38853306934341325,0.16572020288691544,-0.05735457279016359,-0.08798493775262503,16,chowchow,Laterite soil
43114,-1.100063855269374,-1.0687588504872214,-0.6043429600973992,-0.8975029591088394,-1.5752171947127527,0.7681660144428801,-0.5897741263856233,1.0773287301620382,0.3496652437987988,0.16276307210689114,0.47924015160049793,0.09786884929115286,16,chowchow,Loamy soil
43120,-1.100063855269374,-1.0687588504872214,0.4123900170997968,-0.8975029591088394,-0.6519615575001118,0.7681660144428801,-1.1186554412282304,1.0226020164249587,0.2546550035786308,-0.46119152247817996,0.29259850833418105,-0.47062508754863874,16,chowchow,Loamy soil
43140,-1.100063855269374,-1.0687588504872214,0.4123900170997968,-0.8975029591088394,-0.49808561796467227,0.7681660144428801,-1.1015947536526622,1.6849355775506405,0.574234902501014,-0.552862576658925,0.45590994619220837,-0.2738387247964032,16,chowchow,Loamy soil
43154,-1.100063855269374,-1.0687588504872214,-0.6043429600973992,-0.8975029591088394,-0.8058374970355525,0.7681660144428801,-0.8798058151702786,0.8876094558734952,0.1985125889030772,0.4141191884089341,-0.3081542809292775,0.12337819261088721,16,chowchow,Loamy soil
43156,-1.100063855269374,-1.0687588504872214,-1.621075937294595,-0.8975029591088394,-1.421341255177312,0.7681660144428801,-1.135716128803798,1.10455176212356,0.5871908443492186,0.3313195265682612,-0.03985691873394653,-0.16451296771182783,16,chowchow,Loamy soil
43207,-1.195620631292194,-1.0687588504872214,0.9207565056983947,1.114202454544477,-0.9597134365709921,0.7681660144428801,-0.6238955015367591,1.6975648191822743,0.5267297823909303,-0.011707643914526628,0.1351196218282258,0.046850162651684416,16,chowchow,Laterite soil
43276,-1.100063855269374,-1.0687588504872214,-1.621075937294595,-0.8975029591088394,-1.729093134248192,0.7681660144428801,-1.1015947536526622,1.448628434132071,0.40148901119161784,-0.15660705213570447,0.21094278940516697,-0.05883140253007171,16,chowchow,Loamy soil
43290,-1.100063855269374,-1.0687588504872214,0.4123900170997968,-0.8975029591088394,-1.5752171947127527,0.7681660144428801,-0.8627451275947109,0.9106227406244723,0.582872197066484,0.1006633257263866,-0.32565193498549455,-0.10256170536390195,16,chowchow,Loamy soil
43294,-1.100063855269374,-1.0687588504872214,-0.6043429600973992,-0.8975029591088394,-1.421341255177312,0.7681660144428801,-0.7774416897168711,1.7014939165787821,0.4489941313017015,0.45551901932927075,-0.19150325388782927,0.10151304119397209,16,chowchow,Loamy soil
43295,-1.195620631292194,-1.0687588504872214,0.4123900170997968,1.114202454544477,-0.9597134365709921,0.7681660144428801,-0.5385920636589193,1.215969738295973,0.47058736771537607,0.11544897962650677,0.49090525430464294,-0.5325763498965649,16,chowchow,Laterite soil
43317,-1.195620631292194,-1.0687588504872214,0.9207565056983947,1.114202454544477,-1.729093134248192,0.7681660144428801,-0.6750775642634631,1.1533848297658769,0.49218060412905057,-0.07085025951500731,-0.2964891782251325,0.04320597074886519,16,chowchow,Laterite soil
43321,-1.195620631292194,-1.0687588504872214,-1.621075937294595,1.114202454544477,-0.6519615575001118,0.7681660144428801,-1.135716128803798,1.3964275687213183,0.3669398329297387,0.24260560316754018,-0.1740055998316118,0.006764051720673401,16,chowchow,Laterite soil
43347,-1.195620631292194,-1.0687588504872214,0.9207565056983947,1.114202454544477,-0.9597134365709921,0.7681660144428801,-0.6921382518390313,1.2375797739767687,0.2805668872750406,-0.4434487377980359,0.5433982164732946,-0.4487599361317239,16,chowchow,Laterite soil
43357,-1.195620631292194,-1.0687588504872214,0.9207565056983947,1.114202454544477,-1.421341255177312,0.7681660144428801,-0.5385920636589193,1.582779045241425,0.2201058253167517,0.1450202874267471,-0.33731703768963955,-0.5726624608275759,16,chowchow,Laterite soil
43416,-1.100063855269374,-1.0687588504872214,-1.621075937294595,-0.8975029591088394,-0.3442096784292314,0.7681660144428801,-0.8968665027458468,1.1747142156326367,0.479224662280846,-0.40796316843774744,0.39758443267148424,-0.55444150131348,16,chowchow,Loamy soil
43486,-1.100063855269374,-1.0687588504872214,-1.621075937294595,-0.8975029591088394,-0.49808561796467227,0.7681660144428801,-0.7603810021413029,1.3498396995912911,0.4749060149981113,-0.360649075957363,0.50840290836086,-0.03332205921033735,16,chowchow,Loamy soil
43556,-1.100063855269374,-1.0687588504872214,-1.621075937294595,-0.8975029591088394,-0.3442096784292314,0.7681660144428801,-1.135716128803798,1.5575205619781574,0.49218060412905057,-0.15364992135568062,-0.14484284307124975,-0.20459907864283886,16,chowchow,Loamy soil
43590,-1.100063855269374,-1.0687588504872214,0.4123900170997968,-0.8975029591088394,-0.49808561796467227,0.7681660144428801,-0.9651092530481183,1.7144038080244526,0.48354330956358127,-0.6060909306993578,-0.4656331674352323,-0.011456907793422491,16,chowchow,Loamy soil
43596,-1.100063855269374,-1.0687588504872214,-1.621075937294595,-0.8975029591088394,-1.5752171947127527,0.7681660144428801,-0.9139271903214149,1.054315445411061,0.3496652437987988,0.5176187657097753,-0.028191816029801538,-0.35036675475560597,16,chowchow,Loamy soil
43607,-1.195620631292194,-1.0687588504872214,0.9207565056983947,1.114202454544477,-0.6519615575001118,0.7681660144428801,-0.4874100009322159,1.675393483873406,0.4749060149981113,-0.11225009043534397,-0.22066601064819133,-0.33578998714432934,16,chowchow,Laterite soil
43615,-1.195620631292194,-1.0687588504872214,0.4123900170997968,1.114202454544477,-0.3442096784292314,0.7681660144428801,-0.6580168766878955,0.9594558082667899,0.5094551932599904,-0.3399491604971947,0.3217612650945431,-0.47062508754863874,16,chowchow,Laterite soil
43639,-1.195620631292194,-1.0687588504872214,-0.6043429600973992,1.114202454544477,-1.1135893761064315,0.7681660144428801,-0.8456844400191428,1.417476304774041,0.47058736771537607,-0.25123523709647366,0.5142354597129325,-0.11349428107235938,16,chowchow,Laterite soil
43641,-1.195620631292194,-1.0687588504872214,-1.621075937294595,1.114202454544477,-1.5752171947127527,0.7681660144428801,-0.9821699406236866,1.1314941442710453,0.49218060412905057,-0.5025913533985166,0.6833794489230323,-0.16815715961464706,16,chowchow,Laterite soil
43690,-1.100063855269374,-1.0687588504872214,0.4123900170997968,-0.8975029591088394,-1.1135893761064315,0.7681660144428801,-0.6409561891123273,1.6192635210661448,0.3064787709714498,-0.3724775990774589,0.240105546165529,-0.16815715961464706,16,chowchow,Loamy soil
43702,-1.100063855269374,-1.0687588504872214,0.9207565056983947,-0.8975029591088394,-1.421341255177312,0.7681660144428801,-0.8115630648680069,1.483429011072573,0.47058736771537607,-0.14477852901560817,0.3392589191507602,-0.07340817014134837,16,chowchow,Loamy soil
43763,-1.195620631292194,-1.0687588504872214,-0.09597647149880119,1.114202454544477,-0.6519615575001118,0.7681660144428801,-0.7603810021413029,1.546855869044778,0.3410279492333289,-0.07676452107505546,0.39758443267148424,-0.09891751346108273,16,chowchow,Laterite soil
43768,-1.100063855269374,-1.0687588504872214,-0.09597647149880119,-0.8975029591088394,-0.49808561796467227,0.7681660144428801,-1.1186554412282304,1.0531928461549156,0.5483230188046049,0.28696256486790067,-0.44230296202694275,-0.5726624608275759,16,chowchow,Loamy soil
43800,-1.100063855269374,-1.0687588504872214,0.4123900170997968,-0.8975029591088394,-0.8058374970355525,0.7681660144428801,-1.1186554412282304,0.9123066395086906,0.48786195684631595,0.25443412628763645,0.6658817948668152,-0.2957038762133183,16,chowchow,Loamy soil
43812,-1.100063855269374,-1.0687588504872214,0.9207565056983947,-0.8975029591088394,-0.3442096784292314,0.7681660144428801,-0.5385920636589193,1.65687059614701,0.47058736771537607,0.0651777563660981,0.6775468975709598,-0.1790897353231045,16,chowchow,Loamy soil
43847,-1.195620631292194,-1.0687588504872214,0.9207565056983947,1.114202454544477,-1.2674653156418723,0.7681660144428801,-1.0845340660770946,1.6321734125118152,0.32375336010238964,0.19529151068715578,0.3334263677986877,-0.2155316543512963,16,chowchow,Laterite soil
43853,-1.195620631292194,-1.0687588504872214,-0.09597647149880119,1.114202454544477,-0.6519615575001118,0.7681660144428801,-0.8627451275947109,1.057121943551424,0.5396857242391349,-0.2541923678764975,0.1934451353489499,-0.12078266487799784,16,chowchow,Laterite soil
43889,-1.195620631292194,-1.0687588504872214,-0.6043429600973992,1.114202454544477,-1.1135893761064315,0.7681660144428801,-0.7262596269901671,0.9266197800245419,0.22874311988222162,-0.4404916070180116,-0.12734518901503267,-0.4268947847148088,16,chowchow,Laterite soil
43898,-1.100063855269374,-1.0687588504872214,-0.09597647149880119,-0.8975029591088394,-0.9597134365709921,0.7681660144428801,-0.8115630648680069,1.504477747125296,0.574234902501014,0.09179193338631458,0.14678472453237076,-0.5362205417993842,16,chowchow,Loamy soil
43900,-1.100063855269374,-1.0687588504872214,0.4123900170997968,-0.8975029591088394,-1.2674653156418723,0.7681660144428801,-0.5727134388100558,1.600179333711676,0.38421442206067796,-0.12703574433546413,0.09429176236371875,-0.5580856932162992,16,chowchow,Loamy soil
43904,-1.100063855269374,-1.0687588504872214,-0.6043429600973992,-0.8975029591088394,-1.421341255177312,0.7681660144428801,-0.9821699406236866,1.3899726229984828,0.5051365459772558,0.2514769955076122,0.39758443267148424,-0.03332205921033735,16,chowchow,Loamy soil
43933,-1.195620631292194,-1.0687588504872214,-0.09597647149880119,1.114202454544477,-1.5752171947127527,0.7681660144428801,-0.9651092530481183,1.2883773903173406,0.4317195421707623,-0.5706053613390693,0.22260789210931195,-0.24468518957384985,16,chowchow,Laterite soil
43972,-1.100063855269374,-1.0687588504872214,0.9207565056983947,-0.8975029591088394,-0.8058374970355525,0.7681660144428801,-0.6750775642634631,1.2760287984997427,0.41444495303982243,-0.1773069675958728,-0.4189727566186532,-0.22646423005975397,16,chowchow,Loamy soil
43988,-1.100063855269374,-1.0687588504872214,-0.09597647149880119,-0.8975029591088394,-0.19033373889379193,0.7681660144428801,-0.6409561891123273,1.068909235740949,0.1855566470548726,-0.47302004559827626,-0.4248053079707257,-0.10620589726672092,16,chowchow,Loamy soil
44061,0.8110716651870262,-1.0687588504872214,-1.621075937294595,1.114202454544477,1.0406737773897279,-0.7964400465062393,-0.1973783121475601,0.8135179049679108,0.5871908443492186,0.4229905807490061,0.39175188131941174,-0.2847713005048609,17,cluster bean,sandy Loamy soil
44104,0.8110716651870262,-1.0687588504872214,-0.6043429600973992,-0.8975029591088394,1.5023015959960477,-0.887141847140971,-0.5385920636589193,0.4876834708717593,0.531048429673665,0.2603483878476842,0.47924015160049793,-0.3940970575894362,17,cluster bean,sandy Loamy soil
44129,0.8110716651870262,-1.0687588504872214,-0.6043429600973992,1.114202454544477,2.271681293673248,-0.9192654015324383,-0.026771436391880492,0.5735623139668693,0.49218060412905057,0.2396484723875163,-0.4772982701393773,-0.20459907864283886,17,cluster bean,sandy Loamy soil
44138,0.8110716651870262,-1.0687588504872214,-0.09597647149880119,-0.8975029591088394,1.5023015959960477,-0.639601516242016,-0.4191672506299437,0.8258664967855078,0.20714988346854712,0.26921978018775666,0.21094278940516697,-0.5216437741881075,17,cluster bean,sandy Loamy soil
44153,0.8110716651870262,-1.0687588504872214,-0.09597647149880119,1.114202454544477,1.5023015959960477,-0.6868420374059387,-0.4191672506299437,0.831479493066234,0.574234902501014,0.06813488714612197,-0.302321729577205,-0.47426927945145797,17,cluster bean,sandy Loamy soil
44173,0.8110716651870262,-1.0687588504872214,-0.09597647149880119,1.114202454544477,0.7329218983188477,-0.9249342640721091,-0.40210656305437614,0.8300762439960525,0.22874311988222162,0.18346298756705948,-0.15650794577539473,-0.03696625111315659,17,cluster bean,sandy Loamy soil
44176,0.8110716651870262,-1.0687588504872214,-1.621075937294595,-0.8975029591088394,0.8867978378542885,-0.48276298597779277,-0.0438321239674487,0.07288304572609931,0.4187636003225577,-0.3843061221975552,0.6717143462188877,-0.14993620010055117,17,cluster bean,sandy Loamy soil
44187,0.8110716651870262,-1.0687588504872214,0.9207565056983947,1.114202454544477,1.0406737773897279,-0.6641665872472557,-0.2144389997231283,0.8022919124064586,0.4576314258671715,0.08587767182626642,0.6717143462188877,-0.00416852398778403,17,cluster bean,sandy Loamy soil
44190,0.8110716651870262,-1.0687588504872214,0.4123900170997968,-0.8975029591088394,2.271681293673248,-0.4903214693640202,-0.6238955015367591,0.7335327079675636,0.2330617671649563,0.48804745790953497,0.47924015160049793,-0.16815715961464706,17,cluster bean,sandy Loamy soil
44200,0.8110716651870262,-1.0687588504872214,0.4123900170997968,-0.8975029591088394,1.1945497169251689,-0.8228947383580362,0.041471313910391105,0.8036951614766401,0.5612789606528095,-0.33403489893714655,-0.28482407552098793,-0.10620589726672092,17,cluster bean,sandy Loamy soil
44214,0.8110716651870262,-1.0687588504872214,-0.6043429600973992,-0.8975029591088394,1.8100534750669282,-0.7397514211095321,-0.18031762457199252,0.3827204404221813,0.3453465965160642,-0.056064605614887145,0.05346390289921213,-0.12442685678081682,17,cluster bean,sandy Loamy soil
44239,0.8110716651870262,-1.0687588504872214,-0.6043429600973992,1.114202454544477,1.1945497169251689,-0.8682456386754019,-0.35092450032767214,0.2690572657374774,0.48354330956358127,-0.27193515255664197,-0.004861610621511978,-0.4779134713542772,17,cluster bean,sandy Loamy soil
44242,0.8110716651870262,-1.0687588504872214,0.9207565056983947,-0.8975029591088394,2.4255572332086874,-0.40906777296207325,0.0073499387592553065,0.48628022180157776,0.30216012368871514,-0.2748922833366659,0.240105546165529,-0.01874529159906069,17,cluster bean,sandy Loamy soil
44277,0.8110716651870262,-1.0687588504872214,0.9207565056983947,1.114202454544477,1.8100534750669282,-0.6358222745489022,-0.4191672506299437,0.6619670053883057,0.48354330956358127,0.06813488714612197,0.2984310596862531,-0.09891751346108273,17,cluster bean,sandy Loamy soil
44323,0.8110716651870262,-1.0687588504872214,-0.09597647149880119,1.114202454544477,0.8867978378542885,-0.883362605447857,0.0073499387592553065,0.11750636615787222,0.36262118564700346,-0.6060909306993578,0.1292870704761533,-0.36494352236688266,17,cluster bean,sandy Loamy soil
44327,0.8110716651870262,-1.0687588504872214,0.9207565056983947,1.114202454544477,2.5794331727441295,-0.8153362549718084,-0.5385920636589193,0.5208001489280439,0.2503363562958962,0.15389167976681914,0.251770648869674,-0.6054601879529484,17,cluster bean,sandy Loamy soil
44338,0.8110716651870262,-1.0687588504872214,-0.09597647149880119,-0.8975029591088394,2.4255572332086874,-0.7151863501042923,-0.23149968729869652,0.8648768209365546,0.48354330956358127,-0.5469483150988771,-0.1740055998316118,-0.3795202899781593,17,cluster bean,sandy Loamy soil
44370,0.8110716651870262,-1.0687588504872214,0.4123900170997968,-0.8975029591088394,2.733309112279569,-0.3845027019568335,-0.3679851879032397,0.3653201519519302,0.1855566470548726,-0.49076283027842027,0.3159287137424706,-0.2993480681161375,17,cluster bean,sandy Loamy soil
44390,0.8110716651870262,-1.0687588504872214,0.4123900170997968,-0.8975029591088394,0.7329218983188477,-0.8758041220616295,-0.5385920636589193,0.4472698976505316,0.3928517166261479,-0.3192492450370264,0.08845921101164668,-0.5617298851191183,17,cluster bean,sandy Loamy soil
44429,0.8110716651870262,-1.0687588504872214,-0.6043429600973992,1.114202454544477,0.8867978378542885,-0.3826130811102767,-0.23149968729869652,0.23341473935486642,0.4619500731499067,-0.34586342205724285,0.5783935245857291,-0.44511574422890465,17,cluster bean,sandy Loamy soil
44431,0.8110716651870262,-1.0687588504872214,-1.621075937294595,1.114202454544477,2.4255572332086874,-0.475204502591565,-0.09501418669415271,0.12845170890528806,0.5094551932599904,-0.5617339689989973,0.6367190381064531,-0.4961344308683731,17,cluster bean,sandy Loamy soil
44460,0.8110716651870262,-1.0687588504872214,0.4123900170997968,-0.8975029591088394,1.1945497169251689,-0.6055883410039917,-0.4191672506299437,0.5539168269843279,0.4403568367362322,-0.03536469015471924,0.4384122921359913,-0.41596220900635106,17,cluster bean,sandy Loamy soil
44489,0.8110716651870262,-1.0687588504872214,-0.6043429600973992,1.114202454544477,1.963929414602369,-0.599919478464321,-0.40210656305437614,0.19300116613363844,0.5267297823909303,-0.3074207219169301,0.006803492082632595,-0.4378273604232662,17,cluster bean,sandy Loamy soil
44492,0.8110716651870262,-1.0687588504872214,0.9207565056983947,-0.8975029591088394,1.3484256564606083,-0.7567580087285444,-0.009710748816312897,0.1814945237581498,0.4403568367362322,-0.04127895171476697,0.1934451353489499,-0.5070670065768306,17,cluster bean,sandy Loamy soil
44521,0.8110716651870262,-1.0687588504872214,-1.621075937294595,1.114202454544477,1.6561775355314885,-0.8228947383580362,0.0073499387592553065,0.2729863631339856,0.23738041444769156,0.25443412628763645,0.26926830292589105,-0.10985008916954016,17,cluster bean,sandy Loamy soil
44575,0.8110716651870262,-1.0687588504872214,0.4123900170997968,1.114202454544477,1.0406737773897279,-0.8606871552891743,-0.4874100009322159,0.2819671571831472,0.267610945426836,-0.3517776836172906,-0.12734518901503267,-0.30663645192177574,17,cluster bean,sandy Loamy soil
44614,0.8110716651870262,-1.0687588504872214,-0.6043429600973992,-0.8975029591088394,2.271681293673248,-0.7340825585698614,-0.3168031251765363,0.24155358396191923,0.4403568367362322,0.17754872600701133,-0.31981938363342205,-0.5690182689247567,17,cluster bean,sandy Loamy soil
44642,0.8110716651870262,-1.0687588504872214,0.9207565056983947,-0.8975029591088394,2.8871850518150084,-0.4884318485174634,-0.5385920636589193,0.5098548061806277,0.5915094916319539,-0.14477852901560817,0.5842260759378015,0.057782738360142104,17,cluster bean,sandy Loamy soil
44659,0.8110716651870262,-1.0687588504872214,-0.6043429600973992,1.114202454544477,2.1178053541378086,-0.9324927474583368,-0.23149968729869652,0.8163244031082738,0.4662687204326414,0.387505011388718,-0.2731589728168429,-0.19366650293438142,17,cluster bean,sandy Loamy soil
44684,0.8110716651870262,-1.0687588504872214,-0.6043429600973992,-0.8975029591088394,1.3484256564606083,-0.80210890904591,-0.4703493133566477,0.5379197875842583,0.5483230188046049,0.156848810546843,0.1234545191240808,-0.08798493775262503,17,cluster bean,sandy Loamy soil
44699,0.8110716651870262,-1.0687588504872214,-0.6043429600973992,1.114202454544477,0.7329218983188477,-0.807777771585581,0.0073499387592553065,0.8261471465995446,0.48354330956358127,-0.6149623230394298,0.39758443267148424,-0.2301084219625732,17,cluster bean,sandy Loamy soil
44701,0.8110716651870262,-1.0687588504872214,-1.621075937294595,1.114202454544477,2.4255572332086874,-0.7662061129613289,-0.5556527512344875,0.11469986801750916,0.24169906173042624,-0.5114627457385886,-0.1215126376629602,-0.22282003815693474,17,cluster bean,sandy Loamy soil
44721,0.8110716651870262,-1.0687588504872214,-1.621075937294595,1.114202454544477,2.4255572332086874,-0.5035488152899187,-0.3679851879032397,0.7733849815607192,0.5440043715218695,0.16572020288691544,0.2459380975176015,0.11244561690242978,17,cluster bean,sandy Loamy soil
44724,0.8110716651870262,-1.0687588504872214,-0.6043429600973992,-0.8975029591088394,2.5794331727441295,-0.9173757806858815,-0.2656210624498323,0.3684072999063296,0.21578717803401704,-0.13886426745556044,0.23427299481345693,0.12337819261088721,17,cluster bean,sandy Loamy soil
44810,0.8110716651870262,-1.0687588504872214,0.4123900170997968,-0.8975029591088394,2.8871850518150084,-0.9041484347599831,-0.0779534991185845,0.7343746574096724,0.5958281389146886,0.011949402325665564,0.27510085427796355,-0.10256170536390195,17,cluster bean,sandy Loamy soil
44825,0.8110716651870262,-1.0687588504872214,0.4123900170997968,1.114202454544477,2.4255572332086874,-0.9211550223789953,-0.5897741263856233,0.7063096760060418,0.28920418184051055,0.16572020288691544,0.40341698402355675,-0.5435089256050223,17,cluster bean,sandy Loamy soil
44874,0.8110716651870262,-1.0687588504872214,-0.6043429600973992,-0.8975029591088394,2.8871850518150084,-0.6263741703161176,0.041471313910391105,0.8328827421364156,0.1941939416203425,0.041520710125905906,-0.3781448971541462,-0.13900362439209374,17,cluster bean,sandy Loamy soil
44905,0.8110716651870262,-1.0687588504872214,0.4123900170997968,1.114202454544477,1.0406737773897279,-0.475204502591565,-0.0438321239674487,0.1486584955159019,0.3410279492333289,-0.26010662943654567,0.49090525430464294,-0.4815576632570964,17,cluster bean,sandy Loamy soil
44926,0.8110716651870262,-1.0687588504872214,-1.621075937294595,-0.8975029591088394,2.1178053541378086,-0.3712753560309351,-0.09501418669415271,0.4242566128995544,0.40580765847435246,0.1450202874267471,0.5492307678253671,-0.4378273604232662,17,cluster bean,sandy Loamy soil
44974,0.8110716651870262,-1.0687588504872214,-0.6043429600973992,-0.8975029591088394,1.1945497169251689,-0.8493494302098327,-0.1461962494208567,0.7562653429045041,0.3323906546678596,-0.49076283027842027,0.50840290836086,-0.015101099696241462,17,cluster bean,sandy Loamy soil
45009,0.8110716651870262,-1.0687588504872214,-0.6043429600973992,1.114202454544477,-1.421341255177312,-0.5224450237554877,-0.4874100009322159,0.852528229118957,0.2330617671649563,-0.07676452107505546,0.6483841408105977,-0.12078266487799784,54,vegetable cowpea,sandy Loamy soil
45097,0.8110716651870262,-1.0687588504872214,0.9207565056983947,1.114202454544477,-1.421341255177312,-1.1970396659763038,-0.6238955015367591,0.655231409851434,0.22442447259948697,0.3756764882686217,0.6017237299940186,-0.21917584625411551,54,vegetable cowpea,sandy Loamy soil
45121,0.8110716651870262,-1.0687588504872214,-1.621075937294595,1.114202454544477,-1.2674653156418723,-0.7737645963475563,0.3485636902706145,0.17026853119669758,0.5137738405427251,-0.44936299935808405,0.1351196218282258,0.10880142499961055,54,vegetable cowpea,sandy Loamy soil
45177,0.8110716651870262,-1.0687588504872214,0.9207565056983947,1.114202454544477,-1.5752171947127527,-0.5866921325384227,-0.5385920636589193,0.2252758947478136,0.4662687204326414,0.5205758964897995,0.2576032002217465,-0.5617298851191183,54,vegetable cowpea,sandy Loamy soil
45197,0.8110716651870262,-1.0687588504872214,0.9207565056983947,1.114202454544477,-1.2674653156418723,-0.9702851643894749,0.3485636902706145,0.6389537206373284,0.4619500731499067,-0.13295000589551229,-0.13901029171917767,-0.08798493775262503,54,vegetable cowpea,sandy Loamy soil
45259,0.8110716651870262,-1.0687588504872214,-0.6043429600973992,1.114202454544477,-1.421341255177312,-0.3882819436499474,0.22913887724163892,0.0928091825226771,0.30216012368871514,0.5235330272698234,0.4267471894318463,-0.2592619571851265,54,vegetable cowpea,sandy Loamy soil
45281,0.8110716651870262,-1.0687588504872214,-1.621075937294595,1.114202454544477,-1.5752171947127527,-1.1970396659763038,0.43386712814845435,0.5982594976020641,0.5958281389146886,-0.03240755937469495,0.5608958705295116,-0.5435089256050223,54,vegetable cowpea,sandy Loamy soil
45282,0.8110716651870262,-1.0687588504872214,0.9207565056983947,-0.8975029591088394,-1.2674653156418723,-0.7586476295751011,0.5703526287529982,0.8045371109187489,0.5051365459772558,0.33723378812830934,0.1817800326448049,-0.20459907864283886,54,vegetable cowpea,sandy Loamy soil
45283,0.8110716651870262,-1.0687588504872214,-0.09597647149880119,1.114202454544477,-1.5752171947127527,-0.6641665872472557,-0.009710748816312897,0.712203322100804,0.2719295927095707,-0.5558197074389492,-0.27899152416891543,-0.4815576632570964,54,vegetable cowpea,sandy Loamy soil
45298,0.8110716651870262,-1.0687588504872214,-0.09597647149880119,-0.8975029591088394,-1.5752171947127527,-1.19326042428319,0.38268506542175035,0.7848916239362075,0.3496652437987988,-0.360649075957363,-0.2731589728168429,-0.4524041280345429,54,vegetable cowpea,sandy Loamy soil
45312,0.8110716651870262,-1.0687588504872214,0.9207565056983947,-0.8975029591088394,-1.1135893761064315,-1.0345322731724098,0.16089612693936672,0.3170483839376854,0.5785535497837486,0.12432037196657879,0.04179880019506714,-0.30663645192177574,54,vegetable cowpea,sandy Loamy soil
45332,0.8110716651870262,-1.0687588504872214,0.9207565056983947,-0.8975029591088394,-1.2674653156418723,-0.8890314679875279,0.12677475178823092,0.801169313150313,0.32375336010238964,-0.32516350659707455,0.40341698402355675,-0.24104099767103063,54,vegetable cowpea,sandy Loamy soil
45334,0.8110716651870262,-1.0687588504872214,-0.6043429600973992,-0.8975029591088394,-1.421341255177312,-0.6225949286230038,0.07559268906152691,0.35465545901855067,0.16828205792393272,-0.06789312873498345,-0.19150325388782927,-0.5507973094106607,54,vegetable cowpea,sandy Loamy soil
45385,0.8110716651870262,-1.0687588504872214,0.4123900170997968,1.114202454544477,-1.2674653156418723,-1.1233444529605845,-0.4362279382055119,0.8511249800487755,0.20283123618581245,0.16572020288691544,0.47340760024842543,-0.5362205417993842,54,vegetable cowpea,sandy Loamy soil
45413,0.8110716651870262,-1.0687588504872214,-0.09597647149880119,1.114202454544477,-1.5752171947127527,-0.8058881507390239,0.38268506542175035,0.04790521227686816,0.48786195684631595,-0.22757819085628148,0.40924953537562925,-0.48884604706273466,54,vegetable cowpea,sandy Loamy soil
45432,0.8110716651870262,-1.0687588504872214,0.9207565056983947,-0.8975029591088394,-1.5752171947127527,-0.5904713742315365,-0.3168031251765363,0.057447305954102496,0.582872197066484,-0.0974644365352238,0.6658817948668152,-0.5107111984796497,54,vegetable cowpea,sandy Loamy soil
45446,0.8110716651870262,-1.0687588504872214,-1.621075937294595,-0.8975029591088394,-0.9597134365709921,-0.6263741703161176,-0.4191672506299437,0.8561766767014294,0.3712584802124734,0.5235330272698234,0.36842167591112224,-0.43418316852044697,54,vegetable cowpea,sandy Loamy soil
45480,0.8110716651870262,-1.0687588504872214,0.4123900170997968,-0.8975029591088394,-1.2674653156418723,-0.9117069181462107,0.05853200148595931,0.7537394945781778,0.4662687204326414,-0.5794767536791413,0.4325797407839188,-0.5580856932162992,54,vegetable cowpea,sandy Loamy soil
45487,0.8110716651870262,-1.0687588504872214,0.9207565056983947,1.114202454544477,-1.2674653156418723,-0.3977300478827319,0.604474003904134,0.7180969681955668,0.30216012368871514,-0.07676452107505546,-0.08651732955052564,0.09786884929115286,54,vegetable cowpea,sandy Loamy soil
45526,0.8110716651870262,-1.0687588504872214,-1.621075937294595,-0.8975029591088394,-1.5752171947127527,-1.0194153063999545,0.33150300269504634,0.7826464254239172,0.479224662280846,-0.40204890687769923,0.6367190381064531,-0.1754455434202855,54,vegetable cowpea,sandy Loamy soil
45527,0.8110716651870262,-1.0687588504872214,0.9207565056983947,1.114202454544477,-1.2674653156418723,-0.4487498107397685,-0.5044706885077835,0.24295683303210075,0.3669398329297387,0.22486281848739612,0.6192213840502357,-0.5908834203416719,54,vegetable cowpea,sandy Loamy soil
45537,0.8110716651870262,-1.0687588504872214,0.9207565056983947,1.114202454544477,-1.421341255177312,-0.5866921325384227,0.07559268906152691,0.812956605339838,0.574234902501014,0.5294472888298716,-0.19150325388782927,-0.03332205921033735,54,vegetable cowpea,sandy Loamy soil
45543,0.8110716651870262,-1.0687588504872214,-0.09597647149880119,1.114202454544477,-1.2674653156418723,-0.3977300478827319,-0.7433203145657353,0.3470779140395703,0.49649925141178586,-0.5765196228991175,-0.22649856200026383,-0.026033675404699152,54,vegetable cowpea,sandy Loamy soil
45565,0.8110716651870262,-1.0687588504872214,0.4123900170997968,1.114202454544477,-1.2674653156418723,-1.1819226992038485,0.05853200148595931,0.07428629479628085,0.5440043715218695,0.5146616349297514,0.047631351547139635,-0.3940970575894362,54,vegetable cowpea,sandy Loamy soil
45573,0.8110716651870262,-1.0687588504872214,-0.09597647149880119,1.114202454544477,-1.2674653156418723,-0.7718749755009996,-0.0608928115430169,0.09477373122093137,0.1985125889030772,0.21303429536729981,-0.13901029171917767,-0.2373968057682114,54,vegetable cowpea,sandy Loamy soil
45602,0.8110716651870262,-1.0687588504872214,0.9207565056983947,-0.8975029591088394,-1.421341255177312,-1.0042983396274991,0.5703526287529982,0.3765461445133824,0.31079741825418505,0.035606448565857755,-0.4189727566186532,-0.4268947847148088,54,vegetable cowpea,sandy Loamy soil
45617,0.8110716651870262,-1.0687588504872214,0.9207565056983947,1.114202454544477,-1.2674653156418723,-0.5451204739141706,-0.6409561891123273,0.45260224411722105,0.5785535497837486,0.2514769955076122,0.5725609732336566,-0.3831644818809785,54,vegetable cowpea,sandy Loamy soil
45719,0.8110716651870262,-1.0687588504872214,-0.6043429600973992,1.114202454544477,-1.1135893761064315,-1.0383115148655235,-0.3168031251765363,0.7868561726344617,0.5094551932599904,0.24260560316754018,-0.2673264214647704,-0.26290614908794574,54,vegetable cowpea,sandy Loamy soil
45720,0.8110716651870262,-1.0687588504872214,0.4123900170997968,-0.8975029591088394,-1.2674653156418723,-1.1554680073520518,0.5191705660262941,0.19917546204243697,0.48786195684631595,0.48804745790953497,0.4675750488963534,-0.3831644818809785,54,vegetable cowpea,sandy Loamy soil
45785,0.8110716651870262,-1.0687588504872214,0.4123900170997968,1.114202454544477,-0.9597134365709921,-0.4298536022741994,0.7238988169331095,0.6891900373498274,0.38421442206067796,0.4584761501092946,-0.02235926467772946,-0.15722458390618962,54,vegetable cowpea,sandy Loamy soil
45833,0.8110716651870262,-1.0687588504872214,-0.09597647149880119,1.114202454544477,-1.2674653156418723,-0.475204502591565,0.2973816275439105,0.10263192601394781,0.31079741825418505,0.1450202874267471,0.23427299481345693,-0.5580856932162992,54,vegetable cowpea,sandy Loamy soil
45837,0.8110716651870262,-1.0687588504872214,0.9207565056983947,1.114202454544477,-1.2674653156418723,-0.8701352595219588,-0.5897741263856233,0.2516569772672263,0.37557712749520866,-0.4345773454579639,0.4267471894318463,-0.19366650293438142,54,vegetable cowpea,sandy Loamy soil
45888,0.8110716651870262,-1.0687588504872214,-0.09597647149880119,-0.8975029591088394,-1.1135893761064315,-0.6074779618505486,-0.18031762457199252,0.6675800016690318,0.5483230188046049,0.17459159522698744,0.1817800326448049,-0.040610443015975814,54,vegetable cowpea,sandy Loamy soil
45905,0.8110716651870262,-1.0687588504872214,0.4123900170997968,1.114202454544477,-1.421341255177312,-1.1649161115848363,0.48504919087515835,0.20871755571967163,0.5051365459772558,-0.10633582887529582,0.23427299481345693,-0.4086738252007129,54,vegetable cowpea,sandy Loamy soil
45919,0.8110716651870262,-1.0687588504872214,-0.6043429600973992,1.114202454544477,-1.5752171947127527,-0.7000693833318371,-0.5897741263856233,0.8651574707505907,0.5051365459772558,0.2928768264279488,0.5667284218815841,-0.33943417904714857,54,vegetable cowpea,sandy Loamy soil
45946,0.8110716651870262,-1.0687588504872214,-1.621075937294595,-0.8975029591088394,-1.421341255177312,-0.5224450237554877,0.1950175020905025,0.1166644167157631,0.5267297823909303,-0.3281206373770984,-0.10401498360674312,-0.5216437741881075,54,vegetable cowpea,sandy Loamy soil
45951,0.8110716651870262,-1.0687588504872214,-1.621075937294595,1.114202454544477,-1.421341255177312,-0.9759540269291456,0.5874133163285657,0.380755891723927,0.23738041444769156,0.5176187657097753,-0.44813551337901525,-0.2774829166992224,54,vegetable cowpea,sandy Loamy soil
45981,0.8110716651870262,-1.0687588504872214,-1.621075937294595,1.114202454544477,-1.2674653156418723,-0.4487498107397685,-0.09501418669415271,0.12845170890528806,0.565597607935544,0.27513404174780437,-0.13317774036710517,-0.16815715961464706,54,vegetable cowpea,sandy Loamy soil
45989,0.8110716651870262,-1.0687588504872214,-0.6043429600973992,1.114202454544477,-1.421341255177312,-1.1006690028019015,0.5362312536018617,0.7610363897431215,0.49218060412905057,-0.2453209755364255,-0.09818243225467063,-0.514355390382469,54,vegetable cowpea,sandy Loamy soil
45996,0.8110716651870262,-1.0687588504872214,-1.621075937294595,-0.8975029591088394,-1.2674653156418723,-0.5262242654486016,0.7238988169331095,0.7380231049921443,0.21578717803401704,-0.40204890687769923,0.45007739484013587,-0.051543018724433246,54,vegetable cowpea,sandy Loamy soil
46002,1.2888555453011261,-1.0687588504872214,0.9207565056983947,-0.8975029591088394,-0.9597134365709921,-1.1441302822727104,-0.45328862578107953,0.5300615927912419,0.5267297823909303,-0.5853910152391895,0.44424484348806337,-0.30663645192177574,22,french bean,well-drained loamy soil
46009,1.2888555453011261,-1.0687588504872214,-0.6043429600973992,1.114202454544477,-1.2674653156418723,-1.276403741531694,-0.40210656305437614,0.8098694573854389,0.479224662280846,-0.4316202146779396,0.49090525430464294,-0.33578998714432934,22,french bean,well-drained loamy soil
46016,1.2888555453011261,-1.0687588504872214,-1.621075937294595,-0.8975029591088394,-1.729093134248192,-1.2197151161349868,-1.2551409418327741,0.13434535500005057,0.2330617671649563,-0.03536469015471924,0.4967378056567154,-0.3248574114358716,22,french bean,well-drained loamy soil
46027,1.2888555453011261,-1.0687588504872214,0.9207565056983947,1.114202454544477,-1.1135893761064315,-1.274514120685137,-1.3233836921350457,0.10487712452623844,0.4662687204326414,0.3401909189083332,0.26926830292589105,-0.4123180171035321,22,french bean,well-drained loamy soil
46051,1.2888555453011261,-1.0687588504872214,-1.621075937294595,1.114202454544477,-1.1135893761064315,-1.215935874441873,0.22913887724163892,0.24885047912686323,0.37557712749520866,0.26921978018775666,-0.3898099998582912,-0.4560483199373621,22,french bean,well-drained loamy soil
46130,1.2888555453011261,-1.0687588504872214,0.4123900170997968,-0.8975029591088394,-1.1135893761064315,-1.2669556372989095,-1.5110512554662934,0.583665707272176,0.2460177090131615,-0.06789312873498345,-0.28482407552098793,-0.59817180414731,22,french bean,well-drained loamy soil
46168,1.2888555453011261,-1.0687588504872214,-0.09597647149880119,-0.8975029591088394,-1.2674653156418723,-1.172474594971064,-1.681658131221973,0.4312728582504621,0.4662687204326414,0.5235330272698234,-0.43647041067487025,-0.4086738252007129,22,french bean,well-drained loamy soil
46187,1.2888555453011261,-1.0687588504872214,0.9207565056983947,1.114202454544477,-1.1135893761064315,-1.2858518457644785,-0.026771436391880492,0.1643748851019351,0.522411135108195,0.27513404174780437,-0.15650794577539473,-0.011456907793422491,22,french bean,well-drained loamy soil
46195,1.2888555453011261,-1.0687588504872214,0.4123900170997968,1.114202454544477,-1.1135893761064315,-1.132792557193369,-1.5110512554662934,0.1430454992351758,0.2805668872750406,0.22781994926742,0.1992776867010224,0.021340819331950322,22,french bean,well-drained loamy soil
46205,1.2888555453011261,-1.0687588504872214,0.4123900170997968,1.114202454544477,-1.421341255177312,-1.29718957084382,-2.295842883942419,0.09954477805954838,0.4619500731499067,0.44369049620917445,0.36842167591112224,-0.37587609807534034,22,french bean,well-drained loamy soil
46223,1.2888555453011261,-1.0687588504872214,-0.09597647149880119,1.114202454544477,-1.1135893761064315,-1.1271236946536982,0.07559268906152691,0.8657187703786634,0.36262118564700346,-0.4227488223378676,0.1817800326448049,0.07964788977705697,22,french bean,well-drained loamy soil
46236,1.2888555453011261,-1.0687588504872214,-1.621075937294595,-0.8975029591088394,-1.421341255177312,-1.1460199031192673,-2.176418070913444,0.8224986990170727,0.565597607935544,-0.19504975227601684,0.5667284218815841,-0.3248574114358716,22,french bean,well-drained loamy soil
46242,1.2888555453011261,-1.0687588504872214,0.9207565056983947,-0.8975029591088394,-1.1135893761064315,-1.3009688125369336,-0.7262596269901671,0.31339993635521357,0.22442447259948697,-0.18322122915592096,-0.20316835659197385,-0.41960640090917034,22,french bean,well-drained loamy soil
46291,1.2888555453011261,-1.0687588504872214,-1.621075937294595,1.114202454544477,-1.5752171947127527,-1.2896310874575925,-1.4598691927395895,0.8384957384171416,0.41444495303982243,0.1598059413268673,-0.43647041067487025,-0.1535803920033704,22,french bean,well-drained loamy soil
46312,1.2888555453011261,-1.0687588504872214,0.9207565056983947,-0.8975029591088394,-1.1135893761064315,-1.1894811825900762,0.2973816275439105,0.7433554514588343,0.5180924878254604,-0.3074207219169301,-0.10984753495881562,-0.2155316543512963,22,french bean,well-drained loamy soil
46318,1.2888555453011261,-1.0687588504872214,-0.09597647149880119,-0.8975029591088394,-1.1135893761064315,-1.1479095239658241,0.1097140642126627,0.28758015346387333,0.48354330956358127,0.4910045886895592,0.1817800326448049,-0.00416852398778403,22,french bean,well-drained loamy soil
46320,1.2888555453011261,-1.0687588504872214,0.4123900170997968,-0.8975029591088394,-1.1135893761064315,-1.172474594971064,-1.3745657548617498,0.11778701597190826,0.5267297823909303,-0.2334924524163292,-0.2439962160564809,-0.1535803920033704,22,french bean,well-drained loamy soil
46340,1.2888555453011261,-1.0687588504872214,0.4123900170997968,-0.8975029591088394,-1.5752171947127527,-1.1479095239658241,-0.4703493133566477,0.2962802976989989,0.3410279492333289,-0.5883481460192136,-0.44813551337901525,-0.11349428107235938,22,french bean,well-drained loamy soil
46352,1.2888555453011261,-1.0687588504872214,0.9207565056983947,-0.8975029591088394,-1.5752171947127527,-1.2650660164523524,-0.2144389997231283,0.11947091485612615,0.24169906173042624,0.23373421082746815,0.4325797407839188,-0.5398647337022033,22,french bean,well-drained loamy soil
46397,1.2888555453011261,-1.0687588504872214,0.9207565056983947,1.114202454544477,-1.1135893761064315,-1.1460199031192673,-0.4874100009322159,0.342306867200953,0.5612789606528095,0.1331917643066508,0.15261727588444285,-0.5872392284388526,22,french bean,well-drained loamy soil
46429,1.2888555453011261,-1.0687588504872214,-0.6043429600973992,1.114202454544477,-1.729093134248192,-1.19326042428319,-0.4362279382055119,0.28729950364983725,0.32375336010238964,-0.3044635911369062,0.3042636110383256,-0.30663645192177574,22,french bean,well-drained loamy soil
46449,1.2888555453011261,-1.0687588504872214,-0.6043429600973992,1.114202454544477,-1.421341255177312,-1.2234943578281006,-1.9375684448554924,0.12199676318245285,0.5094551932599904,-0.13295000589551229,-0.045689470086019014,-0.08798493775262503,22,french bean,well-drained loamy soil
46499,1.2888555453011261,-1.0687588504872214,-0.6043429600973992,1.114202454544477,-0.9597134365709921,-1.293410329150706,-1.2722016294083418,0.466915384633073,0.16396341064119807,-0.26010662943654567,-0.13317774036710517,-0.5034228146740116,22,french bean,well-drained loamy soil
46519,1.2888555453011261,-1.0687588504872214,-0.6043429600973992,1.114202454544477,-1.1135893761064315,-1.2442801871402265,-2.2787821963668513,0.4239759630855184,0.3798957747779433,0.18346298756705948,-0.11568008631088769,-0.38680867378379774,22,french bean,well-drained loamy soil
46528,1.2888555453011261,-1.0687588504872214,-0.09597647149880119,-0.8975029591088394,-1.5752171947127527,-1.2102670119022023,-1.664597443646405,0.8084662083152574,0.3064787709714498,0.05630636402602608,0.49090525430464294,-0.5507973094106607,22,french bean,well-drained loamy soil
46542,1.2888555453011261,-1.0687588504872214,0.9207565056983947,-0.8975029591088394,-1.1135893761064315,-1.2102670119022023,-1.8693256945532204,0.6869448388375364,0.531048429673665,0.25443412628763645,0.5667284218815841,-0.25197357337948806,22,french bean,well-drained loamy soil
46560,1.2888555453011261,-1.0687588504872214,0.4123900170997968,-0.8975029591088394,-1.2674653156418723,-1.293410329150706,0.2973816275439105,0.7582298916027584,0.49218060412905057,0.07996341026621827,0.018468594786777582,-0.14993620010055117,22,french bean,well-drained loamy soil
46567,1.2888555453011261,-1.0687588504872214,0.9207565056983947,1.114202454544477,-1.5752171947127527,-1.2782933623782509,-1.238080254257206,0.1857042709686944,0.522411135108195,-0.10042156731524766,-0.4714657187873048,-0.3795202899781593,22,french bean,well-drained loamy soil
46594,1.2888555453011261,-1.0687588504872214,-0.6043429600973992,-0.8975029591088394,-1.5752171947127527,-1.253728291373011,-1.4257478175884537,0.791627219473079,0.531048429673665,0.3845478806086937,-0.27899152416891543,-0.5289321579937457,22,french bean,well-drained loamy soil
46595,1.2888555453011261,-1.0687588504872214,0.4123900170997968,1.114202454544477,-1.1135893761064315,-1.1214548321140274,-0.5556527512344875,0.8410215867434686,0.37557712749520866,0.3135767418881172,-0.22649856200026383,-0.22282003815693474,22,french bean,well-drained loamy soil
46601,1.2888555453011261,-1.0687588504872214,-1.621075937294595,1.114202454544477,-1.1135893761064315,-1.1800330783572917,-0.2656210624498323,0.10992882117889183,0.5699162552182794,-0.3044635911369062,0.6775468975709598,0.07964788977705697,22,french bean,well-drained loamy soil
46678,1.2888555453011261,-1.0687588504872214,-0.09597647149880119,-0.8975029591088394,-1.421341255177312,-1.129013315500255,-1.596354693344133,0.5631782708475258,0.5396857242391349,-0.14773565979563247,0.21677534075723945,0.05413854645732288,22,french bean,well-drained loamy soil
46683,1.2888555453011261,-1.0687588504872214,-0.09597647149880119,1.114202454544477,-1.5752171947127527,-1.1252340738071414,-0.09501418669415271,0.20450780850912703,0.3583025383642688,-0.5706053613390693,0.4267471894318463,-0.09527332155826349,22,french bean,well-drained loamy soil
46691,1.2888555453011261,-1.0687588504872214,-1.621075937294595,1.114202454544477,-1.1135893761064315,-1.2707348789920232,-1.664597443646405,0.7986434648239867,0.5008178986945205,0.1923343799071315,0.5667284218815841,-0.4487599361317239,22,french bean,well-drained loamy soil
46734,1.2888555453011261,-1.0687588504872214,-0.6043429600973992,-0.8975029591088394,-1.2674653156418723,-1.1252340738071414,-2.466449759698099,0.8250245473433991,0.2330617671649563,-0.5913052767992376,-0.27899152416891543,-0.17180135151746628,22,french bean,well-drained loamy soil
46757,1.2888555453011261,-1.0687588504872214,0.9207565056983947,1.114202454544477,-1.1135893761064315,-1.1384614197330396,0.28032093996834234,0.13715185314041362,0.5008178986945205,0.5294472888298716,0.024301146138850073,0.11973400070806799,22,french bean,well-drained loamy soil
46778,1.2888555453011261,-1.0687588504872214,-0.09597647149880119,-0.8975029591088394,-1.1135893761064315,-1.1630264907382795,-1.186898191530502,0.6044337935108629,0.20714988346854712,-0.2748922833366659,-0.43647041067487025,-0.14264781629491272,22,french bean,well-drained loamy soil
46930,1.2888555453011261,-1.0687588504872214,0.4123900170997968,-0.8975029591088394,-1.729093134248192,-1.253728291373011,-1.681658131221973,0.6866641890235005,0.5958281389146886,-0.40204890687769923,0.6017237299940186,-0.37587609807534034,22,french bean,well-drained loamy soil
46955,1.2888555453011261,-1.0687588504872214,0.4123900170997968,1.114202454544477,-1.1135893761064315,-1.2442801871402265,-2.2105394460645797,0.11778701597190826,0.5871908443492186,-0.6090480614793816,0.6017237299940186,-0.24104099767103063,22,french bean,well-drained loamy soil
46985,1.2888555453011261,-1.0687588504872214,0.4123900170997968,1.114202454544477,-0.9597134365709921,-1.172474594971064,0.21207818966607073,0.10908687173678304,0.28920418184051055,0.47621893478943905,0.5317331137691496,-0.35036675475560597,22,french bean,well-drained loamy soil
47043,0.8110716651870262,1.4177413322789671,1.4291229942969927,1.114202454544477,1.0406737773897279,-0.8758041220616295,-1.5451726306174294,0.41050477201177515,0.3280720073851243,0.5146616349297514,-0.06318712414223608,0.01405243552631186,33,peas,sandy Loamy soil
47047,0.8110716651870262,1.4177413322789671,-1.1127094486959972,1.114202454544477,1.1945497169251689,-0.7832127005803409,-0.3168031251765363,0.5365165385140768,0.6649264954384467,0.7423607049916021,-0.02235926467772946,-0.15722458390618962,33,peas,sandy Loamy soil
47049,0.8110716651870262,1.4177413322789671,1.4291229942969927,1.114202454544477,0.11741814017708838,-0.7945504256596825,-0.8627451275947109,0.21825964939690595,0.7772113247895547,0.1598059413268673,0.3509240218549051,-0.5872392284388526,33,peas,sandy Loamy soil
47123,0.8110716651870262,1.4177413322789671,1.9374894828955906,1.114202454544477,-0.036457799358352465,-0.8890314679875279,-1.9716898200066284,0.32434527910262945,0.2546550035786308,0.638861127690761,-0.28482407552098793,-0.5435089256050223,33,peas,sandy Loamy soil
47148,0.8110716651870262,1.4177413322789671,1.4291229942969927,1.114202454544477,0.11741814017708838,-0.7718749755009996,0.17795681451493492,0.2836510560673651,-0.004463833385463468,0.7837605359119384,-0.3081542809292775,-0.2738387247964032,33,peas,sandy Loamy soil
47154,0.8110716651870262,1.4177413322789671,1.4291229942969927,1.114202454544477,0.5790459587834081,-0.883362605447857,-1.5110512554662934,0.7848916239362075,0.6131027280456284,0.298791087987997,0.07096155695542919,-0.051543018724433246,33,peas,sandy Loamy soil
47193,0.8110716651870262,1.4177413322789671,1.4291229942969927,1.114202454544477,0.27129407971252784,-0.7718749755009996,0.6215346914797015,0.6658961027848135,0.6865197318521213,0.40229066528883817,0.4967378056567154,-0.10620589726672092,33,peas,sandy Loamy soil
47211,0.8110716651870262,1.4177413322789671,1.4291229942969927,1.114202454544477,1.1945497169251689,-0.9173757806858815,0.7068381293575413,0.5516716284720375,0.20283123618581245,0.5057902425896794,0.2459380975176015,0.05049435455450364,33,peas,sandy Loamy soil
47236,0.8110716651870262,1.4177413322789671,-1.1127094486959972,1.114202454544477,0.8867978378542885,-0.7813230797337841,0.1097140642126627,0.28758015346387333,0.09918370140017449,0.36976222670857356,-0.4714657187873048,-0.5690182689247567,33,peas,sandy Loamy soil
47260,0.8110716651870262,1.4177413322789671,-1.1127094486959972,1.114202454544477,1.1945497169251689,-0.7964400465062393,-0.8798058151702786,0.14921979514397465,0.427400894888027,-0.005793382354478895,0.5958911786419462,-0.3940970575894362,33,peas,sandy Loamy soil
47284,0.8110716651870262,1.4177413322789671,-1.1127094486959972,1.114202454544477,0.5790459587834081,-0.7548683878819873,-1.7840222566753805,0.30049004490954345,0.5440043715218695,0.3313195265682612,0.5259005624170775,-0.09891751346108273,33,peas,sandy Loamy soil
47287,0.8110716651870262,1.4177413322789671,-1.1127094486959972,1.114202454544477,0.7329218983188477,-0.9306031266117798,0.4509278157240219,0.8401796373013598,0.5958281389146886,0.8162889744922031,0.6133888326981636,-0.0005243320849648004,33,peas,sandy Loamy soil
47317,0.8110716651870262,1.4177413322789671,-1.1127094486959972,1.114202454544477,0.27129407971252784,-0.9135965389927676,0.38268506542175035,0.15651669030891865,0.479224662280846,0.19529151068715578,0.5492307678253671,-0.08798493775262503,33,peas,sandy Loamy soil
47368,0.8110716651870262,1.4177413322789671,-1.1127094486959972,1.114202454544477,0.8867978378542885,-0.8947003305271986,0.3485636902706145,0.4318341578785348,0.39717036390888316,0.3135767418881172,0.6833794489230323,-0.14264781629491272,33,peas,sandy Loamy soil
47386,0.8110716651870262,1.4177413322789671,-1.1127094486959972,1.114202454544477,0.7329218983188477,-0.7756542171941134,0.31444231511947873,0.8631929220523371,0.30216012368871514,0.9020457671128997,0.29259850833418105,0.006764051720673401,33,peas,sandy Loamy soil
47412,0.8110716651870262,1.4177413322789671,1.4291229942969927,1.114202454544477,0.11741814017708838,-0.8342324634373774,-0.18031762457199252,0.7450393503430519,0.40580765847435246,0.7867176666919626,0.1292870704761533,-0.051543018724433246,33,peas,sandy Loamy soil
47461,0.8110716651870262,1.4177413322789671,-1.1127094486959972,1.114202454544477,1.0406737773897279,-0.8210051175114791,-0.5385920636589193,0.09589633047707653,-0.05196895349554718,1.0883450062544138,0.1351196218282258,-0.3321457952415101,33,peas,sandy Loamy soil
47520,0.8110716651870262,1.4177413322789671,1.4291229942969927,1.114202454544477,0.27129407971252784,-0.7794334588872273,-0.0779534991185845,0.4742122797980167,0.09054640683470457,1.0321595214339574,0.35675657320697723,-0.16451296771182783,33,peas,sandy Loamy soil
47538,0.8110716651870262,1.4177413322789671,1.4291229942969927,1.114202454544477,0.11741814017708838,-0.7605372504216582,-0.6921382518390313,0.5760881622931956,0.38853306934341325,0.7127893971913618,-0.29065662687306,-0.41596220900635106,33,peas,sandy Loamy soil
47547,0.8110716651870262,1.4177413322789671,1.4291229942969927,1.114202454544477,1.3484256564606083,-0.7907711839665686,-0.5897741263856233,0.3361325712921544,0.721068910114001,0.4259477115290304,0.6658817948668152,-0.47062508754863874,33,peas,sandy Loamy soil
47557,0.8110716651870262,1.4177413322789671,-1.1127094486959972,1.114202454544477,1.0406737773897279,-0.7662061129613289,-2.12523600818674,0.846073283396122,0.40580765847435246,0.23077708004744385,-0.3898099998582912,-0.5653740770219374,33,peas,sandy Loamy soil
47569,0.8110716651870262,1.4177413322789671,-1.1127094486959972,1.114202454544477,-0.036457799358352465,-0.803998529892467,-2.022871882733332,0.29459639881478095,0.3280720073851243,0.06222062558607423,-0.3081542809292775,-0.3248574114358716,33,peas,sandy Loamy soil
47611,0.8110716651870262,1.4177413322789671,-1.1127094486959972,1.114202454544477,0.5790459587834081,-0.7473099044957598,-1.613415380919701,0.5760881622931956,0.07327181770376531,0.27809117252782867,-0.05735457279016359,-0.3795202899781593,33,peas,sandy Loamy soil
47651,0.8110716651870262,1.4177413322789671,1.9374894828955906,1.114202454544477,-0.036457799358352465,-0.8474598093632759,-0.7433203145657353,0.20703365683545372,0.09918370140017449,0.9937168212936451,0.16428237858858785,-0.28841549240767983,33,peas,sandy Loamy soil
47659,0.8110716651870262,1.4177413322789671,-1.1127094486959972,1.114202454544477,1.0406737773897279,-0.883362605447857,-0.1461962494208567,0.07540889405242633,0.3410279492333289,0.7305321818715058,0.240105546165529,0.04320597074886519,33,peas,sandy Loamy soil
47667,0.8110716651870262,1.4177413322789671,1.4291229942969927,1.114202454544477,1.0406737773897279,-0.8814729846013002,0.7580201920842453,0.32939697575528315,0.36262118564700346,0.9611883827133805,0.11178941641993623,-0.5107111984796497,33,peas,sandy Loamy soil
47737,0.8110716651870262,1.4177413322789671,-1.1127094486959972,1.114202454544477,0.5790459587834081,-0.907927676453097,-0.3168031251765363,0.061376403350611036,0.626058669893833,0.36976222670857356,0.28676595698210855,-0.33943417904714857,33,peas,sandy Loamy soil
47770,0.8110716651870262,1.4177413322789671,-1.1127094486959972,1.114202454544477,0.7329218983188477,-0.9022588139134262,0.4509278157240219,0.44418274969613186,0.617421375328363,0.05630636402602608,0.6250539354023081,-0.39045286568661697,33,peas,sandy Loamy soil
47792,0.8110716651870262,1.4177413322789671,1.9374894828955906,1.114202454544477,1.0406737773897279,-0.7491995253423166,-0.6238955015367591,0.12732910964914293,0.39717036390888316,0.16276307210689114,-0.302321729577205,0.0650711221657803,33,peas,sandy Loamy soil
47810,0.8110716651870262,1.4177413322789671,1.9374894828955906,1.114202454544477,0.8867978378542885,-0.7624268712682151,-1.0333520033503905,0.5149065028332811,0.06463452313829537,-0.008750513134502761,0.6542166921626702,-0.12442685678081682,33,peas,sandy Loamy soil
47814,0.8110716651870262,1.4177413322789671,1.4291229942969927,1.114202454544477,0.4251700192479687,-0.866356017828845,-1.1527768163793661,0.05716665614006645,0.6735637900039168,0.30766248032806903,0.1876125839968774,-0.5252879660909264,33,peas,sandy Loamy soil
47824,0.8110716651870262,1.4177413322789671,-1.1127094486959972,1.114202454544477,0.5790459587834081,-0.9211550223789953,-2.3470249466691233,0.681612492370847,0.2546550035786308,0.38159074982866986,0.5958911786419462,0.057782738360142104,33,peas,sandy Loamy soil
47833,0.8110716651870262,1.4177413322789671,-1.1127094486959972,1.114202454544477,-0.036457799358352465,-0.8776937429081865,-1.8010829442509488,0.36784600027825687,0.4360381894534969,0.7748891435718663,-0.4248053079707257,-0.09891751346108273,33,peas,sandy Loamy soil
47847,0.8110716651870262,1.4177413322789671,1.4291229942969927,1.114202454544477,1.3484256564606083,-0.8247843592045929,-1.340444379710614,0.4335180567627524,0.051678581290090786,1.0262452598739094,0.6367190381064531,-0.28841549240767983,33,peas,sandy Loamy soil
47848,0.8110716651870262,1.4177413322789671,-1.1127094486959972,1.114202454544477,-0.036457799358352465,-0.8058881507390239,-0.2485603748742641,0.8239019480872543,0.20283123618581245,0.23373421082746815,0.09429176236371875,-0.12442685678081682,33,peas,sandy Loamy soil
47906,0.8110716651870262,1.4177413322789671,1.9374894828955906,1.114202454544477,0.4251700192479687,-0.7510891461888737,-2.4835104472736673,0.08214448958929761,0.2719295927095707,1.1179163140546542,-0.45396806473108775,-0.48884604706273466,33,peas,sandy Loamy soil
47946,0.8110716651870262,1.4177413322789671,1.4291229942969927,1.114202454544477,1.3484256564606083,-0.9003691930668692,-0.3338638127521039,0.8713317666593896,0.2546550035786308,0.06813488714612197,0.263435751573819,-0.4560483199373621,33,peas,sandy Loamy soil
47950,0.8110716651870262,1.4177413322789671,-1.1127094486959972,1.114202454544477,1.1945497169251689,-0.9230446432255522,0.07559268906152691,0.17223307989495185,0.6908383791348566,0.34610518046838135,0.5608958705295116,-0.2556177652823073,33,peas,sandy Loamy soil
47962,0.8110716651870262,1.4177413322789671,-1.1127094486959972,1.114202454544477,0.4251700192479687,-0.7624268712682151,-0.6409561891123273,0.8463539332101587,0.08190911226923463,0.8872601132127796,0.3217612650945431,-0.15722458390618962,33,peas,sandy Loamy soil
47972,0.8110716651870262,1.4177413322789671,1.9374894828955906,1.114202454544477,-0.036457799358352465,-0.8304532217442636,-0.5556527512344875,0.0664281000032644,0.5440043715218695,0.17163446444696318,0.14678472453237076,-0.4560483199373621,33,peas,sandy Loamy soil
48031,0.8110716651870262,-1.0687588504872214,-1.621075937294595,1.114202454544477,1.0406737773897279,1.9453998018478338,0.55329194117743,0.40966282256966635,0.4662687204326414,0.13023463352662695,-0.08651732955052564,-0.4779134713542772,2,annual moringa,sandy Loamy soil
48036,0.8110716651870262,-1.0687588504872214,-1.621075937294595,-0.8975029591088394,1.0406737773897279,2.225063687138256,0.5703526287529982,0.48515762254543293,0.3194347128196544,0.24851986472758833,0.09429176236371875,-0.4669808956458198,2,annual moringa,sandy Loamy soil
48043,0.8110716651870262,-1.0687588504872214,-0.09597647149880119,1.114202454544477,0.8867978378542885,2.287421175074634,0.48504919087515835,0.488244770499832,0.3194347128196544,0.236691341607492,0.1409521731802983,-0.35036675475560597,2,annual moringa,sandy Loamy soil
48045,0.8110716651870262,-1.0687588504872214,0.4123900170997968,1.114202454544477,1.963929414602369,2.2156155829054716,0.7068381293575413,0.2937544493726722,0.48354330956358127,0.09179193338631458,0.3100961623903981,-0.16451296771182783,2,annual moringa,sandy Loamy soil
48060,0.8110716651870262,-1.0687588504872214,0.4123900170997968,-0.8975029591088394,0.7329218983188477,2.177823165974333,1.1333553187467404,0.2884221029059824,0.22874311988222162,0.8488174130724673,0.39175188131941174,-0.4123180171035321,2,annual moringa,sandy Loamy soil
48089,0.8110716651870262,-1.0687588504872214,-0.6043429600973992,1.114202454544477,1.963929414602369,2.2968692793074186,1.5257511329848041,0.3849656389344716,0.37557712749520866,0.22781994926742,0.39175188131941174,-0.26655034099076497,2,annual moringa,sandy Loamy soil
48147,0.8110716651870262,-1.0687588504872214,0.9207565056983947,1.114202454544477,0.7329218983188477,2.073894019413703,1.1845373814734443,0.3821591407941085,0.3798957747779433,0.7808034051319145,-0.33148448633756705,-0.3430783709499675,2,annual moringa,sandy Loamy soil
48168,0.8110716651870262,-1.0687588504872214,-0.09597647149880119,-0.8975029591088394,1.3484256564606083,2.123024161424183,1.082173256020037,0.3658814515800029,0.4360381894534969,0.8843029824327557,0.6250539354023081,-0.4924902389655539,2,annual moringa,sandy Loamy soil
48178,0.8110716651870262,-1.0687588504872214,-0.09597647149880119,-0.8975029591088394,1.3484256564606083,2.449928567878528,1.0480518808689006,0.1438874486772849,0.3712584802124734,1.011459605973789,0.047631351547139635,0.03227339504040776,2,annual moringa,sandy Loamy soil
48191,0.8110716651870262,-1.0687588504872214,-1.621075937294595,1.114202454544477,0.5790459587834081,2.321434350312658,0.26326025239277473,0.46747668426114575,0.4662687204326414,0.035606448565857755,0.10595686506786374,0.01405243552631186,2,annual moringa,sandy Loamy soil
48201,0.8110716651870262,-1.0687588504872214,-1.621075937294595,1.114202454544477,1.3484256564606083,2.2156155829054716,0.55329194117743,0.425940511783772,0.427400894888027,0.5264901580498473,0.6542166921626702,-0.38680867378379774,2,annual moringa,sandy Loamy soil
48202,0.8110716651870262,-1.0687588504872214,0.9207565056983947,-0.8975029591088394,0.4251700192479687,2.3308824545454425,1.1674766938978767,0.7868561726344617,0.40148901119161784,0.8724744593126594,-0.40730765391450824,-0.01874529159906069,2,annual moringa,sandy Loamy soil
48244,0.8110716651870262,-1.0687588504872214,-0.6043429600973992,-0.8975029591088394,1.1945497169251689,1.9831922187789721,0.4509278157240219,0.6855415897673549,0.31079741825418505,0.6950466125112174,-0.13901029171917767,-0.5070670065768306,2,annual moringa,sandy Loamy soil
48247,0.8110716651870262,-1.0687588504872214,0.9207565056983947,1.114202454544477,0.8867978378542885,2.321434350312658,0.9627484429910608,0.5115387050648453,0.3583025383642688,0.9227456825730681,-0.3781448971541462,-0.16451296771182783,2,annual moringa,sandy Loamy soil
48324,0.8110716651870262,-1.0687588504872214,-0.6043429600973992,-0.8975029591088394,1.6561775355314885,2.243959895603825,0.9115663802643573,0.2300469415864306,0.2719295927095707,0.7098322664113376,0.006803492082632595,-0.11349428107235938,2,annual moringa,sandy Loamy soil
48326,0.8110716651870262,-1.0687588504872214,-1.621075937294595,-0.8975029591088394,0.27129407971252784,1.960516768620289,0.1950175020905025,0.42986960918028055,0.28920418184051055,0.6033755583304724,0.1876125839968774,-0.2373968057682114,2,annual moringa,sandy Loamy soil
48346,0.8110716651870262,-1.0687588504872214,-1.621075937294595,-0.8975029591088394,0.8867978378542885,2.1097968154982847,0.928627067839925,0.11638376690172673,0.21578717803401704,0.11840611040653064,0.28676595698210855,-0.4414715523260854,2,annual moringa,sandy Loamy soil
48423,0.8110716651870262,-1.0687588504872214,-0.09597647149880119,1.114202454544477,1.8100534750669282,2.2382910330641543,1.628115258438211,0.6835770410691013,0.427400894888027,0.8754315900926837,-0.15067539442332223,-0.47426927945145797,2,annual moringa,sandy Loamy soil
48430,0.8110716651870262,-1.0687588504872214,0.4123900170997968,-0.8975029591088394,1.6561775355314885,2.4612662929578693,1.0139305057177648,0.3490424627378246,0.3669398329297387,1.011459605973789,0.15844982723651535,-0.4815576632570964,2,annual moringa,sandy Loamy soil
48465,0.8110716651870262,-1.0687588504872214,0.4123900170997968,1.114202454544477,-0.036457799358352465,2.298758900153975,1.5598725081359395,0.4927351675244133,0.38853306934341325,0.9493598595932846,0.1817800326448049,-0.12078266487799784,2,annual moringa,sandy Loamy soil
48509,0.8110716651870262,-1.0687588504872214,-0.6043429600973992,1.114202454544477,1.6561775355314885,2.2704145874556216,1.3892656323802597,0.7963982663116957,0.49649925141178586,0.18346298756705948,-0.34314958904171206,-0.029677867307518382,2,annual moringa,sandy Loamy soil
48530,0.8110716651870262,-1.0687588504872214,0.4123900170997968,-0.8975029591088394,1.963929414602369,2.0474393275619063,1.1504160063223086,0.18233647320025861,0.27624823999230536,0.1361488950866751,-0.29065662687306,-0.15722458390618962,2,annual moringa,sandy Loamy soil
48551,0.8110716651870262,-1.0687588504872214,-1.621075937294595,1.114202454544477,1.3484256564606083,2.1324722656569675,1.508690445409236,0.15174564347030134,0.2201058253167517,0.9375313364731882,-0.16234049712746723,-0.2957038762133183,2,annual moringa,sandy Loamy soil
48663,0.8110716651870262,-1.0687588504872214,-0.09597647149880119,1.114202454544477,0.11741814017708838,2.1834920285140043,1.6792973211649156,0.8710511168453535,0.27624823999230536,0.1598059413268673,0.3392589191507602,-0.46333670374300057,2,annual moringa,sandy Loamy soil
48672,0.8110716651870262,-1.0687588504872214,0.9207565056983947,-0.8975029591088394,-0.19033373889379193,1.952958285234061,1.0480518808689006,0.2909479512323091,0.47058736771537607,0.0977061949463623,-0.29065662687306,-0.43418316852044697,2,annual moringa,sandy Loamy soil
48695,0.8110716651870262,-1.0687588504872214,0.4123900170997968,1.114202454544477,-0.036457799358352465,1.9170554891494802,0.28032093996834234,0.3583039066010225,0.20283123618581245,0.7127893971913618,-0.4714657187873048,-0.48884604706273466,2,annual moringa,sandy Loamy soil
48723,0.8110716651870262,-1.0687588504872214,-0.09597647149880119,1.114202454544477,1.6561775355314885,2.3157654877729876,1.30396219450242,0.19917546204243697,0.30216012368871514,0.8015033205920828,0.36258912455904974,-0.2118874624484773,2,annual moringa,sandy Loamy soil
48725,0.8110716651870262,-1.0687588504872214,0.4123900170997968,1.114202454544477,0.27129407971252784,2.276083449995293,0.8603843175376533,0.473650980169944,0.47058736771537607,0.8695173285326355,-0.08651732955052564,-0.5872392284388526,2,annual moringa,sandy Loamy soil
48729,0.8110716651870262,-1.0687588504872214,-0.6043429600973992,1.114202454544477,0.4251700192479687,1.9378413184616061,0.6385953790552698,0.8732963153576438,0.3669398329297387,0.3106196111080929,-0.1798381511836843,-0.5872392284388526,2,annual moringa,sandy Loamy soil
48741,0.8110716651870262,-1.0687588504872214,-1.621075937294595,1.114202454544477,1.8100534750669282,2.3573371463972395,1.3210228820779881,0.8727350157295711,0.39717036390888316,0.7127893971913618,-0.09234988090259813,-0.22282003815693474,2,annual moringa,sandy Loamy soil
48749,0.8110716651870262,-1.0687588504872214,-0.6043429600973992,1.114202454544477,1.3484256564606083,2.126803403117297,1.628115258438211,0.7941530677994054,0.4662687204326414,0.5826756428703042,0.3742542272631947,-0.3831644818809785,2,annual moringa,sandy Loamy soil
48824,0.8110716651870262,-1.0687588504872214,-0.6043429600973992,-0.8975029591088394,0.11741814017708838,2.262856104069394,1.0651125684444687,0.18121387394411345,0.2719295927095707,-0.03832182093474311,0.50840290836086,0.01769662742913109,2,annual moringa,sandy Loamy soil
48849,0.8110716651870262,-1.0687588504872214,-0.6043429600973992,1.114202454544477,1.8100534750669282,2.1116864363448413,0.2973816275439105,0.7360585562938899,0.31511606553691973,0.9197885517930442,-0.1798381511836843,-0.047898826821614275,2,annual moringa,sandy Loamy soil
48888,0.8110716651870262,-1.0687588504872214,-0.09597647149880119,-0.8975029591088394,2.1178053541378086,2.0115365314773257,1.7134186963160507,0.4913319184542318,0.20283123618581245,0.8222032360522508,-0.19733580523990177,-0.3248574114358716,2,annual moringa,sandy Loamy soil
48913,0.8110716651870262,-1.0687588504872214,-0.09597647149880119,1.114202454544477,1.963929414602369,2.276083449995293,0.604474003904134,0.8373731391609968,0.31511606553691973,0.4141191884089341,0.5025703570087875,-0.21917584625411551,2,annual moringa,sandy Loamy soil
48922,0.8110716651870262,-1.0687588504872214,0.9207565056983947,-0.8975029591088394,1.3484256564606083,2.225063687138256,1.6622366335893475,0.49498036603670365,0.4489941313017015,0.15093454898679526,-0.12734518901503267,-0.514355390382469,2,annual moringa,sandy Loamy soil
48933,0.8110716651870262,-1.0687588504872214,-0.09597647149880119,1.114202454544477,1.5023015959960477,2.009646910630768,1.4404476951069645,0.09308983233671347,0.33670930195059423,0.9552741211533323,0.059296454251284623,-0.0005243320849648004,2,annual moringa,sandy Loamy soil
48961,0.8110716651870262,-1.0687588504872214,-1.621075937294595,1.114202454544477,1.6561775355314885,2.0342119816360085,1.4404476951069645,0.16718138324229817,0.565597607935544,0.6033755583304724,0.6075562813460911,-0.10985008916954016,2,annual moringa,sandy Loamy soil
48964,0.8110716651870262,-1.0687588504872214,-0.6043429600973992,-0.8975029591088394,1.3484256564606083,1.9435101810012765,1.5428118205603711,0.5755268626651235,0.48354330956358127,0.9257028133530919,0.4967378056567154,0.00311985981785443,2,annual moringa,sandy Loamy soil
48975,0.8110716651870262,-1.0687588504872214,0.4123900170997968,1.114202454544477,0.27129407971252784,2.1740439242812197,0.7921415672353811,0.15848123900717262,0.38421442206067796,1.005545344413741,0.3509240218549051,-0.04425463491879505,2,annual moringa,sandy Loamy soil
49017,0.8110716651870262,1.4177413322789671,-1.1127094486959972,-0.8975029591088394,-0.19033373889379193,-0.6490496204748005,-1.0504126909259581,0.31620643449557667,-0.09947407360563087,1.0410309137740295,1.8032293085209348,0.6955163213534983,12,carrot,sandy Loamy soil
49026,0.14217423302728616,1.4177413322789671,-1.1127094486959972,-0.8975029591088394,-0.8058374970355525,-0.6490496204748005,-0.8286237524435751,0.31620643449557667,-0.15561648828118513,0.6684324354910013,0.794197924612408,0.34567389868285686,12,carrot,light Loamy soil
49038,0.14217423302728616,1.4177413322789671,-1.1127094486959972,-0.8975029591088394,0.4251700192479687,-0.6490496204748005,-1.4769298803151572,0.31620643449557667,-0.2074402556740035,0.8576888054125392,1.1908114165533317,0.7756885432155204,12,carrot,light Loamy soil
49046,0.14217423302728616,1.4177413322789671,1.4291229942969927,-0.8975029591088394,0.5790459587834081,-0.6490496204748005,-1.0162913157748223,0.31620643449557667,-0.4147353252452791,0.011949402325665564,2.2814985193908726,1.2385009148735555,12,carrot,light Loamy soil
49078,0.14217423302728616,1.4177413322789671,1.9374894828955906,-0.8975029591088394,0.11741814017708838,-0.6490496204748005,-1.2722016294083418,0.31620643449557667,-0.26358267034955774,0.18346298756705948,1.5874249084942564,0.4622880395730707,12,carrot,light Loamy soil
49119,0.8110716651870262,1.4177413322789671,-1.1127094486959972,-0.8975029591088394,0.11741814017708838,-0.6490496204748005,-1.3575050672861815,0.31620643449557667,-0.2074402556740035,0.6092898198905206,2.1590149409973525,1.4607966209455259,12,carrot,sandy Loamy soil
49124,0.14217423302728616,1.4177413322789671,1.4291229942969927,-0.8975029591088394,-0.3442096784292314,-0.6490496204748005,-0.8286237524435751,0.31620643449557667,-0.2333521393704133,0.24260560316754018,1.995703503139325,0.5351718776294543,12,carrot,light Loamy soil
49137,0.8110716651870262,1.4177413322789671,-1.1127094486959972,-0.8975029591088394,0.5790459587834081,-0.6490496204748005,-1.238080254257206,0.31620643449557667,-0.31108779045964147,0.20712003380725166,1.6574155247191247,0.2800784444321118,12,carrot,sandy Loamy soil
49146,0.14217423302728616,1.4177413322789671,-1.1127094486959972,-0.8975029591088394,0.11741814017708838,-0.6490496204748005,-0.8968665027458468,0.31620643449557667,-0.07788083719195636,1.0706022215742699,2.7072747680921583,0.9396771788423833,12,carrot,light Loamy soil
49155,0.8110716651870262,1.4177413322789671,-1.1127094486959972,-0.8975029591088394,-0.3442096784292314,-0.6490496204748005,-0.8968665027458468,0.31620643449557667,-0.33268102687331597,0.9050028978929241,2.357321686967814,1.165617076817172,12,carrot,sandy Loamy soil
49172,0.14217423302728616,1.4177413322789671,1.4291229942969927,-0.8975029591088394,-0.49808561796467227,-0.6490496204748005,-0.9992306281992548,0.31620643449557667,-0.21175890295673877,1.0292023906539332,0.875853643541422,0.917812027425468,12,carrot,light Loamy soil
49248,0.14217423302728616,1.4177413322789671,-1.1127094486959972,-0.8975029591088394,-0.49808561796467227,-0.6490496204748005,-1.3233836921350457,0.31620643449557667,-0.3197250850251114,0.825160366832275,0.9108489516538563,1.0854448549551505,12,carrot,light Loamy soil
49428,0.14217423302728616,1.4177413322789671,-1.1127094486959972,-0.8975029591088394,0.5790459587834081,-0.6490496204748005,-0.9821699406236866,0.31620643449557667,-0.34995561600425557,0.6033755583304724,2.019033708547614,1.2093473796510024,12,carrot,light Loamy soil
49443,0.8110716651870262,1.4177413322789671,-1.1127094486959972,-0.8975029591088394,-0.036457799358352465,-0.6490496204748005,-1.0333520033503905,0.31620643449557667,-0.1469791937157152,0.22486281848739612,2.450642508600973,1.4389314695286104,12,carrot,sandy Loamy soil
49444,0.14217423302728616,1.4177413322789671,1.9374894828955906,-0.8975029591088394,-0.49808561796467227,-0.6490496204748005,-1.2039588791060702,0.31620643449557667,-0.1253859573020407,0.6684324354910013,2.7714328329649556,1.3769802071806847,12,carrot,light Loamy soil
49476,0.14217423302728616,1.4177413322789671,-1.1127094486959972,-0.8975029591088394,-0.036457799358352465,-0.6490496204748005,-1.1186554412282304,0.31620643449557667,-0.3888234415488696,0.9789311673935249,1.2374718273699117,1.194770612039726,12,carrot,light Loamy soil
49493,0.8110716651870262,1.4177413322789671,1.4291229942969927,-0.8975029591088394,-0.49808561796467227,-0.6490496204748005,-0.8456844400191428,0.31620643449557667,-0.11674866273657075,0.6950466125112174,2.7481026275566656,0.9578981383564793,12,carrot,sandy Loamy soil
49497,0.8110716651870262,1.4177413322789671,-1.1127094486959972,-0.8975029591088394,-0.19033373889379193,-0.6490496204748005,-0.9821699406236866,0.31620643449557667,-0.16857243012938972,0.3638479651485254,1.919880335562383,0.7028047051591367,12,carrot,sandy Loamy soil
49507,0.8110716651870262,1.4177413322789671,1.9374894828955906,-0.8975029591088394,-0.19033373889379193,-0.6490496204748005,-1.28926231698391,0.31620643449557667,-0.17720972469485965,0.7985461898120586,2.8005955897253174,0.23270394969546257,12,carrot,sandy Loamy soil
49508,0.14217423302728616,1.4177413322789671,1.4291229942969927,-0.8975029591088394,-0.8058374970355525,-0.6490496204748005,-1.2210195666816377,0.31620643449557667,-0.2549453757840878,0.4703046732293909,0.8233606813727701,1.409777934306057,12,carrot,light Loamy soil
49538,0.14217423302728616,1.4177413322789671,1.4291229942969927,-0.8975029591088394,-0.6519615575001118,-0.6490496204748005,-1.4939905678907253,0.31620643449557667,-0.3154064377423764,0.567889988970184,2.7364375248525206,0.22177137398700514,12,carrot,light Loamy soil
49544,0.14217423302728616,1.4177413322789671,1.4291229942969927,-0.8975029591088394,0.11741814017708838,-0.6490496204748005,-0.8968665027458468,0.31620643449557667,-0.10811136817110081,0.9759740366135006,2.5556284329382764,0.3821158177110487,12,carrot,light Loamy soil
49571,0.8110716651870262,1.4177413322789671,1.4291229942969927,-0.8975029591088394,-0.3442096784292314,-0.6490496204748005,-1.6304760684952693,0.31620643449557667,-0.33268102687331597,0.5057902425896794,1.954875643674818,1.2749428339017475,12,carrot,sandy Loamy soil
49586,0.14217423302728616,1.4177413322789671,1.4291229942969927,-0.8975029591088394,0.27129407971252784,-0.6490496204748005,-1.5110512554662934,0.31620643449557667,-0.2765386121977623,0.5738042505302321,2.695609665388014,1.0089168249959475,12,carrot,light Loamy soil
49621,0.8110716651870262,1.4177413322789671,1.9374894828955906,-0.8975029591088394,-0.19033373889379193,-0.6490496204748005,-1.5622333181929973,0.31620643449557667,-0.37154885241793006,0.46439041166934275,1.2724671354823458,0.18532945495881334,12,carrot,sandy Loamy soil
49636,0.14217423302728616,1.4177413322789671,1.9374894828955906,-0.8975029591088394,-0.3442096784292314,-0.6490496204748005,-1.4086871300128856,0.31620643449557667,-0.2722199649150271,1.0676450907942459,0.8641885408372771,0.49872995860126246,12,carrot,light Loamy soil
49637,0.8110716651870262,1.4177413322789671,1.4291229942969927,-0.8975029591088394,-0.036457799358352465,-0.6490496204748005,-1.28926231698391,0.31620643449557667,-0.22471484480494336,0.745317835771626,2.6489492545714346,0.17075268734753643,12,carrot,sandy Loamy soil
49656,0.14217423302728616,1.4177413322789671,-1.1127094486959972,-0.8975029591088394,0.11741814017708838,-0.6490496204748005,-1.0162913157748223,0.31620643449557667,-0.10811136817110081,0.7009608740712655,1.4766064328048802,0.3602506662941338,12,carrot,light Loamy soil
49704,0.14217423302728616,1.4177413322789671,-1.1127094486959972,-0.8975029591088394,-0.9597134365709921,-0.6490496204748005,-1.1015947536526622,0.31620643449557667,-0.2592640230668225,1.1179163140546542,1.890717578802021,0.37118324200259123,12,carrot,light Loamy soil
49751,0.8110716651870262,1.4177413322789671,1.4291229942969927,-0.8975029591088394,-0.036457799358352465,-0.6490496204748005,-1.2722016294083418,0.31620643449557667,-0.3067691431769068,0.15389167976681914,1.1733137624971146,0.2071946063757282,12,carrot,sandy Loamy soil
49795,0.8110716651870262,1.4177413322789671,1.9374894828955906,-0.8975029591088394,-0.49808561796467227,-0.6490496204748005,-1.340444379710614,0.31620643449557667,-0.22903349208767804,0.2958339572079727,1.2841322381864908,1.0927332387607884,12,carrot,sandy Loamy soil
49841,0.8110716651870262,1.4177413322789671,1.4291229942969927,-0.8975029591088394,0.11741814017708838,-0.6490496204748005,-1.5451726306174294,0.31620643449557667,-0.4665590926380981,0.8340317591723471,0.788365373260336,1.4607966209455259,12,carrot,sandy Loamy soil
49883,0.8110716651870262,1.4177413322789671,1.4291229942969927,-0.8975029591088394,0.27129407971252784,-0.6490496204748005,-1.0162913157748223,0.31620643449557667,-0.26358267034955774,1.011459605973789,2.1473498382932075,0.7756885432155204,12,carrot,sandy Loamy soil
49889,0.8110716651870262,1.4177413322789671,1.4291229942969927,-0.8975029591088394,0.11741814017708838,-0.6490496204748005,-1.4428085051640214,0.31620643449557667,-0.056287600778281835,0.36089083436850156,2.672279459979724,1.493594348070898,12,carrot,sandy Loamy soil
49898,0.14217423302728616,1.4177413322789671,1.4291229942969927,-0.8975029591088394,-0.9597134365709921,-0.6490496204748005,-1.6304760684952693,0.31620643449557667,-0.2203961975222087,0.5057902425896794,0.9225140543580012,1.508171115682175,12,carrot,light Loamy soil
49920,0.14217423302728616,1.4177413322789671,-1.1127094486959972,-0.8975029591088394,0.27129407971252784,-0.6490496204748005,-1.4428085051640214,0.31620643449557667,-0.19016566654306424,0.10362045650641047,1.861554822041659,0.5315276857266353,12,carrot,light Loamy soil
49951,0.8110716651870262,1.4177413322789671,1.9374894828955906,-0.8975029591088394,-0.49808561796467227,-0.6490496204748005,-1.4428085051640214,0.31620643449557667,-0.42337261981074903,0.22486281848739612,2.584791189698638,0.3566064743913148,12,carrot,sandy Loamy soil
49964,0.14217423302728616,1.4177413322789671,1.4291229942969927,-0.8975029591088394,-0.6519615575001118,-0.6490496204748005,-1.4598691927395895,0.31620643449557667,-0.34131832143878593,0.6329468661307128,1.7040759355357045,0.8558607650775418,12,carrot,light Loamy soil
49985,0.8110716651870262,1.4177413322789671,1.4291229942969927,-0.8975029591088394,0.4251700192479687,-0.6490496204748005,-1.0845340660770946,0.31620643449557667,-0.22471484480494336,0.3756764882686217,2.2173404545180766,1.511815307584994,12,carrot,sandy Loamy soil
49997,0.8110716651870262,1.4177413322789671,1.4291229942969927,-0.8975029591088394,-0.036457799358352465,-0.6490496204748005,-1.3575050672861815,0.31620643449557667,-0.15129784099844987,0.4466476269891987,1.0333325300473772,0.7173814727704132,12,carrot,sandy Loamy soil
50006,-0.14449609504117386,1.4177413322789671,1.9374894828955906,-0.8975029591088394,0.4251700192479687,-1.1630264907382795,-0.9821699406236866,0.31620643449557667,1.2004387584975753,-0.5913052767992376,0.11762196777200873,-0.029677867307518382,4,beetroot,friable soil
50022,-0.14449609504117386,1.4177413322789671,1.4291229942969927,-0.8975029591088394,-0.6519615575001118,-0.9891813728550439,-0.6580168766878955,0.31620643449557667,1.2349879367594543,-0.3843061221975552,0.4209146380797738,-0.46333670374300057,4,beetroot,friable soil
50033,-0.14449609504117386,1.4177413322789671,1.9374894828955906,-0.8975029591088394,0.27129407971252784,-1.0383115148655235,-1.1186554412282304,0.31620643449557667,1.2263506421939845,0.2840054340878768,-0.3898099998582912,-0.05518721062725248,4,beetroot,friable soil
50034,-0.14449609504117386,1.4177413322789671,1.4291229942969927,-0.8975029591088394,-0.8058374970355525,-0.9230446432255522,-1.0845340660770946,0.31620643449557667,1.1702082275184307,0.21007716458727596,-0.31398683228135,-0.3685877142697019,4,beetroot,friable soil
50071,-0.14449609504117386,1.4177413322789671,-1.1127094486959972,-0.8975029591088394,-0.3442096784292314,-1.1970396659763038,-1.135716128803798,0.31620643449557667,1.2349879367594543,0.1006633257263866,-0.3898099998582912,-0.09527332155826349,4,beetroot,friable soil
50078,-0.14449609504117386,1.4177413322789671,1.9374894828955906,-0.8975029591088394,-0.3442096784292314,-1.1894811825900762,-1.0162913157748223,0.31620643449557667,1.1745268748011661,-0.4138774299977956,0.1934451353489499,-0.10256170536390195,4,beetroot,friable soil
50080,-0.14449609504117386,1.4177413322789671,-1.1127094486959972,-0.8975029591088394,-0.3442096784292314,-0.9570578184635765,-0.8798058151702786,0.31620643449557667,1.1874828166493707,-0.3310777681571227,-0.08068477819845356,0.08693627358269543,4,beetroot,friable soil
50095,-0.14449609504117386,1.4177413322789671,-1.1127094486959972,-0.8975029591088394,0.11741814017708838,-0.8587975344426173,-0.7774416897168711,0.31620643449557667,1.2047574057803099,0.2012057722472035,-0.028191816029801538,-0.37587609807534034,4,beetroot,friable soil
50160,-0.14449609504117386,1.4177413322789671,1.4291229942969927,-0.8975029591088394,-0.6519615575001118,-1.1479095239658241,-0.9139271903214149,0.31620643449557667,1.2393065840421895,-0.14182139823558432,0.4267471894318463,-0.2957038762133183,4,beetroot,friable soil
50183,-0.14449609504117386,1.4177413322789671,1.9374894828955906,-0.8975029591088394,0.27129407971252784,-1.151688765658938,-1.0162913157748223,0.31620643449557667,1.2004387584975753,0.041520710125905906,0.27510085427796355,0.024985011234769292,4,beetroot,friable soil
50216,-0.14449609504117386,1.4177413322789671,1.9374894828955906,-0.8975029591088394,-0.3442096784292314,-1.0647662067173203,-0.9651092530481183,0.31620643449557667,1.1745268748011661,-0.03832182093474311,-0.19150325388782927,-0.3540109466584252,4,beetroot,friable soil
50232,-0.14449609504117386,1.4177413322789671,1.4291229942969927,-0.8975029591088394,-0.9597134365709921,-1.1120067278812429,-1.1186554412282304,0.31620643449557667,1.2393065840421895,-0.3931775145376272,-0.09818243225467063,-0.04425463491879505,4,beetroot,friable soil
50240,-0.14449609504117386,1.4177413322789671,1.9374894828955906,-0.8975029591088394,-0.19033373889379193,-1.0855520360294462,-1.1527768163793661,0.31620643449557667,1.2047574057803099,-0.4878056994983964,-0.045689470086019014,-0.47062508754863874,4,beetroot,friable soil
50280,-0.14449609504117386,1.4177413322789671,1.4291229942969927,-0.8975029591088394,0.4251700192479687,-1.1554680073520518,-1.1186554412282304,0.31620643449557667,1.1874828166493707,-0.33403489893714655,-0.44813551337901525,-0.21917584625411551,4,beetroot,friable soil
50305,-0.14449609504117386,1.4177413322789671,-1.1127094486959972,-0.8975029591088394,-0.8058374970355525,-1.0439803774051943,-0.8968665027458468,0.31620643449557667,1.2047574057803099,-0.0264932978146468,0.2984310596862531,-0.4779134713542772,4,beetroot,friable soil
50337,-0.14449609504117386,1.4177413322789671,1.4291229942969927,-0.8975029591088394,-0.8058374970355525,-0.843680567670162,-0.9480485654725508,0.31620643449557667,1.1615709329529609,-0.3044635911369062,-0.22649856200026383,-0.40502963329789365,4,beetroot,friable soil
50384,-0.14449609504117386,1.4177413322789671,1.9374894828955906,-0.8975029591088394,0.5790459587834081,-1.0420907565586373,-0.6921382518390313,0.31620643449557667,1.2306692894767197,0.5087473733697032,0.1234545191240808,0.0650711221657803,4,beetroot,friable soil
50396,-0.14449609504117386,1.4177413322789671,1.9374894828955906,-0.8975029591088394,-0.49808561796467227,-1.212156632748759,-0.9651092530481183,0.31620643449557667,1.1918014639321053,0.4939617194695831,-0.31398683228135,-0.26290614908794574,4,beetroot,friable soil
50418,-0.14449609504117386,1.4177413322789671,1.4291229942969927,-0.8975029591088394,-0.3442096784292314,-0.9570578184635765,-0.9651092530481183,0.31620643449557667,1.21339470034578,0.020820794665737583,0.1234545191240808,-0.029677867307518382,4,beetroot,friable soil
50501,-0.14449609504117386,1.4177413322789671,1.9374894828955906,-0.8975029591088394,0.5790459587834081,-0.9740644060825887,-1.0333520033503905,0.31620643449557667,1.1918014639321053,-0.3192492450370264,-0.05152202143809151,-0.13171524058645528,4,beetroot,friable soil
50523,-0.14449609504117386,1.4177413322789671,1.4291229942969927,-0.8975029591088394,0.11741814017708838,-1.1233444529605845,-0.9309878778969826,0.31620643449557667,1.2393065840421895,0.36089083436850156,0.6425515894585256,0.03227339504040776,4,beetroot,friable soil
50532,-0.14449609504117386,1.4177413322789671,1.4291229942969927,-0.8975029591088394,0.27129407971252784,-1.151688765658938,-0.6750775642634631,0.31620643449557667,1.1918014639321053,-0.40796316843774744,0.2459380975176015,-0.23375261386539217,4,beetroot,friable soil
50563,-0.14449609504117386,1.4177413322789671,-1.1127094486959972,-0.8975029591088394,0.5790459587834081,-0.8739145012150725,-0.8798058151702786,0.31620643449557667,1.2393065840421895,-0.3813489914175309,-0.14484284307124975,-0.20459907864283886,4,beetroot,friable soil
50638,-0.14449609504117386,1.4177413322789671,-1.1127094486959972,-0.8975029591088394,0.4251700192479687,-1.1857019408969622,-0.7774416897168711,0.31620643449557667,1.2047574057803099,0.37863361904864556,0.46174249754428087,-0.4123180171035321,4,beetroot,friable soil
50639,-0.14449609504117386,1.4177413322789671,1.9374894828955906,-0.8975029591088394,-0.49808561796467227,-0.9173757806858815,-1.1015947536526622,0.31620643449557667,1.2220319949112497,0.1686773336669393,0.6308864867543806,-0.14264781629491272,4,beetroot,friable soil
50667,-0.14449609504117386,1.4177413322789671,1.4291229942969927,-0.8975029591088394,-0.9597134365709921,-0.8965899513737555,-1.0333520033503905,0.31620643449557667,1.165889580235696,0.42003344996898223,0.0009709407305605154,-0.3321457952415101,4,beetroot,friable soil
50679,-0.14449609504117386,1.4177413322789671,1.4291229942969927,-0.8975029591088394,-0.036457799358352465,-0.866356017828845,-1.0845340660770946,0.31620643449557667,1.209076053063045,0.06813488714612197,0.6367190381064531,-0.03332205921033735,4,beetroot,friable soil
50705,-0.14449609504117386,1.4177413322789671,1.9374894828955906,-0.8975029591088394,0.27129407971252784,-1.1365717988864827,-0.9992306281992548,0.31620643449557667,1.2349879367594543,0.22781994926742,0.4209146380797738,-0.10620589726672092,4,beetroot,friable soil
50721,-0.14449609504117386,1.4177413322789671,1.4291229942969927,-0.8975029591088394,-0.3442096784292314,-1.0137464438602837,-0.9992306281992548,0.31620643449557667,1.209076053063045,0.5471900735100156,-0.4248053079707257,-0.27019453289358397,4,beetroot,friable soil
50775,-0.14449609504117386,1.4177413322789671,1.4291229942969927,-0.8975029591088394,-0.036457799358352465,-1.1365717988864827,-0.7945023772924388,0.31620643449557667,1.1961201112148405,-0.1773069675958728,0.08845921101164668,0.00311985981785443,4,beetroot,friable soil
50807,-0.14449609504117386,1.4177413322789671,1.9374894828955906,-0.8975029591088394,0.11741814017708838,-0.8758041220616295,-0.7433203145657353,0.31620643449557667,1.1918014639321053,-0.5439911843188531,0.5725609732336566,-0.32850160333869083,4,beetroot,friable soil
50825,-0.14449609504117386,1.4177413322789671,1.9374894828955906,-0.8975029591088394,-0.19033373889379193,-1.0742143109501048,-0.6921382518390313,0.31620643449557667,1.1615709329529609,0.17754872600701133,-0.20316835659197385,-0.430538976617628,4,beetroot,friable soil
50868,-0.14449609504117386,1.4177413322789671,1.4291229942969927,-0.8975029591088394,-0.036457799358352465,-0.9835125103153732,-0.9139271903214149,0.31620643449557667,1.1615709329529609,0.05630636402602608,0.5900586272898737,-0.46333670374300057,4,beetroot,friable soil
50886,-0.14449609504117386,1.4177413322789671,1.4291229942969927,-0.8975029591088394,-0.8058374970355525,-0.8814729846013002,-0.9992306281992548,0.31620643449557667,1.21339470034578,-0.2660208909965938,-0.1215126376629602,-0.0005243320849648004,4,beetroot,friable soil
50902,-0.14449609504117386,1.4177413322789671,-1.1127094486959972,-0.8975029591088394,-0.036457799358352465,-0.9646163018498042,-0.9139271903214149,0.31620643449557667,1.2306692894767197,-0.41683456077781944,-0.21483345929611883,-0.2301084219625732,4,beetroot,friable soil
50907,-0.14449609504117386,1.4177413322789671,1.4291229942969927,-0.8975029591088394,-0.9597134365709921,-1.1894811825900762,-0.8286237524435751,0.31620643449557667,1.209076053063045,0.3017482187680209,-0.25566131876062587,-0.2373968057682114,4,beetroot,friable soil
50923,-0.14449609504117386,1.4177413322789671,-1.1127094486959972,-0.8975029591088394,-0.3442096784292314,-1.0402011357120806,-0.7603810021413029,0.31620643449557667,1.1788455220839007,-0.0974644365352238,0.6542166921626702,0.0650711221657803,4,beetroot,friable soil
50951,-0.14449609504117386,1.4177413322789671,1.9374894828955906,-0.8975029591088394,-0.6519615575001118,-1.0156360647068405,-0.9651092530481183,0.31620643449557667,1.2349879367594543,-0.42570595311789144,0.2459380975176015,-0.2993480681161375,4,beetroot,friable soil
50965,-0.14449609504117386,1.4177413322789671,-1.1127094486959972,-0.8975029591088394,-0.19033373889379193,-1.19326042428319,-1.0674733785015265,0.31620643449557667,1.2220319949112497,0.4614332808893189,0.47340760024842543,-0.14629200819773194,4,beetroot,friable soil
50970,-0.14449609504117386,1.4177413322789671,1.4291229942969927,-0.8975029591088394,-0.8058374970355525,-1.132792557193369,-0.7091989394145989,0.31620643449557667,1.2263506421939845,0.156848810546843,-0.44230296202694275,-0.5471531175078416,4,beetroot,friable soil
51005,-1.482290959360654,1.4177413322789671,-1.1127094486959972,-0.8975029591088394,-0.19033373889379193,-1.6694448776155306,-2.517631822424803,0.31620643449557667,1.1615709329529609,0.18050585678703562,0.6075562813460911,-0.05518721062725248,35,radish,Alluvial soil
51008,1.4799690973467663,1.4177413322789671,-1.1127094486959972,-0.8975029591088394,0.11741814017708838,-1.6694448776155306,-2.449389072122531,0.31620643449557667,1.157252285670226,0.14206315664672284,0.4267471894318463,-0.25197357337948806,35,radish,well-grained deep loamy moist soil
51012,1.4799690973467663,1.4177413322789671,1.9374894828955906,-0.8975029591088394,-1.5752171947127527,-1.6694448776155306,-2.3129035715179875,0.31620643449557667,1.1054285182774073,0.10657758728643475,0.6075562813460911,-0.44511574422890465,35,radish,well-grained deep loamy moist soil
51022,1.4799690973467663,1.4177413322789671,1.4291229942969927,-0.8975029591088394,-0.3442096784292314,-1.6694448776155306,-1.3745657548617498,0.31620643449557667,1.2004387584975753,0.19529151068715578,0.3742542272631947,0.11608980880524876,35,radish,well-grained deep loamy moist soil
51061,-1.482290959360654,1.4177413322789671,1.4291229942969927,-0.8975029591088394,-1.729093134248192,-1.6694448776155306,-2.159357383337876,0.31620643449557667,1.1831641693666353,0.5176187657097753,0.17011492994066033,0.11608980880524876,35,radish,Alluvial soil
51127,-1.482290959360654,1.4177413322789671,1.4291229942969927,-0.8975029591088394,0.11741814017708838,-1.6694448776155306,-1.9205077572799243,0.31620643449557667,1.0665606927327933,-0.05015034405483941,0.059296454251284623,-0.04425463491879505,35,radish,Alluvial soil
51141,-1.482290959360654,1.4177413322789671,1.9374894828955906,-0.8975029591088394,-1.421341255177312,-1.6694448776155306,-2.3470249466691233,0.31620643449557667,1.2047574057803099,0.5442329427299918,-0.045689470086019014,0.021340819331950322,35,radish,Alluvial soil
51152,1.4799690973467663,1.4177413322789671,-1.1127094486959972,-0.8975029591088394,-1.5752171947127527,-1.6694448776155306,-2.295842883942419,0.31620643449557667,1.157252285670226,-0.19800688305604114,-0.29065662687306,0.021340819331950322,35,radish,well-grained deep loamy moist soil
51180,1.4799690973467663,1.4177413322789671,1.9374894828955906,-0.8975029591088394,-0.8058374970355525,-1.6694448776155306,-2.432328384546963,0.31620643449557667,1.027692867188179,-0.5380769227588049,-0.4189727566186532,-0.4414715523260854,35,radish,well-grained deep loamy moist soil
51207,-1.482290959360654,1.4177413322789671,1.9374894828955906,-0.8975029591088394,-1.2674653156418723,-1.6694448776155306,-2.159357383337876,0.31620643449557667,1.21339470034578,-0.4345773454579639,-0.12734518901503267,0.11608980880524876,35,radish,Alluvial soil
51282,1.4799690973467663,1.4177413322789671,1.9374894828955906,-0.8975029591088394,-0.8058374970355525,-1.6694448776155306,-1.28926231698391,0.31620643449557667,1.1745268748011661,-0.2955921987968342,0.4675750488963534,-0.28841549240767983,35,radish,well-grained deep loamy moist soil
51291,-1.482290959360654,1.4177413322789671,1.9374894828955906,-0.8975029591088394,-0.6519615575001118,-1.6694448776155306,-1.9205077572799243,0.31620643449557667,1.1270217546910817,-0.01762190547457478,-0.4248053079707257,-0.22646423005975397,35,radish,Alluvial soil
51317,-1.482290959360654,1.4177413322789671,-1.1127094486959972,-0.8975029591088394,-0.6519615575001118,-1.6694448776155306,-1.4939905678907253,0.31620643449557667,1.1054285182774073,-0.4316202146779396,0.6483841408105977,-0.5799508446332141,35,radish,Alluvial soil
51319,-1.482290959360654,1.4177413322789671,1.4291229942969927,-0.8975029591088394,-0.49808561796467227,-1.6694448776155306,-1.5451726306174294,0.31620643449557667,1.1745268748011661,-0.056064605614887145,-0.34314958904171206,-0.18637811912874294,35,radish,Alluvial soil
51333,-1.482290959360654,1.4177413322789671,1.9374894828955906,-0.8975029591088394,0.27129407971252784,-1.6694448776155306,-1.5110512554662934,0.31620643449557667,1.2349879367594543,-0.1773069675958728,-0.33731703768963955,-0.13900362439209374,35,radish,Alluvial soil
51356,1.4799690973467663,1.4177413322789671,-1.1127094486959972,-0.8975029591088394,-0.9597134365709921,-1.6694448776155306,-1.3575050672861815,0.31620643449557667,1.2220319949112497,0.4614332808893189,0.15844982723651535,-0.18637811912874294,35,radish,well-grained deep loamy moist soil
51357,-1.482290959360654,1.4177413322789671,1.9374894828955906,-0.8975029591088394,-1.2674653156418723,-1.6694448776155306,-1.9546291324310603,0.31620643449557667,1.1745268748011661,-0.002836251574454608,0.47924015160049793,-0.2774829166992224,35,radish,Alluvial soil
51380,1.4799690973467663,1.4177413322789671,-1.1127094486959972,-0.8975029591088394,-1.5752171947127527,-1.6694448776155306,-1.5110512554662934,0.31620643449557667,1.0492861036018535,-0.6060909306993578,-0.13317774036710517,-0.5690182689247567,35,radish,well-grained deep loamy moist soil
51382,1.4799690973467663,1.4177413322789671,1.4291229942969927,-0.8975029591088394,0.11741814017708838,-1.6694448776155306,-1.7328401939486768,0.31620643449557667,1.0924725764292025,0.3106196111080929,-0.14484284307124975,0.05049435455450364,35,radish,well-grained deep loamy moist soil
51385,-1.482290959360654,1.4177413322789671,1.4291229942969927,-0.8975029591088394,-1.729093134248192,-1.6694448776155306,-1.7328401939486768,0.31620643449557667,1.0536047508845883,0.45256188854924645,-0.3081542809292775,0.03956177884604621,35,radish,Alluvial soil
51402,1.4799690973467663,1.4177413322789671,1.9374894828955906,-0.8975029591088394,-0.8058374970355525,-1.6694448776155306,-1.6475367560708372,0.31620643449557667,1.1442963438220215,-0.25123523709647366,-0.3548146917458566,-0.2373968057682114,35,radish,well-grained deep loamy moist soil
51406,1.4799690973467663,1.4177413322789671,1.4291229942969927,-0.8975029591088394,-1.421341255177312,-1.6694448776155306,-1.238080254257206,0.31620643449557667,1.036330161753649,-0.5706053613390693,-0.045689470086019014,-0.4414715523260854,35,radish,well-grained deep loamy moist soil
51438,1.4799690973467663,1.4177413322789671,1.9374894828955906,-0.8975029591088394,-0.8058374970355525,-1.6694448776155306,-2.500571134849235,0.31620643449557667,1.1529336383874915,0.49987598102963127,-0.016526713325656965,-0.04425463491879505,35,radish,well-grained deep loamy moist soil
51534,1.4799690973467663,1.4177413322789671,1.9374894828955906,-0.8975029591088394,-0.9597134365709921,-1.6694448776155306,-2.108175320611172,0.31620643449557667,1.0492861036018535,-0.4523201301381079,-0.1215126376629602,-0.17180135151746628,35,radish,well-grained deep loamy moist soil
51540,1.4799690973467663,1.4177413322789671,1.9374894828955906,-0.8975029591088394,-0.8058374970355525,-1.6694448776155306,-1.186898191530502,0.31620643449557667,1.1961201112148405,0.5264901580498473,0.4967378056567154,-0.062475594432890934,35,radish,well-grained deep loamy moist soil
51615,-1.482290959360654,1.4177413322789671,1.9374894828955906,-0.8975029591088394,-1.1135893761064315,-1.6694448776155306,-1.4769298803151572,0.31620643449557667,1.1788455220839007,0.008992271545641278,-0.34314958904171206,-0.4086738252007129,35,radish,Alluvial soil
51625,-1.482290959360654,1.4177413322789671,1.4291229942969927,-0.8975029591088394,-1.1135893761064315,-1.6694448776155306,-1.5451726306174294,0.31620643449557667,1.2047574057803099,-0.12703574433546413,0.5433982164732946,-0.0005243320849648004,35,radish,Alluvial soil
51626,1.4799690973467663,1.4177413322789671,-1.1127094486959972,-0.8975029591088394,-0.6519615575001118,-1.6694448776155306,-1.6475367560708372,0.31620643449557667,1.1356590492565517,-0.6090480614793816,0.40924953537562925,-0.3940970575894362,35,radish,well-grained deep loamy moist soil
51630,1.4799690973467663,1.4177413322789671,1.9374894828955906,-0.8975029591088394,-0.036457799358352465,-1.6694448776155306,-1.9716898200066284,0.31620643449557667,1.1486149911047563,0.5383186811699436,-0.01069416197358447,-0.4779134713542772,35,radish,well-grained deep loamy moist soil
51651,-1.482290959360654,1.4177413322789671,1.9374894828955906,-0.8975029591088394,-0.6519615575001118,-1.6694448776155306,-2.3982070093958274,0.31620643449557667,1.157252285670226,0.236691341607492,-0.05735457279016359,-0.13171524058645528,35,radish,Alluvial soil
51659,-1.482290959360654,1.4177413322789671,-1.1127094486959972,-0.8975029591088394,-1.5752171947127527,-1.6694448776155306,-1.8352043194020846,0.31620643449557667,1.165889580235696,-0.32516350659707455,0.39758443267148424,-0.5362205417993842,35,radish,Alluvial soil
51675,-1.482290959360654,1.4177413322789671,1.9374894828955906,-0.8975029591088394,-1.2674653156418723,-1.6694448776155306,-2.0569932578844683,0.31620643449557667,1.1097471655601425,-0.3281206373770984,-0.028191816029801538,0.10515723309679133,35,radish,Alluvial soil
51686,1.4799690973467663,1.4177413322789671,-1.1127094486959972,-0.8975029591088394,-1.5752171947127527,-1.6694448776155306,-1.4939905678907253,0.31620643449557667,1.1831641693666353,-0.12407861355544027,0.024301146138850073,-0.4268947847148088,35,radish,well-grained deep loamy moist soil
51711,-1.482290959360654,1.4177413322789671,1.9374894828955906,-0.8975029591088394,-0.49808561796467227,-1.6694448776155306,-1.28926231698391,0.31620643449557667,1.2436252313249243,0.3224481342281892,-0.44813551337901525,-0.23375261386539217,35,radish,Alluvial soil
51713,-1.482290959360654,1.4177413322789671,-1.1127094486959972,-0.8975029591088394,-0.8058374970355525,-1.6694448776155306,-2.449389072122531,0.31620643449557667,1.044967456319119,-0.05310747483486328,-0.1856707025357568,-0.09527332155826349,35,radish,Alluvial soil
51845,-1.482290959360654,1.4177413322789671,-1.1127094486959972,-0.8975029591088394,-1.2674653156418723,-1.6694448776155306,-2.2276001336401476,0.31620643449557667,1.0320115144709137,-0.014664774694550914,-0.2381636647044084,-0.45969251184018134,35,radish,Alluvial soil
51875,-1.482290959360654,1.4177413322789671,-1.1127094486959972,-0.8975029591088394,-0.036457799358352465,-1.6694448776155306,-2.074053945460036,0.31620643449557667,1.0492861036018535,-0.46414865325820426,-0.016526713325656965,-0.44511574422890465,35,radish,Alluvial soil
51888,1.4799690973467663,1.4177413322789671,1.9374894828955906,-0.8975029591088394,-0.9597134365709921,-1.6694448776155306,-1.9716898200066284,0.31620643449557667,1.1183844601256119,-0.1092929596553201,0.240105546165529,-0.02238948350187992,35,radish,well-grained deep loamy moist soil
51915,-1.482290959360654,1.4177413322789671,1.9374894828955906,-0.8975029591088394,-1.5752171947127527,-1.6694448776155306,-1.8693256945532204,0.31620643449557667,1.0320115144709137,0.34610518046838135,-0.2381636647044084,-0.1608687758090086,35,radish,Alluvial soil
51988,1.4799690973467663,1.4177413322789671,1.4291229942969927,-0.8975029591088394,-0.6519615575001118,-1.6694448776155306,-1.186898191530502,0.31620643449557667,1.114065812842877,0.21894855692734796,-0.028191816029801538,-0.19731069483720037,35,radish,well-grained deep loamy moist soil
52021,1.3844123213239463,1.4177413322789671,1.9374894828955906,1.114202454544477,-0.19033373889379193,-0.10294919581985415,-0.40210656305437614,0.31620643449557667,0.6001467861974232,1.1149591832746304,0.059296454251284623,-0.1608687758090086,48,sweet potato,well-drained soil
52045,1.3844123213239463,1.4177413322789671,1.9374894828955906,1.114202454544477,-1.1135893761064315,0.11435720153419023,0.16089612693936672,0.31620643449557667,0.626058669893833,0.37271935748859786,0.5725609732336566,-0.00416852398778403,48,sweet potato,well-drained soil
52053,1.3844123213239463,1.4177413322789671,-1.1127094486959972,1.114202454544477,-1.2674653156418723,-0.25789810523752066,-0.4191672506299437,0.31620643449557667,0.6303773171765676,0.08587767182626642,0.3392589191507602,-0.09162912965544426,48,sweet potato,well-drained soil
52146,1.3844123213239463,1.4177413322789671,-1.1127094486959972,-0.8975029591088394,-0.3442096784292314,0.1691562060843404,-0.4191672506299437,0.31620643449557667,0.7642553829413501,0.0977061949463623,-0.4714657187873048,-0.5872392284388526,48,sweet potato,well-drained soil
52176,1.3844123213239463,1.4177413322789671,-1.1127094486959972,-0.8975029591088394,-1.421341255177312,-0.08216336650772828,-0.4191672506299437,0.31620643449557667,0.6044654334801585,0.8044604513721068,0.48507270295257043,-0.16815715961464706,48,sweet potato,well-drained soil
52186,1.3844123213239463,1.4177413322789671,1.9374894828955906,-0.8975029591088394,-1.421341255177312,-0.07271526227494374,0.12677475178823092,0.31620643449557667,0.6519705535902421,0.6447753892508087,-0.27899152416891543,-0.28841549240767983,48,sweet potato,well-drained soil
52210,1.3844123213239463,1.4177413322789671,1.9374894828955906,-0.8975029591088394,-0.3442096784292314,0.10679871814796249,-0.1461962494208567,0.31620643449557667,0.6606078481557122,0.020820794665737583,0.22844044346138445,-0.2118874624484773,48,sweet potato,well-drained soil
52217,1.3844123213239463,1.4177413322789671,1.4291229942969927,1.114202454544477,-0.3442096784292314,-0.36182725179815056,0.05853200148595931,0.31620643449557667,0.7901672666377593,0.22190568770737185,0.0009709407305605154,-0.08798493775262503,48,sweet potato,well-drained soil
52218,1.3844123213239463,1.4177413322789671,-1.1127094486959972,-0.8975029591088394,-1.2674653156418723,-0.2616773469306345,0.1950175020905025,0.31620643449557667,0.6562892008729775,-0.008750513134502761,-0.05735457279016359,-0.31028064382459497,48,sweet potato,well-drained soil
52235,1.3844123213239463,1.4177413322789671,1.4291229942969927,1.114202454544477,-0.49808561796467227,0.15592886015844198,-0.4362279382055119,0.31620643449557667,0.7858486193550246,0.13910602586669896,0.1351196218282258,-0.5799508446332141,48,sweet potato,well-drained soil
52255,1.3844123213239463,1.4177413322789671,1.9374894828955906,1.114202454544477,-1.2674653156418723,-0.24467075931162222,-0.4703493133566477,0.31620643449557667,0.7037943209830612,0.9523169903733084,0.030133697490922567,0.0942246573883339,48,sweet potato,well-drained soil
52259,1.3844123213239463,1.4177413322789671,1.4291229942969927,1.114202454544477,-1.1135893761064315,0.09357137222206408,-0.1291355618452885,0.31620643449557667,0.6217400226110977,0.5057902425896794,0.5492307678253671,-0.1353594324892745,48,sweet potato,well-drained soil
52334,1.3844123213239463,1.4177413322789671,1.4291229942969927,-0.8975029591088394,-0.8058374970355525,0.12569492661353157,-0.0608928115430169,0.31620643449557667,0.6994756737003265,0.9966739520736689,0.1934451353489499,-0.3795202899781593,48,sweet potato,well-drained soil
52335,1.3844123213239463,1.4177413322789671,-1.1127094486959972,1.114202454544477,-0.19033373889379193,0.002869571587332568,-0.29974243760096814,0.31620643449557667,0.8031232084859639,0.7748891435718663,-0.4014751025624361,-0.15722458390618962,48,sweet potato,well-drained soil
52392,1.3844123213239463,1.4177413322789671,-1.1127094486959972,-0.8975029591088394,-0.49808561796467227,-0.11806616259230963,-0.4703493133566477,0.31620643449557667,0.6390146117420376,0.7009608740712655,0.05346390289921213,-0.18273392722592371,48,sweet potato,well-drained soil
52418,1.3844123213239463,1.4177413322789671,1.4291229942969927,-0.8975029591088394,-0.8058374970355525,0.09924023476173476,0.16089612693936672,0.31620643449557667,0.677882437286652,0.30470534954804473,-0.22649856200026383,-0.12807104868363606,48,sweet potato,well-drained soil
52476,1.3844123213239463,1.4177413322789671,-1.1127094486959972,-0.8975029591088394,-1.1135893761064315,-0.3429310433325815,-0.1632569369964243,0.31620643449557667,0.7772113247895547,0.5412758119499674,0.035966248842994646,-0.09162912965544426,48,sweet potato,well-drained soil
52504,1.3844123213239463,1.4177413322789671,1.9374894828955906,-0.8975029591088394,-0.036457799358352465,-0.34859990587225215,0.1950175020905025,0.31620643449557667,0.7685740302240848,1.0913021370344382,-0.08651732955052564,0.09058046548551466,48,sweet potato,well-drained soil
52518,1.3844123213239463,1.4177413322789671,-1.1127094486959972,-0.8975029591088394,-1.1135893761064315,0.15214961846532837,-0.1461962494208567,0.31620643449557667,0.7340248519622056,0.07404914870617012,0.6075562813460911,-0.4669808956458198,48,sweet potato,well-drained soil
52541,1.3844123213239463,1.4177413322789671,1.4291229942969927,1.114202454544477,-0.3442096784292314,-0.30324900555488654,0.024410626334822903,0.31620643449557667,0.8074418557686991,-0.0264932978146468,0.3742542272631947,-0.09891751346108273,48,sweet potato,well-drained soil
52547,1.3844123213239463,1.4177413322789671,1.4291229942969927,1.114202454544477,-0.19033373889379193,-0.1577482003700046,-0.4703493133566477,0.31620643449557667,0.6346959644593029,0.825160366832275,0.28676595698210855,-0.24832938147666908,48,sweet potato,well-drained soil
52550,1.3844123213239463,1.4177413322789671,1.4291229942969927,-0.8975029591088394,-0.6519615575001118,-0.20687834238048408,-0.4703493133566477,0.31620643449557667,0.617421375328363,0.9671026442734286,0.21677534075723945,-0.38680867378379774,48,sweet potato,well-drained soil
52561,1.3844123213239463,1.4177413322789671,1.9374894828955906,1.114202454544477,-1.421341255177312,0.12002606407386089,-0.11207487426972029,0.31620643449557667,0.6735637900039168,0.8517745438524911,-0.02235926467772946,-0.026033675404699152,48,sweet potato,well-drained soil
52582,1.3844123213239463,1.4177413322789671,1.9374894828955906,-0.8975029591088394,-1.421341255177312,-0.25411886354440677,-0.23149968729869652,0.31620643449557667,0.617421375328363,0.05334923324600179,0.17011492994066033,0.057782738360142104,48,sweet potato,well-drained soil
52618,1.3844123213239463,1.4177413322789671,1.9374894828955906,-0.8975029591088394,-0.49808561796467227,-0.29758014301521585,-0.29974243760096814,0.31620643449557667,0.6476519063075076,0.0030780099855935448,0.4150820867277013,-0.28112710860204165,48,sweet potato,well-drained soil
52638,1.3844123213239463,1.4177413322789671,-1.1127094486959972,-0.8975029591088394,-0.49808561796467227,-0.22766417169261022,-0.5215313760833518,0.31620643449557667,0.794485913920494,0.6063326891104963,-0.4306378593227982,-0.47426927945145797,48,sweet potato,well-drained soil
52689,1.3844123213239463,1.4177413322789671,-1.1127094486959972,1.114202454544477,-0.49808561796467227,0.12002606407386089,-0.11207487426972029,0.31620643449557667,0.7685740302240848,0.37271935748859786,0.4325797407839188,-0.3722319061725211,48,sweet potato,well-drained soil
52713,1.3844123213239463,1.4177413322789671,-1.1127094486959972,1.114202454544477,-0.9597134365709921,-0.30135938470832946,-0.6238955015367591,0.31620643449557667,0.626058669893833,0.20712003380725166,0.3334263677986877,0.006764051720673401,48,sweet potato,well-drained soil
52717,1.3844123213239463,1.4177413322789671,1.9374894828955906,1.114202454544477,-0.036457799358352465,0.09546099306862114,-0.4703493133566477,0.31620643449557667,0.7124316155485311,0.9937168212936451,-0.11568008631088769,-0.3795202899781593,48,sweet potato,well-drained soil
52755,1.3844123213239463,1.4177413322789671,-1.1127094486959972,1.114202454544477,-0.036457799358352465,-0.2749046928565329,-0.0608928115430169,0.31620643449557667,0.6994756737003265,0.656603912370905,-0.016526713325656965,-0.05518721062725248,48,sweet potato,well-drained soil
52779,1.3844123213239463,1.4177413322789671,-1.1127094486959972,1.114202454544477,-0.3442096784292314,-0.21254720492015503,-0.1973783121475601,0.31620643449557667,0.6217400226110977,0.6240754737906408,-0.19733580523990177,-0.3722319061725211,48,sweet potato,well-drained soil
52836,1.3844123213239463,1.4177413322789671,-1.1127094486959972,-0.8975029591088394,-1.2674653156418723,0.046330851058141394,0.12677475178823092,0.31620643449557667,0.6865197318521213,0.28696256486790067,0.6192213840502357,-0.3540109466584252,48,sweet potato,well-drained soil
52857,1.3844123213239463,1.4177413322789671,-1.1127094486959972,1.114202454544477,-0.3442096784292314,0.1956108979361372,-0.2144389997231283,0.31620643449557667,0.626058669893833,0.6033755583304724,0.0651290056033567,-0.18273392722592371,48,sweet potato,well-drained soil
52873,1.3844123213239463,1.4177413322789671,1.9374894828955906,1.114202454544477,-0.036457799358352465,-0.17286516714245978,-0.009710748816312897,0.31620643449557667,0.6692451427211821,0.6713895662710252,-0.45980061608316025,-0.09891751346108273,48,sweet potato,well-drained soil
52878,1.3844123213239463,1.4177413322789671,-1.1127094486959972,-0.8975029591088394,-0.3442096784292314,-0.17664440883557367,-0.1291355618452885,0.31620643449557667,0.7685740302240848,0.9937168212936451,0.6250539354023081,-0.14629200819773194,48,sweet potato,well-drained soil
52894,1.3844123213239463,1.4177413322789671,1.9374894828955906,-0.8975029591088394,-1.2674653156418723,-0.2786839345496468,-0.18031762457199252,0.31620643449557667,0.7167502628312657,0.26626264940773237,0.1234545191240808,-0.040610443015975814,48,sweet potato,well-drained soil
52899,1.3844123213239463,1.4177413322789671,-1.1127094486959972,1.114202454544477,-1.2674653156418723,-0.12940388767165098,-0.6409561891123273,0.31620643449557667,0.7858486193550246,0.047434971685954064,0.5433982164732946,0.11244561690242978,48,sweet potato,well-drained soil
52924,1.3844123213239463,1.4177413322789671,1.9374894828955906,-0.8975029591088394,-0.19033373889379193,-0.29569052216865876,-0.35092450032767214,0.31620643449557667,0.5958281389146886,1.0232881290938853,-0.4714657187873048,-0.16451296771182783,48,sweet potato,well-drained soil
52965,1.3844123213239463,1.4177413322789671,-1.1127094486959972,1.114202454544477,-0.8058374970355525,-0.31836597232734176,-0.4703493133566477,0.31620643449557667,0.6649264954384467,0.32540526500821304,0.23427299481345693,-0.3139248357274142,48,sweet potato,well-drained soil
52968,1.3844123213239463,1.4177413322789671,-1.1127094486959972,-0.8975029591088394,0.11741814017708838,0.18616279370335267,-0.5556527512344875,0.31620643449557667,0.6390146117420376,1.0232881290938853,-0.2439962160564809,-0.5362205417993842,48,sweet potato,well-drained soil
53036,0.5244013371185662,1.4177413322789671,1.9374894828955906,-0.8975029591088394,-0.6519615575001118,3.389070128617311,0.12677475178823092,0.31620643449557667,-0.8293254643878301,0.5087473733697032,-0.22649856200026383,-0.12807104868363606,49,tapoica,red lateritic Loamy soil
53039,0.5244013371185662,1.4177413322789671,1.9374894828955906,1.114202454544477,-1.1135893761064315,3.525122829569408,0.6215346914797015,0.31620643449557667,-0.6608982203611689,-0.48189143793834827,0.3392589191507602,-0.007812715890603261,49,tapoica,red lateritic Loamy soil
53040,0.5244013371185662,1.4177413322789671,1.4291229942969927,-0.8975029591088394,0.27129407971252784,3.132081693485572,0.5362312536018617,0.31620643449557667,-0.5054269181827121,-0.35769194517733877,0.16428237858858785,-0.015101099696241462,49,tapoica,red lateritic Loamy soil
53122,0.5244013371185662,1.4177413322789671,-1.1127094486959972,-0.8975029591088394,-1.421341255177312,3.1358609351786857,0.5362312536018617,0.31620643449557667,-0.5702066274237357,-0.5351197919787808,0.35675657320697723,-0.514355390382469,49,tapoica,red lateritic Loamy soil
53138,0.5244013371185662,1.4177413322789671,1.9374894828955906,-0.8975029591088394,-0.036457799358352465,3.385290886924197,0.4168064405728861,0.31620643449557667,-0.5745252747064707,0.12432037196657879,0.28093340563003605,-0.5325763498965649,49,tapoica,red lateritic Loamy soil
53245,0.5244013371185662,1.4177413322789671,-1.1127094486959972,1.114202454544477,0.4251700192479687,3.37773240353797,0.33150300269504634,0.31620643449557667,-0.781820344277746,-0.18322122915592096,-0.3898099998582912,-0.16451296771182783,49,tapoica,red lateritic Loamy soil
53246,0.5244013371185662,1.4177413322789671,1.9374894828955906,-0.8975029591088394,-0.49808561796467227,3.4608757207864738,0.09265337663709511,0.31620643449557667,-0.6781728094921083,-0.2482781063164494,0.6483841408105977,-0.09891751346108273,49,tapoica,red lateritic Loamy soil
53282,0.5244013371185662,1.4177413322789671,1.9374894828955906,-0.8975029591088394,-0.036457799358352465,3.0621657221629657,0.502109878450726,0.31620643449557667,-0.7256779296021924,0.40229066528883817,0.1992776867010224,-0.33943417904714857,49,tapoica,red lateritic Loamy soil
53323,0.5244013371185662,1.4177413322789671,-1.1127094486959972,1.114202454544477,-1.1135893761064315,3.4778823084054853,0.041471313910391105,0.31620643449557667,-0.7688644024295415,0.4466476269891987,-0.2381636647044084,-0.31028064382459497,49,tapoica,red lateritic Loamy soil
53325,0.5244013371185662,1.4177413322789671,1.4291229942969927,1.114202454544477,-0.8058374970355525,3.519453967029738,0.43386712814845435,0.31620643449557667,-0.5183828600309167,0.22781994926742,0.10012431371579124,-0.16451296771182783,49,tapoica,red lateritic Loamy soil
53399,0.5244013371185662,1.4177413322789671,1.9374894828955906,1.114202454544477,-1.2674653156418723,3.271913636130783,0.3485636902706145,0.31620643449557667,-0.8422814062360346,0.17163446444696318,-0.4714657187873048,-0.2118874624484773,49,tapoica,red lateritic Loamy soil
53410,0.5244013371185662,1.4177413322789671,-1.1127094486959972,-0.8975029591088394,-1.2674653156418723,3.186880698035722,0.46798850329959013,0.31620643449557667,-0.5961185111201452,0.18937724912710763,0.07679410830750169,-0.2993480681161375,49,tapoica,red lateritic Loamy soil
53414,0.5244013371185662,1.4177413322789671,1.9374894828955906,-0.8975029591088394,-0.9597134365709921,3.1831014563426083,0.46798850329959013,0.31620643449557667,-0.781820344277746,0.40820492684888593,-0.15067539442332223,0.006764051720673401,49,tapoica,red lateritic Loamy soil
53423,0.5244013371185662,1.4177413322789671,1.9374894828955906,1.114202454544477,-1.421341255177312,3.3172645364481483,0.3997457529973185,0.31620643449557667,-0.8293254643878301,0.3194910034481649,-0.261493870112698,-0.36494352236688266,49,tapoica,red lateritic Loamy soil
53429,0.5244013371185662,1.4177413322789671,1.9374894828955906,1.114202454544477,-1.5752171947127527,3.5591360048074328,0.22913887724163892,0.31620643449557667,-0.5399760964445913,0.39637640372879,-0.08068477819845356,-0.23375261386539217,49,tapoica,red lateritic Loamy soil
53456,0.5244013371185662,1.4177413322789671,1.9374894828955906,-0.8975029591088394,-1.2674653156418723,3.5270124504159654,0.6215346914797015,0.31620643449557667,-0.794776286125951,-0.061978867174935295,0.1234545191240808,-0.029677867307518382,49,tapoica,red lateritic Loamy soil
53463,0.5244013371185662,1.4177413322789671,1.4291229942969927,1.114202454544477,-1.1135893761064315,3.4741030667123716,0.3997457529973185,0.31620643449557667,-0.5356574491618566,-0.11520722121536783,0.10012431371579124,0.09058046548551466,49,tapoica,red lateritic Loamy soil
53477,0.5244013371185662,1.4177413322789671,1.9374894828955906,1.114202454544477,-0.3442096784292314,3.4495379957071317,0.3485636902706145,0.31620643449557667,-0.8509187008015046,-0.5824338844591654,0.29259850833418105,0.03227339504040776,49,tapoica,red lateritic Loamy soil
53480,0.5244013371185662,1.4177413322789671,1.9374894828955906,-0.8975029591088394,-0.3442096784292314,3.2190042524271893,0.5703526287529982,0.31620643449557667,-0.742952518733132,0.16572020288691544,0.6017237299940186,0.05049435455450364,49,tapoica,red lateritic Loamy soil
53515,0.5244013371185662,1.4177413322789671,-1.1127094486959972,1.114202454544477,-0.9597134365709921,3.1207439684062304,0.1950175020905025,0.31620643449557667,-0.5356574491618566,0.147977418206771,0.1817800326448049,-0.05883140253007171,49,tapoica,red lateritic Loamy soil
53548,0.5244013371185662,1.4177413322789671,-1.1127094486959972,-0.8975029591088394,-1.2674653156418723,3.1169647267131166,0.16089612693936672,0.31620643449557667,-0.6349863366647593,0.06813488714612197,0.3159287137424706,-0.2301084219625732,49,tapoica,red lateritic Loamy soil
53557,0.5244013371185662,1.4177413322789671,-1.1127094486959972,1.114202454544477,-1.729093134248192,3.1226335892527874,0.46798850329959013,0.31620643449557667,-0.5442947437273262,0.33723378812830934,0.2984310596862531,-0.27019453289358397,49,tapoica,red lateritic Loamy soil
53562,0.5244013371185662,1.4177413322789671,1.4291229942969927,-0.8975029591088394,-1.421341255177312,3.099958139094104,0.5703526287529982,0.31620643449557667,-0.794776286125951,-0.2660208909965938,0.6717143462188877,-0.09162912965544426,49,tapoica,red lateritic Loamy soil
53565,0.5244013371185662,1.4177413322789671,1.4291229942969927,1.114202454544477,-1.2674653156418723,3.2454589442789867,0.55329194117743,0.31620643449557667,-0.8293254643878301,-0.5262483996387088,-0.4248053079707257,-0.14264781629491272,49,tapoica,red lateritic Loamy soil
53586,0.5244013371185662,1.4177413322789671,1.4291229942969927,-0.8975029591088394,-0.6519615575001118,3.3002579488291364,0.48504919087515835,0.31620643449557667,-0.5788439219892056,-0.46119152247817996,0.0009709407305605154,-0.32850160333869083,49,tapoica,red lateritic Loamy soil
53617,0.5244013371185662,1.4177413322789671,-1.1127094486959972,1.114202454544477,-0.9597134365709921,3.4117455787759936,0.5874133163285657,0.31620643449557667,-0.8206881698223601,0.08587767182626642,-0.03985691873394653,-0.10620589726672092,49,tapoica,red lateritic Loamy soil
53646,0.5244013371185662,1.4177413322789671,1.4291229942969927,-0.8975029591088394,-1.729093134248192,3.1056270016337746,0.1438354393637991,0.31620643449557667,-0.6608982203611689,0.3668050959285497,-0.15067539442332223,-0.5435089256050223,49,tapoica,red lateritic Loamy soil
53713,0.5244013371185662,1.4177413322789671,-1.1127094486959972,1.114202454544477,-0.3442096784292314,3.188770318882279,0.05853200148595931,0.31620643449557667,-0.6177117475338197,0.2958339572079727,-0.05735457279016359,0.061426930262961074,49,tapoica,red lateritic Loamy soil
53777,0.5244013371185662,1.4177413322789671,1.9374894828955906,1.114202454544477,-0.49808561796467227,3.0659449638560803,0.17795681451493492,0.31620643449557667,-0.6997660459057828,0.5028331118096551,-0.16817304847953973,-0.1353594324892745,49,tapoica,red lateritic Loamy soil
53794,0.5244013371185662,1.4177413322789671,-1.1127094486959972,-0.8975029591088394,-1.5752171947127527,3.150977901951141,0.3997457529973185,0.31620643449557667,-0.8552373480842396,0.49987598102963127,-0.10984753495881562,-0.44511574422890465,49,tapoica,red lateritic Loamy soil
53800,0.5244013371185662,1.4177413322789671,-1.1127094486959972,-0.8975029591088394,0.4251700192479687,3.4778823084054853,0.5874133163285657,0.31620643449557667,-0.5486133910100612,-0.04423608249479126,0.012636043434705087,-0.18273392722592371,49,tapoica,red lateritic Loamy soil
53838,0.5244013371185662,1.4177413322789671,1.4291229942969927,-0.8975029591088394,-0.9597134365709921,3.4230833038553357,0.3485636902706145,0.31620643449557667,-0.6177117475338197,-0.4109202992177713,-0.43647041067487025,-0.2301084219625732,49,tapoica,red lateritic Loamy soil
53858,0.5244013371185662,1.4177413322789671,1.9374894828955906,-0.8975029591088394,0.4251700192479687,3.3380503657602745,0.3485636902706145,0.31620643449557667,-0.5227015073136517,-0.1891354907159687,-0.03402436738187403,-0.34672256285278674,49,tapoica,red lateritic Loamy soil
53868,0.5244013371185662,1.4177413322789671,1.4291229942969927,-0.8975029591088394,-1.5752171947127527,3.421193683008778,0.28032093996834234,0.31620643449557667,-0.6090744529683498,0.46439041166934275,0.1409521731802983,-0.4669808956458198,49,tapoica,red lateritic Loamy soil
53869,0.5244013371185662,1.4177413322789671,-1.1127094486959972,1.114202454544477,-1.1135893761064315,3.3909597494638684,0.655656066630838,0.31620643449557667,-0.8854678790633836,0.10953471806645862,-0.2439962160564809,-0.29205968431049906,49,tapoica,red lateritic Loamy soil
53873,0.5244013371185662,1.4177413322789671,1.9374894828955906,1.114202454544477,-0.6519615575001118,3.236010840046202,0.1950175020905025,0.31620643449557667,-0.8422814062360346,0.16572020288691544,0.4267471894318463,-0.4487599361317239,49,tapoica,red lateritic Loamy soil
53937,0.5244013371185662,1.4177413322789671,1.4291229942969927,1.114202454544477,-0.8058374970355525,3.3191541572947054,0.46798850329959013,0.31620643449557667,-0.5270201545963867,-0.04423608249479126,-0.1856707025357568,-0.09891751346108273,49,tapoica,red lateritic Loamy soil
53964,0.5244013371185662,1.4177413322789671,1.4291229942969927,-0.8975029591088394,-0.19033373889379193,3.45709647909336,0.4168064405728861,0.31620643449557667,-0.8466000535187695,0.3313195265682612,-0.02235926467772946,-0.36494352236688266,49,tapoica,red lateritic Loamy soil
53986,0.5244013371185662,1.4177413322789671,-1.1127094486959972,-0.8975029591088394,-0.9597134365709921,3.1471986602580264,0.28032093996834234,0.31620643449557667,-0.6306676893820243,0.06222062558607423,-0.4714657187873048,-0.3685877142697019,49,tapoica,red lateritic Loamy soil
53996,0.5244013371185662,1.4177413322789671,1.9374894828955906,-0.8975029591088394,-0.3442096784292314,3.3248230198343767,0.5362312536018617,0.31620643449557667,-0.781820344277746,0.44369049620917445,-0.4306378593227982,-0.2957038762133183,49,tapoica,red lateritic Loamy soil
54035,0.6199581131413862,1.4177413322789671,-1.1127094486959972,1.114202454544477,0.4251700192479687,2.468824776344097,1.1674766938978767,0.4744929296120534,0.5699162552182794,0.2958339572079727,0.10595686506786374,-0.10256170536390195,21,elephant foot yam,rich red Loamy soil
54056,0.6199581131413862,1.4177413322789671,-1.1127094486959972,-0.8975029591088394,0.4251700192479687,2.468824776344097,1.5939938832870757,1.636102509908323,0.5526416660873394,0.0770062794861944,-0.15650794577539473,-0.33943417904714857,21,elephant foot yam,rich red Loamy soil
54079,0.6199581131413862,1.4177413322789671,1.4291229942969927,1.114202454544477,-0.6519615575001118,2.468824776344097,1.2869015069268517,1.5656594065852105,0.4619500731499067,-0.25123523709647366,-0.16234049712746723,0.10515723309679133,21,elephant foot yam,rich red Loamy soil
54096,0.6199581131413862,1.4177413322789671,1.9374894828955906,-0.8975029591088394,-1.2674653156418723,2.468824776344097,0.928627067839925,1.5235619344797646,0.4360381894534969,0.32836239578823734,0.22260789210931195,-0.32121321953305265,21,elephant foot yam,rich red Loamy soil
54185,0.6199581131413862,1.4177413322789671,-1.1127094486959972,1.114202454544477,-1.2674653156418723,2.468824776344097,0.07559268906152691,0.42004686568900984,0.4662687204326414,-0.3872632529775791,0.04179880019506714,-0.2556177652823073,21,elephant foot yam,rich red Loamy soil
54192,0.6199581131413862,1.4177413322789671,1.9374894828955906,-0.8975029591088394,-0.6519615575001118,2.468824776344097,0.07559268906152691,0.4980675139911027,0.5958281389146886,0.17163446444696318,-0.06901967549430858,-0.19366650293438142,21,elephant foot yam,rich red Loamy soil
54219,0.6199581131413862,1.4177413322789671,1.9374894828955906,1.114202454544477,-0.036457799358352465,2.468824776344097,1.4233870075313961,1.5395589738798343,0.5526416660873394,-0.020579036254599066,-0.43647041067487025,0.010408243623492632,21,elephant foot yam,rich red Loamy soil
54279,0.6199581131413862,1.4177413322789671,1.9374894828955906,1.114202454544477,0.4251700192479687,2.468824776344097,1.406326319955828,1.5465752192307418,0.4360381894534969,0.026735056225785737,0.6658817948668152,-0.015101099696241462,21,elephant foot yam,rich red Loamy soil
54280,0.6199581131413862,1.4177413322789671,1.4291229942969927,-0.8975029591088394,-0.8058374970355525,2.468824776344097,1.4745690702580996,1.5597657604904478,0.47058736771537607,0.4170763191889584,0.6133888326981636,-0.55444150131348,21,elephant foot yam,rich red Loamy soil
54304,0.6199581131413862,1.4177413322789671,1.4291229942969927,-0.8975029591088394,-0.8058374970355525,2.468824776344097,0.31444231511947873,0.3880527868888707,0.4749060149981113,-0.532162661198757,0.40341698402355675,-0.12807104868363606,21,elephant foot yam,rich red Loamy soil
54355,0.6199581131413862,1.4177413322789671,1.4291229942969927,1.114202454544477,-0.3442096784292314,2.468824776344097,1.2698408193512847,1.02176006698285,0.41444495303982243,-0.03536469015471924,0.5025703570087875,0.00311985981785443,21,elephant foot yam,rich red Loamy soil
54356,0.6199581131413862,1.4177413322789671,-1.1127094486959972,-0.8975029591088394,-1.729093134248192,2.468824776344097,1.1333553187467404,0.7467232492272702,0.4187636003225577,-0.5055484841785405,-0.2439962160564809,-0.41960640090917034,21,elephant foot yam,rich red Loamy soil
54369,0.6199581131413862,1.4177413322789671,1.9374894828955906,1.114202454544477,0.11741814017708838,2.468824776344097,0.9627484429910608,1.3703271360159412,0.5396857242391349,-0.3813489914175309,0.1292870704761533,0.006764051720673401,21,elephant foot yam,rich red Loamy soil
54403,0.6199581131413862,1.4177413322789671,1.4291229942969927,1.114202454544477,0.4251700192479687,2.468824776344097,0.38268506542175035,0.8918192030840397,0.5526416660873394,-0.020579036254599066,0.05346390289921213,-0.06611978633571017,21,elephant foot yam,rich red Loamy soil
54418,0.6199581131413862,1.4177413322789671,1.4291229942969927,-0.8975029591088394,-1.5752171947127527,2.468824776344097,0.28032093996834234,1.3633108906650337,0.5440043715218695,-0.04423608249479126,-0.1740055998316118,-0.49977862277119234,21,elephant foot yam,rich red Loamy soil
54437,0.6199581131413862,1.4177413322789671,-1.1127094486959972,1.114202454544477,-0.49808561796467227,2.468824776344097,1.6792973211649156,1.1194262022674841,0.38853306934341325,-0.192092621495993,0.28676595698210855,-0.07340817014134837,21,elephant foot yam,rich red Loamy soil
54472,0.6199581131413862,1.4177413322789671,1.4291229942969927,-0.8975029591088394,-1.729093134248192,2.468824776344097,0.7068381293575413,0.43464065601889784,0.5396857242391349,0.4377762346491263,0.05346390289921213,-0.27019453289358397,21,elephant foot yam,rich red Loamy soil
54482,0.6199581131413862,1.4177413322789671,-1.1127094486959972,-0.8975029591088394,-1.5752171947127527,2.468824776344097,0.502109878450726,0.40236592740472266,0.4619500731499067,0.4141191884089341,-0.28482407552098793,-0.0005243320849648004,21,elephant foot yam,rich red Loamy soil
54487,0.6199581131413862,1.4177413322789671,1.4291229942969927,1.114202454544477,-0.036457799358352465,2.468824776344097,0.6897774417819738,1.4736062675813024,0.5699162552182794,0.08292054104624214,-0.19733580523990177,-0.25197357337948806,21,elephant foot yam,rich red Loamy soil
54494,0.6199581131413862,1.4177413322789671,-1.1127094486959972,-0.8975029591088394,-0.49808561796467227,2.468824776344097,1.730479383891619,1.2782739970120331,0.531048429673665,0.24851986472758833,0.6775468975709598,0.03956177884604621,21,elephant foot yam,rich red Loamy soil
54512,0.6199581131413862,1.4177413322789671,-1.1127094486959972,-0.8975029591088394,-1.729093134248192,2.468824776344097,1.7475400714671872,1.0122179733056151,0.5137738405427251,0.21894855692734796,-0.19733580523990177,-0.011456907793422491,21,elephant foot yam,rich red Loamy soil
54560,0.6199581131413862,1.4177413322789671,-1.1127094486959972,-0.8975029591088394,0.27129407971252784,2.468824776344097,0.604474003904134,0.7060290261920058,0.40148901119161784,0.035606448565857755,0.5842260759378015,-0.10620589726672092,21,elephant foot yam,rich red Loamy soil
54657,0.6199581131413862,1.4177413322789671,1.9374894828955906,1.114202454544477,-0.19033373889379193,2.468824776344097,0.604474003904134,0.5193968998578624,0.3798957747779433,-0.5380769227588049,0.5842260759378015,-0.37587609807534034,21,elephant foot yam,rich red Loamy soil
54671,0.6199581131413862,1.4177413322789671,-1.1127094486959972,1.114202454544477,0.11741814017708838,2.468824776344097,0.1438354393637991,0.6243599303074404,0.4619500731499067,0.10362045650641047,0.47924015160049793,0.076003697874238,21,elephant foot yam,rich red Loamy soil
54686,0.6199581131413862,1.4177413322789671,-1.1127094486959972,-0.8975029591088394,-0.49808561796467227,2.468824776344097,0.55329194117743,1.6136505247854187,0.5051365459772558,-0.4404916070180116,0.024301146138850073,-0.2847713005048609,21,elephant foot yam,rich red Loamy soil
54733,0.6199581131413862,1.4177413322789671,1.4291229942969927,1.114202454544477,0.4251700192479687,2.468824776344097,0.5874133163285657,0.5626169712194531,0.4403568367362322,-0.22462106007625718,-0.4306378593227982,-0.5398647337022033,21,elephant foot yam,rich red Loamy soil
54747,0.6199581131413862,1.4177413322789671,1.9374894828955906,1.114202454544477,-1.5752171947127527,2.468824776344097,0.26326025239277473,1.2903419390155941,0.5008178986945205,-0.14182139823558432,-0.3489821403937841,-0.015101099696241462,21,elephant foot yam,rich red Loamy soil
54760,0.6199581131413862,1.4177413322789671,1.4291229942969927,-0.8975029591088394,-1.5752171947127527,2.468824776344097,0.4509278157240219,1.1180229531973027,0.5137738405427251,0.32540526500821304,0.45007739484013587,-0.42325059281198957,21,elephant foot yam,rich red Loamy soil
54771,0.6199581131413862,1.4177413322789671,1.9374894828955906,1.114202454544477,-0.19033373889379193,2.468824776344097,0.5874133163285657,0.807343609059112,0.4619500731499067,-0.34586342205724285,0.6075562813460911,-0.4779134713542772,21,elephant foot yam,rich red Loamy soil
54781,0.6199581131413862,1.4177413322789671,1.4291229942969927,1.114202454544477,-1.2674653156418723,2.468824776344097,1.6792973211649156,1.0658220877865494,0.5353670769563996,0.08292054104624214,0.6892120002751048,-0.4086738252007129,21,elephant foot yam,rich red Loamy soil
54792,0.6199581131413862,1.4177413322789671,1.9374894828955906,-0.8975029591088394,-0.6519615575001118,2.468824776344097,1.0480518808689006,1.501951898798969,0.4533127785844368,-0.3192492450370264,0.3742542272631947,-0.03332205921033735,21,elephant foot yam,rich red Loamy soil
54835,0.6199581131413862,1.4177413322789671,1.4291229942969927,1.114202454544477,-0.49808561796467227,2.468824776344097,1.3551442572291246,0.3577426069729498,0.40148901119161784,-0.5853910152391895,0.3392589191507602,-0.48884604706273466,21,elephant foot yam,rich red Loamy soil
54836,0.6199581131413862,1.4177413322789671,-1.1127094486959972,-0.8975029591088394,-1.421341255177312,2.468824776344097,0.604474003904134,1.1452459851588246,0.5612789606528095,0.4141191884089341,0.018468594786777582,-0.5908834203416719,21,elephant foot yam,rich red Loamy soil
54848,0.6199581131413862,1.4177413322789671,-1.1127094486959972,-0.8975029591088394,-0.19033373889379193,2.468824776344097,1.7134186963160507,1.1328973933412267,0.4662687204326414,0.22486281848739612,0.6250539354023081,-0.08069655394698683,21,elephant foot yam,rich red Loamy soil
54862,0.6199581131413862,1.4177413322789671,1.4291229942969927,-0.8975029591088394,0.4251700192479687,2.468824776344097,0.604474003904134,1.046176600804008,0.40580765847435246,0.18937724912710763,0.0651290056033567,0.11608980880524876,21,elephant foot yam,rich red Loamy soil
54866,0.6199581131413862,1.4177413322789671,-1.1127094486959972,-0.8975029591088394,-0.9597134365709921,2.468824776344097,0.655656066630838,0.6487764641285991,0.4489941313017015,-0.13295000589551229,-0.2731589728168429,-0.22646423005975397,21,elephant foot yam,rich red Loamy soil
54889,0.6199581131413862,1.4177413322789671,1.4291229942969927,1.114202454544477,0.11741814017708838,2.468824776344097,1.1674766938978767,1.0139018721898327,0.5526416660873394,0.5531043350700637,-0.10984753495881562,-0.32121321953305265,21,elephant foot yam,rich red Loamy soil
54923,0.6199581131413862,1.4177413322789671,-1.1127094486959972,1.114202454544477,-0.8058374970355525,2.468824776344097,1.4745690702580996,0.8822771094068057,0.427400894888027,0.48509032712951106,0.40341698402355675,-0.20459907864283886,21,elephant foot yam,rich red Loamy soil
54960,0.6199581131413862,1.4177413322789671,1.9374894828955906,-0.8975029591088394,-1.5752171947127527,2.468824776344097,0.1950175020905025,0.607240291651226,0.4749060149981113,0.49691885024960697,0.17594748129273283,-0.5507973094106607,21,elephant foot yam,rich red Loamy soil
54991,0.6199581131413862,1.4177413322789671,1.4291229942969927,1.114202454544477,-1.2674653156418723,2.468824776344097,1.0651125684444687,0.5600911228931267,0.42308224760529234,0.40229066528883817,0.012636043434705087,-0.13171524058645528,21,elephant foot yam,rich red Loamy soil
55047,0.8110716651870262,1.4177413322789671,-1.1127094486959972,1.114202454544477,0.11741814017708838,-0.5545685781469551,-2.364085634244691,-1.1103365702509662,1.0536047508845883,0.0030780099855935448,0.6308864867543806,-0.15722458390618962,14,cauliflower,sandy Loamy soil
55054,0.8110716651870262,1.4177413322789671,1.9374894828955906,-0.8975029591088394,-0.036457799358352465,-0.8606871552891743,0.877445005113221,-1.2540292750375548,1.131340401973817,0.18050585678703562,-0.09234988090259813,-0.5763066527303952,14,cauliflower,sandy Loamy soil
55099,0.8110716651870262,1.4177413322789671,1.9374894828955906,1.114202454544477,0.11741814017708838,-0.42040549804141486,-3.2512413881742255,-1.1145463174615107,1.2177133476285151,0.156848810546843,-0.11568008631088769,-0.42325059281198957,14,cauliflower,sandy Loamy soil
55132,0.8110716651870262,1.4177413322789671,1.9374894828955906,-0.8975029591088394,-0.036457799358352465,-0.2144368257667118,-2.9100276366628663,-1.1673084825003364,1.0751979872982627,0.5915470352103761,0.5783935245857291,-0.3722319061725211,14,cauliflower,sandy Loamy soil
55135,0.8110716651870262,1.4177413322789671,1.9374894828955906,1.114202454544477,-0.036457799358352465,-0.2484500010047361,-3.1659379502963856,-1.3020203932377632,1.2349879367594543,0.6122469506705445,0.47924015160049793,-0.062475594432890934,14,cauliflower,sandy Loamy soil
55148,0.8110716651870262,1.4177413322789671,1.4291229942969927,-0.8975029591088394,-0.19033373889379193,-0.41473663550174394,-2.6711780106049146,-1.3758312943293114,1.131340401973817,0.8162889744922031,-0.44230296202694275,-0.4961344308683731,14,cauliflower,sandy Loamy soil
55167,0.8110716651870262,1.4177413322789671,-1.1127094486959972,1.114202454544477,-0.036457799358352465,-0.6358222745489022,-2.6882386981804824,-1.118475414858019,1.209076053063045,0.6980037432912416,-0.16817304847953973,0.01769662742913109,14,cauliflower,sandy Loamy soil
55201,0.8110716651870262,1.4177413322789671,1.9374894828955906,1.114202454544477,-0.036457799358352465,-0.9759540269291456,-2.3470249466691233,-1.1302627070475437,1.1874828166493707,0.7541892281116981,0.29259850833418105,-0.16451296771182783,14,cauliflower,sandy Loamy soil
55211,0.8110716651870262,1.4177413322789671,1.4291229942969927,1.114202454544477,-0.036457799358352465,-0.885252226294414,-0.2826817500253999,-1.1995832111145115,1.079516634580998,0.7512320973316742,0.15844982723651535,-0.24832938147666908,14,cauliflower,sandy Loamy soil
55219,0.8110716651870262,1.4177413322789671,1.9374894828955906,1.114202454544477,0.11741814017708838,-0.22388492999949636,-1.135716128803798,-1.2826555560692579,1.157252285670226,0.9552741211533323,0.2459380975176015,-0.47426927945145797,14,cauliflower,sandy Loamy soil
55227,0.8110716651870262,1.4177413322789671,-1.1127094486959972,1.114202454544477,0.11741814017708838,-0.7151863501042923,0.2461995648172065,-1.3752699947012388,1.1486149911047563,0.6299897353506885,0.6658817948668152,0.021340819331950322,14,cauliflower,sandy Loamy soil
55259,0.8110716651870262,1.4177413322789671,1.4291229942969927,1.114202454544477,0.27129407971252784,-0.5016591944433618,0.7921415672353811,-1.1622567858476829,1.1011098709946725,0.7660177512317944,0.45590994619220837,-0.062475594432890934,14,cauliflower,sandy Loamy soil
55336,0.8110716651870262,1.4177413322789671,1.9374894828955906,-0.8975029591088394,0.11741814017708838,-0.803998529892467,-2.585874572727075,-1.4204546147610841,1.1270217546910817,1.0558165676741496,-0.4248053079707257,-0.19002231103156217,14,cauliflower,sandy Loamy soil
55356,0.8110716651870262,1.4177413322789671,-1.1127094486959972,-0.8975029591088394,0.11741814017708838,-0.7624268712682151,-0.6750775642634631,-1.2254029940058515,1.2436252313249243,0.9523169903733084,0.27510085427796355,-0.05883140253007171,14,cauliflower,sandy Loamy soil
55373,0.8110716651870262,1.4177413322789671,1.4291229942969927,1.114202454544477,0.11741814017708838,-0.3240348348670124,0.48504919087515835,-1.3522567099502618,1.088153929146468,0.7689748820118182,-0.2964891782251325,-0.2155316543512963,14,cauliflower,sandy Loamy soil
55423,0.8110716651870262,1.4177413322789671,1.9374894828955906,1.114202454544477,-0.036457799358352465,-0.45630829412599594,-2.568813885151507,-1.3632020526976776,1.070879340015528,0.3549765728084534,-0.2964891782251325,-0.08798493775262503,14,cauliflower,sandy Loamy soil
55448,0.8110716651870262,1.4177413322789671,1.4291229942969927,-0.8975029591088394,0.27129407971252784,-0.22766417169261022,-0.5727134388100558,-1.1802183739460064,1.1097471655601425,1.1386162295148226,0.10595686506786374,-0.28112710860204165,14,cauliflower,sandy Loamy soil
55462,0.8110716651870262,1.4177413322789671,1.9374894828955906,-0.8975029591088394,0.11741814017708838,-0.8550182927495036,-2.005811195157764,-1.2189480482830166,1.2047574057803099,1.1090449217145821,0.23427299481345693,-0.1535803920033704,14,cauliflower,sandy Loamy soil
55476,0.8110716651870262,1.4177413322789671,-1.1127094486959972,-0.8975029591088394,0.11741814017708838,-0.20498872153392728,-0.2144389997231283,-1.2610455203884625,1.2047574057803099,1.1090449217145821,-0.20316835659197385,-0.07340817014134837,14,cauliflower,sandy Loamy soil
55477,0.8110716651870262,1.4177413322789671,1.9374894828955906,1.114202454544477,-0.19033373889379193,-0.5224450237554877,-1.715779506373109,-1.1271755590931445,1.1486149911047563,0.7867176666919626,0.26926830292589105,-0.34672256285278674,14,cauliflower,sandy Loamy soil
55506,0.8110716651870262,1.4177413322789671,-1.1127094486959972,-0.8975029591088394,-0.036457799358352465,-0.5337827488348293,-1.8352043194020846,-1.2531873255954458,1.0320115144709137,0.1006633257263866,-0.29065662687306,-0.47426927945145797,14,cauliflower,sandy Loamy soil
55535,0.8110716651870262,1.4177413322789671,1.4291229942969927,1.114202454544477,-0.036457799358352465,-0.5262242654486016,-2.9953310745407062,-1.2714295635078057,1.2436252313249243,0.035606448565857755,0.6367190381064531,0.08693627358269543,14,cauliflower,sandy Loamy soil
55575,0.8110716651870262,1.4177413322789671,-1.1127094486959972,1.114202454544477,0.11741814017708838,-0.785102321426898,-1.0162913157748223,-1.0999525271316228,1.21339470034578,0.3993335345088139,-0.4014751025624361,-0.1754455434202855,14,cauliflower,sandy Loamy soil
55647,0.8110716651870262,1.4177413322789671,-1.1127094486959972,1.114202454544477,-0.036457799358352465,-0.31647635148078496,-1.9887505075821963,-1.2043542579531286,1.1615709329529609,0.3549765728084534,-0.19150325388782927,-0.2556177652823073,14,cauliflower,sandy Loamy soil
55670,0.8110716651870262,1.4177413322789671,1.4291229942969927,-0.8975029591088394,0.11741814017708838,-1.0042983396274991,-0.6409561891123273,-1.3076333895184893,1.1270217546910817,0.4584761501092946,-0.1798381511836843,-0.19731069483720037,14,cauliflower,sandy Loamy soil
55686,0.8110716651870262,1.4177413322789671,-1.1127094486959972,-0.8975029591088394,-0.036457799358352465,-0.5848025116918656,-1.7499008815242447,-1.3171754831957236,1.21339470034578,0.9404884672532121,0.059296454251284623,-0.594527612244491,14,cauliflower,sandy Loamy soil
55733,0.8110716651870262,1.4177413322789671,1.4291229942969927,1.114202454544477,0.11741814017708838,-0.720855212643963,-1.4939905678907253,-1.1128624185772928,1.062242045450058,0.727575051091482,-0.15650794577539473,-0.38680867378379774,14,cauliflower,sandy Loamy soil
55755,0.8110716651870262,1.4177413322789671,-1.1127094486959972,1.114202454544477,0.11741814017708838,-0.9268238849186661,-0.2656210624498323,-1.4196126653189753,1.2047574057803099,0.8813458516527314,-0.3664797944500016,0.00311985981785443,14,cauliflower,sandy Loamy soil
55800,0.8110716651870262,1.4177413322789671,-1.1127094486959972,-0.8975029591088394,0.11741814017708838,-0.966505922696361,-1.2551409418327741,-1.321385230406268,1.0492861036018535,1.1356590987347988,0.1876125839968774,-0.10620589726672092,14,cauliflower,sandy Loamy soil
55801,0.8110716651870262,1.4177413322789671,1.9374894828955906,1.114202454544477,-0.036457799358352465,-0.36182725179815056,0.877445005113221,-1.2419613330339936,1.044967456319119,0.5885899044303523,0.08262665965957418,-0.4560483199373621,14,cauliflower,sandy Loamy soil
55804,0.8110716651870262,1.4177413322789671,1.9374894828955906,-0.8975029591088394,-0.036457799358352465,-0.7567580087285444,-0.23149968729869652,-1.4145609686663216,1.0492861036018535,0.5146616349297514,-0.22649856200026383,0.028629203137588523,14,cauliflower,sandy Loamy soil
55810,0.8110716651870262,1.4177413322789671,1.9374894828955906,-0.8975029591088394,-0.036457799358352465,-0.25411886354440677,-0.3168031251765363,-1.2012671099987293,1.2263506421939845,0.03264931778583389,0.17594748129273283,-0.4268947847148088,14,cauliflower,sandy Loamy soil
55836,0.8110716651870262,1.4177413322789671,-1.1127094486959972,-0.8975029591088394,0.11741814017708838,-0.966505922696361,-3.234180700598657,-1.09181368252457,1.1831641693666353,1.079473613914342,0.0009709407305605154,-0.0005243320849648004,14,cauliflower,sandy Loamy soil
55841,0.8110716651870262,1.4177413322789671,1.4291229942969927,1.114202454544477,-0.036457799358352465,-0.36182725179815056,-0.9651092530481183,-1.2815329568131129,1.079516634580998,0.8665601977526113,-0.05152202143809151,-0.48884604706273466,14,cauliflower,sandy Loamy soil
55851,0.8110716651870262,1.4177413322789671,-1.1127094486959972,1.114202454544477,0.27129407971252784,-0.8947003305271986,-3.063573824842978,-1.1765699263635343,1.0492861036018535,1.0469451753340777,0.3450914705028327,-0.45969251184018134,14,cauliflower,sandy Loamy soil
55904,0.8110716651870262,1.4177413322789671,1.4291229942969927,-0.8975029591088394,0.11741814017708838,-0.9249342640721091,-0.5215313760833518,-1.1558018401248478,1.079516634580998,0.3579337035884777,-0.44230296202694275,-0.015101099696241462,14,cauliflower,sandy Loamy soil
55957,0.8110716651870262,1.4177413322789671,1.9374894828955906,1.114202454544477,0.27129407971252784,-0.8625767761357311,-1.7669615690998126,-1.2251223441918153,1.0665606927327933,0.24556273394756403,-0.2964891782251325,-0.22282003815693474,14,cauliflower,sandy Loamy soil
55967,0.8110716651870262,1.4177413322789671,1.4291229942969927,1.114202454544477,0.11741814017708838,-0.8342324634373774,-0.6238955015367591,-1.3278401761291032,1.2263506421939845,0.28696256486790067,0.4325797407839188,-0.32121321953305265,14,cauliflower,sandy Loamy soil
55974,0.8110716651870262,1.4177413322789671,-1.1127094486959972,-0.8975029591088394,-0.036457799358352465,-0.5451204739141706,-2.0569932578844683,-1.357869706230988,1.0406488090363837,0.7808034051319145,0.5433982164732946,-0.14629200819773194,14,cauliflower,sandy Loamy soil
55995,0.8110716651870262,1.4177413322789671,-1.1127094486959972,1.114202454544477,0.27129407971252784,-0.2597877260840777,-2.500571134849235,-1.3236304289185588,1.0751979872982627,1.0351166522139814,-0.43647041067487025,-0.1535803920033704,14,cauliflower,sandy Loamy soil
56010,0.8110716651870262,-1.0687588504872214,0.4123900170997968,-0.8975029591088394,-0.6519615575001118,-0.4922110902105773,-1.4257478175884537,-0.5832762194907837,-0.12970460458477534,0.2928768264279488,0.40341698402355675,-0.5690182689247567,41,small onion,sandy Loamy soil
56079,0.8110716651870262,-1.0687588504872214,-0.6043429600973992,1.114202454544477,0.11741814017708838,-0.5715751657659675,-0.0779534991185845,-0.45361600540601027,-0.05196895349554718,0.19529151068715578,-0.1856707025357568,-0.36129933046406343,41,small onion,sandy Loamy soil
56095,0.8110716651870262,-1.0687588504872214,0.4123900170997968,1.114202454544477,-0.8058374970355525,-0.6282637911626747,-0.5215313760833518,-0.43649636674979586,-0.0735621899092217,0.07404914870617012,0.11762196777200873,-0.5070670065768306,41,small onion,sandy Loamy soil
56112,0.8110716651870262,-1.0687588504872214,0.9207565056983947,-0.8975029591088394,0.5790459587834081,-0.701959004178394,-1.186898191530502,-0.6573677703963684,-0.0735621899092217,-0.22462106007625718,-0.05735457279016359,-0.5471531175078416,41,small onion,sandy Loamy soil
56134,0.8110716651870262,-1.0687588504872214,-0.6043429600973992,-0.8975029591088394,-0.8058374970355525,-0.49976957359680474,-0.3168031251765363,-0.49599412732549253,-0.2592640230668225,0.017863663885713716,-0.28482407552098793,-0.5216437741881075,41,small onion,sandy Loamy soil
56166,0.8110716651870262,-1.0687588504872214,-1.621075937294595,-0.8975029591088394,-0.3442096784292314,-0.7000693833318371,-0.4191672506299437,-0.5922570135399456,-0.01741977523366806,-0.2127925369561613,0.5433982164732946,-0.3139248357274142,41,small onion,sandy Loamy soil
56176,0.8110716651870262,-1.0687588504872214,-1.621075937294595,-0.8975029591088394,0.4251700192479687,-0.4449705690466546,-1.4257478175884537,-0.5358464009186481,0.06031587585556011,0.2928768264279488,-0.09234988090259813,-0.5216437741881075,41,small onion,sandy Loamy soil
56184,0.8110716651870262,-1.0687588504872214,-0.6043429600973992,-0.8975029591088394,0.4251700192479687,-0.5659063032262965,-0.3850458754788079,-0.6483869763472068,-0.00014518610272819458,-0.5706053613390693,-0.3548146917458566,-0.4487599361317239,41,small onion,sandy Loamy soil
56208,0.8110716651870262,-1.0687588504872214,-0.09597647149880119,-0.8975029591088394,-0.8058374970355525,-0.5677959240728536,-1.1186554412282304,-0.5125524663536345,-0.18584701926032898,0.24851986472758833,0.1351196218282258,-0.5398647337022033,41,small onion,sandy Loamy soil
56250,0.8110716651870262,-1.0687588504872214,0.4123900170997968,-0.8975029591088394,-0.19033373889379193,-0.6641665872472557,-0.9821699406236866,-0.6236897927120116,-0.06060624806101711,-0.49371996105844457,0.15261727588444285,-0.3430783709499675,41,small onion,sandy Loamy soil
56266,0.8110716651870262,-1.0687588504872214,-1.621075937294595,-0.8975029591088394,-0.49808561796467227,-0.4430809482000975,-0.8286237524435751,-0.5717695771152951,-0.12970460458477534,-0.552862576658925,0.6367190381064531,0.00311985981785443,41,small onion,sandy Loamy soil
56300,0.8110716651870262,-1.0687588504872214,0.4123900170997968,-0.8975029591088394,-0.036457799358352465,-0.4600875358191098,-1.0162913157748223,-0.5366883503607569,0.06031587585556011,-0.5380769227588049,-0.01069416197358447,-0.4268947847148088,41,small onion,sandy Loamy soil
56328,0.8110716651870262,-1.0687588504872214,-0.09597647149880119,-0.8975029591088394,0.27129407971252784,-0.69817976248528,-0.11207487426972029,-0.47747123959909626,-0.013101127950932786,-0.5617339689989973,0.21094278940516697,-0.0005243320849648004,41,small onion,sandy Loamy soil
56332,0.8110716651870262,-1.0687588504872214,0.9207565056983947,-0.8975029591088394,0.5790459587834081,-0.5621270615331829,-0.009710748816312897,-0.3865406998513332,-0.07788083719195636,0.43186197308907853,0.39175188131941174,-0.5835950365360334,41,small onion,sandy Loamy soil
56355,0.8110716651870262,-1.0687588504872214,0.4123900170997968,1.114202454544477,-0.6519615575001118,-0.47142526089845116,-0.09501418669415271,-0.44295131247263075,0.14237017422752354,-0.1802640983758967,0.5025703570087875,-0.33943417904714857,41,small onion,sandy Loamy soil
56369,0.8110716651870262,-1.0687588504872214,-0.6043429600973992,1.114202454544477,-0.49808561796467227,-0.6660562080938128,-0.026771436391880492,-0.4362157169357595,-0.10379272088836615,-0.4316202146779396,-0.4131402052665807,0.10151304119397209,41,small onion,sandy Loamy soil
56377,0.8110716651870262,-1.0687588504872214,0.9207565056983947,1.114202454544477,-0.19033373889379193,-0.40717815211551645,-1.4939905678907253,-0.5894505153995826,0.11645829053111435,-0.5232912688586847,0.45590994619220837,-0.4487599361317239,41,small onion,sandy Loamy soil
56392,0.8110716651870262,-1.0687588504872214,0.9207565056983947,-0.8975029591088394,-0.3442096784292314,-0.433632843967313,-0.026771436391880492,-0.461474200199027,-0.18584701926032898,0.5412758119499674,-0.23233111335233592,-0.40502963329789365,41,small onion,sandy Loamy soil
56443,0.8110716651870262,-1.0687588504872214,-0.09597647149880119,1.114202454544477,0.27129407971252784,-0.4355224648138701,-0.3338638127521039,-0.5675598299047505,-0.04333165893007724,-0.11816435199539212,0.44424484348806337,-0.08069655394698683,41,small onion,sandy Loamy soil
56458,0.8110716651870262,-1.0687588504872214,-0.09597647149880119,-0.8975029591088394,0.11741814017708838,-0.7057382458715078,-0.7774416897168711,-0.41993802772165356,-0.02173842251640272,-0.36656333751741077,0.1934451353489499,-0.09891751346108273,41,small onion,sandy Loamy soil
56470,0.8110716651870262,-1.0687588504872214,0.4123900170997968,-0.8975029591088394,0.11741814017708838,-0.6452703787816867,-0.5556527512344875,-0.5919763637259092,0.02144805031094633,0.0651777563660981,-0.07485222684638107,-0.22282003815693474,41,small onion,sandy Loamy soil
56507,0.8110716651870262,-1.0687588504872214,0.9207565056983947,1.114202454544477,0.5790459587834081,-0.4260743605810855,-1.1698375039549345,-0.6590516692805863,-0.03901301164734258,0.18937724912710763,0.5900586272898737,-0.13900362439209374,41,small onion,sandy Loamy soil
56520,0.8110716651870262,-1.0687588504872214,0.4123900170997968,-0.8975029591088394,-0.49808561796467227,-0.4865422276709066,-0.2826817500253999,-0.42077997716376264,0.04735993400735551,0.17459159522698744,0.39758443267148424,0.006764051720673401,41,small onion,sandy Loamy soil
56546,0.8110716651870262,-1.0687588504872214,-1.621075937294595,-0.8975029591088394,-0.036457799358352465,-0.49976957359680474,-0.026771436391880492,-0.4724195429464429,0.012810755745476398,-0.47006291481825196,0.2051102380530949,-0.4924902389655539,41,small onion,sandy Loamy soil
56592,0.8110716651870262,-1.0687588504872214,0.9207565056983947,-0.8975029591088394,-0.6519615575001118,-0.4185158771948578,-0.5215313760833518,-0.5361270507326844,-0.08651813175742629,-0.4789343071583244,0.05346390289921213,-0.29205968431049906,41,small onion,sandy Loamy soil
56621,0.8110716651870262,-1.0687588504872214,-1.621075937294595,1.114202454544477,-0.6519615575001118,-0.3882819436499474,-0.7433203145657353,-0.40927333478827405,-0.06060624806101711,0.4614332808893189,0.1351196218282258,-0.13171524058645528,41,small onion,sandy Loamy soil
56629,0.8110716651870262,-1.0687588504872214,-0.6043429600973992,1.114202454544477,0.11741814017708838,-0.720855212643963,0.0073499387592553065,-0.6048862551715793,-0.04333165893007724,-0.33403489893714655,0.40341698402355675,-0.18637811912874294,41,small onion,sandy Loamy soil
56652,0.8110716651870262,-1.0687588504872214,0.9207565056983947,-0.8975029591088394,-0.19033373889379193,-0.6679458289403697,0.024410626334822903,-0.5577370864134799,-0.2074402556740035,0.13023463352662695,-0.25566131876062587,-0.12442685678081682,41,small onion,sandy Loamy soil
56715,0.8110716651870262,-1.0687588504872214,0.4123900170997968,1.114202454544477,-0.036457799358352465,-0.5451204739141706,-0.3168031251765363,-0.4670871964797531,-0.1469791937157152,-0.27784941411668973,0.28093340563003605,-0.27019453289358397,41,small onion,sandy Loamy soil
56725,0.8110716651870262,-1.0687588504872214,0.4123900170997968,1.114202454544477,-0.19033373889379193,-0.516776161215817,-0.6750775642634631,-0.4788744886692778,0.1466888215102582,-0.1743498368158485,0.4209146380797738,-0.5179995822852882,41,small onion,sandy Loamy soil
56732,0.8110716651870262,-1.0687588504872214,0.9207565056983947,-0.8975029591088394,-0.3442096784292314,-0.6849524165593819,-0.0608928115430169,-0.4213412767918351,-0.24630808121861789,-0.626790846159526,0.6892120002751048,-0.14993620010055117,41,small onion,sandy Loamy soil
56742,0.8110716651870262,-1.0687588504872214,0.9207565056983947,-0.8975029591088394,0.27129407971252784,-0.3901715644965042,-1.3745657548617498,-0.6486676261612428,-0.03901301164734258,0.13023463352662695,0.1817800326448049,0.10151304119397209,41,small onion,sandy Loamy soil
56743,0.8110716651870262,-1.0687588504872214,-0.09597647149880119,1.114202454544477,-0.9597134365709921,-0.5885817533849794,-0.2485603748742641,-0.606570154055797,0.14237017422752354,-0.08859304419515178,0.21094278940516697,-0.24832938147666908,41,small onion,sandy Loamy soil
56778,0.8110716651870262,-1.0687588504872214,-0.09597647149880119,-0.8975029591088394,-0.8058374970355525,-0.6263741703161176,-1.3916264424373173,-0.49487152806934737,-0.1340232518675106,0.08587767182626642,-0.4772982701393773,0.0650711221657803,41,small onion,sandy Loamy soil
56786,0.8110716651870262,-1.0687588504872214,-1.621075937294595,-0.8975029591088394,0.27129407971252784,-0.6830627957128249,-0.1632569369964243,-0.49150373030091155,-0.06924354262648703,0.5383186811699436,-0.4656331674352323,-0.08434074584980605,41,small onion,sandy Loamy soil
56792,0.8110716651870262,-1.0687588504872214,0.9207565056983947,-0.8975029591088394,-0.036457799358352465,-0.5829128908453088,-1.1527768163793661,-0.4499675578235384,-0.12970460458477534,0.2633055186277085,0.012636043434705087,-0.3685877142697019,41,small onion,sandy Loamy soil
56803,0.8110716651870262,-1.0687588504872214,-0.09597647149880119,1.114202454544477,-0.19033373889379193,-0.4865422276709066,-0.29974243760096814,-0.458667702058664,0.14237017422752354,-0.15364992135568062,0.6600492435147427,0.006764051720673401,41,small onion,sandy Loamy soil
56883,0.8110716651870262,-1.0687588504872214,-0.09597647149880119,1.114202454544477,-0.036457799358352465,-0.6717250706334835,-0.8968665027458468,-0.5268656068694861,-0.15561648828118513,0.5087473733697032,0.5025703570087875,-0.5216437741881075,41,small onion,sandy Loamy soil
56894,0.8110716651870262,-1.0687588504872214,-0.6043429600973992,-0.8975029591088394,-0.8058374970355525,-0.701959004178394,-0.0779534991185845,-0.6130250997786322,0.0862277595519699,0.22486281848739612,-0.4248053079707257,-0.2556177652823073,41,small onion,sandy Loamy soil
56900,0.8110716651870262,-1.0687588504872214,0.4123900170997968,-0.8975029591088394,-0.9597134365709921,-0.6528288621679145,-0.09501418669415271,-0.5083427191430899,0.12941423237931896,0.07404914870617012,0.3100961623903981,-0.06611978633571017,41,small onion,sandy Loamy soil
