source_row_id,SOIL,SEASON,SOWN,WATER_SOURCE,SOIL_PH,CROPDURATION,TEMP,WATERREQUIRED,RELATIVE_HUMIDITY,N,P,K,target,crop_label,SOIL_raw
1,-1.100063855269374,0.17449124089587287,-0.6043429600973992,1.114202454544477,-0.6519615575001118,0.16159772269811293,1.8840255720717305,0.9827497428318032,-0.4449658562244236,0.2721769109677805,0.1817800326448049,-0.3795202899781593,39,rice,Loamy soil
23,-1.291177407315014,0.17449124089587287,-0.6043429600973992,1.114202454544477,-0.9597134365709921,0.4790540249196731,1.730479383891619,0.27831870960067534,0.37557712749520866,0.11544897962650677,0.39175188131941174,-0.12807104868363606,39,rice,Clay soil
59,-1.291177407315014,0.17449124089587287,-0.6043429600973992,1.114202454544477,1.0406737773897279,0.4299238829091936,1.2527801317757166,1.6846549277366039,-0.008782480668198128,0.026735056225785737,0.40924953537562925,-0.5580856932162992,39,rice,Clay soil
73,-1.100063855269374,0.17449124089587287,-0.6043429600973992,1.114202454544477,-1.2674653156418723,0.17860431031712493,1.1333553187467404,3.7336792200156728,-0.4665590926380981,0.047434971685954064,0.520068011065005,0.07964788977705697,39,rice,Loamy soil
106,-1.100063855269374,0.17449124089587287,-0.09597647149880119,-0.8975029591088394,0.7329218983188477,0.40346919105739676,-0.009710748816312897,0.643163467847873,-0.34563696872152055,0.4111620576289102,0.3509240218549051,-0.4560483199373621,39,rice,Loamy soil
150,-1.482290959360654,0.17449124089587287,-0.09597647149880119,-0.8975029591088394,-1.1135893761064315,0.11246758068763316,0.16089612693936672,3.6082287531414443,0.31079741825418505,0.19824864146717966,0.5783935245857291,-0.04425463491879505,39,rice,Alluvial soil
151,-1.100063855269374,0.17449124089587287,-0.6043429600973992,1.114202454544477,1.0406737773897279,0.08223364714272274,0.604474003904134,3.4389969152775515,-0.2679013176322924,0.07109201792614625,0.44424484348806337,-0.24104099767103063,39,rice,Loamy soil
161,-1.291177407315014,0.17449124089587287,-0.6043429600973992,1.114202454544477,-0.036457799358352465,0.4582681956075472,0.31444231511947873,1.279115946454142,-0.013101127950932786,0.21007716458727596,0.1292870704761533,-0.30663645192177574,39,rice,Clay soil
174,-1.482290959360654,0.17449124089587287,-0.09597647149880119,-0.8975029591088394,-1.421341255177312,0.7171462515858439,1.935207634798435,0.6482151645005264,-0.2765386121977623,0.26921978018775666,0.08262665965957418,-0.3722319061725211,39,rice,Alluvial soil
178,-1.100063855269374,0.17449124089587287,-0.09597647149880119,-0.8975029591088394,1.1945497169251689,0.754938668516982,2.361724824187634,3.2015671726028367,0.172600705206668,0.31653387266814104,-0.05152202143809151,-0.28841549240767983,39,rice,Loamy soil
189,-1.482290959360654,0.17449124089587287,-0.6043429600973992,1.114202454544477,-2.190720952854512,0.3826833617452709,-0.6068348139611915,0.3086288895165963,-0.05196895349554718,0.16276307210689114,-0.43647041067487025,-0.5580856932162992,39,rice,Alluvial soil
206,-1.291177407315014,0.17449124089587287,-0.09597647149880119,-0.8975029591088394,0.11741814017708838,0.2882023194174255,2.464088949641042,3.532453303351642,0.22442447259948697,0.10953471806645862,0.44424484348806337,-0.08069655394698683,39,rice,Clay soil
213,-1.482290959360654,0.17449124089587287,-0.6043429600973992,1.114202454544477,1.5023015959960477,0.1842731728567956,-0.3338638127521039,2.6357771475056446,-0.12970460458477534,0.14206315664672284,0.3217612650945431,0.10880142499961055,39,rice,Alluvial soil
230,-1.291177407315014,0.17449124089587287,-0.09597647149880119,-0.8975029591088394,-2.190720952854512,0.6925811805806039,1.3210228820779881,2.440725526750412,0.22874311988222162,0.10953471806645862,-0.1798381511836843,0.05049435455450364,39,rice,Clay soil
261,-1.482290959360654,0.17449124089587287,-0.6043429600973992,1.114202454544477,-0.19033373889379193,0.6358925551838966,1.7646007590427555,0.38721083744676194,-0.06060624806101711,0.008992271545641278,-0.3664797944500016,0.05049435455450364,39,rice,Alluvial soil
354,-1.482290959360654,0.17449124089587287,-0.09597647149880119,-0.8975029591088394,-2.3445968923899527,0.3770144992056005,0.6215346914797015,1.3638721902931064,0.06463452313829537,0.10953471806645862,0.1409521731802983,-0.22646423005975397,39,rice,Alluvial soil
362,-1.291177407315014,0.17449124089587287,-0.09597647149880119,-0.8975029591088394,0.11741814017708838,0.278754215184641,-0.40210656305437614,0.3002093950955071,-0.19448431382579892,0.3845478806086937,-0.22066601064819133,-0.5216437741881075,39,rice,Clay soil
394,-1.100063855269374,0.17449124089587287,-0.09597647149880119,-0.8975029591088394,-0.8058374970355525,0.14270151423254385,0.877445005113221,0.7363392061079267,0.3410279492333289,0.0770062794861944,-0.19733580523990177,-0.4378273604232662,39,rice,Loamy soil
432,-1.482290959360654,0.17449124089587287,-0.09597647149880119,-0.8975029591088394,0.8867978378542885,0.6699057304219211,-0.23149968729869652,2.3829116650589333,-0.10811136817110081,0.34906231124840525,0.5550633191774396,-0.30299226001895674,39,rice,Alluvial soil
446,-1.291177407315014,0.17449124089587287,-0.09597647149880119,-0.8975029591088394,-2.190720952854512,0.6340029343373398,1.5598725081359395,0.8730156655436078,-0.15129784099844987,0.2041629030272278,-0.3489821403937841,-0.5070670065768306,39,rice,Clay soil
464,-1.291177407315014,0.17449124089587287,-0.09597647149880119,-0.8975029591088394,1.963929414602369,0.7265943558186284,0.28032093996834234,4.313501735814682,-0.23767078665314795,0.3549765728084534,0.2576032002217465,-0.007812715890603261,39,rice,Clay soil
490,-1.100063855269374,0.17449124089587287,-0.09597647149880119,-0.8975029591088394,0.8867978378542885,0.6982500431202748,-0.7945023772924388,2.4396029274942665,0.06463452313829537,0.006035140765617411,0.4267471894318463,-0.17180135151746628,39,rice,Loamy soil
512,-1.291177407315014,0.17449124089587287,-0.09597647149880119,-0.8975029591088394,0.11741814017708838,0.5565284796285067,0.7750808796598135,0.643163467847873,-0.2549453757840878,0.5501472042900399,-0.40730765391450824,-0.5580856932162992,39,rice,Clay soil
556,-1.100063855269374,0.17449124089587287,-0.09597647149880119,-0.8975029591088394,-1.2674653156418723,0.320325873808893,-0.5727134388100558,1.9557626480956758,-0.08651813175742629,0.11840611040653064,0.6600492435147427,0.07964788977705697,39,rice,Loamy soil
573,-1.482290959360654,0.17449124089587287,-0.6043429600973992,1.114202454544477,-0.49808561796467227,0.20505900216892176,-0.6409561891123273,3.3870766996808346,0.31511606553691973,0.1006633257263866,0.3450914705028327,-0.19731069483720037,39,rice,Alluvial soil
671,-1.291177407315014,0.17449124089587287,-0.6043429600973992,1.114202454544477,1.0406737773897279,0.22206558978793375,-0.3850458754788079,2.033221996769696,-0.22471484480494336,0.19529151068715578,0.5783935245857291,-0.20824327054565808,39,rice,Clay soil
680,-1.291177407315014,0.17449124089587287,-0.09597647149880119,-0.8975029591088394,0.27129407971252784,0.42236539952296587,-0.2485603748742641,0.2418342337759556,0.09918370140017449,0.3579337035884777,0.0651290056033567,-0.4924902389655539,39,rice,Clay soil
695,-1.291177407315014,0.17449124089587287,-0.6043429600973992,1.114202454544477,-0.6519615575001118,0.7171462515858439,1.0139305057177648,2.7648760619623456,-0.32404373230784606,0.07404914870617012,-0.31398683228135,-0.17180135151746628,39,rice,Clay soil
698,-1.291177407315014,0.17449124089587287,-0.09597647149880119,-0.8975029591088394,-0.8058374970355525,0.13136378915320224,0.8603843175376533,1.9347139120429528,-0.0735621899092217,-0.005793382354478895,-0.33731703768963955,-0.3722319061725211,39,rice,Clay soil
787,-1.100063855269374,0.17449124089587287,-0.6043429600973992,1.114202454544477,-1.8829690737836315,0.7436009434376402,-0.1461962494208567,4.2747720614776705,-0.43200991437621866,0.45551901932927075,-0.23233111335233592,-0.2373968057682114,39,rice,Loamy soil
798,-1.482290959360654,0.17449124089587287,-0.09597647149880119,-0.8975029591088394,-0.19033373889379193,0.09546099306862114,2.464088949641042,3.200725223160729,-0.34563696872152055,0.3993335345088139,-0.4772982701393773,-0.1754455434202855,39,rice,Alluvial soil
799,-1.100063855269374,0.17449124089587287,-0.6043429600973992,1.114202454544477,-1.421341255177312,0.2428514191000599,1.2186587566245801,0.13266145611583266,-0.3672302051351951,0.20712003380725166,0.6133888326981636,-0.08798493775262503,39,rice,Loamy soil
814,-1.100063855269374,0.17449124089587287,-0.09597647149880119,-0.8975029591088394,-1.2674653156418723,0.46393705814721814,2.174057260856386,3.5024237732497574,-0.25062672850135254,0.4259477115290304,-0.2381636647044084,-0.41960640090917034,39,rice,Loamy soil
817,-1.100063855269374,0.17449124089587287,-0.6043429600973992,1.114202454544477,0.7329218983188477,0.14459113507910065,0.7750808796598135,4.176263976750928,-0.4060980306798095,0.047434971685954064,0.21094278940516697,-0.28112710860204165,39,rice,Loamy soil
835,-1.100063855269374,0.17449124089587287,-0.6043429600973992,1.114202454544477,0.11741814017708838,0.7209254932789575,1.611054570862644,2.679839168309345,-0.36291155785246043,0.0770062794861944,-0.3898099998582912,-0.1790897353231045,39,rice,Loamy soil
866,-1.291177407315014,0.17449124089587287,-0.09597647149880119,-0.8975029591088394,-1.5752171947127527,0.36567677412625865,0.3485636902706145,2.922881907264786,-0.40177938339707453,0.4466476269891987,0.50840290836086,-0.05518721062725248,39,rice,Clay soil
875,-1.291177407315014,0.17449124089587287,-0.6043429600973992,1.114202454544477,-1.2674653156418723,0.2900919402639826,1.611054570862644,2.036870444352168,-0.2981318486114369,-0.014664774694550914,-0.2498287674085534,-0.5435089256050223,39,rice,Clay soil
938,-1.291177407315014,0.17449124089587287,-0.09597647149880119,-0.8975029591088394,0.27129407971252784,0.5130672001576977,1.2357194442001485,0.5311841920473866,-0.05196895349554718,-0.005793382354478895,-0.45980061608316025,0.09786884929115286,39,rice,Clay soil
979,-1.100063855269374,0.17449124089587287,-0.6043429600973992,1.114202454544477,-0.3442096784292314,0.754938668516982,2.5323316999433136,4.02723892549765,-0.3197250850251114,0.12136324118655492,-0.2964891782251325,-0.5908834203416719,39,rice,Loamy soil
982,-1.100063855269374,0.17449124089587287,-0.09597647149880119,-0.8975029591088394,0.27129407971252784,0.24663066079317375,0.5703526287529982,1.8364864771302458,-0.3974607361143396,0.25443412628763645,-0.21483345929611883,-0.10620589726672092,39,rice,Loamy soil
1039,1.3844123213239463,1.4177413322789671,1.9374894828955906,1.114202454544477,-0.8058374970355525,-0.4808733651312357,-0.4874100009322159,-0.8033056736952474,-0.6911287513403129,0.5501472042900399,0.1876125839968774,-0.2556177652823073,56,wheat,well-drained soil
1052,1.3844123213239463,1.4177413322789671,1.4291229942969927,-0.8975029591088394,0.5790459587834081,-0.46386677751222366,-0.6068348139611915,-0.7306173718598443,-0.48815232905177264,0.19824864146717966,-0.15650794577539473,-0.4414715523260854,56,wheat,well-drained soil
1062,1.3844123213239463,1.4177413322789671,-1.1127094486959972,-0.8975029591088394,-0.3442096784292314,-0.5337827488348293,-0.23149968729869652,-0.8198640127233895,-0.5097455654654471,0.7305321818715058,0.48507270295257043,-0.5653740770219374,56,wheat,well-drained soil
1108,1.3844123213239463,1.4177413322789671,1.9374894828955906,-0.8975029591088394,0.4251700192479687,-0.47142526089845116,-0.6238955015367591,-0.6907650982666887,-0.5313388018791216,0.93161707491314,-0.1215126376629602,-0.2155316543512963,56,wheat,well-drained soil
1142,1.3844123213239463,1.4177413322789671,1.4291229942969927,-0.8975029591088394,0.27129407971252784,-0.4600875358191098,-0.40210656305437614,-1.211931802932109,-0.6652168676439038,0.7127893971913618,-0.34314958904171206,-0.32121321953305265,56,wheat,well-drained soil
1147,1.3844123213239463,1.4177413322789671,1.9374894828955906,1.114202454544477,0.11741814017708838,-0.41284701465518714,-0.3679851879032397,-0.9175301480080241,-0.7299965768849274,0.6832180893911215,-0.4714657187873048,-0.44511574422890465,56,wheat,well-drained soil
1148,1.3844123213239463,1.4177413322789671,1.4291229942969927,-0.8975029591088394,0.27129407971252784,-0.3920611853430612,-0.45328862578107953,-0.7710309450810723,-0.7990949334086855,0.6536467815908811,0.22844044346138445,-0.14993620010055117,56,wheat,well-drained soil
1179,1.3844123213239463,1.4177413322789671,-1.1127094486959972,1.114202454544477,0.4251700192479687,-0.40528853126895936,-0.40210656305437614,-0.707323437294831,-0.7170406350367224,0.4496047577692226,-0.2673264214647704,-0.37587609807534034,56,wheat,well-drained soil
1289,1.3844123213239463,1.4177413322789671,1.4291229942969927,1.114202454544477,-0.19033373889379193,-0.4298536022741994,-0.23149968729869652,-0.701710441014105,-0.9070611154770581,0.39046214216874187,0.5025703570087875,-0.12442685678081682,56,wheat,well-drained soil
1291,1.3844123213239463,1.4177413322789671,1.9374894828955906,1.114202454544477,0.5790459587834081,-0.5451204739141706,-0.23149968729869652,-1.195654113718003,-0.5702066274237357,1.1149591832746304,0.27510085427796355,-0.03332205921033735,56,wheat,well-drained soil
1292,1.3844123213239463,1.4177413322789671,1.4291229942969927,-0.8975029591088394,-0.8058374970355525,-0.4468601898932114,-0.2144389997231283,-1.005654189615424,-0.8077322279741556,0.2633055186277085,0.2984310596862531,-0.28841549240767983,56,wheat,well-drained soil
1308,1.3844123213239463,1.4177413322789671,-1.1127094486959972,-0.8975029591088394,0.4251700192479687,-0.5507893364538413,-0.4191672506299437,-0.8409127487761123,-0.6781728094921083,0.7985461898120586,0.16428237858858785,-0.49977862277119234,56,wheat,well-drained soil
1327,1.3844123213239463,1.4177413322789671,1.9374894828955906,1.114202454544477,0.5790459587834081,-0.4884318485174634,-0.5044706885077835,-0.9324045881519482,-0.6695355149266384,-0.014664774694550914,-0.2673264214647704,-0.03696625111315659,56,wheat,well-drained soil
1384,1.3844123213239463,1.4177413322789671,1.9374894828955906,-0.8975029591088394,-0.6519615575001118,-0.4411913273535407,-0.3679851879032397,-1.0511194594893056,-0.5529320382927961,0.585632773650328,0.3042636110383256,-0.3175690276302334,56,wheat,well-drained soil
1416,1.3844123213239463,1.4177413322789671,-1.1127094486959972,-0.8975029591088394,-0.49808561796467227,-0.45063943158632525,-0.2144389997231283,-0.940543432759001,-0.8206881698223601,0.8103747129321549,0.10595686506786374,-0.5070670065768306,56,wheat,well-drained soil
1424,1.3844123213239463,1.4177413322789671,1.4291229942969927,-0.8975029591088394,0.11741814017708838,-0.5035488152899187,-0.5556527512344875,-1.1729214787810625,-0.7602271078640715,0.8044604513721068,0.5492307678253671,-0.08434074584980605,56,wheat,well-drained soil
1437,1.3844123213239463,1.4177413322789671,-1.1127094486959972,1.114202454544477,0.27129407971252784,-0.41662625634830097,-0.5556527512344875,-1.2082833553496368,-0.8638746426497091,0.3668050959285497,0.6367190381064531,0.03227339504040776,56,wheat,well-drained soil
1445,1.3844123213239463,1.4177413322789671,1.4291229942969927,1.114202454544477,-0.036457799358352465,-0.4185158771948578,-0.4362279382055119,-0.8830102208815582,-0.8206881698223601,0.5885899044303523,0.5608958705295116,-0.19731069483720037,56,wheat,well-drained soil
1489,1.3844123213239463,1.4177413322789671,1.9374894828955906,1.114202454544477,-0.19033373889379193,-0.42040549804141486,-0.1973783121475601,-1.006215489243497,-0.5788439219892056,0.020820794665737583,0.006803492082632595,-0.10985008916954016,56,wheat,well-drained soil
1552,1.3844123213239463,1.4177413322789671,1.9374894828955906,-0.8975029591088394,-0.49808561796467227,-0.42229511888797167,-0.5044706885077835,-0.9512081256923808,-0.5831625692719403,0.8813458516527314,-0.27899152416891543,-0.35036675475560597,56,wheat,well-drained soil
1554,1.3844123213239463,1.4177413322789671,-1.1127094486959972,-0.8975029591088394,0.5790459587834081,-0.45063943158632525,-0.18031762457199252,-0.9545759234608162,-0.7731830497122764,1.0646879600142216,-0.3839774485062187,-0.28841549240767983,56,wheat,well-drained soil
1561,1.3844123213239463,1.4177413322789671,1.9374894828955906,1.114202454544477,0.4251700192479687,-0.39395080618961803,-0.6409561891123273,-1.1796570743179338,-0.794776286125951,0.18642011834708333,-0.2964891782251325,-0.5726624608275759,56,wheat,well-drained soil
1644,1.3844123213239463,1.4177413322789671,-1.1127094486959972,-0.8975029591088394,0.27129407971252784,-0.5470100947607275,-0.4191672506299437,-0.8254770090041156,-0.8077322279741556,1.079473613914342,0.5842260759378015,-0.20459907864283886,56,wheat,well-drained soil
1654,1.3844123213239463,1.4177413322789671,1.9374894828955906,-0.8975029591088394,-0.49808561796467227,-0.4959903319036912,-0.5385920636589193,-1.1159495665316923,-0.5658879801410008,0.21007716458727596,0.5317331137691496,-0.029677867307518382,56,wheat,well-drained soil
1703,1.3844123213239463,1.4177413322789671,1.4291229942969927,1.114202454544477,-0.8058374970355525,-0.47142526089845116,-0.1632569369964243,-1.1044429241562037,-0.8379627589533,0.26921978018775666,0.6133888326981636,0.03227339504040776,56,wheat,well-drained soil
1711,1.3844123213239463,1.4177413322789671,1.9374894828955906,1.114202454544477,-0.8058374970355525,-0.39584042703617484,-0.5215313760833518,-0.7749600424775805,-0.5702066274237357,0.7482749665516499,0.6542166921626702,-0.4669808956458198,56,wheat,well-drained soil
1747,1.3844123213239463,1.4177413322789671,1.9374894828955906,1.114202454544477,0.4251700192479687,-0.4430809482000975,-0.6068348139611915,-0.890868415674575,-0.8466000535187695,0.49987598102963127,-0.44230296202694275,-0.5325763498965649,56,wheat,well-drained soil
1763,1.3844123213239463,1.4177413322789671,1.4291229942969927,1.114202454544477,-0.19033373889379193,-0.3901715644965042,-0.45328862578107953,-0.9124784513553704,-0.6565795730784338,0.9700597750534524,0.6133888326981636,-0.23375261386539217,56,wheat,well-drained soil
1764,1.3844123213239463,1.4177413322789671,-1.1127094486959972,-0.8975029591088394,-0.6519615575001118,-0.4600875358191098,-0.3679851879032397,-0.9371756349905654,-0.7127219877539874,1.1386162295148226,0.11762196777200873,-0.6018159960501293,56,wheat,well-drained soil
1774,1.3844123213239463,1.4177413322789671,1.9374894828955906,-0.8975029591088394,-0.49808561796467227,-0.5073280569830325,-0.5385920636589193,-0.9102332528430801,-0.7386338714503969,0.1598059413268673,-0.004861610621511978,-0.4013854413950744,56,wheat,well-drained soil
1779,1.3844123213239463,1.4177413322789671,-1.1127094486959972,1.114202454544477,0.11741814017708838,-0.40906777296207325,-0.5215313760833518,-0.8611195353867265,-0.7170406350367224,0.6891323509511692,-0.23233111335233592,-0.2738387247964032,56,wheat,well-drained soil
1795,1.3844123213239463,1.4177413322789671,1.9374894828955906,1.114202454544477,0.4251700192479687,-0.3769442185706058,-0.29974243760096814,-0.6893618491965072,-0.6738541622093734,0.22486281848739612,0.263435751573819,-0.10256170536390195,56,wheat,well-drained soil
1797,1.3844123213239463,1.4177413322789671,-1.1127094486959972,1.114202454544477,-0.036457799358352465,-0.5148865403692603,-0.5727134388100558,-0.8072347710917557,-0.5917998638374102,1.0913021370344382,-0.22649856200026383,0.035917586943226984,56,wheat,well-drained soil
1825,1.3844123213239463,1.4177413322789671,1.9374894828955906,1.114202454544477,-0.6519615575001118,-0.5129969195227032,-0.3338638127521039,-0.7482983101441314,-0.8120508752568905,0.16572020288691544,0.3100961623903981,-0.47426927945145797,56,wheat,well-drained soil
1843,1.3844123213239463,1.4177413322789671,1.9374894828955906,1.114202454544477,-0.036457799358352465,-0.46575639835878047,-0.2485603748742641,-1.1782538252477521,-0.9113797627597932,0.6063326891104963,0.32759381644661517,-0.3430783709499675,56,wheat,well-drained soil
1860,1.3844123213239463,1.4177413322789671,-1.1127094486959972,-0.8975029591088394,0.11741814017708838,-0.45063943158632525,-0.3338638127521039,-0.9596276201134699,-0.5615693328582658,1.0469451753340777,-0.3781448971541462,0.05049435455450364,56,wheat,well-drained soil
1873,1.3844123213239463,1.4177413322789671,1.9374894828955906,1.114202454544477,-0.49808561796467227,-0.5054384361364757,-0.3679851879032397,-0.7499822090283493,-0.8681932899324442,1.0676450907942459,0.012636043434705087,-0.3321457952415101,56,wheat,well-drained soil
1935,1.3844123213239463,1.4177413322789671,-1.1127094486959972,1.114202454544477,-0.6519615575001118,-0.46953564005189435,-0.3168031251765363,-0.8047089227654289,-0.881149231780649,0.8015033205920828,-0.22066601064819133,-0.2155316543512963,56,wheat,well-drained soil
1985,1.3844123213239463,1.4177413322789671,1.4291229942969927,1.114202454544477,-0.3442096784292314,-0.4279639814276423,-0.2826817500253999,-1.0426999650682165,-0.5270201545963867,0.12432037196657879,-0.1798381511836843,-0.21917584625411551,56,wheat,well-drained soil
1998,1.3844123213239463,1.4177413322789671,-1.1127094486959972,-0.8975029591088394,-0.49808561796467227,-0.5451204739141706,-0.4703493133566477,-0.7850634357828876,-0.6393049839474942,1.1179163140546542,-0.16817304847953973,-0.22282003815693474,56,wheat,well-drained soil
2027,-1.0045070792465538,0.17449124089587287,-0.6043429600973992,1.114202454544477,0.11741814017708838,-0.02547474111102105,0.2461995648172065,-0.8827295710675223,0.1855566470548726,2.1706548717432104,1.5874249084942564,1.1036658144692464,29,maize,Red soil
2040,-1.0045070792465538,0.17449124089587287,-0.09597647149880119,-0.8975029591088394,-1.421341255177312,-0.0613775371956024,-0.9992306281992548,-0.568963078974932,0.11645829053111435,1.354486776456577,1.0216674273432325,0.5533928371435501,29,maize,Red soil
2043,-1.0045070792465538,0.17449124089587287,-0.6043429600973992,1.114202454544477,-0.8058374970355525,-0.050039812116260796,-0.5215313760833518,-0.5964667607504902,0.06031587585556011,1.9518271940214325,1.8673873733937318,1.1619728849143531,29,maize,Red soil
2045,-1.0045070792465538,0.17449124089587287,-0.6043429600973992,1.114202454544477,-1.421341255177312,-0.04626057042314692,-0.29974243760096814,-1.0665551992613025,0.5180924878254604,1.4313721767372016,1.1966439679054046,0.8194188460493501,29,maize,Red soil
2097,-1.0045070792465538,0.17449124089587287,-0.6043429600973992,1.114202454544477,-0.9597134365709921,-0.014137016031679708,-0.1291355618452885,-0.7485789599581678,0.2805668872750406,2.7147669352676327,1.7390712436481386,0.17439687925035566,29,maize,Red soil
2104,-1.0045070792465538,0.17449124089587287,-0.09597647149880119,-0.8975029591088394,-0.19033373889379193,-0.0783841248146144,0.024410626334822903,-0.28410351772808157,0.10782099596564443,2.0819409483424893,1.0333325300473772,1.1984148039425448,29,maize,Red soil
2163,-1.0045070792465538,0.17449124089587287,-0.6043429600973992,1.114202454544477,-1.421341255177312,-0.07082564142838693,-0.1461962494208567,-1.0289481241804372,0.479224662280846,2.1085551253627055,1.914047784210311,0.7246698565760517,29,maize,Red soil
2171,-1.0045070792465538,0.17449124089587287,-0.6043429600973992,1.114202454544477,-0.6519615575001118,-0.08216336650772828,-0.23149968729869652,-1.055048556885814,-0.24198943393588324,1.1534018834149427,1.2083090706095496,0.2363481415982818,29,maize,Red soil
2221,-1.0045070792465538,0.17449124089587287,-0.6043429600973992,1.114202454544477,-0.6519615575001118,-0.012247395185122639,-0.7774416897168711,-0.9290367903835127,-0.42769126709348404,2.1529120870630662,2.415647200488538,0.6335650590055721,29,maize,Red soil
2256,-1.0045070792465538,0.17449124089587287,-0.09597647149880119,-0.8975029591088394,0.5790459587834081,-0.027364361957577847,-0.4362279382055119,-0.351459473096795,-0.19016566654306424,1.182973191215183,1.4357785733403732,0.2727900606264733,29,maize,Red soil
2335,-1.0045070792465538,0.17449124089587287,-0.6043429600973992,1.114202454544477,-0.6519615575001118,-0.00657853264545197,-0.2826817500253999,-0.7174268306001378,0.16396341064119807,2.658581450447176,1.0274999786953045,0.4841531909899861,29,maize,Red soil
2340,-1.0045070792465538,0.17449124089587287,-0.09597647149880119,-0.8975029591088394,-0.19033373889379193,-0.0783841248146144,-0.3850458754788079,-0.3186234448545474,0.4187636003225577,2.3066828876243166,0.7592026164999739,0.45864384767025174,29,maize,Red soil
2377,-1.0045070792465538,0.17449124089587287,-0.6043429600973992,1.114202454544477,-1.1135893761064315,-0.01980587857135038,0.3656243778461821,-0.7163042313439927,0.5483230188046049,2.794609466328282,1.336625200355142,1.0089168249959475,29,maize,Red soil
2379,-1.0045070792465538,0.17449124089587287,-0.6043429600973992,1.114202454544477,-0.8058374970355525,-0.0783841248146144,-0.7433203145657353,-0.7126557837615208,-0.15129784099844987,1.4639006153174667,0.7708677192041185,0.33474132297439946,29,maize,Red soil
2385,-1.0045070792465538,0.17449124089587287,-0.6043429600973992,1.114202454544477,-0.19033373889379193,-0.07460488312150054,-0.4191672506299437,-1.0803070401490815,-0.12970460458477534,2.8803662589489787,1.35412285441136,0.7611117756042435,29,maize,Red soil
2405,-1.0045070792465538,0.17449124089587287,-0.6043429600973992,1.114202454544477,-1.421341255177312,-0.07271526227494374,0.09265337663709511,-0.8995685599097005,0.017129403028211056,1.8128420473603022,1.2316392760178387,0.13066657641652568,29,maize,Red soil
2412,-1.0045070792465538,0.17449124089587287,-0.09597647149880119,-0.8975029591088394,0.5790459587834081,-0.00468891179889517,-0.4703493133566477,-0.41011528423038285,-0.004463833385463468,1.9340844093412874,0.7592026164999739,0.6955163213534983,29,maize,Red soil
2418,-1.0045070792465538,0.17449124089587287,-0.09597647149880119,-0.8975029591088394,0.27129407971252784,-0.0009096701057813012,-0.5556527512344875,-0.9834828543065559,-0.03469436436460731,2.3451255877646284,1.896550130154094,0.6408534428112106,29,maize,Red soil
2421,-1.0045070792465538,0.17449124089587287,-0.6043429600973992,1.114202454544477,0.4251700192479687,-0.031143603650691715,-0.009710748816312897,-0.8543839398498553,0.3453465965160642,2.191354787203379,1.1441510057367525,1.194770612039726,29,maize,Red soil
2451,-1.0045070792465538,0.17449124089587287,-0.6043429600973992,1.114202454544477,-1.1135893761064315,0.002869571587332568,0.07559268906152691,-1.0842361375455898,0.09918370140017449,1.7418709086397253,1.0741603895118836,0.586190564268923,29,maize,Red soil
2504,-1.0045070792465538,0.17449124089587287,-0.09597647149880119,-0.8975029591088394,-0.8058374970355525,-0.029253982804134916,-0.1291355618452885,-0.5742954254416218,-0.2851759067632323,2.723638327607705,0.817528130020698,0.40033677722514455,29,maize,Red soil
2507,-1.0045070792465538,0.17449124089587287,-0.6043429600973992,1.114202454544477,0.27129407971252784,-0.05570867465593146,-0.9992306281992548,-0.9677664647205227,0.2805668872750406,1.514171838577875,0.8116955786686255,0.6226324832971147,29,maize,Red soil
2544,-1.0045070792465538,0.17449124089587287,-0.09597647149880119,-0.8975029591088394,-1.421341255177312,-0.008468153492008771,-0.8968665027458468,-0.6764519577508374,0.012810755745476398,2.4515822958454936,1.0566627354556666,1.1729054606228104,29,maize,Red soil
2585,-1.0045070792465538,0.17449124089587287,-0.6043429600973992,1.114202454544477,-0.49808561796467227,0.002869571587332568,-0.8627451275947109,-0.5282688559396677,-0.22471484480494336,1.2569014607157838,1.371620508467577,0.589834756171742,29,maize,Red soil
2610,-1.0045070792465538,0.17449124089587287,-0.09597647149880119,-0.8975029591088394,-0.6519615575001118,-0.0613775371956024,0.2461995648172065,-0.9049009063763903,-0.2938132013287016,1.8512847475006151,1.0566627354556666,0.917812027425468,29,maize,Red soil
2615,-1.0045070792465538,0.17449124089587287,-0.6043429600973992,1.114202454544477,-1.1135893761064315,-0.0027992909523381015,0.041471313910391105,-0.9742214104433576,-0.1253859573020407,1.6383713313388841,1.3016298922427079,0.5060183424069009,29,maize,Red soil
2629,-1.0045070792465538,0.17449124089587287,-0.6043429600973992,1.114202454544477,0.27129407971252784,-0.05570867465593146,-0.6750775642634631,-0.9172494981939877,-0.280857259480497,1.9370415401213121,2.001536054491397,0.8194188460493501,29,maize,Red soil
2654,-1.0045070792465538,0.17449124089587287,-0.09597647149880119,-0.8975029591088394,-0.9597134365709921,-0.023585120264464247,-0.2656210624498323,-0.573453475999513,-0.21175890295673877,1.6383713313388841,2.019033708547614,0.5606812209491886,29,maize,Red soil
2658,-1.0045070792465538,0.17449124089587287,-0.09597647149880119,-0.8975029591088394,0.11741814017708838,0.0009799507407757676,0.26326025239277473,-0.685432751799999,-0.15561648828118513,1.3456153841165048,1.6165876652546183,0.6335650590055721,29,maize,Red soil
2703,-1.0045070792465538,0.17449124089587287,-0.6043429600973992,1.114202454544477,0.4251700192479687,-0.07649450396805761,-0.3338638127521039,-0.5563338373432983,0.1985125889030772,2.4870678652057823,1.4066158165800111,1.0672238954410547,29,maize,Red soil
2707,-1.0045070792465538,0.17449124089587287,-0.6043429600973992,1.114202454544477,0.4251700192479687,-0.00468891179889517,0.28032093996834234,-0.6958167949193425,0.5958281389146886,2.543253350026239,1.2433043787219837,1.0562913197325967,29,maize,Red soil
2772,-1.0045070792465538,0.17449124089587287,-0.09597647149880119,-0.8975029591088394,-0.8058374970355525,-0.05381905380937466,-0.1291355618452885,-1.0297900736225465,0.172600705206668,1.4757291384375621,2.1765125950535693,0.491441574795624,29,maize,Red soil
2774,-1.0045070792465538,0.17449124089587287,-0.09597647149880119,-0.8975029591088394,0.11741814017708838,0.002869571587332568,-0.11207487426972029,-1.0404547665559258,0.41012630575708775,2.6526671888871283,1.4357785733403732,1.0818006630523311,29,maize,Red soil
2803,-1.0045070792465538,0.17449124089587287,-0.6043429600973992,1.114202454544477,-0.036457799358352465,-0.042481328730033324,-0.6580168766878955,-0.3618435162161384,-0.30245049589417156,1.2362015452556157,1.0333325300473772,0.9906958654818515,29,maize,Red soil
2827,-1.0045070792465538,0.17449124089587287,-0.6043429600973992,1.114202454544477,-0.8058374970355525,-0.03492284534380558,-0.45328862578107953,-0.7337045198142437,-0.06492489534375176,1.2983012916361205,1.0274999786953045,1.180193844428449,29,maize,Red soil
2869,-1.0045070792465538,0.17449124089587287,-0.6043429600973992,1.114202454544477,-1.729093134248192,-0.042481328730033324,-0.35092450032767214,-0.6133057495926686,0.5785535497837486,2.318511410744412,1.2841322381864908,0.7793327351183393,29,maize,Red soil
2896,-1.0045070792465538,0.17449124089587287,-0.09597647149880119,-0.8975029591088394,-1.1135893761064315,-0.03492284534380558,0.16089612693936672,-0.3682984619389733,0.4317195421707623,1.7862278703400858,2.118187081532845,1.0818006630523311,29,maize,Red soil
2920,-1.0045070792465538,0.17449124089587287,-0.09597647149880119,-0.8975029591088394,-1.5752171947127527,-0.05948791634904533,-1.0162913157748223,-0.9063041554465718,0.5569603133700741,2.6408386657670317,1.5640947030859664,0.7064488970619558,29,maize,Red soil
2955,-1.0045070792465538,0.17449124089587287,-0.6043429600973992,1.114202454544477,-0.19033373889379193,-0.06893602058182988,0.024410626334822903,-0.8344578030532774,-0.336999674156051,2.084898079122514,1.9898709517872522,0.40033677722514455,29,maize,Red soil
2963,-1.0045070792465538,0.17449124089587287,-0.6043429600973992,1.114202454544477,-1.421341255177312,-0.027364361957577847,0.21207818966607073,-0.37952445450042555,-0.06924354262648703,2.2711973182640275,2.2056753518139316,0.571613796657646,29,maize,Red soil
3006,-1.100063855269374,0.17449124089587287,-0.09597647149880119,-0.8975029591088394,0.5790459587834081,-0.18987175476147206,-1.4086871300128856,-1.1325079055598344,1.1011098709946725,-0.6120051922594058,-0.45980061608316025,-0.2592619571851265,43,sorghum,Loamy soil
3055,-1.100063855269374,0.17449124089587287,-0.6043429600973992,1.114202454544477,-0.19033373889379193,-0.20876796322704114,2.5323316999433136,-1.1737634282231713,1.131340401973817,-0.5469483150988771,0.11762196777200873,-0.2118874624484773,43,sorghum,Loamy soil
3075,-1.100063855269374,0.17449124089587287,-0.6043429600973992,1.114202454544477,1.0406737773897279,-0.1596378212165614,2.208178636007523,-0.7525080573546761,1.165889580235696,-0.360649075957363,-0.33148448633756705,-0.5362205417993842,43,sorghum,Loamy soil
3076,-1.100063855269374,0.17449124089587287,-0.09597647149880119,-0.8975029591088394,-0.19033373889379193,-0.13318312936476484,0.6897774417819738,-0.7985346268566305,0.9801877470780953,-0.5735624921190934,-0.3548146917458566,-0.44511574422890465,43,sorghum,Loamy soil
3103,-1.100063855269374,0.17449124089587287,-0.6043429600973992,1.114202454544477,-0.8058374970355525,-0.11617654174575257,-0.2485603748742641,-1.020528629759348,0.8333537394651083,-0.2955921987968342,-0.028191816029801538,-0.051543018724433246,43,sorghum,Loamy soil
3179,-1.100063855269374,0.17449124089587287,-0.6043429600973992,1.114202454544477,1.0406737773897279,-0.10483881666641122,0.6385953790552698,-1.0393321672997808,0.8679029177269875,-0.1891354907159687,0.2459380975176015,-0.36494352236688266,43,sorghum,Loamy soil
3184,-1.100063855269374,0.17449124089587287,-0.09597647149880119,-0.8975029591088394,1.1945497169251689,-0.1407416127509923,-0.7603810021413029,-1.169834330826663,0.98450639436083,-0.5144198765186127,0.251770648869674,-0.27019453289358397,43,sorghum,Loamy soil
3227,-1.100063855269374,0.17449124089587287,-0.6043429600973992,1.114202454544477,0.8867978378542885,-0.2484500010047361,2.2252393235830894,-1.1097752706228936,1.0406488090363837,-0.3724775990774589,0.11178941641993623,-0.12442685678081682,43,sorghum,Loamy soil
3249,-1.100063855269374,0.17449124089587287,-0.6043429600973992,1.114202454544477,1.0406737773897279,-0.09161147074051282,0.28032093996834234,-1.1866733196688413,0.8290350921823736,-0.23940671397637736,-0.4772982701393773,-0.10620589726672092,43,sorghum,Loamy soil
3305,-1.100063855269374,0.17449124089587287,-0.6043429600973992,1.114202454544477,-0.3442096784292314,-0.15018971698377684,0.604474003904134,-0.8720648781341424,0.9283639796852763,-0.2334924524163292,0.1351196218282258,-0.5362205417993842,43,sorghum,Loamy soil
3347,-1.100063855269374,0.17449124089587287,-0.6043429600973992,1.114202454544477,-0.8058374970355525,-0.09350109158706961,-0.5897741263856233,-0.740440115351115,1.2393065840421895,-0.6149623230394298,-0.37231234580207406,-0.09527332155826349,43,sorghum,Loamy soil
3358,-1.100063855269374,0.17449124089587287,-0.09597647149880119,-0.8975029591088394,1.1945497169251689,-0.10294919581985415,-0.8627451275947109,-0.7463337614458775,0.9154080378370717,-0.62974797693955,-0.33731703768963955,-0.062475594432890934,43,sorghum,Loamy soil
3365,-1.100063855269374,0.17449124089587287,-0.6043429600973992,1.114202454544477,0.8867978378542885,-0.2635669677771913,2.395846199338769,-1.1883572185530593,1.0406488090363837,-0.2541923678764975,-0.11568008631088769,-0.5690182689247567,43,sorghum,Loamy soil
3369,-1.100063855269374,0.17449124089587287,-0.6043429600973992,1.114202454544477,0.5790459587834081,-0.13129350851820776,-1.6475367560708372,-0.6916070477087979,1.0536047508845883,-0.46414865325820426,0.6192213840502357,-0.3576551385612444,43,sorghum,Loamy soil
3407,-1.100063855269374,0.17449124089587287,-0.6043429600973992,1.114202454544477,-0.19033373889379193,-0.22577455084605316,2.4299675744899054,-0.7850634357828876,0.8722215650097227,-0.2571494986565218,-0.28482407552098793,-0.2556177652823073,43,sorghum,Loamy soil
3415,-1.100063855269374,0.17449124089587287,-0.6043429600973992,1.114202454544477,-0.19033373889379193,-0.2163264466132686,0.38268506542175035,-1.0895684840122795,1.010418278057239,-0.5942624075792615,0.4209146380797738,-0.2738387247964032,43,sorghum,Loamy soil
3431,-1.100063855269374,0.17449124089587287,-0.6043429600973992,1.114202454544477,0.4251700192479687,-0.22766417169261022,0.55329194117743,-1.166185883244191,1.1442963438220215,-0.27193515255664197,0.4384122921359913,-0.14993620010055117,43,sorghum,Loamy soil
3463,-1.100063855269374,0.17449124089587287,-0.6043429600973992,1.114202454544477,1.3484256564606083,-0.25033962185129316,1.4745690702580996,-1.197338012602221,0.98450639436083,-0.3488205528372667,0.5725609732336566,-0.5763066527303952,43,sorghum,Loamy soil
3473,-1.100063855269374,0.17449124089587287,-0.6043429600973992,1.114202454544477,-0.8058374970355525,-0.22766417169261022,-0.5385920636589193,-0.6666292142595667,0.8722215650097227,-0.3961346453176511,-0.05152202143809151,-0.4852018551599157,43,sorghum,Loamy soil
3489,-1.100063855269374,0.17449124089587287,-0.6043429600973992,1.114202454544477,-0.8058374970355525,-0.2182160674598257,0.12677475178823092,-0.9225818446606775,0.8333537394651083,-0.1092929596553201,-0.40730765391450824,-0.3321457952415101,43,sorghum,Loamy soil
3510,-1.100063855269374,0.17449124089587287,-0.09597647149880119,-0.8975029591088394,-0.49808561796467227,-0.11806616259230963,-0.3850458754788079,-0.8448418461726209,1.0751979872982627,-0.5262483996387088,0.6833794489230323,0.08693627358269543,43,sorghum,Loamy soil
3537,-1.100063855269374,0.17449124089587287,-0.6043429600973992,1.114202454544477,0.5790459587834081,-0.24278113846506544,-0.6409561891123273,-0.9242657435448953,1.0579233981673235,-0.3813489914175309,0.11178941641993623,0.05413854645732288,43,sorghum,Loamy soil
3599,-1.100063855269374,0.17449124089587287,-0.6043429600973992,1.114202454544477,-0.49808561796467227,-0.13129350851820776,0.5874133163285657,-0.6747680588666195,1.2263506421939845,-0.06493599795495958,-0.1740055998316118,0.09058046548551466,43,sorghum,Loamy soil
3605,-1.100063855269374,0.17449124089587287,-0.6043429600973992,1.114202454544477,-0.6519615575001118,-0.11239730005263869,2.1911179484319545,-1.0685197479595565,1.00178098349177,-0.5972195383592855,0.6775468975709598,0.03956177884604621,43,sorghum,Loamy soil
3633,-1.100063855269374,0.17449124089587287,-0.6043429600973992,1.114202454544477,-0.036457799358352465,-0.23144341338572408,-0.8968665027458468,-0.8552258892919641,0.8679029177269875,-0.2867208064567622,0.14678472453237076,-0.5763066527303952,43,sorghum,Loamy soil
3702,-1.100063855269374,0.17449124089587287,-0.09597647149880119,-0.8975029591088394,-0.19033373889379193,-0.17853402968213047,0.8603843175376533,-0.8047089227654289,0.8679029177269875,-0.10633582887529582,0.5608958705295116,-0.2118874624484773,43,sorghum,Loamy soil
3784,-1.100063855269374,0.17449124089587287,-0.09597647149880119,-0.8975029591088394,1.0406737773897279,-0.08405298735428508,0.07559268906152691,-1.2242803947497063,1.1874828166493707,-0.09155017497517565,0.21677534075723945,-0.00416852398778403,43,sorghum,Loamy soil
3802,-1.100063855269374,0.17449124089587287,-0.09597647149880119,-0.8975029591088394,1.0406737773897279,-0.12184540428542323,0.502109878450726,-0.6977813436175964,1.2220319949112497,-0.32220637581705025,0.3742542272631947,-0.5398647337022033,43,sorghum,Loamy soil
3832,-1.100063855269374,0.17449124089587287,-0.09597647149880119,-0.8975029591088394,0.27129407971252784,-0.23900189677195155,0.8603843175376533,-0.9015331086079545,1.131340401973817,-0.30150646035688233,-0.11568008631088769,-0.5471531175078416,43,sorghum,Loamy soil
3844,-1.100063855269374,0.17449124089587287,-0.09597647149880119,-0.8975029591088394,-0.49808561796467227,-0.10483881666641122,-1.4769298803151572,-0.8731874773902876,0.9283639796852763,-0.14182139823558432,0.3217612650945431,-0.5617298851191183,43,sorghum,Loamy soil
3852,-1.100063855269374,0.17449124089587287,-0.09597647149880119,-0.8975029591088394,0.11741814017708838,-0.2465603801581793,-1.5110512554662934,-0.731178671487917,0.8290350921823736,-0.280806544896714,0.47924015160049793,-0.5653740770219374,43,sorghum,Loamy soil
3853,-1.100063855269374,0.17449124089587287,-0.6043429600973992,1.114202454544477,1.3484256564606083,-0.19176137560802886,-0.009710748816312897,-1.0401741167418896,0.8549469758787829,-0.4966770918384684,0.39758443267148424,-0.2592619571851265,43,sorghum,Loamy soil
3858,-1.100063855269374,0.17449124089587287,-0.09597647149880119,-0.8975029591088394,0.8867978378542885,-0.23333303423228088,0.979809130566629,-0.6671905138876391,1.1874828166493707,-0.3843061221975552,-0.06318712414223608,-0.3685877142697019,43,sorghum,Loamy soil
3883,-1.100063855269374,0.17449124089587287,-0.6043429600973992,1.114202454544477,1.1945497169251689,-0.11050767920608189,-1.1015947536526622,-0.8723455279481788,0.9024520959888666,-0.12407861355544027,0.11178941641993623,-0.09162912965544426,43,sorghum,Loamy soil
3898,-1.100063855269374,0.17449124089587287,-0.09597647149880119,-0.8975029591088394,-0.6519615575001118,-0.11239730005263869,1.2357194442001485,-0.7946055294601219,0.9801877470780953,-0.14182139823558432,-0.3956425512103636,-0.41596220900635106,43,sorghum,Loamy soil
3899,-1.100063855269374,0.17449124089587287,-0.6043429600973992,1.114202454544477,1.0406737773897279,-0.11806616259230963,0.8945056926887891,-1.2012671099987293,0.9758690997953601,-0.41683456077781944,0.3159287137424706,-0.04425463491879505,43,sorghum,Loamy soil
3918,-1.100063855269374,0.17449124089587287,-0.09597647149880119,-0.8975029591088394,-0.49808561796467227,-0.2635669677771913,-0.7091989394145989,-0.9719762119310673,0.932682626968011,-0.09155017497517565,-0.03402436738187403,-0.3139248357274142,43,sorghum,Loamy soil
3946,-1.100063855269374,0.17449124089587287,-0.09597647149880119,-0.8975029591088394,0.11741814017708838,-0.11428692089919576,-1.4939905678907253,-0.6991845926877779,1.079516634580998,-0.12112148277541598,-0.1740055998316118,0.061426930262961074,43,sorghum,Loamy soil
3953,-1.100063855269374,0.17449124089587287,-0.6043429600973992,1.114202454544477,1.0406737773897279,-0.17475478798901686,0.8262629423865175,-0.9649599665801597,0.98450639436083,-0.33403489893714655,0.50840290836086,-0.06976397823852913,43,sorghum,Loamy soil
3956,-1.100063855269374,0.17449124089587287,-0.09597647149880119,-0.8975029591088394,0.5790459587834081,-0.24467075931162222,2.05463244782741,-1.108372021552712,1.0233742199054443,-0.532162661198757,0.047631351547139635,-0.430538976617628,43,sorghum,Loamy soil
4031,-0.4311664231096339,0.17449124089587287,-0.6043429600973992,1.114202454544477,0.8867978378542885,-0.5394516113745,-0.7774416897168711,-1.1476629955177948,0.4317195421707623,-0.8811040932415929,-1.2938554594295149,-0.7548720559685348,1,Pearl millet,clay Loamy soil
4052,-0.4311664231096339,0.17449124089587287,-0.09597647149880119,-0.8975029591088394,-1.421341255177312,-0.6055883410039917,0.7580201920842453,-1.2071607560934916,0.7297062046794703,-0.8160472160810641,-0.4889633728435223,-0.9553026106235897,1,Pearl millet,clay Loamy soil
4097,-0.4311664231096339,0.17449124089587287,-0.6043429600973992,1.114202454544477,0.8867978378542885,-0.48276298597779277,-0.23149968729869652,-1.433083856392718,0.9629131579471555,-1.049660547702963,-1.5446551675686284,-1.1192912462504527,1,Pearl millet,clay Loamy soil
4145,-0.4311664231096339,0.17449124089587287,-0.6043429600973992,1.114202454544477,0.27129407971252784,-0.6150364452367763,-1.2039588791060702,-1.3547825582765884,0.9888250416435647,-1.0526176784829868,-1.5154924108082664,-0.8933513482756635,1,Pearl millet,clay Loamy soil
4162,-1.291177407315014,0.17449124089587287,-0.09597647149880119,-0.8975029591088394,-0.19033373889379193,-0.6433807579351299,-1.1698375039549345,-1.4246643619716288,0.6476519063075076,-0.638619369279622,-0.9963953404738217,-0.8058907426080033,1,Pearl millet,Clay soil
4172,-0.4311664231096339,0.17449124089587287,-0.09597647149880119,-0.8975029591088394,-0.036457799358352465,-0.556458198993512,-0.6068348139611915,-1.211931802932109,0.7642553829413501,-0.892932616361689,-1.0022278918258942,-1.1593773571814636,1,Pearl millet,clay Loamy soil
4182,1.0021852172326662,0.17449124089587287,-0.09597647149880119,-0.8975029591088394,0.7329218983188477,-0.6244845494695608,-0.7091989394145989,-1.4518873939331505,0.8679029177269875,-0.889975485581665,-0.8855768647844461,-1.0318306405827924,1,Pearl millet,sandy loamy soil
4189,-1.291177407315014,0.17449124089587287,-0.6043429600973992,1.114202454544477,-0.036457799358352465,-0.556458198993512,-1.7669615690998126,-1.3893024854030542,0.9197266851198064,-1.0260035014627706,-0.7280979782784908,-0.6746998341065128,1,Pearl millet,Clay soil
4213,-1.291177407315014,0.17449124089587287,-0.6043429600973992,1.114202454544477,0.11741814017708838,-0.4808733651312357,0.46798850329959013,-1.0951814802930055,0.8506283285960482,-0.8337900007612083,-1.0022278918258942,-1.268703114266039,1,Pearl millet,Clay soil
4251,1.0021852172326662,0.17449124089587287,-0.6043429600973992,1.114202454544477,-1.421341255177312,-0.4846526068243496,2.8394240763035365,-1.4454324482103151,0.574234902501014,-1.1679457789039243,-0.8330839026157945,-0.8058907426080033,1,Pearl millet,sandy loamy soil
4255,-1.291177407315014,0.17449124089587287,-0.6043429600973992,1.114202454544477,0.4251700192479687,-0.4600875358191098,-1.0674733785015265,-1.1131430683913293,0.4403568367362322,-0.7716902543807036,-0.9730651350655322,-0.8714861968587484,1,Pearl millet,Clay soil
4338,1.0021852172326662,0.17449124089587287,-0.09597647149880119,-0.8975029591088394,-0.6519615575001118,-0.5696855449194104,2.583513762670017,-1.4591842890980944,0.6131027280456284,-0.709590508000199,-1.0488883026424736,-0.9808119539433239,1,Pearl millet,sandy loamy soil
4339,-1.291177407315014,0.17449124089587287,-0.6043429600973992,1.114202454544477,-0.8058374970355525,-0.5904713742315365,-1.2722016294083418,-1.2458904304305018,0.38853306934341325,-0.9757322782023621,-1.0897161621069804,-1.0063212972630582,1,Pearl millet,Clay soil
4352,-0.4311664231096339,0.17449124089587287,-0.09597647149880119,-0.8975029591088394,-0.49808561796467227,-0.46386677751222366,0.7238988169331095,-1.293600898816674,0.8506283285960482,-0.8012615621809439,-0.7747583890950703,-0.9079281158869403,1,Pearl millet,clay Loamy soil
4379,-0.4311664231096339,0.17449124089587287,-0.6043429600973992,1.114202454544477,-1.729093134248192,-0.5848025116918656,2.9247275141813764,-1.3525373597642982,0.4662687204326414,-1.1590743865638522,-0.6056143998849705,-1.1630215490842828,1,Pearl millet,clay Loamy soil
4441,-1.291177407315014,0.17449124089587287,-0.6043429600973992,1.114202454544477,-0.49808561796467227,-0.6036987201574346,0.8945056926887891,-1.2223158460514523,0.7124316155485311,-1.156117255783828,-0.6989352215181287,-1.126579630056091,1,Pearl millet,Clay soil
4443,1.0021852172326662,0.17449124089587287,-0.6043429600973992,1.114202454544477,-0.036457799358352465,-0.5640166823797398,0.5703526287529982,-1.1493468944020127,0.9413199215334809,-0.8485756546613284,-0.8330839026157945,-0.7111417531347046,1,Pearl millet,sandy loamy soil
4462,-1.291177407315014,0.17449124089587287,-0.09597647149880119,-0.8975029591088394,-0.036457799358352465,-0.4789837442846789,-1.9716898200066284,-1.458903639284058,0.8938148014233972,-1.1945599559241407,-0.5122935782518119,-0.6346137231755018,1,Pearl millet,Clay soil
4482,1.0021852172326662,0.17449124089587287,-0.09597647149880119,-0.8975029591088394,1.0406737773897279,-0.620705307776447,-1.238080254257206,-1.263290718900753,0.582872197066484,-0.6977619848801027,-1.1947020864442839,-0.8933513482756635,1,Pearl millet,sandy loamy soil
4517,-0.4311664231096339,0.17449124089587287,-0.6043429600973992,1.114202454544477,0.11741814017708838,-0.5488997156072846,1.4745690702580996,-1.4838814727332892,0.8851775068579273,-1.058531940043035,-1.497994756752049,-0.8131791264136418,1,Pearl millet,clay Loamy soil
4564,-1.291177407315014,0.17449124089587287,-0.09597647149880119,-0.8975029591088394,-0.9597134365709921,-0.5243346446020448,0.46798850329959013,-1.2705876140656966,0.5612789606528095,-1.1620315173438762,-0.6814375674619116,-0.9516584187207704,1,Pearl millet,Clay soil
4576,-1.291177407315014,0.17449124089587287,-0.09597647149880119,-0.8975029591088394,0.5790459587834081,-0.4865422276709066,-0.1973783121475601,-1.4457130980243518,0.7988045612032292,-0.7066333772201749,-0.7106003242222737,-0.8787745806643869,1,Pearl millet,Clay soil
4594,-1.291177407315014,0.17449124089587287,-0.09597647149880119,-0.8975029591088394,-0.19033373889379193,-0.5356723696813861,-0.40210656305437614,-1.1529953419844847,0.4662687204326414,-0.718461900340271,-0.5006284755476669,-1.2650589223632198,1,Pearl millet,Clay soil
4675,-1.291177407315014,0.17449124089587287,-0.6043429600973992,1.114202454544477,-1.5752171947127527,-0.5885817533849794,1.7987221341938906,-1.1782538252477521,0.8203977976169037,-0.8515327854413526,-0.9030745188406631,-1.246837962849124,1,Pearl millet,Clay soil
4681,-1.291177407315014,0.17449124089587287,-0.6043429600973992,1.114202454544477,0.4251700192479687,-0.5016591944433618,2.037571760251843,-1.3463630638554993,0.41444495303982243,-1.061489070823059,-1.6029806810893525,-0.9662351863320471,1,Pearl millet,Clay soil
4762,-1.291177407315014,0.17449124089587287,-0.09597647149880119,-0.8975029591088394,-0.8058374970355525,-0.6112572035436624,0.3997457529973185,-1.1092139709948208,0.7858486193550246,-0.9402467088420736,-1.5154924108082664,-0.8314000859277376,1,Pearl millet,Clay soil
4765,-1.291177407315014,0.17449124089587287,-0.6043429600973992,1.114202454544477,-1.5752171947127527,-0.5300035071417154,3.40242676629728,-1.2921976497464924,0.9931436889262999,-1.1886456943640924,-0.9089070701927356,-1.2759914980716773,1,Pearl millet,Clay soil
4774,-1.291177407315014,0.17449124089587287,-0.09597647149880119,-0.8975029591088394,0.11741814017708838,-0.5111072986761463,-2.091114633035604,-1.4981946132491408,0.5569603133700741,-1.156117255783828,-0.6931026701660566,-1.1338680138617294,1,Pearl millet,Clay soil
4787,-0.4311664231096339,0.17449124089587287,-0.6043429600973992,1.114202454544477,0.5790459587834081,-0.5318931279882723,-1.5451726306174294,-1.2804103575569674,0.677882437286652,-0.8456185238813044,-0.7164328755743462,-1.0974260948335375,1,Pearl millet,clay Loamy soil
4806,1.0021852172326662,0.17449124089587287,-0.09597647149880119,-0.8975029591088394,-0.036457799358352465,-0.5602374406866258,2.2252393235830894,-1.2860233538376935,0.8851775068579273,-1.1738600404639723,-0.9380698269530977,-0.9808119539433239,1,Pearl millet,sandy loamy soil
4812,1.0021852172326662,0.17449124089587287,-0.09597647149880119,-0.8975029591088394,-0.3442096784292314,-0.4770941234381221,-2.176418070913444,-1.121281912998382,0.7426621465276756,-0.7332475542403912,-0.926404724248953,-0.7220743288431622,1,Pearl millet,sandy loamy soil
4823,-0.4311664231096339,0.17449124089587287,-0.6043429600973992,1.114202454544477,0.8867978378542885,-0.5923609950780934,2.566453075094449,-1.3575890564169515,0.98450639436083,-0.978689408982386,-0.5881167458287531,-0.9225048834982169,1,Pearl millet,clay Loamy soil
4854,1.0021852172326662,0.17449124089587287,-0.09597647149880119,-0.8975029591088394,-1.5752171947127527,-0.4922110902105773,-1.4257478175884537,-1.2456097806164657,0.7642553829413501,-0.98164653976241,-0.4831308214914498,-1.1848867005011978,1,Pearl millet,sandy loamy soil
4871,-0.4311664231096339,0.17449124089587287,-0.6043429600973992,1.114202454544477,1.0406737773897279,-0.5111072986761463,0.5362312536018617,-1.1906024170653495,0.40148901119161784,-0.8219614776411123,-0.9847302377696769,-0.8350442778305566,1,Pearl millet,clay Loamy soil
4898,-0.4311664231096339,0.17449124089587287,-0.09597647149880119,-0.8975029591088394,1.3484256564606083,-0.6414911370885729,2.0887538229785463,-1.1774118758056433,0.8203977976169037,-0.8012615621809439,-1.1655393296839218,-1.064628367708165,1,Pearl millet,clay Loamy soil
4940,-0.4311664231096339,0.17449124089587287,-0.09597647149880119,-0.8975029591088394,1.1945497169251689,-0.5621270615331829,2.208178636007523,-1.2094059546057823,0.5396857242391349,-0.8308328699811842,-0.9614000323613874,-0.9589468025264087,1,Pearl millet,clay Loamy soil
4950,1.0021852172326662,0.17449124089587287,-0.09597647149880119,-0.8975029591088394,-1.1135893761064315,-0.6377118953954592,-0.0438321239674487,-1.153275991798521,0.7901672666377593,-0.6681906770798623,-0.9847302377696769,-1.024542256777154,1,Pearl millet,sandy loamy soil
4953,1.0021852172326662,0.17449124089587287,-0.6043429600973992,1.114202454544477,-0.8058374970355525,-0.5111072986761463,3.1465164526637603,-1.2666585166691886,0.5699162552182794,-0.8397042623212565,-1.0488883026424736,-1.0974260948335375,1,Pearl millet,sandy loamy soil
4962,1.0021852172326662,0.17449124089587287,-0.09597647149880119,-0.8975029591088394,1.1945497169251689,-0.46575639835878047,1.1674766938978767,-1.5035269597158307,0.6908383791348566,-0.8308328699811842,-0.9847302377696769,-0.6455462988839594,1,Pearl millet,sandy loamy soil
4988,-0.4311664231096339,0.17449124089587287,-0.09597647149880119,-0.8975029591088394,-1.2674653156418723,-0.6188156869298902,0.3997457529973185,-1.1280175085352535,0.5612789606528095,-1.0171321091226986,-0.856414108024084,-0.944370034915132,1,Pearl millet,clay Loamy soil
5002,-0.9089503032237339,0.17449124089587287,-0.09597647149880119,-0.8975029591088394,-0.6519615575001118,0.06522705952371047,-2.022871882733332,0.22050484790919628,-2.2933468932349625,-1.4932301647065682,-1.4804971026958318,-1.2322611952378473,36,ragi,Sandy soil
5007,-0.9089503032237339,0.17449124089587287,-0.6043429600973992,1.114202454544477,-2.0368450133190725,0.16159772269811293,-0.5727134388100558,0.5600911228931267,-2.3063028350831676,-1.3660735411655345,-1.2413624972608632,-1.1958192762096556,36,ragi,Sandy soil
5040,-1.0045070792465538,0.17449124089587287,-0.09597647149880119,-0.8975029591088394,-0.19033373889379193,-0.08594260820084215,-1.9887505075821963,0.7582298916027584,-2.3322147187795768,-1.4932301647065682,-1.3346833188940217,-1.2176844276265704,36,ragi,Red soil
5055,-1.0045070792465538,0.17449124089587287,-0.6043429600973992,1.114202454544477,-0.8058374970355525,-0.08783222904739894,-2.005811195157764,0.1321001564877599,-2.3840384861723956,-1.4429589414461594,-1.4804971026958318,-1.0974260948335375,36,ragi,Red soil
5095,-1.0045070792465538,0.17449124089587287,-0.6043429600973992,1.114202454544477,1.3484256564606083,0.12758454746008838,-0.7262596269901671,-0.39215369613205936,-2.2458417731248788,-1.422259025985991,-1.4629994486396145,-0.9808119539433239,36,ragi,Red soil
5116,-1.386734183337834,0.17449124089587287,-0.09597647149880119,-0.8975029591088394,-2.190720952854512,-0.06893602058182988,-2.005811195157764,0.45176029467511225,-2.224248536711204,-1.3276308410252222,-1.4338366918792524,-1.1192912462504527,36,ragi,Black Soil
5127,-0.9089503032237339,0.17449124089587287,-0.6043429600973992,1.114202454544477,-0.9597134365709921,-0.16719630460278911,-1.135716128803798,-0.08512279957634077,-2.327896071496842,-1.4163447644259433,-1.1188789188673425,-1.1411563976673678,36,ragi,Sandy soil
5130,-1.0045070792465538,0.17449124089587287,-0.09597647149880119,-0.8975029591088394,-0.6519615575001118,-0.08783222904739894,-0.9651092530481183,-0.05144482189198406,-2.379719838889661,-1.5139300801667361,-1.6321434378497146,-1.3160776090026882,36,ragi,Red soil
5137,-0.9089503032237339,0.17449124089587287,-0.6043429600973992,1.114202454544477,-0.49808561796467227,-0.040591707883476255,0.024410626334822903,-0.19233102853820974,-2.284709598669493,-1.3779020642856306,-1.497994756752049,-0.9953887215546006,36,ragi,Sandy soil
5174,1.0977419932554862,0.17449124089587287,-0.09597647149880119,-0.8975029591088394,1.3484256564606083,-0.04626057042314692,-1.9546291324310603,-0.24621579283318026,-2.310621482365902,-1.2537025715246213,-1.3696786270064563,-1.312433417099869,36,ragi,shallow Black Soil
5229,1.0977419932554862,0.17449124089587287,-0.6043429600973992,1.114202454544477,0.8867978378542885,-0.07271526227494374,-2.005811195157764,-0.22376380771027582,-2.2156112421457346,-1.478444510806448,-1.183036983740139,-1.3197218009055074,36,ragi,shallow Black Soil
5253,-1.100063855269374,0.17449124089587287,-0.6043429600973992,1.114202454544477,-2.190720952854512,0.08979213052895021,-1.28926231698391,0.04734391264879574,-2.3365333660623118,-1.4488732030062077,-1.5563202702727732,-0.9953887215546006,36,ragi,Loamy soil
5268,-1.100063855269374,0.17449124089587287,-0.09597647149880119,-0.8975029591088394,2.271681293673248,-0.08027374566117147,-1.681658131221973,0.1537101921685556,-2.3581266024759864,-1.3483307564853904,-1.1888695350922114,-0.9917445296517814,36,ragi,Loamy soil
5272,-0.9089503032237339,0.17449124089587287,-0.09597647149880119,-0.8975029591088394,0.5790459587834081,0.04444123021158459,-1.1186554412282304,0.5592491734510173,-2.3063028350831676,-1.2744024869847894,-1.3288507675419494,-1.1921750843068362,36,ragi,Sandy soil
5310,-1.0045070792465538,0.17449124089587287,-0.09597647149880119,-0.8975029591088394,0.27129407971252784,-0.0632671580421592,-0.9992306281992548,-0.2133797645909327,-2.409950369868805,-1.3039737947850298,-1.2588601513170803,-1.2614147304604006,36,ragi,Red soil
5329,1.0977419932554862,0.17449124089587287,-0.6043429600973992,1.114202454544477,1.5023015959960477,0.1842731728567956,-0.8627451275947109,-0.15781110141174393,-2.345170660627782,-1.3365022333652943,-1.223864843204646,-1.2140402357237514,36,ragi,shallow Black Soil
5330,-1.0045070792465538,0.17449124089587287,-0.09597647149880119,-0.8975029591088394,0.7329218983188477,-0.06704639973527307,0.38268506542175035,-0.029273486583115956,-2.280390951386758,-1.2714453562047656,-1.0663859566986909,-1.330654376613965,36,ragi,Red soil
5355,-1.0045070792465538,0.17449124089587287,-0.6043429600973992,1.114202454544477,-0.6519615575001118,0.008538434127003237,0.3485636902706145,0.8500023807926306,-2.375401191606926,-1.484358772366496,-1.5738179243289905,-1.0318306405827924,36,ragi,Red soil
5379,1.0977419932554862,0.17449124089587287,-0.6043429600973992,1.114202454544477,2.271681293673248,0.12380530576697477,-1.2039588791060702,-0.1934536277943549,-2.4229063117170098,-1.398601979745799,-1.6204783351455698,-1.068272559610984,36,ragi,shallow Black Soil
5389,1.0977419932554862,0.17449124089587287,-0.6043429600973992,1.114202454544477,0.8867978378542885,0.012317675820117106,-1.0845340660770946,0.6058370425810444,-2.409950369868805,-1.4163447644259433,-1.5213249621603386,-1.2067518519181129,36,ragi,shallow Black Soil
5429,1.0977419932554862,0.17449124089587287,-0.6043429600973992,1.114202454544477,-0.9597134365709921,-0.05948791634904533,-0.0779534991185845,-0.0469544248674031,-2.4272249589997448,-1.4429589414461594,-1.5329900648644836,-1.2942124575857732,36,ragi,shallow Black Soil
5430,-1.0045070792465538,0.17449124089587287,-0.09597647149880119,-0.8975029591088394,-1.5752171947127527,-0.1237350251319803,0.2973816275439105,0.09393178177882226,-2.319258776931372,-1.4725302492463999,-1.4338366918792524,-0.9953887215546006,36,ragi,Red soil
5449,1.0977419932554862,0.17449124089587287,-0.6043429600973992,1.114202454544477,-1.2674653156418723,0.014207296666673907,-0.6921382518390313,0.5968562485318826,-2.2501604204076138,-1.395644848965775,-1.223864843204646,-1.3160776090026882,36,ragi,shallow Black Soil
5453,-1.100063855269374,0.17449124089587287,-0.6043429600973992,1.114202454544477,0.11741814017708838,-0.12751426682509417,-1.5281119430418613,0.5993820968582095,-2.3322147187795768,-1.398601979745799,-1.5096598594561939,-1.04276321629125,36,ragi,Loamy soil
5456,-1.386734183337834,0.17449124089587287,-0.09597647149880119,-0.8975029591088394,1.1945497169251689,-0.12751426682509417,-1.186898191530502,0.47561552886819825,-2.327896071496842,-1.3601592796054867,-1.1888695350922114,-1.1812425085983786,36,ragi,Black Soil
5533,-1.100063855269374,0.17449124089587287,-0.6043429600973992,1.114202454544477,-1.1135893761064315,0.04255160936502752,-0.7603810021413029,-0.23723499878401869,-2.3667638970414564,-1.395644848965775,-1.4046739351188906,-1.046407408194069,36,ragi,Loamy soil
5553,-1.100063855269374,0.17449124089587287,-0.6043429600973992,1.114202454544477,0.27129407971252784,-0.16341706290967525,-0.11207487426972029,0.10375452527009296,-2.3063028350831676,-1.2596168330846693,-1.5504877189207007,-1.246837962849124,36,ragi,Loamy soil
5590,-1.0045070792465538,0.17449124089587287,-0.09597647149880119,-0.8975029591088394,-1.1135893761064315,0.20127976047580787,-2.159357383337876,0.7360585562938899,-2.340852013345047,-1.4252161567660153,-1.1363765729235598,-1.2978566494885924,36,ragi,Red soil
5626,-1.386734183337834,0.17449124089587287,-0.09597647149880119,-0.8975029591088394,-0.6519615575001118,-0.09350109158706961,-0.5044706885077835,0.4826317742191059,-2.3365333660623118,-1.3010166640050058,-1.5738179243289905,-1.3087892251970499,36,ragi,Black Soil
5664,1.0977419932554862,0.17449124089587287,-0.09597647149880119,-0.8975029591088394,0.11741814017708838,-0.07271526227494374,-0.9821699406236866,0.8474765324663035,-2.327896071496842,-1.490273033926544,-1.567985372976918,-0.9953887215546006,36,ragi,shallow Black Soil
5677,-0.9089503032237339,0.17449124089587287,-0.6043429600973992,1.114202454544477,1.1945497169251689,0.04066198851847072,-0.1291355618452885,-0.14995290661872748,-2.371082544324191,-1.2832738793248617,-1.11304636751527,-1.305145033294231,36,ragi,Sandy soil
5680,-1.0045070792465538,0.17449124089587287,-0.09597647149880119,-0.8975029591088394,1.1945497169251689,-0.09161147074051282,-1.5451726306174294,0.6145371868161696,-2.345170660627782,-1.3660735411655345,-1.2296973945567182,-1.330654376613965,36,ragi,Red soil
5692,-0.9089503032237339,0.17449124089587287,-0.09597647149880119,-0.8975029591088394,-0.6519615575001118,-0.07271526227494374,-0.1461962494208567,-0.463438748897281,-2.3624452497587214,-1.2359597868444772,-1.253027599965008,-1.0901377110278991,36,ragi,Sandy soil
5735,-1.0045070792465538,0.17449124089587287,-0.6043429600973992,1.114202454544477,-1.421341255177312,0.1483703767722145,-0.7433203145657353,0.7919078692871151,-2.237204478559409,-1.227088394504405,-1.538822616216556,-1.0354748324856116,36,ragi,Red soil
5792,-0.9089503032237339,0.17449124089587287,-0.09597647149880119,-0.8975029591088394,0.27129407971252784,0.08601288883583662,-0.1461962494208567,0.007210989241603807,-2.4185876644342748,-1.5139300801667361,-1.59714812973728,-0.9953887215546006,36,ragi,Sandy soil
5849,1.0977419932554862,0.17449124089587287,-0.6043429600973992,1.114202454544477,1.3484256564606083,0.13136378915320224,-1.9546291324310603,-0.01832814383570009,-2.345170660627782,-1.5109729493867121,-1.142209124275632,-1.1083586705419952,36,ragi,shallow Black Soil
5861,-1.386734183337834,0.17449124089587287,-0.6043429600973992,1.114202454544477,-0.036457799358352465,-0.029253982804134916,-0.9651092530481183,0.4837543734752514,-2.2933468932349625,-1.2862310101048857,-1.1013812648111252,-1.1120028624448142,36,ragi,Black Soil
5913,-1.100063855269374,0.17449124089587287,-0.6043429600973992,1.114202454544477,-0.9597134365709921,0.09546099306862114,-1.5451726306174294,0.27326701294802197,-2.2199298894284696,-1.4370446798861114,-1.5271575135124111,-1.254126346654762,36,ragi,Loamy soil
5919,1.0977419932554862,0.17449124089587287,-0.6043429600973992,1.114202454544477,0.5790459587834081,-0.1653066837562323,-1.8010829442509488,-0.1589337006678891,-2.323577424214107,-1.401559110525823,-1.3405158702460942,-1.1848867005011978,36,ragi,shallow Black Soil
5935,-1.0045070792465538,0.17449124089587287,-0.6043429600973992,1.114202454544477,-2.0368450133190725,0.15592886015844198,-1.596354693344133,0.7554233934623954,-2.3840384861723956,-1.3453736257053663,-1.142209124275632,-1.330654376613965,36,ragi,Red soil
6001,-0.6222799751552739,0.17449124089587287,-0.6043429600973992,1.114202454544477,-0.3442096784292314,-0.6679458289403697,2.2423000111586577,-1.5627440704774913,-2.41426901715154,-1.4695731184663758,-1.0780510594028356,-1.2140402357237514,32,panivaragu,black cotton soil
6067,-0.6222799751552739,0.17449124089587287,-0.6043429600973992,1.114202454544477,0.5790459587834081,-0.6755043123265974,2.361724824187634,-1.554324576056402,-2.2976655405176976,-1.4754873800264239,-1.2763578053732976,-1.254126346654762,32,panivaragu,black cotton soil
6072,0.8110716651870262,0.17449124089587287,-0.09597647149880119,-0.8975029591088394,-0.19033373889379193,-0.7132967292577356,2.566453075094449,-1.5425372838668774,-2.2933468932349625,-1.3542450180454384,-1.3696786270064563,-1.2942124575857732,32,panivaragu,sandy Loamy soil
6103,-0.6222799751552739,0.17449124089587287,-0.6043429600973992,1.114202454544477,0.27129407971252784,-0.720855212643963,2.822363388727968,-1.547027680891458,-2.237204478559409,-1.3808591950656548,-1.2705252540212253,-0.9917445296517814,32,panivaragu,black cotton soil
6118,0.8110716651870262,0.17449124089587287,-0.09597647149880119,-0.8975029591088394,-1.421341255177312,-0.720855212643963,-0.6068348139611915,-1.5130690533930653,-2.327896071496842,-1.4311304183260634,-1.3871762810626733,-1.08649351912508,32,panivaragu,sandy Loamy soil
6140,0.8110716651870262,0.17449124089587287,-0.09597647149880119,-0.8975029591088394,-0.3442096784292314,-0.7284136960301908,-0.0608928115430169,-1.5099819054386656,-2.379719838889661,-1.4547874645662555,-1.4571668972875422,-1.024542256777154,32,panivaragu,sandy Loamy soil
6166,0.8110716651870262,0.17449124089587287,-0.09597647149880119,-0.8975029591088394,-0.49808561796467227,-0.6547184830144712,-0.3168031251765363,-1.508578656368484,-2.232885831276674,-1.407473372085871,-1.468831999991687,-1.0536957919997074,32,panivaragu,sandy Loamy soil
6180,0.8110716651870262,0.17449124089587287,-0.09597647149880119,-0.8975029591088394,0.4251700192479687,-0.6906212790990526,0.4509278157240219,-1.5430985834949498,-2.3538079551932514,-1.227088394504405,-1.1013812648111252,-1.1739541247927403,32,panivaragu,sandy Loamy soil
6218,0.8110716651870262,0.17449124089587287,-0.09597647149880119,-0.8975029591088394,-0.19033373889379193,-0.6830627957128249,-1.7840222566753805,-1.5116658043228837,-2.3624452497587214,-1.5050586878266643,-1.4221715891751077,-0.9735235701376855,32,panivaragu,sandy Loamy soil
6240,0.8110716651870262,0.17449124089587287,-0.09597647149880119,-0.8975029591088394,-0.9597134365709921,-0.701959004178394,0.38268506542175035,-1.5638666697336363,-2.2674350095385534,-1.496187295486592,-1.3930088324147458,-1.210396043820932,32,panivaragu,sandy Loamy soil
6278,0.8110716651870262,0.17449124089587287,-0.09597647149880119,-0.8975029591088394,-0.3442096784292314,-0.6566081038610283,2.9588488893325127,-1.5329951901896428,-2.3322147187795768,-1.3572021488254624,-1.5913155783852078,-1.228617003335028,32,panivaragu,sandy Loamy soil
6308,0.8110716651870262,0.17449124089587287,-0.09597647149880119,-0.8975029591088394,-1.2674653156418723,-0.703848625024951,-0.2656210624498323,-1.514752952277283,-2.3538079551932514,-1.2389169176245012,-1.5213249621603386,-1.126579630056091,32,panivaragu,sandy Loamy soil
6344,0.8110716651870262,0.17449124089587287,-0.09597647149880119,-0.8975029591088394,-1.421341255177312,-0.681173174866268,-1.28926231698391,-1.5602182221511645,-2.379719838889661,-1.3719878027255827,-1.497994756752049,-1.2614147304604006,32,panivaragu,sandy Loamy soil
6366,0.8110716651870262,0.17449124089587287,-0.09597647149880119,-0.8975029591088394,-1.1135893761064315,-0.7114071084111785,-1.5110512554662934,-1.541414684610732,-2.41426901715154,-1.2921452716649338,-1.4338366918792524,-1.2431937709463048,32,panivaragu,sandy Loamy soil
6370,0.8110716651870262,0.17449124089587287,-0.09597647149880119,-0.8975029591088394,-0.8058374970355525,-0.7321929377233046,-0.6921382518390313,-1.549834179031821,-2.314940129648637,-1.4340875491060874,-1.0780510594028356,-1.2176844276265704,32,panivaragu,sandy Loamy soil
6392,0.8110716651870262,0.17449124089587287,-0.09597647149880119,-0.8975029591088394,-0.19033373889379193,-0.6641665872472557,-0.4874100009322159,-1.5574117240108014,-2.310621482365902,-1.4429589414461594,-1.5621528216248457,-1.2504821547519431,32,panivaragu,sandy Loamy soil
6445,-0.6222799751552739,0.17449124089587287,-0.6043429600973992,1.114202454544477,-1.729093134248192,-0.6603873455541419,3.0270916396347842,-1.5122271039509563,-2.401313075303335,-1.2211741329443568,-1.3755111783585285,-1.2249728114322087,32,panivaragu,black cotton soil
6464,0.8110716651870262,0.17449124089587287,-0.09597647149880119,-0.8975029591088394,-0.036457799358352465,-0.720855212643963,-0.2485603748742641,-1.5223304972562632,-2.327896071496842,-1.3749449335056068,-1.2005346377963562,-1.1520889733758253,32,panivaragu,sandy Loamy soil
6483,-0.6222799751552739,0.17449124089587287,-0.6043429600973992,1.114202454544477,-1.421341255177312,-0.7397514211095321,3.419487453872847,-1.511104504694811,-2.4229063117170098,-1.2389169176245012,-1.6321434378497146,-1.3160776090026882,32,panivaragu,black cotton soil
6484,0.8110716651870262,0.17449124089587287,-0.09597647149880119,-0.8975029591088394,-1.2674653156418723,-0.7397514211095321,1.0651125684444687,-1.5408533849826591,-2.232885831276674,-1.2832738793248617,-1.2588601513170803,-1.0755609434166225,32,panivaragu,sandy Loamy soil
6505,-0.6222799751552739,0.17449124089587287,-0.6043429600973992,1.114202454544477,0.27129407971252784,-0.701959004178394,1.406326319955828,-1.558814973080983,-2.237204478559409,-1.3838163258456788,-1.11304636751527,-1.1047144786391758,32,panivaragu,black cotton soil
6513,-0.6222799751552739,0.17449124089587287,-0.6043429600973992,1.114202454544477,-1.5752171947127527,-0.7321929377233046,2.788242013576833,-1.541414684610732,-2.4229063117170098,-1.2744024869847894,-1.4455017945833974,-1.2577705385575813,32,panivaragu,black cotton soil
6550,0.8110716651870262,0.17449124089587287,-0.09597647149880119,-0.8975029591088394,-0.19033373889379193,-0.7321929377233046,-0.7774416897168711,-1.558814973080983,-2.340852013345047,-1.4577445953462795,-1.538822616216556,-1.2176844276265704,32,panivaragu,sandy Loamy soil
6558,0.8110716651870262,0.17449124089587287,-0.09597647149880119,-0.8975029591088394,-0.9597134365709921,-0.662276966400699,0.502109878450726,-1.5422566340528407,-2.4229063117170098,-1.3660735411655345,-1.4046739351188906,-1.3233659928083268,32,panivaragu,sandy Loamy soil
6565,-0.6222799751552739,0.17449124089587287,-0.6043429600973992,1.114202454544477,-1.729093134248192,-0.6849524165593819,2.907666826605808,-1.5248563455825899,-2.3019841878004326,-1.3660735411655345,-1.1947020864442839,-1.13022382195891,32,panivaragu,black cotton soil
6566,0.8110716651870262,0.17449124089587287,-0.09597647149880119,-0.8975029591088394,-1.421341255177312,-0.7378618002629753,-2.500571134849235,-1.5181207500457186,-2.224248536711204,-1.4429589414461594,-1.3580135243023115,-1.1739541247927403,32,panivaragu,sandy Loamy soil
6629,-0.6222799751552739,0.17449124089587287,-0.6043429600973992,1.114202454544477,-0.8058374970355525,-0.703848625024951,0.1438354393637991,-1.5529213269862205,-2.232885831276674,-1.3601592796054867,-1.3580135243023115,-1.2869240737801348,32,panivaragu,black cotton soil
6671,-0.6222799751552739,0.17449124089587287,-0.6043429600973992,1.114202454544477,-0.49808561796467227,-0.679283554019711,2.2934820738853623,-1.5433792333089862,-2.2631163622558184,-1.50210155704664,-1.4280041405271802,-1.126579630056091,32,panivaragu,black cotton soil
6701,-0.6222799751552739,0.17449124089587287,-0.6043429600973992,1.114202454544477,-1.421341255177312,-0.7359721794164182,0.22913887724163892,-1.553201976800257,-2.2631163622558184,-1.3808591950656548,-1.4046739351188906,-1.3160776090026882,32,panivaragu,black cotton soil
6703,-0.6222799751552739,0.17449124089587287,-0.6043429600973992,1.114202454544477,-1.729093134248192,-0.7340825585698614,2.8735454514546728,-1.5638666697336363,-2.228567183993939,-1.2891881408849095,-1.2996880107815874,-1.188530892404017,32,panivaragu,black cotton soil
6743,-0.6222799751552739,0.17449124089587287,-0.6043429600973992,1.114202454544477,-0.19033373889379193,-0.7416410419560892,-2.074053945460036,-1.5346790890738606,-2.379719838889661,-1.3572021488254624,-1.5796504756810628,-1.3270101847111457,32,panivaragu,black cotton soil
6754,0.8110716651870262,0.17449124089587287,-0.09597647149880119,-0.8975029591088394,-0.3442096784292314,-0.7151863501042923,1.730479383891619,-1.517559450417646,-2.40563172258607,-1.398601979745799,-1.4863296540479043,-1.1630215490842828,32,panivaragu,sandy Loamy soil
6764,0.8110716651870262,0.17449124089587287,-0.09597647149880119,-0.8975029591088394,0.11741814017708838,-0.679283554019711,1.5257511329848041,-1.5254176452106623,-2.310621482365902,-1.481401641586472,-1.398841383766818,-1.210396043820932,32,panivaragu,sandy Loamy soil
6808,0.8110716651870262,0.17449124089587287,-0.09597647149880119,-0.8975029591088394,-0.9597134365709921,-0.6868420374059387,1.5257511329848041,-1.5576923738248376,-2.3019841878004326,-1.3779020642856306,-1.4746645513437595,-1.2504821547519431,32,panivaragu,sandy Loamy soil
6861,-0.6222799751552739,0.17449124089587287,-0.6043429600973992,1.114202454544477,-0.9597134365709921,-0.7076278667180647,-1.135716128803798,-1.538046886842296,-2.4229063117170098,-1.3483307564853904,-1.2413624972608632,-1.2322611952378473,32,panivaragu,black cotton soil
6874,0.8110716651870262,0.17449124089587287,-0.09597647149880119,-0.8975029591088394,-1.421341255177312,-0.7340825585698614,-2.4152676969713953,-1.5184013998597548,-2.3969944280206,-1.321716579465174,-1.2471950486129355,-1.0281864486799732,32,panivaragu,sandy Loamy soil
6910,0.8110716651870262,0.17449124089587287,-0.09597647149880119,-0.8975029591088394,-1.1135893761064315,-0.7057382458715078,1.611054570862644,-1.532153240747534,-2.254479067690349,-1.4429589414461594,-1.4280041405271802,-1.3270101847111457,32,panivaragu,sandy Loamy soil
6916,0.8110716651870262,0.17449124089587287,-0.09597647149880119,-0.8975029591088394,-1.421341255177312,-0.6925108999456094,-0.6409561891123273,-1.5459050816353128,-2.232885831276674,-1.2832738793248617,-1.323018216189877,-1.2796356899744965,32,panivaragu,sandy Loamy soil
6966,0.8110716651870262,0.17449124089587287,-0.09597647149880119,-0.8975029591088394,0.4251700192479687,-0.7170759709508492,1.0139305057177648,-1.5226111470702992,-2.319258776931372,-1.496187295486592,-1.538822616216556,-1.0281864486799732,32,panivaragu,sandy Loamy soil
6988,0.8110716651870262,0.17449124089587287,-0.09597647149880119,-0.8975029591088394,-0.9597134365709921,-0.7095174875646216,2.685877888123425,-1.538046886842296,-2.375401191606926,-1.4518303337862315,-1.6088132324414248,-1.0099654891658774,32,panivaragu,sandy Loamy soil
7021,-1.100063855269374,0.17449124089587287,-0.6043429600973992,1.114202454544477,3.041060991350448,-0.5488997156072846,1.5428118205603711,-1.1238077613247088,-2.4272249589997448,-1.395644848965775,-1.253027599965008,-1.228617003335028,40,samai,Loamy soil
7104,-1.100063855269374,0.17449124089587287,-0.09597647149880119,-0.8975029591088394,3.041060991350448,-0.2730150720099758,2.566453075094449,-0.5543692886450443,-2.3322147187795768,-1.3424164949253423,-1.4338366918792524,-1.2213286195293895,40,samai,Loamy soil
7134,-1.100063855269374,0.17449124089587287,-0.09597647149880119,-0.8975029591088394,3.041060991350448,-0.35993763095159376,2.259360698734226,-1.014915633478622,-2.276072304104023,-1.4311304183260634,-1.2646927026691528,-1.0792051353194416,40,samai,Loamy soil
7137,-1.100063855269374,0.17449124089587287,-0.6043429600973992,1.114202454544477,3.5026888099567692,-0.41095739380863033,1.832843509345027,-0.8611195353867265,-2.40563172258607,-1.5050586878266643,-1.5096598594561939,-1.1994634681124745,40,samai,Loamy soil
7148,-1.100063855269374,0.17449124089587287,-0.09597647149880119,-0.8975029591088394,3.1949369308858873,-0.25600848439096385,0.38268506542175035,-0.9865700022609554,-2.41426901715154,-1.3601592796054867,-1.083883610754908,-1.2978566494885924,40,samai,Loamy soil
7185,-1.100063855269374,0.17449124089587287,-0.6043429600973992,1.114202454544477,3.34881287042133,-0.34671028502569534,1.9693290099495702,-0.7418433644212965,-2.2933468932349625,-1.2359597868444772,-1.095548713459053,-1.2577705385575813,40,samai,Loamy soil
7198,-1.100063855269374,0.17449124089587287,-0.09597647149880119,-0.8975029591088394,2.8871850518150084,-0.2484500010047361,2.481149637216609,-0.778889139874089,-2.258797714973084,-1.395644848965775,-1.538822616216556,-1.188530892404017,40,samai,Loamy soil
7200,-1.100063855269374,0.17449124089587287,-0.09597647149880119,-0.8975029591088394,2.8871850518150084,-0.49976957359680474,2.5323316999433136,-0.6871166506842169,-2.2156112421457346,-1.3424164949253423,-1.468831999991687,-1.2067518519181129,40,samai,Loamy soil
7217,-1.100063855269374,0.17449124089587287,-0.6043429600973992,1.114202454544477,3.041060991350448,-0.24089151761850863,1.2357194442001485,-0.9018137584219909,-2.4185876644342748,-1.3542450180454384,-1.3288507675419494,-1.1375122057645486,40,samai,Loamy soil
7248,-1.100063855269374,0.17449124089587287,-0.09597647149880119,-0.8975029591088394,3.1949369308858873,-0.46953564005189435,0.3997457529973185,-0.4567031533604097,-2.41426901715154,-1.2596168330846693,-1.5329900648644836,-1.2614147304604006,40,samai,Loamy soil
7252,-1.100063855269374,0.17449124089587287,-0.09597647149880119,-0.8975029591088394,3.041060991350448,-0.4846526068243496,0.9627484429910608,-0.3865406998513332,-2.379719838889661,-1.4577445953462795,-1.323018216189877,-1.246837962849124,40,samai,Loamy soil
7258,-1.100063855269374,0.17449124089587287,-0.09597647149880119,-0.8975029591088394,3.6565647494922087,-0.19743023814769953,0.8092022548109493,-0.6416513808103352,-2.379719838889661,-1.4666159876863516,-1.223864843204646,-1.1120028624448142,40,samai,Loamy soil
7310,-1.100063855269374,0.17449124089587287,-0.09597647149880119,-0.8975029591088394,3.1949369308858873,-0.5148865403692603,1.406326319955828,-0.7482983101441314,-2.224248536711204,-1.4163447644259433,-1.5154924108082664,-1.334298568516784,40,samai,Loamy soil
7334,-1.100063855269374,0.17449124089587287,-0.09597647149880119,-0.8975029591088394,3.6565647494922087,-0.497879952750248,1.4404476951069645,-0.5313560038940671,-2.2156112421457346,-1.4340875491060874,-1.567985372976918,-1.3197218009055074,40,samai,Loamy soil
7343,-1.100063855269374,0.17449124089587287,-0.6043429600973992,1.114202454544477,3.5026888099567692,-0.3826130811102767,0.7409595045086778,-0.7960087785303034,-2.2933468932349625,-1.4607017261263038,-1.5446551675686284,-1.312433417099869,40,samai,Loamy soil
7390,-1.100063855269374,0.17449124089587287,-0.09597647149880119,-0.8975029591088394,3.5026888099567692,-0.2805735553962036,1.611054570862644,-0.7845021361548151,-2.2976655405176976,-1.312845187125102,-1.2938554594295149,-1.1484447814730059,40,samai,Loamy soil
7397,-1.100063855269374,0.17449124089587287,-0.6043429600973992,1.114202454544477,3.1949369308858873,-0.3259244557135695,2.0034503851007064,-0.7547532558669666,-2.224248536711204,-1.2359597868444772,-1.5213249621603386,-1.2176844276265704,40,samai,Loamy soil
7428,-1.100063855269374,0.17449124089587287,-0.09597647149880119,-0.8975029591088394,3.5026888099567692,-0.3826130811102767,0.3656243778461821,-0.630425388248883,-2.237204478559409,-1.4932301647065682,-1.083883610754908,-1.1593773571814636,40,samai,Loamy soil
7437,-1.100063855269374,0.17449124089587287,-0.6043429600973992,1.114202454544477,3.6565647494922087,-0.34859990587225215,1.8499041969205952,-0.9593469702994336,-2.3019841878004326,-1.3010166640050058,-1.3055205621336596,-1.2322611952378473,40,samai,Loamy soil
7454,-1.100063855269374,0.17449124089587287,-0.09597647149880119,-0.8975029591088394,3.5026888099567692,-0.41473663550174394,2.037571760251843,-0.5201300113326148,-2.2674350095385534,-1.398601979745799,-1.381343729710601,-1.1192912462504527,40,samai,Loamy soil
7466,-1.100063855269374,0.17449124089587287,-0.09597647149880119,-0.8975029591088394,3.34881287042133,-0.18231327137524433,0.9968698181421971,-0.5403367979432291,-2.2890282459522275,-1.3601592796054867,-1.4280041405271802,-1.1010702867363569,40,samai,Loamy soil
7475,-1.100063855269374,0.17449124089587287,-0.6043429600973992,1.114202454544477,3.6565647494922087,-0.5205554029089309,0.9115663802643573,-0.8108832186742279,-2.401313075303335,-1.3867734566257028,-1.5329900648644836,-1.2395495790434854,40,samai,Loamy soil
7476,-1.100063855269374,0.17449124089587287,-0.09597647149880119,-0.8975029591088394,3.041060991350448,-0.2673462094703052,1.8499041969205952,-0.6916070477087979,-2.237204478559409,-1.4459160722261835,-1.6146457837934973,-1.246837962849124,40,samai,Loamy soil
7489,-1.100063855269374,0.17449124089587287,-0.6043429600973992,1.114202454544477,3.5026888099567692,-0.3315933182532401,1.6963580087404837,-0.5024490730483278,-2.224248536711204,-1.3867734566257028,-1.2705252540212253,-1.0901377110278991,40,samai,Loamy soil
7561,-1.100063855269374,0.17449124089587287,-0.6043429600973992,1.114202454544477,3.6565647494922087,-0.5073280569830325,0.28032093996834234,-0.45221275633582875,-2.371082544324191,-1.3779020642856306,-1.2763578053732976,-0.9808119539433239,40,samai,Loamy soil
7590,-1.100063855269374,0.17449124089587287,-0.09597647149880119,-0.8975029591088394,3.34881287042133,-0.4487498107397685,2.481149637216609,-0.44239001284455803,-2.40563172258607,-1.31875944868515,-1.5271575135124111,-1.068272559610984,40,samai,Loamy soil
7605,-1.100063855269374,0.17449124089587287,-0.6043429600973992,1.114202454544477,3.041060991350448,-0.22577455084605316,1.8499041969205952,-1.006215489243497,-2.40563172258607,-1.3069309255650539,-1.3171856648378044,-1.2759914980716773,40,samai,Loamy soil
7631,-1.100063855269374,0.17449124089587287,-0.6043429600973992,1.114202454544477,2.8871850518150084,-0.2465603801581793,2.2252393235830894,-0.9750633598854668,-2.40563172258607,-1.3365022333652943,-1.2938554594295149,-1.0026771053602388,40,samai,Loamy soil
7639,-1.100063855269374,0.17449124089587287,-0.6043429600973992,1.114202454544477,3.041060991350448,-0.5281138862951584,2.4982103247921774,-1.018564081061094,-2.2501604204076138,-1.4252161567660153,-1.0897161621069804,-1.2359053871406662,40,samai,Loamy soil
7691,-1.100063855269374,0.17449124089587287,-0.6043429600973992,1.114202454544477,3.1949369308858873,-0.25033962185129316,2.0887538229785463,-0.6534386729998601,-2.4185876644342748,-1.484358772366496,-1.1013812648111252,-1.1484447814730059,40,samai,Loamy soil
7784,-1.100063855269374,0.17449124089587287,-0.09597647149880119,-0.8975029591088394,3.6565647494922087,-0.25222924269784996,0.8262629423865175,-0.41320243218478225,-2.379719838889661,-1.490273033926544,-1.5329900648644836,-1.1921750843068362,40,samai,Loamy soil
7831,-1.100063855269374,0.17449124089587287,-0.6043429600973992,1.114202454544477,3.5026888099567692,-0.2654565886237484,0.7068381293575413,-1.0738520944262464,-2.2199298894284696,-1.478444510806448,-1.3638460756543838,-1.3087892251970499,40,samai,Loamy soil
7859,-1.100063855269374,0.17449124089587287,-0.6043429600973992,1.114202454544477,3.34881287042133,-0.35048952671880923,2.4470282620654737,-1.1210012631843458,-2.3322147187795768,-1.398601979745799,-1.253027599965008,-1.1192912462504527,40,samai,Loamy soil
7865,-1.100063855269374,0.17449124089587287,-0.6043429600973992,1.114202454544477,2.8871850518150084,-0.41095739380863033,2.1058145105541146,-0.6590516692805863,-2.40563172258607,-1.4518303337862315,-1.1072138161631977,-1.1593773571814636,40,samai,Loamy soil
7875,-1.100063855269374,0.17449124089587287,-0.6043429600973992,1.114202454544477,3.5026888099567692,-0.39395080618961803,1.2186587566245801,-0.8501741926393107,-2.2933468932349625,-1.5109729493867121,-1.6146457837934973,-1.166665740987102,40,samai,Loamy soil
7879,-1.100063855269374,0.17449124089587287,-0.6043429600973992,1.114202454544477,3.041060991350448,-0.5262242654486016,1.3722049448046916,-0.8350191026813502,-2.3581266024759864,-1.3069309255650539,-1.0722185080507631,-1.0136096810686963,40,samai,Loamy soil
7904,-1.100063855269374,0.17449124089587287,-0.09597647149880119,-0.8975029591088394,3.5026888099567692,-0.25033962185129316,0.8945056926887891,-0.6888005495684347,-2.224248536711204,-1.413387633645919,-1.2121997405005012,-1.0500516000968882,40,samai,Loamy soil
7917,-1.100063855269374,0.17449124089587287,-0.6043429600973992,1.114202454544477,3.34881287042133,-0.4015092895758458,2.4129068869143375,-0.8731874773902876,-2.2199298894284696,-1.2891881408849095,-1.2996880107815874,-1.024542256777154,40,samai,Loamy soil
7963,-1.100063855269374,0.17449124089587287,-0.6043429600973992,1.114202454544477,3.1949369308858873,-0.2182160674598257,0.5191705660262941,-0.6242510923400845,-2.241523125842144,-1.5109729493867121,-1.4105064864709629,-1.2832798818773157,40,samai,Loamy soil
7971,-1.100063855269374,0.17449124089587287,-0.6043429600973992,1.114202454544477,3.5026888099567692,-0.3901715644965042,2.4129068869143375,-0.5417400470134106,-2.2717536568212884,-1.481401641586472,-1.323018216189877,-1.2614147304604006,40,samai,Loamy soil
8105,-1.100063855269374,0.17449124089587287,-0.6043429600973992,1.114202454544477,-1.729093134248192,-0.40717815211551645,0.09265337663709511,-0.3842955013390429,-2.4229063117170098,-1.3039737947850298,-1.2180322918525734,-1.2796356899744965,50,thinai,Loamy soil
8113,-1.100063855269374,0.17449124089587287,-0.6043429600973992,1.114202454544477,-0.6519615575001118,-0.458197914972553,-0.6068348139611915,-0.9632760676959418,-2.375401191606926,-1.2684882254247414,-1.3055205621336596,-1.2249728114322087,50,thinai,Loamy soil
8120,-1.482290959360654,0.17449124089587287,-0.09597647149880119,-0.8975029591088394,-0.8058374970355525,-0.39395080618961803,-0.7262596269901671,-0.8782391740429413,-2.319258776931372,-1.5139300801667361,-1.5563202702727732,-1.330654376613965,50,thinai,Alluvial soil
8163,-1.100063855269374,0.17449124089587287,-0.6043429600973992,1.114202454544477,0.11741814017708838,-0.3977300478827319,-0.29974243760096814,-0.5103072678413442,-2.2501604204076138,-1.2921452716649338,-1.6088132324414248,-1.3087892251970499,50,thinai,Loamy soil
8168,-1.482290959360654,0.17449124089587287,-0.09597647149880119,-0.8975029591088394,-0.8058374970355525,-0.41284701465518714,-0.1461962494208567,-0.015521645695337033,-2.2717536568212884,-1.5080158186066883,-1.0897161621069804,-1.064628367708165,50,thinai,Alluvial soil
8170,-1.482290959360654,0.17449124089587287,-0.09597647149880119,-0.8975029591088394,-0.6519615575001118,-0.37316497687749217,0.3656243778461821,-0.9102332528430801,-2.232885831276674,-1.5139300801667361,-1.323018216189877,-1.2614147304604006,50,thinai,Alluvial soil
8235,-1.100063855269374,0.17449124089587287,-0.6043429600973992,1.114202454544477,-1.421341255177312,-0.3788338394171628,-0.29974243760096814,-0.8563484885481092,-2.2156112421457346,-1.2418740484045252,-1.4746645513437595,-1.1192912462504527,50,thinai,Loamy soil
8273,-1.100063855269374,0.17449124089587287,-0.6043429600973992,1.114202454544477,-0.036457799358352465,-0.4411913273535407,0.17795681451493492,0.02180477957149184,-2.2890282459522275,-1.484358772366496,-1.5738179243289905,-1.2395495790434854,50,thinai,Loamy soil
8277,-1.100063855269374,0.17449124089587287,-0.6043429600973992,1.114202454544477,0.11741814017708838,-0.3693857351843783,-0.2826817500253999,-0.8731874773902876,-2.2933468932349625,-1.407473372085871,-1.0780510594028356,-1.0099654891658774,50,thinai,Loamy soil
8281,-1.100063855269374,0.17449124089587287,-0.6043429600973992,1.114202454544477,-0.19033373889379193,-0.40339891042240256,0.3997457529973185,-0.2776485720052467,-2.2501604204076138,-1.4488732030062077,-1.2063671891484287,-1.2322611952378473,50,thinai,Loamy soil
8315,-1.100063855269374,0.17449124089587287,-0.6043429600973992,1.114202454544477,0.27129407971252784,-0.4260743605810855,0.26326025239277473,-0.4480030091252841,-2.276072304104023,-1.3749449335056068,-1.6088132324414248,-1.0536957919997074,50,thinai,Loamy soil
8338,-1.482290959360654,0.17449124089587287,-0.09597647149880119,-0.8975029591088394,-1.1135893761064315,-0.41473663550174394,-0.3679851879032397,-0.657087120582332,-2.3538079551932514,-1.4725302492463999,-1.2121997405005012,-1.1338680138617294,50,thinai,Alluvial soil
8339,-1.100063855269374,0.17449124089587287,-0.6043429600973992,1.114202454544477,-1.1135893761064315,-0.4468601898932114,0.6385953790552698,-0.7480176603300954,-2.284709598669493,-1.4193018952059673,-1.2938554594295149,-1.2978566494885924,50,thinai,Loamy soil
8352,-1.482290959360654,0.17449124089587287,-0.09597647149880119,-0.8975029591088394,0.5790459587834081,-0.45252905243288205,-0.7262596269901671,-0.2905584634509168,-2.3926757807378656,-1.4932301647065682,-1.3638460756543838,-1.3087892251970499,50,thinai,Alluvial soil
8353,-1.100063855269374,0.17449124089587287,-0.6043429600973992,1.114202454544477,0.27129407971252784,-0.3674961143378212,-0.5044706885077835,-0.8493322431972016,-2.40563172258607,-1.4370446798861114,-1.6379759892017869,-1.1229354381532717,50,thinai,Loamy soil
8375,-1.100063855269374,0.17449124089587287,-0.6043429600973992,1.114202454544477,-1.421341255177312,-0.4317432231207562,-0.6580168766878955,-0.17521138988199503,-2.2112925948629996,-1.490273033926544,-1.6204783351455698,-1.0281864486799732,50,thinai,Loamy soil
8399,-1.100063855269374,0.17449124089587287,-0.6043429600973992,1.114202454544477,0.27129407971252784,-0.45063943158632525,-0.6238955015367591,-0.6812230045894544,-2.3538079551932514,-1.2655310946447174,-1.5446551675686284,-1.1047144786391758,50,thinai,Loamy soil
8411,-1.100063855269374,0.17449124089587287,-0.6043429600973992,1.114202454544477,0.11741814017708838,-0.3826130811102767,0.31444231511947873,-0.04835767393758463,-2.323577424214107,-1.3631164103855105,-1.1888695350922114,-1.1739541247927403,50,thinai,Loamy soil
8419,-1.100063855269374,0.17449124089587287,-0.6043429600973992,1.114202454544477,-1.2674653156418723,-0.458197914972553,-0.0608928115430169,-0.37250820914951793,-2.40563172258607,-1.481401641586472,-1.1072138161631977,-1.0828493272222608,50,thinai,Loamy soil
8442,-1.482290959360654,0.17449124089587287,-0.09597647149880119,-0.8975029591088394,0.4251700192479687,-0.4185158771948578,-0.2656210624498323,-0.4884165823465124,-2.2717536568212884,-1.2744024869847894,-1.3696786270064563,-1.2832798818773157,50,thinai,Alluvial soil
8457,-1.100063855269374,0.17449124089587287,-0.6043429600973992,1.114202454544477,0.27129407971252784,-0.4317432231207562,0.7068381293575413,-0.5470723934801003,-2.2890282459522275,-1.5050586878266643,-1.6379759892017869,-1.2504821547519431,50,thinai,Loamy soil
8462,-1.482290959360654,0.17449124089587287,-0.09597647149880119,-0.8975029591088394,0.4251700192479687,-0.45252905243288205,0.3485636902706145,-0.9063041554465718,-2.237204478559409,-1.4045162413058472,-1.5854830270331353,-1.0391190243884307,50,thinai,Alluvial soil
8472,-1.482290959360654,0.17449124089587287,-0.09597647149880119,-0.8975029591088394,-1.421341255177312,-0.4374120856604269,0.2973816275439105,-0.1044876367448458,-2.258797714973084,-1.2773596177648134,-1.5213249621603386,-1.1047144786391758,50,thinai,Alluvial soil
8481,-1.100063855269374,0.17449124089587287,-0.6043429600973992,1.114202454544477,-0.8058374970355525,-0.40528853126895936,-0.18031762457199252,-0.1564078523415624,-2.3365333660623118,-1.4725302492463999,-1.223864843204646,-1.1192912462504527,50,thinai,Loamy soil
8529,-1.100063855269374,0.17449124089587287,-0.6043429600973992,1.114202454544477,-0.036457799358352465,-0.40906777296207325,0.1950175020905025,-0.043305977284931255,-2.3624452497587214,-1.3483307564853904,-1.4163390378230354,-1.0063212972630582,50,thinai,Loamy soil
8535,-1.100063855269374,0.17449124089587287,-0.6043429600973992,1.114202454544477,-0.9597134365709921,-0.45063943158632525,-0.6921382518390313,-0.5888892157715099,-2.3624452497587214,-1.4932301647065682,-1.4513343459354697,-1.254126346654762,50,thinai,Loamy soil
8536,-1.482290959360654,0.17449124089587287,-0.09597647149880119,-0.8975029591088394,-0.49808561796467227,-0.4260743605810855,0.17795681451493492,-0.9860087026328826,-2.2501604204076138,-1.395644848965775,-1.11304636751527,-1.046407408194069,50,thinai,Alluvial soil
8577,-1.100063855269374,0.17449124089587287,-0.6043429600973992,1.114202454544477,-0.6519615575001118,-0.3882819436499474,0.46798850329959013,-1.0398934669278534,-2.3883571334551306,-1.2921452716649338,-1.538822616216556,-0.9771677620405046,50,thinai,Loamy soil
8660,-1.482290959360654,0.17449124089587287,-0.09597647149880119,-0.8975029591088394,0.5790459587834081,-0.40906777296207325,0.43386712814845435,-0.28662936605440825,-2.2199298894284696,-1.33354510258527,-1.439669243231325,-1.0974260948335375,50,thinai,Alluvial soil
8697,-1.100063855269374,0.17449124089587287,-0.6043429600973992,1.114202454544477,-1.1135893761064315,-0.3788338394171628,-0.3679851879032397,-0.5577370864134799,-2.319258776931372,-1.490273033926544,-1.11304636751527,-1.2869240737801348,50,thinai,Loamy soil
8717,-1.100063855269374,0.17449124089587287,-0.6043429600973992,1.114202454544477,-1.1135893761064315,-0.3882819436499474,0.6727167542064055,-0.5249010581712322,-2.2976655405176976,-1.3512878872654144,-1.1072138161631977,-1.1156470543476333,50,thinai,Loamy soil
8746,-1.482290959360654,0.17449124089587287,-0.09597647149880119,-0.8975029591088394,-1.5752171947127527,-0.3901715644965042,-0.1291355618452885,-0.35594987012137597,-2.3365333660623118,-1.4252161567660153,-1.3871762810626733,-1.2359053871406662,50,thinai,Alluvial soil
8761,-1.100063855269374,0.17449124089587287,-0.6043429600973992,1.114202454544477,-0.19033373889379193,-0.4468601898932114,0.604474003904134,-0.3702630106372276,-2.375401191606926,-1.4400018106661354,-1.3580135243023115,-1.246837962849124,50,thinai,Loamy soil
8767,-1.100063855269374,0.17449124089587287,-0.6043429600973992,1.114202454544477,-1.1135893761064315,-0.3826130811102767,-0.7603810021413029,-0.8543839398498553,-2.2976655405176976,-1.410430502865895,-1.2471950486129355,-1.0281864486799732,50,thinai,Loamy soil
8770,-1.482290959360654,0.17449124089587287,-0.09597647149880119,-0.8975029591088394,-0.9597134365709921,-0.45441867327943913,-0.3850458754788079,-0.2212379593839491,-2.2631163622558184,-1.4932301647065682,-1.2880229080774424,-1.2395495790434854,50,thinai,Alluvial soil
8797,-1.100063855269374,0.17449124089587287,-0.6043429600973992,1.114202454544477,-0.036457799358352465,-0.40339891042240256,-0.026771436391880492,-0.9281948409414036,-2.280390951386758,-1.4400018106661354,-1.6146457837934973,-1.3160776090026882,50,thinai,Loamy soil
8809,-1.100063855269374,0.17449124089587287,-0.6043429600973992,1.114202454544477,0.4251700192479687,-0.458197914972553,0.6727167542064055,-0.32142994299491046,-2.2933468932349625,-1.2625739638646933,-1.381343729710601,-1.2395495790434854,50,thinai,Loamy soil
8906,-1.482290959360654,0.17449124089587287,-0.09597647149880119,-0.8975029591088394,-0.8058374970355525,-0.3807234602637196,0.1438354393637991,-0.2897165140088077,-2.2933468932349625,-1.2773596177648134,-1.5154924108082664,-0.9881003377489622,50,thinai,Alluvial soil
8960,-1.482290959360654,0.17449124089587287,-0.09597647149880119,-0.8975029591088394,-0.3442096784292314,-0.4355224648138701,0.604474003904134,-1.0241770773418204,-2.280390951386758,-1.3719878027255827,-1.1305440215714873,-1.1120028624448142,50,thinai,Alluvial soil
8977,-1.100063855269374,0.17449124089587287,-0.6043429600973992,1.114202454544477,-0.036457799358352465,-0.3807234602637196,0.09265337663709511,-0.2756840233069924,-2.2717536568212884,-1.4695731184663758,-1.2938554594295149,-1.126579630056091,50,thinai,Loamy soil
9009,-1.291177407315014,0.17449124089587287,-0.6043429600973992,1.114202454544477,-1.5752171947127527,0.20127976047580787,0.22913887724163892,-0.45221275633582875,-2.2890282459522275,-1.2773596177648134,-1.4629994486396145,-1.0500516000968882,53,varagu,Clay soil
9043,-1.291177407315014,0.17449124089587287,-0.6043429600973992,1.114202454544477,-1.5752171947127527,0.20127976047580787,0.33150300269504634,-0.8047089227654289,-2.3883571334551306,-1.4370446798861114,-1.0663859566986909,-1.2504821547519431,53,varagu,Clay soil
9059,-1.291177407315014,0.17449124089587287,-0.6043429600973992,1.114202454544477,-1.421341255177312,0.20127976047580787,0.2461995648172065,-0.7003071919439234,-2.2717536568212884,-1.3572021488254624,-1.2646927026691528,-1.0318306405827924,53,varagu,Clay soil
9063,-1.291177407315014,0.17449124089587287,-0.6043429600973992,1.114202454544477,-1.5752171947127527,0.20127976047580787,0.09265337663709511,0.0015979929608776898,-2.228567183993939,-1.5080158186066883,-1.5329900648644836,-1.2650589223632198,53,varagu,Clay soil
9081,-1.291177407315014,0.17449124089587287,-0.6043429600973992,1.114202454544477,-0.9597134365709921,0.20127976047580787,0.09265337663709511,-0.955137223088889,-2.3624452497587214,-1.3719878027255827,-1.1772044323880666,-1.2759914980716773,53,varagu,Clay soil
9097,-1.291177407315014,0.17449124089587287,-0.6043429600973992,1.114202454544477,-0.49808561796467227,0.20127976047580787,0.1097140642126627,-0.004856952761957218,-2.4185876644342748,-1.3838163258456788,-1.3463484215981665,-1.2614147304604006,53,varagu,Clay soil
9142,-1.291177407315014,0.17449124089587287,-0.09597647149880119,1.114202454544477,-0.8058374970355525,0.20127976047580787,0.3656243778461821,-0.31301044857382126,-2.314940129648637,-1.4636588569063278,-1.4046739351188906,-1.2322611952378473,53,varagu,Clay soil
9163,-1.291177407315014,0.17449124089587287,-0.6043429600973992,1.114202454544477,-0.8058374970355525,0.20127976047580787,0.3656243778461821,-0.19934727388911738,-2.3969944280206,-1.4695731184663758,-1.5854830270331353,-1.1083586705419952,53,varagu,Clay soil
9199,-1.291177407315014,0.17449124089587287,-0.6043429600973992,1.114202454544477,-1.5752171947127527,0.20127976047580787,0.1097140642126627,-0.14125276238360193,-2.409950369868805,-1.4163447644259433,-1.153874226979777,-1.1192912462504527,53,varagu,Clay soil
9200,-1.291177407315014,0.17449124089587287,-0.09597647149880119,1.114202454544477,-1.421341255177312,0.20127976047580787,0.22913887724163892,-0.3758760069179537,-2.3538079551932514,-1.3542450180454384,-1.4455017945833974,-1.334298568516784,53,varagu,Clay soil
9207,-1.291177407315014,0.17449124089587287,-0.6043429600973992,1.114202454544477,-0.3442096784292314,0.20127976047580787,0.21207818966607073,-0.8375449510076769,-2.2458417731248788,-1.5080158186066883,-1.2296973945567182,-1.1047144786391758,53,varagu,Clay soil
9247,-1.291177407315014,0.17449124089587287,-0.6043429600973992,1.114202454544477,-1.421341255177312,0.20127976047580787,0.33150300269504634,-0.6054475547996518,-2.254479067690349,-1.4607017261263038,-1.253027599965008,-1.312433417099869,53,varagu,Clay soil
9280,-1.291177407315014,0.17449124089587287,-0.09597647149880119,1.114202454544477,-0.6519615575001118,0.20127976047580787,0.2461995648172065,-0.31553629690014795,-2.379719838889661,-1.2744024869847894,-1.398841383766818,-1.1812425085983786,53,varagu,Clay soil
9313,-1.291177407315014,0.17449124089587287,-0.6043429600973992,1.114202454544477,-0.3442096784292314,0.20127976047580787,0.12677475178823092,-0.9096719532150073,-2.3063028350831676,-1.3601592796054867,-1.5271575135124111,-1.2140402357237514,53,varagu,Clay soil
9324,-1.291177407315014,0.17449124089587287,-0.09597647149880119,1.114202454544477,-1.2674653156418723,0.20127976047580787,0.05853200148595931,-1.0022863918469882,-2.224248536711204,-1.2832738793248617,-1.626310886497642,-1.2504821547519431,53,varagu,Clay soil
9364,-1.291177407315014,0.17449124089587287,-0.09597647149880119,1.114202454544477,-0.49808561796467227,0.20127976047580787,0.2461995648172065,-0.5167622135641791,-2.327896071496842,-1.3660735411655345,-1.626310886497642,-1.3160776090026882,53,varagu,Clay soil
9416,-1.291177407315014,0.17449124089587287,-0.09597647149880119,1.114202454544477,-1.5752171947127527,0.20127976047580787,0.31444231511947873,-0.5594209852976977,-2.241523125842144,-1.407473372085871,-1.1480416756277045,-1.2869240737801348,53,varagu,Clay soil
9433,-1.291177407315014,0.17449124089587287,-0.6043429600973992,1.114202454544477,-0.8058374970355525,0.20127976047580787,0.1438354393637991,-0.3727888589635543,-2.340852013345047,-1.398601979745799,-1.153874226979777,-1.0901377110278991,53,varagu,Clay soil
9442,-1.291177407315014,0.17449124089587287,-0.09597647149880119,1.114202454544477,-0.9597134365709921,0.20127976047580787,0.16089612693936672,-0.22909615417696555,-2.40563172258607,-1.398601979745799,-1.2938554594295149,-1.0208980648743347,53,varagu,Clay soil
9445,-1.291177407315014,0.17449124089587287,-0.6043429600973992,1.114202454544477,-0.3442096784292314,0.20127976047580787,0.07559268906152691,-0.37475340766180854,-2.2717536568212884,-1.2211741329443568,-1.4046739351188906,-0.9808119539433239,53,varagu,Clay soil
9453,-1.291177407315014,0.17449124089587287,-0.6043429600973992,1.114202454544477,-0.3442096784292314,0.20127976047580787,0.05853200148595931,0.01759503236094725,-2.2156112421457346,-1.4607017261263038,-1.4338366918792524,-1.2359053871406662,53,varagu,Clay soil
9510,-1.291177407315014,0.17449124089587287,-0.09597647149880119,1.114202454544477,-0.8058374970355525,0.20127976047580787,0.31444231511947873,-0.03292193416558781,-2.345170660627782,-1.4488732030062077,-1.2763578053732976,-1.305145033294231,53,varagu,Clay soil
9582,-1.291177407315014,0.17449124089587287,-0.09597647149880119,1.114202454544477,-1.5752171947127527,0.20127976047580787,0.2461995648172065,-0.6677518135157119,-2.2501604204076138,-1.3897305874057269,-1.6321434378497146,-1.2942124575857732,53,varagu,Clay soil
9608,-1.291177407315014,0.17449124089587287,-0.09597647149880119,1.114202454544477,-1.2674653156418723,0.20127976047580787,0.28032093996834234,-0.1482690077345096,-2.3840384861723956,-1.50210155704664,-1.124711470219415,-1.2213286195293895,53,varagu,Clay soil
9646,-1.291177407315014,0.17449124089587287,-0.09597647149880119,1.114202454544477,-1.2674653156418723,0.20127976047580787,0.09265337663709511,-0.9832022044925196,-2.3538079551932514,-1.3010166640050058,-1.3171856648378044,-1.1958192762096556,53,varagu,Clay soil
9654,-1.291177407315014,0.17449124089587287,-0.09597647149880119,1.114202454544477,-1.2674653156418723,0.20127976047580787,0.31444231511947873,-0.3497755742125771,-2.345170660627782,-1.3631164103855105,-1.153874226979777,-1.064628367708165,53,varagu,Clay soil
9706,-1.291177407315014,0.17449124089587287,-0.09597647149880119,1.114202454544477,-0.8058374970355525,0.20127976047580787,0.21207818966607073,-0.14097211256956557,-2.2933468932349625,-1.499144426266616,-1.1072138161631977,-0.9953887215546006,53,varagu,Clay soil
9740,-1.291177407315014,0.17449124089587287,-0.09597647149880119,1.114202454544477,-0.6519615575001118,0.20127976047580787,0.31444231511947873,-0.7191107294843557,-2.379719838889661,-1.496187295486592,-1.4105064864709629,-1.1192912462504527,53,varagu,Clay soil
9745,-1.291177407315014,0.17449124089587287,-0.6043429600973992,1.114202454544477,-0.9597134365709921,0.20127976047580787,0.1438354393637991,-0.039096230074386666,-2.2933468932349625,-1.3749449335056068,-1.3405158702460942,-0.9771677620405046,53,varagu,Clay soil
9773,-1.291177407315014,0.17449124089587287,-0.6043429600973992,1.114202454544477,-0.9597134365709921,0.20127976047580787,0.1097140642126627,-0.5880472663294011,-2.2501604204076138,-1.2832738793248617,-1.1188789188673425,-1.210396043820932,53,varagu,Clay soil
9780,-1.291177407315014,0.17449124089587287,-0.09597647149880119,1.114202454544477,-0.3442096784292314,0.20127976047580787,0.28032093996834234,-1.0379289182295992,-2.314940129648637,-1.2211741329443568,-1.28219035672537,-0.9808119539433239,53,varagu,Clay soil
9810,-1.291177407315014,0.17449124089587287,-0.09597647149880119,1.114202454544477,-1.1135893761064315,0.20127976047580787,0.2973816275439105,-0.9579437212292521,-2.276072304104023,-1.50210155704664,-1.5796504756810628,-1.2796356899744965,53,varagu,Clay soil
9819,-1.291177407315014,0.17449124089587287,-0.6043429600973992,1.114202454544477,-1.2674653156418723,0.20127976047580787,0.1097140642126627,-0.6669098640736028,-2.2458417731248788,-1.3601592796054867,-1.183036983740139,-0.9953887215546006,53,varagu,Clay soil
9836,-1.291177407315014,0.17449124089587287,-0.09597647149880119,1.114202454544477,-1.421341255177312,0.20127976047580787,0.22913887724163892,-0.4564225035463733,-2.327896071496842,-1.48731590314652,-1.2996880107815874,-1.046407408194069,53,varagu,Clay soil
9848,-1.291177407315014,0.17449124089587287,-0.09597647149880119,1.114202454544477,-1.5752171947127527,0.20127976047580787,0.21207818966607073,-0.8226705108637525,-2.3969944280206,-1.2566597023046453,-1.6029806810893525,-1.1557331652786444,53,varagu,Clay soil
9851,-1.291177407315014,0.17449124089587287,-0.6043429600973992,1.114202454544477,-0.19033373889379193,0.20127976047580787,0.1438354393637991,-0.2178701616155133,-2.327896071496842,-1.422259025985991,-1.5096598594561939,-1.2905682656829538,53,varagu,Clay soil
9858,-1.291177407315014,0.17449124089587287,-0.09597647149880119,1.114202454544477,-0.6519615575001118,0.20127976047580787,0.33150300269504634,-1.032877221576946,-2.3926757807378656,-1.4725302492463999,-1.398841383766818,-1.046407408194069,53,varagu,Clay soil
9948,-1.291177407315014,0.17449124089587287,-0.09597647149880119,1.114202454544477,-0.49808561796467227,0.20127976047580787,0.16089612693936672,-0.42807687232870667,-2.4185876644342748,-1.5080158186066883,-1.4571668972875422,-1.024542256777154,53,varagu,Clay soil
9949,-1.291177407315014,0.17449124089587287,-0.6043429600973992,1.114202454544477,-0.49808561796467227,0.20127976047580787,0.09265337663709511,-0.2661419296297581,-2.3926757807378656,-1.2625739638646933,-1.3346833188940217,-1.1338680138617294,53,varagu,Clay soil
9955,-1.291177407315014,0.17449124089587287,-0.6043429600973992,1.114202454544477,-0.19033373889379193,0.20127976047580787,0.22913887724163892,-0.48252293625174997,-2.2976655405176976,-1.3897305874057269,-1.6321434378497146,-1.1921750843068362,53,varagu,Clay soil
10056,-1.100063855269374,0.17449124089587287,-0.09597647149880119,1.114202454544477,-1.1135893761064315,-0.5602374406866258,-0.8115630648680069,-1.014634983664586,-2.401313075303335,-1.0999317709633714,-1.6204783351455698,-1.024542256777154,28,kudiraivali,Loamy soil
10075,-1.100063855269374,0.17449124089587287,-0.6043429600973992,1.114202454544477,0.11741814017708838,-0.5980298576177641,-0.8115630648680069,-0.44042546414630407,-2.327896071496842,-0.8988468779217371,-1.5213249621603386,-1.1739541247927403,28,kudiraivali,Loamy soil
10086,-1.100063855269374,0.17449124089587287,-0.09597647149880119,1.114202454544477,-0.49808561796467227,-0.639601516242016,-0.8115630648680069,-0.2899971638228441,-2.40563172258607,-1.1738600404639723,-0.6872701188139841,-0.7147859450375238,28,kudiraivali,Loamy soil
10106,-1.100063855269374,0.17449124089587287,-0.09597647149880119,1.114202454544477,0.4251700192479687,-0.45441867327943913,-0.8115630648680069,-0.7272495740914084,-2.224248536711204,-0.6415765000596461,-1.1363765729235598,-1.0573399839025266,28,kudiraivali,Loamy soil
10140,-1.100063855269374,0.17449124089587287,-0.09597647149880119,1.114202454544477,-0.036457799358352465,-0.41095739380863033,-0.8115630648680069,-1.0424193152541803,-2.349489307910517,-0.7066333772201749,-0.6231120539411876,-0.7402952883572582,28,kudiraivali,Loamy soil
10170,-1.100063855269374,0.17449124089587287,-0.09597647149880119,1.114202454544477,-0.6519615575001118,-0.45630829412599594,-0.8115630648680069,-0.7129364335755571,-2.2501604204076138,-0.7273332926803431,-1.1013812648111252,-1.2504821547519431,28,kudiraivali,Loamy soil
10173,-1.100063855269374,0.17449124089587287,-0.6043429600973992,1.114202454544477,-1.2674653156418723,-0.5677959240728536,-0.8115630648680069,-0.478032539227169,-2.4229063117170098,-1.2182170021643328,-1.5271575135124111,-1.08649351912508,28,kudiraivali,Loamy soil
10193,-1.100063855269374,0.17449124089587287,-0.6043429600973992,1.114202454544477,-0.9597134365709921,-0.5640166823797398,-0.8115630648680069,-0.27792922181928303,-2.2199298894284696,-0.7716902543807036,-0.7455956323347083,-1.1848867005011978,28,kudiraivali,Loamy soil
10270,-1.100063855269374,0.17449124089587287,-0.09597647149880119,1.114202454544477,-1.5752171947127527,-0.6320430328557883,-0.8115630648680069,-0.6509128246735335,-2.258797714973084,-0.6681906770798623,-1.4746645513437595,-1.0536957919997074,28,kudiraivali,Loamy soil
10309,-1.100063855269374,0.17449124089587287,-0.6043429600973992,1.114202454544477,-0.036457799358352465,-0.41662625634830097,-0.8115630648680069,-0.46428069833939006,-2.345170660627782,-1.0910603786232993,-1.2121997405005012,-0.9953887215546006,28,kudiraivali,Loamy soil
10310,-1.100063855269374,0.17449124089587287,-0.09597647149880119,1.114202454544477,-1.1135893761064315,-0.2767943137030897,-0.8115630648680069,-0.9587856706713609,-2.2890282459522275,-0.7273332926803431,-1.4513343459354697,-1.0755609434166225,28,kudiraivali,Loamy soil
10349,-1.100063855269374,0.17449124089587287,-0.6043429600973992,1.114202454544477,0.4251700192479687,-0.6471599996282438,-0.8115630648680069,-0.4030990388794752,-2.371082544324191,-1.1147174248634917,-1.4863296540479043,-0.8459768535390143,28,kudiraivali,Loamy soil
10423,-1.100063855269374,0.17449124089587287,-0.6043429600973992,1.114202454544477,-0.036457799358352465,-0.5640166823797398,-0.8115630648680069,-0.2344285006436556,-2.254479067690349,-0.6918477233200547,-1.013892994530039,-1.0026771053602388,28,kudiraivali,Loamy soil
10476,-1.100063855269374,0.17449124089587287,-0.09597647149880119,1.114202454544477,-0.3442096784292314,-0.2767943137030897,-0.8115630648680069,-0.325639690205455,-2.3883571334551306,-0.8160472160810641,-0.9380698269530977,-0.9334374592066745,28,kudiraivali,Loamy soil
10485,-1.100063855269374,0.17449124089587287,-0.6043429600973992,1.114202454544477,-0.8058374970355525,-0.3693857351843783,-0.8115630648680069,0.034995320831198024,-2.319258776931372,-0.7716902543807036,-0.5181261296038844,-0.9261490754010362,28,kudiraivali,Loamy soil
10515,-1.100063855269374,0.17449124089587287,-0.6043429600973992,1.114202454544477,-0.49808561796467227,-0.3315933182532401,-0.8115630648680069,-0.907426754702717,-2.2890282459522275,-0.6918477233200547,-0.5472888863642464,-1.0136096810686963,28,kudiraivali,Loamy soil
10526,-1.100063855269374,0.17449124089587287,-0.09597647149880119,1.114202454544477,-1.2674653156418723,-0.2749046928565329,-0.8115630648680069,-0.8061121718356105,-2.2976655405176976,-1.0112178475626503,-0.6872701188139841,-0.6564788745924169,28,kudiraivali,Loamy soil
10541,-1.100063855269374,0.17449124089587287,-0.6043429600973992,1.114202454544477,-0.19033373889379193,-0.45252905243288205,-0.8115630648680069,-0.02590568881468016,-2.3926757807378656,-0.9639037550822658,-1.3463484215981665,-0.7330069045516197,28,kudiraivali,Loamy soil
10589,-1.100063855269374,0.17449124089587287,-0.6043429600973992,1.114202454544477,-0.8058374970355525,-0.5753544074590811,-0.8115630648680069,-0.191769728910137,-2.371082544324191,-0.7598617312606075,-0.8039211458554324,-0.8277558940249184,28,kudiraivali,Loamy soil
10595,-1.100063855269374,0.17449124089587287,-0.6043429600973992,1.114202454544477,0.11741814017708838,-0.3826130811102767,-0.8115630648680069,-0.656806470768296,-2.3063028350831676,-0.6474907616196942,-0.868079210728229,-1.0318306405827924,28,kudiraivali,Loamy soil
10614,-1.100063855269374,0.17449124089587287,-0.09597647149880119,1.114202454544477,-1.5752171947127527,-0.4411913273535407,-0.8115630648680069,-0.4962747771395289,-2.2890282459522275,-0.6770620694199346,-1.5329900648644836,-0.8496210454418335,28,kudiraivali,Loamy soil
10624,-1.100063855269374,0.17449124089587287,-0.09597647149880119,1.114202454544477,-0.8058374970355525,-0.5186657820623738,-0.8115630648680069,-0.33097203667214475,-2.232885831276674,-1.0378320245828667,-0.5997818485328981,-1.3015008413914115,28,kudiraivali,Loamy soil
10631,-1.100063855269374,0.17449124089587287,-0.6043429600973992,1.114202454544477,0.11741814017708838,-0.5356723696813861,-0.8115630648680069,-1.0808683397771541,-2.258797714973084,-0.8426613931012805,-1.171371881035994,-0.6783440260093321,28,kudiraivali,Loamy soil
10639,-1.100063855269374,0.17449124089587287,-0.6043429600973992,1.114202454544477,-0.49808561796467227,-0.3410414224860247,-0.8115630648680069,-0.2591256842788504,-2.284709598669493,-1.1088031633034436,-1.4455017945833974,-0.8714861968587484,28,kudiraivali,Loamy soil
10695,-1.100063855269374,0.17449124089587287,-0.6043429600973992,1.114202454544477,-0.19033373889379193,-0.5243346446020448,-0.8115630648680069,-0.07698395496928796,-2.314940129648637,-0.7687331236006797,-1.2763578053732976,-1.0974260948335375,28,kudiraivali,Loamy soil
10795,-1.100063855269374,0.17449124089587287,-0.6043429600973992,1.114202454544477,-0.036457799358352465,-0.4922110902105773,-0.8115630648680069,-0.40366033850754796,-2.2501604204076138,-1.1354173403236598,-1.5329900648644836,-0.7257185207459812,28,kudiraivali,Loamy soil
10802,-1.100063855269374,0.17449124089587287,-0.09597647149880119,1.114202454544477,0.27129407971252784,-0.310807488941114,-0.8115630648680069,-0.11066193265364466,-2.3883571334551306,-0.9195467933819053,-1.2471950486129355,-1.228617003335028,28,kudiraivali,Loamy soil
10830,-1.100063855269374,0.17449124089587287,-0.09597647149880119,1.114202454544477,-1.729093134248192,-0.49976957359680474,-0.8115630648680069,-0.029554136397152327,-2.2717536568212884,-0.884061224021617,-0.4831308214914498,-0.9261490754010362,28,kudiraivali,Loamy soil
10839,-1.100063855269374,0.17449124089587287,-0.6043429600973992,1.114202454544477,-0.8058374970355525,-0.5318931279882723,-0.8115630648680069,-0.28578741661229945,-2.4185876644342748,-0.7923901698408718,-1.497994756752049,-0.7257185207459812,28,kudiraivali,Loamy soil
10866,-1.100063855269374,0.17449124089587287,-0.09597647149880119,1.114202454544477,0.4251700192479687,-0.41473663550174394,-0.8115630648680069,-0.9627147680678694,-2.3538079551932514,-0.8397042623212565,-1.2646927026691528,-1.1775983166955595,28,kudiraivali,Loamy soil
10895,-1.100063855269374,0.17449124089587287,-0.6043429600973992,1.114202454544477,-1.421341255177312,-0.5961402367712072,-0.8115630648680069,0.007210989241603807,-2.3063028350831676,-0.8367471315412324,-1.124711470219415,-1.0208980648743347,28,kudiraivali,Loamy soil
10901,-1.100063855269374,0.17449124089587287,-0.6043429600973992,1.114202454544477,-1.5752171947127527,-0.31647635148078496,-0.8115630648680069,0.0049657907293134875,-2.3365333660623118,-0.7657759928206557,-1.2121997405005012,-1.2067518519181129,28,kudiraivali,Loamy soil
10906,-1.100063855269374,0.17449124089587287,-0.09597647149880119,1.114202454544477,-0.9597134365709921,-0.6131468243902192,-0.8115630648680069,-0.7370723175826792,-2.2112925948629996,-0.8722327009015209,-0.7106003242222737,-0.9370816511094937,28,kudiraivali,Loamy soil
10916,-1.100063855269374,0.17449124089587287,-0.09597647149880119,1.114202454544477,0.11741814017708838,-0.3901715644965042,-0.8115630648680069,-0.24060279655245415,-2.3883571334551306,-0.8633613085614487,-0.8505815566720115,-0.6091043798557677,28,kudiraivali,Loamy soil
10919,-1.100063855269374,0.17449124089587287,-0.6043429600973992,1.114202454544477,-0.9597134365709921,-0.6433807579351299,-0.8115630648680069,-0.6831875532877086,-2.2458417731248788,-1.1531601250038042,-0.8505815566720115,-1.2504821547519431,28,kudiraivali,Loamy soil
10923,-1.100063855269374,0.17449124089587287,-0.6043429600973992,1.114202454544477,-0.9597134365709921,-0.35048952671880923,-0.8115630648680069,-0.7250043755791181,-2.2458417731248788,-1.1058460325234196,-1.2763578053732976,-0.8714861968587484,28,kudiraivali,Loamy soil
10929,-1.100063855269374,0.17449124089587287,-0.6043429600973992,1.114202454544477,0.4251700192479687,-0.6169260660833331,-0.8115630648680069,-0.22320250808220338,-2.232885831276674,-0.8456185238813044,-1.626310886497642,-1.13022382195891,28,kudiraivali,Loamy soil
10943,-1.100063855269374,0.17449124089587287,-0.6043429600973992,1.114202454544477,-1.5752171947127527,-0.3845027019568335,-0.8115630648680069,-0.868977730179743,-2.345170660627782,-0.9875608013224582,-1.4921622053999766,-0.6491904907867787,28,kudiraivali,Loamy soil
10952,-1.100063855269374,0.17449124089587287,-0.09597647149880119,1.114202454544477,0.4251700192479687,-0.6433807579351299,-0.8115630648680069,-0.5922570135399456,-2.314940129648637,-0.6563621539597663,-1.4105064864709629,-1.334298568516784,28,kudiraivali,Loamy soil
10957,-1.100063855269374,0.17449124089587287,-0.6043429600973992,1.114202454544477,-0.9597134365709921,-0.5186657820623738,-0.8115630648680069,-0.06210951482536355,-2.345170660627782,-1.1472458634437561,-0.6231120539411876,-0.8058907426080033,28,kudiraivali,Loamy soil
11017,1.5755258733695863,1.4177413322789671,-1.1127094486959972,1.114202454544477,1.6561775355314885,-0.7416410419560892,0.38268506542175035,-0.26277413186132226,-2.323577424214107,-1.4636588569063278,-1.0663859566986909,-0.6273253393698636,8,blackgram, cotton soil
11021,1.5755258733695863,1.4177413322789671,1.9374894828955906,1.114202454544477,1.1945497169251689,-0.6547184830144712,0.48504919087515835,-0.4143250314409274,-2.323577424214107,-1.6292581805876736,-0.6989352215181287,-1.0792051353194416,8,blackgram, cotton soil
11023,1.5755258733695863,1.4177413322789671,-1.1127094486959972,1.114202454544477,1.8100534750669282,-0.7397514211095321,1.4404476951069645,-0.1878406315136288,-2.319258776931372,-1.729800627108491,-1.3580135243023115,-1.126579630056091,8,blackgram, cotton soil
11067,1.5755258733695863,1.4177413322789671,1.4291229942969927,1.114202454544477,0.11741814017708838,-0.6944005207921665,-0.5897741263856233,-0.39299564557416844,-2.3019841878004326,-1.649958096047842,-1.6379759892017869,-0.8168233183164607,8,blackgram, cotton soil
11104,-0.7178367511780939,1.4177413322789671,-1.1127094486959972,-0.8975029591088394,0.5790459587834081,-0.6528288621679145,0.928627067839925,0.10936752155081908,-2.323577424214107,-1.6470009652678177,-0.7747583890950703,-0.6965649855234279,8,blackgram,Sandy soil
11114,-0.7178367511780939,1.4177413322789671,1.9374894828955906,-0.8975029591088394,1.0406737773897279,-0.6679458289403697,1.6451759460137791,-0.4089926849742377,-2.314940129648637,-1.741629150228587,-1.5738179243289905,-0.7840255911910882,8,blackgram,Sandy soil
11136,-0.7178367511780939,1.4177413322789671,1.4291229942969927,-0.8975029591088394,-0.19033373889379193,-0.6603873455541419,-0.2144389997231283,-0.37391145821969946,-2.3019841878004326,-1.3690306719455585,-1.5271575135124111,-1.3087892251970499,8,blackgram,Sandy soil
11141,1.5755258733695863,1.4177413322789671,1.9374894828955906,1.114202454544477,1.0406737773897279,-0.6755043123265974,2.6346958253967214,-0.13928821368534766,-2.3019841878004326,-1.590815480447361,-0.5239586809559564,-1.210396043820932,8,blackgram, cotton soil
11149,1.5755258733695863,1.4177413322789671,-1.1127094486959972,1.114202454544477,0.4251700192479687,-0.7321929377233046,-0.2144389997231283,-0.4480030091252841,-2.310621482365902,-1.3305879718052462,-1.4513343459354697,-0.8168233183164607,8,blackgram, cotton soil
11168,-0.7178367511780939,1.4177413322789671,1.9374894828955906,-0.8975029591088394,0.27129407971252784,-0.6944005207921665,1.7646007590427555,-0.6220058938277938,-2.323577424214107,-1.2684882254247414,-1.4046739351188906,-0.9589468025264087,8,blackgram,Sandy soil
11170,-0.7178367511780939,1.4177413322789671,-1.1127094486959972,-0.8975029591088394,1.5023015959960477,-0.6547184830144712,0.6385953790552698,-0.7645759993582374,-2.327896071496842,-1.2980595332249818,-1.5038273081041216,-0.8678420049559294,8,blackgram,Sandy soil
11243,1.5755258733695863,1.4177413322789671,1.9374894828955906,1.114202454544477,0.8867978378542885,-0.7416410419560892,1.2869015069268517,-0.1465851088502917,-2.3063028350831676,-1.649958096047842,-1.3405158702460942,-1.0937819029307183,8,blackgram, cotton soil
11272,-0.7178367511780939,1.4177413322789671,-1.1127094486959972,-0.8975029591088394,1.3484256564606083,-0.69817976248528,0.8433236299620851,-0.037131681376132396,-2.3322147187795768,-1.7031864500882745,-0.5414563350121739,-0.7330069045516197,8,blackgram,Sandy soil
11297,1.5755258733695863,1.4177413322789671,1.9374894828955906,1.114202454544477,0.7329218983188477,-0.7265240751836337,0.9115663802643573,-0.5425819964555193,-2.3365333660623118,-1.6824865346281064,-0.6056143998849705,-0.944370034915132,8,blackgram, cotton soil
11321,1.5755258733695863,1.4177413322789671,1.9374894828955906,1.114202454544477,0.11741814017708838,-0.6490496204748005,0.09265337663709511,-0.5745760752556581,-2.310621482365902,-1.7978146350490436,-1.5563202702727732,-1.1775983166955595,8,blackgram, cotton soil
11323,1.5755258733695863,1.4177413322789671,-1.1127094486959972,1.114202454544477,0.5790459587834081,-0.7114071084111785,0.8603843175376533,-0.680661704961382,-2.323577424214107,-1.5996868727874332,-1.153874226979777,-0.8386884697333759,8,blackgram, cotton soil
11336,-0.7178367511780939,1.4177413322789671,1.9374894828955906,-0.8975029591088394,1.3484256564606083,-0.6566081038610283,0.4168064405728861,0.23706318693733827,-2.2976655405176976,-1.5435013879669766,-0.6056143998849705,-1.144800589570187,8,blackgram,Sandy soil
11412,-0.7178367511780939,1.4177413322789671,1.4291229942969927,-0.8975029591088394,-0.036457799358352465,-0.7000693833318371,2.3105427614609293,-0.2546352872542694,-2.340852013345047,-1.7771147195888752,-1.439669243231325,-1.272347306168858,8,blackgram,Sandy soil
11428,-0.7178367511780939,1.4177413322789671,-1.1127094486959972,-0.8975029591088394,1.8100534750669282,-0.6566081038610283,2.822363388727968,-0.6380029332278634,-2.319258776931372,-1.230045525284429,-1.0605534053466183,-1.3197218009055074,8,blackgram,Sandy soil
11457,1.5755258733695863,1.4177413322789671,1.4291229942969927,1.114202454544477,0.4251700192479687,-0.7170759709508492,-0.4191672506299437,-0.7802923889442706,-2.2976655405176976,-1.5109729493867121,-1.3696786270064563,-0.9735235701376855,8,blackgram, cotton soil
11512,-0.7178367511780939,1.4177413322789671,-1.1127094486959972,-0.8975029591088394,0.4251700192479687,-0.6566081038610283,1.2357194442001485,-0.7541919562388939,-2.314940129648637,-1.3483307564853904,-1.4746645513437595,-0.9662351863320471,8,blackgram,Sandy soil
11545,1.5755258733695863,1.4177413322789671,-1.1127094486959972,1.114202454544477,0.8867978378542885,-0.7151863501042923,2.174057260856386,-0.6646646655613124,-2.319258776931372,-1.7771147195888752,-1.6029806810893525,-0.7767372073854499,8,blackgram, cotton soil
11554,-0.7178367511780939,1.4177413322789671,-1.1127094486959972,-0.8975029591088394,1.1945497169251689,-0.7284136960301908,-0.7774416897168711,-0.3520207727248677,-2.314940129648637,-1.4459160722261835,-1.11304636751527,-1.166665740987102,8,blackgram,Sandy soil
11644,-0.7178367511780939,1.4177413322789671,-1.1127094486959972,-0.8975029591088394,1.0406737773897279,-0.703848625024951,-0.5556527512344875,0.21966289846708748,-2.319258776931372,-1.6026440035674572,-1.2180322918525734,-0.9480142268179512,8,blackgram,Sandy soil
11652,-0.7178367511780939,1.4177413322789671,1.4291229942969927,-0.8975029591088394,0.11741814017708838,-0.7151863501042923,0.9115663802643573,-0.4025377392514028,-2.3063028350831676,-1.2980595332249818,-1.0722185080507631,-1.2031076600152937,8,blackgram,Sandy soil
11669,1.5755258733695863,1.4177413322789671,1.9374894828955906,1.114202454544477,1.0406737773897279,-0.6509392413213574,-0.6921382518390313,0.07933799144893455,-2.310621482365902,-1.564201303427145,-1.3113531134857321,-0.8095349345108225,8,blackgram, cotton soil
11680,-0.7178367511780939,1.4177413322789671,-1.1127094486959972,-0.8975029591088394,0.5790459587834081,-0.6773939331731542,-0.0779534991185845,-0.6868360008701805,-2.3019841878004326,-1.7061435808682985,-0.5239586809559564,-1.1047144786391758,8,blackgram,Sandy soil
11722,-0.7178367511780939,1.4177413322789671,-1.1127094486959972,-0.8975029591088394,1.8100534750669282,-0.6490496204748005,1.2357194442001485,-0.1836308843030842,-2.3365333660623118,-1.3305879718052462,-0.558953989068391,-0.6309695312726828,8,blackgram,Sandy soil
11763,1.5755258733695863,1.4177413322789671,1.4291229942969927,1.114202454544477,-0.19033373889379193,-0.6773939331731542,-0.4703493133566477,-0.7275302239054449,-2.310621482365902,-1.3719878027255827,-1.2180322918525734,-1.2942124575857732,8,blackgram, cotton soil
11788,-0.7178367511780939,1.4177413322789671,-1.1127094486959972,-0.8975029591088394,1.5023015959960477,-0.6830627957128249,1.2698408193512847,-0.4409867637743765,-2.3019841878004326,-1.4725302492463999,-0.5064610268997394,-1.08649351912508,8,blackgram,Sandy soil
11799,1.5755258733695863,1.4177413322789671,1.4291229942969927,1.114202454544477,0.5790459587834081,-0.6887316582524955,1.3210228820779881,-0.39524084408645876,-2.2976655405176976,-1.7889432427089715,-1.6146457837934973,-0.802246550705184,8,blackgram, cotton soil
11820,-0.7178367511780939,1.4177413322789671,1.4291229942969927,-0.8975029591088394,0.8867978378542885,-0.6547184830144712,1.30396219450242,-0.4336898686094328,-2.3365333660623118,-1.6765722730680581,-0.6581073620536221,-1.1375122057645486,8,blackgram,Sandy soil
11859,1.5755258733695863,1.4177413322789671,1.4291229942969927,1.114202454544477,0.8867978378542885,-0.743530662802646,0.024410626334822903,0.06867329851555473,-2.3019841878004326,-1.729800627108491,-0.7339305296305633,-0.6965649855234279,8,blackgram, cotton soil
11894,-0.7178367511780939,1.4177413322789671,1.9374894828955906,-0.8975029591088394,0.8867978378542885,-0.7227448334905201,-0.0779534991185845,-0.11262648135189861,-2.314940129648637,-1.4281732875460393,-0.9147396215448081,-0.6419021069811403,8,blackgram,Sandy soil
11907,1.5755258733695863,1.4177413322789671,1.4291229942969927,1.114202454544477,-0.19033373889379193,-0.7189655917974063,1.2527801317757166,0.15118434384222892,-2.3322147187795768,-1.3867734566257028,-1.2880229080774424,-0.6674114503008746,8,blackgram, cotton soil
11931,1.5755258733695863,1.4177413322789671,1.4291229942969927,1.114202454544477,1.1945497169251689,-0.6490496204748005,2.822363388727968,-0.4196573779076175,-2.319258776931372,-1.4547874645662555,-0.5181261296038844,-0.9844561458461429,8,blackgram, cotton soil
11960,-0.7178367511780939,1.4177413322789671,1.9374894828955906,-0.8975029591088394,0.11741814017708838,-0.720855212643963,-0.3168031251765363,-0.20215377202948046,-2.319258776931372,-1.7061435808682985,-0.7280979782784908,-0.9553026106235897,8,blackgram,Sandy soil
11971,1.5755258733695863,1.4177413322789671,-1.1127094486959972,1.114202454544477,0.27129407971252784,-0.7095174875646216,-0.3850458754788079,-0.7059201882246495,-2.3063028350831676,-1.564201303427145,-0.7047677728702012,-1.166665740987102,8,blackgram, cotton soil
11991,1.5755258733695863,1.4177413322789671,1.4291229942969927,1.114202454544477,1.3484256564606083,-0.6584977247075852,2.6688172005478568,-0.704516939154468,-2.310621482365902,-1.2862310101048857,-1.6204783351455698,-0.6491904907867787,8,blackgram, cotton soil
11994,-0.7178367511780939,1.4177413322789671,1.4291229942969927,-0.8975029591088394,1.0406737773897279,-0.6603873455541419,0.0073499387592553065,-0.36240481584421086,-2.3365333660623118,-1.3631164103855105,-0.815586248559577,-1.2359053871406662,8,blackgram,Sandy soil
12001,0.8110716651870262,1.4177413322789671,1.4291229942969927,1.114202454544477,0.27129407971252784,-0.17664440883557367,1.4233870075313961,0.20338520925298156,-0.34563696872152055,-1.4666159876863516,-1.5563202702727732,-0.6091043798557677,24,greengram,sandy Loamy soil
12011,-0.9089503032237339,1.4177413322789671,-1.1127094486959972,1.114202454544477,1.1945497169251689,-0.17664440883557367,1.082173256020037,0.07540889405242633,-0.15561648828118513,-1.564201303427145,-0.4889633728435223,-1.0974260948335375,24,greengram,Sandy soil
12060,1.3844123213239463,1.4177413322789671,1.9374894828955906,-0.8975029591088394,0.5790459587834081,-0.17664440883557367,1.4233870075313961,0.07428629479628085,-0.2894945540459669,-1.3926877181857509,-1.0080604431779667,-0.8860629644700253,24,greengram,well-drained soil
12093,1.3844123213239463,1.4177413322789671,1.9374894828955906,1.114202454544477,0.8867978378542885,-0.17664440883557367,1.508690445409236,0.10936752155081908,-0.4060980306798095,-1.7712004580288274,-0.8855768647844461,-1.2796356899744965,24,greengram,well-drained soil
12112,0.8110716651870262,1.4177413322789671,1.4291229942969927,-0.8975029591088394,-0.19033373889379193,-0.17664440883557367,0.979809130566629,0.02320802864167337,-0.4536031507898932,-1.6884007961881542,-1.4455017945833974,-1.2213286195293895,24,greengram,sandy Loamy soil
12118,0.8110716651870262,1.4177413322789671,1.4291229942969927,-0.8975029591088394,0.11741814017708838,-0.17664440883557367,1.082173256020037,-0.10392633711677339,-0.21607755023947342,-1.5435013879669766,-0.5997818485328981,-1.0755609434166225,24,greengram,sandy Loamy soil
12126,1.3844123213239463,1.4177413322789671,1.9374894828955906,-0.8975029591088394,0.11741814017708838,-0.17664440883557367,0.6215346914797015,0.08523163754369703,-0.40177938339707453,-1.750500542568659,-1.1072138161631977,-0.6637672583980554,24,greengram,well-drained soil
12128,-0.9089503032237339,1.4177413322789671,-1.1127094486959972,-0.8975029591088394,0.7329218983188477,-0.17664440883557367,0.9627484429910608,0.20815625609159888,-0.1815283719775943,-1.590815480447361,-1.3871762810626733,-0.6819882179121513,24,greengram,Sandy soil
12147,1.3844123213239463,1.4177413322789671,1.9374894828955906,1.114202454544477,0.11741814017708838,-0.17664440883557367,0.9456877554154931,0.08382838847351551,-0.36291155785246043,-1.7061435808682985,-1.468831999991687,-1.268703114266039,24,greengram,well-drained soil
12172,0.8110716651870262,1.4177413322789671,1.4291229942969927,-0.8975029591088394,1.0406737773897279,-0.17664440883557367,0.6727167542064055,-0.08119370217983254,-0.2981318486114369,-1.2566597023046453,-1.2121997405005012,-1.1593773571814636,24,greengram,sandy Loamy soil
12201,1.3844123213239463,1.4177413322789671,1.9374894828955906,1.114202454544477,-0.036457799358352465,-0.17664440883557367,1.1845373814734443,0.07737344275068028,-0.2981318486114369,-1.3719878027255827,-0.5939492971808256,-1.0792051353194416,24,greengram,well-drained soil
12244,0.8110716651870262,1.4177413322789671,1.4291229942969927,-0.8975029591088394,0.7329218983188477,-0.17664440883557367,1.1674766938978767,0.17082983082477032,-0.15561648828118513,-1.2389169176245012,-1.2296973945567182,-0.6455462988839594,24,greengram,sandy Loamy soil
12304,0.8110716651870262,1.4177413322789671,1.4291229942969927,-0.8975029591088394,0.27129407971252784,-0.17664440883557367,1.5939938832870757,0.2715831140638041,-0.34563696872152055,-1.3660735411655345,-0.6522748107015496,-0.6309695312726828,24,greengram,sandy Loamy soil
12325,0.8110716651870262,1.4177413322789671,1.4291229942969927,1.114202454544477,0.27129407971252784,-0.17664440883557367,0.22913887724163892,0.18963336836520264,-0.4363285616589536,-1.2921452716649338,-0.7980885945033599,-0.6819882179121513,24,greengram,sandy Loamy soil
12328,0.8110716651870262,1.4177413322789671,1.4291229942969927,-0.8975029591088394,0.11741814017708838,-0.17664440883557367,0.2461995648172065,-0.0929809943693572,-0.26358267034955774,-1.496187295486592,-1.5504877189207007,-1.0500516000968882,24,greengram,sandy Loamy soil
12332,-0.9089503032237339,1.4177413322789671,-1.1127094486959972,-0.8975029591088394,0.5790459587834081,-0.17664440883557367,1.3210228820779881,0.15763928956506382,-0.4190539725280141,-1.7031864500882745,-0.7047677728702012,-1.024542256777154,24,greengram,Sandy soil
12352,0.8110716651870262,1.4177413322789671,1.4291229942969927,-0.8975029591088394,1.3484256564606083,-0.17664440883557367,0.5362312536018617,0.1444487483053573,-0.12970460458477534,-1.4045162413058472,-1.4105064864709629,-1.3015008413914115,24,greengram,sandy Loamy soil
12420,1.3844123213239463,1.4177413322789671,1.9374894828955906,-0.8975029591088394,1.1945497169251689,-0.17664440883557367,1.3380835696535565,0.10936752155081908,-0.3197250850251114,-1.2625739638646933,-0.8739117620803011,-1.1848867005011978,24,greengram,well-drained soil
12447,1.3844123213239463,1.4177413322789671,1.9374894828955906,1.114202454544477,0.4251700192479687,-0.17664440883557367,1.5598725081359395,0.0829864390314064,-0.11674866273657075,-1.2566597023046453,-1.1655393296839218,-0.6419021069811403,24,greengram,well-drained soil
12484,0.8110716651870262,1.4177413322789671,1.4291229942969927,-0.8975029591088394,0.5790459587834081,-0.17664440883557367,1.2869015069268517,0.11722571634383584,-0.23767078665314795,-1.4311304183260634,-0.9322372756010252,-1.0136096810686963,24,greengram,sandy Loamy soil
12497,-0.9089503032237339,1.4177413322789671,-1.1127094486959972,1.114202454544477,1.3484256564606083,-0.17664440883557367,1.2015980690490127,0.28814145309194605,-0.3067691431769068,-1.7327577578885147,-0.7397630809826358,-1.0281864486799732,24,greengram,Sandy soil
12546,1.3844123213239463,1.4177413322789671,1.9374894828955906,-0.8975029591088394,0.7329218983188477,-0.17664440883557367,1.1674766938978767,0.11273531931925489,-0.4622404453553631,-1.570115564987193,-0.9322372756010252,-1.0719167515138033,24,greengram,well-drained soil
12556,0.8110716651870262,1.4177413322789671,1.4291229942969927,-0.8975029591088394,1.1945497169251689,-0.17664440883557367,1.2869015069268517,0.09954477805954838,-0.2765386121977623,-1.729800627108491,-0.8622466593761565,-1.1703099328899211,24,greengram,sandy Loamy soil
12564,1.3844123213239463,1.4177413322789671,1.9374894828955906,-0.8975029591088394,1.0406737773897279,-0.17664440883557367,0.7068381293575413,0.02685647622414522,-0.4665590926380981,-1.6765722730680581,-1.0488883026424736,-1.2031076600152937,24,greengram,well-drained soil
12566,-0.9089503032237339,1.4177413322789671,-1.1127094486959972,-0.8975029591088394,1.1945497169251689,-0.17664440883557367,0.3485636902706145,0.22808239288817667,-0.3154064377423764,-1.5316728648468805,-0.570619091772536,-0.9553026106235897,24,greengram,Sandy soil
12580,0.8110716651870262,1.4177413322789671,1.4291229942969927,-0.8975029591088394,0.5790459587834081,-0.17664440883557367,1.4916297578336677,-0.012995797369010026,-0.11674866273657075,-1.6972721885282265,-0.6697724647577666,-0.944370034915132,24,greengram,sandy Loamy soil
12584,-0.9089503032237339,1.4177413322789671,-1.1127094486959972,-0.8975029591088394,0.4251700192479687,-0.17664440883557367,1.4233870075313961,-0.02618633862871653,-0.4363285616589536,-1.3158023179051261,-1.0372231999383288,-1.0500516000968882,24,greengram,Sandy soil
12589,0.8110716651870262,1.4177413322789671,1.4291229942969927,1.114202454544477,-0.036457799358352465,-0.17664440883557367,0.9627484429910608,0.040888966925960515,-0.1599351355639198,-1.321716579465174,-1.095548713459053,-1.2650589223632198,24,greengram,sandy Loamy soil
12645,1.3844123213239463,1.4177413322789671,1.9374894828955906,1.114202454544477,0.5790459587834081,-0.17664440883557367,1.7475400714671872,0.022927378827637,-0.40177938339707453,-1.227088394504405,-0.815586248559577,-0.944370034915132,24,greengram,well-drained soil
12678,1.3844123213239463,1.4177413322789671,1.9374894828955906,-0.8975029591088394,0.27129407971252784,-0.17664440883557367,1.4745690702580996,0.08158318996122486,-0.3197250850251114,-1.5937726112273853,-1.3580135243023115,-0.7803813992882689,24,greengram,well-drained soil
12706,0.8110716651870262,1.4177413322789671,1.4291229942969927,-0.8975029591088394,0.5790459587834081,-0.17664440883557367,1.2869015069268517,-0.035728432305950866,-0.2851759067632323,-1.65587235760789,-1.0488883026424736,-1.1010702867363569,24,greengram,sandy Loamy soil
12717,1.3844123213239463,1.4177413322789671,1.9374894828955906,1.114202454544477,1.1945497169251689,-0.17664440883557367,1.3551442572291246,0.013104635336366294,-0.13834189915024528,-1.3394593641453183,-0.62894460529326,-0.9917445296517814,24,greengram,well-drained soil
12720,1.3844123213239463,1.4177413322789671,1.9374894828955906,-0.8975029591088394,1.3484256564606083,-0.17664440883557367,1.2015980690490127,0.12424196169474348,-0.11243001545383609,-1.3719878027255827,-0.5822841944766806,-1.210396043820932,24,greengram,well-drained soil
12771,1.3844123213239463,1.4177413322789671,1.9374894828955906,1.114202454544477,-0.036457799358352465,-0.17664440883557367,0.7580201920842453,-0.0034537036917756886,-0.06060624806101711,-1.4666159876863516,-1.2413624972608632,-0.900639732081302,24,greengram,well-drained soil
12799,0.8110716651870262,1.4177413322789671,1.4291229942969927,1.114202454544477,0.11741814017708838,-0.17664440883557367,1.5428118205603711,0.05660535651199371,-0.1253859573020407,-1.5937726112273853,-0.7630932863909253,-0.9480142268179512,24,greengram,sandy Loamy soil
12848,-0.9089503032237339,1.4177413322789671,-1.1127094486959972,-0.8975029591088394,1.0406737773897279,-0.17664440883557367,0.16089612693936672,-0.06154821519729113,-0.3067691431769068,-1.2862310101048857,-1.142209124275632,-0.8131791264136418,24,greengram,Sandy soil
12875,-0.9089503032237339,1.4177413322789671,-1.1127094486959972,1.114202454544477,0.4251700192479687,-0.17664440883557367,0.31444231511947873,0.21320795274425225,-0.11674866273657075,-1.5139300801667361,-1.3871762810626733,-0.9917445296517814,24,greengram,Sandy soil
12894,1.3844123213239463,1.4177413322789671,1.9374894828955906,-0.8975029591088394,0.5790459587834081,-0.17664440883557367,0.8603843175376533,-0.010469949042683335,-0.07788083719195636,-1.7712004580288274,-0.9497349296572426,-1.2978566494885924,24,greengram,well-drained soil
12901,0.8110716651870262,1.4177413322789671,1.4291229942969927,1.114202454544477,0.7329218983188477,-0.17664440883557367,1.4916297578336677,-0.04919962337969374,-0.22903349208767804,-1.4400018106661354,-1.4280041405271802,-0.6091043798557677,24,greengram,sandy Loamy soil
12996,1.3844123213239463,1.4177413322789671,1.9374894828955906,-0.8975029591088394,-0.036457799358352465,-0.17664440883557367,0.9115663802643573,0.24239553340402833,-0.3154064377423764,-1.3098880563450779,-1.5213249621603386,-0.9152164996925787,24,greengram,well-drained soil
13046,0.8110716651870262,1.4177413322789671,1.4291229942969927,-0.8975029591088394,-0.49808561796467227,-0.3674961143378212,0.1097140642126627,-0.9554178729029253,-0.9156984100425282,-1.3394593641453183,-0.6639399134056946,-1.3160776090026882,19,cowpea,sandy Loamy soil
13077,-0.8133935272009138,1.4177413322789671,-1.1127094486959972,1.114202454544477,-0.9597134365709921,-0.8058881507390239,0.2973816275439105,-1.3480469627397171,-0.9113797627597932,-1.0200892399027226,-1.3171856648378044,-0.7548720559685348,19,cowpea,Sandy soil 
13094,0.8110716651870262,1.4177413322789671,1.4291229942969927,-0.8975029591088394,-1.421341255177312,-0.7567580087285444,-0.6238955015367591,-1.1779731754337157,-0.786138991560481,-0.7036762464401508,-1.1655393296839218,-0.962590994429228,19,cowpea,sandy Loamy soil
13119,-0.8133935272009138,1.4177413322789671,-1.1127094486959972,1.114202454544477,-1.421341255177312,-0.7699853546544427,-0.7774416897168711,-0.7410014149791877,-0.8120508752568905,-1.3867734566257028,-1.0022278918258942,-1.13022382195891,19,cowpea,Sandy soil 
13146,-0.8133935272009138,1.4177413322789671,-1.1127094486959972,-0.8975029591088394,-0.3442096784292314,-0.7151863501042923,0.17795681451493492,-0.9164075487518789,-0.8379627589533,-0.8958897471417131,-1.439669243231325,-1.1120028624448142,19,cowpea,Sandy soil 
13148,0.8110716651870262,1.4177413322789671,1.4291229942969927,-0.8975029591088394,-2.3445968923899527,-0.7718749755009996,-0.6580168766878955,-0.6399674819261176,-0.8422814062360346,-1.2477883099645732,-1.1597067783318493,-0.802246550705184,19,cowpea,sandy Loamy soil
13186,1.3844123213239463,1.4177413322789671,1.9374894828955906,-0.8975029591088394,-1.8829690737836315,-0.37316497687749217,0.12677475178823092,-0.6941328960351245,-0.8509187008015046,-1.3305879718052462,-1.4921622053999766,-1.254126346654762,19,cowpea,well-drained soil
13198,1.3844123213239463,1.4177413322789671,1.9374894828955906,-0.8975029591088394,-1.5752171947127527,-0.6679458289403697,0.2461995648172065,-0.8243544097479704,-0.781820344277746,-0.638619369279622,-0.6814375674619116,-0.7585162478713541,19,cowpea,well-drained soil
13207,1.3844123213239463,1.4177413322789671,1.9374894828955906,1.114202454544477,-1.729093134248192,-0.8361220842839345,0.4168064405728861,-1.0556098565138865,-0.8768305844979141,-0.9846036705424341,-0.5764516431246085,-1.0974260948335375,19,cowpea,well-drained soil
13231,1.3844123213239463,1.4177413322789671,1.9374894828955906,1.114202454544477,-2.3445968923899527,-0.3826130811102767,0.21207818966607073,-1.2091253047917458,-0.7559084605813365,-1.0200892399027226,-1.1655393296839218,-0.7913139749967266,19,cowpea,well-drained soil
13247,0.8110716651870262,1.4177413322789671,1.4291229942969927,1.114202454544477,-0.6519615575001118,-0.8625767761357311,0.5874133163285657,-1.1740440780372077,-0.9027424681943236,-0.9461609704021218,-0.7922560431512874,-0.6674114503008746,19,cowpea,sandy Loamy soil
13249,1.3844123213239463,1.4177413322789671,1.9374894828955906,1.114202454544477,-1.5752171947127527,-0.5318931279882723,0.7409595045086778,-0.5987119592627805,-0.8768305844979141,-1.2803167485448377,-0.9147396215448081,-0.7512278640657156,19,cowpea,well-drained soil
13270,1.3844123213239463,1.4177413322789671,1.9374894828955906,-0.8975029591088394,-1.2674653156418723,-0.7832127005803409,0.7580201920842453,-0.8987266104675915,-0.8941051736288536,-1.0053035860026025,-0.9788976864176047,-0.9771677620405046,19,cowpea,well-drained soil
13310,0.8110716651870262,1.4177413322789671,1.4291229942969927,-0.8975029591088394,-2.190720952854512,-0.5451204739141706,0.8262629423865175,-0.8650486327832347,-0.7472711660158669,-1.1768171712439963,-1.0780510594028356,-0.904283923984121,19,cowpea,sandy Loamy soil
13370,0.8110716651870262,1.4177413322789671,1.4291229942969927,-0.8975029591088394,-1.421341255177312,-0.8002192881993532,-0.1291355618452885,-0.6789778060771641,-0.7602271078640715,-1.0644462016030831,-1.4571668972875422,-1.1120028624448142,19,cowpea,sandy Loamy soil
13403,0.8110716651870262,1.4177413322789671,1.4291229942969927,1.114202454544477,-1.8829690737836315,-0.4449705690466546,-0.09501418669415271,-1.2983719456552911,-0.8768305844979141,-1.4370446798861114,-1.0547208539945458,-0.8897071563728443,19,cowpea,sandy Loamy soil
13446,-0.8133935272009138,1.4177413322789671,-1.1127094486959972,-0.8975029591088394,-1.8829690737836315,-0.3920611853430612,-0.4874100009322159,-0.6764519577508374,-0.8638746426497091,-0.9698180166423139,-0.6172795025891151,-1.024542256777154,19,cowpea,Sandy soil 
13481,0.8110716651870262,1.4177413322789671,1.4291229942969927,1.114202454544477,-1.1135893761064315,-0.6036987201574346,-0.6238955015367591,-1.2287707917742872,-0.7559084605813365,-0.7864759082808237,-0.7514281836867808,-1.188530892404017,19,cowpea,sandy Loamy soil
13501,1.3844123213239463,1.4177413322789671,1.9374894828955906,1.114202454544477,-0.8058374970355525,-0.4317432231207562,-0.35092450032767214,-1.3244723783606676,-0.7084033404712529,-1.1176745556435157,-0.7514281836867808,-0.7330069045516197,19,cowpea,well-drained soil
13603,1.3844123213239463,1.4177413322789671,1.9374894828955906,1.114202454544477,-0.19033373889379193,-0.5980298576177641,-0.7433203145657353,-0.7059201882246495,-0.7602271078640715,-0.9077182702618092,-0.7455956323347083,-1.1557331652786444,19,cowpea,well-drained soil
13606,1.3844123213239463,1.4177413322789671,1.9374894828955906,-0.8975029591088394,-2.0368450133190725,-0.6603873455541419,0.024410626334822903,-1.2144576512584355,-0.9070611154770581,-1.2093456098242608,-0.7572607350388528,-0.8386884697333759,19,cowpea,well-drained soil
13612,1.3844123213239463,1.4177413322789671,1.9374894828955906,-0.8975029591088394,-0.49808561796467227,-0.7284136960301908,0.7750808796598135,-0.8299674060286966,-0.8163695225396255,-0.6829763309799826,-1.0780510594028356,-1.0974260948335375,19,cowpea,well-drained soil
13658,0.8110716651870262,1.4177413322789671,1.4291229942969927,-0.8975029591088394,-1.729093134248192,-0.46953564005189435,0.31444231511947873,-1.2941621984447464,-0.8077322279741556,-0.8367471315412324,-0.815586248559577,-1.1338680138617294,19,cowpea,sandy Loamy soil
13666,1.3844123213239463,1.4177413322789671,1.9374894828955906,-0.8975029591088394,-0.6519615575001118,-0.8984795722203125,-0.3168031251765363,-1.0154769331066948,-0.7731830497122764,-1.0762747247231792,-1.4513343459354697,-1.3160776090026882,19,cowpea,well-drained soil
13685,0.8110716651870262,1.4177413322789671,1.4291229942969927,1.114202454544477,-2.0368450133190725,-0.8814729846013002,0.09265337663709511,-1.3006171441675816,-0.7084033404712529,-1.2477883099645732,-0.5647865404204635,-0.6892766017177895,19,cowpea,sandy Loamy soil
13724,0.8110716651870262,1.4177413322789671,1.4291229942969927,-0.8975029591088394,-0.9597134365709921,-0.8153362549718084,0.22913887724163892,-0.8737487770183603,-0.833644111670565,-0.9639037550822658,-1.3463484215981665,-0.8386884697333759,19,cowpea,sandy Loamy soil
13725,-0.8133935272009138,1.4177413322789671,-1.1127094486959972,1.114202454544477,-1.1135893761064315,-0.47331488174500824,0.1950175020905025,-0.7662598982424552,-0.7602271078640715,-0.9195467933819053,-1.0080604431779667,-0.9516584187207704,19,cowpea,Sandy soil 
13728,-0.8133935272009138,1.4177413322789671,-1.1127094486959972,-0.8975029591088394,-0.19033373889379193,-0.6074779618505486,0.6215346914797015,-0.642212680438408,-0.8941051736288536,-0.8278757392011604,-0.8214187999116495,-0.7585162478713541,19,cowpea,Sandy soil 
13751,0.8110716651870262,1.4177413322789671,1.4291229942969927,1.114202454544477,-1.1135893761064315,-0.7983296673527964,0.2461995648172065,-1.1125817687632567,-0.734315224167662,-0.6534050231797421,-1.223864843204646,-0.9152164996925787,19,cowpea,sandy Loamy soil
13765,1.3844123213239463,1.4177413322789671,1.9374894828955906,1.114202454544477,-2.498472831925392,-0.8172258758183655,-0.3850458754788079,-0.604605605357543,-0.8552373480842396,-1.3660735411655345,-1.5796504756810628,-1.0792051353194416,19,cowpea,well-drained soil
13774,1.3844123213239463,1.4177413322789671,1.9374894828955906,-0.8975029591088394,-0.9597134365709921,-0.41095739380863033,0.8092022548109493,-0.919494696706278,-0.8466000535187695,-1.1945599559241407,-0.6639399134056946,-1.0500516000968882,19,cowpea,well-drained soil
13777,1.3844123213239463,1.4177413322789671,1.9374894828955906,1.114202454544477,-0.8058374970355525,-0.6736146914800403,-0.5556527512344875,-1.2124931025601815,-0.7256779296021924,-1.1709029096839483,-0.9380698269530977,-0.9079281158869403,19,cowpea,well-drained soil
13779,-0.8133935272009138,1.4177413322789671,-1.1127094486959972,1.114202454544477,-0.8058374970355525,-0.7057382458715078,-0.4191672506299437,-1.0045315903592789,-0.8293254643878301,-0.7864759082808237,-1.5446551675686284,-0.882418772567206,19,cowpea,Sandy soil 
13793,0.8110716651870262,1.4177413322789671,1.4291229942969927,1.114202454544477,-0.49808561796467227,-0.5205554029089309,-0.009710748816312897,-1.0208092795733845,-0.786138991560481,-1.1117602940834674,-1.0255580972341838,-0.8569094292474717,19,cowpea,sandy Loamy soil
13823,0.8110716651870262,1.4177413322789671,1.4291229942969927,1.114202454544477,-1.5752171947127527,-0.8455701885167191,0.3997457529973185,-1.0059348394294605,-0.742952518733132,-1.1975170867041647,-1.28219035672537,-0.802246550705184,19,cowpea,sandy Loamy soil
13832,0.8110716651870262,1.4177413322789671,1.4291229942969927,-0.8975029591088394,-0.8058374970355525,-0.639601516242016,-0.6921382518390313,-0.9447531799695456,-0.8120508752568905,-1.138374471103684,-0.5881167458287531,-0.8641978130531102,19,cowpea,sandy Loamy soil
13852,1.3844123213239463,1.4177413322789671,1.9374894828955906,-0.8975029591088394,-2.0368450133190725,-0.4922110902105773,-0.5044706885077835,-1.1159495665316923,-0.825006817105095,-0.9461609704021218,-1.2471950486129355,-1.0281864486799732,19,cowpea,well-drained soil
13932,-0.8133935272009138,1.4177413322789671,-1.1127094486959972,-0.8975029591088394,-1.5752171947127527,-0.5885817533849794,-0.35092450032767214,-1.3152109344974694,-0.7515898132986019,-0.7864759082808237,-0.6581073620536221,-1.2650589223632198,19,cowpea,Sandy soil 
13966,1.3844123213239463,1.4177413322789671,1.9374894828955906,-0.8975029591088394,-0.3442096784292314,-0.803998529892467,0.7068381293575413,-0.6388448826699722,-0.8897865263461187,-0.7746473851607276,-1.6204783351455698,-0.7840255911910882,19,cowpea,well-drained soil
13998,-0.8133935272009138,1.4177413322789671,-1.1127094486959972,-0.8975029591088394,-1.2674653156418723,-0.6452703787816867,0.7068381293575413,-1.316614183567651,-0.790457638843216,-1.0999317709633714,-1.4046739351188906,-0.7986023588023649,19,cowpea,Sandy soil 
14001,-0.048939319018353855,1.4177413322789671,1.4291229942969927,1.114202454544477,-0.19033373889379193,-0.16341706290967525,0.17795681451493492,0.15062304421415618,-0.4838336817690376,-0.8722327009015209,-1.6204783351455698,-1.1593773571814636,5,bengalgram,heavy Black Soil
14041,-0.048939319018353855,1.4177413322789671,-1.1127094486959972,1.114202454544477,-0.9597134365709921,-0.15585857952344778,-0.3338638127521039,-0.12918482038004092,-0.4838336817690376,-0.9225039241619294,-0.9147396215448081,-1.2359053871406662,5,bengalgram,heavy Black Soil
14078,0.33328778507292617,1.4177413322789671,1.9374894828955906,-0.8975029591088394,-0.3442096784292314,-0.050039812116260796,0.7580201920842453,0.10740297285256513,-0.4838336817690376,-1.0260035014627706,-0.9847302377696769,-0.842332661636195,5,bengalgram,medium Black Soil
14112,0.33328778507292617,1.4177413322789671,1.4291229942969927,-0.8975029591088394,-0.036457799358352465,-0.20498872153392728,0.05853200148595931,-0.39131174668995056,-0.4838336817690376,-0.6445336308396702,-0.6872701188139841,-0.8496210454418335,5,bengalgram,medium Black Soil
14137,-0.048939319018353855,1.4177413322789671,-1.1127094486959972,1.114202454544477,-1.5752171947127527,0.09924023476173476,0.5874133163285657,-0.14630445903625533,-0.4838336817690376,-1.2182170021643328,-1.0722185080507631,-1.1848867005011978,5,bengalgram,heavy Black Soil
14215,-0.048939319018353855,1.4177413322789671,-1.1127094486959972,1.114202454544477,-1.421341255177312,0.08034402629616567,0.22913887724163892,0.0434148152522872,-0.4838336817690376,-0.887018354801641,-0.9497349296572426,-0.8897071563728443,5,bengalgram,heavy Black Soil
14250,0.33328778507292617,1.4177413322789671,1.4291229942969927,-0.8975029591088394,-1.421341255177312,-0.30513862640144335,-0.2485603748742641,0.3066643408183423,-0.4838336817690376,-0.9668608858622899,-0.6639399134056946,-0.9480142268179512,5,bengalgram,medium Black Soil
14253,-0.048939319018353855,1.4177413322789671,1.4291229942969927,1.114202454544477,-1.1135893761064315,-0.016026636878236508,0.1097140642126627,-0.24621579283318026,-0.4838336817690376,-1.1117602940834674,-1.5621528216248457,-1.1120028624448142,5,bengalgram,heavy Black Soil
14284,0.33328778507292617,1.4177413322789671,-1.1127094486959972,-0.8975029591088394,-1.421341255177312,-0.29946976386177265,-0.23149968729869652,-0.47578734071487866,-0.4838336817690376,-1.1235888172035637,-0.9030745188406631,-1.126579630056091,5,bengalgram,medium Black Soil
14293,-0.048939319018353855,1.4177413322789671,-1.1127094486959972,1.114202454544477,-1.421341255177312,0.014207296666673907,0.05853200148595931,-0.06828381073416241,-0.4838336817690376,-0.9550323627421938,-1.2121997405005012,-0.6200369555642251,5,bengalgram,heavy Black Soil
14297,-0.048939319018353855,1.4177413322789671,1.9374894828955906,1.114202454544477,-1.421341255177312,-0.16341706290967525,0.6385953790552698,0.118348315599981,-0.4838336817690376,-0.8751898316815447,-1.5504877189207007,-1.0391190243884307,5,bengalgram,heavy Black Soil
14306,0.33328778507292617,1.4177413322789671,1.9374894828955906,-0.8975029591088394,-0.036457799358352465,0.1332534099997593,-0.6409561891123273,-0.5970280603785626,-0.4838336817690376,-1.1916028251441166,-1.5154924108082664,-0.9152164996925787,5,bengalgram,medium Black Soil
14317,-0.048939319018353855,1.4177413322789671,-1.1127094486959972,1.114202454544477,-1.421341255177312,0.0727855429099382,-0.2485603748742641,-0.5414593971993742,-0.4838336817690376,-0.7569046004805834,-0.6231120539411876,-0.7694488235798115,5,bengalgram,heavy Black Soil
14321,-0.048939319018353855,1.4177413322789671,1.9374894828955906,1.114202454544477,0.27129407971252784,0.1219156849204177,-0.23149968729869652,-0.22909615417696555,-0.4838336817690376,-1.0319177630228187,-0.6872701188139841,-0.9225048834982169,5,bengalgram,heavy Black Soil
14333,-0.048939319018353855,1.4177413322789671,1.9374894828955906,1.114202454544477,-0.3442096784292314,-0.0613775371956024,0.17795681451493492,-0.1061715356290637,-0.4838336817690376,-0.892932616361689,-1.5913155783852078,-1.126579630056091,5,bengalgram,heavy Black Soil
14395,-0.048939319018353855,1.4177413322789671,-1.1127094486959972,1.114202454544477,-0.036457799358352465,0.11435720153419023,-0.5727134388100558,-0.37054366045126397,-0.4838336817690376,-1.1088031633034436,-0.9380698269530977,-0.6528346826895977,5,bengalgram,heavy Black Soil
14442,0.33328778507292617,1.4177413322789671,1.4291229942969927,-0.8975029591088394,-1.5752171947127527,-0.36182725179815056,-0.29974243760096814,-0.44828365893932054,-0.4838336817690376,-1.1620315173438762,-1.3055205621336596,-0.8241117021220992,5,bengalgram,medium Black Soil
14454,0.33328778507292617,1.4177413322789671,1.4291229942969927,-0.8975029591088394,-0.19033373889379193,0.09168175137550728,-0.3338638127521039,0.2715831140638041,-0.4838336817690376,-1.0289606322427947,-1.468831999991687,-1.246837962849124,5,bengalgram,medium Black Soil
14455,-0.048939319018353855,1.4177413322789671,-1.1127094486959972,1.114202454544477,-1.1135893761064315,-0.09161147074051282,0.05853200148595931,0.2432374828461371,-0.4838336817690376,-1.0881032478432753,-1.5329900648644836,-0.9589468025264087,5,bengalgram,heavy Black Soil
14469,-0.048939319018353855,1.4177413322789671,1.4291229942969927,1.114202454544477,-0.19033373889379193,0.1691562060843404,0.12677475178823092,-0.5849601183750016,-0.4838336817690376,-0.9136325318218573,-0.868079210728229,-0.7986023588023649,5,bengalgram,heavy Black Soil
14474,0.33328778507292617,1.4177413322789671,1.9374894828955906,-0.8975029591088394,-0.8058374970355525,0.11813644322730382,0.6215346914797015,0.28028325829892964,-0.4838336817690376,-0.8633613085614487,-0.815586248559577,-1.1338680138617294,5,bengalgram,medium Black Soil
14475,-0.048939319018353855,1.4177413322789671,1.4291229942969927,1.114202454544477,-1.5752171947127527,-0.09539071243362668,-0.6921382518390313,-0.609096002382124,-0.4838336817690376,-0.6948048541000789,-1.095548713459053,-1.188530892404017,5,bengalgram,heavy Black Soil
14491,-0.048939319018353855,1.4177413322789671,-1.1127094486959972,1.114202454544477,0.11741814017708838,-0.1388519919044355,-0.6921382518390313,-0.10813608432731797,-0.4838336817690376,-0.978689408982386,-0.7280979782784908,-0.9261490754010362,5,bengalgram,heavy Black Soil
14533,-0.048939319018353855,1.4177413322789671,-1.1127094486959972,1.114202454544477,-0.49808561796467227,-0.31647635148078496,0.604474003904134,-0.49010048123073,-0.4838336817690376,-0.7036762464401508,-1.2471950486129355,-1.13022382195891,5,bengalgram,heavy Black Soil
14535,-0.048939319018353855,1.4177413322789671,1.4291229942969927,1.114202454544477,-1.5752171947127527,0.19939013962925106,-0.5215313760833518,-0.1235718240993148,-0.4838336817690376,-0.6415765000596461,-1.4338366918792524,-1.1921750843068362,5,bengalgram,heavy Black Soil
14622,0.33328778507292617,1.4177413322789671,1.4291229942969927,-0.8975029591088394,0.27129407971252784,0.1219156849204177,0.8262629423865175,-0.21197651552075114,-0.4838336817690376,-0.8751898316815447,-0.558953989068391,-1.2249728114322087,5,bengalgram,medium Black Soil
14625,-0.048939319018353855,1.4177413322789671,1.4291229942969927,1.114202454544477,-0.6519615575001118,-0.26923583031686227,-0.2656210624498323,-0.020292692533954042,-0.4838336817690376,-0.6593192847397903,-1.6029806810893525,-0.8532652373446525,5,bengalgram,heavy Black Soil
14628,0.33328778507292617,1.4177413322789671,1.4291229942969927,-0.8975029591088394,-0.9597134365709921,-0.20876796322704114,-0.5215313760833518,-0.4227445258620166,-0.4838336817690376,-0.9875608013224582,-1.2063671891484287,-0.8386884697333759,5,bengalgram,medium Black Soil
14633,-0.048939319018353855,1.4177413322789671,1.9374894828955906,1.114202454544477,-0.8058374970355525,-0.11050767920608189,0.2973816275439105,-0.41516698088303655,-0.4838336817690376,-1.1354173403236598,-1.5271575135124111,-1.0719167515138033,5,bengalgram,heavy Black Soil
14670,0.33328778507292617,1.4177413322789671,1.4291229942969927,-0.8975029591088394,-0.49808561796467227,0.002869571587332568,-0.6068348139611915,0.1357486040702321,-0.4838336817690376,-1.058531940043035,-1.59714812973728,-1.144800589570187,5,bengalgram,medium Black Soil
14682,0.33328778507292617,1.4177413322789671,1.4291229942969927,-0.8975029591088394,-0.9597134365709921,0.11435720153419023,-0.3679851879032397,0.05183430967337638,-0.4838336817690376,-0.6622764155198144,-1.4455017945833974,-0.6564788745924169,5,bengalgram,medium Black Soil
14688,0.33328778507292617,1.4177413322789671,1.4291229942969927,-0.8975029591088394,-0.49808561796467227,0.10679871814796249,0.7068381293575413,0.20787560627756252,-0.4838336817690376,-0.7628188620406315,-0.7572607350388528,-0.900639732081302,5,bengalgram,medium Black Soil
14710,0.33328778507292617,1.4177413322789671,-1.1127094486959972,-0.8975029591088394,0.27129407971252784,0.1351430308463161,-0.18031762457199252,0.08803813568406009,-0.4838336817690376,-0.6652335462998384,-0.5356237836601014,-0.6419021069811403,5,bengalgram,medium Black Soil
14732,0.33328778507292617,1.4177413322789671,1.9374894828955906,-0.8975029591088394,0.4251700192479687,-0.35048952671880923,-0.7774416897168711,-0.6402481317401537,-0.4838336817690376,-0.8515327854413526,-0.9847302377696769,-0.9516584187207704,5,bengalgram,medium Black Soil
14834,0.33328778507292617,1.4177413322789671,1.9374894828955906,-0.8975029591088394,-0.49808561796467227,-0.08405298735428508,-0.7774416897168711,-0.5684017793468596,-0.4838336817690376,-0.6977619848801027,-0.7280979782784908,-1.2249728114322087,5,bengalgram,medium Black Soil
14836,0.33328778507292617,1.4177413322789671,-1.1127094486959972,-0.8975029591088394,-1.2674653156418723,-0.13129350851820776,0.38268506542175035,-0.49655542695356525,-0.4838336817690376,-1.138374471103684,-1.5271575135124111,-1.1958192762096556,5,bengalgram,medium Black Soil
14842,0.33328778507292617,1.4177413322789671,-1.1127094486959972,-0.8975029591088394,-0.19033373889379193,-0.3278140765601263,-0.0438321239674487,0.02433062789781853,-0.4838336817690376,-1.0762747247231792,-0.8914094161365186,-0.8678420049559294,5,bengalgram,medium Black Soil
14864,0.33328778507292617,1.4177413322789671,1.9374894828955906,-0.8975029591088394,-0.19033373889379193,-0.22388492999949636,-0.0779534991185845,-0.6116218507084507,-0.4838336817690376,-0.9579894935222178,-0.5939492971808256,-0.8933513482756635,5,bengalgram,medium Black Soil
14874,0.33328778507292617,1.4177413322789671,1.4291229942969927,-0.8975029591088394,-1.421341255177312,0.09168175137550728,0.4509278157240219,-0.38934719799169626,-0.4838336817690376,-1.0289606322427947,-1.153874226979777,-0.8168233183164607,5,bengalgram,medium Black Soil
14953,-0.048939319018353855,1.4177413322789671,-1.1127094486959972,1.114202454544477,-0.036457799358352465,0.048220471904698456,0.21207818966607073,-0.3051522537808045,-0.4838336817690376,-1.2211741329443568,-0.7864234917992149,-1.2249728114322087,5,bengalgram,heavy Black Soil
15005,0.04661745700446615,1.4177413322789671,-1.1127094486959972,1.114202454544477,-0.3442096784292314,-0.11428692089919576,2.5152710123677453,-0.24509319357703513,0.32375336010238964,-0.9047611394817852,-1.043055751290401,-0.9370816511094937,26,horsegram,heavy soil 
15021,0.04661745700446615,1.4177413322789671,1.9374894828955906,1.114202454544477,0.4251700192479687,-0.14263123359754937,2.122875198129683,-0.24509319357703513,-0.13834189915024528,-0.8604041777814246,-1.0313906485862563,-1.2942124575857732,26,horsegram,heavy soil 
15059,0.04661745700446615,1.4177413322789671,-1.1127094486959972,1.114202454544477,-0.9597134365709921,-0.11239730005263869,0.22913887724163892,-0.24509319357703513,-0.1815283719775943,-0.8751898316815447,-1.5096598594561939,-1.1848867005011978,26,horsegram,heavy soil 
15066,1.6710826493924062,1.4177413322789671,1.9374894828955906,1.114202454544477,-0.036457799358352465,-0.13507275021132165,0.5703526287529982,-0.24509319357703513,0.30216012368871514,-1.0437462861429148,-1.497994756752049,-1.1192912462504527,26,horsegram, light soi
15089,0.04661745700446615,1.4177413322789671,-1.1127094486959972,1.114202454544477,-0.8058374970355525,-0.1407416127509923,1.7816614466183236,-0.24509319357703513,-0.44928450350715854,-1.058531940043035,-1.0547208539945458,-1.0281864486799732,26,horsegram,heavy soil 
15099,0.04661745700446615,1.4177413322789671,1.9374894828955906,1.114202454544477,0.8867978378542885,-0.16152744206311845,1.9693290099495702,-0.24509319357703513,-0.5831625692719403,-0.8958897471417131,-0.9963953404738217,-1.312433417099869,26,horsegram,heavy soil 
15161,0.04661745700446615,1.4177413322789671,-1.1127094486959972,1.114202454544477,-0.3442096784292314,-0.16908592544934592,1.9693290099495702,-0.24509319357703513,-0.8466000535187695,-0.9284181857219775,-1.5154924108082664,-1.3270101847111457,26,horsegram,heavy soil 
15214,1.6710826493924062,1.4177413322789671,1.4291229942969927,1.114202454544477,1.0406737773897279,-0.14263123359754937,0.7580201920842453,-0.24509319357703513,-0.8379627589533,-0.9195467933819053,-0.8330839026157945,-0.7111417531347046,26,horsegram, light soi
15238,1.6710826493924062,1.4177413322789671,1.4291229942969927,1.114202454544477,0.11741814017708838,-0.08783222904739894,1.4575083826825315,-0.24509319357703513,-0.5356574491618566,-0.8190043468610881,-1.0255580972341838,-0.8314000859277376,26,horsegram, light soi
15249,0.04661745700446615,1.4177413322789671,1.9374894828955906,1.114202454544477,-0.6519615575001118,-0.09916995412674055,1.611054570862644,-0.24509319357703513,-0.8941051736288536,-1.1738600404639723,-0.6581073620536221,-1.2796356899744965,26,horsegram,heavy soil 
15255,0.04661745700446615,1.4177413322789671,1.9374894828955906,1.114202454544477,-0.49808561796467227,-0.16341706290967525,0.8603843175376533,-0.24509319357703513,-0.19880296110853418,-0.7362046850204153,-0.5647865404204635,-0.9079281158869403,26,horsegram,heavy soil 
15277,0.04661745700446615,1.4177413322789671,1.4291229942969927,1.114202454544477,-0.3442096784292314,-0.09539071243362668,0.7238988169331095,-0.24509319357703513,-0.2333521393704133,-0.9284181857219775,-1.4221715891751077,-1.2869240737801348,26,horsegram,heavy soil 
15307,0.04661745700446615,1.4177413322789671,1.4291229942969927,1.114202454544477,0.8867978378542885,-0.14452085444410617,0.3485636902706145,-0.24509319357703513,0.2460177090131615,-1.046703416922939,-1.2646927026691528,-1.330654376613965,26,horsegram,heavy soil 
15310,1.6710826493924062,1.4177413322789671,1.4291229942969927,1.114202454544477,0.11741814017708838,-0.1237350251319803,1.4575083826825315,-0.24509319357703513,-0.20312160839126883,-1.1738600404639723,-1.0255580972341838,-0.9115723077897594,26,horsegram, light soi
15312,1.6710826493924062,1.4177413322789671,1.9374894828955906,1.114202454544477,0.27129407971252784,-0.11995578343886643,0.31444231511947873,-0.24509319357703513,0.3410279492333289,-0.9165896626018815,-0.6931026701660566,-0.6163927636614059,26,horsegram, light soi
15315,0.04661745700446615,1.4177413322789671,1.9374894828955906,1.114202454544477,1.0406737773897279,-0.14830009613722003,0.38268506542175035,-0.24509319357703513,0.2589736508613661,-1.1590743865638522,-1.013892994530039,-0.7876697830939073,26,horsegram,heavy soil 
15321,0.04661745700446615,1.4177413322789671,1.9374894828955906,1.114202454544477,0.7329218983188477,-0.13129350851820776,0.2461995648172065,-0.24509319357703513,0.12077693781384902,-0.7332475542403912,-1.083883610754908,-0.7949581668995458,26,horsegram,heavy soil 
15329,0.04661745700446615,1.4177413322789671,-1.1127094486959972,1.114202454544477,1.0406737773897279,-0.08405298735428508,1.2869015069268517,-0.24509319357703513,0.3280720073851243,-1.2063884790442367,-0.6639399134056946,-1.228617003335028,26,horsegram,heavy soil 
15337,0.04661745700446615,1.4177413322789671,1.4291229942969927,1.114202454544477,-0.9597134365709921,-0.12184540428542323,2.2252393235830894,-0.24509319357703513,0.30216012368871514,-1.2152598713843088,-0.827251351263722,-1.3087892251970499,26,horsegram,heavy soil 
15338,1.6710826493924062,1.4177413322789671,-1.1127094486959972,1.114202454544477,-0.3442096784292314,-0.11995578343886643,1.8669648844961635,-0.24509319357703513,-0.32404373230784606,-0.7125476387802229,-1.253027599965008,-1.1921750843068362,26,horsegram, light soi
15365,0.04661745700446615,1.4177413322789671,-1.1127094486959972,1.114202454544477,-0.49808561796467227,-0.11806616259230963,2.549392387518882,-0.24509319357703513,-0.8120508752568905,-1.1827314328040446,-0.9614000323613874,-0.8496210454418335,26,horsegram,heavy soil 
15373,0.04661745700446615,1.4177413322789671,1.4291229942969927,1.114202454544477,1.3484256564606083,-0.16341706290967525,0.7750808796598135,-0.24509319357703513,0.29784147640597985,-1.1324602095436358,-1.0722185080507631,-0.7730930154826308,26,horsegram,heavy soil 
15423,0.04661745700446615,1.4177413322789671,1.9374894828955906,1.114202454544477,0.11741814017708838,-0.14452085444410617,1.5769331957115076,-0.24509319357703513,-0.5270201545963867,-0.6415765000596461,-0.6814375674619116,-0.9589468025264087,26,horsegram,heavy soil 
15446,1.6710826493924062,1.4177413322789671,-1.1127094486959972,1.114202454544477,-0.19033373889379193,-0.08594260820084215,1.832843509345027,-0.24509319357703513,0.16396341064119807,-0.7776045159407518,-1.0547208539945458,-1.2067518519181129,26,horsegram, light soi
15457,0.04661745700446615,1.4177413322789671,1.4291229942969927,1.114202454544477,0.4251700192479687,-0.1086180583595251,0.8092022548109493,-0.24509319357703513,-0.8897865263461187,-0.8012615621809439,-1.352180972950239,-1.2942124575857732,26,horsegram,heavy soil 
15484,1.6710826493924062,1.4177413322789671,1.4291229942969927,1.114202454544477,1.1945497169251689,-0.1388519919044355,2.156996573280818,-0.24509319357703513,0.030085344876416262,-0.8811040932415929,-0.8739117620803011,-0.8095349345108225,26,horsegram, light soi
15501,0.04661745700446615,1.4177413322789671,1.9374894828955906,1.114202454544477,-0.19033373889379193,-0.1653066837562323,2.1911179484319545,-0.24509319357703513,-0.336999674156051,-0.884061224021617,-1.2588601513170803,-1.268703114266039,26,horsegram,heavy soil 
15505,0.04661745700446615,1.4177413322789671,1.4291229942969927,1.114202454544477,0.8867978378542885,-0.16152744206311845,0.2461995648172065,-0.24509319357703513,-0.3542742632869905,-1.1028889017433956,-1.253027599965008,-1.228617003335028,26,horsegram,heavy soil 
15509,0.04661745700446615,1.4177413322789671,-1.1127094486959972,1.114202454544477,1.3484256564606083,-0.16152744206311845,1.7134186963160507,-0.24509319357703513,-0.328362379590581,-0.7362046850204153,-0.62894460529326,-1.1958192762096556,26,horsegram,heavy soil 
15521,0.04661745700446615,1.4177413322789671,-1.1127094486959972,1.114202454544477,-0.036457799358352465,-0.13507275021132165,0.8092022548109493,-0.24509319357703513,-0.10811136817110081,-0.9875608013224582,-1.0080604431779667,-1.2905682656829538,26,horsegram,heavy soil 
15626,1.6710826493924062,1.4177413322789671,-1.1127094486959972,1.114202454544477,1.1945497169251689,-0.14263123359754937,1.5257511329848041,-0.24509319357703513,-0.7602271078640715,-1.1176745556435157,-1.0897161621069804,-1.1120028624448142,26,horsegram, light soi
15655,0.04661745700446615,1.4177413322789671,1.4291229942969927,1.114202454544477,0.4251700192479687,-0.11995578343886643,2.566453075094449,-0.24509319357703513,0.3280720073851243,-0.6622764155198144,-1.2763578053732976,-0.6710556422036936,26,horsegram,heavy soil 
15656,1.6710826493924062,1.4177413322789671,-1.1127094486959972,1.114202454544477,1.0406737773897279,-0.15396895867689073,2.464088949641042,-0.24509319357703513,-0.742952518733132,-0.9846036705424341,-1.3055205621336596,-0.7767372073854499,26,horsegram, light soi
15673,0.04661745700446615,1.4177413322789671,1.4291229942969927,1.114202454544477,-0.036457799358352465,-0.14830009613722003,0.43386712814845435,-0.24509319357703513,-0.7602271078640715,-1.0733175939431552,-0.5647865404204635,-0.6127485717585869,26,horsegram,heavy soil 
15678,1.6710826493924062,1.4177413322789671,1.9374894828955906,1.114202454544477,0.5790459587834081,-0.1256246459785371,1.5598725081359395,-0.24509319357703513,-0.6047558056856148,-1.1620315173438762,-0.8214187999116495,-0.9152164996925787,26,horsegram, light soi
15691,0.04661745700446615,1.4177413322789671,1.4291229942969927,1.114202454544477,-0.8058374970355525,-0.1388519919044355,1.6963580087404837,-0.24509319357703513,-0.8293254643878301,-1.1413316018837079,-0.7222654269264187,-1.1520889733758253,26,horsegram,heavy soil 
15786,1.6710826493924062,1.4177413322789671,1.9374894828955906,1.114202454544477,-0.6519615575001118,-0.12940388767165098,0.05853200148595931,-0.24509319357703513,-0.5313388018791216,-0.8337900007612083,-1.5154924108082664,-0.7330069045516197,26,horsegram, light soi
15854,1.6710826493924062,1.4177413322789671,-1.1127094486959972,1.114202454544477,-0.19033373889379193,-0.11050767920608189,1.9010862596472986,-0.24509319357703513,0.21146853075128177,-1.138374471103684,-1.11304636751527,-1.246837962849124,26,horsegram, light soi
15862,1.6710826493924062,1.4177413322789671,1.4291229942969927,1.114202454544477,0.7329218983188477,-0.1577482003700046,0.43386712814845435,-0.24509319357703513,-0.49678962361724227,-1.0348748938028427,-1.439669243231325,-1.04276321629125,26,horsegram, light soi
15879,0.04661745700446615,1.4177413322789671,1.9374894828955906,1.114202454544477,-0.49808561796467227,-0.12751426682509417,1.8157828217694587,-0.24509319357703513,-0.8897865263461187,-1.0762747247231792,-1.1655393296839218,-1.0500516000968882,26,horsegram,heavy soil 
16065,0.23773100905010616,1.4177413322789671,-1.1127094486959972,1.114202454544477,0.27129407971252784,0.4072484327505109,-0.8798058151702786,1.383517677275648,0.4187636003225577,-0.9136325318218573,-1.3638460756543838,-1.0755609434166225,37,redgram,loamy soil
16073,0.23773100905010616,1.4177413322789671,1.4291229942969927,1.114202454544477,0.5790459587834081,0.3789041200521573,0.38268506542175035,-0.5291108053817768,0.22442447259948697,-1.2063884790442367,-0.8972419674885911,-1.1411563976673678,37,redgram,loamy soil
16134,-0.24005287106399387,1.4177413322789671,-1.1127094486959972,1.114202454544477,0.5790459587834081,0.6774642138081484,-0.11207487426972029,0.6019079451845359,0.3712584802124734,-0.7657759928206557,-0.6756050161098391,-1.0974260948335375,37,redgram,deep soil
16146,-0.24005287106399387,1.4177413322789671,-1.1127094486959972,1.114202454544477,-0.19033373889379193,0.5017294750783563,-0.3679851879032397,0.9880820892984932,0.22442447259948697,-1.1709029096839483,-0.7106003242222737,-0.7439394802600772,37,redgram,deep soil
16150,-0.24005287106399387,1.4177413322789671,1.9374894828955906,1.114202454544477,0.4251700192479687,0.6226652092579985,-0.7945023772924388,1.0206374677267045,0.3194347128196544,-0.709590508000199,-0.6697724647577666,-0.860553621150291,37,redgram,deep soil
16179,0.23773100905010616,1.4177413322789671,-1.1127094486959972,1.114202454544477,0.11741814017708838,0.5546388587819494,-0.7603810021413029,0.6493377637566718,0.40580765847435246,-0.9165896626018815,-1.4105064864709629,-1.268703114266039,37,redgram,loamy soil
16212,-0.24005287106399387,1.4177413322789671,-1.1127094486959972,1.114202454544477,-0.036457799358352465,0.7681660144428801,-0.40210656305437614,1.2844482929208318,0.23738041444769156,-1.0969746401833473,-1.6321434378497146,-1.2614147304604006,37,redgram,deep soil
16226,-0.24005287106399387,1.4177413322789671,1.4291229942969927,1.114202454544477,0.11741814017708838,0.24663066079317375,0.5874133163285657,1.322897317443806,0.2805668872750406,-0.6622764155198144,-0.8972419674885911,-0.6674114503008746,37,redgram,deep soil
16240,-0.24005287106399387,1.4177413322789671,1.9374894828955906,1.114202454544477,0.27129407971252784,0.20883824386203562,0.8262629423865175,0.6148178366302064,0.2330617671649563,-0.7894330390608478,-1.6029806810893525,-1.0318306405827924,37,redgram,deep soil
16271,0.23773100905010616,1.4177413322789671,1.4291229942969927,1.114202454544477,0.27129407971252784,0.6623472470356935,-0.09501418669415271,1.176117464702818,0.3539838910815341,-0.6563621539597663,-0.5647865404204635,-1.0901377110278991,37,redgram,loamy soil
16306,-0.24005287106399387,1.4177413322789671,1.9374894828955906,1.114202454544477,-0.036457799358352465,0.49039174999901497,0.502109878450726,0.17391697877916945,0.24169906173042624,-1.0319177630228187,-1.4513343459354697,-0.6601230664952361,37,redgram,deep soil
16329,0.23773100905010616,1.4177413322789671,-1.1127094486959972,1.114202454544477,0.27129407971252784,0.6793538346547058,0.041471313910391105,1.0178309695863414,0.39717036390888316,-1.1088031633034436,-0.6347771566453325,-0.6892766017177895,37,redgram,loamy soil
16416,-0.24005287106399387,1.4177413322789671,-1.1127094486959972,1.114202454544477,-0.036457799358352465,0.6888019388874903,0.43386712814845435,-0.27961312070350064,0.24169906173042624,-0.7716902543807036,-1.3055205621336596,-0.7585162478713541,37,redgram,deep soil
16430,-0.24005287106399387,1.4177413322789671,1.4291229942969927,1.114202454544477,0.27129407971252784,0.6396717968770103,-1.135716128803798,-0.3113265496896034,0.36262118564700346,-0.6829763309799826,-0.9555674810093149,-0.8496210454418335,37,redgram,deep soil
16523,0.23773100905010616,1.4177413322789671,1.4291229942969927,1.114202454544477,-0.19033373889379193,0.6037690007924295,-0.4874100009322159,0.9833110424598759,0.20714988346854712,-0.7716902543807036,-0.7164328755743462,-1.2322611952378473,37,redgram,loamy soil
16598,-0.24005287106399387,1.4177413322789671,1.4291229942969927,1.114202454544477,0.4251700192479687,0.3978003285177264,0.6897774417819738,-0.12946547019407698,0.2330617671649563,-1.1531601250038042,-1.1888695350922114,-0.8678420049559294,37,redgram,deep soil
16600,-0.24005287106399387,1.4177413322789671,1.9374894828955906,1.114202454544477,0.11741814017708838,0.3297739780416775,0.5874133163285657,0.9645075049194433,0.22442447259948697,-0.6948048541000789,-1.2355299459087907,-0.9407258430123129,37,redgram,deep soil
16601,0.23773100905010616,1.4177413322789671,1.4291229942969927,1.114202454544477,-0.19033373889379193,0.3921314659780554,-0.6750775642634631,-0.7280915235335176,0.26329229814410077,-1.0023464552225785,-1.5154924108082664,-0.8641978130531102,37,redgram,loamy soil
16608,-0.24005287106399387,1.4177413322789671,-1.1127094486959972,1.114202454544477,0.4251700192479687,0.6547887636494657,0.8603843175376533,0.8247438975293631,0.2805668872750406,-0.6474907616196942,-1.3346833188940217,-0.9553026106235897,37,redgram,deep soil
16621,0.23773100905010616,1.4177413322789671,1.9374894828955906,1.114202454544477,0.5790459587834081,0.730373597511742,0.55329194117743,0.08607358698580582,0.3064787709714498,-0.8101329545210161,-1.5504877189207007,-0.9881003377489622,37,redgram,loamy soil
16664,-0.24005287106399387,1.4177413322789671,1.4291229942969927,1.114202454544477,-0.036457799358352465,0.5055087167714699,0.502109878450726,0.6344633236127478,0.28920418184051055,-1.1827314328040446,-0.5531214377163185,-0.6783440260093321,37,redgram,deep soil
16682,-0.24005287106399387,1.4177413322789671,1.4291229942969927,1.114202454544477,0.11741814017708838,0.6434510385701244,0.8262629423865175,1.3529268475456908,0.3323906546678596,-1.058531940043035,-0.9963953404738217,-0.638257915078321,37,redgram,deep soil
16704,-0.24005287106399387,1.4177413322789671,-1.1127094486959972,1.114202454544477,0.27129407971252784,0.46771629984033175,-0.3850458754788079,-0.7345464692563525,0.3280720073851243,-0.9402467088420736,-1.3288507675419494,-1.13022382195891,37,redgram,deep soil
16709,0.23773100905010616,1.4177413322789671,1.4291229942969927,1.114202454544477,0.27129407971252784,0.30898814872955166,0.2461995648172065,-0.5919763637259092,0.4187636003225577,-1.0821889862832272,-1.567985372976918,-1.1083586705419952,37,redgram,loamy soil
16723,0.23773100905010616,1.4177413322789671,1.9374894828955906,1.114202454544477,0.5790459587834081,0.5962105174062017,-0.9992306281992548,-0.3177814954124383,0.3410279492333289,-0.6415765000596461,-1.4921622053999766,-1.2759914980716773,37,redgram,loamy soil
16759,0.23773100905010616,1.4177413322789671,1.9374894828955906,1.114202454544477,0.11741814017708838,0.34489094481413274,-0.8968665027458468,-0.10392633711677339,0.2805668872750406,-1.0260035014627706,-0.6406097079974047,-0.6419021069811403,37,redgram,loamy soil
16774,-0.24005287106399387,1.4177413322789671,1.9374894828955906,1.114202454544477,0.11741814017708838,0.2749749734915274,-0.1461962494208567,1.0492637487584078,0.30216012368871514,-0.7894330390608478,-0.5997818485328981,-0.7366510964544389,37,redgram,deep soil
16785,0.23773100905010616,1.4177413322789671,-1.1127094486959972,1.114202454544477,-0.19033373889379193,0.2163967272482631,-0.9309878778969826,0.6266051288197307,0.40580765847435246,-1.2004742174841885,-1.0022278918258942,-1.3233659928083268,37,redgram,loamy soil
16792,-0.24005287106399387,1.4177413322789671,1.9374894828955906,1.114202454544477,0.11741814017708838,0.6566783844960226,-0.09501418669415271,1.1747142156326367,0.2330617671649563,-1.1028889017433956,-1.171371881035994,-1.1557331652786444,37,redgram,deep soil
16808,-0.24005287106399387,1.4177413322789671,1.4291229942969927,1.114202454544477,0.27129407971252784,0.6680161095753638,-0.45328862578107953,1.3807111791352846,0.2201058253167517,-0.8544899162213766,-1.5796504756810628,-1.1192912462504527,37,redgram,deep soil
16819,0.23773100905010616,1.4177413322789671,1.9374894828955906,1.114202454544477,-0.19033373889379193,0.4563785747609904,-0.7603810021413029,-0.04106077877264061,0.28920418184051055,-0.98164653976241,-1.6029806810893525,-1.0099654891658774,37,redgram,loamy soil
16882,-0.24005287106399387,1.4177413322789671,1.9374894828955906,1.114202454544477,-0.036457799358352465,0.4318135037557504,0.26326025239277473,-0.35510792067926716,0.27624823999230536,-0.8012615621809439,-1.095548713459053,-0.9188606915953978,37,redgram,deep soil
16894,-0.24005287106399387,1.4177413322789671,1.9374894828955906,1.114202454544477,0.11741814017708838,0.7436009434376402,-0.45328862578107953,-0.5698050284170412,0.2805668872750406,-0.7421189465804632,-1.4163390378230354,-1.0099654891658774,37,redgram,deep soil
16904,-0.24005287106399387,1.4177413322789671,1.4291229942969927,1.114202454544477,-0.19033373889379193,0.23340331486727536,-1.0845340660770946,-0.6172348469891767,0.2719295927095707,-0.7864759082808237,-1.497994756752049,-1.0719167515138033,37,redgram,deep soil
16926,-0.24005287106399387,1.4177413322789671,-1.1127094486959972,1.114202454544477,0.27129407971252784,0.320325873808893,0.55329194117743,0.7874174722625344,0.2805668872750406,-0.9106754010418333,-1.5154924108082664,-0.7439394802600772,37,redgram,deep soil
16942,-0.24005287106399387,1.4177413322789671,1.9374894828955906,1.114202454544477,0.27129407971252784,0.30520890703643777,0.3485636902706145,0.00047539370473253,0.38853306934341325,-1.1649886481239002,-0.6697724647577666,-0.8241117021220992,37,redgram,deep soil
16950,-0.24005287106399387,1.4177413322789671,-1.1127094486959972,1.114202454544477,-0.19033373889379193,0.2636372484121858,0.604474003904134,0.4262211615978087,0.36262118564700346,-0.7657759928206557,-0.5997818485328981,-0.802246550705184,37,redgram,deep soil
16952,-0.24005287106399387,1.4177413322789671,1.4291229942969927,1.114202454544477,0.4251700192479687,0.2598580067190719,-0.9139271903214149,1.3172843211630798,0.26329229814410077,-0.8811040932415929,-1.3871762810626733,-0.8241117021220992,37,redgram,deep soil
16980,-0.24005287106399387,1.4177413322789671,-1.1127094486959972,1.114202454544477,0.5790459587834081,0.4998398542317995,0.7068381293575413,1.1006226647270516,0.3496652437987988,-1.0171321091226986,-0.7864234917992149,-1.04276321629125,37,redgram,deep soil
16986,-0.24005287106399387,1.4177413322789671,-1.1127094486959972,1.114202454544477,0.5790459587834081,0.7681660144428801,0.6727167542064055,0.41078542182581185,0.28920418184051055,-1.0200892399027226,-0.7222654269264187,-0.9771677620405046,37,redgram,deep soil
17061,0.23773100905010616,0.17449124089587287,-0.6043429600973992,1.114202454544477,-0.8058374970355525,-0.29946976386177265,-0.7774416897168711,-1.169834330826663,0.03440399215915092,-0.3724775990774589,-1.253027599965008,-1.3087892251970499,44,soyabean,loamy soil
17089,0.23773100905010616,0.17449124089587287,-0.6043429600973992,1.114202454544477,0.5790459587834081,-0.29758014301521585,-1.5451726306174294,-1.0404547665559258,0.017129403028211056,-0.5439911843188531,-1.253027599965008,-0.9115723077897594,44,soyabean,loamy soil
17092,1.3844123213239463,0.17449124089587287,-0.09597647149880119,-0.8975029591088394,-0.6519615575001118,-0.2786839345496468,-1.2722016294083418,-0.719391379298392,0.8851775068579273,-0.4789343071583244,-1.1188789188673425,-0.9553026106235897,44,soyabean,well-drained soil
17136,1.3844123213239463,0.17449124089587287,-0.09597647149880119,-0.8975029591088394,-0.3442096784292314,-0.25033962185129316,0.6215346914797015,-0.594502212052236,0.48354330956358127,-0.7036762464401508,-1.5796504756810628,-1.144800589570187,44,soyabean,well-drained soil
17140,1.3844123213239463,0.17449124089587287,-0.09597647149880119,-0.8975029591088394,-0.19033373889379193,-0.22388492999949636,-1.0845340660770946,-0.993586247611863,0.5569603133700741,-0.1802640983758967,-0.6581073620536221,-0.6346137231755018,44,soyabean,well-drained soil
17146,1.3844123213239463,0.17449124089587287,-0.09597647149880119,-0.8975029591088394,-0.6519615575001118,-0.29191128047554493,1.1845373814734443,-0.8403514491480399,0.22442447259948697,-0.5439911843188531,-0.9322372756010252,-0.7147859450375238,44,soyabean,well-drained soil
17172,1.3844123213239463,0.17449124089587287,-0.09597647149880119,-0.8975029591088394,-0.6519615575001118,-0.23711227592539477,-1.1015947536526622,-0.7328625703721346,0.617421375328363,-0.4109202992177713,-0.5647865404204635,-0.8131791264136418,44,soyabean,well-drained soil
17176,1.3844123213239463,0.17449124089587287,-0.09597647149880119,-0.8975029591088394,0.5790459587834081,-0.2881320387824313,0.5362312536018617,-0.8560678387340731,0.18123799977213792,-0.7864759082808237,-1.5913155783852078,-1.254126346654762,44,soyabean,well-drained soil
17204,1.3844123213239463,0.17449124089587287,-0.09597647149880119,-0.8975029591088394,0.5790459587834081,-0.31836597232734176,0.604474003904134,-0.8117251681163367,0.8419910340305783,-0.7864759082808237,-1.11304636751527,-1.0792051353194416,44,soyabean,well-drained soil
17274,1.3844123213239463,0.17449124089587287,-0.09597647149880119,-0.8975029591088394,-0.6519615575001118,-0.2805735553962036,-1.5281119430418613,-0.9798344067240838,0.6562892008729775,-0.4316202146779396,-1.2996880107815874,-1.1703099328899211,44,soyabean,well-drained soil
17292,1.3844123213239463,0.17449124089587287,-0.09597647149880119,-0.8975029591088394,-0.49808561796467227,-0.310807488941114,-1.186898191530502,-0.6043249555435066,0.8160791503341684,-0.22166392929623333,-0.6989352215181287,-0.6783440260093321,44,soyabean,well-drained soil
17340,1.3844123213239463,0.17449124089587287,-0.09597647149880119,-0.8975029591088394,-0.6519615575001118,-0.2824631762427604,0.38268506542175035,-0.535004451476539,0.172600705206668,-0.360649075957363,-1.2646927026691528,-0.7038533693290664,44,soyabean,well-drained soil
17358,1.3844123213239463,0.17449124089587287,-0.09597647149880119,-0.8975029591088394,0.4251700192479687,-0.2767943137030897,-1.613415380919701,-1.0749746936823916,0.8938148014233972,-0.8397042623212565,-0.9730651350655322,-0.6746998341065128,44,soyabean,well-drained soil
17374,1.3844123213239463,0.17449124089587287,-0.09597647149880119,-0.8975029591088394,0.11741814017708838,-0.29946976386177265,-0.40210656305437614,-1.1473823457037586,0.7988045612032292,-0.1773069675958728,-1.0313906485862563,-0.8241117021220992,44,soyabean,well-drained soil
17378,1.3844123213239463,0.17449124089587287,-0.09597647149880119,-0.8975029591088394,0.11741814017708838,-0.35048952671880923,0.8262629423865175,-0.680661704961382,0.2719295927095707,-0.6504478923997183,-0.5472888863642464,-1.1739541247927403,44,soyabean,well-drained soil
17428,1.3844123213239463,0.17449124089587287,-0.09597647149880119,-0.8975029591088394,-0.3442096784292314,-0.31269710978767107,-1.613415380919701,-0.8033056736952474,-0.01741977523366806,-0.552862576658925,-0.6114469512370426,-0.6200369555642251,44,soyabean,well-drained soil
17438,1.3844123213239463,0.17449124089587287,-0.09597647149880119,-0.8975029591088394,-0.8058374970355525,-0.19176137560802886,0.55329194117743,-1.2110898534899999,0.6001467861974232,-0.11816435199539212,-1.2355299459087907,-0.8787745806643869,44,soyabean,well-drained soil
17481,0.23773100905010616,0.17449124089587287,-0.6043429600973992,1.114202454544477,-0.19033373889379193,-0.18231327137524433,0.5362312536018617,-0.9756246595135392,0.11213964324837908,-0.8042186929609679,-1.5738179243289905,-1.3087892251970499,44,soyabean,loamy soil
17513,0.23773100905010616,0.17449124089587287,-0.6043429600973992,1.114202454544477,-0.036457799358352465,-0.1860925130683582,-0.1632569369964243,-0.6593323190946226,0.043041286724620854,-0.3488205528372667,-1.124711470219415,-1.2978566494885924,44,soyabean,loamy soil
17514,1.3844123213239463,0.17449124089587287,-0.09597647149880119,-0.8975029591088394,-0.6519615575001118,-0.335372559946354,-1.3916264424373173,-0.8723455279481788,0.32375336010238964,-0.8426613931012805,-0.9497349296572426,-1.334298568516784,44,soyabean,well-drained soil
17540,1.3844123213239463,0.17449124089587287,-0.09597647149880119,-0.8975029591088394,0.11741814017708838,-0.2730150720099758,0.928627067839925,-0.7668211978705277,-0.04333165893007724,-0.7125476387802229,-1.6321434378497146,-0.9297932673038553,44,soyabean,well-drained soil
17544,1.3844123213239463,0.17449124089587287,-0.09597647149880119,-0.8975029591088394,0.4251700192479687,-0.25789810523752066,-0.9992306281992548,-1.0163188825488036,0.07327181770376531,-0.6120051922594058,-1.6204783351455698,-0.6710556422036936,44,soyabean,well-drained soil
17548,1.3844123213239463,0.17449124089587287,-0.09597647149880119,-0.8975029591088394,-0.3442096784292314,-0.30135938470832946,-0.8115630648680069,-0.5327592529642486,0.8722215650097227,-0.5114627457385886,-1.183036983740139,-0.7330069045516197,44,soyabean,well-drained soil
17556,1.3844123213239463,0.17449124089587287,-0.09597647149880119,-0.8975029591088394,0.27129407971252784,-0.30513862640144335,-0.5897741263856233,-0.9921829985416815,0.6649264954384467,-0.07972165185507976,-1.142209124275632,-0.8787745806643869,44,soyabean,well-drained soil
17594,1.3844123213239463,0.17449124089587287,-0.09597647149880119,-0.8975029591088394,-0.49808561796467227,-0.29946976386177265,-0.11207487426972029,-0.9068654550746442,0.8290350921823736,-0.8544899162213766,-1.5738179243289905,-0.7439394802600772,44,soyabean,well-drained soil
17618,1.3844123213239463,0.17449124089587287,-0.09597647149880119,-0.8975029591088394,-0.036457799358352465,-0.28624241793587424,0.48504919087515835,-0.7160235815299563,0.09054640683470457,-0.7007191156601268,-0.5356237836601014,-0.7913139749967266,44,soyabean,well-drained soil
17645,0.23773100905010616,0.17449124089587287,-0.6043429600973992,1.114202454544477,0.11741814017708838,-0.29758014301521585,0.7409595045086778,-0.6843101525438539,0.8247164448996384,-0.5646910997790211,-1.3638460756543838,-0.6419021069811403,44,soyabean,loamy soil
17686,1.3844123213239463,0.17449124089587287,-0.09597647149880119,-0.8975029591088394,-0.49808561796467227,-0.22577455084605316,-0.45328862578107953,-0.9439112305274368,0.4446754840189669,-0.21870679851620903,-0.5297912323080289,-0.6491904907867787,44,soyabean,well-drained soil
17725,0.23773100905010616,0.17449124089587287,-0.6043429600973992,1.114202454544477,0.4251700192479687,-0.17664440883557367,-1.135716128803798,-0.8271609078883334,0.7081129682657958,-0.2867208064567622,-0.7397630809826358,-1.04276321629125,44,soyabean,loamy soil
17741,0.23773100905010616,0.17449124089587287,-0.6043429600973992,1.114202454544477,-0.6519615575001118,-0.22955379253916702,0.1438354393637991,-1.0755359933104642,0.28920418184051055,-0.7480332081405113,-1.0022278918258942,-1.1557331652786444,44,soyabean,loamy soil
17779,0.23773100905010616,0.17449124089587287,-0.6043429600973992,1.114202454544477,-0.036457799358352465,-0.2163264466132686,-1.3063230045594776,-0.7943248796460859,0.15532611607572813,-0.061978867174935295,-0.8797443134323736,-1.1229354381532717,44,soyabean,loamy soil
17783,0.23773100905010616,0.17449124089587287,-0.6043429600973992,1.114202454544477,-0.49808561796467227,-0.3221452140204556,-1.4257478175884537,-0.9172494981939877,0.837672386747843,-0.4789343071583244,-1.626310886497642,-0.9698793782348663,44,soyabean,loamy soil
17790,1.3844123213239463,0.17449124089587287,-0.09597647149880119,-0.8975029591088394,0.11741814017708838,-0.2163264466132686,-0.7774416897168711,-0.6290221391787014,0.06895317042103004,-0.27193515255664197,-1.1188789188673425,-0.9370816511094937,44,soyabean,well-drained soil
17793,0.23773100905010616,0.17449124089587287,-0.6043429600973992,1.114202454544477,0.5790459587834081,-0.2144368257667118,-0.6238955015367591,-0.8566291383621456,0.22442447259948697,-0.4050060376577235,-1.2296973945567182,-1.068272559610984,44,soyabean,loamy soil
17811,0.23773100905010616,0.17449124089587287,-0.6043429600973992,1.114202454544477,0.4251700192479687,-0.35426876841192306,-0.2826817500253999,-1.006215489243497,0.172600705206668,-0.7273332926803431,-1.5913155783852078,-0.7730930154826308,44,soyabean,loamy soil
17843,0.23773100905010616,0.17449124089587287,-0.6043429600973992,1.114202454544477,-0.49808561796467227,-0.2465603801581793,-0.8286237524435751,-0.7609275517757652,0.8549469758787829,-0.07085025951500731,-1.323018216189877,-0.8095349345108225,44,soyabean,loamy soil
17894,1.3844123213239463,0.17449124089587287,-0.09597647149880119,-0.8975029591088394,-0.9597134365709921,-0.36182725179815056,1.1504160063223086,-1.0738520944262464,0.051678581290090786,-0.6563621539597663,-0.8330839026157945,-1.0828493272222608,44,soyabean,well-drained soil
17907,0.23773100905010616,0.17449124089587287,-0.6043429600973992,1.114202454544477,0.11741814017708838,-0.29191128047554493,-1.4086871300128856,-0.5835568693048201,0.565597607935544,-0.15956418291572835,-1.2938554594295149,-1.1921750843068362,44,soyabean,loamy soil
17923,0.23773100905010616,0.17449124089587287,-0.6043429600973992,1.114202454544477,0.11741814017708838,-0.2824631762427604,-0.5727134388100558,-1.1243690609527814,-0.008782480668198128,-0.2926350680168099,-0.7980885945033599,-0.7730930154826308,44,soyabean,loamy soil
17944,1.3844123213239463,0.17449124089587287,-0.09597647149880119,-0.8975029591088394,-0.6519615575001118,-0.19176137560802886,-0.9821699406236866,-0.755033905681003,0.5526416660873394,-0.5646910997790211,-1.013892994530039,-0.6564788745924169,44,soyabean,well-drained soil
18019,0.8110716651870262,0.17449124089587287,-0.6043429600973992,1.114202454544477,-0.19033373889379193,0.5981001382527584,2.378785511763202,-0.9273528914992948,-0.2679013176322924,-0.1654784444757765,-0.05152202143809151,-0.49977862277119234,25,groundnut,sandy Loamy soil
18047,0.9066284412098462,0.17449124089587287,-0.6043429600973992,1.114202454544477,-0.19033373889379193,0.5924312757130875,3.300062640843872,-0.8383869004497857,-0.2679013176322924,-0.200964013836065,0.5492307678253671,-0.06611978633571017,25,groundnut,sandy clay Loamy soil 
18091,0.8110716651870262,0.17449124089587287,-0.6043429600973992,1.114202454544477,0.11741814017708838,0.6207755884114412,0.979809130566629,-0.5936602626101272,-0.2679013176322924,-0.36656333751741077,0.1409521731802983,-0.39045286568661697,25,groundnut,sandy Loamy soil
18093,1.3844123213239463,0.17449124089587287,-0.6043429600973992,1.114202454544477,-0.19033373889379193,0.6869123180409329,1.6451759460137791,-1.0418580156261075,-0.2679013176322924,-0.10042156731524766,0.5900586272898737,-0.5289321579937457,25,groundnut,well-drained soil
18105,1.3844123213239463,0.17449124089587287,-0.6043429600973992,1.114202454544477,-0.19033373889379193,0.6491199011097948,-2.3299642590935554,-0.8285641569585149,-0.2679013176322924,-0.3192492450370264,0.2984310596862531,-0.24104099767103063,25,groundnut,well-drained soil
18116,0.9066284412098462,0.17449124089587287,-0.09597647149880119,-0.8975029591088394,0.27129407971252784,0.6226652092579985,0.7921415672353811,-0.6464224276489525,-0.2679013176322924,-0.2837636756767379,0.45007739484013587,-0.24468518957384985,25,groundnut,sandy clay Loamy soil 
18131,0.9066284412098462,0.17449124089587287,-0.6043429600973992,1.114202454544477,-0.036457799358352465,0.613217105025214,2.788242013576833,-0.7376336172107519,-0.2679013176322924,-0.5735624921190934,-0.3606472430979291,-0.029677867307518382,25,groundnut,sandy clay Loamy soil 
18160,0.8110716651870262,0.17449124089587287,-0.09597647149880119,-0.8975029591088394,0.27129407971252784,0.5943208965596449,0.8433236299620851,-0.6172348469891767,-0.2679013176322924,-0.35769194517733877,0.5492307678253671,-0.12807104868363606,25,groundnut,sandy Loamy soil
18163,0.8110716651870262,0.17449124089587287,-0.6043429600973992,1.114202454544477,0.11741814017708838,0.5905416548665308,-1.4428085051640214,-0.6997458923158506,-0.2679013176322924,-0.7421189465804632,0.5667284218815841,-0.41960640090917034,25,groundnut,sandy Loamy soil
18167,0.9066284412098462,0.17449124089587287,-0.6043429600973992,1.114202454544477,-0.036457799358352465,0.582983171480303,2.3276034490364976,-0.6708389614701112,-0.2679013176322924,-0.11520722121536783,-0.028191816029801538,-0.08434074584980605,25,groundnut,sandy clay Loamy soil 
18186,1.3844123213239463,0.17449124089587287,-0.09597647149880119,-0.8975029591088394,0.4251700192479687,0.632113313490783,-0.1291355618452885,-0.9669245152784139,-0.2679013176322924,-0.549905445878901,0.018468594786777582,-0.4414715523260854,25,groundnut,well-drained soil
18208,0.8110716651870262,0.17449124089587287,-0.09597647149880119,-0.8975029591088394,0.11741814017708838,0.671795351268478,2.788242013576833,-0.537810949616902,-0.2679013176322924,-0.6356622384995981,0.05346390289921213,-0.1535803920033704,25,groundnut,sandy Loamy soil
18250,0.8110716651870262,0.17449124089587287,-0.09597647149880119,-0.8975029591088394,0.4251700192479687,0.6566783844960226,2.0205110726762747,-1.000041193334698,-0.2679013176322924,-0.42570595311789144,-0.302321729577205,-0.16815715961464706,25,groundnut,sandy Loamy soil
18254,0.9066284412098462,0.17449124089587287,-0.09597647149880119,-0.8975029591088394,0.5790459587834081,0.6510095219563521,2.822363388727968,-0.5524047399467901,-0.2679013176322924,-0.5410340535388289,0.22844044346138445,0.11244561690242978,25,groundnut,sandy clay Loamy soil 
18304,0.8110716651870262,0.17449124089587287,-0.09597647149880119,-0.8975029591088394,0.11741814017708838,0.6774642138081484,-2.295842883942419,-0.7424046640493692,-0.2679013176322924,-0.6001766691393097,0.012636043434705087,-0.24832938147666908,25,groundnut,sandy Loamy soil
18319,0.8110716651870262,0.17449124089587287,-0.6043429600973992,1.114202454544477,0.4251700192479687,0.5886520340199739,1.2186587566245801,-0.6492289257893156,-0.2679013176322924,-0.32516350659707455,-0.10401498360674312,-0.36494352236688266,25,groundnut,sandy Loamy soil
18351,1.3844123213239463,0.17449124089587287,-0.6043429600973992,1.114202454544477,0.4251700192479687,0.6623472470356935,-2.022871882733332,-0.7727148439652902,-0.2679013176322924,-0.2334924524163292,-0.13317774036710517,-0.2993480681161375,25,groundnut,well-drained soil
18379,0.8110716651870262,0.17449124089587287,-0.6043429600973992,1.114202454544477,-0.036457799358352465,0.5943208965596449,1.9522683223740032,-0.7645759993582374,-0.2679013176322924,-0.9077182702618092,-0.3839774485062187,-0.40502963329789365,25,groundnut,sandy Loamy soil
18382,0.8110716651870262,0.17449124089587287,-0.09597647149880119,-0.8975029591088394,-0.036457799358352465,0.6925811805806039,0.7409595045086778,-0.8103219190461551,-0.2679013176322924,-0.5439911843188531,0.3334263677986877,-0.5617298851191183,25,groundnut,sandy Loamy soil
18388,0.8110716651870262,0.17449124089587287,-0.09597647149880119,-0.8975029591088394,-0.036457799358352465,0.7530490476704247,2.037571760251843,-0.7749600424775805,-0.2679013176322924,-0.626790846159526,0.6833794489230323,-0.33578998714432934,25,groundnut,sandy Loamy soil
18412,0.8110716651870262,0.17449124089587287,-0.09597647149880119,-0.8975029591088394,0.5790459587834081,0.7492698059773111,2.8394240763035365,-0.7502628588423857,-0.2679013176322924,-0.44640586857805975,0.5259005624170775,0.076003697874238,25,groundnut,sandy Loamy soil
18454,0.8110716651870262,0.17449124089587287,-0.09597647149880119,-0.8975029591088394,0.5790459587834081,0.6340029343373398,0.024410626334822903,-0.8782391740429413,-0.2679013176322924,-0.46414865325820426,-0.3898099998582912,-0.3321457952415101,25,groundnut,sandy Loamy soil
18475,0.8110716651870262,0.17449124089587287,-0.6043429600973992,1.114202454544477,0.4251700192479687,0.6774642138081484,3.3853660787217117,-1.035683719717309,-0.2679013176322924,-0.4878056994983964,-0.06318712414223608,-0.33578998714432934,25,groundnut,sandy Loamy soil
18494,0.9066284412098462,0.17449124089587287,-0.09597647149880119,-0.8975029591088394,0.11741814017708838,0.6623472470356935,2.8394240763035365,-1.0457871130226157,-0.2679013176322924,-0.27193515255664197,0.1351196218282258,-0.36494352236688266,25,groundnut,sandy clay Loamy soil 
18496,0.8110716651870262,0.17449124089587287,-0.09597647149880119,-0.8975029591088394,-0.19033373889379193,0.7095877681996161,0.5874133163285657,-1.0003218431487344,-0.2679013176322924,-0.20983540617613702,0.29259850833418105,0.0942246573883339,25,groundnut,sandy Loamy soil
18529,0.8110716651870262,0.17449124089587287,-0.6043429600973992,1.114202454544477,-0.19033373889379193,0.7133670098927297,1.0480518808689006,-1.0053735398013877,-0.2679013176322924,-0.35769194517733877,0.40924953537562925,-0.34672256285278674,25,groundnut,sandy Loamy soil
18535,0.8110716651870262,0.17449124089587287,-0.6043429600973992,1.114202454544477,-0.036457799358352465,0.7606075310566525,3.4877302041751195,-0.9571017717871433,-0.2679013176322924,-0.2630637602165696,-0.34314958904171206,0.00311985981785443,25,groundnut,sandy Loamy soil
18605,0.9066284412098462,0.17449124089587287,-0.6043429600973992,1.114202454544477,0.4251700192479687,0.6699057304219211,-2.091114633035604,-0.5566144871573346,-0.2679013176322924,-0.6770620694199346,-0.12734518901503267,-0.30663645192177574,25,groundnut,sandy clay Loamy soil 
18626,0.9066284412098462,0.17449124089587287,-0.09597647149880119,-0.8975029591088394,0.11741814017708838,0.7436009434376402,0.21207818966607073,-0.8308093554708056,-0.2679013176322924,-0.7214190311202952,-0.20316835659197385,-0.0005243320849648004,25,groundnut,sandy clay Loamy soil 
18651,1.3844123213239463,0.17449124089587287,-0.6043429600973992,1.114202454544477,0.11741814017708838,0.7341528392048556,-0.6409561891123273,-0.992744298169754,-0.2679013176322924,-0.26010662943654567,0.21677534075723945,-0.5507973094106607,25,groundnut,well-drained soil
18652,0.8110716651870262,0.17449124089587287,-0.09597647149880119,-0.8975029591088394,-0.036457799358352465,0.6094378633320998,2.9588488893325127,-1.0053735398013877,-0.2679013176322924,-0.20983540617613702,0.3159287137424706,-0.430538976617628,25,groundnut,sandy Loamy soil
18691,0.8110716651870262,0.17449124089587287,-0.6043429600973992,1.114202454544477,0.4251700192479687,0.6226652092579985,-1.9546291324310603,-1.05532920669985,-0.2679013176322924,-0.4316202146779396,-0.19733580523990177,-0.015101099696241462,25,groundnut,sandy Loamy soil
18695,0.9066284412098462,0.17449124089587287,-0.6043429600973992,1.114202454544477,-0.036457799358352465,0.7247047349720711,3.1294557650881925,-0.9736601108152853,-0.2679013176322924,-0.6031337999193337,0.14678472453237076,-0.14264781629491272,25,groundnut,sandy clay Loamy soil 
18705,1.3844123213239463,0.17449124089587287,-0.6043429600973992,1.114202454544477,0.5790459587834081,0.7341528392048556,0.09265337663709511,-0.797412027600485,-0.2679013176322924,-0.35473481439731486,0.3042636110383256,-0.514355390382469,25,groundnut,well-drained soil
18710,0.9066284412098462,0.17449124089587287,-0.09597647149880119,-0.8975029591088394,0.4251700192479687,0.5943208965596449,1.1162946311711728,-0.5829955696767474,-0.2679013176322924,-0.7509903389205355,0.07096155695542919,-0.1535803920033704,25,groundnut,sandy clay Loamy soil 
18714,1.3844123213239463,0.17449124089587287,-0.09597647149880119,-0.8975029591088394,0.4251700192479687,0.7492698059773111,-1.238080254257206,-0.8226705108637525,-0.2679013176322924,-0.21870679851620903,0.36258912455904974,-0.12078266487799784,25,groundnut,well-drained soil
18736,0.8110716651870262,0.17449124089587287,-0.09597647149880119,-0.8975029591088394,0.11741814017708838,0.754938668516982,2.8394240763035365,-0.8877812677201756,-0.2679013176322924,-0.14773565979563247,0.07096155695542919,-0.30299226001895674,25,groundnut,sandy Loamy soil
18806,0.9066284412098462,0.17449124089587287,-0.09597647149880119,-0.8975029591088394,0.5790459587834081,0.6793538346547058,1.9181469472228667,-0.8058315220215742,-0.2679013176322924,-0.7036762464401508,0.45590994619220837,-0.3321457952415101,25,groundnut,sandy clay Loamy soil 
18810,1.3844123213239463,0.17449124089587287,-0.09597647149880119,-0.8975029591088394,0.11741814017708838,0.7454905642841975,-0.6921382518390313,-0.877116574786796,-0.2679013176322924,-0.6859334617600066,0.17594748129273283,-0.2009548867400196,25,groundnut,well-drained soil
18986,0.9066284412098462,0.17449124089587287,-0.09597647149880119,-0.8975029591088394,0.11741814017708838,0.6869123180409329,-0.8798058151702786,-0.5532466893888989,-0.2679013176322924,-0.31037785269695434,-0.004861610621511978,-0.4013854413950744,25,groundnut,sandy clay Loamy soil 
19056,-1.100063855269374,0.17449124089587287,-0.09597647149880119,-0.8975029591088394,1.8100534750669282,-0.3334829390997969,-0.0779534991185845,-1.35618580734677,0.6519705535902421,-0.10337869809527195,-1.323018216189877,-1.0281864486799732,47,sunflower,Loamy soil
19068,-1.100063855269374,0.17449124089587287,-0.09597647149880119,-0.8975029591088394,1.1945497169251689,-0.4185158771948578,-0.7091989394145989,-1.2860233538376935,0.7556180883758802,-0.6888905925400307,-0.8739117620803011,-0.6783440260093321,47,sunflower,Loamy soil
19108,-1.100063855269374,0.17449124089587287,-0.09597647149880119,-0.8975029591088394,1.3484256564606083,-0.41284701465518714,-0.6238955015367591,-1.2063188066513828,0.6951570264175913,-1.067403332383107,-0.7397630809826358,-0.9698793782348663,47,sunflower,Loamy soil
19142,-0.4311664231096339,0.17449124089587287,-0.09597647149880119,-0.8975029591088394,0.4251700192479687,-0.29191128047554493,-0.026771436391880492,-1.2618874698305713,0.8722215650097227,-1.0733175939431552,-0.6522748107015496,-1.13022382195891,47,sunflower,clay Loamy soil
19156,-1.100063855269374,0.17449124089587287,-0.09597647149880119,-0.8975029591088394,-0.036457799358352465,-0.335372559946354,-0.009710748816312897,-1.2192286980970528,0.7772113247895547,-0.9432038396220976,-0.5122935782518119,-0.6127485717585869,47,sunflower,Loamy soil
19163,0.7155148891642061,0.17449124089587287,-0.6043429600973992,1.114202454544477,0.4251700192479687,-0.45441867327943913,-0.009710748816312897,-1.1796570743179338,1.0924725764292025,-0.5292055304187329,-0.49479592419559437,-0.6091043798557677,47,sunflower,salty clay Loamy soil
19188,-1.100063855269374,0.17449124089587287,-0.09597647149880119,-0.8975029591088394,1.0406737773897279,-0.3901715644965042,-0.45328862578107953,-1.1254916602089267,0.8938148014233972,-0.5558197074389492,-0.8214187999116495,-0.842332661636195,47,sunflower,Loamy soil
19206,-0.4311664231096339,0.17449124089587287,-0.09597647149880119,-0.8975029591088394,0.11741814017708838,-0.3712753560309351,-0.5385920636589193,-1.1170721657878375,1.0924725764292025,-0.2748922833366659,-1.3171856648378044,-1.2832798818773157,47,sunflower,clay Loamy soil
19211,0.7155148891642061,0.17449124089587287,-0.6043429600973992,1.114202454544477,1.0406737773897279,-0.31647635148078496,0.041471313910391105,-1.3390661686905554,0.9197266851198064,-1.1117602940834674,-1.5271575135124111,-0.8678420049559294,47,sunflower,salty clay Loamy soil
19249,1.1932987692783061,0.17449124089587287,-0.6043429600973992,1.114202454544477,0.27129407971252784,-0.2786839345496468,-0.6068348139611915,-1.4931429165964871,0.5008178986945205,-0.5173770072986368,-0.6406097079974047,-0.8314000859277376,47,sunflower,silty Loamy soil
19262,-0.4311664231096339,0.17449124089587287,-0.09597647149880119,-0.8975029591088394,0.4251700192479687,-0.2881320387824313,-0.6068348139611915,-1.496510714364923,0.7556180883758802,-0.7450760773604873,-0.9089070701927356,-1.268703114266039,47,sunflower,clay Loamy soil
19293,1.1932987692783061,0.17449124089587287,-0.6043429600973992,1.114202454544477,1.0406737773897279,-0.3901715644965042,-0.1973783121475601,-1.4591842890980944,0.479224662280846,-0.03832182093474311,-1.1597067783318493,-1.3160776090026882,47,sunflower,silty Loamy soil
19309,1.1932987692783061,0.17449124089587287,-0.6043429600973992,1.114202454544477,2.1178053541378086,-0.36182725179815056,-0.4874100009322159,-1.2548712244796638,0.9067707432716018,-0.5410340535388289,-0.7514281836867808,-1.2067518519181129,47,sunflower,silty Loamy soil
19366,-0.4311664231096339,0.17449124089587287,-0.09597647149880119,-0.8975029591088394,1.3484256564606083,-0.34671028502569534,-0.6238955015367591,-1.2646939679709344,0.48786195684631595,-0.5735624921190934,-0.62894460529326,-1.0719167515138033,47,sunflower,clay Loamy soil
19367,0.7155148891642061,0.17449124089587287,-0.6043429600973992,1.114202454544477,-0.036457799358352465,-0.3334829390997969,-0.6409561891123273,-1.3469243634835721,1.0967912237119373,-1.0762747247231792,-1.468831999991687,-1.064628367708165,47,sunflower,salty clay Loamy soil
19423,0.7155148891642061,0.17449124089587287,-0.6043429600973992,1.114202454544477,1.8100534750669282,-0.3580480101050367,0.0073499387592553065,-1.3943541820557077,0.8117605030514338,-0.7450760773604873,-0.5881167458287531,-0.9917445296517814,47,sunflower,salty clay Loamy soil
19427,0.7155148891642061,0.17449124089587287,-0.6043429600973992,1.114202454544477,1.963929414602369,-0.3334829390997969,-0.6068348139611915,-1.269745664623588,0.4749060149981113,-0.6888905925400307,-1.6379759892017869,-1.188530892404017,47,sunflower,salty clay Loamy soil
19428,-1.100063855269374,0.17449124089587287,-0.09597647149880119,-0.8975029591088394,1.8100534750669282,-0.34859990587225215,-0.6409561891123273,-1.4833201731052166,0.7599367356586147,-0.8988468779217371,-0.9963953404738217,-0.7220743288431622,47,sunflower,Loamy soil
19437,1.1932987692783061,0.17449124089587287,-0.6043429600973992,1.114202454544477,0.4251700192479687,-0.4355224648138701,-0.4874100009322159,-1.2237190951216337,0.794485913920494,-0.360649075957363,-1.5913155783852078,-0.882418772567206,47,sunflower,silty Loamy soil
19464,-1.100063855269374,0.17449124089587287,-0.09597647149880119,-0.8975029591088394,1.963929414602369,-0.2749046928565329,0.024410626334822903,-1.4594649389121306,1.0579233981673235,-0.5203341380786606,-1.1013812648111252,-0.9662351863320471,47,sunflower,Loamy soil
19498,-0.4311664231096339,0.17449124089587287,-0.09597647149880119,-0.8975029591088394,1.963929414602369,-0.42040549804141486,-0.4703493133566477,-1.2225964958654885,0.7426621465276756,-0.14773565979563247,-1.2180322918525734,-0.8131791264136418,47,sunflower,clay Loamy soil
19515,0.7155148891642061,0.17449124089587287,-0.6043429600973992,1.114202454544477,-0.036457799358352465,-0.433632843967313,-0.1632569369964243,-1.1619761360336465,0.41012630575708775,-0.2660208909965938,-1.124711470219415,-0.6783440260093321,47,sunflower,salty clay Loamy soil
19551,0.7155148891642061,0.17449124089587287,-0.6043429600973992,1.114202454544477,1.0406737773897279,-0.3693857351843783,-0.5727134388100558,-1.200986460184693,0.9801877470780953,-1.0112178475626503,-1.4863296540479043,-1.2322611952378473,47,sunflower,salty clay Loamy soil
19570,-0.4311664231096339,0.17449124089587287,-0.09597647149880119,-0.8975029591088394,1.1945497169251689,-0.34859990587225215,-0.0438321239674487,-1.339627468318628,0.932682626968011,-0.2453209755364255,-0.6872701188139841,-0.9808119539433239,47,sunflower,clay Loamy soil
19575,0.7155148891642061,0.17449124089587287,-0.6043429600973992,1.114202454544477,0.4251700192479687,-0.271125451163419,-0.6580168766878955,-1.4757426281262365,1.00178098349177,-0.5942624075792615,-0.5997818485328981,-1.0828493272222608,47,sunflower,salty clay Loamy soil
19584,-1.100063855269374,0.17449124089587287,-0.09597647149880119,-0.8975029591088394,1.3484256564606083,-0.34482066417913854,-0.7945023772924388,-1.380041041539856,0.4446754840189669,-0.5706053613390693,-0.7980885945033599,-1.04276321629125,47,sunflower,Loamy soil
19601,1.1932987692783061,0.17449124089587287,-0.6043429600973992,1.114202454544477,-0.036457799358352465,-0.31269710978767107,-0.4874100009322159,-1.3219465300343407,0.40148901119161784,-0.3636062067373869,-1.4746645513437595,-0.904283923984121,47,sunflower,silty Loamy soil
19606,-0.4311664231096339,0.17449124089587287,-0.09597647149880119,-0.8975029591088394,0.8867978378542885,-0.45630829412599594,-0.2485603748742641,-1.496510714364923,0.9413199215334809,-0.8012615621809439,-0.5356237836601014,-1.3015008413914115,47,sunflower,clay Loamy soil
19623,0.7155148891642061,0.17449124089587287,-0.6043429600973992,1.114202454544477,1.0406737773897279,-0.36182725179815056,-0.4362279382055119,-1.2588003218761719,0.9758690997953601,-0.4109202992177713,-1.2471950486129355,-1.3087892251970499,47,sunflower,salty clay Loamy soil
19628,-1.100063855269374,0.17449124089587287,-0.09597647149880119,-0.8975029591088394,0.8867978378542885,-0.30324900555488654,-0.18031762457199252,-1.2907944006763108,0.6087840807628931,-0.18617835993594484,-0.5822841944766806,-1.0391190243884307,47,sunflower,Loamy soil
19668,-1.100063855269374,0.17449124089587287,-0.09597647149880119,-0.8975029591088394,0.5790459587834081,-0.2900216596289881,-0.45328862578107953,-1.347766312925681,0.4662687204326414,-0.5351197919787808,-0.49479592419559437,-0.9808119539433239,47,sunflower,Loamy soil
19737,1.1932987692783061,0.17449124089587287,-0.6043429600973992,1.114202454544477,0.27129407971252784,-0.40717815211551645,0.0073499387592553065,-1.2144576512584355,0.427400894888027,-0.4759771763783001,-0.49479592419559437,-0.6965649855234279,47,sunflower,silty Loamy soil
19790,-0.4311664231096339,0.17449124089587287,-0.09597647149880119,-0.8975029591088394,1.5023015959960477,-0.3712753560309351,-0.6409561891123273,-1.124088411138745,0.4749060149981113,-0.41683456077781944,-1.5504877189207007,-1.2031076600152937,47,sunflower,clay Loamy soil
19807,0.7155148891642061,0.17449124089587287,-0.6043429600973992,1.114202454544477,1.1945497169251689,-0.40906777296207325,-0.4874100009322159,-1.2860233538376935,0.96723180522989,-0.0974644365352238,-0.9730651350655322,-0.6309695312726828,47,sunflower,salty clay Loamy soil
19855,0.7155148891642061,0.17449124089587287,-0.6043429600973992,1.114202454544477,1.3484256564606083,-0.335372559946354,-0.40210656305437614,-1.092655631966679,0.7858486193550246,-0.5942624075792615,-0.8855768647844461,-0.9589468025264087,47,sunflower,salty clay Loamy soil
19857,1.1932987692783061,0.17449124089587287,-0.6043429600973992,1.114202454544477,0.4251700192479687,-0.2805735553962036,-0.3850458754788079,-1.4532906430033319,0.4662687204326414,-0.9195467933819053,-1.4163390378230354,-1.1958192762096556,47,sunflower,silty Loamy soil
19901,1.1932987692783061,0.17449124089587287,-0.6043429600973992,1.114202454544477,1.1945497169251689,-0.34859990587225215,-0.7774416897168711,-1.1364370029563426,0.7599367356586147,-0.32516350659707455,-0.7222654269264187,-1.2869240737801348,47,sunflower,silty Loamy soil
19921,1.1932987692783061,0.17449124089587287,-0.6043429600973992,1.114202454544477,-0.036457799358352465,-0.29758014301521585,-0.5044706885077835,-1.4824782236631078,1.0492861036018535,-1.0910603786232993,-0.7047677728702012,-0.962590994429228,47,sunflower,silty Loamy soil
19946,-0.4311664231096339,0.17449124089587287,-0.09597647149880119,-0.8975029591088394,-0.036457799358352465,-0.3259244557135695,-0.4874100009322159,-1.1616954862196103,0.6001467861974232,-0.892932616361689,-1.0022278918258942,-1.2796356899744965,47,sunflower,clay Loamy soil
19960,-1.100063855269374,0.17449124089587287,-0.09597647149880119,-0.8975029591088394,0.8867978378542885,-0.40528853126895936,-0.6238955015367591,-1.4510454444910412,0.7772113247895547,-0.5173770072986368,-0.838916453967867,-0.6091043798557677,47,sunflower,Loamy soil
20015,0.7155148891642061,0.17449124089587287,-0.6043429600973992,1.114202454544477,-0.6519615575001118,-0.42418473973452847,0.1097140642126627,-1.3985639292662524,0.582872197066484,-1.7091007116483226,-1.2180322918525734,-0.9188606915953978,23,gingely,salty clay Loamy soil
20034,-0.4311664231096339,0.17449124089587287,-0.09597647149880119,-0.8975029591088394,1.8100534750669282,-0.39395080618961803,0.38268506542175035,-1.3873379367048,0.8981334487061319,-1.3779020642856306,-1.1072138161631977,-1.2614147304604006,23,gingely,clay Loamy soil
20043,0.7155148891642061,0.17449124089587287,-0.6043429600973992,1.114202454544477,-1.1135893761064315,-0.4015092895758458,0.26326025239277473,-1.415683567922467,0.7858486193550246,-1.8007717658290676,-1.4105064864709629,-1.1047144786391758,23,gingely,salty clay Loamy soil
20083,0.7155148891642061,0.17449124089587287,-0.6043429600973992,1.114202454544477,0.27129407971252784,-0.3845027019568335,0.2461995648172065,-1.4754619783122,0.7685740302240848,-1.2507454407445973,-1.5271575135124111,-1.2249728114322087,23,gingely,salty clay Loamy soil
20096,-1.100063855269374,0.17449124089587287,-0.09597647149880119,-0.8975029591088394,0.7329218983188477,-0.3807234602637196,1.2869015069268517,-1.3904250846591995,0.8635842704442528,-1.3897305874057269,-1.381343729710601,-1.272347306168858,23,gingely,Loamy soil
20122,-0.4311664231096339,0.17449124089587287,-0.09597647149880119,-0.8975029591088394,-0.9597134365709921,-0.4355224648138701,1.6451759460137791,-1.4653585850068933,0.7512994410931448,-1.5168872109467604,-1.323018216189877,-0.9115723077897594,23,gingely,clay Loamy soil
20145,1.1932987692783061,0.17449124089587287,-0.6043429600973992,1.114202454544477,-0.8058374970355525,-0.4317432231207562,0.1950175020905025,-1.4218578638312658,0.4662687204326414,-1.7150149732083708,-1.5096598594561939,-0.8933513482756635,23,gingely,silty Loamy soil
20146,-0.4311664231096339,0.17449124089587287,-0.09597647149880119,-0.8975029591088394,-1.5752171947127527,-0.42229511888797167,0.46798850329959013,-1.4712522311016554,0.8592656231615174,-1.407473372085871,-0.8330839026157945,-0.9480142268179512,23,gingely,clay Loamy soil
20179,0.7155148891642061,0.17449124089587287,-0.6043429600973992,1.114202454544477,0.27129407971252784,-0.40339891042240256,1.4916297578336677,-1.3738667456310574,0.6822010845693867,-1.3601592796054867,-1.11304636751527,-0.9735235701376855,23,gingely,salty clay Loamy soil
20233,1.1932987692783061,0.17449124089587287,-0.6043429600973992,1.114202454544477,1.1945497169251689,-0.41284701465518714,1.611054570862644,-1.4336451560207906,0.7124316155485311,-1.590815480447361,-0.6989352215181287,-0.860553621150291,23,gingely,silty Loamy soil
20235,0.7155148891642061,0.17449124089587287,-0.6043429600973992,1.114202454544477,0.4251700192479687,-0.3996196687292887,0.8603843175376533,-1.4294354088102459,0.6994756737003265,-1.2241312637243809,-1.3113531134857321,-0.6819882179121513,23,gingely,salty clay Loamy soil
20282,-0.4311664231096339,0.17449124089587287,-0.09597647149880119,-0.8975029591088394,0.8867978378542885,-0.37316497687749217,0.7068381293575413,-1.431119307694464,1.0751979872982627,-1.7919003734889953,-1.4921622053999766,-0.6309695312726828,23,gingely,clay Loamy soil
20343,0.7155148891642061,0.17449124089587287,-0.6043429600973992,1.114202454544477,1.6561775355314885,-0.4279639814276423,1.0139305057177648,-1.422138513645302,1.088153929146468,-1.6351724421477216,-1.013892994530039,-1.0828493272222608,23,gingely,salty clay Loamy soil
20437,1.1932987692783061,0.17449124089587287,-0.6043429600973992,1.114202454544477,-0.8058374970355525,-0.4449705690466546,1.30396219450242,-1.393792882427635,1.165889580235696,-1.401559110525823,-1.124711470219415,-1.0026771053602388,23,gingely,silty Loamy soil
20455,0.7155148891642061,0.17449124089587287,-0.6043429600973992,1.114202454544477,0.11741814017708838,-0.45441867327943913,0.7409595045086778,-1.4429065998839887,0.6649264954384467,-1.5139300801667361,-1.0372231999383288,-0.7038533693290664,23,gingely,salty clay Loamy soil
20486,-0.4311664231096339,0.17449124089587287,-0.09597647149880119,-0.8975029591088394,-1.1135893761064315,-0.3693857351843783,0.33150300269504634,-1.3926702831714899,0.4317195421707623,-1.2773596177648134,-1.4513343459354697,-1.2650589223632198,23,gingely,clay Loamy soil
20489,1.1932987692783061,0.17449124089587287,-0.6043429600973992,1.114202454544477,-0.8058374970355525,-0.45441867327943913,0.5362312536018617,-1.4403807515576619,0.7340248519622056,-1.3010166640050058,-0.6756050161098391,-0.6163927636614059,23,gingely,silty Loamy soil
20550,-0.4311664231096339,0.17449124089587287,-0.09597647149880119,-0.8975029591088394,-1.729093134248192,-0.4430809482000975,0.6727167542064055,-1.460868187982312,1.131340401973817,-1.4666159876863516,-1.2588601513170803,-0.9370816511094937,23,gingely,clay Loamy soil
20566,-0.4311664231096339,0.17449124089587287,-0.09597647149880119,-0.8975029591088394,0.7329218983188477,-0.4487498107397685,1.3892656323802597,-1.5004398117614315,0.41444495303982243,-1.7978146350490436,-1.3055205621336596,-0.900639732081302,23,gingely,clay Loamy soil
20584,-1.100063855269374,0.17449124089587287,-0.09597647149880119,-0.8975029591088394,0.11741814017708838,-0.3863923228033903,0.33150300269504634,-1.4448711485822427,0.5396857242391349,-1.490273033926544,-0.9905627891217494,-1.1520889733758253,23,gingely,Loamy soil
20591,0.7155148891642061,0.17449124089587287,-0.6043429600973992,1.114202454544477,-0.3442096784292314,-0.45441867327943913,0.7580201920842453,-1.4283128095541007,0.49649925141178586,-1.7682433272488032,-0.9555674810093149,-0.944370034915132,23,gingely,salty clay Loamy soil
20623,0.7155148891642061,0.17449124089587287,-0.6043429600973992,1.114202454544477,1.8100534750669282,-0.37316497687749217,1.2527801317757166,-1.3724634965608757,0.7512994410931448,-1.7889432427089715,-1.5563202702727732,-1.2431937709463048,23,gingely,salty clay Loamy soil
20632,-1.100063855269374,0.17449124089587287,-0.09597647149880119,-0.8975029591088394,-0.8058374970355525,-0.3769442185706058,1.2698408193512847,-1.4075447233154141,0.8722215650097227,-1.65587235760789,-1.0372231999383288,-1.0719167515138033,23,gingely,Loamy soil
20644,-1.100063855269374,0.17449124089587287,-0.09597647149880119,-0.8975029591088394,1.3484256564606083,-0.45630829412599594,0.3485636902706145,-1.4734974296139458,0.4403568367362322,-1.484358772366496,-0.8855768647844461,-1.254126346654762,23,gingely,Loamy soil
20668,-1.100063855269374,0.17449124089587287,-0.09597647149880119,-0.8975029591088394,1.5023015959960477,-0.41662625634830097,1.5598725081359395,-1.472655480171837,0.5094551932599904,-1.5080158186066883,-1.4513343459354697,-1.305145033294231,23,gingely,Loamy soil
20708,-1.100063855269374,0.17449124089587287,-0.09597647149880119,-0.8975029591088394,1.8100534750669282,-0.37316497687749217,1.2015980690490127,-1.410070571641741,1.0147369253399745,-1.7150149732083708,-0.8622466593761565,-0.9735235701376855,23,gingely,Loamy soil
20716,-1.100063855269374,0.17449124089587287,-0.09597647149880119,-0.8975029591088394,1.1945497169251689,-0.36560649349126445,0.09265337663709511,-1.50661410767023,0.6606078481557122,-1.233002656064453,-1.0605534053466183,-1.0208980648743347,23,gingely,Loamy soil
20741,1.1932987692783061,0.17449124089587287,-0.6043429600973992,1.114202454544477,-0.49808561796467227,-0.4411913273535407,1.0992339435956047,-1.4771458771964179,0.5871908443492186,-1.7652861964687792,-1.6321434378497146,-1.1047144786391758,23,gingely,silty Loamy soil
20743,0.7155148891642061,0.17449124089587287,-0.6043429600973992,1.114202454544477,1.963929414602369,-0.3845027019568335,1.082173256020037,-1.3974413300101072,0.8160791503341684,-1.5050586878266643,-1.5038273081041216,-1.0536957919997074,23,gingely,salty clay Loamy soil
20761,1.1932987692783061,0.17449124089587287,-0.6043429600973992,1.114202454544477,-0.49808561796467227,-0.4185158771948578,0.3997457529973185,-1.4667618340770747,1.0233742199054443,-1.3660735411655345,-1.5621528216248457,-0.7585162478713541,23,gingely,silty Loamy soil
20783,0.7155148891642061,0.17449124089587287,-0.6043429600973992,1.114202454544477,-1.2674653156418723,-0.42040549804141486,0.09265337663709511,-1.398283279452216,0.8851775068579273,-1.587858349667337,-1.3405158702460942,-0.8751303887615676,23,gingely,salty clay Loamy soil
20823,0.7155148891642061,0.17449124089587287,-0.6043429600973992,1.114202454544477,1.3484256564606083,-0.4260743605810855,1.6963580087404837,-1.4412227009997707,0.7426621465276756,-1.738672019448563,-0.6406097079974047,-0.6163927636614059,23,gingely,salty clay Loamy soil
20866,-0.4311664231096339,0.17449124089587287,-0.09597647149880119,-0.8975029591088394,0.4251700192479687,-0.37316497687749217,1.0651125684444687,-1.407264073501378,1.2047574057803099,-1.6765722730680581,-1.4280041405271802,-0.6710556422036936,23,gingely,clay Loamy soil
20879,0.7155148891642061,0.17449124089587287,-0.6043429600973992,1.114202454544477,-1.1135893761064315,-0.41473663550174394,0.7238988169331095,-1.4866879708736522,0.5267297823909303,-1.398601979745799,-0.5822841944766806,-1.3197218009055074,23,gingely,salty clay Loamy soil
20888,-1.100063855269374,0.17449124089587287,-0.09597647149880119,-0.8975029591088394,0.5790459587834081,-0.4298536022741994,0.7580201920842453,-1.3974413300101072,0.47058736771537607,-1.4488732030062077,-0.6522748107015496,-0.9953887215546006,23,gingely,Loamy soil
20897,1.1932987692783061,0.17449124089587287,-0.6043429600973992,1.114202454544477,-1.2674653156418723,-0.4298536022741994,1.730479383891619,-1.4137190192242128,0.8981334487061319,-1.65587235760789,-1.5621528216248457,-1.064628367708165,23,gingely,silty Loamy soil
20916,-1.100063855269374,0.17449124089587287,-0.09597647149880119,-0.8975029591088394,-0.19033373889379193,-0.3788338394171628,1.508690445409236,-1.384531438564437,0.7728926775068193,-1.481401641586472,-1.5329900648644836,-0.6637672583980554,23,gingely,Loamy soil
20956,-1.100063855269374,0.17449124089587287,-0.09597647149880119,-0.8975029591088394,1.5023015959960477,-0.4374120856604269,1.7134186963160507,-1.417648116620721,1.1270217546910817,-1.2418740484045252,-1.5213249621603386,-0.8714861968587484,23,gingely,Loamy soil
20988,-1.100063855269374,0.17449124089587287,-0.09597647149880119,-0.8975029591088394,-1.421341255177312,-0.433632843967313,1.3380835696535565,-1.4771458771964179,1.070879340015528,-1.6263010498076498,-1.2880229080774424,-0.904283923984121,23,gingely,Loamy soil
20995,0.7155148891642061,0.17449124089587287,-0.6043429600973992,1.114202454544477,0.27129407971252784,-0.4411913273535407,0.9627484429910608,-1.4622714370524936,0.6865197318521213,-1.729800627108491,-1.4863296540479043,-0.8459768535390143,23,gingely,salty clay Loamy soil
21009,1.1932987692783061,0.17449124089587287,-0.6043429600973992,1.114202454544477,0.8867978378542885,0.652899142802909,-0.0608928115430169,-1.0870426356859528,1.131340401973817,-0.3872632529775791,-0.5881167458287531,-1.1083586705419952,13,castor,silty Loamy soil
21037,1.1932987692783061,0.17449124089587287,-0.6043429600973992,1.114202454544477,-2.190720952854512,0.5754246880940758,0.21207818966607073,-1.0870426356859528,0.7815299720722894,-0.8278757392011604,-0.868079210728229,-0.8204675102192799,13,castor,silty Loamy soil
21040,-1.100063855269374,0.17449124089587287,-0.09597647149880119,-0.8975029591088394,1.963929414602369,0.8437508483051565,0.1097140642126627,-1.0870426356859528,0.38421442206067796,-0.4109202992177713,-1.1480416756277045,-0.7366510964544389,13,castor,Loamy soil
21115,0.7155148891642061,0.17449124089587287,-0.6043429600973992,1.114202454544477,-1.1135893761064315,0.3222154946554501,-0.11207487426972029,-1.0870426356859528,0.6865197318521213,-0.6534050231797421,-0.7164328755743462,-1.1958192762096556,13,castor,salty clay Loamy soil
21139,0.7155148891642061,0.17449124089587287,-0.6043429600973992,1.114202454544477,1.5023015959960477,0.2919815611105394,-0.2144389997231283,-1.0870426356859528,0.924045332402541,-0.7125476387802229,-1.497994756752049,-1.0828493272222608,13,castor,salty clay Loamy soil
21155,0.7155148891642061,0.17449124089587287,-0.6043429600973992,1.114202454544477,-2.3445968923899527,0.9514592365589,-0.23149968729869652,-1.0870426356859528,0.6908383791348566,-0.29854932957685804,-1.0897161621069804,-1.1192912462504527,13,castor,salty clay Loamy soil
21172,-1.100063855269374,0.17449124089587287,-0.09597647149880119,-0.8975029591088394,-1.8829690737836315,0.8437508483051565,0.1097140642126627,-1.0870426356859528,0.8333537394651083,-0.1743498368158485,-1.398841383766818,-1.2759914980716773,13,castor,Loamy soil
21188,-1.100063855269374,0.17449124089587287,-0.09597647149880119,-0.8975029591088394,-0.6519615575001118,0.9155564404743192,-0.009710748816312897,-1.0870426356859528,0.5612789606528095,-1.0348748938028427,-0.9672325837134597,-0.6637672583980554,13,castor,Loamy soil
21225,1.1932987692783061,0.17449124089587287,-0.6043429600973992,1.114202454544477,-1.1135893761064315,0.5262945460835958,-0.026771436391880492,-1.0870426356859528,1.2263506421939845,-0.1092929596553201,-1.5504877189207007,-1.1703099328899211,13,castor,silty Loamy soil
21231,0.7155148891642061,0.17449124089587287,-0.6043429600973992,1.114202454544477,0.4251700192479687,0.7757244978291079,-0.3168031251765363,-1.0870426356859528,1.0406488090363837,-0.7302904234603671,-1.5271575135124111,-0.6236811474670444,13,castor,salty clay Loamy soil
21329,1.1932987692783061,0.17449124089587287,-0.6043429600973992,1.114202454544477,0.7329218983188477,0.2428514191000599,0.16089612693936672,-1.0870426356859528,0.4576314258671715,-0.7687331236006797,-1.095548713459053,-1.1010702867363569,13,castor,silty Loamy soil
21336,-1.100063855269374,0.17449124089587287,-0.09597647149880119,-0.8975029591088394,-2.190720952854512,0.6869123180409329,-0.0608928115430169,-1.0870426356859528,0.9024520959888666,-1.1856885635840684,-1.2996880107815874,-0.8058907426080033,13,castor,Loamy soil
21380,-1.100063855269374,0.17449124089587287,-0.09597647149880119,-0.8975029591088394,1.963929414602369,0.8437508483051565,0.041471313910391105,-1.0870426356859528,1.1399776965392863,-1.049660547702963,-0.9439023783051701,-0.7038533693290664,13,castor,Loamy soil
21389,1.1932987692783061,0.17449124089587287,-0.6043429600973992,1.114202454544477,1.1945497169251689,0.6831330763478193,0.07559268906152691,-1.0870426356859528,0.4533127785844368,-1.1738600404639723,-0.5764516431246085,-1.0828493272222608,13,castor,silty Loamy soil
21405,1.1932987692783061,0.17449124089587287,-0.6043429600973992,1.114202454544477,-1.2674653156418723,0.2844230777243119,-0.18031762457199252,-1.0870426356859528,0.9585945106644208,-0.6770620694199346,-1.2763578053732976,-1.228617003335028,13,castor,silty Loamy soil
21429,1.1932987692783061,0.17449124089587287,-0.6043429600973992,1.114202454544477,-2.3445968923899527,0.20883824386203562,-0.4703493133566477,-1.0870426356859528,1.165889580235696,-0.5794767536791413,-1.6029806810893525,-0.9589468025264087,13,castor,silty Loamy soil
21462,-0.4311664231096339,0.17449124089587287,-0.09597647149880119,-0.8975029591088394,1.1945497169251689,0.543301133702608,-0.35092450032767214,-1.0870426356859528,1.209076053063045,-1.0260035014627706,-1.2296973945567182,-1.3270101847111457,13,castor,clay Loamy soil
21471,0.7155148891642061,0.17449124089587287,-0.6043429600973992,1.114202454544477,1.3484256564606083,0.7209254932789575,-0.026771436391880492,-1.0870426356859528,0.8938148014233972,-0.9136325318218573,-1.0372231999383288,-0.7220743288431622,13,castor,salty clay Loamy soil
21483,0.7155148891642061,0.17449124089587287,-0.6043429600973992,1.114202454544477,0.4251700192479687,0.730373597511742,-0.3679851879032397,-1.0870426356859528,1.0967912237119373,-0.200964013836065,-1.5446551675686284,-1.1411563976673678,13,castor,salty clay Loamy soil
21497,1.1932987692783061,0.17449124089587287,-0.6043429600973992,1.114202454544477,1.6561775355314885,0.2900919402639826,-0.35092450032767214,-1.0870426356859528,0.4749060149981113,-0.11225009043534397,-0.5356237836601014,-1.024542256777154,13,castor,silty Loamy soil
21520,-1.100063855269374,0.17449124089587287,-0.09597647149880119,-0.8975029591088394,-2.190720952854512,0.8418612274585997,-0.1461962494208567,-1.0870426356859528,1.1054285182774073,-0.2630637602165696,-1.3171856648378044,-1.1739541247927403,13,castor,Loamy soil
21535,0.7155148891642061,0.17449124089587287,-0.6043429600973992,1.114202454544477,1.3484256564606083,0.36000791158658824,0.12677475178823092,-1.0870426356859528,1.1702082275184307,-0.1802640983758967,-1.3288507675419494,-0.8496210454418335,13,castor,salty clay Loamy soil
21538,-0.4311664231096339,0.17449124089587287,-0.09597647149880119,-0.8975029591088394,-1.421341255177312,0.601879379945872,0.1438354393637991,-1.0870426356859528,0.9758690997953601,-0.40204890687769923,-1.1655393296839218,-1.3270101847111457,13,castor,clay Loamy soil
21556,-1.100063855269374,0.17449124089587287,-0.09597647149880119,-0.8975029591088394,1.963929414602369,0.5773143089406326,-0.4191672506299437,-1.0870426356859528,0.9758690997953601,-0.9579894935222178,-1.183036983740139,-1.0719167515138033,13,castor,Loamy soil
21603,0.7155148891642061,0.17449124089587287,-0.6043429600973992,1.114202454544477,2.5794331727441295,0.9136668196277619,-0.009710748816312897,-1.0870426356859528,0.7081129682657958,-0.08267878263510363,-0.6056143998849705,-0.6455462988839594,13,castor,salty clay Loamy soil
21606,-0.4311664231096339,0.17449124089587287,-0.09597647149880119,-0.8975029591088394,-1.5752171947127527,0.652899142802909,0.09265337663709511,-1.0870426356859528,0.40148901119161784,-0.6859334617600066,-1.3638460756543838,-1.0609841758053458,13,castor,clay Loamy soil
21612,-1.100063855269374,0.17449124089587287,-0.09597647149880119,-0.8975029591088394,-1.2674653156418723,0.5395218920094944,-0.1973783121475601,-1.0870426356859528,0.880858859575192,-0.4316202146779396,-1.3755111783585285,-0.9115723077897594,13,castor,Loamy soil
21644,-1.100063855269374,0.17449124089587287,-0.09597647149880119,-0.8975029591088394,-1.8829690737836315,0.809737673067132,0.024410626334822903,-1.0870426356859528,0.7772113247895547,-0.718461900340271,-0.7514281836867808,-0.6419021069811403,13,castor,Loamy soil
21650,-0.4311664231096339,0.17449124089587287,-0.09597647149880119,-0.8975029591088394,2.733309112279569,0.9061083362415346,0.07559268906152691,-1.0870426356859528,1.0233742199054443,-1.0171321091226986,-0.838916453967867,-0.9480142268179512,13,castor,clay Loamy soil
21656,-1.100063855269374,0.17449124089587287,-0.09597647149880119,-0.8975029591088394,2.4255572332086874,0.8305235023792583,0.041471313910391105,-1.0870426356859528,0.8074418557686991,-0.12112148277541598,-1.0780510594028356,-0.7111417531347046,13,castor,Loamy soil
21683,0.7155148891642061,0.17449124089587287,-0.6043429600973992,1.114202454544477,0.5790459587834081,0.22962407317416147,-0.18031762457199252,-1.0870426356859528,0.39717036390888316,-0.5765196228991175,-1.4280041405271802,-0.8459768535390143,13,castor,salty clay Loamy soil
21744,-1.100063855269374,0.17449124089587287,-0.09597647149880119,-0.8975029591088394,-1.8829690737836315,0.6396717968770103,-0.2826817500253999,-1.0870426356859528,1.019055572622709,-0.884061224021617,-0.570619091772536,-1.1921750843068362,13,castor,Loamy soil
21746,-0.4311664231096339,0.17449124089587287,-0.09597647149880119,-0.8975029591088394,2.733309112279569,0.5943208965596449,-0.026771436391880492,-1.0870426356859528,0.7599367356586147,-0.9964321936625302,-0.8622466593761565,-1.0792051353194416,13,castor,clay Loamy soil
21762,-0.4311664231096339,0.17449124089587287,-0.09597647149880119,-0.8975029591088394,1.3484256564606083,0.9061083362415346,-0.3679851879032397,-1.0870426356859528,0.8333537394651083,-0.06493599795495958,-0.8855768647844461,-0.9334374592066745,13,castor,clay Loamy soil
21779,0.7155148891642061,0.17449124089587287,-0.6043429600973992,1.114202454544477,1.6561775355314885,0.2919815611105394,-0.0438321239674487,-1.0870426356859528,0.5267297823909303,-0.2630637602165696,-0.7630932863909253,-1.0172538729715157,13,castor,salty clay Loamy soil
21795,0.7155148891642061,0.17449124089587287,-0.6043429600973992,1.114202454544477,-0.9597134365709921,0.2598580067190719,-0.09501418669415271,-1.0870426356859528,0.38853306934341325,-0.4227488223378676,-1.0313906485862563,-0.8751303887615676,13,castor,salty clay Loamy soil
21797,1.1932987692783061,0.17449124089587287,-0.6043429600973992,1.114202454544477,-2.3445968923899527,0.5565284796285067,-0.35092450032767214,-1.0870426356859528,0.4533127785844368,-0.21574966773618517,-1.3638460756543838,-1.1703099328899211,13,castor,silty Loamy soil
21836,-1.100063855269374,0.17449124089587287,-0.09597647149880119,-0.8975029591088394,2.271681293673248,0.7719452561359937,0.12677475178823092,-1.0870426356859528,0.5353670769563996,-0.9550323627421938,-0.4889633728435223,-0.8314000859277376,13,castor,Loamy soil
21905,1.1932987692783061,0.17449124089587287,-0.6043429600973992,1.114202454544477,2.733309112279569,0.4393719871419781,-0.45328862578107953,-1.0870426356859528,1.1097471655601425,-0.3636062067373869,-1.2355299459087907,-1.144800589570187,13,castor,silty Loamy soil
21996,-1.100063855269374,0.17449124089587287,-0.09597647149880119,-0.8975029591088394,-0.036457799358352465,0.809737673067132,-0.3679851879032397,-1.0870426356859528,1.1529336383874915,-0.9432038396220976,-0.8330839026157945,-1.1557331652786444,13,castor,Loamy soil
22012,-1.386734183337834,0.17449124089587287,-0.09597647149880119,-0.8975029591088394,1.3484256564606083,0.5697558255544048,-0.11207487426972029,0.557003974938727,0.1941939416203425,0.5087473733697032,-0.25566131876062587,-0.0770523620441676,18,cotton,Black Soil
22016,-1.0045070792465538,0.17449124089587287,-0.09597647149880119,-0.8975029591088394,1.963929414602369,0.4885021291524576,0.7921415672353811,-0.04948027319372979,0.28488553455777527,0.387505011388718,-0.32565193498549455,-0.28841549240767983,18,cotton,Red soil
22022,-1.0045070792465538,0.17449124089587287,-0.09597647149880119,-0.8975029591088394,1.3484256564606083,0.4941709916921286,0.7409595045086778,0.640637619521546,0.6217400226110977,0.2721769109677805,0.6308864867543806,0.05049435455450364,18,cotton,Red soil
22045,-1.386734183337834,0.17449124089587287,-0.6043429600973992,1.114202454544477,1.6561775355314885,0.5281841669301531,0.6385953790552698,-0.02843153714100685,0.6735637900039168,0.6033755583304724,-0.11568008631088769,-0.026033675404699152,18,cotton,Black Soil
22119,-1.482290959360654,0.17449124089587287,-0.6043429600973992,1.114202454544477,2.1178053541378086,0.5130672001576977,0.09265337663709511,0.7736656313747552,0.1466888215102582,0.5442329427299918,0.1292870704761533,-0.051543018724433246,18,cotton,Alluvial soil
22147,-1.386734183337834,0.17449124089587287,-0.6043429600973992,1.114202454544477,1.963929414602369,0.5754246880940758,-0.5727134388100558,-0.4042216381356207,0.4403568367362322,0.26626264940773237,0.240105546165529,-0.48884604706273466,18,cotton,Black Soil
22194,-1.482290959360654,0.17449124089587287,-0.09597647149880119,-0.8975029591088394,1.5023015959960477,0.5111775793111408,-0.29974243760096814,0.929426278164905,0.172600705206668,1.0913021370344382,-0.12734518901503267,-0.47426927945145797,18,cotton,Alluvial soil
22199,-1.0045070792465538,0.17449124089587287,-0.6043429600973992,1.114202454544477,0.8867978378542885,0.5697558255544048,-0.29974243760096814,1.0327054097302655,0.38421442206067796,0.44369049620917445,-0.3839774485062187,-0.4852018551599157,18,cotton,Red soil
22220,-1.0045070792465538,0.17449124089587287,-0.09597647149880119,-0.8975029591088394,1.0406737773897279,0.484722887459344,0.024410626334822903,0.17981062487393193,0.3539838910815341,0.9109171594529718,-0.1798381511836843,-0.16815715961464706,18,cotton,Red soil
22250,-1.0045070792465538,0.17449124089587287,-0.09597647149880119,-0.8975029591088394,1.0406737773897279,0.524404925237039,0.5191705660262941,0.013665934964439035,0.5094551932599904,0.05039210246597793,-0.3781448971541462,-0.26290614908794574,18,cotton,Red soil
22321,-1.386734183337834,0.17449124089587287,-0.6043429600973992,1.114202454544477,1.0406737773897279,0.4885021291524576,-0.5215313760833518,1.1025872134253059,0.40580765847435246,0.06222062558607423,-0.4189727566186532,-0.3940970575894362,18,cotton,Black Soil
22345,-1.386734183337834,0.17449124089587287,-0.6043429600973992,1.114202454544477,1.8100534750669282,0.5055087167714699,0.502109878450726,0.9358812238877399,0.12509558509658367,0.6595610431509289,0.5025703570087875,-0.6018159960501293,18,cotton,Black Soil
22377,-1.482290959360654,0.17449124089587287,-0.6043429600973992,1.114202454544477,1.6561775355314885,0.5187360626973686,-0.5556527512344875,0.44277950062595034,0.4187636003225577,0.5797185120902802,0.024301146138850073,-0.46333670374300057,18,cotton,Alluvial soil
22407,-1.482290959360654,0.17449124089587287,-0.6043429600973992,1.114202454544477,1.1945497169251689,0.484722887459344,-0.3679851879032397,1.1427201368324975,0.1941939416203425,0.3934192729487658,0.45590994619220837,-0.06976397823852913,18,cotton,Alluvial soil
22411,-1.386734183337834,0.17449124089587287,-0.6043429600973992,1.114202454544477,1.6561775355314885,0.5659765838612912,-0.35092450032767214,0.5090128567385189,0.17691935248940266,0.24260560316754018,-0.004861610621511978,-0.26655034099076497,18,cotton,Black Soil
22432,-1.386734183337834,0.17449124089587287,-0.09597647149880119,-0.8975029591088394,0.7329218983188477,0.5225153043904822,0.4168064405728861,-0.3548272708652308,0.5699162552182794,0.006035140765617411,0.21094278940516697,-0.2592619571851265,18,cotton,Black Soil
22459,-1.386734183337834,0.17449124089587287,-0.6043429600973992,1.114202454544477,1.0406737773897279,0.5584181004750636,-0.18031762457199252,1.12279400003592,0.7599367356586147,0.40820492684888593,0.26926830292589105,-0.2373968057682114,18,cotton,Black Soil
22469,-1.0045070792465538,0.17449124089587287,-0.6043429600973992,1.114202454544477,1.963929414602369,0.5187360626973686,-0.026771436391880492,0.012823985522329925,0.7556180883758802,0.45551901932927075,-0.25566131876062587,0.061426930262961074,18,cotton,Red soil
22492,-1.386734183337834,0.17449124089587287,-0.09597647149880119,-0.8975029591088394,2.1178053541378086,0.5017294750783563,-0.009710748816312897,0.43632455490311545,0.522411135108195,0.2721769109677805,0.04179880019506714,-0.42325059281198957,18,cotton,Black Soil
22495,-1.386734183337834,0.17449124089587287,-0.6043429600973992,1.114202454544477,1.963929414602369,0.49795023338524214,-0.2144389997231283,0.9807851941335488,0.5008178986945205,0.2514769955076122,-0.3781448971541462,-0.29205968431049906,18,cotton,Black Soil
22511,-1.0045070792465538,0.17449124089587287,-0.6043429600973992,1.114202454544477,1.3484256564606083,0.49039174999901497,0.7238988169331095,0.05997315428042951,0.4576314258671715,0.8872601132127796,0.030133697490922567,-0.4779134713542772,18,cotton,Red soil
22540,-1.386734183337834,0.17449124089587287,-0.09597647149880119,-0.8975029591088394,1.8100534750669282,0.543301133702608,0.8603843175376533,0.9434587688667203,0.02144805031094633,0.2012057722472035,-0.31398683228135,-0.19731069483720037,18,cotton,Black Soil
22608,-1.482290959360654,0.17449124089587287,-0.09597647149880119,-0.8975029591088394,1.3484256564606083,0.4885021291524576,-0.0779534991185845,0.5179936507876808,0.6822010845693867,1.014416736753813,0.520068011065005,-0.3430783709499675,18,cotton,Alluvial soil
22620,-1.482290959360654,0.17449124089587287,-0.09597647149880119,-0.8975029591088394,1.3484256564606083,0.484722887459344,0.8603843175376533,0.466915384633073,-0.008782480668198128,0.3313195265682612,-0.16817304847953973,-0.062475594432890934,18,cotton,Alluvial soil
22624,-1.386734183337834,0.17449124089587287,-0.09597647149880119,-0.8975029591088394,0.8867978378542885,0.5055087167714699,-0.3679851879032397,0.633902023984675,0.27624823999230536,0.9404884672532121,0.6717143462188877,-0.0005243320849648004,18,cotton,Black Soil
22627,-1.386734183337834,0.17449124089587287,-0.6043429600973992,1.114202454544477,1.0406737773897279,0.5451907545491649,-0.3850458754788079,1.056841293737388,0.06031587585556011,0.7748891435718663,-0.43647041067487025,-0.31028064382459497,18,cotton,Black Soil
22628,-1.0045070792465538,0.17449124089587287,-0.09597647149880119,-0.8975029591088394,1.0406737773897279,0.5470803753957222,-0.4874100009322159,0.25053437801108114,0.17691935248940266,0.17459159522698744,0.5608958705295116,0.04320597074886519,18,cotton,Red soil
22644,-1.482290959360654,0.17449124089587287,-0.09597647149880119,-0.8975029591088394,1.5023015959960477,0.5319634086232667,0.2461995648172065,1.0259698141933944,0.07759046498649996,0.07404914870617012,0.5958911786419462,-0.029677867307518382,18,cotton,Alluvial soil
22673,-1.0045070792465538,0.17449124089587287,-0.6043429600973992,1.114202454544477,1.8100534750669282,0.5414115128560513,0.12677475178823092,0.5135032537630996,0.5440043715218695,1.0321595214339574,-0.3081542809292775,-0.007812715890603261,18,cotton,Red soil
22701,-1.482290959360654,0.17449124089587287,-0.6043429600973992,1.114202454544477,1.0406737773897279,0.543301133702608,0.7750808796598135,0.7377424551781082,0.15100746879299348,0.2041629030272278,0.4675750488963534,0.046850162651684416,18,cotton,Alluvial soil
22715,-1.0045070792465538,0.17449124089587287,-0.6043429600973992,1.114202454544477,1.1945497169251689,0.5338530294698235,-0.29974243760096814,1.09388706919018,0.626058669893833,0.9907596905136208,-0.02235926467772946,0.07964788977705697,18,cotton,Red soil
22742,-1.0045070792465538,0.17449124089587287,-0.09597647149880119,-0.8975029591088394,1.0406737773897279,0.5754246880940758,0.05853200148595931,0.8337246915785249,-0.013101127950932786,0.9848454289535726,0.1409521731802983,-0.2847713005048609,18,cotton,Red soil
22772,-1.0045070792465538,0.17449124089587287,-0.09597647149880119,-0.8975029591088394,1.8100534750669282,0.5206256835439254,0.8092022548109493,0.7930304685432606,0.7772113247895547,0.9404884672532121,-0.2498287674085534,0.10151304119397209,18,cotton,Red soil
22786,-1.386734183337834,0.17449124089587287,-0.09597647149880119,-0.8975029591088394,0.8867978378542885,0.5225153043904822,0.5191705660262941,-0.36240481584421086,0.479224662280846,0.40820492684888593,-0.3781448971541462,0.10880142499961055,18,cotton,Black Soil
22897,-1.386734183337834,0.17449124089587287,-0.6043429600973992,1.114202454544477,1.1945497169251689,0.4885021291524576,0.26326025239277473,0.49413841659459484,0.6951570264175913,0.1686773336669393,-0.15650794577539473,-0.32850160333869083,18,cotton,Black Soil
22904,-1.0045070792465538,0.17449124089587287,-0.09597647149880119,-0.8975029591088394,0.8867978378542885,0.5225153043904822,0.655656066630838,0.11049012080696456,0.7815299720722894,0.8340317591723471,-0.15067539442332223,0.11608980880524876,18,cotton,Red soil
22920,-1.482290959360654,0.17449124089587287,-0.09597647149880119,-0.8975029591088394,1.963929414602369,0.5773143089406326,0.1097140642126627,1.0879934230954178,0.025766697593680988,-0.01762190547457478,-0.3956425512103636,0.11608980880524876,18,cotton,Alluvial soil
22924,-1.386734183337834,0.17449124089587287,-0.09597647149880119,-0.8975029591088394,0.5790459587834081,0.5659765838612912,0.48504919087515835,0.23902773563559254,0.6519705535902421,0.07109201792614625,-0.13317774036710517,0.07235950597141877,18,cotton,Black Soil
22935,-1.482290959360654,0.17449124089587287,-0.6043429600973992,1.114202454544477,1.5023015959960477,0.4922813708455718,0.1438354393637991,1.0849062751410188,0.267610945426836,0.06813488714612197,0.6250539354023081,-0.02238948350187992,18,cotton,Alluvial soil
22950,-1.482290959360654,0.17449124089587287,-0.09597647149880119,-0.8975029591088394,0.7329218983188477,0.4866125083059008,-0.2656210624498323,-0.05537391928849228,0.10350234868290915,0.6063326891104963,-0.03985691873394653,-0.2592619571851265,18,cotton,Alluvial soil
23043,-0.4311664231096339,0.17449124089587287,-0.6043429600973992,1.114202454544477,-0.19033373889379193,0.36000791158658824,-0.0438321239674487,0.5584072240089085,0.09918370140017449,-0.3931775145376272,-0.27899152416891543,-0.6018159960501293,27,jute,clay Loamy soil
23048,-0.9089503032237339,0.17449124089587287,-0.09597647149880119,-0.8975029591088394,0.7329218983188477,0.46015781645410403,0.604474003904134,0.32434527910262945,0.794485913920494,0.21303429536729981,-0.1856707025357568,-0.7220743288431622,27,jute,Sandy soil
23057,-0.4311664231096339,0.17449124089587287,-0.6043429600973992,1.114202454544477,1.0406737773897279,0.24852028163973056,0.9115663802643573,1.0147438216319422,0.030085344876416262,0.147977418206771,-1.0488883026424736,-0.514355390382469,27,jute,clay Loamy soil
23100,-0.9089503032237339,0.17449124089587287,-0.09597647149880119,-0.8975029591088394,-0.3442096784292314,0.2598580067190719,1.30396219450242,0.5822624582019945,0.626058669893833,-0.08267878263510363,-0.43647041067487025,-0.59817180414731,27,jute,Sandy soil
23102,-0.9089503032237339,0.17449124089587287,-0.09597647149880119,-0.8975029591088394,0.8867978378542885,0.3978003285177264,1.0651125684444687,0.8205341503188185,0.7815299720722894,0.4703046732293909,-0.9672325837134597,-0.8058907426080033,27,jute,Sandy soil
23181,-0.4311664231096339,0.17449124089587287,-0.6043429600973992,1.114202454544477,0.5790459587834081,0.30520890703643777,1.0651125684444687,0.4663540850050003,0.02144805031094633,-0.04127895171476697,-0.1856707025357568,-0.5872392284388526,27,jute,clay Loamy soil
23184,-0.9089503032237339,0.17449124089587287,-0.09597647149880119,-0.8975029591088394,-0.8058374970355525,0.2560787650259583,0.5703526287529982,0.6176243347705694,0.16396341064119807,0.27513404174780437,-0.2964891782251325,-0.9079281158869403,27,jute,Sandy soil
23310,-0.9089503032237339,0.17449124089587287,-0.09597647149880119,-0.8975029591088394,0.5790459587834081,0.2768645943380842,1.9010862596472986,0.9448620179369018,0.30216012368871514,0.2928768264279488,-0.3489821403937841,-0.35036675475560597,27,jute,Sandy soil
23319,-0.4311664231096339,0.17449124089587287,-0.6043429600973992,1.114202454544477,1.0406737773897279,0.36945601581937276,1.0309911932933329,0.4424988508119143,0.4317195421707623,-0.36656333751741077,-1.0547208539945458,-0.3248574114358716,27,jute,clay Loamy soil
23345,-0.4311664231096339,0.17449124089587287,-0.6043429600973992,1.114202454544477,-0.036457799358352465,0.41291729529018134,-0.009710748816312897,0.9263391302105058,0.20283123618581245,-0.46119152247817996,-0.827251351263722,-0.7949581668995458,27,jute,clay Loamy soil
23352,-0.9089503032237339,0.17449124089587287,-0.09597647149880119,-0.8975029591088394,0.4251700192479687,0.3996899493642832,1.9522683223740032,0.5401649860965486,0.10782099596564443,-0.21574966773618517,-0.3781448971541462,-0.8277558940249184,27,jute,Sandy soil
23363,-0.4311664231096339,0.17449124089587287,-0.6043429600973992,1.114202454544477,0.4251700192479687,0.4469304705282059,1.0992339435956047,0.6181856343986415,0.5353670769563996,-0.07972165185507976,-0.6522748107015496,-0.8314000859277376,27,jute,clay Loamy soil
23409,-0.4311664231096339,0.17449124089587287,-0.6043429600973992,1.114202454544477,-0.49808561796467227,0.2863126985708687,1.5598725081359395,0.9041677949016375,0.531048429673665,-0.5055484841785405,-0.815586248559577,-0.594527612244491,27,jute,clay Loamy soil
23421,-0.4311664231096339,0.17449124089587287,-0.6043429600973992,1.114202454544477,0.11741814017708838,0.2579683858725151,2.2252393235830894,0.5106967556227365,0.17691935248940266,0.11840611040653064,-0.7339305296305633,-0.3831644818809785,27,jute,clay Loamy soil
23441,-0.4311664231096339,0.17449124089587287,-0.6043429600973992,1.114202454544477,-0.3442096784292314,0.39402108682461223,1.8157828217694587,0.4590571898400566,-0.00014518610272819458,0.37863361904864556,-0.37231234580207406,-0.39045286568661697,27,jute,clay Loamy soil
23481,-0.4311664231096339,0.17449124089587287,-0.6043429600973992,1.114202454544477,-0.19033373889379193,0.40913805359706773,0.21207818966607073,0.7427941518307616,0.18987529433760725,-0.5410340535388289,-0.7980885945033599,-0.29205968431049906,27,jute,clay Loamy soil
23527,-0.4311664231096339,0.17449124089587287,-0.6043429600973992,1.114202454544477,0.27129407971252784,0.5338530294698235,1.2186587566245801,0.8598251242839012,0.267610945426836,0.45551901932927075,-0.23233111335233592,-0.2957038762133183,27,jute,clay Loamy soil
23543,-0.4311664231096339,0.17449124089587287,-0.6043429600973992,1.114202454544477,1.0406737773897279,0.5792039297871894,1.6792973211649156,0.5533555273562552,0.39717036390888316,-0.061978867174935295,-0.2673264214647704,-0.28112710860204165,27,jute,clay Loamy soil
23621,-0.4311664231096339,0.17449124089587287,-0.6043429600973992,1.114202454544477,1.0406737773897279,0.5300737877767099,1.730479383891619,0.4211694649451553,0.721068910114001,0.3401909189083332,-0.7864234917992149,-0.26655034099076497,27,jute,clay Loamy soil
23640,-0.9089503032237339,0.17449124089587287,-0.09597647149880119,-0.8975029591088394,1.0406737773897279,0.4790540249196731,1.2698408193512847,0.44614729839438616,0.0862277595519699,-0.41683456077781944,-0.868079210728229,-0.4815576632570964,27,jute,Sandy soil
23674,-0.9089503032237339,0.17449124089587287,-0.09597647149880119,-0.8975029591088394,0.8867978378542885,0.4450408496816491,1.5598725081359395,0.9805045443195128,0.04735993400735551,0.39637640372879,0.030133697490922567,-0.28112710860204165,27,jute,Sandy soil
23677,-0.4311664231096339,0.17449124089587287,-0.6043429600973992,1.114202454544477,-0.9597134365709921,0.23907217740694603,0.21207818966607073,0.4744929296120534,0.5526416660873394,-0.19800688305604114,-0.8039211458554324,-0.6200369555642251,27,jute,clay Loamy soil
23713,-0.4311664231096339,0.17449124089587287,-0.6043429600973992,1.114202454544477,1.1945497169251689,0.4922813708455718,0.7409595045086778,0.9457039673790106,0.21578717803401704,0.07109201792614625,-0.6639399134056946,-0.33578998714432934,27,jute,clay Loamy soil
23716,-0.9089503032237339,0.17449124089587287,-0.09597647149880119,-0.8975029591088394,1.1945497169251689,0.47527478322655947,0.7409595045086778,0.5673880180580704,0.12941423237931896,0.2041629030272278,-0.5647865404204635,-0.9553026106235897,27,jute,Sandy soil
23719,-0.4311664231096339,0.17449124089587287,-0.6043429600973992,1.114202454544477,-0.036457799358352465,0.5773143089406326,1.832843509345027,0.6063983422091171,0.531048429673665,-0.5883481460192136,0.08845921101164668,-0.8897071563728443,27,jute,clay Loamy soil
23761,-0.4311664231096339,0.17449124089587287,-0.6043429600973992,1.114202454544477,1.1945497169251689,0.4960606125386854,0.5362312536018617,0.8800319108945154,0.4187636003225577,-0.12112148277541598,-0.028191816029801538,-0.7184301369403431,27,jute,clay Loamy soil
23768,-0.9089503032237339,0.17449124089587287,-0.09597647149880119,-0.8975029591088394,0.7329218983188477,0.35433904904691726,0.877445005113221,0.8491604313505218,0.3928517166261479,-0.6060909306993578,-0.868079210728229,-0.5362205417993842,27,jute,Sandy soil
23837,-0.4311664231096339,0.17449124089587287,-0.6043429600973992,1.114202454544477,0.11741814017708838,0.3354428405813482,0.05853200148595931,0.8401796373013598,0.47058736771537607,-0.09155017497517565,0.0651290056033567,-0.8897071563728443,27,jute,clay Loamy soil
23896,-0.9089503032237339,0.17449124089587287,-0.09597647149880119,-0.8975029591088394,1.0406737773897279,0.21072786470859242,0.31444231511947873,0.8157631034802011,0.6994756737003265,-0.2364495831963535,-0.926404724248953,-0.4815576632570964,27,jute,Sandy soil
23926,-0.9089503032237339,0.17449124089587287,-0.09597647149880119,-0.8975029591088394,0.5790459587834081,0.25040990248628736,0.16089612693936672,0.3902979854011617,0.626058669893833,0.5176187657097753,-0.8622466593761565,-0.802246550705184,27,jute,Sandy soil
23929,-0.4311664231096339,0.17449124089587287,-0.6043429600973992,1.114202454544477,-0.49808561796467227,0.4790540249196731,1.832843509345027,0.3706524984186199,0.7728926775068193,-0.360649075957363,0.0009709407305605154,-0.4852018551599157,27,jute,clay Loamy soil
23944,-0.9089503032237339,0.17449124089587287,-0.09597647149880119,-0.8975029591088394,-0.19033373889379193,0.36000791158658824,0.21207818966607073,0.920164834301707,0.5051365459772558,-0.056064605614887145,0.10595686506786374,-0.4961344308683731,27,jute,Sandy soil
23947,-0.4311664231096339,0.17449124089587287,-0.6043429600973992,1.114202454544477,0.8867978378542885,0.5508596170888358,1.8499041969205952,0.5297809429772051,0.017129403028211056,-0.07676452107505546,-1.0255580972341838,-0.6856324098149705,27,jute,clay Loamy soil
23948,-0.9089503032237339,0.17449124089587287,-0.09597647149880119,-0.8975029591088394,-0.8058374970355525,0.3241051155020069,0.928627067839925,0.9131485889507994,0.626058669893833,0.45256188854924645,-0.06901967549430858,-0.5799508446332141,27,jute,Sandy soil
23961,-0.4311664231096339,0.17449124089587287,-0.6043429600973992,1.114202454544477,1.1945497169251689,0.3222154946554501,0.9627484429910608,1.1564719777202768,0.5267297823909303,-0.4345773454579639,-0.5647865404204635,-0.4013854413950744,27,jute,clay Loamy soil
23964,-0.9089503032237339,0.17449124089587287,-0.09597647149880119,-0.8975029591088394,1.1945497169251689,0.5376322711629377,-0.026771436391880492,0.9987467822318726,0.38421442206067796,-0.13295000589551229,-0.6114469512370426,-0.39045286568661697,27,jute,Sandy soil
23965,-0.4311664231096339,0.17449124089587287,-0.6043429600973992,1.114202454544477,-0.3442096784292314,0.35811829074003143,0.21207818966607073,0.8387763882311783,-0.047650306212812514,-0.5706053613390693,-0.8914094161365186,-0.2774829166992224,27,jute,clay Loamy soil
23987,-0.4311664231096339,0.17449124089587287,-0.6043429600973992,1.114202454544477,-0.49808561796467227,0.4582681956075472,2.1911179484319545,0.9487911153334103,0.6562892008729775,0.37271935748859786,-0.261493870112698,-0.8496210454418335,27,jute,clay Loamy soil
23991,-0.4311664231096339,0.17449124089587287,-0.6043429600973992,1.114202454544477,-0.6519615575001118,0.20694862301547853,2.037571760251843,1.0503863480145526,0.09918370140017449,0.2928768264279488,0.07679410830750169,-0.43418316852044697,27,jute,clay Loamy soil
23998,-0.9089503032237339,0.17449124089587287,-0.09597647149880119,-0.8975029591088394,-0.49808561796467227,0.3751248783590432,2.1058145105541146,0.7826464254239172,0.11213964324837908,-0.5794767536791413,-0.3839774485062187,-0.6455462988839594,27,jute,Sandy soil
24039,-0.5267231991324539,0.17449124089587287,-0.6043429600973992,-0.8975029591088394,0.4251700192479687,3.972962970203396,0.0073499387592553065,1.785688860789674,-0.047650306212812514,3.3742070992129927,2.987237232991635,2.6560915650702164,46,sugarcane,brown Loamy soil
24043,-0.5267231991324539,0.17449124089587287,-0.6043429600973992,-0.8975029591088394,0.27129407971252784,3.672513255600847,0.31444231511947873,4.50350165991726,-0.24630808121861789,3.4185640609133534,1.8557222706895868,2.99135722012958,46,sugarcane,brown Loamy soil
24104,-0.4311664231096339,0.17449124089587287,-0.09597647149880119,-0.8975029591088394,-0.036457799358352465,4.010755387134534,-0.4703493133566477,1.8454672711794076,0.3280720073851243,2.283025841384124,0.8291932327248426,2.9221175739760166,46,sugarcane,clay Loamy soil
24107,-0.5267231991324539,0.17449124089587287,-0.6043429600973992,-0.8975029591088394,0.11741814017708838,4.154366571472859,-0.026771436391880492,4.362896103085071,0.3323906546678596,2.8774091281689547,1.7507363463522836,2.495747121346172,46,sugarcane,brown Loamy soil
24178,0.42884456109574615,0.17449124089587287,-0.09597647149880119,-0.8975029591088394,1.3484256564606083,3.886040411261778,-0.11207487426972029,2.892291077534828,-0.22903349208767804,3.442221107153545,1.4591087787486632,2.382777172358778,46,sugarcane,red Loamy soil
24179,-0.5267231991324539,0.17449124089587287,-0.6043429600973992,-0.8975029591088394,0.7329218983188477,3.727312260150998,0.041471313910391105,3.8944915634584762,-0.0735621899092217,2.3273828030844843,1.5407644976776764,3.384929945634052,46,sugarcane,brown Loamy soil
24191,-0.5267231991324539,0.17449124089587287,-0.6043429600973992,-0.8975029591088394,-0.036457799358352465,4.141139225546961,-0.1632569369964243,1.9375204101833159,0.05599722857282544,2.0701124252223937,2.8297583464856797,3.202720350493093,46,sugarcane,brown Loamy soil
24213,-0.6222799751552739,0.17449124089587287,-0.6043429600973992,-0.8975029591088394,-0.036457799358352465,4.018313870520761,-0.23149968729869652,3.3272982892911025,-0.17720972469485965,3.495449461193978,2.7597677302608106,2.699821867904046,46,sugarcane,black cotton soil
24215,-0.5267231991324539,0.17449124089587287,-0.6043429600973992,-0.8975029591088394,-0.036457799358352465,3.6611755305215063,0.041471313910391105,4.297224046600575,-0.1253859573020407,3.031179928730205,1.2024765192574767,2.7326195950294188,46,sugarcane,brown Loamy soil
24240,-0.4311664231096339,0.17449124089587287,-0.09597647149880119,-0.8975029591088394,1.0406737773897279,4.052327045758786,0.1097140642126627,4.047726361922299,0.30216012368871514,3.1080653290108295,2.963907027583345,3.03873171486623,46,sugarcane,clay Loamy soil
24255,-0.5267231991324539,0.17449124089587287,-0.6043429600973992,-0.8975029591088394,1.3484256564606083,4.124132637927949,-0.2656210624498323,3.331508036501647,0.017129403028211056,3.158336552271238,2.6489492545714346,3.1116155529226135,46,sugarcane,brown Loamy soil
24302,0.42884456109574615,0.17449124089587287,-0.09597647149880119,-0.8975029591088394,1.5023015959960477,3.906826240573904,-0.3168031251765363,3.5546246386605103,0.22874311988222162,2.9483802668895316,2.853088551893969,2.4155748994841506,46,sugarcane,red Loamy soil
24344,-0.4311664231096339,0.17449124089587287,-0.09597647149880119,-0.8975029591088394,1.0406737773897279,4.082560979303696,-0.5385920636589193,3.8711976288934626,0.1466888215102582,3.0814511519906134,2.456475059953045,2.488458737540534,46,sugarcane,clay Loamy soil
24362,0.42884456109574615,0.17449124089587287,-0.09597647149880119,-0.8975029591088394,1.5023015959960477,3.68951984321986,-0.09501418669415271,3.6228225434713317,0.37557712749520866,3.235221952551863,0.8875187462455667,2.390065556164416,46,sugarcane,red Loamy soil
24367,-0.5267231991324539,0.17449124089587287,-0.6043429600973992,-0.8975029591088394,0.11741814017708838,3.715974535071656,-0.2485603748742641,2.4640194613154254,0.09918370140017449,2.838966428028643,1.5874249084942564,2.834656968308356,46,sugarcane,brown Loamy soil
24384,-0.4311664231096339,0.17449124089587287,-0.09597647149880119,-0.8975029591088394,0.5790459587834081,3.678182118140518,0.12677475178823092,3.223457858097669,-0.11674866273657075,2.1529120870630662,2.0540290166600492,2.903896614461921,46,sugarcane,clay Loamy soil
24402,0.42884456109574615,0.17449124089587287,-0.09597647149880119,-0.8975029591088394,2.1178053541378086,3.9370601741188143,-0.0608928115430169,2.807534833695864,0.3064787709714498,2.7147669352676327,0.817528130020698,2.3718445966503205,46,sugarcane,red Loamy soil
24409,-0.6222799751552739,0.17449124089587287,-0.6043429600973992,-0.8975029591088394,1.8100534750669282,3.7783320230080344,-0.2656210624498323,4.363457402713143,0.030085344876416262,2.2711973182640275,1.0100023246390875,2.3718445966503205,46,sugarcane,black cotton soil
24423,-0.5267231991324539,0.17449124089587287,-0.6043429600973992,-0.8975029591088394,1.5023015959960477,4.148697708933187,0.09265337663709511,1.9007552845445594,-0.23767078665314795,3.4333497148134735,1.5407644976776764,2.386421364261597,46,sugarcane,brown Loamy soil
24440,-0.4311664231096339,0.17449124089587287,-0.09597647149880119,-0.8975029591088394,1.0406737773897279,4.154366571472859,-0.23149968729869652,2.566737293252714,-0.10811136817110081,3.1080653290108295,2.7889304870211724,2.3572678290390434,46,sugarcane,clay Loamy soil
24445,-0.6222799751552739,0.17449124089587287,-0.6043429600973992,-0.8975029591088394,1.0406737773897279,3.7216433976113272,-0.5215313760833518,3.342172729435026,-0.15561648828118513,3.069622628870517,2.923079168118838,3.312046107577668,46,sugarcane,black cotton soil
24470,0.42884456109574615,0.17449124089587287,-0.09597647149880119,-0.8975029591088394,1.0406737773897279,3.9332809324257005,-0.29974243760096814,2.1611983119702516,-0.19016566654306424,3.2588789987920554,1.7215735895919215,3.046020098671868,46,sugarcane,red Loamy soil
24516,-0.4311664231096339,0.17449124089587287,-0.09597647149880119,-0.8975029591088394,1.1945497169251689,3.772663160468363,0.33150300269504634,3.0553486194899215,0.22874311988222162,2.2564116643639074,1.7332386922960665,2.7107544436125037,46,sugarcane,clay Loamy soil
24612,-0.4311664231096339,0.17449124089587287,-0.09597647149880119,-0.8975029591088394,-0.19033373889379193,3.923832828192916,-0.2826817500253999,3.4970914267830673,0.2546550035786308,2.534381957686167,2.8822513086543307,2.9804246444211233,46,sugarcane,clay Loamy soil
24646,0.42884456109574615,0.17449124089587287,-0.09597647149880119,-0.8975029591088394,-0.19033373889379193,3.867144202796209,0.024410626334822903,3.1479630581219027,0.3669398329297387,2.26528305670398,2.415647200488538,3.210008734298731,46,sugarcane,red Loamy soil
24650,0.42884456109574615,0.17449124089587287,-0.09597647149880119,-0.8975029591088394,1.1945497169251689,3.801007473166717,0.0073499387592553065,2.2484804041355426,-0.16425378284665446,3.282536045032248,2.3048287247991626,2.7326195950294188,46,sugarcane,red Loamy soil
24653,-0.6222799751552739,0.17449124089587287,-0.6043429600973992,-0.8975029591088394,0.5790459587834081,3.776442402161477,0.09265337663709511,3.943043981286758,-0.004463833385463468,2.4042682033651093,2.6781120113317964,2.7799940897660687,46,sugarcane,black cotton soil
24678,0.42884456109574615,0.17449124089587287,-0.09597647149880119,-0.8975029591088394,0.7329218983188477,3.8387998900978553,-0.6409561891123273,2.4342705810275773,0.3453465965160642,2.516639173006023,1.949043092322745,2.9330501496844734,46,sugarcane,red Loamy soil
24711,-0.5267231991324539,0.17449124089587287,-0.6043429600973992,-0.8975029591088394,1.5023015959960477,3.784000885547705,0.17795681451493492,2.399189354273039,0.10350234868290915,2.871494866608907,1.6982433841836317,2.4811703537348957,46,sugarcane,brown Loamy soil
24764,-0.4311664231096339,0.17449124089587287,-0.09597647149880119,-0.8975029591088394,0.11741814017708838,3.9332809324257005,0.22913887724163892,2.1710210554615226,0.28488553455777527,2.1262979100428496,2.32232637885538,2.845589544016813,46,sugarcane,clay Loamy soil
24788,-0.4311664231096339,0.17449124089587287,-0.09597647149880119,-0.8975029591088394,0.27129407971252784,4.044768562372558,0.33150300269504634,3.5509761910780377,-0.15561648828118513,2.5935245732866474,2.8297583464856797,3.2756041885494764,46,sugarcane,clay Loamy soil
24790,0.42884456109574615,0.17449124089587287,-0.09597647149880119,-0.8975029591088394,0.8867978378542885,3.6385000803628227,-0.35092450032767214,1.9428527566500053,-0.2333521393704133,2.481153603645734,2.853088551893969,3.257383229035381,46,sugarcane,red Loamy soil
24851,-0.5267231991324539,0.17449124089587287,-0.6043429600973992,-0.8975029591088394,0.27129407971252784,3.6630651513680625,-0.5044706885077835,2.382069715616824,0.3453465965160642,2.191354787203379,2.450642508600973,3.2865367642579346,46,sugarcane,brown Loamy soil
24867,-0.5267231991324539,0.17449124089587287,-0.6043429600973992,-0.8975029591088394,1.0406737773897279,3.7121952933785427,-0.6238955015367591,3.134772516862197,-0.2592640230668225,3.235221952551863,1.896550130154094,2.4556610104151613,46,sugarcane,brown Loamy soil
24873,-0.6222799751552739,0.17449124089587287,-0.6043429600973992,-0.8975029591088394,-0.036457799358352465,3.8765923070289934,0.1438354393637991,2.162882210854469,0.03440399215915092,2.8655806050488586,1.5640947030859664,2.674312524584312,46,sugarcane,black cotton soil
24916,-0.4311664231096339,0.17449124089587287,-0.09597647149880119,-0.8975029591088394,0.7329218983188477,4.046658183219115,0.26326025239277473,2.7382143296288963,-0.19880296110853418,2.673367104347296,1.0858254922160286,3.151701663853624,46,sugarcane,clay Loamy soil
24919,-0.5267231991324539,0.17449124089587287,-0.6043429600973992,-0.8975029591088394,1.6561775355314885,3.967294107663725,0.3656243778461821,3.7780218906334095,0.33670930195059423,3.1494651599311663,2.3164938275033076,2.9767804525183044,46,sugarcane,brown Loamy soil
24929,-0.6222799751552739,0.17449124089587287,-0.6043429600973992,-0.8975029591088394,1.3484256564606083,3.9597356242774966,-0.4874100009322159,2.3357624963008337,0.3453465965160642,2.0937694714625854,0.9400117084142182,2.7289754031266,46,sugarcane,black cotton soil
24967,-0.5267231991324539,0.17449124089587287,-0.6043429600973992,-0.8975029591088394,1.5023015959960477,3.6139350093575837,-0.2656210624498323,4.224255094951136,0.2805668872750406,2.0434982482021775,2.456475059953045,2.6378706055561203,46,sugarcane,brown Loamy soil
24995,-0.5267231991324539,0.17449124089587287,-0.6043429600973992,-0.8975029591088394,1.0406737773897279,4.16003543401253,-0.18031762457199252,3.687372000699682,0.2719295927095707,2.4841107344257587,2.7481026275566656,2.4374400509010656,46,sugarcane,brown Loamy soil
25001,0.8110716651870262,0.17449124089587287,-0.6043429600973992,-0.8975029591088394,1.8100534750669282,1.0969600417437821,-0.8115630648680069,-0.8041476231373565,-0.23767078665314795,0.5974612967704243,0.8933512975976392,0.5752579885604655,45,sugarbeet,sandy Loamy soil
25004,0.8110716651870262,0.17449124089587287,-0.09597647149880119,-0.8975029591088394,-0.3442096784292314,1.1120770085162373,0.0073499387592553065,-0.3177814954124383,0.3453465965160642,1.8157991781403262,1.2141416219616217,0.34931809058567637,45,sugarbeet,sandy Loamy soil
25030,1.3844123213239463,0.17449124089587287,-0.09597647149880119,-0.8975029591088394,0.8867978378542885,1.0138167244952783,-0.3850458754788079,-0.6989039428737418,-0.22903349208767804,1.1977588451153032,0.7825328219082635,0.35296228248849537,45,sugarbeet,well-drained soil
25043,0.8110716651870262,0.17449124089587287,-0.6043429600973992,-0.8975029591088394,1.8100534750669282,1.1933307049181845,0.024410626334822903,-0.6812230045894544,0.004173461180006464,0.9020457671128997,0.8408583354289876,0.3092319796546651,45,sugarbeet,sandy Loamy soil
25115,0.8110716651870262,0.17449124089587287,-0.6043429600973992,-0.8975029591088394,0.5790459587834081,0.8513093316913842,-0.9139271903214149,-0.8010604751829571,-0.02173842251640272,1.854241878280639,0.9458442597662912,0.5060183424069009,45,sugarbeet,sandy Loamy soil
25118,0.8110716651870262,0.17449124089587287,-0.09597647149880119,-0.8975029591088394,-0.8058374970355525,0.9155564404743192,-0.2485603748742641,-0.33770763220901606,0.20283123618581245,1.5614859310582594,1.6690806274232697,0.3602506662941338,45,sugarbeet,sandy Loamy soil
25122,-0.33560964708681384,0.17449124089587287,-0.09597647149880119,-0.8975029591088394,1.8100534750669282,1.2670259179339038,-0.45328862578107953,-0.382611602454825,-0.19016566654306424,1.3811009534767935,1.1966439679054046,0.7756885432155204,45,sugarbeet,clay Loamy soil 
25125,-0.33560964708681384,0.17449124089587287,-0.6043429600973992,-0.8975029591088394,1.0406737773897279,1.085622316664441,-0.2144389997231283,-0.45698380317444603,-0.004463833385463468,1.6324570697788363,1.5116017409173144,0.6991605132563173,45,sugarbeet,clay Loamy soil 
25157,0.8110716651870262,0.17449124089587287,-0.6043429600973992,-0.8975029591088394,1.6561775355314885,0.8229650189930307,-0.0438321239674487,-0.35903701807577537,-0.19880296110853418,0.6181612122305926,1.4999366382131702,0.45499965576743223,45,sugarbeet,sandy Loamy soil
25163,0.8110716651870262,0.17449124089587287,-0.6043429600973992,-0.8975029591088394,1.3484256564606083,0.8361923649189288,-1.3916264424373173,-0.6826262536596359,0.1985125889030772,1.6088000235386437,1.0974905949201734,0.3821158177110487,45,sugarbeet,sandy Loamy soil
25208,0.8110716651870262,0.17449124089587287,-0.09597647149880119,-0.8975029591088394,1.0406737773897279,0.7983999479877906,-0.4191672506299437,-0.7828182372705973,0.1337328796620536,1.4343293075172263,1.319127546298925,0.833995613660627,45,sugarbeet,sandy Loamy soil
25263,-0.33560964708681384,0.17449124089587287,-0.6043429600973992,-0.8975029591088394,-0.19033373889379193,0.8418612274585997,-0.7262596269901671,-0.6071314536838697,-0.1210673100193054,1.2302872836955678,1.5932574598463285,0.33838551487721896,45,sugarbeet,clay Loamy soil 
25276,1.3844123213239463,0.17449124089587287,-0.09597647149880119,-0.8975029591088394,-0.49808561796467227,0.9968101368762659,-1.5451726306174294,-0.7227591770668279,-0.24198943393588324,1.496429053897731,0.9925046705828703,0.5060183424069009,45,sugarbeet,well-drained soil
25280,0.8110716651870262,0.17449124089587287,-0.09597647149880119,-0.8975029591088394,0.8867978378542885,0.7757244978291079,-0.9139271903214149,-0.6363190343436455,0.06463452313829537,1.1386162295148226,0.8933512975976392,0.8485723812719039,45,sugarbeet,sandy Loamy soil
25323,-0.33560964708681384,0.17449124089587287,-0.6043429600973992,-0.8975029591088394,1.963929414602369,1.319935301637497,-0.6750775642634631,-0.29420691103338864,0.28488553455777527,1.2923870300760725,1.7274061409439936,0.7866211189239778,45,sugarbeet,clay Loamy soil 
25337,0.8110716651870262,0.17449124089587287,-0.6043429600973992,-0.8975029591088394,1.0406737773897279,1.246240088621778,0.0073499387592553065,-0.5521240901327537,0.2503363562958962,1.9104273631010957,1.6690806274232697,0.2800784444321118,45,sugarbeet,sandy Loamy soil
25344,-0.33560964708681384,0.17449124089587287,-0.09597647149880119,-0.8975029591088394,0.8867978378542885,1.176324117299172,-1.3745657548617498,-0.4098346344163468,0.12509558509658367,1.8276277012604225,1.5874249084942564,0.5461044533379117,45,sugarbeet,clay Loamy soil 
25352,0.8110716651870262,0.17449124089587287,-0.09597647149880119,-0.8975029591088394,0.11741814017708838,1.2670259179339038,-0.1291355618452885,-0.7609275517757652,0.0862277595519699,0.7098322664113376,1.5699272544380385,0.2982994039462077,45,sugarbeet,sandy Loamy soil
25401,-0.33560964708681384,0.17449124089587287,-0.6043429600973992,-0.8975029591088394,0.4251700192479687,1.093180800050668,-1.0333520033503905,-0.27119362628241145,-0.08651813175742629,0.8636030669725874,1.0391650813994495,0.5643254128520075,45,sugarbeet,clay Loamy soil 
25457,0.8110716651870262,0.17449124089587287,-0.6043429600973992,-0.8975029591088394,-0.49808561796467227,1.2783636430132452,-1.2551409418327741,-0.4788744886692778,-0.056287600778281835,0.9937168212936451,1.6049225625504735,0.7428908160901475,45,sugarbeet,sandy Loamy soil
25516,1.3844123213239463,0.17449124089587287,-0.09597647149880119,-0.8975029591088394,-0.8058374970355525,0.8909913694690792,-0.1291355618452885,-0.5512821406906449,-0.16857243012938972,1.3751866919167453,1.6399178706629076,0.2837226363349313,45,sugarbeet,well-drained soil
25523,0.8110716651870262,0.17449124089587287,-0.6043429600973992,-0.8975029591088394,-0.49808561796467227,1.2689155387804607,-1.4598691927395895,-0.6904844484526527,-0.03037571708187265,1.6531569852390042,0.9750070165266532,0.2181271820841859,45,sugarbeet,sandy Loamy soil
25535,0.8110716651870262,0.17449124089587287,-0.6043429600973992,-0.8975029591088394,0.8867978378542885,1.1498694254473754,-0.5897741263856233,-0.5013264737921823,-0.013101127950932786,1.1386162295148226,1.0100023246390875,0.4149135448364215,45,sugarbeet,sandy Loamy soil
25537,1.3844123213239463,0.17449124089587287,-0.6043429600973992,-0.8975029591088394,-0.036457799358352465,1.1366420795214771,-0.29974243760096814,-0.5574564365994434,0.3453465965160642,1.5674001926183079,0.8641885408372771,0.3966925853223256,45,sugarbeet,well-drained soil
25552,1.3844123213239463,0.17449124089587287,-0.09597647149880119,-0.8975029591088394,-0.6519615575001118,1.0648364873523144,-0.4191672506299437,-0.688239249940362,-0.09947407360563087,1.9636557171415279,1.0041697732870152,0.7392466241873286,45,sugarbeet,well-drained soil
25562,0.8110716651870262,0.17449124089587287,-0.09597647149880119,-0.8975029591088394,1.963929414602369,0.8796536443897378,0.0073499387592553065,-0.5030103726764001,0.31511606553691973,1.5644430618382832,1.4182809192841561,0.26550167682083514,45,sugarbeet,sandy Loamy soil
25620,-0.33560964708681384,0.17449124089587287,-0.09597647149880119,-0.8975029591088394,0.7329218983188477,0.7870622229084493,-1.5451726306174294,-0.6879586001263257,-0.19448431382579892,1.9133844938811195,1.1441510057367525,0.7756885432155204,45,sugarbeet,clay Loamy soil 
25626,-0.33560964708681384,0.17449124089587287,-0.09597647149880119,-0.8975029591088394,1.3484256564606083,1.0516091414264164,-0.0779534991185845,-0.7272495740914084,0.3280720073851243,1.0735593523542937,1.0624952868077393,0.6080557156858378,45,sugarbeet,clay Loamy soil 
25628,0.8110716651870262,0.17449124089587287,-0.09597647149880119,-0.8975029591088394,0.11741814017708838,1.0081478619556072,-1.3745657548617498,-0.27820987163331906,-0.24198943393588324,1.3722295611367215,0.8408583354289876,0.5825463723661035,45,sugarbeet,sandy Loamy soil
25657,1.3844123213239463,0.17449124089587287,-0.6043429600973992,-0.8975029591088394,0.7329218983188477,0.7738348769825512,-1.5792940057685652,-0.25239008874197916,0.20283123618581245,1.1800160604351593,1.0158348759911595,0.19990622257009,45,sugarbeet,well-drained soil
25674,-0.33560964708681384,0.17449124089587287,-0.09597647149880119,-0.8975029591088394,-0.9597134365709921,1.0289336912677336,-0.1461962494208567,-0.7143396826457387,-0.21607755023947342,1.4550292229773942,1.8498897193375148,0.7319582403816901,45,sugarbeet,clay Loamy soil 
25685,0.8110716651870262,0.17449124089587287,-0.6043429600973992,-0.8975029591088394,1.5023015959960477,0.7983999479877906,-1.5281119430418613,-0.7511048082844944,-0.09947407360563087,0.9878025597335969,1.3132949949468529,0.8267072298549886,45,sugarbeet,sandy Loamy soil
25709,0.8110716651870262,0.17449124089587287,-0.6043429600973992,-0.8975029591088394,1.963929414602369,0.9212253030139896,-1.2039588791060702,-0.4162895801391817,0.07327181770376531,1.4786862692175868,0.7183747570354668,0.8048420784380736,45,sugarbeet,sandy Loamy soil
25747,1.3844123213239463,0.17449124089587287,-0.6043429600973992,-0.8975029591088394,1.3484256564606083,0.9098875779346483,-0.8286237524435751,-0.6110605510803779,0.18987529433760725,1.6265428082187887,0.7475375137958289,0.1415991521249831,45,sugarbeet,well-drained soil
25807,1.3844123213239463,0.17449124089587287,-0.6043429600973992,-0.8975029591088394,-0.036457799358352465,1.1876618423785135,-0.29974243760096814,-0.7227591770668279,0.22442447259948697,1.3042155531961688,1.1674812111450426,0.7975536946324352,45,sugarbeet,well-drained soil
25908,-0.33560964708681384,0.17449124089587287,-0.09597647149880119,-0.8975029591088394,1.1945497169251689,1.1309732169818063,-0.2656210624498323,-0.39299564557416844,-0.1469791937157152,1.2421158068156637,0.788365373260336,0.6772953618394024,45,sugarbeet,clay Loamy soil 
25929,-0.33560964708681384,0.17449124089587287,-0.6043429600973992,-0.8975029591088394,1.6561775355314885,1.2084476716906398,-0.8456844400191428,-0.6040443057294703,0.1596447633584634,1.8128420473603022,1.7332386922960665,0.17439687925035566,45,sugarbeet,clay Loamy soil 
25938,-0.33560964708681384,0.17449124089587287,-0.09597647149880119,-0.8975029591088394,1.8100534750669282,1.0629468665057578,0.0073499387592553065,-0.7805730387583066,0.1466888215102582,1.7034282084994135,1.7332386922960665,0.2873668282377502,45,sugarbeet,clay Loamy soil 
25960,1.3844123213239463,0.17449124089587287,-0.09597647149880119,-0.8975029591088394,0.4251700192479687,1.2311231218493226,-1.340444379710614,-0.592818313168018,0.12941423237931896,1.7004710777193894,0.9050164003017841,0.7611117756042435,45,sugarbeet,well-drained soil
25999,1.3844123213239463,0.17449124089587287,-0.6043429600973992,-0.8975029591088394,0.4251700192479687,1.3123768182512698,-0.2656210624498323,-0.2616515326051771,0.12509558509658367,1.4136293920570577,1.2374718273699117,0.8449281893690844,45,sugarbeet,well-drained soil
26042,0.8110716651870262,-1.0687588504872214,0.9207565056983947,-0.8975029591088394,0.27129407971252784,0.2768645943380842,-0.4191672506299437,-0.33770763220901606,0.5958281389146886,1.5526145387181878,-0.016526713325656965,2.2880281828854794,52,tomato,sandy Loamy soil
26114,0.8110716651870262,-1.0687588504872214,-0.6043429600973992,-0.8975029591088394,0.4251700192479687,-0.18231327137524433,-0.8115630648680069,-0.6051669049856154,0.4317195421707623,0.6122469506705445,0.5667284218815841,1.0089168249959475,52,tomato,sandy Loamy soil
26140,0.8110716651870262,-1.0687588504872214,0.4123900170997968,-0.8975029591088394,0.7329218983188477,-0.14641047529066326,0.43386712814845435,-0.7042362893404316,0.48786195684631595,0.8517745438524911,-0.06318712414223608,0.8777259164944572,52,tomato,sandy Loamy soil
26162,0.8110716651870262,-1.0687588504872214,0.9207565056983947,-0.8975029591088394,-0.19033373889379193,-0.2654565886237484,0.3997457529973185,-0.577943873024094,0.5094551932599904,1.7389137778597015,-0.23233111335233592,1.9491183359232953,52,tomato,sandy Loamy soil
26219,0.8110716651870262,-1.0687588504872214,-0.6043429600973992,1.114202454544477,1.0406737773897279,-0.2805735553962036,-0.1973783121475601,-0.24818034153143453,0.36262118564700346,0.8222032360522508,-0.19150325388782927,1.6320736403780274,52,tomato,sandy Loamy soil
26231,0.8110716651870262,-1.0687588504872214,-1.621075937294595,1.114202454544477,1.1945497169251689,0.22584483148104761,0.7238988169331095,-0.6267769406664111,0.48354330956358127,1.6708997699191492,0.794197924612408,2.0948860120360626,52,tomato,sandy Loamy soil
26275,0.8110716651870262,-1.0687588504872214,0.4123900170997968,1.114202454544477,0.7329218983188477,-0.11239730005263869,-0.026771436391880492,-0.26782582851397596,0.2589736508613661,1.4993861846777548,0.9866721192307973,1.0562913197325967,52,tomato,sandy Loamy soil
26291,0.8110716651870262,-1.0687588504872214,-1.621075937294595,1.114202454544477,0.8867978378542885,-0.2616773469306345,0.5703526287529982,-0.7887118833653597,0.4489941313017015,1.8098849165802784,0.2459380975176015,1.8179274274218051,52,tomato,sandy Loamy soil
26294,0.8110716651870262,-1.0687588504872214,-0.6043429600973992,-0.8975029591088394,-0.19033373889379193,-0.19743023814769953,0.5191705660262941,-0.8049895725794654,0.172600705206668,1.659071246799053,-0.22066601064819133,1.7997064679077093,52,tomato,sandy Loamy soil
26330,0.8110716651870262,-1.0687588504872214,0.4123900170997968,-0.8975029591088394,-0.036457799358352465,0.046330851058141394,-0.5044706885077835,-0.6357577347155731,0.32375336010238964,1.511214707797851,0.3450914705028327,1.5810549537385585,52,tomato,sandy Loamy soil
26341,0.8110716651870262,-1.0687588504872214,-1.621075937294595,1.114202454544477,0.5790459587834081,0.5262945460835958,-0.1632569369964243,-0.3374269823949797,0.5958281389146886,0.6122469506705445,-0.2673264214647704,1.7341110136569642,52,tomato,sandy Loamy soil
26345,0.8110716651870262,-1.0687588504872214,0.4123900170997968,1.114202454544477,0.27129407971252784,0.5792039297871894,-0.45328862578107953,-0.7118138343194117,0.5915094916319539,1.0646879600142216,1.5640947030859664,2.211500152926276,52,tomato,sandy Loamy soil
26346,0.8110716651870262,-1.0687588504872214,-1.621075937294595,-0.8975029591088394,-0.036457799358352465,-0.02547474111102105,-0.23149968729869652,-0.39692474297067665,0.41444495303982243,1.7063853392794373,1.5232668436214594,1.7887738921992518,52,tomato,sandy Loamy soil
26349,0.8110716651870262,-1.0687588504872214,-0.6043429600973992,1.114202454544477,1.0406737773897279,0.06333743867715366,-1.135716128803798,-0.42414777493219813,0.5137738405427251,0.8429031515124191,0.4267471894318463,2.0657324768135092,52,tomato,sandy Loamy soil
26382,0.8110716651870262,-1.0687588504872214,0.9207565056983947,-0.8975029591088394,0.11741814017708838,0.41669653698329545,-1.0504126909259581,-0.5159202641220703,0.479224662280846,1.8305848320404463,0.8875187462455667,1.5664781861272816,52,tomato,sandy Loamy soil
26391,0.8110716651870262,-1.0687588504872214,-1.621075937294595,1.114202454544477,0.11741814017708838,-0.31269710978767107,-0.8968665027458468,-0.7387562164668972,0.3280720073851243,0.6240754737906408,-0.25566131876062587,1.7158900541428683,52,tomato,sandy Loamy soil
26424,0.8110716651870262,-1.0687588504872214,-0.6043429600973992,-0.8975029591088394,1.0406737773897279,-0.19176137560802886,-0.1291355618452885,-0.397205392784713,0.2201058253167517,1.5762715849583795,0.9691744651745803,2.098530203938882,52,tomato,sandy Loamy soil
26440,0.8110716651870262,-1.0687588504872214,0.4123900170997968,-0.8975029591088394,0.8867978378542885,0.021765780052901643,-0.8798058151702786,-0.6997458923158506,0.21146853075128177,0.665475304710977,0.9400117084142182,1.2421451067763751,52,tomato,sandy Loamy soil
26472,0.8110716651870262,-1.0687588504872214,0.9207565056983947,-0.8975029591088394,-0.036457799358352465,0.4922813708455718,-1.135716128803798,-0.4070281362759837,0.4187636003225577,1.0558165676741496,-0.15067539442332223,1.9272531845063805,52,tomato,sandy Loamy soil
26475,0.8110716651870262,-1.0687588504872214,0.4123900170997968,1.114202454544477,0.4251700192479687,0.11435720153419023,0.4168064405728861,-0.6217252440137577,0.32375336010238964,1.3811009534767935,0.15844982723651535,1.1984148039425448,52,tomato,sandy Loamy soil
26511,0.8110716651870262,-1.0687588504872214,-1.621075937294595,1.114202454544477,-0.19033373889379193,0.31087776957610846,0.024410626334822903,-0.7875892841092142,0.49649925141178586,1.0587736984541736,0.7242073083875393,0.8740817245916378,52,tomato,sandy Loamy soil
26521,0.8110716651870262,-1.0687588504872214,-1.621075937294595,1.114202454544477,0.5790459587834081,-0.271125451163419,-0.29974243760096814,-0.4623161496411358,0.21146853075128177,0.9937168212936451,0.1409521731802983,1.0927332387607884,52,tomato,sandy Loamy soil
26530,0.8110716651870262,-1.0687588504872214,0.4123900170997968,-0.8975029591088394,0.5790459587834081,0.42614464121608,-1.1186554412282304,-0.691045748080725,0.2589736508613661,0.6773038278310733,1.2782996868344179,1.446219853334249,52,tomato,sandy Loamy soil
26532,0.8110716651870262,-1.0687588504872214,0.9207565056983947,-0.8975029591088394,0.27129407971252784,-0.065156778888716,0.502109878450726,-0.47662929015698746,0.4489941313017015,1.9932270249417683,1.348290303059287,1.194770612039726,52,tomato,sandy Loamy soil
26585,0.8110716651870262,-1.0687588504872214,0.4123900170997968,1.114202454544477,0.11741814017708838,0.36000791158658824,0.1950175020905025,-0.2731581749806657,0.38421442206067796,1.7418709086397253,1.4591087787486632,1.6138526808639313,52,tomato,sandy Loamy soil
26594,0.8110716651870262,-1.0687588504872214,-0.6043429600973992,-0.8975029591088394,0.11741814017708838,-0.15018971698377684,0.07559268906152691,-0.3545466210511944,0.522411135108195,1.1267877063947267,1.0274999786953045,1.2567218743876516,52,tomato,sandy Loamy soil
26607,0.8110716651870262,-1.0687588504872214,0.9207565056983947,1.114202454544477,0.7329218983188477,-0.18231327137524433,0.8092022548109493,-0.542301346641483,0.38853306934341325,1.7270852547396052,1.8148944112250798,1.096377430663608,52,tomato,sandy Loamy soil
26619,0.8110716651870262,-1.0687588504872214,-0.6043429600973992,1.114202454544477,0.5790459587834081,0.278754215184641,-0.6921382518390313,-0.3088007013632767,0.5137738405427251,1.9932270249417683,-0.16817304847953973,2.080309244424786,52,tomato,sandy Loamy soil
26650,0.8110716651870262,-1.0687588504872214,0.4123900170997968,-0.8975029591088394,0.5790459587834081,-0.008468153492008771,-0.4703493133566477,-0.3410754299774519,0.48354330956358127,1.8601561398406867,1.2491369300740558,1.4753733885568021,52,tomato,sandy Loamy soil
26669,0.8110716651870262,-1.0687588504872214,-0.6043429600973992,1.114202454544477,1.0406737773897279,-0.08027374566117147,-0.1973783121475601,-0.5103072678413442,0.2805668872750406,0.6240754737906408,1.0041697732870152,1.8142832355189862,52,tomato,sandy Loamy soil
26692,0.8110716651870262,-1.0687588504872214,0.9207565056983947,-0.8975029591088394,0.11741814017708838,-0.1860925130683582,0.1950175020905025,-0.5846794685609652,0.3496652437987988,0.8961315055528516,0.22844044346138445,1.7887738921992518,52,tomato,sandy Loamy soil
26811,0.8110716651870262,-1.0687588504872214,-1.621075937294595,1.114202454544477,1.1945497169251689,-0.1407416127509923,-0.6238955015367591,-0.6427739800664807,0.4489941313017015,1.9488700632414078,0.8933512975976392,2.1058185877445204,52,tomato,sandy Loamy soil
26835,0.8110716651870262,-1.0687588504872214,0.4123900170997968,1.114202454544477,0.5790459587834081,0.04066198851847072,-0.7091989394145989,-0.5785051726521664,0.5267297823909303,1.354486776456577,0.50840290836086,1.7632645488795176,52,tomato,sandy Loamy soil
26855,0.8110716651870262,-1.0687588504872214,0.4123900170997968,1.114202454544477,0.8867978378542885,0.34300132396757593,-0.0438321239674487,-0.4087120351602013,0.22874311988222162,0.7985461898120586,0.7242073083875393,1.9709834873402108,52,tomato,sandy Loamy soil
26877,0.8110716651870262,-1.0687588504872214,0.9207565056983947,1.114202454544477,-0.036457799358352465,-0.28624241793587424,0.7068381293575413,-0.7499822090283493,0.4360381894534969,0.8517745438524911,0.9808395678787253,1.3186731367355775,52,tomato,sandy Loamy soil
26887,0.8110716651870262,-1.0687588504872214,0.9207565056983947,1.114202454544477,0.5790459587834081,0.3959107076711696,-0.4191672506299437,-0.802744374067175,0.2805668872750406,1.871984662960783,-0.23233111335233592,1.3478266719581309,52,tomato,sandy Loamy soil
26909,0.8110716651870262,-1.0687588504872214,-0.6043429600973992,1.114202454544477,0.5790459587834081,-0.07271526227494374,0.7921415672353811,-0.7435272633055144,0.4403568367362322,1.9045131015410472,0.776700270556191,1.4571524290427063,52,tomato,sandy Loamy soil
26967,0.8110716651870262,-1.0687588504872214,0.9207565056983947,1.114202454544477,0.4251700192479687,-0.20120947984081342,-0.8456844400191428,-0.5782245228381303,0.522411135108195,1.2184587605754715,1.5874249084942564,0.9214562193282875,52,tomato,sandy Loamy soil
26973,0.8110716651870262,-1.0687588504872214,-0.09597647149880119,1.114202454544477,-0.19033373889379193,0.4922813708455718,0.7580201920842453,-0.2967327593597153,0.16828205792393272,1.2007159758953274,1.1558161084408975,1.850725154547178,52,tomato,sandy Loamy soil
26983,0.8110716651870262,-1.0687588504872214,-0.09597647149880119,1.114202454544477,0.5790459587834081,-0.09161147074051282,0.6385953790552698,-0.4005731905531485,0.267610945426836,1.1859303219952073,1.6165876652546183,1.165617076817172,52,tomato,sandy Loamy soil
27012,-1.100063855269374,-1.0687588504872214,0.9207565056983947,-0.8975029591088394,-0.9597134365709921,-0.09916995412674055,-0.40210656305437614,-1.2596422713182809,0.3928517166261479,0.6092898198905206,-0.44230296202694275,1.2785870258045668,31,onion,Loamy soil
27123,-1.100063855269374,-1.0687588504872214,-0.09597647149880119,1.114202454544477,-0.9597134365709921,0.11435720153419023,-0.3679851879032397,-1.0775005420087185,0.5267297823909303,1.333786860996409,1.1324859030326075,1.7814855083936134,31,onion,Loamy soil
27128,-1.100063855269374,-1.0687588504872214,-0.09597647149880119,-0.8975029591088394,-0.19033373889379193,0.17671468947056812,-0.6068348139611915,-1.172640828967026,0.3712584802124734,0.7985461898120586,1.0216674273432325,2.1131069715501583,31,onion,Loamy soil
27137,-1.100063855269374,-1.0687588504872214,0.9207565056983947,1.114202454544477,-0.8058374970355525,0.20127976047580787,-0.11207487426972029,-1.0278255249242922,0.21578717803401704,1.869027532180759,-0.37231234580207406,1.3624034395694078,31,onion,Loamy soil
27192,-1.100063855269374,-1.0687588504872214,0.9207565056983947,-0.8975029591088394,-0.49808561796467227,0.019876159206344845,-0.5385920636589193,-1.4504841448629688,0.1941939416203425,0.5708471197502079,1.7740665517605727,1.511815307584994,31,onion,Loamy soil
27232,-1.100063855269374,-1.0687588504872214,0.9207565056983947,-0.8975029591088394,-0.6519615575001118,-0.11617654174575257,-0.7603810021413029,-1.27339411220606,0.5008178986945205,1.9991412865018168,0.6192213840502357,1.446219853334249,31,onion,Loamy soil
27233,-1.100063855269374,-1.0687588504872214,-0.09597647149880119,1.114202454544477,-1.1135893761064315,0.17293544777745426,-0.2656210624498323,-1.3014590936096904,0.3669398329297387,1.1918445835552551,1.4941040868610973,1.100021622566427,31,onion,Loamy soil
27282,-1.100063855269374,-1.0687588504872214,0.9207565056983947,-0.8975029591088394,-0.19033373889379193,-0.1369623710578787,-0.1632569369964243,-1.1790957746898612,0.5180924878254604,0.7926319282520105,1.6749131787753424,1.3660476314722267,31,onion,Loamy soil
27283,-1.100063855269374,-1.0687588504872214,-0.09597647149880119,1.114202454544477,-0.19033373889379193,0.0009799507407757676,-0.35092450032767214,-1.2371902861953765,0.5785535497837486,1.076516483134318,1.0974905949201734,1.7377552055597831,31,onion,Loamy soil
27326,-1.100063855269374,-1.0687588504872214,-1.621075937294595,-0.8975029591088394,-1.1135893761064315,-0.14641047529066326,0.024410626334822903,-1.5049302087860121,0.4489941313017015,1.9104273631010957,0.3100961623903981,1.4826617723624407,31,onion,Loamy soil
27332,-1.100063855269374,-1.0687588504872214,0.9207565056983947,-0.8975029591088394,-0.8058374970355525,-0.09161147074051282,-0.35092450032767214,-1.3803216913538925,0.5137738405427251,1.9932270249417683,1.1208208003284634,1.325961520541216,31,onion,Loamy soil
27369,-1.100063855269374,-1.0687588504872214,-0.6043429600973992,1.114202454544477,-0.6519615575001118,0.15025999761877132,-0.40210656305437614,-1.2764812601604592,0.28920418184051055,0.7896747974719865,0.8641885408372771,1.4425756614314298,31,onion,Loamy soil
27426,-1.100063855269374,-1.0687588504872214,-1.621075937294595,-0.8975029591088394,-0.3442096784292314,-0.15396895867689073,-0.3338638127521039,-1.4639553359367117,0.4187636003225577,1.922255886221192,-0.4189727566186532,1.8434367707415396,31,onion,Loamy soil
27427,-1.100063855269374,-1.0687588504872214,0.9207565056983947,1.114202454544477,-0.6519615575001118,0.12758454746008838,-0.3850458754788079,-1.2256836438198877,0.172600705206668,1.6975139469393647,-0.22066601064819133,1.675803943211857,31,onion,Loamy soil
27430,-1.100063855269374,-1.0687588504872214,0.4123900170997968,-0.8975029591088394,-0.8058374970355525,-0.10672843751296802,0.0073499387592553065,-1.1546792408687025,0.48786195684631595,1.9192987554411673,1.8032293085209348,1.6430062160864847,31,onion,Loamy soil
27479,-1.100063855269374,-1.0687588504872214,-0.6043429600973992,1.114202454544477,-0.49808561796467227,0.08979213052895021,-0.6750775642634631,-1.5063334578561938,0.1985125889030772,1.3042155531961688,0.1409521731802983,1.7013132865315914,31,onion,Loamy soil
27499,-1.100063855269374,-1.0687588504872214,-0.6043429600973992,1.114202454544477,-0.8058374970355525,-0.04815019126970399,-0.09501418669415271,-1.1462597464476134,0.479224662280846,1.7063853392794373,0.5142354597129325,2.215144344829096,31,onion,Loamy soil
27578,-1.100063855269374,-1.0687588504872214,-0.09597647149880119,-0.8975029591088394,-0.9597134365709921,0.1823835520102388,-0.2144389997231283,-1.4740587292420184,0.3410279492333289,1.5023433154577788,1.6107551139025456,2.2588746476629256,31,onion,Loamy soil
27594,-1.100063855269374,-1.0687588504872214,-0.6043429600973992,-0.8975029591088394,-0.3442096784292314,0.09168175137550728,-0.1461962494208567,-1.1653439338020821,0.3496652437987988,0.7127893971913618,0.3742542272631947,1.6393620241836653,31,onion,Loamy soil
27597,-1.100063855269374,-1.0687588504872214,0.9207565056983947,1.114202454544477,-0.9597134365709921,0.16159772269811293,-0.0438321239674487,-1.4628327366805662,0.267610945426836,0.8961315055528516,0.6950445516271773,1.5191036913906324,31,onion,Loamy soil
27612,-1.100063855269374,-1.0687588504872214,0.9207565056983947,-0.8975029591088394,-0.6519615575001118,0.17860431031712493,-0.6750775642634631,-1.026702925668147,0.29784147640597985,1.1386162295148226,1.5757598057901114,1.7997064679077093,31,onion,Loamy soil
27632,-1.100063855269374,-1.0687588504872214,0.9207565056983947,-0.8975029591088394,-0.8058374970355525,0.0009799507407757676,-0.5897741263856233,-1.4052995248031235,0.49649925141178586,1.336743991776433,-0.16817304847953973,1.8835228816725502,31,onion,Loamy soil
27635,-1.100063855269374,-1.0687588504872214,0.4123900170997968,1.114202454544477,-0.9597134365709921,-0.07460488312150054,-0.4362279382055119,-0.9885345509592094,0.16828205792393272,1.6235856774387638,0.1934451353489499,1.9308973764091995,31,onion,Loamy soil
27676,-1.100063855269374,-1.0687588504872214,-1.621075937294595,-0.8975029591088394,-1.2674653156418723,0.07089592206338113,-0.5044706885077835,-1.4246643619716288,0.40148901119161784,1.6176714158787162,0.08262665965957418,1.3624034395694078,31,onion,Loamy soil
27677,-1.100063855269374,-1.0687588504872214,0.9207565056983947,1.114202454544477,-1.1135893761064315,-0.1407416127509923,0.0073499387592553065,-1.018283431247058,0.5094551932599904,0.7127893971913618,1.0158348759911595,2.164125658189627,31,onion,Loamy soil
27695,-1.100063855269374,-1.0687588504872214,0.4123900170997968,1.114202454544477,-0.9597134365709921,0.14270151423254385,-0.1461962494208567,-1.2588003218761719,0.3323906546678596,1.8246705704803985,-0.13901029171917767,2.160481466286808,31,onion,Loamy soil
27711,-1.100063855269374,-1.0687588504872214,-1.621075937294595,1.114202454544477,-0.3442096784292314,-0.1407416127509923,-0.7262596269901671,-1.2169834995847624,0.2503363562958962,1.5230432309179474,0.7708677192041185,2.0256463658824986,31,onion,Loamy soil
27715,-1.100063855269374,-1.0687588504872214,0.4123900170997968,1.114202454544477,-1.1135893761064315,-0.10672843751296802,-0.0608928115430169,-1.0048122401733153,0.5353670769563996,0.6773038278310733,0.4675750488963534,1.5591898023216437,31,onion,Loamy soil
27742,-1.100063855269374,-1.0687588504872214,0.9207565056983947,-0.8975029591088394,-0.6519615575001118,0.0009799507407757676,-0.0779534991185845,-1.4420646504418797,0.2503363562958962,1.3219583378763127,0.8291932327248426,1.7997064679077093,31,onion,Loamy soil
27744,-1.100063855269374,-1.0687588504872214,-0.6043429600973992,-0.8975029591088394,-0.6519615575001118,0.19372127708958015,-0.18031762457199252,-1.4067027738733051,0.2805668872750406,1.7034282084994135,1.0624952868077393,0.8850143003000958,31,onion,Loamy soil
27776,-1.100063855269374,-1.0687588504872214,-1.621075937294595,-0.8975029591088394,-1.1135893761064315,-0.08027374566117147,-0.2144389997231283,-1.2983719456552911,0.4403568367362322,0.7541892281116981,1.0858254922160286,2.3026049504967556,31,onion,Loamy soil
27783,-1.100063855269374,-1.0687588504872214,-0.09597647149880119,1.114202454544477,-0.49808561796467227,0.07089592206338113,-0.18031762457199252,-1.0317546223208003,0.5051365459772558,0.7068751356313137,0.1292870704761533,1.4207105100145145,31,onion,Loamy soil
27850,-1.100063855269374,-1.0687588504872214,0.4123900170997968,-0.8975029591088394,-0.9597134365709921,0.09168175137550728,-0.5897741263856233,-1.3842507887504005,0.23738041444769156,1.9340844093412874,-0.19733580523990177,2.160481466286808,31,onion,Loamy soil
27875,-1.100063855269374,-1.0687588504872214,0.4123900170997968,1.114202454544477,-0.49808561796467227,-0.051929432962817865,-0.7433203145657353,-1.0126704349663318,0.21146853075128177,1.8364990936004948,1.4416111246924461,1.4207105100145145,31,onion,Loamy soil
27878,-1.100063855269374,-1.0687588504872214,-0.09597647149880119,-0.8975029591088394,-0.6519615575001118,0.11624682238074703,-0.5727134388100558,-1.1330692051879068,0.22442447259948697,0.6891323509511692,0.2984310596862531,1.6029201051554733,31,onion,Loamy soil
27905,-1.100063855269374,-1.0687588504872214,0.4123900170997968,1.114202454544477,-0.6519615575001118,-0.023585120264464247,-0.1973783121475601,-1.4437485493260975,0.4749060149981113,0.836988889952371,-0.1856707025357568,1.2931637934158433,31,onion,Loamy soil
27928,-1.100063855269374,-1.0687588504872214,-0.09597647149880119,-0.8975029591088394,-0.6519615575001118,0.15025999761877132,-0.2144389997231283,-1.4134383694101766,0.4619500731499067,1.159316144974991,0.15261727588444285,2.000137022562764,31,onion,Loamy soil
27948,-1.100063855269374,-1.0687588504872214,-0.09597647149880119,-0.8975029591088394,-0.49808561796467227,-0.01791625772479331,-0.7433203145657353,-1.114826967275547,0.28488553455777527,1.6975139469393647,0.9516768111183632,1.7960622760048903,31,onion,Loamy soil
27952,-1.100063855269374,-1.0687588504872214,0.9207565056983947,-0.8975029591088394,-0.3442096784292314,0.17104582693089745,-0.6921382518390313,-1.3786377924696744,0.5440043715218695,1.1977588451153032,0.9808395678787253,1.7632645488795176,31,onion,Loamy soil
27953,-1.100063855269374,-1.0687588504872214,-0.09597647149880119,1.114202454544477,-0.49808561796467227,-0.16152744206311845,-0.7433203145657353,-1.1891991679951681,0.4489941313017015,1.2332444144755916,1.0216674273432325,1.2202799553594597,31,onion,Loamy soil
28014,-1.100063855269374,-1.0687588504872214,-0.6043429600973992,-0.8975029591088394,-0.3442096784292314,0.20127976047580787,0.8092022548109493,-1.0870426356859528,0.3539838910815341,1.9281701477812399,1.2666345841302737,2.0074254063684025,15,chillies,Loamy soil
28034,-1.100063855269374,-1.0687588504872214,-0.6043429600973992,-0.8975029591088394,0.11741814017708838,0.20127976047580787,-0.09501418669415271,-1.0870426356859528,0.2460177090131615,1.3692724303566972,1.6224202166066906,0.8813701083972763,15,chillies,Loamy soil
28075,-1.195620631292194,-1.0687588504872214,0.4123900170997968,1.114202454544477,-0.3442096784292314,0.20127976047580787,0.7580201920842453,-1.0870426356859528,0.18987529433760725,1.3101298147562164,0.5375656651212221,1.6830923270174956,15,chillies,Laterite soil
28079,-1.195620631292194,-1.0687588504872214,-0.6043429600973992,1.114202454544477,-0.036457799358352465,0.20127976047580787,0.7580201920842453,-1.0870426356859528,0.28920418184051055,1.2036731066753514,1.1033231462722457,1.9308973764091995,15,chillies,Laterite soil
28191,-1.195620631292194,-1.0687588504872214,-1.621075937294595,1.114202454544477,-0.19033373889379193,0.20127976047580787,0.6727167542064055,-1.0870426356859528,0.3453465965160642,1.2243730221355196,1.1849788652012596,2.080309244424786,15,chillies,Laterite soil
28194,-1.100063855269374,-1.0687588504872214,-0.6043429600973992,-0.8975029591088394,-0.036457799358352465,0.20127976047580787,0.7580201920842453,-1.0870426356859528,0.574234902501014,1.333786860996409,0.024301146138850073,1.9746276792430297,15,chillies,Loamy soil
28206,-1.100063855269374,-1.0687588504872214,-1.621075937294595,-0.8975029591088394,-0.3442096784292314,0.20127976047580787,0.7580201920842453,-1.0870426356859528,0.172600705206668,1.0676450907942459,1.8440571679854418,2.2953165666911173,15,chillies,Loamy soil
28221,-1.195620631292194,-1.0687588504872214,-1.621075937294595,1.114202454544477,-0.6519615575001118,0.20127976047580787,0.7750808796598135,-1.0870426356859528,0.38853306934341325,1.3071726839761926,1.371620508467577,1.5336804590019093,15,chillies,Laterite soil
28226,-1.100063855269374,-1.0687588504872214,-1.621075937294595,-0.8975029591088394,-0.036457799358352465,0.20127976047580787,0.09265337663709511,-1.0870426356859528,0.16828205792393272,1.8364990936004948,-0.43647041067487025,0.9360329869395639,15,chillies,Loamy soil
28231,-1.195620631292194,-1.0687588504872214,-1.621075937294595,1.114202454544477,-0.9597134365709921,0.20127976047580787,0.1438354393637991,-1.0870426356859528,0.1941939416203425,1.446157830637322,0.6133888326981636,1.6794481351146764,15,chillies,Laterite soil
28247,-1.195620631292194,-1.0687588504872214,0.9207565056983947,1.114202454544477,-0.6519615575001118,0.20127976047580787,0.5191705660262941,-1.0870426356859528,0.20283123618581245,1.8276277012604225,1.8440571679854418,1.1583286930115342,15,chillies,Laterite soil
28283,-1.195620631292194,-1.0687588504872214,-0.09597647149880119,1.114202454544477,-0.49808561796467227,0.20127976047580787,0.16089612693936672,-1.0870426356859528,0.23738041444769156,1.6176714158787162,1.2258067246657667,1.5409688428075479,15,chillies,Laterite soil
28323,-1.195620631292194,-1.0687588504872214,-0.09597647149880119,1.114202454544477,0.27129407971252784,0.20127976047580787,0.46798850329959013,-1.0870426356859528,0.5915094916319539,0.8961315055528516,0.5317331137691496,1.916320608797923,15,chillies,Laterite soil
28348,-1.100063855269374,-1.0687588504872214,-0.09597647149880119,-0.8975029591088394,-0.6519615575001118,0.20127976047580787,0.7750808796598135,-1.0870426356859528,0.40580765847435246,1.8453704859405664,1.0508301841035943,1.3514708638609505,15,chillies,Loamy soil
28374,-1.100063855269374,-1.0687588504872214,-0.6043429600973992,-0.8975029591088394,-0.6519615575001118,0.20127976047580787,0.024410626334822903,-1.0870426356859528,0.2805668872750406,1.8867703168609031,0.6133888326981636,1.3624034395694078,15,chillies,Loamy soil
28377,-1.195620631292194,-1.0687588504872214,0.9207565056983947,1.114202454544477,-0.8058374970355525,0.20127976047580787,0.7409595045086778,-1.0870426356859528,0.22442447259948697,1.7241281239595811,1.7099084868877765,1.096377430663608,15,chillies,Laterite soil
28409,-1.195620631292194,-1.0687588504872214,-0.6043429600973992,1.114202454544477,-0.49808561796467227,0.20127976047580787,-0.026771436391880492,-1.0870426356859528,0.2589736508613661,0.9109171594529718,-0.10401498360674312,2.0766650525219665,15,chillies,Laterite soil
28413,-1.195620631292194,-1.0687588504872214,-0.09597647149880119,1.114202454544477,-0.19033373889379193,0.20127976047580787,0.041471313910391105,-1.0870426356859528,0.24169906173042624,1.5821858465184282,-0.02235926467772946,2.0875976282304247,15,chillies,Laterite soil
28492,-1.100063855269374,-1.0687588504872214,0.9207565056983947,-0.8975029591088394,-0.3442096784292314,0.20127976047580787,0.22913887724163892,-1.0870426356859528,0.4749060149981113,1.0706022215742699,1.4066158165800111,2.1313279310642543,15,chillies,Loamy soil
28495,-1.195620631292194,-1.0687588504872214,0.4123900170997968,1.114202454544477,-0.036457799358352465,0.20127976047580787,-0.0608928115430169,-1.0870426356859528,0.5180924878254604,0.899088636332876,1.0916580435681014,1.591987529447016,15,chillies,Laterite soil
28500,-1.100063855269374,-1.0687588504872214,0.4123900170997968,-0.8975029591088394,-0.9597134365709921,0.20127976047580787,0.12677475178823092,-1.0870426356859528,0.3323906546678596,0.8606459361925636,-0.3489821403937841,1.096377430663608,15,chillies,Loamy soil
28514,-1.100063855269374,-1.0687588504872214,-0.6043429600973992,-0.8975029591088394,-0.8058374970355525,0.20127976047580787,0.1438354393637991,-1.0870426356859528,0.22874311988222162,0.5708471197502079,0.5550633191774396,1.0307819764128627,15,chillies,Loamy soil
28614,-1.100063855269374,-1.0687588504872214,-0.6043429600973992,-0.8975029591088394,-0.19033373889379193,0.20127976047580787,0.05853200148595931,-1.0870426356859528,0.38853306934341325,0.8606459361925636,1.6515829733670526,2.164125658189627,15,chillies,Loamy soil
28638,-1.100063855269374,-1.0687588504872214,-0.09597647149880119,-0.8975029591088394,0.27129407971252784,0.20127976047580787,0.26326025239277473,-1.0870426356859528,0.3064787709714498,1.103130660154534,0.6075562813460911,1.7195342460456873,15,chillies,Loamy soil
28662,-1.100063855269374,-1.0687588504872214,0.9207565056983947,-0.8975029591088394,0.11741814017708838,0.20127976047580787,0.48504919087515835,-1.0870426356859528,0.21578717803401704,1.1356590987347988,0.3450914705028327,1.7304668217541446,15,chillies,Loamy soil
28679,-1.195620631292194,-1.0687588504872214,-0.6043429600973992,1.114202454544477,0.11741814017708838,0.20127976047580787,-0.026771436391880492,-1.0870426356859528,0.47058736771537607,1.9015559707610232,1.7915642058167907,1.6029201051554733,15,chillies,Laterite soil
28751,-1.195620631292194,-1.0687588504872214,-1.621075937294595,1.114202454544477,-0.49808561796467227,0.20127976047580787,0.6385953790552698,-1.0870426356859528,0.17691935248940266,1.2746442453959284,1.5407644976776764,1.3696918233750464,15,chillies,Laterite soil
28790,-1.100063855269374,-1.0687588504872214,0.4123900170997968,-0.8975029591088394,0.11741814017708838,0.20127976047580787,0.502109878450726,-1.0870426356859528,0.1941939416203425,0.6625181739309531,-0.03402436738187403,2.1932791934121805,15,chillies,Loamy soil
28826,-1.100063855269374,-1.0687588504872214,-1.621075937294595,-0.8975029591088394,-0.19033373889379193,0.20127976047580787,0.877445005113221,-1.0870426356859528,0.4533127785844368,1.798056393460182,0.4675750488963534,1.8798786897697313,15,chillies,Loamy soil
28880,-1.100063855269374,-1.0687588504872214,0.4123900170997968,-0.8975029591088394,-0.6519615575001118,0.20127976047580787,0.8945056926887891,-1.0870426356859528,0.4533127785844368,0.9345742056931644,0.263435751573819,1.7851297002964324,15,chillies,Loamy soil
28885,-1.195620631292194,-1.0687588504872214,0.4123900170997968,1.114202454544477,-0.6519615575001118,0.20127976047580787,-0.026771436391880492,-1.0870426356859528,0.48786195684631595,1.783270739560062,0.5725609732336566,1.096377430663608,15,chillies,Laterite soil
28890,-1.100063855269374,-1.0687588504872214,0.4123900170997968,-0.8975029591088394,-0.036457799358352465,0.20127976047580787,-0.1973783121475601,-1.0870426356859528,0.20283123618581245,1.2066302374553752,0.29259850833418105,1.5992759132526544,15,chillies,Loamy soil
28892,-1.100063855269374,-1.0687588504872214,0.9207565056983947,-0.8975029591088394,0.27129407971252784,0.20127976047580787,-0.0608928115430169,-1.0870426356859528,0.17691935248940266,0.7748891435718663,1.2433043787219837,2.222432728634734,15,chillies,Loamy soil
28905,-1.195620631292194,-1.0687588504872214,0.4123900170997968,1.114202454544477,-0.19033373889379193,0.20127976047580787,0.604474003904134,-1.0870426356859528,0.5483230188046049,1.4786862692175868,1.4474436760445182,1.7814855083936134,15,chillies,Laterite soil
28936,-1.100063855269374,-1.0687588504872214,-1.621075937294595,-0.8975029591088394,0.11741814017708838,0.20127976047580787,0.05853200148595931,-1.0870426356859528,0.574234902501014,1.3958866073769136,1.4241134706362282,2.083953436327605,15,chillies,Loamy soil
28941,-1.195620631292194,-1.0687588504872214,-1.621075937294595,1.114202454544477,0.11741814017708838,0.20127976047580787,0.1097140642126627,-1.0870426356859528,0.32375336010238964,1.0085024751937652,-0.22649856200026383,1.8106390436161668,15,chillies,Laterite soil
28947,-1.195620631292194,-1.0687588504872214,0.9207565056983947,1.114202454544477,-0.036457799358352465,0.20127976047580787,0.31444231511947873,-1.0870426356859528,0.21146853075128177,1.327872599436361,-0.3548146917458566,1.2968079853186627,15,chillies,Laterite soil
28983,-1.195620631292194,-1.0687588504872214,-0.09597647149880119,1.114202454544477,0.11741814017708838,0.20127976047580787,0.8262629423865175,-1.0870426356859528,0.3410279492333289,1.5407860155980915,0.006803492082632595,1.9308973764091995,15,chillies,Laterite soil
28987,-1.195620631292194,-1.0687588504872214,0.9207565056983947,1.114202454544477,-0.9597134365709921,0.20127976047580787,0.8092022548109493,-1.0870426356859528,0.4662687204326414,0.7512320973316742,-0.2439962160564809,0.9323887950367449,15,chillies,Laterite soil
28995,-1.195620631292194,-1.0687588504872214,0.4123900170997968,1.114202454544477,-0.036457799358352465,0.20127976047580787,0.3997457529973185,-1.0870426356859528,0.33670930195059423,1.25394432993576,1.5815923571421835,1.1692612687199915,15,chillies,Laterite soil
29068,0.8110716651870262,-1.0687588504872214,-0.09597647149880119,-0.8975029591088394,-0.49808561796467227,0.543301133702608,-2.005811195157764,-1.1774118758056433,1.0579233981673235,1.0706022215742699,1.1499835570888255,2.120395355355797,0,Cabbage,sandy Loamy soil
29086,0.8110716651870262,-1.0687588504872214,-1.621075937294595,-0.8975029591088394,-0.8058374970355525,0.42047577867640906,-1.9887505075821963,-1.3303660244554298,0.9456385688162156,1.5940143696385236,1.4941040868610973,1.7924180841020707,0,Cabbage,sandy Loamy soil
29117,0.8110716651870262,-1.0687588504872214,0.9207565056983947,-0.8975029591088394,-0.9597134365709921,0.8683159193103965,-0.8456844400191428,-1.3755506445152752,0.9499572160989509,0.7512320973316742,1.3249600976509979,1.2530776824848324,0,Cabbage,sandy Loamy soil
29173,0.8110716651870262,-1.0687588504872214,-0.09597647149880119,-0.8975029591088394,-0.3442096784292314,-0.475204502591565,-0.9992306281992548,-1.3191400318939777,1.1054285182774073,1.5614859310582594,2.7364375248525206,1.2931637934158433,0,Cabbage,sandy Loamy soil
29184,0.8110716651870262,-1.0687588504872214,-0.6043429600973992,-0.8975029591088394,-0.6519615575001118,1.3350522684099524,-1.2039588791060702,-1.3354177211080835,0.880858859575192,1.5407860155980915,2.3164938275033076,1.1583286930115342,0,Cabbage,sandy Loamy soil
29186,0.8110716651870262,-1.0687588504872214,-1.621075937294595,-0.8975029591088394,-0.49808561796467227,1.0232648287280628,-0.8286237524435751,-1.383408839308292,0.9931436889262999,1.3190012070962889,2.940576822175055,2.182346617703723,0,Cabbage,sandy Loamy soil
29194,0.8110716651870262,-1.0687588504872214,-0.6043429600973992,-0.8975029591088394,-0.6519615575001118,1.3180456807909402,-0.8798058151702786,-1.3177367828237962,0.8506283285960482,1.8424133551605426,2.3514891356157417,1.493594348070898,0,Cabbage,sandy Loamy soil
29203,0.8110716651870262,-1.0687588504872214,-0.09597647149880119,-0.8975029591088394,-0.49808561796467227,1.2783636430132452,-0.2656210624498323,-1.1819022728302242,0.8506283285960482,1.5644430618382832,1.0041697732870152,1.934541568312019,0,Cabbage,sandy Loamy soil
29250,0.8110716651870262,-1.0687588504872214,0.4123900170997968,-0.8975029591088394,-0.3442096784292314,-0.04437094957659012,0.22913887724163892,-1.3014590936096904,1.1702082275184307,1.6176714158787162,1.6924108328315595,1.6211410646695694,0,Cabbage,sandy Loamy soil
29280,0.8110716651870262,-1.0687588504872214,0.4123900170997968,-0.8975029591088394,-0.49808561796467227,0.5981001382527584,-2.517631822424803,-1.4165255173645759,0.8592656231615174,1.4934719231177072,2.97557213028749,0.9979842492874901,0,Cabbage,sandy Loamy soil
29301,0.8110716651870262,-1.0687588504872214,-1.621075937294595,-0.8975029591088394,-0.3442096784292314,0.6944708014271607,-1.8863863821287885,-1.2349450876830859,0.8679029177269875,1.585142977298452,1.6924108328315595,1.5446130347103668,0,Cabbage,sandy Loamy soil
29328,0.8110716651870262,-1.0687588504872214,-0.09597647149880119,-0.8975029591088394,-0.8058374970355525,0.41102767444362454,0.09265337663709511,-1.3289627753852484,1.1788455220839007,0.8636030669725874,1.5757598057901114,1.8106390436161668,0,Cabbage,sandy Loamy soil
29335,0.8110716651870262,-1.0687588504872214,0.4123900170997968,-0.8975029591088394,-0.3442096784292314,-0.16152744206311845,-1.5622333181929973,-1.2630100690867165,0.932682626968011,1.783270739560062,1.0158348759911595,1.1328193496917998,0,Cabbage,sandy Loamy soil
29336,0.8110716651870262,-1.0687588504872214,-1.621075937294595,-0.8975029591088394,-0.3442096784292314,1.1253043544421357,-0.8286237524435751,-1.2809716571850402,1.019055572622709,1.9666128479215526,2.3048287247991626,1.1546845011087146,0,Cabbage,sandy Loamy soil
29410,0.8110716651870262,-1.0687588504872214,0.4123900170997968,-0.8975029591088394,-0.19033373889379193,0.8720951610035101,-0.6068348139611915,-1.1120204691351838,0.9413199215334809,0.8192461052722269,2.1648474923494243,2.1568372743839888,0,Cabbage,sandy Loamy soil
29441,0.8110716651870262,-1.0687588504872214,-1.621075937294595,-0.8975029591088394,-0.9597134365709921,0.2163967272482631,0.26326025239277473,-1.1389628512826693,0.9456385688162156,1.1770589296551348,0.7242073083875393,1.6029201051554733,0,Cabbage,sandy Loamy soil
29457,0.8110716651870262,-1.0687588504872214,0.9207565056983947,-0.8975029591088394,-0.19033373889379193,-0.4789837442846789,-0.23149968729869652,-1.1709569300828082,1.1961201112148405,0.7601034896717462,2.398149546432321,2.01835798207686,0,Cabbage,sandy Loamy soil
29511,0.8110716651870262,-1.0687588504872214,-1.621075937294595,-0.8975029591088394,-0.6519615575001118,-0.5016591944433618,-2.159357383337876,-1.260764870574426,1.0967912237119373,1.3308297302163847,1.8148944112250798,1.938185760214838,0,Cabbage,sandy Loamy soil
29527,0.8110716651870262,-1.0687588504872214,0.9207565056983947,-0.8975029591088394,-0.19033373889379193,1.2141165342303102,-0.1291355618452885,-1.1779731754337157,1.209076053063045,1.531914623258019,1.319127546298925,2.047511517299413,0,Cabbage,sandy Loamy soil
29572,0.8110716651870262,-1.0687588504872214,0.9207565056983947,-0.8975029591088394,-0.9597134365709921,0.5924312757130875,-1.7499008815242447,-1.2649746177849706,0.9801877470780953,0.9020457671128997,2.2814985193908726,1.6794481351146764,0,Cabbage,sandy Loamy soil
29579,0.8110716651870262,-1.0687588504872214,-0.6043429600973992,-0.8975029591088394,-0.3442096784292314,-0.051929432962817865,-1.8863863821287885,-1.1616954862196103,0.8851775068579273,0.9730169058334768,1.394950713875866,2.3026049504967556,0,Cabbage,sandy Loamy soil
29582,0.8110716651870262,-1.0687588504872214,0.9207565056983947,-0.8975029591088394,-0.9597134365709921,-0.040591707883476255,-2.142296695762308,-1.1420499992370687,0.880858859575192,0.8961315055528516,2.923079168118838,1.143751925400257,0,Cabbage,sandy Loamy soil
29629,0.8110716651870262,-1.0687588504872214,-0.6043429600973992,-0.8975029591088394,-0.9597134365709921,1.3104871974047125,-2.756481448482755,-1.2515034267112282,1.044967456319119,1.7921421319001343,1.0916580435681014,1.6976690946287725,0,Cabbage,sandy Loamy soil
29649,0.8110716651870262,-1.0687588504872214,-0.6043429600973992,-0.8975029591088394,-0.8058374970355525,0.6037690007924295,-0.009710748816312897,-1.2315772899146502,1.0320115144709137,1.2805585069559762,1.4766064328048802,1.770552932685156,0,Cabbage,sandy Loamy soil
29717,0.8110716651870262,-1.0687588504872214,0.9207565056983947,-0.8975029591088394,-0.6519615575001118,-0.10294919581985415,-0.5556527512344875,-1.3486082623677897,1.1918014639321053,1.9488700632414078,2.1881776977577143,2.0074254063684025,0,Cabbage,sandy Loamy soil
29736,0.8110716651870262,-1.0687588504872214,-1.621075937294595,-0.8975029591088394,-0.49808561796467227,0.9609073407916845,-3.012391762116274,-1.2885492021640204,0.932682626968011,1.854241878280639,2.7714328329649556,1.3368940962496736,0,Cabbage,sandy Loamy soil
29740,0.8110716651870262,-1.0687588504872214,0.4123900170997968,-0.8975029591088394,-0.6519615575001118,1.2953702306322574,-1.8693256945532204,-1.321104580592232,1.2349879367594543,0.9759740366135006,1.972373297731035,1.9782718711458491,0,Cabbage,sandy Loamy soil
29761,0.8110716651870262,-1.0687588504872214,-1.621075937294595,-0.8975029591088394,-0.6519615575001118,-0.34859990587225215,-1.8522650069776525,-1.19284761557764,1.010418278057239,1.6679426391391243,2.427312303192683,1.9236089926035616,0,Cabbage,sandy Loamy soil
29774,0.8110716651870262,-1.0687588504872214,-0.6043429600973992,-0.8975029591088394,-0.49808561796467227,-0.00468891179889517,-2.841784886360595,-1.2315772899146502,0.9154080378370717,1.9163416246611436,1.0858254922160286,1.6138526808639313,0,Cabbage,sandy Loamy soil
29811,0.8110716651870262,-1.0687588504872214,-1.621075937294595,-0.8975029591088394,-0.8058374970355525,-0.5129969195227032,0.1438354393637991,-1.3522567099502618,1.2220319949112497,1.783270739560062,1.5524296003818214,1.2275683391650982,0,Cabbage,sandy Loamy soil
29841,0.8110716651870262,-1.0687588504872214,-1.621075937294595,-0.8975029591088394,-0.3442096784292314,0.6113274841786566,-1.5451726306174294,-1.419332015504939,0.8981334487061319,1.4727720076575384,0.8700210921893496,1.2858754096102054,0,Cabbage,sandy Loamy soil
29876,0.8110716651870262,-1.0687588504872214,-1.621075937294595,-0.8975029591088394,-0.6519615575001118,1.2178957759234244,-0.8627451275947109,-1.3261562772448854,1.070879340015528,0.9937168212936451,1.4474436760445182,1.344182480055312,0,Cabbage,sandy Loamy soil
29885,0.8110716651870262,-1.0687588504872214,0.4123900170997968,-0.8975029591088394,-0.49808561796467227,1.1857722215319566,-0.2656210624498323,-1.2638520185288256,0.8290350921823736,1.4195436536171062,2.561460984290348,1.832504195033082,0,Cabbage,sandy Loamy soil
29901,0.8110716651870262,-1.0687588504872214,-1.621075937294595,-0.8975029591088394,-0.8058374970355525,-0.0009096701057813012,-2.2617215087912834,-1.3814442906100375,0.8679029177269875,0.899088636332876,2.059861568012121,1.5992759132526544,0,Cabbage,sandy Loamy soil
29905,0.8110716651870262,-1.0687588504872214,0.4123900170997968,-0.8975029591088394,-0.49808561796467227,1.0969600417437821,-0.026771436391880492,-1.3298047248273575,1.131340401973817,1.0469451753340777,2.8414234491898247,2.211500152926276,0,Cabbage,sandy Loamy soil
29918,0.8110716651870262,-1.0687588504872214,-0.09597647149880119,-0.8975029591088394,-0.8058374970355525,0.046330851058141394,-0.35092450032767214,-1.2548712244796638,1.2220319949112497,1.2776013761759522,0.9458442597662912,1.8871670735753698,0,Cabbage,sandy Loamy soil
29925,0.8110716651870262,-1.0687588504872214,0.4123900170997968,-0.8975029591088394,-0.49808561796467227,0.1842731728567956,0.33150300269504634,-1.124088411138745,1.1486149911047563,1.0706022215742699,2.6314516005152173,1.9053880330894657,0,Cabbage,sandy Loamy soil
29945,0.8110716651870262,-1.0687588504872214,0.4123900170997968,-0.8975029591088394,-0.8058374970355525,0.03688274682535685,-0.8456844400191428,-1.291916999932456,1.2306692894767197,1.9813985018216727,1.342457751707215,2.2479420719544683,0,Cabbage,sandy Loamy soil
29975,0.8110716651870262,-1.0687588504872214,0.4123900170997968,-0.8975029591088394,-0.6519615575001118,-0.5129969195227032,-2.568813885151507,-1.288268552349984,0.9801877470780953,1.9547843248014563,2.888083860006404,1.83979257883872,0,Cabbage,sandy Loamy soil
29981,0.8110716651870262,-1.0687588504872214,-1.621075937294595,-0.8975029591088394,-0.49808561796467227,-0.35615838925847987,-0.2826817500253999,-1.2189480482830166,1.027692867188179,1.1238305756147025,2.549795881586204,1.53003626709909,0,Cabbage,sandy Loamy soil
30022,-1.100063855269374,-1.0687588504872214,0.9207565056983947,-0.8975029591088394,-0.9597134365709921,-0.9683955435429179,0.05853200148595931,1.084344975512946,1.1831641693666353,1.4727720076575384,0.7825328219082635,1.180193844428449,6,bhendi,Loamy soil
30033,-1.195620631292194,-1.0687588504872214,-0.09597647149880119,1.114202454544477,-0.6519615575001118,-0.9287135057652228,0.26326025239277473,2.6186575088494304,1.2004387584975753,1.4402435690772741,1.4299460219883011,2.1313279310642543,6,bhendi,Laterite soil
30040,-1.100063855269374,-1.0687588504872214,0.4123900170997968,-0.8975029591088394,-0.8058374970355525,-0.90603805560654,-0.009710748816312897,1.5603270601185204,1.1874828166493707,0.7867176666919626,2.8297583464856797,1.8179274274218051,6,bhendi,Loamy soil
30077,-1.195620631292194,-1.0687588504872214,0.9207565056983947,1.114202454544477,-0.3442096784292314,-1.0250841689396253,0.31444231511947873,1.4576092281812327,1.1227031074083471,1.5407860155980915,2.853088551893969,1.446219853334249,6,bhendi,Laterite soil
30097,-1.195620631292194,-1.0687588504872214,0.9207565056983947,1.114202454544477,-0.036457799358352465,-0.9646163018498042,0.31444231511947873,2.1350978792648747,1.1399776965392863,1.0321595214339574,1.5757598057901114,1.3150289448327586,6,bhendi,Laterite soil
30098,-1.100063855269374,-1.0687588504872214,-0.09597647149880119,-0.8975029591088394,-0.3442096784292314,-0.8947003305271986,0.3485636902706145,2.1676532576930865,1.209076053063045,0.56493285819016,1.359955405763432,2.2916723747882983,6,bhendi,Loamy soil
30131,-1.195620631292194,-1.0687588504872214,-1.621075937294595,1.114202454544477,-0.19033373889379193,-1.0250841689396253,0.16089612693936672,1.6018632325958937,1.070879340015528,1.907470232321072,1.7973967571688627,0.9578981383564793,6,bhendi,Laterite soil
30176,-1.100063855269374,-1.0687588504872214,-1.621075937294595,-0.8975029591088394,0.11741814017708838,-0.9306031266117798,0.07559268906152691,3.591389764299266,1.2047574057803099,1.854241878280639,2.386484443728176,1.526392075196271,6,bhendi,Loamy soil
30220,-1.100063855269374,-1.0687588504872214,0.4123900170997968,-0.8975029591088394,-0.19033373889379193,-0.9532785767704628,0.024410626334822903,2.994447609844044,1.1011098709946725,0.6506896508108568,1.1499835570888255,2.0948860120360626,6,bhendi,Loamy soil
30221,-1.195620631292194,-1.0687588504872214,-1.621075937294595,1.114202454544477,-0.6519615575001118,-0.887141847140971,-0.1291355618452885,2.9891152633773537,1.2047574057803099,1.6768140314791968,1.0391650813994495,2.229721112440372,6,bhendi,Laterite soil
30227,-1.195620631292194,-1.0687588504872214,0.9207565056983947,1.114202454544477,-0.8058374970355525,-0.9117069181462107,0.2461995648172065,1.782601712835275,1.2047574057803099,0.9050028978929241,2.392316995080249,2.2515862638572877,6,bhendi,Laterite soil
30260,-1.100063855269374,-1.0687588504872214,0.4123900170997968,-0.8975029591088394,-0.8058374970355525,-0.8814729846013002,0.2461995648172065,3.5591150356850907,1.131340401973817,0.6595610431509289,2.8122606924294624,1.6284294484752078,6,bhendi,Loamy soil
30293,-1.195620631292194,-1.0687588504872214,-0.09597647149880119,1.114202454544477,-0.8058374970355525,-0.8701352595219588,0.22913887724163892,0.9356005740737039,1.0665606927327933,1.443200699857298,1.0683278381598114,2.2260769205375532,6,bhendi,Laterite soil
30299,-1.195620631292194,-1.0687588504872214,-0.6043429600973992,1.114202454544477,-0.9597134365709921,-0.9003691930668692,-0.009710748816312897,1.592040489104623,1.062242045450058,1.6708997699191492,2.048196465307976,1.7304668217541446,6,bhendi,Laterite soil
30318,-1.100063855269374,-1.0687588504872214,-0.09597647149880119,-0.8975029591088394,-0.036457799358352465,-0.9192654015324383,0.31444231511947873,1.0296182617758662,1.1183844601256119,1.8660704014007352,1.5116017409173144,1.3332499043468546,6,bhendi,Loamy soil
30381,-1.195620631292194,-1.0687588504872214,-1.621075937294595,1.114202454544477,-0.036457799358352465,-0.9098172972996538,0.09265337663709511,1.889809941797144,1.0320115144709137,0.9493598595932846,1.6632480760711974,1.508171115682175,6,bhendi,Laterite soil
30405,-1.195620631292194,-1.0687588504872214,0.4123900170997968,1.114202454544477,-0.49808561796467227,-0.9457200933842351,0.16089612693936672,1.1087615093341048,1.0751979872982627,2.0227983327420085,2.8239257951336065,1.2567218743876516,6,bhendi,Laterite soil
30411,-1.195620631292194,-1.0687588504872214,-1.621075937294595,1.114202454544477,-0.6519615575001118,-1.0269737897861821,-0.0438321239674487,2.6526161363478233,1.2263506421939845,0.7216607895314339,1.2316392760178387,1.2348567229707366,6,bhendi,Laterite soil
30415,-1.195620631292194,-1.0687588504872214,0.4123900170997968,1.114202454544477,0.11741814017708838,-0.9816228894688164,0.3656243778461821,3.453871355421476,1.1011098709946725,1.1327019679547743,1.5699272544380385,1.675803943211857,6,bhendi,Laterite soil
30419,-1.195620631292194,-1.0687588504872214,-0.6043429600973992,1.114202454544477,-0.6519615575001118,-0.9287135057652228,-0.11207487426972029,2.446899822659211,1.0320115144709137,1.4372864382972503,2.2698334166867276,1.6575829836977611,6,bhendi,Laterite soil
30435,-1.195620631292194,-1.0687588504872214,0.4123900170997968,1.114202454544477,-0.49808561796467227,-0.9551681976170197,0.26326025239277473,2.6514935370916777,1.1486149911047563,1.0972163985944863,1.1324859030326075,1.260366066290471,6,bhendi,Laterite soil
30448,-1.100063855269374,-1.0687588504872214,-0.09597647149880119,-0.8975029591088394,-0.8058374970355525,-1.0005190979343854,0.1438354393637991,2.876013388320722,1.0406488090363837,0.6920894817311934,2.0365313626038315,1.7669087407823365,6,bhendi,Loamy soil
30465,-1.195620631292194,-1.0687588504872214,0.4123900170997968,1.114202454544477,-0.3442096784292314,-1.0118568230137268,0.31444231511947873,2.9829409674685556,1.0924725764292025,1.2273301529155436,1.873219924745804,1.6502945998921232,6,bhendi,Laterite soil
30467,-1.195620631292194,-1.0687588504872214,0.9207565056983947,1.114202454544477,0.11741814017708838,-0.843680567670162,0.17795681451493492,1.7901792578142552,1.0838352818637327,0.6122469506705445,1.1441510057367525,1.0125610168987669,6,bhendi,Laterite soil
30484,-1.100063855269374,-1.0687588504872214,-0.6043429600973992,-0.8975029591088394,-0.036457799358352465,-0.8682456386754019,-0.0779534991185845,3.0039897035212784,1.1874828166493707,2.0257554635220334,1.884885027449949,1.2239241472622793,6,bhendi,Loamy soil
30612,-1.100063855269374,-1.0687588504872214,0.9207565056983947,-0.8975029591088394,-0.19033373889379193,-0.9362719891514506,0.1950175020905025,3.355082620880697,1.1831641693666353,1.7270852547396052,0.7183747570354668,1.5992759132526544,6,bhendi,Loamy soil
30639,-1.195620631292194,-1.0687588504872214,-0.6043429600973992,1.114202454544477,-0.036457799358352465,-1.00996720216717,0.17795681451493492,1.6801645307120232,1.079516634580998,1.4313721767372016,1.7157410382398488,1.511815307584994,6,bhendi,Laterite soil
30699,-1.195620631292194,-1.0687588504872214,-0.6043429600973992,1.114202454544477,0.11741814017708838,-0.9494993350773488,-0.1291355618452885,1.5128972415463853,1.0665606927327933,0.825160366832275,1.902382681506166,1.1218867739833422,6,bhendi,Laterite soil
30703,-1.195620631292194,-1.0687588504872214,-0.09597647149880119,1.114202454544477,-0.6519615575001118,-0.8455701885167191,0.26326025239277473,1.964182142516765,1.1183844601256119,1.694556816159341,2.526465676177914,1.872590305964093,6,bhendi,Laterite soil
30706,-1.100063855269374,-1.0687588504872214,-1.621075937294595,-0.8975029591088394,-0.6519615575001118,-0.9494993350773488,-0.1291355618452885,1.7444333381263375,1.1745268748011661,0.913874290232996,1.7157410382398488,1.5628339942244627,6,bhendi,Loamy soil
30711,-1.195620631292194,-1.0687588504872214,-1.621075937294595,1.114202454544477,-0.19033373889379193,-0.90603805560654,0.09265337663709511,2.5165009765402147,1.0665606927327933,0.5619757274101358,2.514800573473769,2.1276837391614354,6,bhendi,Laterite soil
30748,-1.100063855269374,-1.0687588504872214,-0.09597647149880119,-0.8975029591088394,0.27129407971252784,-1.0042983396274991,0.1438354393637991,3.2102673168379634,1.165889580235696,1.7004710777193894,2.34565658426367,2.0620882849106903,6,bhendi,Loamy soil
30793,-1.195620631292194,-1.0687588504872214,-0.09597647149880119,1.114202454544477,-0.6519615575001118,-0.9041484347599831,0.31444231511947873,3.6531327233872535,1.1831641693666353,1.9399986709013362,0.7708677192041185,1.8179274274218051,6,bhendi,Laterite soil
30802,-1.100063855269374,-1.0687588504872214,0.9207565056983947,-0.8975029591088394,-0.6519615575001118,-0.8399013259770481,0.2973816275439105,2.750562921446494,1.079516634580998,0.8931743747728278,2.473972714009262,1.606564297058293,6,bhendi,Loamy soil
30808,-1.100063855269374,-1.0687588504872214,-0.09597647149880119,-0.8975029591088394,-0.49808561796467227,-0.9589474393101334,-0.026771436391880492,2.9913604618896446,1.2220319949112497,2.0257554635220334,1.319127546298925,1.9964928306599452,6,bhendi,Loamy soil
30861,-1.195620631292194,-1.0687588504872214,-1.621075937294595,1.114202454544477,-0.036457799358352465,-0.8814729846013002,0.1438354393637991,1.9655853915869463,1.131340401973817,1.0321595214339574,2.2290055572222216,1.2239241472622793,6,bhendi,Laterite soil
30900,-1.100063855269374,-1.0687588504872214,0.4123900170997968,-0.8975029591088394,0.11741814017708838,-0.9608370601566903,0.1097140642126627,1.218214936808264,1.1874828166493707,1.9370415401213121,1.0799929408639564,2.1094627796473393,6,bhendi,Loamy soil
30902,-1.100063855269374,-1.0687588504872214,0.9207565056983947,-0.8975029591088394,-0.3442096784292314,-0.8776937429081865,-0.11207487426972029,1.9260137678078268,1.1486149911047563,0.6270326045706647,1.937377989618601,1.83979257883872,6,bhendi,Loamy soil
30933,-1.195620631292194,-1.0687588504872214,-0.09597647149880119,1.114202454544477,-0.3442096784292314,-0.9646163018498042,-0.0438321239674487,0.8862062068033136,1.0536047508845883,1.3781438226967695,2.7889304870211724,2.102174395841701,6,bhendi,Laterite soil
30986,-1.100063855269374,-1.0687588504872214,-1.621075937294595,-0.8975029591088394,-0.6519615575001118,-0.9967398562412716,0.1097140642126627,1.1236359494780288,1.0492861036018535,1.08538787547439,1.336625200355142,1.2567218743876516,6,bhendi,Loamy soil
31031,-1.195620631292194,-1.0687588504872214,-1.621075937294595,1.114202454544477,-0.6519615575001118,0.7643867727497665,0.26326025239277473,0.29403509918670856,0.8117605030514338,1.0646879600142216,-0.31981938363342205,2.2406536881488295,10,brinjal,Laterite soil
31059,-1.195620631292194,-1.0687588504872214,-0.6043429600973992,1.114202454544477,-0.9597134365709921,-0.03492284534380558,-0.8456844400191428,0.3757041950712736,0.8117605030514338,1.511214707797851,0.36842167591112224,1.2494334905820135,10,brinjal,Laterite soil
31061,-1.195620631292194,-1.0687588504872214,-1.621075937294595,1.114202454544477,-0.6519615575001118,-0.042481328730033324,-0.6580168766878955,0.14023900109481274,0.8117605030514338,1.2036731066753514,0.16428237858858785,2.0256463658824986,10,brinjal,Laterite soil
31095,-1.195620631292194,-1.0687588504872214,0.4123900170997968,1.114202454544477,0.11741814017708838,0.19183165624302334,-0.6238955015367591,0.13687120332637726,0.8117605030514338,1.3249154686563367,0.4267471894318463,1.114598390177704,10,brinjal,Laterite soil
31154,-1.100063855269374,-1.0687588504872214,-0.6043429600973992,-0.8975029591088394,-0.3442096784292314,0.49795023338524214,-0.0779534991185845,0.1447293981193937,0.8117605030514338,0.745317835771626,0.8700210921893496,0.9688307140649367,10,brinjal,Loamy soil
31207,-1.195620631292194,-1.0687588504872214,0.9207565056983947,1.114202454544477,0.27129407971252784,0.7247047349720711,0.46798850329959013,0.3355712716640817,0.8117605030514338,1.5969715004185483,0.6017237299940186,2.0766650525219665,10,brinjal,Laterite soil
31214,-1.100063855269374,-1.0687588504872214,-0.6043429600973992,-0.8975029591088394,-0.8058374970355525,0.008538434127003237,0.33150300269504634,0.8379344387890696,0.8117605030514338,1.0972163985944863,-0.06318712414223608,1.6138526808639313,10,brinjal,Loamy soil
31247,-1.195620631292194,-1.0687588504872214,0.9207565056983947,1.114202454544477,0.8867978378542885,0.4525993330678768,0.17795681451493492,0.03920506804174261,0.8117605030514338,1.014416736753813,0.22844044346138445,1.180193844428449,10,brinjal,Laterite soil
31249,-1.195620631292194,-1.0687588504872214,-0.6043429600973992,1.114202454544477,0.7329218983188477,0.15403923931188518,-0.0779534991185845,0.79836281500995,0.8117605030514338,0.8103747129321549,0.7242073083875393,1.180193844428449,10,brinjal,Laterite soil
31253,-1.195620631292194,-1.0687588504872214,-0.09597647149880119,1.114202454544477,-0.6519615575001118,0.46960592068688856,-0.3168031251765363,0.8550540774452839,0.8117605030514338,1.6797711622592206,0.875853643541422,2.1058185877445204,10,brinjal,Laterite soil
31274,-1.100063855269374,-1.0687588504872214,-0.6043429600973992,-0.8975029591088394,-0.6519615575001118,0.10490909730140568,0.5874133163285657,0.3148031854253951,0.8117605030514338,0.6329468661307128,-0.3081542809292775,1.1729054606228104,10,brinjal,Loamy soil
31275,-1.195620631292194,-1.0687588504872214,0.4123900170997968,1.114202454544477,-0.036457799358352465,0.4393719871419781,-0.9651092530481183,0.2294856419583582,0.8117605030514338,1.7300423855196299,1.2083090706095496,1.0745122792466926,10,brinjal,Laterite soil
31289,-1.195620631292194,-1.0687588504872214,-0.6043429600973992,1.114202454544477,-0.49808561796467227,-0.08972184989395601,-0.7774416897168711,0.6316568254723847,0.8117605030514338,1.6768140314791968,1.4824389841569523,2.28438399098266,10,brinjal,Laterite soil
31352,-1.100063855269374,-1.0687588504872214,0.9207565056983947,-0.8975029591088394,0.7329218983188477,0.11435720153419023,0.604474003904134,0.700135380097243,0.8117605030514338,0.9730169058334768,0.5725609732336566,1.409777934306057,10,brinjal,Loamy soil
31366,-1.100063855269374,-1.0687588504872214,-1.621075937294595,-0.8975029591088394,0.4251700192479687,0.09357137222206408,-0.026771436391880492,0.3077869400744875,0.8117605030514338,1.0232881290938853,-0.13901029171917767,1.686736518920315,10,brinjal,Loamy soil
31386,-1.100063855269374,-1.0687588504872214,-1.621075937294595,-0.8975029591088394,1.0406737773897279,-0.0783841248146144,-0.5044706885077835,0.09842217880340322,0.8117605030514338,1.23915867603564,1.6340853193108356,2.036578941590956,10,brinjal,Loamy soil
31450,-1.100063855269374,-1.0687588504872214,0.4123900170997968,-0.8975029591088394,0.8867978378542885,0.18994203539646654,-0.9480485654725508,0.7910659198450063,0.8117605030514338,1.9045131015410472,0.8408583354289876,2.0657324768135092,10,brinjal,Loamy soil
31496,-1.100063855269374,-1.0687588504872214,-1.621075937294595,-0.8975029591088394,-0.49808561796467227,0.4280342620626368,0.7238988169331095,0.6080822410933348,0.8117605030514338,1.2155016297954477,1.8440571679854418,1.9126764168951036,10,brinjal,Loamy soil
31503,-1.195620631292194,-1.0687588504872214,-0.09597647149880119,1.114202454544477,0.5790459587834081,0.4393719871419781,-0.29974243760096814,0.27438961220416713,0.8117605030514338,0.6506896508108568,1.4707738814528082,1.0052726330931285,10,brinjal,Laterite soil
31508,-1.100063855269374,-1.0687588504872214,-0.09597647149880119,-0.8975029591088394,-0.19033373889379193,0.12380530576697477,-1.0845340660770946,0.5738429637809053,0.8117605030514338,0.736446443431554,1.1324859030326075,1.3733360152778653,10,brinjal,Loamy soil
31550,-1.100063855269374,-1.0687588504872214,0.4123900170997968,-0.8975029591088394,-0.3442096784292314,0.3070985278829946,-1.0845340660770946,0.6745962470199394,0.8117605030514338,1.9281701477812399,0.14678472453237076,1.4352872776257914,10,brinjal,Loamy soil
31591,-1.195620631292194,-1.0687588504872214,-1.621075937294595,1.114202454544477,0.27129407971252784,0.19183165624302334,-1.1015947536526622,0.12143546355438042,0.8117605030514338,1.9311272785612636,0.17011492994066033,1.4207105100145145,10,brinjal,Laterite soil
31617,-1.195620631292194,-1.0687588504872214,0.9207565056983947,1.114202454544477,0.4251700192479687,0.548969996242279,0.8092022548109493,0.5328680909316049,0.8117605030514338,0.6684324354910013,-0.09234988090259813,1.7341110136569642,10,brinjal,Laterite soil
31626,-1.100063855269374,-1.0687588504872214,-1.621075937294595,-0.8975029591088394,1.1945497169251689,0.0614478178305966,0.6727167542064055,0.5499877295878193,0.8117605030514338,1.2362015452556157,1.0683278381598114,1.1109541982748843,10,brinjal,Loamy soil
31634,-1.100063855269374,-1.0687588504872214,-0.6043429600973992,-0.8975029591088394,-0.6519615575001118,0.016096917513230974,-0.2656210624498323,0.7464425994132334,0.8117605030514338,0.7216607895314339,1.35412285441136,2.003781214465583,10,brinjal,Loamy soil
31673,-1.195620631292194,-1.0687588504872214,-0.09597647149880119,1.114202454544477,0.4251700192479687,-0.040591707883476255,-0.0779534991185845,0.4475505474645677,0.8117605030514338,1.005545344413741,0.263435751573819,1.6174968727667502,10,brinjal,Laterite soil
31680,-1.100063855269374,-1.0687588504872214,0.4123900170997968,-0.8975029591088394,-0.49808561796467227,0.35244942820036046,0.7921415672353811,0.6445667169180546,0.8117605030514338,1.4993861846777548,-0.44813551337901525,1.2129915715538218,10,brinjal,Loamy soil
31689,-1.195620631292194,-1.0687588504872214,-0.6043429600973992,1.114202454544477,-0.3442096784292314,0.6453406594166812,0.655656066630838,0.6470925652443815,0.8117605030514338,0.8310746283923232,-0.06318712414223608,1.5482572266131858,10,brinjal,Laterite soil
31698,-1.100063855269374,-1.0687588504872214,-0.09597647149880119,-0.8975029591088394,-0.3442096784292314,0.027434642592572313,0.21207818966607073,0.4228533638293729,0.8117605030514338,1.7536994317598216,0.5433982164732946,1.6247852565723888,10,brinjal,Loamy soil
31723,-1.195620631292194,-1.0687588504872214,-0.09597647149880119,1.114202454544477,-0.49808561796467227,0.4525993330678768,0.4168064405728861,0.23650188730926583,0.8117605030514338,0.9464027288132603,-0.09234988090259813,1.7450435893654217,10,brinjal,Laterite soil
31753,-1.195620631292194,-1.0687588504872214,-0.09597647149880119,1.114202454544477,-0.49808561796467227,-0.014137016031679708,-0.4362279382055119,0.7237099644762929,0.8117605030514338,1.3012584224161443,1.389118162523794,0.9906958654818515,10,brinjal,Laterite soil
31796,-1.100063855269374,-1.0687588504872214,-1.621075937294595,-0.8975029591088394,0.4251700192479687,0.25229952333284444,0.2973816275439105,0.39366578316959683,0.8117605030514338,1.7950992626801583,0.4325797407839188,2.2770956071770216,10,brinjal,Loamy soil
31813,-1.195620631292194,-1.0687588504872214,-0.09597647149880119,1.114202454544477,0.11741814017708838,0.11624682238074703,-0.7603810021413029,0.76496548713963,0.8117605030514338,1.7507423009797978,1.6690806274232697,1.832504195033082,10,brinjal,Laterite soil
31884,-1.100063855269374,-1.0687588504872214,-0.6043429600973992,-0.8975029591088394,-0.19033373889379193,0.4318135037557504,0.024410626334822903,0.18542362115465805,0.8117605030514338,1.26872998383588,-0.3606472430979291,1.2421451067763751,10,brinjal,Loamy soil
31892,-1.100063855269374,-1.0687588504872214,0.9207565056983947,-0.8975029591088394,0.5790459587834081,0.20316938132236467,-0.8968665027458468,0.34820051329571544,0.8117605030514338,1.156359014194967,-0.4248053079707257,0.9360329869395639,10,brinjal,Loamy soil
31918,-1.100063855269374,-1.0687588504872214,-0.09597647149880119,-0.8975029591088394,-0.9597134365709921,0.25418914417940125,0.17795681451493492,0.7057483763779691,0.8117605030514338,1.5969715004185483,0.11178941641993623,1.1255309658861612,10,brinjal,Loamy soil
31937,-1.195620631292194,-1.0687588504872214,0.9207565056983947,1.114202454544477,-0.3442096784292314,0.7530490476704247,-0.4362279382055119,0.8452313339540133,0.8117605030514338,1.3130869455362406,1.7215735895919215,1.2712986419989285,10,brinjal,Laterite soil
31948,-1.100063855269374,-1.0687588504872214,-0.09597647149880119,-0.8975029591088394,-0.49808561796467227,0.09546099306862114,-0.9309878778969826,0.3891753861450162,0.8117605030514338,1.0292023906539332,0.04179880019506714,1.9491183359232953,10,brinjal,Loamy soil
31950,-1.100063855269374,-1.0687588504872214,0.4123900170997968,-0.8975029591088394,-0.19033373889379193,-0.07271526227494374,0.43386712814845435,0.6858222395813917,0.8117605030514338,1.8069277858002546,1.8207269625771527,1.508171115682175,10,brinjal,Loamy soil
31953,-1.195620631292194,-1.0687588504872214,-0.09597647149880119,1.114202454544477,-0.036457799358352465,0.4412616079885349,0.3997457529973185,0.15848123900717262,0.8117605030514338,1.4757291384375621,1.2374718273699117,1.5774107618357396,10,brinjal,Laterite soil
32030,-1.100063855269374,-1.0687588504872214,0.4123900170997968,-0.8975029591088394,-0.9597134365709921,-0.9324927474583368,-0.29974243760096814,0.02797907548029038,0.880858859575192,1.6472427236789566,-0.06318712414223608,1.8470809626443585,11,capsicum,Loamy soil
32096,-1.100063855269374,-1.0687588504872214,-1.621075937294595,-0.8975029591088394,-0.49808561796467227,-0.9324927474583368,-1.4428085051640214,0.8508443302347394,0.8592656231615174,1.6501998544589804,-0.1740055998316118,1.0125610168987669,11,capsicum,Loamy soil
32118,-1.100063855269374,-1.0687588504872214,-0.09597647149880119,-0.8975029591088394,-0.49808561796467227,-0.9324927474583368,-0.0438321239674487,-0.9077074045167534,0.8419910340305783,1.0439880445540533,-0.4014751025624361,1.2968079853186627,11,capsicum,Loamy soil
32159,-1.195620631292194,-1.0687588504872214,-0.6043429600973992,-0.8975029591088394,-1.5752171947127527,-0.9324927474583368,-1.1015947536526622,-0.4328479191673237,0.8160791503341684,0.6773038278310733,1.1033231462722457,1.9782718711458491,11,capsicum,Laterite soil
32204,-1.100063855269374,-1.0687588504872214,-0.6043429600973992,-0.8975029591088394,-0.3442096784292314,-0.9324927474583368,0.43386712814845435,0.10150932675780265,0.8290350921823736,1.1090449217145821,0.240105546165529,1.7304668217541446,11,capsicum,Loamy soil
32218,-1.100063855269374,-1.0687588504872214,-0.09597647149880119,-0.8975029591088394,-0.49808561796467227,-0.9324927474583368,-0.6921382518390313,-0.8016217748110296,0.8549469758787829,0.6299897353506885,-0.2673264214647704,2.196923385315,11,capsicum,Loamy soil
32227,-1.195620631292194,-1.0687588504872214,0.9207565056983947,-0.8975029591088394,-1.421341255177312,-0.9324927474583368,-0.026771436391880492,-0.8229511606777888,0.8765402122924574,0.6891323509511692,-0.1740055998316118,0.8923026841057337,11,capsicum,Laterite soil
32241,-1.195620631292194,-1.0687588504872214,-1.621075937294595,-0.8975029591088394,-0.3442096784292314,-0.9324927474583368,0.1097140642126627,0.8255858469714719,1.0147369253399745,2.019841201961985,-0.11568008631088769,1.034426168315682,11,capsicum,Laterite soil
32264,-1.100063855269374,-1.0687588504872214,-0.6043429600973992,-0.8975029591088394,-1.729093134248192,-0.9324927474583368,-0.7262596269901671,0.5339906901877498,0.96723180522989,1.0025882136337172,-0.1740055998316118,1.1364635415946187,11,capsicum,Loamy soil
32285,-1.195620631292194,-1.0687588504872214,0.4123900170997968,-0.8975029591088394,-1.729093134248192,-0.9324927474583368,-0.7091989394145989,0.04201156618210567,0.880858859575192,1.5171289693578989,-0.22066601064819133,0.9251004112311064,11,capsicum,Laterite soil
32308,-1.100063855269374,-1.0687588504872214,-0.09597647149880119,-0.8975029591088394,-0.8058374970355525,-0.9324927474583368,-0.4362279382055119,0.3611104047413856,0.8160791503341684,1.342658253336481,-0.4189727566186532,2.047511517299413,11,capsicum,Loamy soil
32399,-1.195620631292194,-1.0687588504872214,-0.6043429600973992,-0.8975029591088394,-0.8058374970355525,-0.9324927474583368,0.17795681451493492,-0.30711680247905876,0.8203977976169037,1.6088000235386437,1.1324859030326075,1.5446130347103668,11,capsicum,Laterite soil
32421,-1.195620631292194,-1.0687588504872214,-1.621075937294595,-0.8975029591088394,-1.2674653156418723,-0.9324927474583368,0.38268506542175035,0.7792786276554814,0.8851775068579273,1.0617308292341978,0.4267471894318463,2.054799901105052,11,capsicum,Laterite soil
32425,-1.195620631292194,-1.0687588504872214,0.4123900170997968,-0.8975029591088394,-0.9597134365709921,-0.9324927474583368,-0.11207487426972029,-0.19710207537682675,0.8938148014233972,0.9759740366135006,0.8641885408372771,1.934541568312019,11,capsicum,Laterite soil
32459,-1.195620631292194,-1.0687588504872214,-0.6043429600973992,-0.8975029591088394,-0.8058374970355525,-0.9324927474583368,-0.7774416897168711,-0.5240591087291231,0.8549469758787829,1.2598585914958083,1.4591087787486632,1.4717291966539832,11,capsicum,Laterite soil
32463,-1.195620631292194,-1.0687588504872214,-0.09597647149880119,-0.8975029591088394,-0.3442096784292314,-0.9324927474583368,-1.5792940057685652,0.337535820362336,0.8765402122924574,0.7660177512317944,0.7183747570354668,2.3026049504967556,11,capsicum,Laterite soil
32472,-1.100063855269374,-1.0687588504872214,0.9207565056983947,-0.8975029591088394,-0.036457799358352465,-0.9324927474583368,-1.4598691927395895,-0.17577268951006744,0.8851775068579273,0.6802609586110971,0.9925046705828703,2.2370094962460105,11,capsicum,Loamy soil
32473,-1.195620631292194,-1.0687588504872214,-0.09597647149880119,-0.8975029591088394,-1.1135893761064315,-0.9324927474583368,0.46798850329959013,-1.0760972929385368,0.9197266851198064,1.3101298147562164,-0.4014751025624361,1.1729054606228104,11,capsicum,Laterite soil
32499,-1.195620631292194,-1.0687588504872214,-0.6043429600973992,-0.8975029591088394,-0.8058374970355525,-0.9324927474583368,0.502109878450726,-0.9694503636047407,0.98450639436083,0.6773038278310733,0.5550633191774396,1.2093473796510024,11,capsicum,Laterite soil
32507,-1.195620631292194,-1.0687588504872214,0.9207565056983947,-0.8975029591088394,-1.1135893761064315,-0.9324927474583368,-0.3168031251765363,0.6291309771460577,0.9585945106644208,1.262815722275832,0.7592026164999739,1.872590305964093,11,capsicum,Laterite soil
32509,-1.195620631292194,-1.0687588504872214,-0.6043429600973992,-0.8975029591088394,-1.1135893761064315,-0.9324927474583368,0.6897774417819738,-0.5599822849257704,1.00178098349177,0.8665601977526113,0.8466908867810601,1.8871670735753698,11,capsicum,Laterite soil
32571,-1.195620631292194,-1.0687588504872214,-1.621075937294595,-0.8975029591088394,0.4251700192479687,-0.9324927474583368,0.31444231511947873,0.3192935824499761,1.010418278057239,0.6950466125112174,0.9108489516538563,1.1583286930115342,11,capsicum,Laterite soil
32609,-1.195620631292194,-1.0687588504872214,-0.6043429600973992,-0.8975029591088394,0.27129407971252784,-0.9324927474583368,-0.3168031251765363,0.21601445088461532,0.9585945106644208,1.6324570697788363,0.45590994619220837,1.555545610418824,11,capsicum,Laterite soil
32628,-1.100063855269374,-1.0687588504872214,-0.09597647149880119,-0.8975029591088394,-0.6519615575001118,-0.9324927474583368,0.17795681451493492,-0.12076532595895174,0.9758690997953601,0.7778462743518902,0.6075562813460911,2.2916723747882983,11,capsicum,Loamy soil
32636,-1.100063855269374,-1.0687588504872214,-1.621075937294595,-0.8975029591088394,-0.8058374970355525,-0.9324927474583368,-0.7091989394145989,0.2715831140638041,0.924045332402541,1.4579863537574183,0.788365373260336,1.3478266719581309,11,capsicum,Loamy soil
32639,-1.195620631292194,-1.0687588504872214,-0.6043429600973992,-0.8975029591088394,-0.8058374970355525,-0.9324927474583368,-0.1973783121475601,0.6249212299355131,0.889496154140662,1.3071726839761926,0.9400117084142182,1.5591898023216437,11,capsicum,Laterite soil
32670,-1.100063855269374,-1.0687588504872214,0.4123900170997968,-0.8975029591088394,-0.8058374970355525,-0.9324927474583368,-1.0845340660770946,-0.3910310968759142,0.8290350921823736,1.2835156377360004,1.33079264900307,1.8798786897697313,11,capsicum,Loamy soil
32688,-1.100063855269374,-1.0687588504872214,-0.09597647149880119,-0.8975029591088394,-1.421341255177312,-0.9324927474583368,-0.8968665027458468,0.40096267833454113,0.9456385688162156,1.0528594368941258,0.9458442597662912,1.2530776824848324,11,capsicum,Loamy soil
32713,-1.195620631292194,-1.0687588504872214,-0.09597647149880119,-0.8975029591088394,-0.19033373889379193,-0.9324927474583368,-0.3679851879032397,-0.32704293927563655,1.0147369253399745,1.7596136933198703,-0.05152202143809151,1.100021622566427,11,capsicum,Laterite soil
32757,-1.195620631292194,-1.0687588504872214,0.9207565056983947,-0.8975029591088394,-0.3442096784292314,-0.9324927474583368,-0.9651092530481183,0.29066730141827274,1.00178098349177,1.9754842402616242,-0.10401498360674312,1.3150289448327586,11,capsicum,Laterite soil
32770,-1.100063855269374,-1.0687588504872214,0.4123900170997968,-0.8975029591088394,0.11741814017708838,-0.9324927474583368,0.7068381293575413,-0.31160719950363974,1.00178098349177,1.2569014607157838,0.8875187462455667,0.8558607650775418,11,capsicum,Loamy soil
32796,-1.100063855269374,-1.0687588504872214,-1.621075937294595,-0.8975029591088394,-1.2674653156418723,-0.9324927474583368,-0.4362279382055119,0.7851722737502436,0.9629131579471555,0.5590185966301119,0.9808395678787253,2.120395355355797,11,capsicum,Loamy soil
32830,-1.100063855269374,-1.0687588504872214,0.4123900170997968,-0.8975029591088394,-0.8058374970355525,-0.9324927474583368,-1.0674733785015265,-0.6857134016140354,0.8290350921823736,1.9399986709013362,0.9108489516538563,1.3660476314722267,11,capsicum,Loamy soil
32843,-1.195620631292194,-1.0687588504872214,-0.09597647149880119,-0.8975029591088394,-0.8058374970355525,-0.9324927474583368,-0.9821699406236866,-0.47522604108680594,0.9801877470780953,0.7748891435718663,-0.09818243225467063,2.0730208606191476,11,capsicum,Laterite soil
32850,-1.100063855269374,-1.0687588504872214,0.4123900170997968,-0.8975029591088394,-0.8058374970355525,-0.9324927474583368,-1.1527768163793661,0.31115473784292325,0.9715504525126254,1.342658253336481,0.8933512975976392,1.26401025819329,11,capsicum,Loamy soil
32854,-1.100063855269374,-1.0687588504872214,-0.6043429600973992,-0.8975029591088394,-0.036457799358352465,-0.9324927474583368,-0.4703493133566477,-0.1044876367448458,0.8549469758787829,1.25394432993576,-0.33731703768963955,1.5591898023216437,11,capsicum,Loamy soil
32938,-1.100063855269374,-1.0687588504872214,-0.09597647149880119,-0.8975029591088394,0.11741814017708838,-0.9324927474583368,-0.1461962494208567,-0.36549196379861026,1.010418278057239,1.869027532180759,-0.19733580523990177,1.8980996492838271,11,capsicum,Loamy soil
32940,-1.100063855269374,-1.0687588504872214,0.4123900170997968,-0.8975029591088394,-0.036457799358352465,-0.9324927474583368,0.8603843175376533,-0.30094250657025995,0.932682626968011,1.9192987554411673,0.7533700651479014,1.3988453585975997,11,capsicum,Loamy soil
32959,-1.195620631292194,-1.0687588504872214,-0.6043429600973992,-0.8975029591088394,-1.1135893761064315,-0.9324927474583368,0.17795681451493492,-0.8712229286920335,0.9801877470780953,1.8778989245208315,1.5990900111984006,1.4279988938201529,11,capsicum,Laterite soil
32999,-1.195620631292194,-1.0687588504872214,-0.6043429600973992,-0.8975029591088394,-1.729093134248192,-0.9324927474583368,-1.2551409418327741,-0.2835422181000091,1.019055572622709,1.854241878280639,1.359955405763432,1.9308973764091995,11,capsicum,Laterite soil
33014,-1.100063855269374,-1.0687588504872214,-0.6043429600973992,-0.8975029591088394,-0.6519615575001118,0.1842731728567956,-0.026771436391880492,0.6041531436968263,-0.21175890295673877,-0.42866308389791574,0.35675657320697723,0.5643254128520075,34,pumpkin,Loamy soil
33021,-1.195620631292194,-1.0687588504872214,-1.621075937294595,1.114202454544477,-0.9597134365709921,0.1332534099997593,-0.5215313760833518,0.4335180567627524,-0.3672302051351951,0.3668050959285497,0.9516768111183632,0.586190564268923,34,pumpkin,Laterite soil
33025,-1.195620631292194,-1.0687588504872214,0.4123900170997968,1.114202454544477,0.5790459587834081,0.18616279370335267,0.33150300269504634,0.5398843362825125,-0.16425378284665446,-0.5706053613390693,0.28093340563003605,1.4389314695286104,34,pumpkin,Laterite soil
33059,-1.195620631292194,-1.0687588504872214,-0.6043429600973992,1.114202454544477,0.27129407971252784,0.197500518782694,-0.5727134388100558,0.7413909027605801,-0.4665590926380981,0.18050585678703562,1.389118162523794,1.0162052088015858,34,pumpkin,Laterite soil
33063,-1.195620631292194,-1.0687588504872214,-0.09597647149880119,1.114202454544477,0.5790459587834081,0.1653769643912265,-0.9821699406236866,0.2359405876811931,-0.16857243012938972,0.10657758728643475,0.1876125839968774,1.1911264201369063,34,pumpkin,Laterite soil
33066,-1.100063855269374,-1.0687588504872214,-1.621075937294595,-0.8975029591088394,0.4251700192479687,0.18616279370335267,-0.2826817500253999,0.4812285251489244,-0.14266054643297993,-0.23940671397637736,-0.06318712414223608,1.2312125310679176,34,pumpkin,Loamy soil
33068,-1.100063855269374,-1.0687588504872214,-0.09597647149880119,-0.8975029591088394,0.11741814017708838,0.11435720153419023,-0.0438321239674487,0.1652168345440442,-0.34563696872152055,0.07404914870617012,0.018468594786777582,0.2800784444321118,34,pumpkin,Loamy soil
33114,-1.100063855269374,-1.0687588504872214,-0.6043429600973992,-0.8975029591088394,-0.49808561796467227,0.17860431031712493,-0.6921382518390313,0.3117160374709957,-0.375867499700665,0.19529151068715578,0.8116955786686255,0.833995613660627,34,pumpkin,Loamy soil
33142,-1.100063855269374,-1.0687588504872214,0.9207565056983947,-0.8975029591088394,-0.49808561796467227,0.19372127708958015,-0.4362279382055119,0.8396183376732871,-0.15561648828118513,0.13023463352662695,0.5667284218815841,0.24363652540392,34,pumpkin,Loamy soil
33157,-1.195620631292194,-1.0687588504872214,0.9207565056983947,1.114202454544477,-0.036457799358352465,0.1219156849204177,-0.8115630648680069,0.1399583512807767,-0.2938132013287016,-0.47006291481825196,0.9108489516538563,0.3566064743913148,34,pumpkin,Laterite soil
33175,-1.195620631292194,-1.0687588504872214,0.4123900170997968,1.114202454544477,-0.9597134365709921,0.14648075592565743,-0.6238955015367591,0.8309181934381619,-0.2722199649150271,-0.34290629127721856,1.6107551139025456,0.7392466241873286,34,pumpkin,Laterite soil
33227,-1.195620631292194,-1.0687588504872214,0.9207565056983947,1.114202454544477,0.27129407971252784,0.1956108979361372,-0.0438321239674487,0.8415828863715414,-0.1469791937157152,0.0296921870058096,0.05346390289921213,1.0234935926072244,34,pumpkin,Laterite soil
33254,-1.100063855269374,-1.0687588504872214,-0.6043429600973992,-0.8975029591088394,-0.036457799358352465,0.12002606407386089,0.024410626334822903,0.33725517054829957,-0.1210673100193054,-0.3990917760976754,0.3392589191507602,0.6335650590055721,34,pumpkin,Loamy soil
33265,-1.195620631292194,-1.0687588504872214,0.4123900170997968,1.114202454544477,-0.8058374970355525,0.11246758068763316,0.12677475178823092,0.6411989191496187,-0.08219948447469164,-0.3902203837576034,1.7332386922960665,0.33474132297439946,34,pumpkin,Laterite soil
33291,-1.195620631292194,-1.0687588504872214,-1.621075937294595,1.114202454544477,0.5790459587834081,0.14459113507910065,0.0073499387592553065,0.7969595659397685,-0.40177938339707453,-0.6120051922594058,0.1817800326448049,0.9724749059677557,34,pumpkin,Laterite soil
33323,-1.195620631292194,-1.0687588504872214,-0.09597647149880119,1.114202454544477,0.5790459587834081,0.19939013962925106,-0.3338638127521039,0.5053644091560471,-0.4449658562244236,-0.25123523709647366,0.7358724110916839,0.8558607650775418,34,pumpkin,Laterite soil
33332,-1.100063855269374,-1.0687588504872214,0.9207565056983947,-0.8975029591088394,-0.49808561796467227,0.19183165624302334,-0.6409561891123273,0.05492145762777581,-0.34131832143878593,0.10362045650641047,0.7008771029792498,0.26550167682083514,34,pumpkin,Loamy soil
33363,-1.195620631292194,-1.0687588504872214,-0.09597647149880119,1.114202454544477,-0.49808561796467227,0.180493931163682,-0.29974243760096814,0.4455859987663134,-0.336999674156051,0.12136324118655492,-0.4131402052665807,1.555545610418824,34,pumpkin,Laterite soil
33399,-1.195620631292194,-1.0687588504872214,-0.6043429600973992,1.114202454544477,0.5790459587834081,0.15403923931188518,-0.0438321239674487,0.4228533638293729,-0.19016566654306424,0.047434971685954064,0.9983372219349423,1.2895196015130244,34,pumpkin,Laterite soil
33475,-1.195620631292194,-1.0687588504872214,0.4123900170997968,1.114202454544477,0.27129407971252784,0.17482506862401107,-0.29974243760096814,0.4175210173626828,-0.24198943393588324,0.4703046732293909,0.16428237858858785,0.6627185942281255,34,pumpkin,Laterite soil
33482,-1.100063855269374,-1.0687588504872214,0.9207565056983947,-0.8975029591088394,0.4251700192479687,0.11624682238074703,-0.5044706885077835,0.06277965242079256,-0.14266054643297993,-0.18322122915592096,1.1616486597929696,1.260366066290471,34,pumpkin,Loamy soil
33505,-1.195620631292194,-1.0687588504872214,0.4123900170997968,1.114202454544477,-0.19033373889379193,0.19183165624302334,0.22913887724163892,0.512100004692918,-0.42337261981074903,0.2958339572079727,0.49090525430464294,1.2749428339017475,34,pumpkin,Laterite soil
33515,-1.195620631292194,-1.0687588504872214,0.4123900170997968,1.114202454544477,-0.8058374970355525,0.1370326516928729,-0.9139271903214149,0.5665460686159616,-0.4579217980726282,0.19824864146717966,-0.25566131876062587,0.9834074816762131,34,pumpkin,Laterite soil
33540,-1.100063855269374,-1.0687588504872214,0.4123900170997968,-0.8975029591088394,-0.3442096784292314,0.1653769643912265,-0.5556527512344875,0.15932318844928173,-0.24198943393588324,-0.4848485687183721,0.765035167852046,0.6736511699365829,34,pumpkin,Loamy soil
33565,-1.195620631292194,-1.0687588504872214,0.4123900170997968,1.114202454544477,-0.8058374970355525,0.1842731728567956,-0.09501418669415271,0.5909626024371204,-0.06492489534375176,-0.3488205528372667,1.1033231462722457,1.508171115682175,34,pumpkin,Laterite soil
33592,-1.100063855269374,-1.0687588504872214,0.9207565056983947,-0.8975029591088394,-0.6519615575001118,0.17671468947056812,-1.1527768163793661,0.26512816834096886,-0.1253859573020407,-0.40796316843774744,0.07096155695542919,1.4717291966539832,34,pumpkin,Loamy soil
33626,-1.100063855269374,-1.0687588504872214,-1.621075937294595,-0.8975029591088394,-0.19033373889379193,0.12947416830664543,0.26326025239277473,0.040327667297888094,-0.2851759067632323,-0.6179194538194539,0.047631351547139635,1.526392075196271,34,pumpkin,Loamy soil
33689,-1.195620631292194,-1.0687588504872214,-0.6043429600973992,1.114202454544477,-0.8058374970355525,0.18994203539646654,-0.1461962494208567,0.2474472300566817,-0.22471484480494336,0.12432037196657879,1.5407644976776764,1.26401025819329,34,pumpkin,Laterite soil
33704,-1.100063855269374,-1.0687588504872214,-0.6043429600973992,-0.8975029591088394,-0.49808561796467227,0.19372127708958015,-1.0333520033503905,0.04958911116108606,-0.19880296110853418,0.3135767418881172,1.377453059819649,1.1692612687199915,34,pumpkin,Loamy soil
33756,-1.100063855269374,-1.0687588504872214,-1.621075937294595,-0.8975029591088394,-0.6519615575001118,0.11813644322730382,-0.18031762457199252,0.7166937191253853,-0.3974607361143396,0.12727750274660266,0.1934451353489499,0.3784716258082297,34,pumpkin,Loamy soil
33766,-1.100063855269374,-1.0687588504872214,-1.621075937294595,-0.8975029591088394,0.4251700192479687,0.180493931163682,-0.1461962494208567,0.06446355130501015,-0.19448431382579892,0.006035140765617411,0.22260789210931195,0.6517860185196681,34,pumpkin,Loamy soil
33823,-1.195620631292194,-1.0687588504872214,-0.09597647149880119,1.114202454544477,-0.036457799358352465,0.15781848100499904,0.33150300269504634,0.8261471465995446,-0.18584701926032898,-0.31333498347697825,1.7624014490564286,0.21448299018136668,34,pumpkin,Laterite soil
33826,-1.100063855269374,-1.0687588504872214,-1.621075937294595,-0.8975029591088394,-0.8058374970355525,0.18805241454990945,-1.135716128803798,0.21152405386003467,-0.07788083719195636,-0.5114627457385886,-0.4306378593227982,0.833995613660627,34,pumpkin,Loamy soil
33838,-1.100063855269374,-1.0687588504872214,-0.09597647149880119,-0.8975029591088394,-0.3442096784292314,0.15781848100499904,0.0073499387592553065,0.8289536447399076,-0.1253859573020407,0.48804745790953497,-0.2498287674085534,0.6189882913942952,34,pumpkin,Loamy soil
33850,-1.100063855269374,-1.0687588504872214,0.4123900170997968,-0.8975029591088394,-0.6519615575001118,0.14081189338598676,-0.2656210624498323,0.46158303816638296,-0.4536031507898932,-0.3961346453176511,0.012636043434705087,1.2749428339017475,34,pumpkin,Loamy soil
33882,-1.100063855269374,-1.0687588504872214,0.9207565056983947,-0.8975029591088394,-0.3442096784292314,0.1842731728567956,-0.8968665027458468,0.7130452715429134,-0.06060624806101711,-0.2127925369561613,0.5550633191774396,0.9651865221621172,34,pumpkin,Loamy soil
33934,-1.100063855269374,-1.0687588504872214,-0.6043429600973992,-0.8975029591088394,0.11741814017708838,0.197500518782694,-1.1015947536526622,0.7882594217046432,-0.4622404453553631,-0.23053532163630536,0.9400117084142182,0.37482743390541073,34,pumpkin,Loamy soil
33944,-1.100063855269374,-1.0687588504872214,-0.6043429600973992,-0.8975029591088394,-0.8058374970355525,0.11246758068763316,0.0073499387592553065,0.6846996403252461,-0.23767078665314795,-0.18617835993594484,0.10012431371579124,1.3842685909863228,34,pumpkin,Loamy soil
33950,-1.100063855269374,-1.0687588504872214,0.4123900170997968,-0.8975029591088394,-0.8058374970355525,0.197500518782694,-0.9480485654725508,0.32939697575528315,-0.2938132013287016,0.32836239578823734,-0.15067539442332223,0.4149135448364215,34,pumpkin,Loamy soil
33985,-1.195620631292194,-1.0687588504872214,0.4123900170997968,1.114202454544477,-0.3442096784292314,0.15970810185155584,0.16089612693936672,0.309190189144669,-0.2333521393704133,0.147977418206771,0.5375656651212221,1.4279988938201529,34,pumpkin,Laterite soil
34046,-1.100063855269374,-1.0687588504872214,-1.621075937294595,-0.8975029591088394,-0.49808561796467227,-0.36560649349126445,-0.8968665027458468,0.8587025250277558,0.6044654334801585,-0.2748922833366659,0.5259005624170775,0.5461044533379117,42,snake gourd,Loamy soil
34060,-1.100063855269374,-1.0687588504872214,0.4123900170997968,-0.8975029591088394,-0.9597134365709921,-0.36560649349126445,-0.8798058151702786,0.8413022365575047,0.6433332590247722,-0.3872632529775791,1.6515829733670526,0.7866211189239778,42,snake gourd,Loamy soil
34064,-1.100063855269374,-1.0687588504872214,-0.6043429600973992,-0.8975029591088394,-0.19033373889379193,-0.36560649349126445,-0.6921382518390313,0.7722623823045737,0.6908383791348566,-0.6090480614793816,0.6250539354023081,1.1218867739833422,42,snake gourd,Loamy soil
34090,-1.100063855269374,-1.0687588504872214,0.4123900170997968,-0.8975029591088394,-0.9597134365709921,-0.36560649349126445,-0.40210656305437614,0.4506376954189674,0.5958281389146886,-0.3281206373770984,-0.2731589728168429,0.19990622257009,42,snake gourd,Loamy soil
34146,-1.100063855269374,-1.0687588504872214,-1.621075937294595,-0.8975029591088394,-0.036457799358352465,-0.36560649349126445,-0.5215313760833518,0.7969595659397685,0.7512994410931448,0.21894855692734796,1.7040759355357045,0.9068794517170106,42,snake gourd,Loamy soil
34178,-1.100063855269374,-1.0687588504872214,-0.09597647149880119,-0.8975029591088394,-0.6519615575001118,-0.36560649349126445,0.26326025239277473,0.7823657756098804,0.7037943209830612,-0.08267878263510363,-0.45980061608316025,1.493594348070898,42,snake gourd,Loamy soil
34187,-1.195620631292194,-1.0687588504872214,0.9207565056983947,1.114202454544477,-0.19033373889379193,-0.36560649349126445,-0.7091989394145989,0.3108740880288869,0.6433332590247722,-0.42866308389791574,1.2316392760178387,1.5373246509047283,42,snake gourd,Laterite soil
34196,-1.100063855269374,-1.0687588504872214,-1.621075937294595,-0.8975029591088394,-0.6519615575001118,-0.36560649349126445,0.1438354393637991,0.4972255645489939,0.677882437286652,-0.6238337153795018,-0.14484284307124975,0.4622880395730707,42,snake gourd,Loamy soil
34246,-1.100063855269374,-1.0687588504872214,-1.621075937294595,-0.8975029591088394,-0.49808561796467227,-0.36560649349126445,-0.9139271903214149,0.8323214425083434,0.7426621465276756,0.10657758728643475,1.1558161084408975,0.6590744023253066,42,snake gourd,Loamy soil
34261,-1.195620631292194,-1.0687588504872214,-1.621075937294595,1.114202454544477,-0.8058374970355525,-0.36560649349126445,-0.2826817500253999,0.2729863631339856,0.6519705535902421,0.12727750274660266,1.365787957115504,1.0526471278297778,42,snake gourd,Laterite soil
34272,-1.100063855269374,-1.0687588504872214,0.9207565056983947,-0.8975029591088394,-0.6519615575001118,-0.36560649349126445,-0.7262596269901671,0.5671073682440344,0.6476519063075076,-0.32516350659707455,-0.3898099998582912,0.8777259164944572,42,snake gourd,Loamy soil
34288,-1.100063855269374,-1.0687588504872214,-0.09597647149880119,-0.8975029591088394,-0.19033373889379193,-0.36560649349126445,-1.1015947536526622,0.10628037359641998,0.6303773171765676,-0.05015034405483941,0.7417049624437564,0.914167835522649,42,snake gourd,Loamy soil
34289,-1.195620631292194,-1.0687588504872214,-0.6043429600973992,1.114202454544477,-0.49808561796467227,-0.36560649349126445,0.1438354393637991,0.2595151720602427,0.677882437286652,0.3638479651485254,-0.2439962160564809,0.7283140484788706,42,snake gourd,Laterite soil
34292,-1.100063855269374,-1.0687588504872214,0.9207565056983947,-0.8975029591088394,-0.6519615575001118,-0.36560649349126445,-0.8115630648680069,0.05716665614006645,0.7772113247895547,-0.6179194538194539,-0.08068477819845356,0.4112693529336025,42,snake gourd,Loamy soil
34312,-1.100063855269374,-1.0687588504872214,0.9207565056983947,-0.8975029591088394,0.11741814017708838,-0.36560649349126445,-0.3850458754788079,0.6656154529707775,0.7297062046794703,-0.47006291481825196,1.0741603895118836,1.4826617723624407,42,snake gourd,Loamy soil
34323,-1.195620631292194,-1.0687588504872214,-0.09597647149880119,1.114202454544477,-0.49808561796467227,-0.36560649349126445,-0.6068348139611915,0.5805785593177769,0.6519705535902421,0.08587767182626642,0.1817800326448049,1.2057031877481832,42,snake gourd,Laterite soil
34325,-1.195620631292194,-1.0687588504872214,0.4123900170997968,1.114202454544477,-0.3442096784292314,-0.36560649349126445,-0.5556527512344875,0.46916058314536335,0.7297062046794703,-0.6090480614793816,1.0566627354556666,0.9032352598141916,42,snake gourd,Laterite soil
34391,-1.195620631292194,-1.0687588504872214,-1.621075937294595,1.114202454544477,-0.49808561796467227,-0.36560649349126445,-0.9480485654725508,0.7885400715186793,0.6822010845693867,0.3135767418881172,0.4150820867277013,1.2239241472622793,42,snake gourd,Laterite soil
34419,-1.195620631292194,-1.0687588504872214,-0.6043429600973992,1.114202454544477,-0.19033373889379193,-0.36560649349126445,-0.5556527512344875,0.07260239591206327,0.7383434992449402,-0.07085025951500731,1.7040759355357045,0.7756885432155204,42,snake gourd,Laterite soil
34444,-1.100063855269374,-1.0687588504872214,-0.6043429600973992,-0.8975029591088394,0.11741814017708838,-0.36560649349126445,-0.5556527512344875,0.33416802259390016,0.7124316155485311,-0.34290629127721856,0.875853643541422,1.3223173286383971,42,snake gourd,Loamy soil
34476,-1.100063855269374,-1.0687588504872214,-1.621075937294595,-0.8975029591088394,0.11741814017708838,-0.36560649349126445,-0.6580168766878955,0.38103654153796335,0.6433332590247722,0.20712003380725166,1.1149882489763905,0.5096625343097199,42,snake gourd,Loamy soil
34478,-1.100063855269374,-1.0687588504872214,-0.09597647149880119,-0.8975029591088394,-0.19033373889379193,-0.36560649349126445,-0.1973783121475601,0.7450393503430519,0.6217400226110977,-0.04423608249479126,1.8557222706895868,0.1415991521249831,42,snake gourd,Loamy soil
34560,-1.100063855269374,-1.0687588504872214,0.4123900170997968,-0.8975029591088394,-0.036457799358352465,-0.36560649349126445,-0.3338638127521039,0.5471812314474562,0.7081129682657958,0.37271935748859786,0.45590994619220837,0.33474132297439946,42,snake gourd,Loamy soil
34565,-1.195620631292194,-1.0687588504872214,0.4123900170997968,1.114202454544477,-0.49808561796467227,-0.36560649349126445,-0.35092450032767214,0.24127293414788284,0.6822010845693867,-0.03832182093474311,1.33079264900307,0.5424602614350927,42,snake gourd,Laterite soil
34569,-1.195620631292194,-1.0687588504872214,-0.6043429600973992,1.114202454544477,-0.19033373889379193,-0.36560649349126445,-0.6580168766878955,0.3650395021378938,0.7858486193550246,-0.14477852901560817,0.059296454251284623,0.37482743390541073,42,snake gourd,Laterite soil
34626,-1.100063855269374,-1.0687588504872214,-1.621075937294595,-0.8975029591088394,-0.49808561796467227,-0.36560649349126445,-0.2485603748742641,0.09870282861743959,0.6001467861974232,0.4791760655694629,1.3016298922427079,0.7210256646732327,42,snake gourd,Loamy soil
34639,-1.195620631292194,-1.0687588504872214,-0.6043429600973992,1.114202454544477,-0.036457799358352465,-0.36560649349126445,-0.7945023772924388,0.5135032537630996,0.6131027280456284,0.27809117252782867,0.5317331137691496,0.1415991521249831,42,snake gourd,Laterite soil
34688,-1.100063855269374,-1.0687588504872214,-0.09597647149880119,-0.8975029591088394,-0.6519615575001118,-0.36560649349126445,-0.5897741263856233,0.43856975341540577,0.6606078481557122,0.11249184884648249,-0.4189727566186532,1.0052726330931285,42,snake gourd,Loamy soil
34743,-1.195620631292194,-1.0687588504872214,-0.09597647149880119,1.114202454544477,-0.036457799358352465,-0.36560649349126445,-0.1291355618452885,0.42874700992413506,0.7556180883758802,-0.3872632529775791,1.6457504220149803,1.406133742403238,42,snake gourd,Laterite soil
34753,-1.195620631292194,-1.0687588504872214,-0.09597647149880119,1.114202454544477,-0.6519615575001118,-0.36560649349126445,-1.0333520033503905,0.7641235376975206,0.6822010845693867,-0.5469483150988771,-0.11568008631088769,0.917812027425468,42,snake gourd,Laterite soil
34807,-1.195620631292194,-1.0687588504872214,0.9207565056983947,1.114202454544477,-0.49808561796467227,-0.36560649349126445,-1.0162913157748223,0.5758075124791596,0.626058669893833,-0.22462106007625718,1.0274999786953045,1.078156471149512,42,snake gourd,Laterite soil
34815,-1.195620631292194,-1.0687588504872214,0.4123900170997968,1.114202454544477,-0.49808561796467227,-0.36560649349126445,0.17795681451493492,0.6409182693355827,0.6865197318521213,0.035606448565857755,-0.3956425512103636,1.0417145521213202,42,snake gourd,Laterite soil
34831,-1.195620631292194,-1.0687588504872214,-1.621075937294595,1.114202454544477,-0.6519615575001118,-0.36560649349126445,0.22913887724163892,0.189914018179239,0.7685740302240848,-0.49371996105844457,1.0858254922160286,1.2530776824848324,42,snake gourd,Laterite soil
34878,-1.100063855269374,-1.0687588504872214,-0.09597647149880119,-0.8975029591088394,-0.19033373889379193,-0.36560649349126445,-0.009710748816312897,0.47168643147169037,0.6865197318521213,-0.008750513134502761,0.7825328219082635,0.49872995860126246,42,snake gourd,Loamy soil
34885,-1.195620631292194,-1.0687588504872214,0.4123900170997968,1.114202454544477,-0.036457799358352465,-0.36560649349126445,-0.7091989394145989,0.5564426753106543,0.6692451427211821,-0.2630637602165696,0.22260789210931195,1.5373246509047283,42,snake gourd,Laterite soil
34897,-1.195620631292194,-1.0687588504872214,0.9207565056983947,1.114202454544477,0.11741814017708838,-0.36560649349126445,0.0073499387592553065,0.3221000805903391,0.7728926775068193,0.4791760655694629,-0.3548146917458566,0.6481418266168492,42,snake gourd,Laterite soil
34902,-1.100063855269374,-1.0687588504872214,0.9207565056983947,-0.8975029591088394,-0.036457799358352465,-0.36560649349126445,-0.5215313760833518,0.473650980169944,0.6951570264175913,0.03856357934588162,0.794197924612408,0.9651865221621172,42,snake gourd,Loamy soil
34922,-1.100063855269374,-1.0687588504872214,0.9207565056983947,-0.8975029591088394,-0.3442096784292314,-0.36560649349126445,0.2973816275439105,0.6995740804691702,0.6692451427211821,-0.19800688305604114,1.4999366382131702,0.25092490920955846,42,snake gourd,Loamy soil
34927,-1.195620631292194,-1.0687588504872214,0.9207565056983947,1.114202454544477,-0.49808561796467227,-0.36560649349126445,-0.5727134388100558,0.19356246576171085,0.6649264954384467,0.25443412628763645,0.8641885408372771,0.40398096912796405,42,snake gourd,Laterite soil
34930,-1.100063855269374,-1.0687588504872214,0.4123900170997968,-0.8975029591088394,-0.036457799358352465,-0.36560649349126445,-0.2656210624498323,0.2684959661094046,0.6606078481557122,-0.18617835993594484,1.0741603895118836,0.23999233350110102,42,snake gourd,Loamy soil
35018,0.8110716651870262,-1.0687588504872214,-0.09597647149880119,-0.8975029591088394,0.7329218983188477,0.29576080280365324,0.9968698181421971,0.7562653429045041,0.37557712749520866,0.07109201792614625,1.0158348759911595,0.2837226363349313,38,ribbed gourd,sandy Loamy soil
35045,0.8110716651870262,-1.0687588504872214,0.4123900170997968,1.114202454544477,0.8867978378542885,0.29576080280365324,1.406326319955828,0.3911399348432704,0.3539838910815341,0.4170763191889584,0.22844044346138445,0.7975536946324352,38,ribbed gourd,sandy Loamy soil
35125,0.8110716651870262,-1.0687588504872214,0.4123900170997968,1.114202454544477,0.4251700192479687,0.29576080280365324,0.4168064405728861,0.5090128567385189,0.531048429673665,0.04447784090592977,-0.3606472430979291,1.2275683391650982,38,ribbed gourd,sandy Loamy soil
35173,0.8110716651870262,-1.0687588504872214,-0.09597647149880119,1.114202454544477,1.1945497169251689,0.29576080280365324,1.4916297578336677,0.7391457042482897,0.40148901119161784,0.5442329427299918,1.319127546298925,0.21083879827854743,38,ribbed gourd,sandy Loamy soil
35180,0.8110716651870262,-1.0687588504872214,0.4123900170997968,-0.8975029591088394,0.7329218983188477,0.29576080280365324,1.5257511329848041,0.26035712150235185,0.16828205792393272,-0.24236384475640166,1.0508301841035943,1.2057031877481832,38,ribbed gourd,sandy Loamy soil
35230,0.8110716651870262,-1.0687588504872214,0.4123900170997968,-0.8975029591088394,-0.036457799358352465,0.29576080280365324,0.8603843175376533,0.33725517054829957,0.3583025383642688,-0.3399491604971947,0.7533700651479014,0.15617591973625977,38,ribbed gourd,sandy Loamy soil
35234,0.8110716651870262,-1.0687588504872214,-0.6043429600973992,-0.8975029591088394,0.27129407971252784,0.29576080280365324,1.4404476951069645,0.42565986196973593,0.5094551932599904,0.11249184884648249,0.46174249754428087,0.6991605132563173,38,ribbed gourd,sandy Loamy soil
35237,0.8110716651870262,-1.0687588504872214,0.9207565056983947,1.114202454544477,0.7329218983188477,0.29576080280365324,0.07559268906152691,0.7397070038763625,0.23738041444769156,0.387505011388718,-0.08068477819845356,1.4279988938201529,38,ribbed gourd,sandy Loamy soil
35262,0.8110716651870262,-1.0687588504872214,0.9207565056983947,-0.8975029591088394,0.4251700192479687,0.29576080280365324,1.082173256020037,0.5059257087841191,0.28920418184051055,-0.49963422261849233,0.07679410830750169,1.2749428339017475,38,ribbed gourd,sandy Loamy soil
35288,0.8110716651870262,-1.0687588504872214,-0.09597647149880119,-0.8975029591088394,0.27129407971252784,0.29576080280365324,1.2015980690490127,0.33781647017637234,0.29784147640597985,-0.5706053613390693,0.47340760024842543,0.21083879827854743,38,ribbed gourd,sandy Loamy soil
35314,0.8110716651870262,-1.0687588504872214,-0.6043429600973992,-0.8975029591088394,0.7329218983188477,0.29576080280365324,0.8603843175376533,0.2095595051617804,0.5915094916319539,-0.4523201301381079,0.1992776867010224,0.3966925853223256,38,ribbed gourd,sandy Loamy soil
35318,0.8110716651870262,-1.0687588504872214,-0.09597647149880119,-0.8975029591088394,-0.036457799358352465,0.29576080280365324,0.1097140642126627,0.23257278991275762,0.3798957747779433,-0.6031337999193337,-0.2964891782251325,0.6189882913942952,38,ribbed gourd,sandy Loamy soil
35364,0.8110716651870262,-1.0687588504872214,-0.6043429600973992,-0.8975029591088394,1.0406737773897279,0.29576080280365324,0.6897774417819738,0.36560080176596654,0.3583025383642688,-0.3636062067373869,0.15844982723651535,0.26550167682083514,38,ribbed gourd,sandy Loamy soil
35379,0.8110716651870262,-1.0687588504872214,-0.6043429600973992,1.114202454544477,0.8867978378542885,0.29576080280365324,0.6385953790552698,0.5095741563665916,0.5094551932599904,-0.36656333751741077,1.8090618598730077,0.5351718776294543,38,ribbed gourd,sandy Loamy soil
35419,0.8110716651870262,-1.0687588504872214,-0.6043429600973992,1.114202454544477,0.7329218983188477,0.29576080280365324,0.21207818966607073,0.3504457118080061,0.2719295927095707,-0.1684355752558008,1.33079264900307,0.7939095027296162,38,ribbed gourd,sandy Loamy soil
35445,0.8110716651870262,-1.0687588504872214,0.4123900170997968,1.114202454544477,-0.036457799358352465,0.29576080280365324,1.1845373814734443,0.14276484942113973,0.3194347128196544,-0.30150646035688233,0.36258912455904974,0.586190564268923,38,ribbed gourd,sandy Loamy soil
35479,0.8110716651870262,-1.0687588504872214,-0.6043429600973992,1.114202454544477,1.0406737773897279,0.29576080280365324,0.12677475178823092,0.7913465696590424,0.4317195421707623,0.47621893478943905,0.5958911786419462,0.22905975779264334,38,ribbed gourd,sandy Loamy soil
35489,0.8110716651870262,-1.0687588504872214,-0.6043429600973992,1.114202454544477,0.27129407971252784,0.29576080280365324,1.2357194442001485,0.3507263616220421,0.41444495303982243,0.42890484230905424,1.2724671354823458,0.2582132930151969,38,ribbed gourd,sandy Loamy soil
35497,0.8110716651870262,-1.0687588504872214,0.9207565056983947,1.114202454544477,1.1945497169251689,0.29576080280365324,0.6897774417819738,0.8067823094310392,0.4749060149981113,0.4111620576289102,1.4532762273965902,1.2822312177073858,38,ribbed gourd,sandy Loamy soil
35511,0.8110716651870262,-1.0687588504872214,-1.621075937294595,1.114202454544477,1.1945497169251689,0.29576080280365324,1.611054570862644,0.19103661743538417,0.49649925141178586,0.1331917643066508,-0.03985691873394653,1.4024895505004187,38,ribbed gourd,sandy Loamy soil
35518,0.8110716651870262,-1.0687588504872214,-0.09597647149880119,-0.8975029591088394,0.4251700192479687,0.29576080280365324,1.6622366335893475,0.4663540850050003,0.37557712749520866,-0.2127925369561613,1.30746244359478,0.7428908160901475,38,ribbed gourd,sandy Loamy soil
35546,0.8110716651870262,-1.0687588504872214,-1.621075937294595,-0.8975029591088394,1.0406737773897279,0.29576080280365324,0.6897774417819738,0.08438968810158792,0.29784147640597985,0.28696256486790067,0.817528130020698,1.3040963691243013,38,ribbed gourd,sandy Loamy soil
35559,0.8110716651870262,-1.0687588504872214,-0.6043429600973992,1.114202454544477,1.0406737773897279,0.29576080280365324,1.4233870075313961,0.6956449830726623,0.3064787709714498,0.3934192729487658,0.5317331137691496,1.1109541982748843,38,ribbed gourd,sandy Loamy soil
35574,0.8110716651870262,-1.0687588504872214,-0.6043429600973992,-0.8975029591088394,-0.036457799358352465,0.29576080280365324,1.5939938832870757,0.5179936507876808,0.49649925141178586,-0.5558197074389492,0.5725609732336566,0.8412839974662655,38,ribbed gourd,sandy Loamy soil
35630,0.8110716651870262,-1.0687588504872214,0.4123900170997968,-0.8975029591088394,0.5790459587834081,0.29576080280365324,0.3485636902706145,0.3902979854011617,0.48354330956358127,0.05926349480604995,1.1266533516805355,0.2545691011123777,38,ribbed gourd,sandy Loamy soil
35655,0.8110716651870262,-1.0687588504872214,0.4123900170997968,1.114202454544477,-0.036457799358352465,0.29576080280365324,0.22913887724163892,0.4085402233135215,0.3583025383642688,-0.3488205528372667,0.817528130020698,1.406133742403238,38,ribbed gourd,sandy Loamy soil
35659,0.8110716651870262,-1.0687588504872214,-0.6043429600973992,1.114202454544477,1.1945497169251689,0.29576080280365324,0.8092022548109493,0.7747882306309007,0.4187636003225577,0.387505011388718,0.6892120002751048,0.5424602614350927,38,ribbed gourd,sandy Loamy soil
35684,0.8110716651870262,-1.0687588504872214,-0.6043429600973992,-0.8975029591088394,1.3484256564606083,0.29576080280365324,1.611054570862644,0.5525135779141463,0.427400894888027,0.5028331118096551,1.2957973408906358,0.8923026841057337,38,ribbed gourd,sandy Loamy soil
35686,0.8110716651870262,-1.0687588504872214,-1.621075937294595,-0.8975029591088394,-0.036457799358352465,0.29576080280365324,0.28032093996834234,0.44530534895227736,0.41444495303982243,0.37863361904864556,0.27510085427796355,0.1415991521249831,38,ribbed gourd,sandy Loamy soil
35723,0.8110716651870262,-1.0687588504872214,-0.09597647149880119,1.114202454544477,-0.036457799358352465,0.29576080280365324,1.1845373814734443,0.6184662842126782,0.522411135108195,-0.6031337999193337,1.8090618598730077,0.6153440994914763,38,ribbed gourd,sandy Loamy soil
35798,0.8110716651870262,-1.0687588504872214,-0.09597647149880119,-0.8975029591088394,0.4251700192479687,0.29576080280365324,0.16089612693936672,0.37289769693091057,0.41012630575708775,-0.005793382354478895,-0.045689470086019014,1.2129915715538218,38,ribbed gourd,sandy Loamy soil
35800,0.8110716651870262,-1.0687588504872214,0.4123900170997968,-0.8975029591088394,0.27129407971252784,0.29576080280365324,0.5191705660262941,0.5160291020894265,0.3410279492333289,0.26921978018775666,0.817528130020698,1.3915569747919612,38,ribbed gourd,sandy Loamy soil
35807,0.8110716651870262,-1.0687588504872214,0.9207565056983947,1.114202454544477,1.0406737773897279,0.29576080280365324,0.7409595045086778,0.06530550074711926,0.29784147640597985,-0.13590713667553617,1.8382246166333698,0.3675390500997723,38,ribbed gourd,sandy Loamy soil
35814,0.8110716651870262,-1.0687588504872214,-0.6043429600973992,-0.8975029591088394,0.8867978378542885,0.29576080280365324,0.8433236299620851,0.3773880939554912,0.31079741825418505,-0.30150646035688233,1.8207269625771527,0.2618574849180159,38,ribbed gourd,sandy Loamy soil
35836,0.8110716651870262,-1.0687588504872214,-1.621075937294595,-0.8975029591088394,0.8867978378542885,0.29576080280365324,1.0480518808689006,0.2221887467934142,0.41012630575708775,-0.6208765845994779,0.5958911786419462,1.1473961173030762,38,ribbed gourd,sandy Loamy soil
35846,0.8110716651870262,-1.0687588504872214,-1.621075937294595,-0.8975029591088394,0.27129407971252784,0.29576080280365324,1.6792973211649156,0.29459639881478095,0.31079741825418505,0.3756764882686217,0.9108489516538563,0.8704375326888187,38,ribbed gourd,sandy Loamy soil
35872,0.8110716651870262,-1.0687588504872214,0.9207565056983947,-0.8975029591088394,-0.036457799358352465,0.29576080280365324,0.1097140642126627,0.14669394681764797,0.49649925141178586,-0.3044635911369062,0.2984310596862531,1.0271377845100433,38,ribbed gourd,sandy Loamy soil
35909,0.8110716651870262,-1.0687588504872214,-0.6043429600973992,1.114202454544477,1.0406737773897279,0.29576080280365324,0.3485636902706145,0.11161272006310972,0.5137738405427251,-0.08563591341512748,0.5667284218815841,0.567969604754827,38,ribbed gourd,sandy Loamy soil
35982,0.8110716651870262,-1.0687588504872214,0.9207565056983947,-0.8975029591088394,0.5790459587834081,0.29576080280365324,0.877445005113221,0.44530534895227736,0.531048429673665,-0.1743498368158485,0.1934451353489499,0.4367786962533364,38,ribbed gourd,sandy Loamy soil
35995,0.8110716651870262,-1.0687588504872214,0.4123900170997968,1.114202454544477,0.8867978378542885,0.29576080280365324,0.3997457529973185,0.6970482321428438,0.39717036390888316,0.08587767182626642,1.5990900111984006,0.7574675837014244,38,ribbed gourd,sandy Loamy soil
36040,0.8110716651870262,-1.0687588504872214,0.4123900170997968,-0.8975029591088394,-0.3442096784292314,0.20127976047580787,-0.9651092530481183,0.8146405042240557,0.29352282912324523,-0.3843061221975552,0.2459380975176015,1.019849400704405,9,bottle gourd,sandy Loamy soil
36044,0.8110716651870262,-1.0687588504872214,-0.6043429600973992,-0.8975029591088394,-0.8058374970355525,0.20127976047580787,-0.7433203145657353,0.6583185578058338,0.4749060149981113,-0.3044635911369062,-0.43647041067487025,1.3806243990835037,9,bottle gourd,sandy Loamy soil
36073,0.8110716651870262,-1.0687588504872214,-0.09597647149880119,1.114202454544477,-0.9597134365709921,0.20127976047580787,-0.40210656305437614,0.4152758188503925,0.3539838910815341,0.4939617194695831,1.2433043787219837,0.5934789480745615,9,bottle gourd,sandy Loamy soil
36087,0.8110716651870262,-1.0687588504872214,0.9207565056983947,1.114202454544477,-0.49808561796467227,0.20127976047580787,-0.1973783121475601,0.12283871262456196,0.47058736771537607,0.07404914870617012,0.9983372219349423,0.5242393019209969,9,bottle gourd,sandy Loamy soil
36093,0.8110716651870262,-1.0687588504872214,-0.09597647149880119,1.114202454544477,-0.036457799358352465,0.20127976047580787,0.0073499387592553065,0.6145371868161696,0.27624823999230536,0.20712003380725166,1.6340853193108356,1.1218867739833422,9,bottle gourd,sandy Loamy soil
36100,0.8110716651870262,-1.0687588504872214,0.4123900170997968,-0.8975029591088394,-0.036457799358352465,0.20127976047580787,-0.1632569369964243,0.8435474350697957,0.5396857242391349,-0.23940671397637736,1.1324859030326075,0.43313450435051737,9,bottle gourd,sandy Loamy soil
36119,0.8110716651870262,-1.0687588504872214,-0.6043429600973992,1.114202454544477,-0.6519615575001118,0.20127976047580787,-0.7945023772924388,0.8236212982732175,0.40580765847435246,-0.3813489914175309,1.5932574598463285,1.4607966209455259,9,bottle gourd,sandy Loamy soil
36125,0.8110716651870262,-1.0687588504872214,0.4123900170997968,1.114202454544477,-0.8058374970355525,0.20127976047580787,-0.2485603748742641,0.44053430211366,0.30216012368871514,-0.3872632529775791,-0.15650794577539473,1.2968079853186627,9,bottle gourd,sandy Loamy soil
36165,0.8110716651870262,-1.0687588504872214,0.4123900170997968,1.114202454544477,-0.9597134365709921,0.20127976047580787,-0.2656210624498323,0.7383037548061809,0.5871908443492186,0.37863361904864556,0.29259850833418105,0.8631491488831803,9,bottle gourd,sandy Loamy soil
36247,0.8110716651870262,-1.0687588504872214,0.9207565056983947,1.114202454544477,-0.8058374970355525,0.20127976047580787,-0.5385920636589193,0.07765409256471664,0.4317195421707623,0.387505011388718,-0.45396806473108775,1.53003626709909,9,bottle gourd,sandy Loamy soil
36312,0.8110716651870262,-1.0687588504872214,0.9207565056983947,-0.8975029591088394,-0.3442096784292314,0.20127976047580787,-0.6580168766878955,0.8067823094310392,0.40580765847435246,0.3224481342281892,0.8233606813727701,1.0708680873438736,9,bottle gourd,sandy Loamy soil
36364,0.8110716651870262,-1.0687588504872214,-0.6043429600973992,-0.8975029591088394,-0.6519615575001118,0.20127976047580787,-0.0779534991185845,0.40994347238370304,0.22442447259948697,0.10657758728643475,1.2549694814261287,1.1546845011087146,9,bottle gourd,sandy Loamy soil
36371,0.8110716651870262,-1.0687588504872214,-1.621075937294595,1.114202454544477,-0.3442096784292314,0.20127976047580787,-0.8627451275947109,0.3131192865411772,0.24169906173042624,0.49691885024960697,1.4532762273965902,1.2020589958453638,9,bottle gourd,sandy Loamy soil
36396,0.8110716651870262,-1.0687588504872214,-1.621075937294595,-0.8975029591088394,-0.49808561796467227,0.20127976047580787,-0.9139271903214149,0.7312875094552733,0.48786195684631595,0.3106196111080929,0.4267471894318463,0.6554302104224871,9,bottle gourd,sandy Loamy soil
36402,0.8110716651870262,-1.0687588504872214,0.9207565056983947,-0.8975029591088394,-0.49808561796467227,0.20127976047580787,-0.4362279382055119,0.8735769651716798,0.172600705206668,0.01490653310568943,0.46174249754428087,0.6481418266168492,9,bottle gourd,sandy Loamy soil
36410,0.8110716651870262,-1.0687588504872214,0.4123900170997968,-0.8975029591088394,-0.3442096784292314,0.20127976047580787,0.1438354393637991,0.8584218752137197,0.17691935248940266,0.30766248032806903,-0.004861610621511978,0.6991605132563173,9,bottle gourd,sandy Loamy soil
36412,0.8110716651870262,-1.0687588504872214,0.9207565056983947,-0.8975029591088394,-0.3442096784292314,0.20127976047580787,-0.4703493133566477,0.5887174039248294,0.2805668872750406,0.39637640372879,-0.302321729577205,1.0125610168987669,9,bottle gourd,sandy Loamy soil
36432,0.8110716651870262,-1.0687588504872214,0.9207565056983947,-0.8975029591088394,-0.8058374970355525,0.20127976047580787,-0.6068348139611915,0.12676781002107018,0.3194347128196544,0.39637640372879,0.6308864867543806,0.9396771788423833,9,bottle gourd,sandy Loamy soil
36473,0.8110716651870262,-1.0687588504872214,-0.09597647149880119,1.114202454544477,-0.8058374970355525,0.20127976047580787,-0.7603810021413029,0.6709477994374675,0.5612789606528095,-0.1743498368158485,1.6749131787753424,0.17804107115317488,9,bottle gourd,sandy Loamy soil
36490,0.8110716651870262,-1.0687588504872214,0.4123900170997968,-0.8975029591088394,-0.6519615575001118,0.20127976047580787,-0.8798058151702786,0.08410903828755155,0.5958281389146886,0.4466476269891987,1.0158348759911595,1.3806243990835037,9,bottle gourd,sandy Loamy soil
36504,0.8110716651870262,-1.0687588504872214,-0.6043429600973992,-0.8975029591088394,-0.9597134365709921,0.20127976047580787,0.26326025239277473,0.20254325981087276,0.18123799977213792,0.3431480496883575,1.8148944112250798,1.143751925400257,9,bottle gourd,sandy Loamy soil
36520,0.8110716651870262,-1.0687588504872214,0.4123900170997968,-0.8975029591088394,-0.19033373889379193,0.20127976047580787,0.21207818966607073,0.35156831106415126,0.5958281389146886,-0.0738073902950316,1.4532762273965902,0.6007673318801994,9,bottle gourd,sandy Loamy soil
36527,0.8110716651870262,-1.0687588504872214,0.9207565056983947,1.114202454544477,-0.8058374970355525,0.20127976047580787,-0.8627451275947109,0.7731043317466825,0.5483230188046049,0.2633055186277085,-0.1740055998316118,0.34567389868285686,9,bottle gourd,sandy Loamy soil
36553,0.8110716651870262,-1.0687588504872214,-0.09597647149880119,1.114202454544477,-0.6519615575001118,0.20127976047580787,0.33150300269504634,0.2684959661094046,0.5051365459772558,0.32836239578823734,0.7475375137958289,0.914167835522649,9,bottle gourd,sandy Loamy soil
36579,0.8110716651870262,-1.0687588504872214,-0.6043429600973992,1.114202454544477,-0.19033373889379193,0.20127976047580787,-0.0608928115430169,0.3731783467449466,0.32375336010238964,0.5028331118096551,0.1876125839968774,0.2982994039462077,9,bottle gourd,sandy Loamy soil
36582,0.8110716651870262,-1.0687588504872214,0.9207565056983947,-0.8975029591088394,-0.49808561796467227,0.20127976047580787,-0.7262596269901671,0.8738576149857166,0.5267297823909303,-0.360649075957363,1.1266533516805355,0.8558607650775418,9,bottle gourd,sandy Loamy soil
36716,0.8110716651870262,-1.0687588504872214,-1.621075937294595,-0.8975029591088394,-0.3442096784292314,0.20127976047580787,0.21207818966607073,0.04958911116108606,0.31511606553691973,-0.061978867174935295,1.1849788652012596,1.5154594994878134,9,bottle gourd,sandy Loamy soil
36739,0.8110716651870262,-1.0687588504872214,-0.6043429600973992,1.114202454544477,-0.49808561796467227,0.20127976047580787,0.3656243778461821,0.6897513369778995,0.40148901119161784,-0.200964013836065,1.0274999786953045,1.0089168249959475,9,bottle gourd,sandy Loamy soil
36745,0.8110716651870262,-1.0687588504872214,0.4123900170997968,1.114202454544477,-0.19033373889379193,0.20127976047580787,-0.8968665027458468,0.6872254886515732,0.2460177090131615,0.2958339572079727,0.6892120002751048,0.18532945495881334,9,bottle gourd,sandy Loamy soil
36822,0.8110716651870262,-1.0687588504872214,0.9207565056983947,-0.8975029591088394,-0.9597134365709921,0.20127976047580787,-0.2485603748742641,0.7531781949501051,0.5396857242391349,0.12727750274660266,1.8032293085209348,1.2895196015130244,9,bottle gourd,sandy Loamy soil
36840,0.8110716651870262,-1.0687588504872214,0.4123900170997968,-0.8975029591088394,-0.6519615575001118,0.20127976047580787,-1.1186554412282304,0.2014206605547276,0.4662687204326414,0.026735056225785737,-0.05152202143809151,1.1109541982748843,9,bottle gourd,sandy Loamy soil
36845,0.8110716651870262,-1.0687588504872214,0.4123900170997968,1.114202454544477,-0.8058374970355525,0.20127976047580787,-0.9992306281992548,0.36560080176596654,0.27624823999230536,-0.3872632529775791,0.10595686506786374,0.18532945495881334,9,bottle gourd,sandy Loamy soil
36878,0.8110716651870262,-1.0687588504872214,-0.09597647149880119,-0.8975029591088394,-0.19033373889379193,0.20127976047580787,-0.5044706885077835,0.2047884583231631,0.38853306934341325,0.08587767182626642,0.5608958705295116,0.4622880395730707,9,bottle gourd,sandy Loamy soil
36882,0.8110716651870262,-1.0687588504872214,0.9207565056983947,-0.8975029591088394,0.11741814017708838,0.20127976047580787,-0.4191672506299437,0.18205582338622256,0.24169906173042624,0.28696256486790067,0.07679410830750169,0.2764342525292928,9,bottle gourd,sandy Loamy soil
36900,0.8110716651870262,-1.0687588504872214,0.4123900170997968,-0.8975029591088394,-0.6519615575001118,0.20127976047580787,0.0073499387592553065,0.07737344275068028,0.5396857242391349,0.2633055186277085,0.36258912455904974,0.6991605132563173,9,bottle gourd,sandy Loamy soil
36904,0.8110716651870262,-1.0687588504872214,-0.6043429600973992,-0.8975029591088394,-0.8058374970355525,0.20127976047580787,0.07559268906152691,0.6310955258443119,0.3798957747779433,0.5294472888298716,0.45590994619220837,1.3988453585975997,9,bottle gourd,sandy Loamy soil
36941,0.8110716651870262,-1.0687588504872214,-1.621075937294595,1.114202454544477,-0.6519615575001118,0.20127976047580787,-0.6580168766878955,0.6768414455322297,0.5137738405427251,0.4348191038691024,0.8991838489497116,0.34567389868285686,9,bottle gourd,sandy Loamy soil
36970,0.8110716651870262,-1.0687588504872214,0.4123900170997968,-0.8975029591088394,-0.49808561796467227,0.20127976047580787,-0.7091989394145989,0.5017159615735746,0.28488553455777527,0.17459159522698744,1.336625200355142,0.6299208671027532,9,bottle gourd,sandy Loamy soil
36991,0.8110716651870262,-1.0687588504872214,-1.621075937294595,1.114202454544477,-0.6519615575001118,0.20127976047580787,-0.7091989394145989,0.6041531436968263,0.565597607935544,-0.15660705213570447,1.7740665517605727,1.3150289448327586,9,bottle gourd,sandy Loamy soil
36999,0.8110716651870262,-1.0687588504872214,-0.6043429600973992,1.114202454544477,-0.19033373889379193,0.20127976047580787,-0.35092450032767214,0.7660880863957749,0.37557712749520866,-0.1802640983758967,-0.07485222684638107,1.143751925400257,9,bottle gourd,sandy Loamy soil
37043,1.2888555453011261,-1.0687588504872214,-0.09597647149880119,1.114202454544477,0.4251700192479687,-0.9589474393101334,0.46798850329959013,0.6145371868161696,0.5180924878254604,-0.41683456077781944,0.3159287137424706,0.4258461205448789,7,bitter gourd,well-drained loamy soil
37076,1.2888555453011261,-1.0687588504872214,-1.621075937294595,-0.8975029591088394,0.5790459587834081,-0.9986294770878285,0.604474003904134,0.3759848448853097,0.5353670769563996,0.40820492684888593,0.788365373260336,0.4841531909899861,7,bitter gourd,well-drained loamy soil
37077,1.2888555453011261,-1.0687588504872214,0.9207565056983947,1.114202454544477,-0.19033373889379193,-1.0194153063999545,0.1438354393637991,0.45372484337336655,0.5137738405427251,0.4348191038691024,0.520068011065005,0.6262766751999337,7,bitter gourd,well-drained loamy soil
37085,1.2888555453011261,-1.0687588504872214,0.4123900170997968,1.114202454544477,0.11741814017708838,-1.008077581320613,0.502109878450726,0.7099581235885136,0.8247164448996384,-0.5676482305590452,-0.2381636647044084,0.6299208671027532,7,bitter gourd,well-drained loamy soil
37146,1.2888555453011261,-1.0687588504872214,-1.621075937294595,-0.8975029591088394,-0.036457799358352465,-0.9986294770878285,0.7068381293575413,0.19356246576171085,0.7901672666377593,-0.192092621495993,0.8991838489497116,0.7684001594098819,7,bitter gourd,well-drained loamy soil
37180,1.2888555453011261,-1.0687588504872214,0.4123900170997968,-0.8975029591088394,-0.036457799358352465,-1.0137464438602837,0.17795681451493492,0.633902023984675,0.8635842704442528,-0.5646910997790211,1.4299460219883011,0.8121304622437121,7,bitter gourd,well-drained loamy soil
37212,1.2888555453011261,-1.0687588504872214,0.9207565056983947,-0.8975029591088394,-0.036457799358352465,-0.9324927474583368,0.33150300269504634,0.7068709756341146,0.7297062046794703,-0.21870679851620903,0.40341698402355675,0.6627185942281255,7,bitter gourd,well-drained loamy soil
37222,1.2888555453011261,-1.0687588504872214,0.9207565056983947,-0.8975029591088394,0.11741814017708838,-0.9872917520084871,0.5703526287529982,0.2993674456533983,0.4317195421707623,-0.32516350659707455,1.365787957115504,1.0052726330931285,7,bitter gourd,well-drained loamy soil
37250,1.2888555453011261,-1.0687588504872214,0.4123900170997968,-0.8975029591088394,0.27129407971252784,-0.9835125103153732,0.38268506542175035,0.7366198559219628,0.8679029177269875,-0.5972195383592855,1.7215735895919215,0.6153440994914763,7,bitter gourd,well-drained loamy soil
37254,1.2888555453011261,-1.0687588504872214,-0.6043429600973992,-0.8975029591088394,0.5790459587834081,-1.0005190979343854,0.6385953790552698,0.09870282861743959,0.6087840807628931,0.5205758964897995,1.0916580435681014,0.2582132930151969,7,bitter gourd,well-drained loamy soil
37257,1.2888555453011261,-1.0687588504872214,0.9207565056983947,1.114202454544477,0.4251700192479687,-0.947609714230792,0.2461995648172065,0.6527055615251076,0.5051365459772558,-0.2660208909965938,1.412448367932084,0.670006978033764,7,bitter gourd,well-drained loamy soil
37279,1.2888555453011261,-1.0687588504872214,-0.6043429600973992,1.114202454544477,0.5790459587834081,-0.9702851643894749,0.8603843175376533,0.5558813756825821,0.36262118564700346,-0.47302004559827626,0.012636043434705087,1.3004521772214817,7,bitter gourd,well-drained loamy soil
37450,1.2888555453011261,-1.0687588504872214,0.4123900170997968,-0.8975029591088394,0.11741814017708838,-0.9721747852360318,0.2973816275439105,0.3016126441656886,0.5353670769563996,0.2159914261473237,1.4941040868610973,0.7210256646732327,7,bitter gourd,well-drained loamy soil
37457,1.2888555453011261,-1.0687588504872214,0.9207565056983947,1.114202454544477,0.27129407971252784,-0.966505922696361,0.7409595045086778,0.8177276521784553,0.6390146117420376,-0.16252131369575262,1.8498897193375148,0.917812027425468,7,bitter gourd,well-drained loamy soil
37472,1.2888555453011261,-1.0687588504872214,0.9207565056983947,-0.8975029591088394,0.27129407971252784,-0.9608370601566903,0.3997457529973185,0.06979589777170021,0.5267297823909303,-0.3369920297171704,0.5608958705295116,1.0417145521213202,7,bitter gourd,well-drained loamy soil
37475,1.2888555453011261,-1.0687588504872214,0.4123900170997968,1.114202454544477,0.4251700192479687,-1.0042983396274991,0.5874133163285657,0.6897513369778995,0.8031232084859639,-0.532162661198757,1.359955405763432,0.4404228881561558,7,bitter gourd,well-drained loamy soil
37485,1.2888555453011261,-1.0687588504872214,0.4123900170997968,1.114202454544477,-0.19033373889379193,-0.9438304725376782,0.3997457529973185,0.2828091066252563,0.8203977976169037,-0.4848485687183721,1.2724671354823458,1.4352872776257914,7,bitter gourd,well-drained loamy soil
37507,1.2888555453011261,-1.0687588504872214,0.9207565056983947,1.114202454544477,-0.19033373889379193,-0.9419408516911213,0.1950175020905025,0.35465545901855067,0.6433332590247722,0.4910045886895592,1.1091556976243184,0.13066657641652568,7,bitter gourd,well-drained loamy soil
37531,1.2888555453011261,-1.0687588504872214,-1.621075937294595,1.114202454544477,0.27129407971252784,-0.9759540269291456,0.09265337663709511,0.7343746574096724,0.36262118564700346,0.47326180400941475,-0.4131402052665807,0.38576000961386814,7,bitter gourd,well-drained loamy soil
37541,1.2888555453011261,-1.0687588504872214,-1.621075937294595,1.114202454544477,-0.036457799358352465,-0.9740644060825887,0.16089612693936672,0.7004160299112796,0.574234902501014,-0.06493599795495958,-0.22649856200026383,1.2676544500961093,7,bitter gourd,well-drained loamy soil
37550,1.2888555453011261,-1.0687588504872214,0.4123900170997968,-0.8975029591088394,0.11741814017708838,-0.9608370601566903,0.16089612693936672,0.5289389935350963,0.31079741825418505,-0.41683456077781944,0.9633419138225082,0.8959468760085532,7,bitter gourd,well-drained loamy soil
37551,1.2888555453011261,-1.0687588504872214,-1.621075937294595,1.114202454544477,0.11741814017708838,-0.9967398562412716,0.2461995648172065,0.6759994960901209,0.3539838910815341,-0.2334924524163292,1.4591087787486632,0.9032352598141916,7,bitter gourd,well-drained loamy soil
37627,1.2888555453011261,-1.0687588504872214,0.9207565056983947,1.114202454544477,0.11741814017708838,-0.9816228894688164,0.877445005113221,0.5210807987420799,0.36262118564700346,0.26921978018775666,-0.05735457279016359,1.4279988938201529,7,bitter gourd,well-drained loamy soil
37640,1.2888555453011261,-1.0687588504872214,0.4123900170997968,-0.8975029591088394,0.5790459587834081,-0.9835125103153732,0.07559268906152691,0.28505430513754665,0.7340248519622056,0.2928768264279488,1.7099084868877765,0.6226324832971147,7,bitter gourd,well-drained loamy soil
37644,1.2888555453011261,-1.0687588504872214,-0.6043429600973992,-0.8975029591088394,0.11741814017708838,-0.9608370601566903,0.48504919087515835,0.13125820704565114,0.5785535497837486,-0.05310747483486328,0.7708677192041185,1.5373246509047283,7,bitter gourd,well-drained loamy soil
37647,1.2888555453011261,-1.0687588504872214,0.9207565056983947,1.114202454544477,-0.19033373889379193,-0.9835125103153732,0.05853200148595931,0.33809711999040837,0.3583025383642688,0.11249184884648249,1.5990900111984006,0.4477112719617943,7,bitter gourd,well-drained loamy soil
37654,1.2888555453011261,-1.0687588504872214,-0.6043429600973992,-0.8975029591088394,0.11741814017708838,-1.0024087187809423,0.8262629423865175,0.6928384849322993,0.8117605030514338,-0.5380769227588049,1.5174342922693873,1.0453587440241392,7,bitter gourd,well-drained loamy soil
37657,1.2888555453011261,-1.0687588504872214,0.9207565056983947,1.114202454544477,-0.036457799358352465,-1.00996720216717,0.26326025239277473,0.6661767525988502,0.7556180883758802,-0.15069279057565632,1.389118162523794,0.46957642337870914,7,bitter gourd,well-drained loamy soil
37702,1.2888555453011261,-1.0687588504872214,0.9207565056983947,-0.8975029591088394,0.5790459587834081,-1.006187960474056,0.604474003904134,0.8258664967855078,0.617421375328363,0.298791087987997,0.35675657320697723,0.670006978033764,7,bitter gourd,well-drained loamy soil
37705,1.2888555453011261,-1.0687588504872214,0.4123900170997968,1.114202454544477,0.4251700192479687,-0.9646163018498042,0.5362312536018617,0.8401796373013598,0.522411135108195,0.2958339572079727,-0.45980061608316025,0.9105236436198295,7,bitter gourd,well-drained loamy soil
37724,1.2888555453011261,-1.0687588504872214,-0.6043429600973992,-0.8975029591088394,0.5790459587834081,-0.9759540269291456,0.43386712814845435,0.3507263616220421,0.42308224760529234,-0.49963422261849233,0.45007739484013587,0.2982994039462077,7,bitter gourd,well-drained loamy soil
37815,1.2888555453011261,-1.0687588504872214,0.4123900170997968,1.114202454544477,0.27129407971252784,-0.9986294770878285,0.5703526287529982,0.10712232303852877,0.8679029177269875,0.156848810546843,-0.23233111335233592,1.522747883293452,7,bitter gourd,well-drained loamy soil
37827,1.2888555453011261,-1.0687588504872214,0.9207565056983947,1.114202454544477,0.4251700192479687,-0.9797332686222594,0.21207818966607073,0.3939464329836335,0.6519705535902421,-0.020579036254599066,-0.3781448971541462,0.917812027425468,7,bitter gourd,well-drained loamy soil
37832,1.2888555453011261,-1.0687588504872214,0.9207565056983947,-0.8975029591088394,0.11741814017708838,-1.008077581320613,0.5191705660262941,0.46186368798041966,0.3798957747779433,0.3106196111080929,-0.1740055998316118,1.0745122792466926,7,bitter gourd,well-drained loamy soil
37846,1.2888555453011261,-1.0687588504872214,-1.621075937294595,-0.8975029591088394,0.4251700192479687,-1.006187960474056,0.8092022548109493,0.0829864390314064,0.31511606553691973,-0.20983540617613702,1.7274061409439936,1.2494334905820135,7,bitter gourd,well-drained loamy soil
37875,1.2888555453011261,-1.0687588504872214,0.4123900170997968,1.114202454544477,0.4251700192479687,-0.9967398562412716,0.22913887724163892,0.7952756670555509,0.4446754840189669,-0.5706053613390693,1.7040759355357045,0.5424602614350927,7,bitter gourd,well-drained loamy soil
37909,1.2888555453011261,-1.0687588504872214,-0.6043429600973992,1.114202454544477,0.4251700192479687,-0.9967398562412716,0.5874133163285657,0.8283923451118349,0.427400894888027,-0.18322122915592096,1.2549694814261287,0.6590744023253066,7,bitter gourd,well-drained loamy soil
37912,1.2888555453011261,-1.0687588504872214,0.9207565056983947,-0.8975029591088394,-0.036457799358352465,-1.0156360647068405,0.8092022548109493,0.4060143749871945,0.5612789606528095,0.5176187657097753,0.26926830292589105,1.329605712444035,7,bitter gourd,well-drained loamy soil
37976,1.2888555453011261,-1.0687588504872214,-1.621075937294595,-0.8975029591088394,-0.19033373889379193,-0.9816228894688164,0.7238988169331095,0.8615090231681188,0.37557712749520866,-0.19504975227601684,0.9925046705828703,0.9651865221621172,7,bitter gourd,well-drained loamy soil
37983,1.2888555453011261,-1.0687588504872214,-0.09597647149880119,1.114202454544477,0.4251700192479687,-0.9551681976170197,0.16089612693936672,0.4576539407698751,0.5612789606528095,-0.6060909306993578,1.400783265227939,0.8595049569803613,7,bitter gourd,well-drained loamy soil
38072,0.8110716651870262,-1.0687588504872214,0.9207565056983947,-0.8975029591088394,-0.8058374970355525,0.20127976047580787,0.2461995648172065,0.6341826737987111,-0.06492489534375176,-0.5735624921190934,0.2576032002217465,0.2837226363349313,3,ash gourd,sandy Loamy soil
38105,0.8110716651870262,-1.0687588504872214,0.4123900170997968,1.114202454544477,-0.9597134365709921,0.20127976047580787,0.9456877554154931,0.8500023807926306,-0.02605706979913799,0.31653387266814104,0.776700270556191,0.750179199895786,3,ash gourd,sandy Loamy soil
38125,0.8110716651870262,-1.0687588504872214,0.4123900170997968,1.114202454544477,-0.3442096784292314,0.20127976047580787,0.502109878450726,0.46803798388921786,0.1337328796620536,-0.2334924524163292,0.27510085427796355,1.4644408128483448,3,ash gourd,sandy Loamy soil
38150,0.8110716651870262,-1.0687588504872214,0.4123900170997968,-0.8975029591088394,-0.19033373889379193,0.20127976047580787,1.0309911932933329,0.42902765973817175,-0.19448431382579892,-0.020579036254599066,0.3392589191507602,0.43313450435051737,3,ash gourd,sandy Loamy soil
38153,0.8110716651870262,-1.0687588504872214,-0.09597647149880119,1.114202454544477,-0.6519615575001118,0.20127976047580787,0.2461995648172065,0.7930304685432606,-0.4751963872035677,0.3401909189083332,1.35412285441136,0.5752579885604655,3,ash gourd,sandy Loamy soil
38187,0.8110716651870262,-1.0687588504872214,0.9207565056983947,1.114202454544477,-0.19033373889379193,0.20127976047580787,0.7750808796598135,0.4326761073206436,0.04735993400735551,0.47621893478943905,0.6367190381064531,1.2348567229707366,3,ash gourd,sandy Loamy soil
38242,0.8110716651870262,-1.0687588504872214,0.9207565056983947,-0.8975029591088394,0.11741814017708838,0.20127976047580787,-0.0779534991185845,0.2777574099726026,0.05599722857282544,-0.2689780217766177,0.3334263677986877,1.0453587440241392,3,ash gourd,sandy Loamy soil
38248,0.8110716651870262,-1.0687588504872214,-0.09597647149880119,-0.8975029591088394,-0.19033373889379193,0.20127976047580787,0.3656243778461821,0.5522329281001096,-0.20312160839126883,-0.31037785269695434,1.1033231462722457,1.2348567229707366,3,ash gourd,sandy Loamy soil
38293,0.8110716651870262,-1.0687588504872214,-0.09597647149880119,1.114202454544477,-0.036457799358352465,0.20127976047580787,0.655656066630838,0.6021885949985726,-0.5874812165546753,0.2899196956479245,0.05346390289921213,0.3092319796546651,3,ash gourd,sandy Loamy soil
38304,0.8110716651870262,-1.0687588504872214,-0.6043429600973992,-0.8975029591088394,-0.036457799358352465,0.20127976047580787,0.604474003904134,0.4750542292401255,-0.4536031507898932,0.4821331963494868,0.6775468975709598,0.7647559675070624,3,ash gourd,sandy Loamy soil
38308,0.8110716651870262,-1.0687588504872214,-0.09597647149880119,-0.8975029591088394,-0.19033373889379193,0.20127976047580787,0.0073499387592553065,0.7096774737744777,-0.25062672850135254,0.4791760655694629,1.1208208003284634,0.9105236436198295,3,ash gourd,sandy Loamy soil
38316,0.8110716651870262,-1.0687588504872214,-1.621075937294595,-0.8975029591088394,-0.3442096784292314,0.20127976047580787,0.28032093996834234,0.15062304421415618,-0.1815283719775943,-0.5706053613390693,1.8382246166333698,1.2275683391650982,3,ash gourd,sandy Loamy soil
38323,0.8110716651870262,-1.0687588504872214,-0.09597647149880119,1.114202454544477,-0.036457799358352465,0.20127976047580787,0.5703526287529982,0.3776687437695276,-0.5788439219892056,-0.16252131369575262,0.04179880019506714,1.1510403092058956,3,ash gourd,sandy Loamy soil
38326,0.8110716651870262,-1.0687588504872214,-1.621075937294595,-0.8975029591088394,-0.036457799358352465,0.20127976047580787,0.43386712814845435,0.5300615927912419,-0.833644111670565,-0.5794767536791413,1.5290993949735323,1.3624034395694078,3,ash gourd,sandy Loamy soil
38331,0.8110716651870262,-1.0687588504872214,-1.621075937294595,1.114202454544477,0.11741814017708838,0.20127976047580787,0.7068381293575413,0.1290130085333605,-0.3974607361143396,-0.42570595311789144,1.7215735895919215,1.4753733885568021,3,ash gourd,sandy Loamy soil
38332,0.8110716651870262,-1.0687588504872214,0.9207565056983947,-0.8975029591088394,-0.6519615575001118,0.20127976047580787,0.09265337663709511,0.14192289997903063,-0.33268102687331597,-0.5055484841785405,-0.045689470086019014,1.2494334905820135,3,ash gourd,sandy Loamy soil
38333,0.8110716651870262,-1.0687588504872214,-0.09597647149880119,1.114202454544477,-0.19033373889379193,0.20127976047580787,0.9115663802643573,0.7672106856519203,-0.5442947437273262,0.4259477115290304,0.8291932327248426,1.0708680873438736,3,ash gourd,sandy Loamy soil
38355,0.8110716651870262,-1.0687588504872214,0.4123900170997968,1.114202454544477,-0.6519615575001118,0.20127976047580787,1.0139305057177648,0.5334293905596776,-0.39314208883160456,-0.29854932957685804,1.6807457301274145,0.7428908160901475,3,ash gourd,sandy Loamy soil
38368,0.8110716651870262,-1.0687588504872214,-0.09597647149880119,-0.8975029591088394,-0.8058374970355525,0.20127976047580787,0.502109878450726,0.8519669294908848,-0.22903349208767804,-0.4789343071583244,1.1791463138491876,0.3638948581969528,3,ash gourd,sandy Loamy soil
38369,0.8110716651870262,-1.0687588504872214,-0.6043429600973992,1.114202454544477,-0.6519615575001118,0.20127976047580787,0.05853200148595931,0.40236592740472266,-0.8768305844979141,0.04447784090592977,1.3249600976509979,0.9870516735790326,3,ash gourd,sandy Loamy soil
38380,0.8110716651870262,-1.0687588504872214,0.4123900170997968,-0.8975029591088394,-0.8058374970355525,0.20127976047580787,0.43386712814845435,0.24127293414788284,-0.2894945540459669,0.5087473733697032,1.5524296003818214,0.45864384767025174,3,ash gourd,sandy Loamy soil
38440,0.8110716651870262,-1.0687588504872214,0.4123900170997968,-0.8975029591088394,-0.49808561796467227,0.20127976047580787,0.3485636902706145,0.6106080894196618,-0.4579217980726282,0.2899196956479245,0.39175188131941174,1.2712986419989285,3,ash gourd,sandy Loamy soil
38473,0.8110716651870262,-1.0687588504872214,-0.09597647149880119,1.114202454544477,-0.6519615575001118,0.20127976047580787,-0.1291355618452885,0.750652346623778,-0.4838336817690376,-0.49076283027842027,1.6515829733670526,0.7720443513127009,3,ash gourd,sandy Loamy soil
38494,0.8110716651870262,-1.0687588504872214,-0.6043429600973992,-0.8975029591088394,-0.49808561796467227,0.20127976047580787,1.0480518808689006,0.2261178441899224,-0.17720972469485965,-0.62974797693955,-0.16817304847953973,0.323808747265942,3,ash gourd,sandy Loamy soil
38539,0.8110716651870262,-1.0687588504872214,-0.6043429600973992,1.114202454544477,-0.3442096784292314,0.20127976047580787,-0.0779534991185845,0.4876834708717593,-0.6090744529683498,-0.5765196228991175,1.1383184543846805,1.2968079853186627,3,ash gourd,sandy Loamy soil
38569,0.8110716651870262,-1.0687588504872214,-0.6043429600973992,1.114202454544477,-0.9597134365709921,0.20127976047580787,0.2973816275439105,0.35493610883258675,0.0862277595519699,0.47621893478943905,-0.4014751025624361,1.0890890468579695,3,ash gourd,sandy Loamy soil
38641,0.8110716651870262,-1.0687588504872214,-1.621075937294595,1.114202454544477,-0.6519615575001118,0.20127976047580787,0.5362312536018617,0.46803798388921786,-0.5356574491618566,-0.6179194538194539,1.30746244359478,0.5169509181153584,3,ash gourd,sandy Loamy soil
38656,0.8110716651870262,-1.0687588504872214,-1.621075937294595,-0.8975029591088394,-0.49808561796467227,0.20127976047580787,0.5191705660262941,0.3922625340994153,-0.5917998638374102,0.2958339572079727,0.5375656651212221,0.7100930889647747,3,ash gourd,sandy Loamy soil
38694,0.8110716651870262,-1.0687588504872214,-0.6043429600973992,-0.8975029591088394,-0.6519615575001118,0.20127976047580787,0.5362312536018617,0.13294210592986905,0.11213964324837908,0.44369049620917445,0.8466908867810601,0.8522165731747229,3,ash gourd,sandy Loamy soil
38732,0.8110716651870262,-1.0687588504872214,0.9207565056983947,-0.8975029591088394,-0.6519615575001118,0.20127976047580787,0.877445005113221,0.7919078692871151,-0.8595559953669745,0.22190568770737185,0.49090525430464294,0.4112693529336025,3,ash gourd,sandy Loamy soil
38738,0.8110716651870262,-1.0687588504872214,-0.09597647149880119,-0.8975029591088394,-0.8058374970355525,0.20127976047580787,-0.026771436391880492,0.12985495797546961,-0.12970460458477534,-0.15660705213570447,0.15844982723651535,0.38940420151668714,3,ash gourd,sandy Loamy soil
38749,0.8110716651870262,-1.0687588504872214,-0.6043429600973992,1.114202454544477,-0.3442096784292314,0.20127976047580787,0.8945056926887891,0.37879134302567274,-0.36291155785246043,0.14206315664672284,-0.2731589728168429,1.1911264201369063,3,ash gourd,sandy Loamy soil
38766,0.8110716651870262,-1.0687588504872214,-1.621075937294595,-0.8975029591088394,-0.8058374970355525,0.20127976047580787,0.1950175020905025,0.05969250446639313,-0.3542742632869905,0.4377762346491263,0.9166815030059288,0.5971231399773804,3,ash gourd,sandy Loamy soil
38781,0.8110716651870262,-1.0687588504872214,-1.621075937294595,1.114202454544477,-0.3442096784292314,0.20127976047580787,0.21207818966607073,0.7220260655920747,-0.40177938339707453,0.42890484230905424,1.6865782814794867,0.9761190978705752,3,ash gourd,sandy Loamy soil
38839,0.8110716651870262,-1.0687588504872214,-0.6043429600973992,1.114202454544477,-0.6519615575001118,0.20127976047580787,-0.0779534991185845,0.21433055200039774,-0.013101127950932786,-0.5735624921190934,1.0799929408639564,1.0307819764128627,3,ash gourd,sandy Loamy soil
38850,0.8110716651870262,-1.0687588504872214,0.4123900170997968,-0.8975029591088394,-0.036457799358352465,0.20127976047580787,0.979809130566629,0.571317115454579,-0.5011082708999772,-0.03240755937469495,1.1558161084408975,0.14888753593062157,3,ash gourd,sandy Loamy soil
38863,0.8110716651870262,-1.0687588504872214,-0.09597647149880119,1.114202454544477,-0.036457799358352465,0.20127976047580787,0.1438354393637991,0.11694506652979947,-0.2679013176322924,0.11544897962650677,-0.37231234580207406,1.2348567229707366,3,ash gourd,sandy Loamy soil
38912,0.8110716651870262,-1.0687588504872214,0.9207565056983947,-0.8975029591088394,-0.9597134365709921,0.20127976047580787,0.7580201920842453,0.04425676469439631,0.1466888215102582,0.0651777563660981,-0.33731703768963955,0.8631491488831803,3,ash gourd,sandy Loamy soil
38926,0.8110716651870262,-1.0687588504872214,-1.621075937294595,-0.8975029591088394,-0.3442096784292314,0.20127976047580787,0.6215346914797015,0.15314889254048286,-0.375867499700665,-0.008750513134502761,1.4882715355090252,1.2275683391650982,3,ash gourd,sandy Loamy soil
38945,0.8110716651870262,-1.0687588504872214,0.4123900170997968,1.114202454544477,-0.8058374970355525,0.20127976047580787,0.502109878450726,0.2794413088568205,-0.3154064377423764,0.49987598102963127,-0.16234049712746723,1.5191036913906324,3,ash gourd,sandy Loamy soil
39060,-1.100063855269374,-1.0687588504872214,0.4123900170997968,-0.8975029591088394,0.11741814017708838,0.20127976047580787,0.7409595045086778,1.6279636653012706,-0.42769126709348404,0.2603483878476842,0.5317331137691496,-0.33943417904714857,20,cucumber,Loamy soil
39091,-1.100063855269374,-1.0687588504872214,-1.621075937294595,-0.8975029591088394,0.8867978378542885,0.20127976047580787,0.4168064405728861,1.504477747125296,-0.07788083719195636,0.5501472042900399,-0.28482407552098793,-0.37587609807534034,20,cucumber,Loamy soil
39132,-1.100063855269374,-1.0687588504872214,0.9207565056983947,-0.8975029591088394,1.0406737773897279,0.20127976047580787,0.26326025239277473,1.5833403448694976,-0.41041667796254416,-0.3872632529775791,0.40341698402355675,-0.4852018551599157,20,cucumber,Loamy soil
39157,-1.100063855269374,-1.0687588504872214,0.9207565056983947,-0.8975029591088394,0.8867978378542885,0.20127976047580787,0.22913887724163892,1.3327200609350767,-0.26358267034955774,-0.49076283027842027,-0.16817304847953973,-0.49977862277119234,20,cucumber,Loamy soil
39173,-1.100063855269374,-1.0687588504872214,-0.09597647149880119,-0.8975029591088394,-0.19033373889379193,0.20127976047580787,0.7921415672353811,1.256944611145274,-0.21175890295673877,0.03856357934588162,-0.28482407552098793,-0.3175690276302334,20,cucumber,Loamy soil
39175,-1.100063855269374,-1.0687588504872214,0.4123900170997968,-0.8975029591088394,1.1945497169251689,0.20127976047580787,0.07559268906152691,1.2081115435029566,-0.06492489534375176,-0.19504975227601684,0.1234545191240808,-0.430538976617628,20,cucumber,Loamy soil
39178,-1.100063855269374,-1.0687588504872214,-0.09597647149880119,-0.8975029591088394,-0.036457799358352465,0.20127976047580787,0.9627484429910608,1.045615301175936,-0.41041667796254416,0.5205758964897995,0.520068011065005,-0.10985008916954016,20,cucumber,Loamy soil
39183,-1.100063855269374,-1.0687588504872214,-0.09597647149880119,-0.8975029591088394,0.7329218983188477,0.20127976047580787,1.4575083826825315,1.018392269214414,-0.4147353252452791,-0.11816435199539212,0.3859193299673393,0.05413854645732288,20,cucumber,Loamy soil
39200,-1.100063855269374,-1.0687588504872214,0.4123900170997968,-0.8975029591088394,0.8867978378542885,0.20127976047580787,1.7134186963160507,1.1152164550569397,-0.26358267034955774,-0.04423608249479126,-0.45396806473108775,-0.5763066527303952,20,cucumber,Loamy soil
39201,-1.100063855269374,-1.0687588504872214,-1.621075937294595,-0.8975029591088394,0.4251700192479687,0.20127976047580787,1.730479383891619,1.3874467746721564,-0.2074402556740035,0.15389167976681914,0.1992776867010224,-0.13900362439209374,20,cucumber,Loamy soil
39256,-1.100063855269374,-1.0687588504872214,-1.621075937294595,-0.8975029591088394,1.3484256564606083,0.20127976047580787,0.6727167542064055,1.2255118319732077,-0.08219948447469164,-0.20983540617613702,0.3392589191507602,-0.5835950365360334,20,cucumber,Loamy soil
39304,-1.100063855269374,-1.0687588504872214,-0.6043429600973992,-0.8975029591088394,1.3484256564606083,0.20127976047580787,1.1845373814734443,1.4584511776233415,-0.375867499700665,0.3313195265682612,-0.10401498360674312,-0.14629200819773194,20,cucumber,Loamy soil
39305,-1.100063855269374,-1.0687588504872214,0.4123900170997968,-0.8975029591088394,0.8867978378542885,0.20127976047580787,1.3722049448046916,1.6285249649293427,-0.1253859573020407,0.4259477115290304,-0.44813551337901525,0.0942246573883339,20,cucumber,Loamy soil
39313,-1.100063855269374,-1.0687588504872214,-0.09597647149880119,-0.8975029591088394,0.4251700192479687,0.20127976047580787,1.6622366335893475,1.1059550111937417,-0.375867499700665,0.0770062794861944,-0.22649856200026383,-0.5435089256050223,20,cucumber,Loamy soil
39340,-1.100063855269374,-1.0687588504872214,0.4123900170997968,-0.8975029591088394,0.11741814017708838,0.20127976047580787,0.05853200148595931,1.1289682959447183,-0.05196895349554718,0.16572020288691544,0.2576032002217465,-0.4268947847148088,20,cucumber,Loamy soil
39357,-1.100063855269374,-1.0687588504872214,0.9207565056983947,-0.8975029591088394,0.27129407971252784,0.20127976047580787,0.16089612693936672,1.2858515419910135,-0.2592640230668225,-0.3044635911369062,-0.1740055998316118,-0.11713847297517861,20,cucumber,Loamy soil
39358,-1.100063855269374,-1.0687588504872214,-0.09597647149880119,-0.8975029591088394,0.27129407971252784,0.20127976047580787,1.2698408193512847,0.8996773978770568,-0.2333521393704133,-0.532162661198757,0.3217612650945431,-0.30663645192177574,20,cucumber,Loamy soil
39360,-1.100063855269374,-1.0687588504872214,0.4123900170997968,-0.8975029591088394,0.8867978378542885,0.20127976047580787,1.5598725081359395,1.6563092965189372,-0.44064720894168863,0.16276307210689114,0.5725609732336566,0.07235950597141877,20,cucumber,Loamy soil
39377,-1.100063855269374,-1.0687588504872214,0.9207565056983947,-0.8975029591088394,0.27129407971252784,0.20127976047580787,1.3722049448046916,1.5780079984028077,-0.06492489534375176,-0.3872632529775791,0.5375656651212221,-0.38680867378379774,20,cucumber,Loamy soil
39411,-1.100063855269374,-1.0687588504872214,-1.621075937294595,-0.8975029591088394,-0.19033373889379193,0.20127976047580787,1.5598725081359395,1.3248618661420601,-0.0735621899092217,-0.03832182093474311,-0.16817304847953973,-0.03696625111315659,20,cucumber,Loamy soil
39425,-1.100063855269374,-1.0687588504872214,0.4123900170997968,-0.8975029591088394,-0.036457799358352465,0.20127976047580787,1.730479383891619,1.5566786125360486,-0.328362379590581,-0.3074207219169301,0.5550633191774396,-0.37587609807534034,20,cucumber,Loamy soil
39432,-1.100063855269374,-1.0687588504872214,0.9207565056983947,-0.8975029591088394,-0.036457799358352465,0.20127976047580787,1.611054570862644,1.469115870556721,-0.44064720894168863,-0.3813489914175309,-0.4014751025624361,-0.20459907864283886,20,cucumber,Loamy soil
39481,-1.100063855269374,-1.0687588504872214,-1.621075937294595,-0.8975029591088394,0.8867978378542885,0.20127976047580787,1.30396219450242,1.711036010256017,-0.3542742632869905,0.26921978018775666,-0.1856707025357568,-0.09162912965544426,20,cucumber,Loamy soil
39497,-1.100063855269374,-1.0687588504872214,0.9207565056983947,-0.8975029591088394,0.5790459587834081,0.20127976047580787,0.17795681451493492,1.215408438667901,-0.34995561600425557,0.12432037196657879,0.3334263677986877,-0.11349428107235938,20,cucumber,Loamy soil
39586,-1.100063855269374,-1.0687588504872214,-1.621075937294595,-0.8975029591088394,1.1945497169251689,0.20127976047580787,1.406326319955828,1.0711544342532395,-0.22903349208767804,-0.4109202992177713,0.1934451353489499,0.03956177884604621,20,cucumber,Loamy soil
39609,-1.100063855269374,-1.0687588504872214,-0.6043429600973992,-0.8975029591088394,0.4251700192479687,0.20127976047580787,0.7409595045086778,1.3840789769037205,-0.4838336817690376,0.30470534954804473,-0.33148448633756705,-0.08069655394698683,20,cucumber,Loamy soil
39645,-1.100063855269374,-1.0687588504872214,0.4123900170997968,-0.8975029591088394,1.1945497169251689,0.20127976047580787,1.4404476951069645,1.4435767374794175,-0.1599351355639198,0.0030780099855935448,-0.15650794577539473,0.10880142499961055,20,cucumber,Loamy soil
39671,-1.100063855269374,-1.0687588504872214,-1.621075937294595,-0.8975029591088394,0.7329218983188477,0.20127976047580787,1.4745690702580996,1.0254085145653218,-0.4363285616589536,-0.1891354907159687,0.2051102380530949,-0.5252879660909264,20,cucumber,Loamy soil
39675,-1.100063855269374,-1.0687588504872214,0.4123900170997968,-0.8975029591088394,1.1945497169251689,0.20127976047580787,1.2357194442001485,0.9976241829757272,-0.1253859573020407,-0.3310777681571227,0.28676595698210855,-0.4268947847148088,20,cucumber,Loamy soil
39718,-1.100063855269374,-1.0687588504872214,-0.09597647149880119,-0.8975029591088394,1.0406737773897279,0.20127976047580787,1.730479383891619,1.6262797664170523,-0.3542742632869905,-0.15956418291572835,0.05346390289921213,0.05049435455450364,20,cucumber,Loamy soil
39724,-1.100063855269374,-1.0687588504872214,-0.6043429600973992,-0.8975029591088394,0.8867978378542885,0.20127976047580787,1.6963580087404837,1.0498250483864804,-0.44064720894168863,-0.5410340535388289,-0.261493870112698,-0.0770523620441676,20,cucumber,Loamy soil
39740,-1.100063855269374,-1.0687588504872214,0.4123900170997968,-0.8975029591088394,1.1945497169251689,0.20127976047580787,0.9456877554154931,1.591759839290587,-0.4579217980726282,-0.03832182093474311,0.27510085427796355,-0.3430783709499675,20,cucumber,Loamy soil
39744,-1.100063855269374,-1.0687588504872214,-0.6043429600973992,-0.8975029591088394,-0.036457799358352465,0.20127976047580787,1.3551442572291246,1.5909178898484782,-0.22471484480494336,-0.3044635911369062,0.5958911786419462,-0.05518721062725248,20,cucumber,Loamy soil
39808,-1.100063855269374,-1.0687588504872214,-0.09597647149880119,-0.8975029591088394,1.1945497169251689,0.20127976047580787,1.3380835696535565,1.334684609633331,-0.2981318486114369,-0.49963422261849233,0.15844982723651535,-0.13900362439209374,20,cucumber,Loamy soil
39841,-1.100063855269374,-1.0687588504872214,-1.621075937294595,-0.8975029591088394,-0.036457799358352465,0.20127976047580787,0.55329194117743,1.6192635210661448,-0.1469791937157152,-0.2482781063164494,0.08845921101164668,-0.42325059281198957,20,cucumber,Loamy soil
39845,-1.100063855269374,-1.0687588504872214,0.4123900170997968,-0.8975029591088394,1.1945497169251689,0.20127976047580787,1.508690445409236,1.2785546468260698,-0.25062672850135254,0.17459159522698744,0.012636043434705087,-0.5690182689247567,20,cucumber,Loamy soil
39905,-1.100063855269374,-1.0687588504872214,0.4123900170997968,-0.8975029591088394,0.5790459587834081,0.20127976047580787,1.5257511329848041,1.6725869857330429,-0.31108779045964147,-0.200964013836065,0.04179880019506714,-0.20459907864283886,20,cucumber,Loamy soil
39914,-1.100063855269374,-1.0687588504872214,-0.6043429600973992,-0.8975029591088394,1.1945497169251689,0.20127976047580787,0.05853200148595931,1.4508736326443612,-0.2679013176322924,0.026735056225785737,-0.4248053079707257,-0.24468518957384985,20,cucumber,Loamy soil
39958,-1.100063855269374,-1.0687588504872214,-0.09597647149880119,-0.8975029591088394,0.27129407971252784,0.20127976047580787,1.5428118205603711,1.1222327004078472,-0.24198943393588324,-0.27193515255664197,0.11178941641993623,-0.5580856932162992,20,cucumber,Loamy soil
39991,-1.100063855269374,-1.0687588504872214,-1.621075937294595,-0.8975029591088394,0.11741814017708838,0.20127976047580787,0.05853200148595931,1.1682592699098011,-0.3585929105697255,0.5442329427299918,-0.2964891782251325,-0.3321457952415101,20,cucumber,Loamy soil
40079,-0.9089503032237339,-1.0687588504872214,-0.6043429600973992,-0.8975029591088394,-0.036457799358352465,-0.6112572035436624,0.21207818966607073,0.5679493176861432,0.27624823999230536,0.9907596905136208,-0.09234988090259813,0.42220192864205996,55,watermelon,Sandy soil
40126,-0.9089503032237339,-1.0687588504872214,-1.621075937294595,-0.8975029591088394,-0.19033373889379193,-0.5848025116918656,-0.009710748816312897,0.5536361771702911,0.1941939416203425,0.736446443431554,0.29259850833418105,0.6627185942281255,55,watermelon,Sandy soil
40128,-0.9089503032237339,-1.0687588504872214,-0.09597647149880119,-0.8975029591088394,0.4251700192479687,-0.6698354497869264,0.12677475178823092,0.6367085221250381,0.22442447259948697,0.3993335345088139,0.3100961623903981,1.2567218743876516,55,watermelon,Sandy soil
40175,-0.9089503032237339,-1.0687588504872214,0.4123900170997968,-0.8975029591088394,-0.3442096784292314,-0.743530662802646,0.33150300269504634,0.41415321959424767,0.5353670769563996,0.5324044196098955,-0.10984753495881562,1.1473961173030762,55,watermelon,Sandy soil
40217,-0.9089503032237339,-1.0687588504872214,0.9207565056983947,-0.8975029591088394,-0.6519615575001118,-0.5224450237554877,0.05853200148595931,0.6496184135707079,0.37557712749520866,1.1120020524946064,-0.45980061608316025,0.6335650590055721,55,watermelon,Sandy soil
40232,-0.9089503032237339,-1.0687588504872214,0.9207565056983947,-0.8975029591088394,0.27129407971252784,-0.6887316582524955,0.22913887724163892,0.5059257087841191,0.4317195421707623,0.22781994926742,-0.261493870112698,0.7756885432155204,55,watermelon,Sandy soil
40270,-0.9089503032237339,-1.0687588504872214,0.4123900170997968,-0.8975029591088394,-0.6519615575001118,-0.49976957359680474,-0.09501418669415271,0.07484759442435358,0.38421442206067796,0.5560614658500876,-0.13317774036710517,1.2749428339017475,55,watermelon,Sandy soil
40278,-0.9089503032237339,-1.0687588504872214,-0.09597647149880119,-0.8975029591088394,-0.3442096784292314,-0.69817976248528,0.31444231511947873,0.20871755571967163,0.33670930195059423,1.020330998313861,0.263435751573819,1.0818006630523311,55,watermelon,Sandy soil
40335,-0.9089503032237339,-1.0687588504872214,0.4123900170997968,-0.8975029591088394,-0.3442096784292314,-0.5791336491521949,0.0073499387592553065,0.3709331482326563,0.48354330956358127,0.7157465279713857,0.16428237858858785,0.39304839341950665,55,watermelon,Sandy soil
40349,-0.9089503032237339,-1.0687588504872214,-0.6043429600973992,-0.8975029591088394,-0.036457799358352465,-0.47331488174500824,-0.09501418669415271,0.8514056298628121,0.3669398329297387,0.6477325200308329,-0.4248053079707257,0.15617591973625977,55,watermelon,Sandy soil
40353,-0.9089503032237339,-1.0687588504872214,-0.09597647149880119,-0.8975029591088394,0.5790459587834081,-0.5545685781469551,0.2461995648172065,0.6835770410691013,0.4749060149981113,0.4939617194695831,0.024301146138850073,1.325961520541216,55,watermelon,Sandy soil
40356,-0.9089503032237339,-1.0687588504872214,-1.621075937294595,-0.8975029591088394,-0.036457799358352465,-0.5148865403692603,0.1438354393637991,0.09617698029111289,0.3712584802124734,0.19529151068715578,-0.004861610621511978,0.9906958654818515,55,watermelon,Sandy soil
40383,-0.9089503032237339,-1.0687588504872214,-0.09597647149880119,-0.8975029591088394,1.1945497169251689,-0.5337827488348293,-0.11207487426972029,0.7290423109429823,0.4662687204326414,1.0587736984541736,-0.3956425512103636,1.0672238954410547,55,watermelon,Sandy soil
40387,-0.9089503032237339,-1.0687588504872214,0.9207565056983947,-0.8975029591088394,1.1945497169251689,-0.6736146914800403,0.0073499387592553065,0.6886287377217547,0.21146853075128177,0.6684324354910013,0.6717143462188877,0.7465350079929665,55,watermelon,Sandy soil
40393,-0.9089503032237339,-1.0687588504872214,-0.09597647149880119,-0.8975029591088394,-0.6519615575001118,-0.5545685781469551,0.33150300269504634,0.8157631034802011,0.49649925141178586,0.7187036587514095,0.030133697490922567,1.3004521772214817,55,watermelon,Sandy soil
40404,-0.9089503032237339,-1.0687588504872214,-0.6043429600973992,-0.8975029591088394,0.7329218983188477,-0.6566081038610283,-0.026771436391880492,0.14669394681764797,0.17691935248940266,0.8931743747728278,0.36258912455904974,0.3092319796546651,55,watermelon,Sandy soil
40454,-0.9089503032237339,-1.0687588504872214,-0.6043429600973992,-0.8975029591088394,1.0406737773897279,-0.5205554029089309,-0.0779534991185845,0.7416715525746161,0.4533127785844368,0.18937724912710763,0.32759381644661517,0.8959468760085532,55,watermelon,Sandy soil
40487,-0.9089503032237339,-1.0687588504872214,0.9207565056983947,-0.8975029591088394,0.27129407971252784,-0.5866921325384227,0.21207818966607073,0.5126613043209908,0.40580765847435246,0.9996310828536928,-0.10984753495881562,1.340538288152493,55,watermelon,Sandy soil
40511,-0.9089503032237339,-1.0687588504872214,-1.621075937294595,-0.8975029591088394,0.8867978378542885,-0.5866921325384227,0.22913887724163892,0.11357726876136368,0.21146853075128177,1.1356590987347988,-0.4656331674352323,0.6189882913942952,55,watermelon,Sandy soil
40535,-0.9089503032237339,-1.0687588504872214,0.4123900170997968,-0.8975029591088394,-0.6519615575001118,-0.5394516113745,0.12677475178823092,0.5466199318193835,0.21146853075128177,0.18050585678703562,0.3859193299673393,1.3842685909863228,55,watermelon,Sandy soil
40559,-0.9089503032237339,-1.0687588504872214,-0.6043429600973992,-0.8975029591088394,0.8867978378542885,-0.5488997156072846,0.3656243778461821,0.4506376954189674,0.427400894888027,1.0558165676741496,-0.045689470086019014,0.5825463723661035,55,watermelon,Sandy soil
40577,-0.9089503032237339,-1.0687588504872214,0.9207565056983947,-0.8975029591088394,1.3484256564606083,-0.6131468243902192,0.22913887724163892,0.10712232303852877,0.29352282912324523,0.6063326891104963,0.28093340563003605,1.1328193496917998,55,watermelon,Sandy soil
40595,-0.9089503032237339,-1.0687588504872214,0.4123900170997968,-0.8975029591088394,0.8867978378542885,-0.6509392413213574,0.17795681451493492,0.7994854142660955,0.427400894888027,1.079473613914342,0.04179880019506714,0.8631491488831803,55,watermelon,Sandy soil
40608,-0.9089503032237339,-1.0687588504872214,-0.09597647149880119,-0.8975029591088394,-0.49808561796467227,-0.6263741703161176,0.21207818966607073,0.20422715869509067,0.17691935248940266,1.0262452598739094,0.5142354597129325,0.8267072298549886,55,watermelon,Sandy soil
40611,-0.9089503032237339,-1.0687588504872214,-1.621075937294595,-0.8975029591088394,-0.036457799358352465,-0.6944005207921665,0.17795681451493492,0.7565459927185408,0.2330617671649563,0.5028331118096551,0.6425515894585256,0.6044115237830189,55,watermelon,Sandy soil
40676,-0.9089503032237339,-1.0687588504872214,-1.621075937294595,-0.8975029591088394,1.1945497169251689,-0.497879952750248,0.2973816275439105,0.7941530677994054,0.2503363562958962,1.0321595214339574,0.3450914705028327,1.4134221262088766,55,watermelon,Sandy soil
40697,-0.9089503032237339,-1.0687588504872214,0.9207565056983947,-0.8975029591088394,0.8867978378542885,-0.4903214693640202,0.024410626334822903,0.13827445239655878,0.2330617671649563,0.23373421082746815,0.251770648869674,1.5373246509047283,55,watermelon,Sandy soil
40738,-0.9089503032237339,-1.0687588504872214,-0.09597647149880119,-0.8975029591088394,-0.6519615575001118,-0.6566081038610283,0.33150300269504634,0.4144338694082837,0.38421442206067796,-0.023536167034622933,0.3217612650945431,0.15617591973625977,55,watermelon,Sandy soil
40749,-0.9089503032237339,-1.0687588504872214,-0.6043429600973992,-0.8975029591088394,0.7329218983188477,-0.5545685781469551,0.07559268906152691,0.5011546619455025,0.5483230188046049,0.17163446444696318,0.47924015160049793,0.23270394969546257,55,watermelon,Sandy soil
40787,-0.9089503032237339,-1.0687588504872214,0.9207565056983947,-0.8975029591088394,-0.6519615575001118,-0.6188156869298902,0.31444231511947873,0.16493618473000785,0.1985125889030772,0.9907596905136208,0.47340760024842543,1.5008827318765365,55,watermelon,Sandy soil
40792,-0.9089503032237339,-1.0687588504872214,0.9207565056983947,-0.8975029591088394,-0.036457799358352465,-0.47142526089845116,0.1438354393637991,0.4888060701279048,0.5008178986945205,0.4791760655694629,-0.06318712414223608,1.143751925400257,55,watermelon,Sandy soil
40797,-0.9089503032237339,-1.0687588504872214,0.9207565056983947,-0.8975029591088394,-0.6519615575001118,-0.6471599996282438,-0.0779534991185845,0.2171370501407608,0.3064787709714498,0.33427665734828504,0.059296454251284623,0.12337819261088721,55,watermelon,Sandy soil
40880,-0.9089503032237339,-1.0687588504872214,0.4123900170997968,-0.8975029591088394,0.11741814017708838,-0.6036987201574346,0.024410626334822903,0.6319374752864207,0.33670930195059423,0.56493285819016,0.23427299481345693,1.114598390177704,55,watermelon,Sandy soil
40903,-0.9089503032237339,-1.0687588504872214,-0.09597647149880119,-0.8975029591088394,0.4251700192479687,-0.7227448334905201,0.28032093996834234,0.712203322100804,0.4619500731499067,0.7246179203114577,-0.1740055998316118,0.13431076831934463,55,watermelon,Sandy soil
40926,-0.9089503032237339,-1.0687588504872214,-1.621075937294595,-0.8975029591088394,0.8867978378542885,-0.581023269998752,0.1438354393637991,0.7947143674274781,0.5267297823909303,0.91683142101302,0.47924015160049793,1.5591898023216437,55,watermelon,Sandy soil
40953,-0.9089503032237339,-1.0687588504872214,-0.09597647149880119,-0.8975029591088394,0.5790459587834081,-0.5829128908453088,0.2973816275439105,0.230327591400467,0.18987529433760725,0.16276307210689114,-0.08068477819845356,0.9360329869395639,55,watermelon,Sandy soil
40962,-0.9089503032237339,-1.0687588504872214,0.9207565056983947,-0.8975029591088394,0.4251700192479687,-0.6282637911626747,-0.1291355618452885,0.2794413088568205,0.33670930195059423,0.05926349480604995,-0.045689470086019014,0.5934789480745615,55,watermelon,Sandy soil
40964,-0.9089503032237339,-1.0687588504872214,-0.6043429600973992,-0.8975029591088394,-0.8058374970355525,-0.599919478464321,0.3656243778461821,0.2892640523480912,0.3496652437987988,0.7748891435718663,-0.10984753495881562,0.9068794517170106,55,watermelon,Sandy soil
40980,-0.9089503032237339,-1.0687588504872214,0.4123900170997968,-0.8975029591088394,0.27129407971252784,-0.6018090993108779,0.21207818966607073,0.6027498946266447,0.36262118564700346,0.7127893971913618,-0.44230296202694275,0.750179199895786,55,watermelon,Sandy soil
40984,-0.9089503032237339,-1.0687588504872214,-0.6043429600973992,-0.8975029591088394,0.7329218983188477,-0.5980298576177641,-0.0438321239674487,0.41976621587497376,0.18987529433760725,0.12136324118655492,-0.19733580523990177,1.096377430663608,55,watermelon,Sandy soil
41007,0.8110716651870262,-1.0687588504872214,0.9207565056983947,-0.8975029591088394,1.1945497169251689,-0.3145867306342279,0.4168064405728861,0.8744189146137893,0.5483230188046049,0.08587767182626642,-0.4014751025624361,0.9834074816762131,30,muskmelon,sandy Loamy soil
41017,0.8110716651870262,-1.0687588504872214,0.9207565056983947,-0.8975029591088394,-0.19033373889379193,-0.5753544074590811,1.0139305057177648,0.2510956776391536,0.5569603133700741,0.9404884672532121,0.3217612650945431,1.5737665699329202,30,muskmelon,sandy Loamy soil
41065,0.8110716651870262,-1.0687588504872214,0.4123900170997968,-0.8975029591088394,1.0406737773897279,-0.6679458289403697,0.6215346914797015,0.4568119913277656,0.3712584802124734,0.47326180400941475,-0.2964891782251325,1.5008827318765365,30,muskmelon,sandy Loamy soil
41072,0.8110716651870262,-1.0687588504872214,0.9207565056983947,-0.8975029591088394,0.11741814017708838,-0.6131468243902192,0.9627484429910608,0.6310955258443119,0.531048429673665,1.0824307446943662,-0.4656331674352323,1.3769802071806847,30,muskmelon,sandy Loamy soil
41089,0.8110716651870262,-1.0687588504872214,-0.6043429600973992,-0.8975029591088394,0.11741814017708838,-0.46575639835878047,0.9627484429910608,0.2300469415864306,0.28488553455777527,0.2810483033078525,-0.004861610621511978,1.406133742403238,30,muskmelon,sandy Loamy soil
41094,0.8110716651870262,-1.0687588504872214,-0.6043429600973992,-0.8975029591088394,-0.036457799358352465,-0.4865422276709066,0.4509278157240219,0.08691553642791461,0.1941939416203425,0.1686773336669393,-0.4714657187873048,0.4258461205448789,30,muskmelon,sandy Loamy soil
41097,0.8110716651870262,-1.0687588504872214,0.9207565056983947,-0.8975029591088394,1.1945497169251689,-0.6074779618505486,0.7238988169331095,0.05043106060319485,0.29784147640597985,0.3520194420284295,0.09429176236371875,1.1911264201369063,30,muskmelon,sandy Loamy soil
41101,0.8110716651870262,-1.0687588504872214,-1.621075937294595,-0.8975029591088394,0.27129407971252784,-0.5318931279882723,0.43386712814845435,0.3156451348675039,0.5785535497837486,0.0977061949463623,-0.01069416197358447,1.2239241472622793,30,muskmelon,sandy Loamy soil
41154,0.8110716651870262,-1.0687588504872214,-0.6043429600973992,-0.8975029591088394,0.27129407971252784,-0.3315933182532401,1.4575083826825315,0.4983481638051394,0.2546550035786308,0.011949402325665564,0.1234545191240808,0.26550167682083514,30,muskmelon,sandy Loamy soil
41213,0.8110716651870262,-1.0687588504872214,-0.09597647149880119,-0.8975029591088394,1.3484256564606083,-0.6320430328557883,1.2527801317757166,0.4815091749629611,0.2201058253167517,0.8103747129321549,0.27510085427796355,1.26401025819329,30,muskmelon,sandy Loamy soil
41278,0.8110716651870262,-1.0687588504872214,-0.09597647149880119,-0.8975029591088394,-0.036457799358352465,-0.3202555931738985,0.979809130566629,0.03724051934348867,0.5915094916319539,0.56493285819016,0.1409521731802983,1.2312125310679176,30,muskmelon,sandy Loamy soil
41296,0.8110716651870262,-1.0687588504872214,-1.621075937294595,-0.8975029591088394,0.7329218983188477,-0.2635669677771913,1.0480518808689006,0.41106607163984793,0.33670930195059423,0.8931743747728278,-0.004861610621511978,0.5752579885604655,30,muskmelon,sandy Loamy soil
41301,0.8110716651870262,-1.0687588504872214,-1.621075937294595,-0.8975029591088394,0.27129407971252784,-0.24089151761850863,1.6963580087404837,0.40376917647490423,0.5051365459772558,0.736446443431554,0.6833794489230323,0.49872995860126246,30,muskmelon,sandy Loamy soil
41316,0.8110716651870262,-1.0687588504872214,-1.621075937294595,-0.8975029591088394,0.8867978378542885,-0.5262242654486016,0.3656243778461821,0.6063983422091171,0.40148901119161784,0.5915470352103761,0.6425515894585256,0.2982994039462077,30,muskmelon,sandy Loamy soil
41329,0.8110716651870262,-1.0687588504872214,-0.6043429600973992,-0.8975029591088394,0.7329218983188477,-0.42418473973452847,0.9627484429910608,0.4966642649209212,0.16828205792393272,0.1361488950866751,0.39758443267148424,0.7210256646732327,30,muskmelon,sandy Loamy soil
41336,0.8110716651870262,-1.0687588504872214,-1.621075937294595,-0.8975029591088394,0.5790459587834081,-0.6112572035436624,0.9627484429910608,0.7150098202411671,0.32375336010238964,0.8192461052722269,-0.4189727566186532,0.24728071730673923,30,muskmelon,sandy Loamy soil
41352,0.8110716651870262,-1.0687588504872214,0.9207565056983947,-0.8975029591088394,0.4251700192479687,-0.3221452140204556,0.928627067839925,0.08523163754369703,0.32375336010238964,0.6920894817311934,0.29259850833418105,0.7902653108267967,30,muskmelon,sandy Loamy soil
41417,0.8110716651870262,-1.0687588504872214,0.9207565056983947,-0.8975029591088394,1.0406737773897279,-0.5829128908453088,0.09265337663709511,0.48403502328928744,0.3798957747779433,0.26626264940773237,0.024301146138850073,1.0234935926072244,30,muskmelon,sandy Loamy soil
41437,0.8110716651870262,-1.0687588504872214,0.9207565056983947,-0.8975029591088394,1.3484256564606083,-0.3221452140204556,1.3380835696535565,0.6136952373740608,0.3453465965160642,0.05039210246597793,0.08262665965957418,0.9761190978705752,30,muskmelon,sandy Loamy soil
41466,0.8110716651870262,-1.0687588504872214,-1.621075937294595,-0.8975029591088394,-0.036457799358352465,-0.3334829390997969,0.8433236299620851,0.8123953057117653,0.2589736508613661,0.7541892281116981,0.1351196218282258,1.001628441190309,30,muskmelon,sandy Loamy soil
41485,0.8110716651870262,-1.0687588504872214,0.4123900170997968,-0.8975029591088394,0.4251700192479687,-0.6830627957128249,0.877445005113221,0.45260224411722105,0.5483230188046049,1.0380737829940057,0.6775468975709598,0.5242393019209969,30,muskmelon,sandy Loamy soil
41487,0.8110716651870262,-1.0687588504872214,0.9207565056983947,-0.8975029591088394,1.0406737773897279,-0.5224450237554877,0.12677475178823092,0.5135032537630996,0.2460177090131615,1.0972163985944863,0.047631351547139635,1.2530776824848324,30,muskmelon,sandy Loamy soil
41564,0.8110716651870262,-1.0687588504872214,-0.6043429600973992,-0.8975029591088394,1.0406737773897279,-0.4449705690466546,0.3485636902706145,0.08326708884544276,0.16828205792393272,1.0469451753340777,-0.33148448633756705,0.9979842492874901,30,muskmelon,sandy Loamy soil
41612,0.8110716651870262,-1.0687588504872214,0.9207565056983947,-0.8975029591088394,0.11741814017708838,-0.6358222745489022,0.3656243778461821,0.7186582678236395,0.30216012368871514,0.8636030669725874,0.35675657320697723,0.6116999075886573,30,muskmelon,sandy Loamy soil
41614,0.8110716651870262,-1.0687588504872214,-0.6043429600973992,-0.8975029591088394,0.5790459587834081,-0.7095174875646216,1.4916297578336677,0.8617896729821556,0.48786195684631595,0.3845478806086937,0.1817800326448049,0.7392466241873286,30,muskmelon,sandy Loamy soil
41683,0.8110716651870262,-1.0687588504872214,-0.09597647149880119,-0.8975029591088394,0.8867978378542885,-0.2767943137030897,0.3997457529973185,0.04594066357861421,0.4619500731499067,1.0262452598739094,0.024301146138850073,1.1328193496917998,30,muskmelon,sandy Loamy soil
41692,0.8110716651870262,-1.0687588504872214,0.9207565056983947,-0.8975029591088394,0.8867978378542885,-0.6093675826971057,1.508690445409236,0.4730896805418719,0.5008178986945205,0.6211183430106165,0.2051102380530949,0.8667933407859998,30,muskmelon,sandy Loamy soil
41695,0.8110716651870262,-1.0687588504872214,0.4123900170997968,-0.8975029591088394,0.5790459587834081,-0.3693857351843783,1.7134186963160507,0.6555120596654708,0.49218060412905057,0.4348191038691024,-0.27899152416891543,1.4680850047511642,30,muskmelon,sandy Loamy soil
41705,0.8110716651870262,-1.0687588504872214,0.4123900170997968,-0.8975029591088394,0.11741814017708838,-0.4015092895758458,0.1950175020905025,0.1399583512807767,0.2503363562958962,0.13023463352662695,-0.34314958904171206,1.446219853334249,30,muskmelon,sandy Loamy soil
41750,0.8110716651870262,-1.0687588504872214,0.4123900170997968,-0.8975029591088394,1.3484256564606083,-0.6244845494695608,0.33150300269504634,0.8410215867434686,0.33670930195059423,0.9375313364731882,0.32759381644661517,0.42220192864205996,30,muskmelon,sandy Loamy soil
41792,0.8110716651870262,-1.0687588504872214,0.9207565056983947,-0.8975029591088394,-0.036457799358352465,-0.3278140765601263,1.7475400714671872,0.20029806129858244,0.2719295927095707,0.4821331963494868,-0.1740055998316118,1.2166357634566407,30,muskmelon,sandy Loamy soil
41835,0.8110716651870262,-1.0687588504872214,0.4123900170997968,-0.8975029591088394,1.1945497169251689,-0.5772440283056381,0.1438354393637991,0.786294873006389,0.28920418184051055,0.45256188854924645,-0.05735457279016359,0.13066657641652568,30,muskmelon,sandy Loamy soil
41839,0.8110716651870262,-1.0687588504872214,-0.6043429600973992,-0.8975029591088394,-0.19033373889379193,-0.3769442185706058,0.12677475178823092,0.37402029618705573,0.41012630575708775,0.147977418206771,0.1817800326448049,0.3638948581969528,30,muskmelon,sandy Loamy soil
41844,0.8110716651870262,-1.0687588504872214,-0.6043429600973992,-0.8975029591088394,1.3484256564606083,-0.22577455084605316,1.4575083826825315,0.6165017355144239,0.5915094916319539,1.1267877063947267,0.14678472453237076,0.4367786962533364,30,muskmelon,sandy Loamy soil
41846,0.8110716651870262,-1.0687588504872214,-1.621075937294595,-0.8975029591088394,-0.19033373889379193,-0.5602374406866258,0.16089612693936672,0.530342242605278,0.30216012368871514,0.4111620576289102,0.22260789210931195,1.3551150557637694,30,muskmelon,sandy Loamy soil
41888,0.8110716651870262,-1.0687588504872214,-0.09597647149880119,-0.8975029591088394,-0.036457799358352465,-0.6150364452367763,1.1845373814734443,0.7343746574096724,0.3712584802124734,0.8517745438524911,0.5375656651212221,0.4659322314758902,30,muskmelon,sandy Loamy soil
41892,0.8110716651870262,-1.0687588504872214,0.9207565056983947,-0.8975029591088394,0.5790459587834081,-0.335372559946354,1.5598725081359395,0.7166937191253853,0.41012630575708775,0.2840054340878768,0.44424484348806337,0.3638948581969528,30,muskmelon,sandy Loamy soil
41934,0.8110716651870262,-1.0687588504872214,-0.6043429600973992,-0.8975029591088394,1.0406737773897279,-0.20687834238048408,1.1674766938978767,0.15118434384222892,0.1941939416203425,0.656603912370905,0.10012431371579124,1.2749428339017475,30,muskmelon,sandy Loamy soil
41944,0.8110716651870262,-1.0687588504872214,-0.6043429600973992,-0.8975029591088394,1.1945497169251689,-0.4185158771948578,0.6897774417819738,0.2769154605304938,0.29784147640597985,0.6122469506705445,-0.3606472430979291,1.1182425820805229,30,muskmelon,sandy Loamy soil
41969,0.8110716651870262,-1.0687588504872214,-0.6043429600973992,-0.8975029591088394,0.5790459587834081,-0.6962901416387233,1.730479383891619,0.2466052806145729,0.522411135108195,0.2396484723875163,0.07679410830750169,1.4352872776257914,30,muskmelon,sandy Loamy soil
42079,0.8110716651870262,-1.0687588504872214,-0.6043429600973992,-0.8975029591088394,0.11741814017708838,-0.743530662802646,0.4168064405728861,0.4323954575066075,0.5137738405427251,0.1331917643066508,-0.4656331674352323,-0.34672256285278674,51,tinda,sandy Loamy soil
42081,0.8110716651870262,-1.0687588504872214,-1.621075937294595,-0.8975029591088394,1.0406737773897279,-0.743530662802646,0.21207818966607073,0.31199668728503205,0.47058736771537607,-0.2660208909965938,0.030133697490922567,-0.14993620010055117,51,tinda,sandy Loamy soil
42082,0.8110716651870262,-1.0687588504872214,0.9207565056983947,-0.8975029591088394,-0.036457799358352465,-0.743530662802646,0.17795681451493492,0.5878754544827206,0.3323906546678596,0.06813488714612197,0.6542166921626702,0.0942246573883339,51,tinda,sandy Loamy soil
42086,0.8110716651870262,-1.0687588504872214,-1.621075937294595,-0.8975029591088394,0.8867978378542885,-0.743530662802646,0.8603843175376533,0.514625853019245,0.23738041444769156,0.18937724912710763,0.3217612650945431,-0.19002231103156217,51,tinda,sandy Loamy soil
42088,0.8110716651870262,-1.0687588504872214,-0.09597647149880119,-0.8975029591088394,0.8867978378542885,-0.743530662802646,0.655656066630838,0.4711251318436176,0.5094551932599904,-0.03240755937469495,0.0651290056033567,-0.33578998714432934,51,tinda,sandy Loamy soil
42141,0.8110716651870262,-1.0687588504872214,-1.621075937294595,-0.8975029591088394,-0.19033373889379193,-0.743530662802646,0.4168064405728861,0.5544781266124006,0.5483230188046049,0.006035140765617411,-0.40730765391450824,-0.41596220900635106,51,tinda,sandy Loamy soil
42163,0.8110716651870262,-1.0687588504872214,-0.09597647149880119,-0.8975029591088394,0.5790459587834081,-0.743530662802646,0.31444231511947873,0.2884221029059824,0.2805668872750406,-0.5853910152391895,0.5725609732336566,0.076003697874238,51,tinda,sandy Loamy soil
42187,0.8110716651870262,-1.0687588504872214,0.9207565056983947,-0.8975029591088394,1.1945497169251689,-0.743530662802646,0.5703526287529982,0.1553940910527735,0.4533127785844368,-0.029450428594671087,-0.4189727566186532,-0.2847713005048609,51,tinda,sandy Loamy soil
42197,0.8110716651870262,-1.0687588504872214,0.9207565056983947,-0.8975029591088394,-0.036457799358352465,-0.743530662802646,0.604474003904134,0.6681413012971045,0.5137738405427251,0.01490653310568943,-0.16817304847953973,-0.5107111984796497,51,tinda,sandy Loamy soil
42202,0.8110716651870262,-1.0687588504872214,0.9207565056983947,-0.8975029591088394,0.11741814017708838,-0.743530662802646,0.3485636902706145,0.46831863370325455,0.33670930195059423,0.0770062794861944,-0.05735457279016359,-0.43418316852044697,51,tinda,sandy Loamy soil
42245,0.8110716651870262,-1.0687588504872214,0.4123900170997968,-0.8975029591088394,0.4251700192479687,-0.743530662802646,0.6215346914797015,0.41415321959424767,0.3453465965160642,0.21894855692734796,0.5667284218815841,-0.5070670065768306,51,tinda,sandy Loamy soil
42257,0.8110716651870262,-1.0687588504872214,0.9207565056983947,-0.8975029591088394,0.8867978378542885,-0.743530662802646,0.5362312536018617,0.09308983233671347,0.29784147640597985,-0.056064605614887145,-0.3489821403937841,-0.59817180414731,51,tinda,sandy Loamy soil
42303,0.8110716651870262,-1.0687588504872214,-0.09597647149880119,-0.8975029591088394,0.8867978378542885,-0.743530662802646,0.604474003904134,0.8438280848838317,0.5440043715218695,-0.4138774299977956,-0.33148448633756705,-0.11349428107235938,51,tinda,sandy Loamy soil
42316,0.8110716651870262,-1.0687588504872214,-1.621075937294595,-0.8975029591088394,-0.19033373889379193,-0.743530662802646,0.2973816275439105,0.4144338694082837,0.21146853075128177,-0.6120051922594058,0.36842167591112224,-0.16815715961464706,51,tinda,sandy Loamy soil
42319,0.8110716651870262,-1.0687588504872214,-0.6043429600973992,-0.8975029591088394,0.27129407971252784,-0.743530662802646,0.877445005113221,0.7371811555500355,0.5008178986945205,0.2159914261473237,-0.028191816029801538,-0.5799508446332141,51,tinda,sandy Loamy soil
42325,0.8110716651870262,-1.0687588504872214,0.4123900170997968,-0.8975029591088394,1.1945497169251689,-0.743530662802646,0.55329194117743,0.46747668426114575,0.29784147640597985,0.12432037196657879,-0.33148448633756705,-0.08798493775262503,51,tinda,sandy Loamy soil
42329,0.8110716651870262,-1.0687588504872214,-0.6043429600973992,-0.8975029591088394,0.5790459587834081,-0.743530662802646,0.502109878450726,0.28224780699718355,0.2546550035786308,-0.4050060376577235,0.5259005624170775,-0.5216437741881075,51,tinda,sandy Loamy soil
42350,0.8110716651870262,-1.0687588504872214,0.4123900170997968,-0.8975029591088394,-0.036457799358352465,-0.743530662802646,0.3997457529973185,0.4927351675244133,0.1855566470548726,-0.22757819085628148,-0.09818243225467063,-0.3977412494922552,51,tinda,sandy Loamy soil
42373,0.8110716651870262,-1.0687588504872214,-0.09597647149880119,-0.8975029591088394,0.5790459587834081,-0.743530662802646,0.655656066630838,0.8455119837680493,0.5915094916319539,0.1598059413268673,0.5433982164732946,-0.32850160333869083,51,tinda,sandy Loamy soil
42380,0.8110716651870262,-1.0687588504872214,0.4123900170997968,-0.8975029591088394,0.8867978378542885,-0.743530662802646,0.5191705660262941,0.05997315428042951,0.4749060149981113,-0.002836251574454608,0.018468594786777582,-0.1608687758090086,51,tinda,sandy Loamy soil
42407,0.8110716651870262,-1.0687588504872214,0.9207565056983947,-0.8975029591088394,1.0406737773897279,-0.743530662802646,0.28032093996834234,0.762439638813303,0.1985125889030772,0.10657758728643475,-0.13317774036710517,-0.4414715523260854,51,tinda,sandy Loamy soil
42408,0.8110716651870262,-1.0687588504872214,-0.09597647149880119,-0.8975029591088394,-0.036457799358352465,-0.743530662802646,0.8603843175376533,0.7405489533184713,0.41012630575708775,0.2159914261473237,0.11762196777200873,-0.029677867307518382,51,tinda,sandy Loamy soil
42410,0.8110716651870262,-1.0687588504872214,0.4123900170997968,-0.8975029591088394,0.27129407971252784,-0.743530662802646,0.7068381293575413,0.5289389935350963,0.3539838910815341,-0.002836251574454608,0.44424484348806337,-0.5070670065768306,51,tinda,sandy Loamy soil
42419,0.8110716651870262,-1.0687588504872214,-0.6043429600973992,-0.8975029591088394,1.3484256564606083,-0.743530662802646,0.7921415672353811,0.8323214425083434,0.20714988346854712,-0.1684355752558008,0.6483841408105977,-0.4268947847148088,51,tinda,sandy Loamy soil
42468,0.8110716651870262,-1.0687588504872214,-0.09597647149880119,-0.8975029591088394,-0.036457799358352465,-0.743530662802646,0.26326025239277473,0.3201355318920849,0.27624823999230536,-0.17139270603582465,-0.1740055998316118,-0.2373968057682114,51,tinda,sandy Loamy soil
42473,0.8110716651870262,-1.0687588504872214,-0.09597647149880119,-0.8975029591088394,0.5790459587834081,-0.743530662802646,0.12677475178823092,0.5348326396298592,0.40580765847435246,-0.5883481460192136,0.22260789210931195,-0.1790897353231045,51,tinda,sandy Loamy soil
42503,0.8110716651870262,-1.0687588504872214,-0.09597647149880119,-0.8975029591088394,1.0406737773897279,-0.743530662802646,0.6727167542064055,0.23201149028468487,0.20714988346854712,0.16572020288691544,0.27510085427796355,-0.47062508754863874,51,tinda,sandy Loamy soil
42552,0.8110716651870262,-1.0687588504872214,0.9207565056983947,-0.8975029591088394,0.8867978378542885,-0.743530662802646,0.3656243778461821,0.09084463382442315,0.5353670769563996,0.1361488950866751,0.28093340563003605,0.076003697874238,51,tinda,sandy Loamy soil
42555,0.8110716651870262,-1.0687588504872214,0.4123900170997968,-0.8975029591088394,0.5790459587834081,-0.743530662802646,0.38268506542175035,0.3987174798222508,0.29352282912324523,0.2840054340878768,0.35675657320697723,0.05413854645732288,51,tinda,sandy Loamy soil
42564,0.8110716651870262,-1.0687588504872214,-0.6043429600973992,-0.8975029591088394,0.7329218983188477,-0.743530662802646,0.12677475178823092,0.36251365381156714,0.30216012368871514,-0.31037785269695434,0.11762196777200873,-0.06611978633571017,51,tinda,sandy Loamy soil
42605,0.8110716651870262,-1.0687588504872214,0.4123900170997968,-0.8975029591088394,0.27129407971252784,-0.743530662802646,0.7409595045086778,0.08326708884544276,0.31511606553691973,-0.20983540617613702,-0.3606472430979291,-0.2118874624484773,51,tinda,sandy Loamy soil
42614,0.8110716651870262,-1.0687588504872214,-0.6043429600973992,-0.8975029591088394,0.4251700192479687,-0.743530662802646,0.7238988169331095,0.6771220953462658,0.5871908443492186,0.48804745790953497,0.6133888326981636,0.07964788977705697,51,tinda,sandy Loamy soil
42677,0.8110716651870262,-1.0687588504872214,0.9207565056983947,-0.8975029591088394,0.7329218983188477,-0.743530662802646,0.4509278157240219,0.7722623823045737,0.20283123618581245,0.3638479651485254,-0.37231234580207406,-0.14993620010055117,51,tinda,sandy Loamy soil
42711,0.8110716651870262,-1.0687588504872214,-1.621075937294595,-0.8975029591088394,1.0406737773897279,-0.743530662802646,0.5703526287529982,0.5494264299597466,0.5094551932599904,-0.14477852901560817,0.5842260759378015,-0.11713847297517861,51,tinda,sandy Loamy soil
42780,0.8110716651870262,-1.0687588504872214,0.4123900170997968,-0.8975029591088394,0.4251700192479687,-0.743530662802646,0.12677475178823092,0.40096267833454113,0.574234902501014,0.3401909189083332,0.32759381644661517,-0.14264781629491272,51,tinda,sandy Loamy soil
42788,0.8110716651870262,-1.0687588504872214,-0.09597647149880119,-0.8975029591088394,0.5790459587834081,-0.743530662802646,0.2461995648172065,0.7989241146380228,0.4576314258671715,-0.47302004559827626,0.6367190381064531,-0.11713847297517861,51,tinda,sandy Loamy soil
42789,0.8110716651870262,-1.0687588504872214,-0.6043429600973992,-0.8975029591088394,0.5790459587834081,-0.743530662802646,0.28032093996834234,0.6336213741706384,0.4533127785844368,0.49987598102963127,-0.1856707025357568,-0.28112710860204165,51,tinda,sandy Loamy soil
42842,0.8110716651870262,-1.0687588504872214,0.9207565056983947,-0.8975029591088394,1.1945497169251689,-0.743530662802646,0.7238988169331095,0.533148740745641,0.24169906173042624,-0.552862576658925,0.3217612650945431,-0.12078266487799784,51,tinda,sandy Loamy soil
42849,0.8110716651870262,-1.0687588504872214,-0.6043429600973992,-0.8975029591088394,-0.19033373889379193,-0.743530662802646,0.8433236299620851,0.24436008210228227,0.4187636003225577,-0.4552772609181318,0.6717143462188877,-0.36494352236688266,51,tinda,sandy Loamy soil
42956,0.8110716651870262,-1.0687588504872214,-1.621075937294595,-0.8975029591088394,-0.036457799358352465,-0.743530662802646,0.48504919087515835,0.2457633311724638,0.3583025383642688,-0.20687827539611314,0.1992776867010224,-0.45969251184018134,51,tinda,sandy Loamy soil
43025,-1.195620631292194,-1.0687588504872214,0.4123900170997968,1.114202454544477,-0.9597134365709921,0.7681660144428801,-1.135716128803798,1.4738869173953384,0.18987529433760725,-0.002836251574454608,-0.09818243225467063,-0.41960640090917034,16,chowchow,Laterite soil
43053,-1.195620631292194,-1.0687588504872214,-0.09597647149880119,1.114202454544477,-1.421341255177312,0.7681660144428801,-0.5044706885077835,0.9647881547334792,0.267610945426836,-0.5824338844591654,0.17594748129273283,-0.22282003815693474,16,chowchow,Laterite soil
43078,-1.100063855269374,-1.0687588504872214,-0.09597647149880119,-0.8975029591088394,-0.9597134365709921,0.7681660144428801,-0.9139271903214149,1.4298248965916383,0.30216012368871514,0.5442329427299918,0.3800867786152672,-0.04425463491879505,16,chowchow,Loamy soil
43083,-1.195620631292194,-1.0687588504872214,-0.09597647149880119,1.114202454544477,-1.5752171947127527,0.7681660144428801,-0.6580168766878955,1.6894259745752211,0.29352282912324523,-0.19800688305604114,0.40924953537562925,0.03227339504040776,16,chowchow,Laterite soil
43092,-1.100063855269374,-1.0687588504872214,0.9207565056983947,-0.8975029591088394,-0.49808561796467227,0.7681660144428801,-0.9309878778969826,1.659677094287373,0.5483230188046049,0.42003344996898223,0.3392589191507602,-0.2118874624484773,16,chowchow,Loamy soil
43136,-1.100063855269374,-1.0687588504872214,-1.621075937294595,-0.8975029591088394,-0.49808561796467227,0.7681660144428801,-0.9821699406236866,1.1536654795799137,0.26329229814410077,-0.37839186063750707,0.6308864867543806,-0.20824327054565808,16,chowchow,Loamy soil
43163,-1.195620631292194,-1.0687588504872214,-0.09597647149880119,1.114202454544477,-0.3442096784292314,0.7681660144428801,-0.6238955015367591,1.1612430245588934,0.4317195421707623,-0.08267878263510363,-0.302321729577205,-0.5908834203416719,16,chowchow,Laterite soil
43250,-1.100063855269374,-1.0687588504872214,0.4123900170997968,-0.8975029591088394,-1.421341255177312,0.7681660144428801,-1.0333520033503905,0.9973435331616911,0.5267297823909303,0.14206315664672284,-0.4189727566186532,-0.2373968057682114,16,chowchow,Loamy soil
43252,-1.100063855269374,-1.0687588504872214,0.9207565056983947,-0.8975029591088394,-0.49808561796467227,0.7681660144428801,-0.6068348139611915,1.2224246840188087,0.42308224760529234,0.49691885024960697,0.030133697490922567,-0.3175690276302334,16,chowchow,Loamy soil
43255,-1.195620631292194,-1.0687588504872214,0.4123900170997968,1.114202454544477,-1.729093134248192,0.7681660144428801,-0.8968665027458468,1.2878160906892677,0.22874311988222162,0.40820492684888593,-0.31981938363342205,-0.22646423005975397,16,chowchow,Laterite soil
43269,-1.195620631292194,-1.0687588504872214,-0.6043429600973992,1.114202454544477,-1.1135893761064315,0.7681660144428801,-0.8286237524435751,1.2866934914331223,0.1855566470548726,0.1686773336669393,-0.1856707025357568,-0.3248574114358716,16,chowchow,Laterite soil
43275,-1.195620631292194,-1.0687588504872214,0.4123900170997968,1.114202454544477,-0.9597134365709921,0.7681660144428801,-0.9821699406236866,1.6602383939154457,0.4187636003225577,0.008992271545641278,-0.19733580523990177,-0.1790897353231045,16,chowchow,Laterite soil
43319,-1.195620631292194,-1.0687588504872214,-0.6043429600973992,1.114202454544477,-0.3442096784292314,0.7681660144428801,-1.0162913157748223,1.4758514660935926,0.41012630575708775,0.24556273394756403,-0.19150325388782927,-0.5580856932162992,16,chowchow,Laterite soil
43328,-1.100063855269374,-1.0687588504872214,-0.09597647149880119,-0.8975029591088394,-1.421341255177312,0.7681660144428801,-0.7603810021413029,1.2176536371801914,0.20283123618581245,-0.3399491604971947,0.6833794489230323,-0.02238948350187992,16,chowchow,Loamy soil
43332,-1.100063855269374,-1.0687588504872214,0.9207565056983947,-0.8975029591088394,-1.1135893761064315,0.7681660144428801,-1.0674733785015265,0.9375651227719581,0.3928517166261479,0.4170763191889584,-0.16234049712746723,-0.040610443015975814,16,chowchow,Loamy soil
43353,-1.195620631292194,-1.0687588504872214,-0.09597647149880119,1.114202454544477,-1.2674653156418723,0.7681660144428801,-0.6409561891123273,1.48062251293221,0.33670930195059423,-0.549905445878901,-0.45980061608316025,-0.5763066527303952,16,chowchow,Laterite soil
43402,-1.100063855269374,-1.0687588504872214,0.9207565056983947,-0.8975029591088394,-1.5752171947127527,0.7681660144428801,-0.5385920636589193,1.6947583210419113,0.20714988346854712,0.5383186811699436,0.5375656651212221,-0.5580856932162992,16,chowchow,Loamy soil
43443,-1.195620631292194,-1.0687588504872214,-0.09597647149880119,1.114202454544477,-0.8058374970355525,0.7681660144428801,-0.8968665027458468,1.0287763123337574,0.5267297823909303,-0.2867208064567622,0.17011492994066033,0.024985011234769292,16,chowchow,Laterite soil
43449,-1.195620631292194,-1.0687588504872214,-0.6043429600973992,1.114202454544477,-1.5752171947127527,0.7681660144428801,-1.135716128803798,1.2664867048225081,0.42308224760529234,-0.0974644365352238,-0.4014751025624361,-0.30663645192177574,16,chowchow,Laterite soil
43506,-1.100063855269374,-1.0687588504872214,-1.621075937294595,-0.8975029591088394,-0.8058374970355525,0.7681660144428801,-1.0674733785015265,1.117742303383266,0.5871908443492186,0.4496047577692226,0.5025703570087875,-0.026033675404699152,16,chowchow,Loamy soil
43516,-1.100063855269374,-1.0687588504872214,-1.621075937294595,-0.8975029591088394,-1.2674653156418723,0.7681660144428801,-0.5556527512344875,1.0529121963408796,0.4317195421707623,-0.25123523709647366,-0.02235926467772946,-0.14264781629491272,16,chowchow,Loamy soil
43528,-1.100063855269374,-1.0687588504872214,-0.09597647149880119,-0.8975029591088394,-1.2674653156418723,0.7681660144428801,-0.9309878778969826,1.3453493025667105,0.4317195421707623,-0.3724775990774589,0.6658817948668152,-0.4013854413950744,16,chowchow,Loamy soil
43574,-1.100063855269374,-1.0687588504872214,-0.6043429600973992,-0.8975029591088394,-1.421341255177312,0.7681660144428801,-0.5215313760833518,1.1180229531973027,0.5353670769563996,0.5471900735100156,0.6308864867543806,-0.09891751346108273,16,chowchow,Loamy soil
43593,-1.195620631292194,-1.0687588504872214,-0.09597647149880119,1.114202454544477,-0.9597134365709921,0.7681660144428801,-1.135716128803798,1.2805191955243234,0.3798957747779433,0.5324044196098955,0.22260789210931195,-0.16451296771182783,16,chowchow,Laterite soil
43600,-1.100063855269374,-1.0687588504872214,0.4123900170997968,-0.8975029591088394,-1.1135893761064315,0.7681660144428801,-0.7945023772924388,1.0739609323936026,0.48786195684631595,-0.45823439169815605,0.6192213840502357,-0.5507973094106607,16,chowchow,Loamy soil
43620,-1.100063855269374,-1.0687588504872214,0.4123900170997968,-0.8975029591088394,-0.3442096784292314,0.7681660144428801,-0.9139271903214149,1.496338902518243,0.5483230188046049,-0.626790846159526,-0.11568008631088769,-0.4268947847148088,16,chowchow,Loamy soil
43648,-1.100063855269374,-1.0687588504872214,-0.09597647149880119,-0.8975029591088394,-0.6519615575001118,0.7681660144428801,-0.6238955015367591,1.3939017203949913,0.5526416660873394,0.387505011388718,0.6017237299940186,-0.08434074584980605,16,chowchow,Loamy soil
43671,-1.195620631292194,-1.0687588504872214,-1.621075937294595,1.114202454544477,-1.2674653156418723,0.7681660144428801,-0.7091989394145989,1.5636948578869563,0.18123799977213792,0.2514769955076122,0.17011492994066033,-0.40502963329789365,16,chowchow,Laterite soil
43681,-1.195620631292194,-1.0687588504872214,-1.621075937294595,1.114202454544477,-0.19033373889379193,0.7681660144428801,-1.0333520033503905,1.284728942734868,0.5094551932599904,0.11249184884648249,0.6367190381064531,0.11244561690242978,16,chowchow,Laterite soil
43684,-1.100063855269374,-1.0687588504872214,-0.6043429600973992,-0.8975029591088394,-0.8058374970355525,0.7681660144428801,-0.5385920636589193,1.304655079531446,0.4360381894534969,-0.49963422261849233,0.47340760024842543,-0.28112710860204165,16,chowchow,Loamy soil
43692,-1.100063855269374,-1.0687588504872214,0.9207565056983947,-0.8975029591088394,-0.19033373889379193,0.7681660144428801,-0.6409561891123273,1.5106520430340942,0.24169906173042624,-0.3517776836172906,-0.28482407552098793,-0.30299226001895674,16,chowchow,Loamy soil
43704,-1.100063855269374,-1.0687588504872214,-0.6043429600973992,-0.8975029591088394,-0.49808561796467227,0.7681660144428801,-0.7262596269901671,1.5704304534238278,0.41012630575708775,0.4229905807490061,0.40341698402355675,-0.1608687758090086,16,chowchow,Loamy soil
43719,-1.195620631292194,-1.0687588504872214,-0.6043429600973992,1.114202454544477,-1.421341255177312,0.7681660144428801,-0.9821699406236866,1.3548913962439444,0.33670930195059423,-0.4109202992177713,0.0009709407305605154,-0.3139248357274142,16,chowchow,Laterite soil
43722,-1.100063855269374,-1.0687588504872214,0.9207565056983947,-0.8975029591088394,-0.9597134365709921,0.7681660144428801,-0.7091989394145989,0.8898546543857861,0.3712584802124734,-0.23053532163630536,-0.1798381511836843,-0.2373968057682114,16,chowchow,Loamy soil
43743,-1.195620631292194,-1.0687588504872214,-0.09597647149880119,1.114202454544477,-0.8058374970355525,0.7681660144428801,-0.5897741263856233,1.2504896654224391,0.5526416660873394,0.3194910034481649,0.6250539354023081,0.061426930262961074,16,chowchow,Laterite soil
43759,-1.195620631292194,-1.0687588504872214,-0.6043429600973992,1.114202454544477,-0.19033373889379193,0.7681660144428801,-0.5044706885077835,1.0708737844392033,0.172600705206668,-0.5114627457385886,-0.1215126376629602,-0.5580856932162992,16,chowchow,Laterite soil
43832,-1.100063855269374,-1.0687588504872214,0.9207565056983947,-0.8975029591088394,-1.1135893761064315,0.7681660144428801,-0.8968665027458468,1.3450686527526738,0.3323906546678596,0.298791087987997,-0.2498287674085534,0.10515723309679133,16,chowchow,Loamy soil
43918,-1.100063855269374,-1.0687588504872214,-0.09597647149880119,-0.8975029591088394,-0.49808561796467227,0.7681660144428801,-0.6750775642634631,0.929426278164905,0.29784147640597985,0.06222062558607423,-0.28482407552098793,-0.06976397823852913,16,chowchow,Loamy soil
43969,-1.195620631292194,-1.0687588504872214,-0.6043429600973992,1.114202454544477,-0.6519615575001118,0.7681660144428801,-0.5727134388100558,1.2852902423629406,0.17691935248940266,-0.2453209755364255,0.40341698402355675,-0.4378273604232662,16,chowchow,Laterite soil
43975,-1.195620631292194,-1.0687588504872214,0.4123900170997968,1.114202454544477,-0.8058374970355525,0.7681660144428801,-0.9309878778969826,1.4643448237181038,0.3064787709714498,0.27809117252782867,0.47340760024842543,-0.24468518957384985,16,chowchow,Laterite soil
44000,0.8110716651870262,-1.0687588504872214,0.4123900170997968,-0.8975029591088394,1.6561775355314885,-0.5904713742315365,-0.5556527512344875,0.2623216702006058,0.3496652437987988,-0.2660208909965938,0.3100961623903981,-0.4560483199373621,17,cluster bean,sandy Loamy soil
44005,0.8110716651870262,-1.0687588504872214,0.4123900170997968,1.114202454544477,1.8100534750669282,-0.6887316582524955,-0.2144389997231283,0.5042418098999016,0.38853306934341325,0.18050585678703562,-0.22066601064819133,-0.21917584625411551,17,cluster bean,sandy Loamy soil
44067,0.8110716651870262,-1.0687588504872214,0.9207565056983947,1.114202454544477,0.7329218983188477,-0.41095739380863033,-0.026771436391880492,0.466915384633073,0.5008178986945205,-0.5469483150988771,0.5375656651212221,-0.015101099696241462,17,cluster bean,sandy Loamy soil
44072,0.8110716651870262,-1.0687588504872214,0.9207565056983947,-0.8975029591088394,1.1945497169251689,-0.5791336491521949,-0.3338638127521039,0.21096275423196195,0.5008178986945205,0.48509032712951106,0.6425515894585256,-0.34672256285278674,17,cluster bean,sandy Loamy soil
44098,0.8110716651870262,-1.0687588504872214,-0.09597647149880119,-0.8975029591088394,1.5023015959960477,-0.3807234602637196,-0.1632569369964243,0.24885047912686323,0.3194347128196544,0.12432037196657879,0.6425515894585256,-0.29205968431049906,17,cluster bean,sandy Loamy soil
44100,0.8110716651870262,-1.0687588504872214,0.4123900170997968,-0.8975029591088394,1.1945497169251689,-0.581023269998752,-0.4874100009322159,0.7413909027605801,0.5094551932599904,0.047434971685954064,0.4384122921359913,-0.4524041280345429,17,cluster bean,sandy Loamy soil
44103,0.8110716651870262,-1.0687588504872214,-0.09597647149880119,1.114202454544477,0.7329218983188477,-0.5715751657659675,-0.2656210624498323,0.35156831106415126,0.1985125889030772,0.11544897962650677,0.35675657320697723,-0.3722319061725211,17,cluster bean,sandy Loamy soil
44116,0.8110716651870262,-1.0687588504872214,-1.621075937294595,-0.8975029591088394,2.4255572332086874,-0.7227448334905201,-0.026771436391880492,0.7804012269116268,0.5699162552182794,-0.4789343071583244,0.49090525430464294,0.09786884929115286,17,cluster bean,sandy Loamy soil
44121,0.8110716651870262,-1.0687588504872214,-1.621075937294595,1.114202454544477,2.5794331727441295,-0.42229511888797167,-0.4874100009322159,0.45204094448914894,0.49649925141178586,0.4111620576289102,0.030133697490922567,-0.06976397823852913,17,cluster bean,sandy Loamy soil
44122,0.8110716651870262,-1.0687588504872214,0.9207565056983947,-0.8975029591088394,2.4255572332086874,-0.5829128908453088,-0.5044706885077835,0.2112434040459983,0.479224662280846,0.0770062794861944,0.6775468975709598,0.006764051720673401,17,cluster bean,sandy Loamy soil
44172,0.8110716651870262,-1.0687588504872214,0.9207565056983947,-0.8975029591088394,2.1178053541378086,-0.45063943158632525,-0.4874100009322159,0.4234146634574456,0.5785535497837486,-0.20983540617613702,0.5550633191774396,-0.39045286568661697,17,cluster bean,sandy Loamy soil
44180,0.8110716651870262,-1.0687588504872214,0.4123900170997968,-0.8975029591088394,0.7329218983188477,-0.7303033168767475,-0.1973783121475601,0.8766641131260796,0.36262118564700346,0.31653387266814104,0.22260789210931195,-0.3175690276302334,17,cluster bean,sandy Loamy soil
44247,0.8110716651870262,-1.0687588504872214,0.9207565056983947,1.114202454544477,1.6561775355314885,-0.5942506159246501,-0.026771436391880492,0.392543183913452,0.5612789606528095,-0.5824338844591654,0.45590994619220837,-0.5471531175078416,17,cluster bean,sandy Loamy soil
44300,0.8110716651870262,-1.0687588504872214,0.4123900170997968,-0.8975029591088394,1.8100534750669282,-0.6925108999456094,-0.3679851879032397,0.8710511168453535,0.4446754840189669,-0.6120051922594058,0.5667284218815841,-0.30663645192177574,17,cluster bean,sandy Loamy soil
44340,0.8110716651870262,-1.0687588504872214,0.4123900170997968,-0.8975029591088394,2.8871850518150084,-0.6906212790990526,0.0073499387592553065,0.5393230366544398,0.23738041444769156,-0.2364495831963535,0.3392589191507602,-0.19002231103156217,17,cluster bean,sandy Loamy soil
44345,0.8110716651870262,-1.0687588504872214,0.4123900170997968,1.114202454544477,2.8871850518150084,-0.7624268712682151,-0.2144389997231283,0.5056450589700832,0.16828205792393272,-0.15956418291572835,0.5317331137691496,-0.17180135151746628,17,cluster bean,sandy Loamy soil
44425,0.8110716651870262,-1.0687588504872214,0.4123900170997968,1.114202454544477,1.963929414602369,-0.4959903319036912,-0.6238955015367591,0.3352906218500453,0.21578717803401704,0.1598059413268673,0.5025703570087875,-0.4086738252007129,17,cluster bean,sandy Loamy soil
44452,0.8110716651870262,-1.0687588504872214,0.9207565056983947,-0.8975029591088394,1.1945497169251689,-0.7114071084111785,-0.5727134388100558,0.3453940151553524,0.2503363562958962,-0.1654784444757765,0.6075562813460911,-0.1353594324892745,17,cluster bean,sandy Loamy soil
44510,0.8110716651870262,-1.0687588504872214,0.4123900170997968,-0.8975029591088394,1.963929414602369,-0.4808733651312357,-0.3168031251765363,0.04285351562421478,0.5915094916319539,0.49987598102963127,-0.004861610621511978,-0.051543018724433246,17,cluster bean,sandy Loamy soil
44515,0.8110716651870262,-1.0687588504872214,0.4123900170997968,1.114202454544477,2.271681293673248,-0.41095739380863033,-0.3850458754788079,0.22976629177239458,0.23738041444769156,0.3549765728084534,0.45590994619220837,-0.28112710860204165,17,cluster bean,sandy Loamy soil
44516,0.8110716651870262,-1.0687588504872214,-1.621075937294595,-0.8975029591088394,2.4255572332086874,-0.40528853126895936,-0.5215313760833518,0.6498990633847446,0.2460177090131615,-0.1743498368158485,0.1817800326448049,-0.59817180414731,17,cluster bean,sandy Loamy soil
44534,0.8110716651870262,-1.0687588504872214,-0.6043429600973992,-0.8975029591088394,0.7329218983188477,-0.8474598093632759,-0.3850458754788079,0.7074322752621873,0.47058736771537607,0.4614332808893189,-0.31981938363342205,-0.040610443015975814,17,cluster bean,sandy Loamy soil
44573,0.8110716651870262,-1.0687588504872214,-0.09597647149880119,1.114202454544477,2.733309112279569,-0.8965899513737555,-0.3168031251765363,0.7641235376975206,0.5915094916319539,0.09474906416633845,-0.2439962160564809,-0.34672256285278674,17,cluster bean,sandy Loamy soil
44581,0.8110716651870262,-1.0687588504872214,-1.621075937294595,1.114202454544477,1.5023015959960477,-0.3769442185706058,-0.0779534991185845,0.12031286429823528,0.1855566470548726,-0.27784941411668973,-0.14484284307124975,-0.026033675404699152,17,cluster bean,sandy Loamy soil
44636,0.8110716651870262,-1.0687588504872214,-1.621075937294595,-0.8975029591088394,1.5023015959960477,-0.7265240751836337,-0.0438321239674487,0.3757041950712736,0.531048429673665,-0.26010662943654567,0.4675750488963534,0.04320597074886519,17,cluster bean,sandy Loamy soil
44640,0.8110716651870262,-1.0687588504872214,0.4123900170997968,-0.8975029591088394,0.5790459587834081,-0.9117069181462107,-0.2826817500253999,0.7164130693113486,0.41444495303982243,0.0651777563660981,0.3392589191507602,-0.20824327054565808,17,cluster bean,sandy Loamy soil
44661,0.8110716651870262,-1.0687588504872214,-1.621075937294595,1.114202454544477,1.963929414602369,-0.6490496204748005,-0.11207487426972029,0.31115473784292325,0.26329229814410077,-0.08859304419515178,0.1351196218282258,-0.1608687758090086,17,cluster bean,sandy Loamy soil
44662,0.8110716651870262,-1.0687588504872214,0.9207565056983947,-0.8975029591088394,2.1178053541378086,-0.90603805560654,-0.1632569369964243,0.08242513940333397,0.42308224760529234,0.2012057722472035,-0.05735457279016359,-0.5908834203416719,17,cluster bean,sandy Loamy soil
44668,0.8110716651870262,-1.0687588504872214,-0.09597647149880119,-0.8975029591088394,1.963929414602369,-0.5885817533849794,0.024410626334822903,0.5062063585981559,0.18123799977213792,0.4052477960688621,-0.31398683228135,-0.21917584625411551,17,cluster bean,sandy Loamy soil
44690,0.8110716651870262,-1.0687588504872214,0.4123900170997968,-0.8975029591088394,1.963929414602369,-0.8512390510563898,-0.026771436391880492,0.4495150961628219,0.30216012368871514,-0.3044635911369062,0.1409521731802983,-0.1608687758090086,17,cluster bean,sandy Loamy soil
44723,0.8110716651870262,-1.0687588504872214,-0.09597647149880119,1.114202454544477,1.3484256564606083,-0.4884318485174634,-0.5215313760833518,0.5752462128510869,0.5008178986945205,-0.2541923678764975,0.39758443267148424,-0.16451296771182783,17,cluster bean,sandy Loamy soil
44755,0.8110716651870262,-1.0687588504872214,0.4123900170997968,1.114202454544477,1.3484256564606083,-0.497879952750248,-0.4362279382055119,0.3905786352151977,0.38421442206067796,0.4821331963494868,0.11178941641993623,-0.5471531175078416,17,cluster bean,sandy Loamy soil
44777,0.8110716651870262,-1.0687588504872214,0.9207565056983947,1.114202454544477,1.3484256564606083,-0.6093675826971057,-0.5044706885077835,0.2146112018144338,0.21578717803401704,0.05039210246597793,-0.27899152416891543,-0.5908834203416719,17,cluster bean,sandy Loamy soil
44807,0.8110716651870262,-1.0687588504872214,0.9207565056983947,1.114202454544477,2.271681293673248,-0.9306031266117798,-0.1632569369964243,0.8735769651716798,0.4489941313017015,0.2514769955076122,-0.31398683228135,-0.09162912965544426,17,cluster bean,sandy Loamy soil
44815,0.8110716651870262,-1.0687588504872214,0.4123900170997968,1.114202454544477,1.5023015959960477,-0.7454202836492028,-0.026771436391880492,0.8003273637082043,0.531048429673665,0.34906231124840525,0.6600492435147427,0.028629203137588523,17,cluster bean,sandy Loamy soil
44834,0.8110716651870262,-1.0687588504872214,-0.6043429600973992,-0.8975029591088394,1.0406737773897279,-0.5016591944433618,-0.0438321239674487,0.738584404620217,0.22874311988222162,-0.3990917760976754,-0.2439962160564809,-0.47062508754863874,17,cluster bean,sandy Loamy soil
44914,0.8110716651870262,-1.0687588504872214,-0.6043429600973992,-0.8975029591088394,0.7329218983188477,-0.6225949286230038,-0.0438321239674487,0.592927151135374,0.39717036390888316,-0.20392114461608887,0.22844044346138445,-0.10620589726672092,17,cluster bean,sandy Loamy soil
44919,0.8110716651870262,-1.0687588504872214,-0.6043429600973992,1.114202454544477,1.963929414602369,-0.7548683878819873,-0.40210656305437614,0.0740056449822448,0.427400894888027,-0.12999287511548802,-0.016526713325656965,-0.35036675475560597,17,cluster bean,sandy Loamy soil
44957,0.8110716651870262,-1.0687588504872214,0.9207565056983947,1.114202454544477,1.6561775355314885,-0.6925108999456094,-0.0608928115430169,0.4977868641770667,0.37557712749520866,-0.19504975227601684,-0.15067539442332223,-0.5107111984796497,17,cluster bean,sandy Loamy soil
44976,0.8110716651870262,-1.0687588504872214,-1.621075937294595,-0.8975029591088394,0.8867978378542885,-0.864466396982288,-0.0608928115430169,0.5819818083879584,0.172600705206668,-0.10337869809527195,-0.43647041067487025,-0.12442685678081682,17,cluster bean,sandy Loamy soil
45007,0.8110716651870262,-1.0687588504872214,0.9207565056983947,1.114202454544477,-1.421341255177312,-0.46575639835878047,-0.7774416897168711,0.521361448556116,0.47058736771537607,0.1686773336669393,0.4150820867277013,-0.2993480681161375,54,vegetable cowpea,sandy Loamy soil
45011,0.8110716651870262,-1.0687588504872214,-1.621075937294595,1.114202454544477,-1.1135893761064315,-0.6962901416387233,0.7068381293575413,0.49554166566477637,0.5785535497837486,-0.3843061221975552,-0.13901029171917767,-0.4378273604232662,54,vegetable cowpea,sandy Loamy soil
45033,0.8110716651870262,-1.0687588504872214,-0.09597647149880119,1.114202454544477,-1.1135893761064315,-0.3882819436499474,-0.0779534991185845,0.6021885949985726,0.3064787709714498,0.06222062558607423,-0.2498287674085534,-0.3977412494922552,54,vegetable cowpea,sandy Loamy soil
45058,0.8110716651870262,-1.0687588504872214,-0.09597647149880119,-0.8975029591088394,-1.2674653156418723,-0.49976957359680474,0.16089612693936672,0.4568119913277656,0.522411135108195,-0.19800688305604114,-0.1215126376629602,-0.1535803920033704,54,vegetable cowpea,sandy Loamy soil
45077,0.8110716651870262,-1.0687588504872214,0.9207565056983947,1.114202454544477,-1.2674653156418723,-1.1781434575107348,0.7750808796598135,0.45035704560493073,0.4533127785844368,0.11249184884648249,-0.06901967549430858,-0.19366650293438142,54,vegetable cowpea,sandy Loamy soil
45134,0.8110716651870262,-1.0687588504872214,-0.6043429600973992,-0.8975029591088394,-1.421341255177312,-1.1252340738071414,-0.2144389997231283,0.7919078692871151,0.3928517166261479,0.27809117252782867,-0.20900090794404635,-0.26655034099076497,54,vegetable cowpea,sandy Loamy soil
45183,0.8110716651870262,-1.0687588504872214,-0.09597647149880119,1.114202454544477,-1.1135893761064315,-0.6698354497869264,0.502109878450726,0.21601445088461532,0.41444495303982243,-0.4316202146779396,-0.25566131876062587,-0.4779134713542772,54,vegetable cowpea,sandy Loamy soil
45204,0.8110716651870262,-1.0687588504872214,-0.6043429600973992,-0.8975029591088394,-1.2674653156418723,-1.0968897611087878,0.3656243778461821,0.7761914797010823,0.40580765847435246,-0.31333498347697825,-0.4131402052665807,-0.3248574114358716,54,vegetable cowpea,sandy Loamy soil
45208,0.8110716651870262,-1.0687588504872214,-0.09597647149880119,-0.8975029591088394,-1.5752171947127527,-0.49976957359680474,-0.1291355618452885,0.06446355130501015,0.267610945426836,-0.5173770072986368,0.2576032002217465,-0.35036675475560597,54,vegetable cowpea,sandy Loamy soil
45211,0.8110716651870262,-1.0687588504872214,-1.621075937294595,1.114202454544477,-1.421341255177312,-0.49976957359680474,-0.8115630648680069,0.5199581994859345,0.29352282912324523,-0.6179194538194539,-0.2498287674085534,-0.5908834203416719,54,vegetable cowpea,sandy Loamy soil
45243,0.8110716651870262,-1.0687588504872214,-0.09597647149880119,1.114202454544477,-1.421341255177312,-0.8814729846013002,0.502109878450726,0.5109774054367732,0.5483230188046049,0.42890484230905424,0.0009709407305605154,-0.19002231103156217,54,vegetable cowpea,sandy Loamy soil
45248,0.8110716651870262,-1.0687588504872214,-0.09597647149880119,-0.8975029591088394,-1.421341255177312,-0.7303033168767475,-0.0779534991185845,0.14837784570186585,0.33670930195059423,0.08292054104624214,-0.4714657187873048,-0.12078266487799784,54,vegetable cowpea,sandy Loamy soil
45270,0.8110716651870262,-1.0687588504872214,0.4123900170997968,-0.8975029591088394,-1.421341255177312,-0.5432308530676139,0.041471313910391105,0.09898347843147595,0.4403568367362322,0.42003344996898223,0.2459380975176015,-0.40502963329789365,54,vegetable cowpea,sandy Loamy soil
45292,0.8110716651870262,-1.0687588504872214,0.9207565056983947,-0.8975029591088394,-1.421341255177312,-1.08933127772256,-0.6409561891123273,0.3841236894923628,0.3323906546678596,-0.5617339689989973,0.09429176236371875,-0.5435089256050223,54,vegetable cowpea,sandy Loamy soil
45295,0.8110716651870262,-1.0687588504872214,0.4123900170997968,1.114202454544477,-0.9597134365709921,-0.720855212643963,-0.7945023772924388,0.06193770297868345,0.20714988346854712,0.1686773336669393,-0.40730765391450824,-0.5435089256050223,54,vegetable cowpea,sandy Loamy soil
45297,0.8110716651870262,-1.0687588504872214,0.9207565056983947,1.114202454544477,-1.5752171947127527,-0.5073280569830325,0.3656243778461821,0.8564573265154655,0.16396341064119807,0.13023463352662695,-0.016526713325656965,-0.4852018551599157,54,vegetable cowpea,sandy Loamy soil
45316,0.8110716651870262,-1.0687588504872214,-1.621075937294595,-0.8975029591088394,-1.1135893761064315,-0.6433807579351299,0.6215346914797015,0.4820704745910332,0.4619500731499067,-0.4848485687183721,-0.1798381511836843,-0.3831644818809785,54,vegetable cowpea,sandy Loamy soil
45319,0.8110716651870262,-1.0687588504872214,-0.6043429600973992,1.114202454544477,-1.421341255177312,-0.458197914972553,-0.40210656305437614,0.33725517054829957,0.5483230188046049,-0.3192492450370264,0.2051102380530949,-0.10256170536390195,54,vegetable cowpea,sandy Loamy soil
45323,0.8110716651870262,-1.0687588504872214,-0.09597647149880119,1.114202454544477,-1.2674653156418723,-0.6093675826971057,-0.5215313760833518,0.47729942775241646,0.4533127785844368,-0.532162661198757,0.4267471894318463,-0.4086738252007129,54,vegetable cowpea,sandy Loamy soil
45331,0.8110716651870262,-1.0687588504872214,-1.621075937294595,1.114202454544477,-1.2674653156418723,-0.6925108999456094,-0.0779534991185845,0.8449506841399772,0.31079741825418505,0.236691341607492,0.17011492994066033,0.021340819331950322,54,vegetable cowpea,sandy Loamy soil
45348,0.8110716651870262,-1.0687588504872214,-0.09597647149880119,-0.8975029591088394,-1.1135893761064315,-1.0024087187809423,0.3485636902706145,0.8067823094310392,0.4662687204326414,-0.21870679851620903,-0.15650794577539473,-0.2155316543512963,54,vegetable cowpea,sandy Loamy soil
45471,0.8110716651870262,-1.0687588504872214,-1.621075937294595,1.114202454544477,-0.9597134365709921,-1.0420907565586373,-0.35092450032767214,0.3291163259412468,0.2503363562958962,-0.10337869809527195,0.0009709407305605154,-0.2373968057682114,54,vegetable cowpea,sandy Loamy soil
45553,0.8110716651870262,-1.0687588504872214,-0.09597647149880119,1.114202454544477,-1.421341255177312,-0.6263741703161176,0.7580201920842453,0.7234293146622562,0.2201058253167517,0.45551901932927075,0.5958911786419462,-0.34672256285278674,54,vegetable cowpea,sandy Loamy soil
45578,0.8110716651870262,-1.0687588504872214,-0.09597647149880119,-0.8975029591088394,-1.5752171947127527,-1.1138963487278,-0.2144389997231283,0.464389536306746,0.5094551932599904,0.5057902425896794,0.21094278940516697,-0.10620589726672092,54,vegetable cowpea,sandy Loamy soil
45587,0.8110716651870262,-1.0687588504872214,0.9207565056983947,1.114202454544477,-1.2674653156418723,-0.458197914972553,-0.7433203145657353,0.7304455600131639,0.16828205792393272,-0.3162921142570025,0.5608958705295116,-0.3722319061725211,54,vegetable cowpea,sandy Loamy soil
45590,0.8110716651870262,-1.0687588504872214,0.4123900170997968,-0.8975029591088394,-1.1135893761064315,-0.7359721794164182,-0.45328862578107953,0.7178163183815301,0.16396341064119807,-0.07085025951500731,0.4150820867277013,-0.06611978633571017,54,vegetable cowpea,sandy Loamy soil
45622,0.8110716651870262,-1.0687588504872214,0.9207565056983947,-0.8975029591088394,-1.421341255177312,-0.6225949286230038,0.4509278157240219,0.8494410811645579,0.5267297823909303,-0.549905445878901,0.2459380975176015,0.05413854645732288,54,vegetable cowpea,sandy Loamy soil
45666,0.8110716651870262,-1.0687588504872214,-1.621075937294595,-0.8975029591088394,-1.421341255177312,-1.1441302822727104,0.55329194117743,0.45035704560493073,0.3410279492333289,-0.36656333751741077,0.47340760024842543,-0.5799508446332141,54,vegetable cowpea,sandy Loamy soil
45716,0.8110716651870262,-1.0687588504872214,-1.621075937294595,-0.8975029591088394,-1.2674653156418723,-0.8247843592045929,0.3656243778461821,0.8283923451118349,0.3496652437987988,0.3194910034481649,0.4384122921359913,-0.32850160333869083,54,vegetable cowpea,sandy Loamy soil
45765,0.8110716651870262,-1.0687588504872214,0.4123900170997968,1.114202454544477,-0.9597134365709921,-1.08933127772256,0.46798850329959013,0.7043451273077875,0.3712584802124734,-0.5232912688586847,-0.20316835659197385,-0.43418316852044697,54,vegetable cowpea,sandy Loamy soil
45792,0.8110716651870262,-1.0687588504872214,0.9207565056983947,-0.8975029591088394,-0.9597134365709921,-0.7907711839665686,0.43386712814845435,0.24969242856897203,0.3496652437987988,-0.20687827539611314,0.44424484348806337,-0.4086738252007129,54,vegetable cowpea,sandy Loamy soil
45871,0.8110716651870262,-1.0687588504872214,-1.621075937294595,1.114202454544477,-1.421341255177312,-0.7983296673527964,0.024410626334822903,0.07905734163489818,0.3323906546678596,0.05926349480604995,-0.29065662687306,-0.430538976617628,54,vegetable cowpea,sandy Loamy soil
45878,0.8110716651870262,-1.0687588504872214,-0.09597647149880119,-0.8975029591088394,-1.5752171947127527,-0.45441867327943913,0.28032093996834234,0.3308002248254647,0.41012630575708775,0.16276307210689114,-0.3606472430979291,-0.41960640090917034,54,vegetable cowpea,sandy Loamy soil
45897,0.8110716651870262,-1.0687588504872214,0.9207565056983947,1.114202454544477,-1.2674653156418723,-0.8115570132786946,0.7068381293575413,0.1694265817545888,0.3539838910815341,-0.1654784444757765,0.3742542272631947,-0.2738387247964032,54,vegetable cowpea,sandy Loamy soil
45909,0.8110716651870262,-1.0687588504872214,-0.6043429600973992,1.114202454544477,-0.9597134365709921,-0.5337827488348293,0.48504919087515835,0.3170483839376854,0.38853306934341325,-0.061978867174935295,-0.27899152416891543,-0.0005243320849648004,54,vegetable cowpea,sandy Loamy soil
45924,0.8110716651870262,-1.0687588504872214,-0.6043429600973992,-0.8975029591088394,-1.1135893761064315,-0.41662625634830097,0.5874133163285657,0.767771985279993,0.582872197066484,-0.05310747483486328,-0.2498287674085534,-0.14993620010055117,54,vegetable cowpea,sandy Loamy soil
45930,0.8110716651870262,-1.0687588504872214,0.4123900170997968,-0.8975029591088394,-0.9597134365709921,-0.6036987201574346,0.16089612693936672,0.2073143066494901,0.5526416660873394,0.18642011834708333,0.45007739484013587,-0.4924902389655539,54,vegetable cowpea,sandy Loamy soil
45947,0.8110716651870262,-1.0687588504872214,0.9207565056983947,1.114202454544477,-1.5752171947127527,-0.7265240751836337,-0.23149968729869652,0.562336321405417,0.5612789606528095,0.04447784090592977,-0.43647041067487025,-0.3139248357274142,54,vegetable cowpea,sandy Loamy soil
45983,0.8110716651870262,-1.0687588504872214,-0.09597647149880119,1.114202454544477,-1.2674653156418723,-0.8285636008977068,-0.0779534991185845,0.46242498760849177,0.5785535497837486,0.2041629030272278,0.3334263677986877,-0.5107111984796497,54,vegetable cowpea,sandy Loamy soil
45987,0.8110716651870262,-1.0687588504872214,0.9207565056983947,1.114202454544477,-1.2674653156418723,-0.8720248803685157,-0.2656210624498323,0.13911640183866758,0.1855566470548726,0.49691885024960697,-0.3781448971541462,-0.55444150131348,54,vegetable cowpea,sandy Loamy soil
46019,1.2888555453011261,-1.0687588504872214,-0.6043429600973992,1.114202454544477,-1.1135893761064315,-1.2064877702090884,0.33150300269504634,0.4250985623416632,0.172600705206668,0.19529151068715578,0.5667284218815841,-0.6018159960501293,22,french bean,well-drained loamy soil
46021,1.2888555453011261,-1.0687588504872214,-1.621075937294595,1.114202454544477,-1.1135893761064315,-1.1875915617435193,-0.009710748816312897,0.5976981979739914,0.3194347128196544,-0.42866308389791574,0.030133697490922567,-0.3940970575894362,22,french bean,well-drained loamy soil
46023,1.2888555453011261,-1.0687588504872214,-0.09597647149880119,1.114202454544477,-0.9597134365709921,-1.172474594971064,0.2461995648172065,0.7896626707748248,0.33670930195059423,-0.3843061221975552,0.17011492994066033,-0.4378273604232662,22,french bean,well-drained loamy soil
46032,1.2888555453011261,-1.0687588504872214,0.9207565056983947,-0.8975029591088394,-1.5752171947127527,-1.214046253595316,-1.4257478175884537,0.19440441520381996,0.2719295927095707,0.38159074982866986,0.04179880019506714,-0.37587609807534034,22,french bean,well-drained loamy soil
46040,1.2888555453011261,-1.0687588504872214,0.4123900170997968,-0.8975029591088394,-1.2674653156418723,-1.1573576281986087,-1.4939905678907253,0.8267084462276173,0.40148901119161784,-0.36656333751741077,0.240105546165529,-0.1535803920033704,22,french bean,well-drained loamy soil
46068,1.2888555453011261,-1.0687588504872214,-0.09597647149880119,-0.8975029591088394,-1.729093134248192,-1.2045981493625315,-0.23149968729869652,0.6108887392336978,0.5267297823909303,-0.3310777681571227,-0.19150325388782927,-0.20459907864283886,22,french bean,well-drained loamy soil
46081,1.2888555453011261,-1.0687588504872214,-1.621075937294595,1.114202454544477,-1.421341255177312,-1.232942462060885,-2.108175320611172,0.2676540166672959,0.29784147640597985,-0.40796316843774744,0.0651290056033567,0.07964788977705697,22,french bean,well-drained loamy soil
46088,1.2888555453011261,-1.0687588504872214,-0.09597647149880119,-0.8975029591088394,-1.5752171947127527,-1.1592472490451657,-1.3233836921350457,0.46775733407518183,0.17691935248940266,-0.14477852901560817,0.5375656651212221,-0.28841549240767983,22,french bean,well-drained loamy soil
46105,1.2888555453011261,-1.0687588504872214,0.4123900170997968,1.114202454544477,-1.5752171947127527,-1.172474594971064,-1.681658131221973,0.5918045518792292,0.29352282912324523,0.5353615503899197,0.6717143462188877,-0.5799508446332141,22,french bean,well-drained loamy soil
46119,1.2888555453011261,-1.0687588504872214,-0.6043429600973992,1.114202454544477,-1.5752171947127527,-1.3066376750766044,-2.176418070913444,0.6389537206373284,0.22874311988222162,-0.05902173639491143,-0.3548146917458566,-0.38680867378379774,22,french bean,well-drained loamy soil
46132,1.2888555453011261,-1.0687588504872214,0.9207565056983947,-0.8975029591088394,-1.5752171947127527,-1.132792557193369,0.0073499387592553065,0.3428681668290257,0.3539838910815341,-0.3310777681571227,0.006803492082632595,-0.6018159960501293,22,french bean,well-drained loamy soil
46210,1.2888555453011261,-1.0687588504872214,0.4123900170997968,-0.8975029591088394,-1.2674653156418723,-1.132792557193369,-2.022871882733332,0.5098548061806277,0.2546550035786308,-0.44640586857805975,-0.16817304847953973,-0.5763066527303952,22,french bean,well-drained loamy soil
46255,1.2888555453011261,-1.0687588504872214,0.4123900170997968,1.114202454544477,-1.1135893761064315,-1.1233444529605845,0.1438354393637991,0.166058783986153,0.3496652437987988,-0.18322122915592096,-0.11568008631088769,-0.4961344308683731,22,french bean,well-drained loamy soil
46299,1.2888555453011261,-1.0687588504872214,-0.6043429600973992,1.114202454544477,-1.1135893761064315,-1.1762538366641777,-0.1973783121475601,0.2061917073933446,0.5180924878254604,0.008992271545641278,0.6483841408105977,-0.49977862277119234,22,french bean,well-drained loamy soil
46344,1.2888555453011261,-1.0687588504872214,-0.6043429600973992,-0.8975029591088394,-1.2674653156418723,-1.2820726040713646,0.3485636902706145,0.6967675823288072,0.5483230188046049,0.4377762346491263,0.3392589191507602,-0.029677867307518382,22,french bean,well-drained loamy soil
46346,1.2888555453011261,-1.0687588504872214,-1.621075937294595,-0.8975029591088394,-1.2674653156418723,-1.2008189076694176,-1.3063230045594776,0.3512876612501149,0.3583025383642688,-0.41683456077781944,-0.20316835659197385,0.03227339504040776,22,french bean,well-drained loamy soil
46405,1.2888555453011261,-1.0687588504872214,0.4123900170997968,1.114202454544477,-1.421341255177312,-1.1970396659763038,0.1950175020905025,0.7848916239362075,0.17691935248940266,0.15389167976681914,0.251770648869674,-0.12807104868363606,22,french bean,well-drained loamy soil
46441,1.2888555453011261,-1.0687588504872214,-1.621075937294595,1.114202454544477,-1.2674653156418723,-1.2915207083041491,-2.381146321820259,0.750652346623778,0.1985125889030772,-0.4434487377980359,0.39758443267148424,-0.5872392284388526,22,french bean,well-drained loamy soil
46468,1.2888555453011261,-1.0687588504872214,-0.09597647149880119,-0.8975029591088394,-1.729093134248192,-1.129013315500255,0.1438354393637991,0.8093081577573662,0.3583025383642688,-0.14182139823558432,0.48507270295257043,-0.36129933046406343,22,french bean,well-drained loamy soil
46469,1.2888555453011261,-1.0687588504872214,-0.6043429600973992,1.114202454544477,-1.421341255177312,-1.2877414666110354,-1.4086871300128856,0.13743250295444967,0.2546550035786308,0.12136324118655492,0.1817800326448049,-0.48884604706273466,22,french bean,well-drained loamy soil
46483,1.2888555453011261,-1.0687588504872214,-0.09597647149880119,1.114202454544477,-1.1135893761064315,-1.212156632748759,-0.6238955015367591,0.10543842415431087,0.36262118564700346,0.156848810546843,0.047631351547139635,-0.40502963329789365,22,french bean,well-drained loamy soil
46492,1.2888555453011261,-1.0687588504872214,0.9207565056983947,-0.8975029591088394,-0.9597134365709921,-1.2008189076694176,0.3656243778461821,0.58338505745814,0.3583025383642688,0.5294472888298716,0.035966248842994646,0.10880142499961055,22,french bean,well-drained loamy soil
46535,1.2888555453011261,-1.0687588504872214,0.4123900170997968,1.114202454544477,-0.9597134365709921,-1.1384614197330396,-1.5451726306174294,0.7318488090833454,0.1985125889030772,0.4111620576289102,-0.2673264214647704,-0.4779134713542772,22,french bean,well-drained loamy soil
46537,1.2888555453011261,-1.0687588504872214,0.9207565056983947,1.114202454544477,-1.2674653156418723,-1.3009688125369336,0.3656243778461821,0.20591105757930855,0.24169906173042624,-0.5853910152391895,-0.06901967549430858,-0.5179995822852882,22,french bean,well-drained loamy soil
46539,1.2888555453011261,-1.0687588504872214,-0.6043429600973992,1.114202454544477,-1.421341255177312,-1.2027085285159744,-1.7328401939486768,0.7736656313747552,0.4662687204326414,-0.4966770918384684,-0.004861610621511978,-0.17180135151746628,22,french bean,well-drained loamy soil
46543,1.2888555453011261,-1.0687588504872214,-0.09597647149880119,1.114202454544477,-1.421341255177312,-1.2461698079867833,-0.0438321239674487,0.31396123598328635,0.5180924878254604,-0.49371996105844457,0.05346390289921213,-0.10256170536390195,22,french bean,well-drained loamy soil
46545,1.2888555453011261,-1.0687588504872214,0.4123900170997968,1.114202454544477,-1.5752171947127527,-1.2367217037539988,-1.8693256945532204,0.3633556032536759,0.2330617671649563,0.18346298756705948,0.10595686506786374,0.10515723309679133,22,french bean,well-drained loamy soil
46603,1.2888555453011261,-1.0687588504872214,-0.09597647149880119,1.114202454544477,-1.5752171947127527,-1.1951500451297468,-0.3338638127521039,0.2830897564392927,0.48786195684631595,-0.49963422261849233,0.48507270295257043,-0.047898826821614275,22,french bean,well-drained loamy soil
46606,1.2888555453011261,-1.0687588504872214,-1.621075937294595,-0.8975029591088394,-1.421341255177312,-1.1384614197330396,-0.1973783121475601,0.21433055200039774,0.48354330956358127,-0.28967793723678603,0.50840290836086,-0.11713847297517861,22,french bean,well-drained loamy soil
46636,1.2888555453011261,-1.0687588504872214,-1.621075937294595,-0.8975029591088394,-1.421341255177312,-1.2064877702090884,0.26326025239277473,0.5918045518792292,0.48786195684631595,-0.360649075957363,-0.09234988090259813,-0.05883140253007171,22,french bean,well-drained loamy soil
46658,1.2888555453011261,-1.0687588504872214,-0.09597647149880119,-0.8975029591088394,-1.2674653156418723,-1.1762538366641777,-2.466449759698099,0.7043451273077875,0.3669398329297387,-0.07085025951500731,0.21094278940516697,-0.5690182689247567,22,french bean,well-drained loamy soil
46747,1.2888555453011261,-1.0687588504872214,0.9207565056983947,1.114202454544477,-1.729093134248192,-1.1894811825900762,-2.466449759698099,0.4837543734752514,0.21578717803401704,-0.31037785269695434,-0.02235926467772946,-0.19731069483720037,22,french bean,well-drained loamy soil
46756,1.2888555453011261,-1.0687588504872214,-1.621075937294595,-0.8975029591088394,-1.1135893761064315,-1.191370803436633,-0.3850458754788079,0.8292342945539437,0.5094551932599904,0.34906231124840525,-0.20316835659197385,0.021340819331950322,22,french bean,well-drained loamy soil
46763,1.2888555453011261,-1.0687588504872214,-0.09597647149880119,1.114202454544477,-1.2674653156418723,-1.2367217037539988,-0.45328862578107953,0.5906819526230837,0.427400894888027,0.05334923324600179,0.2984310596862531,-0.20459907864283886,22,french bean,well-drained loamy soil
46764,1.2888555453011261,-1.0687588504872214,-0.6043429600973992,-0.8975029591088394,-1.5752171947127527,-1.295299949997263,-2.108175320611172,0.3201355318920849,0.3323906546678596,-0.4878056994983964,0.47340760024842543,-0.3831644818809785,22,french bean,well-drained loamy soil
46771,1.2888555453011261,-1.0687588504872214,-1.621075937294595,1.114202454544477,-1.5752171947127527,-1.19326042428319,-0.9821699406236866,0.7259551629885832,0.21578717803401704,-0.28967793723678603,0.07096155695542919,-0.4013854413950744,22,french bean,well-drained loamy soil
46856,1.2888555453011261,-1.0687588504872214,-1.621075937294595,-0.8975029591088394,-1.5752171947127527,-1.2423905662936696,-1.4939905678907253,0.32378397947455706,0.28920418184051055,0.3224481342281892,0.4967378056567154,-0.5580856932162992,22,french bean,well-drained loamy soil
46938,1.2888555453011261,-1.0687588504872214,-0.09597647149880119,-0.8975029591088394,-1.2674653156418723,-1.2442801871402265,-0.7945023772924388,0.5875948046686845,0.39717036390888316,-0.27784941411668973,0.29259850833418105,-0.5179995822852882,22,french bean,well-drained loamy soil
46986,1.2888555453011261,-1.0687588504872214,-1.621075937294595,-0.8975029591088394,-1.2674653156418723,-1.2102670119022023,0.3656243778461821,0.6569153087356523,0.3712584802124734,-0.360649075957363,-0.4014751025624361,-0.55444150131348,22,french bean,well-drained loamy soil
46992,1.2888555453011261,-1.0687588504872214,0.9207565056983947,-0.8975029591088394,-0.9597134365709921,-1.132792557193369,-0.5044706885077835,0.3420262173869169,0.3323906546678596,0.4939617194695831,0.14678472453237076,-0.04425463491879505,22,french bean,well-drained loamy soil
47007,0.8110716651870262,1.4177413322789671,1.4291229942969927,1.114202454544477,1.3484256564606083,-0.8380117051304914,0.05853200148595931,0.5845076567142848,0.4662687204326414,0.035606448565857755,0.27510085427796355,-0.011456907793422491,33,peas,sandy Loamy soil
47082,0.8110716651870262,1.4177413322789671,1.4291229942969927,1.114202454544477,1.3484256564606083,-0.8512390510563898,-2.364085634244691,0.06530550074711926,0.3194347128196544,0.4170763191889584,-0.1215126376629602,-0.5289321579937457,33,peas,sandy Loamy soil
47087,0.8110716651870262,1.4177413322789671,1.9374894828955906,1.114202454544477,0.4251700192479687,-0.7586476295751011,0.7580201920842453,0.7806818767256629,0.025766697593680988,-0.0264932978146468,0.21677534075723945,-0.33578998714432934,33,peas,sandy Loamy soil
47102,0.8110716651870262,1.4177413322789671,1.9374894828955906,1.114202454544477,0.7329218983188477,-0.8928107096806417,-0.5385920636589193,0.6594411570619786,0.8074418557686991,0.7098322664113376,0.3159287137424706,-0.05883140253007171,33,peas,sandy Loamy soil
47128,0.8110716651870262,1.4177413322789671,-1.1127094486959972,1.114202454544477,1.1945497169251689,-0.7491995253423166,-1.7328401939486768,0.8665607198207722,0.21146853075128177,0.5117045041497271,-0.3839774485062187,-0.12807104868363606,33,peas,sandy Loamy soil
47255,0.8110716651870262,1.4177413322789671,1.9374894828955906,1.114202454544477,0.11741814017708838,-0.8247843592045929,-2.3470249466691233,0.5586878738229452,0.28488553455777527,0.07996341026621827,0.1234545191240808,0.0942246573883339,33,peas,sandy Loamy soil
47305,0.8110716651870262,1.4177413322789671,-1.1127094486959972,1.114202454544477,0.4251700192479687,-0.7699853546544427,-0.5727134388100558,0.7955563168695869,0.6606078481557122,0.1923343799071315,-0.302321729577205,-0.5726624608275759,33,peas,sandy Loamy soil
47319,0.8110716651870262,1.4177413322789671,1.4291229942969927,1.114202454544477,1.0406737773897279,-0.7548683878819873,-0.6409561891123273,0.23790513637944738,0.30216012368871514,0.7334893126515297,0.006803492082632595,-0.5617298851191183,33,peas,sandy Loamy soil
47356,0.8110716651870262,1.4177413322789671,-1.1127094486959972,1.114202454544477,0.5790459587834081,-0.9287135057652228,-0.0438321239674487,0.3535328597624052,0.4446754840189669,0.4348191038691024,0.6833794489230323,-0.3321457952415101,33,peas,sandy Loamy soil
47365,0.8110716651870262,1.4177413322789671,-1.1127094486959972,1.114202454544477,0.5790459587834081,-0.8890314679875279,-2.466449759698099,0.7113613726586953,0.24169906173042624,0.008992271545641278,0.0009709407305605154,-0.06976397823852913,33,peas,sandy Loamy soil
47375,0.8110716651870262,1.4177413322789671,1.9374894828955906,1.114202454544477,0.27129407971252784,-0.8682456386754019,-0.6921382518390313,0.7486877979255238,0.09918370140017449,0.7571463588917223,-0.07485222684638107,-0.19366650293438142,33,peas,sandy Loamy soil
47382,0.8110716651870262,1.4177413322789671,1.4291229942969927,1.114202454544477,0.11741814017708838,-0.8002192881993532,-2.381146321820259,0.5494264299597466,-0.01741977523366806,0.1923343799071315,-0.2498287674085534,-0.5835950365360334,33,peas,sandy Loamy soil
47394,0.8110716651870262,1.4177413322789671,1.4291229942969927,1.114202454544477,-0.19033373889379193,-0.8587975344426173,0.1438354393637991,0.5516716284720375,0.2460177090131615,1.079473613914342,0.4267471894318463,-0.30663645192177574,33,peas,sandy Loamy soil
47431,0.8110716651870262,1.4177413322789671,-1.1127094486959972,1.114202454544477,-0.19033373889379193,-0.7945504256596825,-1.681658131221973,0.6585992076198698,0.03872263944188558,0.6033755583304724,-0.33731703768963955,-0.5179995822852882,33,peas,sandy Loamy soil
47483,0.8110716651870262,1.4177413322789671,1.9374894828955906,1.114202454544477,0.7329218983188477,-0.8606871552891743,-1.5792940057685652,0.5612137221492716,0.36262118564700346,0.13023463352662695,-0.20900090794404635,-0.062475594432890934,33,peas,sandy Loamy soil
47485,0.8110716651870262,1.4177413322789671,-1.1127094486959972,1.114202454544477,1.1945497169251689,-0.8304532217442636,0.43386712814845435,0.11610311708769068,0.24169906173042624,0.5235330272698234,0.1876125839968774,-0.04425463491879505,33,peas,sandy Loamy soil
47525,0.8110716651870262,1.4177413322789671,1.9374894828955906,1.114202454544477,0.11741814017708838,-0.8701352595219588,-1.9034470697043564,0.7492490975535965,0.06895317042103004,0.38159074982866986,-0.1856707025357568,-0.49977862277119234,33,peas,sandy Loamy soil
47533,0.8110716651870262,1.4177413322789671,-1.1127094486959972,1.114202454544477,0.4251700192479687,-0.7756542171941134,-1.7328401939486768,0.3964722813099599,0.07327181770376531,0.2840054340878768,-0.43647041067487025,-0.1353594324892745,33,peas,sandy Loamy soil
47543,0.8110716651870262,1.4177413322789671,1.9374894828955906,1.114202454544477,0.7329218983188477,-0.7548683878819873,-0.4191672506299437,0.10459647471220207,0.09918370140017449,1.1238305756147025,0.3042636110383256,-0.1790897353231045,33,peas,sandy Loamy soil
47544,0.8110716651870262,1.4177413322789671,1.4291229942969927,1.114202454544477,1.1945497169251689,-0.8947003305271986,-0.8798058151702786,0.46242498760849177,0.31079741825418505,0.5531043350700637,-0.45396806473108775,0.05413854645732288,33,peas,sandy Loamy soil
47549,0.8110716651870262,1.4177413322789671,1.9374894828955906,1.114202454544477,0.11741814017708838,-0.8606871552891743,-2.3129035715179875,0.3453940151553524,0.5915094916319539,0.00012087920556925818,0.0009709407305605154,-0.3795202899781593,33,peas,sandy Loamy soil
47554,0.8110716651870262,1.4177413322789671,-1.1127094486959972,1.114202454544477,1.0406737773897279,-0.7680957338078858,-2.500571134849235,0.23201149028468487,0.1337328796620536,0.047434971685954064,0.3742542272631947,-0.07340817014134837,33,peas,sandy Loamy soil
47574,0.8110716651870262,1.4177413322789671,1.4291229942969927,1.114202454544477,0.5790459587834081,-0.8058881507390239,0.2461995648172065,0.3459553147834251,0.7340248519622056,0.3638479651485254,-0.34314958904171206,-0.33578998714432934,33,peas,sandy Loamy soil
47586,0.8110716651870262,1.4177413322789671,1.4291229942969927,1.114202454544477,0.7329218983188477,-0.8965899513737555,-1.28926231698391,0.16465553491597146,0.267610945426836,1.103130660154534,0.07096155695542919,-0.06611978633571017,33,peas,sandy Loamy soil
47631,0.8110716651870262,1.4177413322789671,1.4291229942969927,1.114202454544477,1.1945497169251689,-0.8247843592045929,-2.12523600818674,0.09645763010514927,0.10350234868290915,0.8517745438524911,0.08845921101164668,0.10151304119397209,33,peas,sandy Loamy soil
47638,0.8110716651870262,1.4177413322789671,-1.1127094486959972,1.114202454544477,0.8867978378542885,-0.883362605447857,0.8262629423865175,0.38440433930639883,0.38853306934341325,0.745317835771626,-0.3664797944500016,-0.24468518957384985,33,peas,sandy Loamy soil
47664,0.8110716651870262,1.4177413322789671,1.4291229942969927,1.114202454544477,1.1945497169251689,-0.866356017828845,0.4509278157240219,0.19075596762134778,0.12077693781384902,0.8192461052722269,0.1409521731802983,-0.2592619571851265,33,peas,sandy Loamy soil
47681,0.8110716651870262,1.4177413322789671,1.9374894828955906,1.114202454544477,-0.19033373889379193,-0.7945504256596825,-1.8181436318265167,0.6367085221250381,0.4446754840189669,0.1686773336669393,-0.1215126376629602,-0.047898826821614275,33,peas,sandy Loamy soil
47706,0.8110716651870262,1.4177413322789671,1.4291229942969927,1.114202454544477,0.4251700192479687,-0.7945504256596825,-0.1461962494208567,0.509293506552555,0.6001467861974232,1.020330998313861,-0.016526713325656965,-0.011456907793422491,33,peas,sandy Loamy soil
47712,0.8110716651870262,1.4177413322789671,1.4291229942969927,1.114202454544477,0.4251700192479687,-0.8739145012150725,0.4509278157240219,0.3389390694325175,0.6131027280456284,0.9848454289535726,-0.02235926467772946,-0.44511574422890465,33,peas,sandy Loamy soil
47725,0.8110716651870262,1.4177413322789671,-1.1127094486959972,1.114202454544477,-0.036457799358352465,-0.7983296673527964,0.1438354393637991,0.6490571139426352,0.38421442206067796,0.017863663885713716,0.1351196218282258,0.057782738360142104,33,peas,sandy Loamy soil
47729,0.8110716651870262,1.4177413322789671,1.9374894828955906,1.114202454544477,-0.036457799358352465,-0.8323428425908207,-2.2787821963668513,0.7150098202411671,0.172600705206668,0.5945041659904005,-0.43647041067487025,-0.24832938147666908,33,peas,sandy Loamy soil
47794,0.8110716651870262,1.4177413322789671,-1.1127094486959972,1.114202454544477,0.7329218983188477,-0.8814729846013002,0.2973816275439105,0.04706326283475937,0.626058669893833,0.08883480260629029,-0.3956425512103636,-0.1790897353231045,33,peas,sandy Loamy soil
47822,0.8110716651870262,1.4177413322789671,1.9374894828955906,1.114202454544477,0.4251700192479687,-0.7662061129613289,-1.238080254257206,0.30301589323587014,0.617421375328363,0.6920894817311934,0.2459380975176015,-0.18637811912874294,33,peas,sandy Loamy soil
47826,0.8110716651870262,1.4177413322789671,1.4291229942969927,1.114202454544477,0.27129407971252784,-0.8455701885167191,-1.2039588791060702,0.3176096835657582,0.12941423237931896,0.7748891435718663,-0.261493870112698,-0.06611978633571017,33,peas,sandy Loamy soil
47868,0.8110716651870262,1.4177413322789671,1.4291229942969927,1.114202454544477,-0.036457799358352465,-0.8380117051304914,0.502109878450726,0.36307495343963986,0.043041286724620854,1.0617308292341978,0.11762196777200873,-0.36494352236688266,33,peas,sandy Loamy soil
47882,0.8110716651870262,1.4177413322789671,1.9374894828955906,1.114202454544477,0.4251700192479687,-0.9154861598393246,0.38268506542175035,0.1553940910527735,0.7556180883758802,0.5708471197502079,-0.29065662687306,0.01405243552631186,33,peas,sandy Loamy soil
47915,0.8110716651870262,1.4177413322789671,1.9374894828955906,1.114202454544477,1.0406737773897279,-0.8512390510563898,-0.8798058151702786,0.7486877979255238,0.6044654334801585,0.5383186811699436,0.44424484348806337,-0.04425463491879505,33,peas,sandy Loamy soil
47970,0.8110716651870262,1.4177413322789671,1.4291229942969927,1.114202454544477,0.11741814017708838,-0.80210890904591,-2.449389072122531,0.20675300702141736,0.8031232084859639,0.03264931778583389,0.44424484348806337,-0.3576551385612444,33,peas,sandy Loamy soil
47997,0.8110716651870262,1.4177413322789671,1.4291229942969927,1.114202454544477,0.5790459587834081,-0.8285636008977068,0.2461995648172065,0.4161177682925013,0.7901672666377593,0.32540526500821304,0.26926830292589105,-0.062475594432890934,33,peas,sandy Loamy soil
48017,0.8110716651870262,-1.0687588504872214,0.9207565056983947,1.114202454544477,-0.036457799358352465,2.4064672884077187,0.8262629423865175,0.6973288819568799,0.479224662280846,0.9493598595932846,0.22260789210931195,-0.59817180414731,2,annual moringa,sandy Loamy soil
48107,0.8110716651870262,-1.0687588504872214,0.9207565056983947,1.114202454544477,1.5023015959960477,1.9888610813186425,0.604474003904134,0.2432374828461371,0.18987529433760725,0.9434455980332365,0.5433982164732946,-0.08069655394698683,2,annual moringa,sandy Loamy soil
48181,0.8110716651870262,-1.0687588504872214,-1.621075937294595,1.114202454544477,0.11741814017708838,2.2401806539107114,1.0651125684444687,0.2432374828461371,0.5180924878254604,1.1120020524946064,0.1876125839968774,-0.41596220900635106,2,annual moringa,sandy Loamy soil
48267,0.8110716651870262,-1.0687588504872214,0.9207565056983947,1.114202454544477,1.3484256564606083,1.9491790435409475,0.5191705660262941,0.4481118470926404,0.38421442206067796,0.6891323509511692,0.05346390289921213,-0.19002231103156217,2,annual moringa,sandy Loamy soil
48268,0.8110716651870262,-1.0687588504872214,-0.09597647149880119,-0.8975029591088394,1.3484256564606083,2.468824776344097,0.7238988169331095,0.28982535197616394,0.5353670769563996,0.1450202874267471,0.3742542272631947,-0.5107111984796497,2,annual moringa,sandy Loamy soil
48276,0.8110716651870262,-1.0687588504872214,-1.621075937294595,-0.8975029591088394,1.3484256564606083,2.423473876026731,0.7068381293575413,0.12452261150877986,0.32375336010238964,0.9700597750534524,0.28676595698210855,-0.09891751346108273,2,annual moringa,sandy Loamy soil
48308,0.8110716651870262,-1.0687588504872214,-0.09597647149880119,-0.8975029591088394,1.3484256564606083,2.003978048091098,0.26326025239277473,0.7307262098272006,0.5785535497837486,1.0025882136337172,-0.32565193498549455,-0.5690182689247567,2,annual moringa,sandy Loamy soil
48315,0.8110716651870262,-1.0687588504872214,0.4123900170997968,1.114202454544477,0.8867978378542885,2.20427785782613,1.4916297578336677,0.530342242605278,0.31079741825418505,0.1686773336669393,0.1234545191240808,0.07964788977705697,2,annual moringa,sandy Loamy soil
48345,0.8110716651870262,-1.0687588504872214,0.4123900170997968,1.114202454544477,1.0406737773897279,1.9831922187789721,0.3656243778461821,0.4068563244293033,0.5526416660873394,0.7748891435718663,0.46174249754428087,-0.40502963329789365,2,annual moringa,sandy Loamy soil
48371,0.8110716651870262,-1.0687588504872214,-1.621075937294595,1.114202454544477,1.963929414602369,2.4518181887250847,1.4745690702580996,0.8297955941820164,0.5440043715218695,0.8310746283923232,0.5142354597129325,0.07964788977705697,2,annual moringa,sandy Loamy soil
48401,0.8110716651870262,-1.0687588504872214,-1.621075937294595,1.114202454544477,0.8867978378542885,2.121134540577626,1.508690445409236,0.2104014546038892,0.5008178986945205,0.6270326045706647,0.4967378056567154,-0.6018159960501293,2,annual moringa,sandy Loamy soil
48458,0.8110716651870262,-1.0687588504872214,-0.09597647149880119,-0.8975029591088394,0.27129407971252784,2.166485440894992,0.8262629423865175,0.47000253258747215,0.3280720073851243,0.4703046732293909,0.07096155695542919,-0.09162912965544426,2,annual moringa,sandy Loamy soil
48461,0.8110716651870262,-1.0687588504872214,-1.621075937294595,1.114202454544477,2.1178053541378086,1.9113866266098094,1.2015980690490127,0.1604457877054269,0.18987529433760725,1.103130660154534,-0.44813551337901525,-0.32121321953305265,2,annual moringa,sandy Loamy soil
48467,0.8110716651870262,-1.0687588504872214,0.9207565056983947,1.114202454544477,1.3484256564606083,1.915165868302923,0.7750808796598135,0.059411854652356766,0.28920418184051055,0.8665601977526113,0.28676595698210855,-0.33943417904714857,2,annual moringa,sandy Loamy soil
48485,0.8110716651870262,-1.0687588504872214,0.4123900170997968,1.114202454544477,1.6561775355314885,2.4329219802595157,0.16089612693936672,0.8418635361855774,0.3712584802124734,0.8133318437121787,-0.20316835659197385,-0.5617298851191183,2,annual moringa,sandy Loamy soil
48487,0.8110716651870262,-1.0687588504872214,0.9207565056983947,1.114202454544477,0.5790459587834081,1.9737441145461876,0.05853200148595931,0.7225873652201474,0.28488553455777527,0.5235330272698234,0.5783935245857291,0.03956177884604621,2,annual moringa,sandy Loamy soil
48492,0.8110716651870262,-1.0687588504872214,0.9207565056983947,-0.8975029591088394,2.1178053541378086,2.397019184174934,1.1504160063223086,0.8174470023644187,0.479224662280846,1.094259267814462,0.520068011065005,-0.22282003815693474,2,annual moringa,sandy Loamy soil
48534,0.8110716651870262,-1.0687588504872214,-0.6043429600973992,-0.8975029591088394,1.6561775355314885,2.068225156874033,0.21207818966607073,0.8738576149857166,0.18987529433760725,0.9493598595932846,-0.34314958904171206,-0.4924902389655539,2,annual moringa,sandy Loamy soil
48540,0.8110716651870262,-1.0687588504872214,0.4123900170997968,-0.8975029591088394,2.1178053541378086,2.279862691688406,0.31444231511947873,0.79836281500995,0.41012630575708775,0.44073336542915054,-0.1215126376629602,-0.4524041280345429,2,annual moringa,sandy Loamy soil
48563,0.8110716651870262,-1.0687588504872214,-0.09597647149880119,1.114202454544477,0.27129407971252784,2.158926957508764,0.31444231511947873,0.05323755874355791,0.267610945426836,0.24260560316754018,-0.004861610621511978,-0.06976397823852913,2,annual moringa,sandy Loamy soil
48615,0.8110716651870262,-1.0687588504872214,0.4123900170997968,1.114202454544477,0.7329218983188477,1.9170554891494802,0.26326025239277473,0.31396123598328635,0.38421442206067796,0.5974612967704243,0.40341698402355675,-0.28112710860204165,2,annual moringa,sandy Loamy soil
48674,0.8110716651870262,-1.0687588504872214,-0.6043429600973992,-0.8975029591088394,-0.036457799358352465,2.4385908427991865,0.877445005113221,0.6886287377217547,0.20283123618581245,1.0617308292341978,-0.2498287674085534,0.06871531406859954,2,annual moringa,sandy Loamy soil
48678,0.8110716651870262,-1.0687588504872214,-0.09597647149880119,-0.8975029591088394,0.11741814017708838,2.3630060089369103,0.9456877554154931,0.688067438093682,0.42308224760529234,0.387505011388718,0.030133697490922567,-0.14264781629491272,2,annual moringa,sandy Loamy soil
48708,0.8110716651870262,-1.0687588504872214,-0.09597647149880119,-0.8975029591088394,1.3484256564606083,2.366785250630024,0.31444231511947873,0.7896626707748248,0.522411135108195,0.7068751356313137,0.09429176236371875,0.05049435455450364,2,annual moringa,sandy Loamy soil
48731,0.8110716651870262,-1.0687588504872214,-1.621075937294595,1.114202454544477,0.7329218983188477,2.3989088050214917,0.48504919087515835,0.22022419809515992,0.172600705206668,-0.01762190547457478,0.5667284218815841,-0.5252879660909264,2,annual moringa,sandy Loamy soil
48750,0.8110716651870262,-1.0687588504872214,0.4123900170997968,-0.8975029591088394,1.0406737773897279,2.102238332112057,0.9115663802643573,0.46102173853831024,0.28920418184051055,0.736446443431554,0.4967378056567154,-0.514355390382469,2,annual moringa,sandy Loamy soil
48751,0.8110716651870262,-1.0687588504872214,-1.621075937294595,1.114202454544477,-0.036457799358352465,2.0927902278792723,1.2357194442001485,0.5373584879561856,0.3064787709714498,0.2041629030272278,0.3100961623903981,-0.5252879660909264,2,annual moringa,sandy Loamy soil
48759,0.8110716651870262,-1.0687588504872214,-0.6043429600973992,1.114202454544477,0.11741814017708838,2.2930900376143044,0.1950175020905025,0.2432374828461371,0.3453465965160642,0.9345742056931644,0.04179880019506714,-0.59817180414731,2,annual moringa,sandy Loamy soil
48772,0.8110716651870262,-1.0687588504872214,0.9207565056983947,-0.8975029591088394,1.5023015959960477,2.140030749043195,0.4168064405728861,0.17139113045284274,0.18123799977213792,1.0292023906539332,-0.14484284307124975,-0.07340817014134837,2,annual moringa,sandy Loamy soil
48778,0.8110716651870262,-1.0687588504872214,-0.09597647149880119,-0.8975029591088394,0.27129407971252784,2.0587770526412483,1.1504160063223086,0.33725517054829957,0.565597607935544,0.4111620576289102,0.5667284218815841,-0.5471531175078416,2,annual moringa,sandy Loamy soil
48795,0.8110716651870262,-1.0687588504872214,0.4123900170997968,1.114202454544477,1.3484256564606083,2.332772075392,0.16089612693936672,0.1727943795230243,0.4403568367362322,0.19824864146717966,-0.37231234580207406,0.05049435455450364,2,annual moringa,sandy Loamy soil
48860,0.8110716651870262,-1.0687588504872214,0.4123900170997968,-0.8975029591088394,0.27129407971252784,2.351668283857569,0.6215346914797015,0.38019459209585427,0.18123799977213792,1.10017352937451,-0.4656331674352323,-0.18273392722592371,2,annual moringa,sandy Loamy soil
48861,0.8110716651870262,-1.0687588504872214,-1.621075937294595,1.114202454544477,0.8867978378542885,2.302538141847089,1.1674766938978767,0.24464073191631866,0.2201058253167517,0.32540526500821304,-0.3839774485062187,-0.5653740770219374,2,annual moringa,sandy Loamy soil
48893,0.8110716651870262,-1.0687588504872214,-0.09597647149880119,1.114202454544477,0.27129407971252784,2.404577667561162,1.730479383891619,0.7652461369536661,0.20714988346854712,0.36976222670857356,0.3450914705028327,-0.35036675475560597,2,annual moringa,sandy Loamy soil
48900,0.8110716651870262,-1.0687588504872214,0.4123900170997968,-0.8975029591088394,1.5023015959960477,2.0379912233291217,0.1097140642126627,0.6838576908831373,0.5483230188046049,0.9789311673935249,0.45007739484013587,0.11973400070806799,2,annual moringa,sandy Loamy soil
48917,0.8110716651870262,-1.0687588504872214,0.9207565056983947,1.114202454544477,1.8100534750669282,2.4026880467146055,0.2461995648172065,0.41106607163984793,0.3539838910815341,0.7423607049916021,-0.2673264214647704,-0.4487599361317239,2,annual moringa,sandy Loamy soil
48924,0.8110716651870262,-1.0687588504872214,-0.6043429600973992,-0.8975029591088394,1.1945497169251689,2.391350321635264,0.4509278157240219,0.8415828863715414,0.22874311988222162,0.4791760655694629,0.2576032002217465,-0.36129933046406343,2,annual moringa,sandy Loamy soil
48926,0.8110716651870262,-1.0687588504872214,-1.621075937294595,-0.8975029591088394,0.8867978378542885,2.062556294334362,0.5362312536018617,0.08747683605598736,0.37557712749520866,0.7039180048512894,-0.29065662687306,-0.040610443015975814,2,annual moringa,sandy Loamy soil
48928,0.8110716651870262,-1.0687588504872214,-0.09597647149880119,-0.8975029591088394,0.8867978378542885,1.9926403230117566,1.5428118205603711,0.7349359570377452,0.3712584802124734,0.8902172439928039,-0.19150325388782927,-0.27019453289358397,2,annual moringa,sandy Loamy soil
48989,0.8110716651870262,-1.0687588504872214,-0.6043429600973992,1.114202454544477,0.11741814017708838,1.960516768620289,1.0139305057177648,0.464389536306746,0.427400894888027,0.5235330272698234,0.059296454251284623,-0.19731069483720037,2,annual moringa,sandy Loamy soil
49000,0.14217423302728616,1.4177413322789671,1.9374894828955906,-0.8975029591088394,0.11741814017708838,-0.6490496204748005,-0.8456844400191428,0.31620643449557667,-0.09947407360563087,0.40820492684888593,1.6749131787753424,1.1218867739833422,12,carrot,light Loamy soil
49015,0.8110716651870262,1.4177413322789671,1.9374894828955906,-0.8975029591088394,0.4251700192479687,-0.6490496204748005,-1.5451726306174294,0.31620643449557667,-0.2074402556740035,1.0972163985944863,1.5232668436214594,0.3638948581969528,12,carrot,sandy Loamy soil
49088,0.14217423302728616,1.4177413322789671,1.4291229942969927,-0.8975029591088394,-0.19033373889379193,-0.6490496204748005,-1.4428085051640214,0.31620643449557667,-0.30245049589417156,1.0883450062544138,1.2782996868344179,1.1911264201369063,12,carrot,light Loamy soil
49104,0.14217423302728616,1.4177413322789671,-1.1127094486959972,-0.8975029591088394,-0.8058374970355525,-0.6490496204748005,-1.4428085051640214,0.31620643449557667,-0.3067691431769068,0.17459159522698744,1.4941040868610973,0.9578981383564793,12,carrot,light Loamy soil
49125,0.8110716651870262,1.4177413322789671,-1.1127094486959972,-0.8975029591088394,-0.8058374970355525,-0.6490496204748005,-0.9992306281992548,0.31620643449557667,-0.18584701926032898,0.6063326891104963,0.8233606813727701,0.46957642337870914,12,carrot,sandy Loamy soil
49131,0.8110716651870262,1.4177413322789671,-1.1127094486959972,-0.8975029591088394,-0.6519615575001118,-0.6490496204748005,-1.5792940057685652,0.31620643449557667,-0.43200991437621866,0.6920894817311934,2.2231730058701484,0.502374150504082,12,carrot,sandy Loamy soil
49160,0.14217423302728616,1.4177413322789671,1.4291229942969927,-0.8975029591088394,0.11741814017708838,-0.6490496204748005,-1.596354693344133,0.31620643449557667,-0.08651813175742629,0.5294472888298716,1.412448367932084,0.33474132297439946,12,carrot,light Loamy soil
49170,0.14217423302728616,1.4177413322789671,-1.1127094486959972,-0.8975029591088394,-0.3442096784292314,-0.6490496204748005,-0.8798058151702786,0.31620643449557667,-0.41041667796254416,0.7127893971913618,0.8233606813727701,1.3696918233750464,12,carrot,light Loamy soil
49205,0.8110716651870262,1.4177413322789671,1.4291229942969927,-0.8975029591088394,-0.49808561796467227,-0.6490496204748005,-1.596354693344133,0.31620643449557667,-0.4665590926380981,0.9759740366135006,2.2698334166867276,0.670006978033764,12,carrot,sandy Loamy soil
49225,0.8110716651870262,1.4177413322789671,1.9374894828955906,-0.8975029591088394,-0.8058374970355525,-0.6490496204748005,-0.9992306281992548,0.31620643449557667,-0.37154885241793006,0.33427665734828504,1.2549694814261287,0.15617591973625977,12,carrot,sandy Loamy soil
49250,0.14217423302728616,1.4177413322789671,1.4291229942969927,-0.8975029591088394,-0.8058374970355525,-0.6490496204748005,-1.5110512554662934,0.31620643449557667,-0.21175890295673877,0.01490653310568943,2.46814016265719,0.4513554638646133,12,carrot,light Loamy soil
49253,0.8110716651870262,1.4177413322789671,1.4291229942969927,-0.8975029591088394,-0.6519615575001118,-0.6490496204748005,-1.3233836921350457,0.31620643449557667,-0.056287600778281835,0.8606459361925636,1.359955405763432,1.4207105100145145,12,carrot,sandy Loamy soil
49267,0.8110716651870262,1.4177413322789671,1.9374894828955906,-0.8975029591088394,-0.8058374970355525,-0.6490496204748005,-1.4769298803151572,0.31620643449557667,-0.40177938339707453,1.0439880445540533,1.1091556976243184,0.6189882913942952,12,carrot,sandy Loamy soil
49270,0.14217423302728616,1.4177413322789671,1.9374894828955906,-0.8975029591088394,0.11741814017708838,-0.6490496204748005,-1.5281119430418613,0.31620643449557667,-0.4622404453553631,0.9197885517930442,1.995703503139325,1.5519014185160052,12,carrot,light Loamy soil
49322,0.14217423302728616,1.4177413322789671,1.4291229942969927,-0.8975029591088394,0.11741814017708838,-0.6490496204748005,-0.9480485654725508,0.31620643449557667,-0.4147353252452791,0.6033755583304724,2.438977405896828,1.1874822282340873,12,carrot,light Loamy soil
49402,0.14217423302728616,1.4177413322789671,1.9374894828955906,-0.8975029591088394,-0.19033373889379193,-0.6490496204748005,-1.1015947536526622,0.31620643449557667,-0.2722199649150271,0.13023463352662695,1.319127546298925,0.18897364686163232,12,carrot,light Loamy soil
49405,0.8110716651870262,1.4177413322789671,1.9374894828955906,-0.8975029591088394,0.11741814017708838,-0.6490496204748005,-1.3233836921350457,0.31620643449557667,-0.4147353252452791,0.13023463352662695,2.3631542383198867,0.7137372808675942,12,carrot,sandy Loamy soil
49419,0.8110716651870262,1.4177413322789671,-1.1127094486959972,-0.8975029591088394,0.11741814017708838,-0.6490496204748005,-1.0674733785015265,0.31620643449557667,-0.11243001545383609,0.8724744593126594,2.1881776977577143,0.7100930889647747,12,carrot,sandy Loamy soil
49459,0.8110716651870262,1.4177413322789671,1.9374894828955906,-0.8975029591088394,0.5790459587834081,-0.6490496204748005,-1.5281119430418613,0.31620643449557667,-0.44064720894168863,0.3106196111080929,2.001536054491397,0.33474132297439946,12,carrot,sandy Loamy soil
49477,0.8110716651870262,1.4177413322789671,1.9374894828955906,-0.8975029591088394,0.5790459587834081,-0.6490496204748005,-0.8286237524435751,0.31620643449557667,-0.384504794266135,-0.0264932978146468,1.5232668436214594,0.6262766751999337,12,carrot,sandy Loamy soil
49519,0.8110716651870262,1.4177413322789671,1.9374894828955906,-0.8975029591088394,-0.6519615575001118,-0.6490496204748005,-1.5792940057685652,0.31620643449557667,-0.06924354262648703,0.34610518046838135,1.4999366382131702,0.41855773673924046,12,carrot,sandy Loamy soil
49541,0.8110716651870262,1.4177413322789671,1.4291229942969927,-0.8975029591088394,-0.3442096784292314,-0.6490496204748005,-0.9309878778969826,0.31620643449557667,-0.4190539725280141,0.7837605359119384,0.9516768111183632,0.8813701083972763,12,carrot,sandy Loamy soil
49562,0.14217423302728616,1.4177413322789671,1.4291229942969927,-0.8975029591088394,0.4251700192479687,-0.6490496204748005,-1.5792940057685652,0.31620643449557667,-0.056287600778281835,0.825160366832275,2.3164938275033076,0.5278834938238158,12,carrot,light Loamy soil
49563,0.8110716651870262,1.4177413322789671,-1.1127094486959972,-0.8975029591088394,0.4251700192479687,-0.6490496204748005,-1.186898191530502,0.31620643449557667,-0.19448431382579892,0.39046214216874187,1.6865782814794867,1.2785870258045668,12,carrot,sandy Loamy soil
49569,0.8110716651870262,1.4177413322789671,-1.1127094486959972,-0.8975029591088394,-0.6519615575001118,-0.6490496204748005,-1.1527768163793661,0.31620643449557667,-0.4449658562244236,-0.03240755937469495,1.954875643674818,0.2363481415982818,12,carrot,sandy Loamy soil
49579,0.8110716651870262,1.4177413322789671,1.9374894828955906,-0.8975029591088394,-0.49808561796467227,-0.6490496204748005,-1.4086871300128856,0.31620643449557667,-0.40177938339707453,-0.005793382354478895,2.2756659680388007,0.9688307140649367,12,carrot,sandy Loamy soil
49638,0.14217423302728616,1.4177413322789671,-1.1127094486959972,-0.8975029591088394,0.11741814017708838,-0.6490496204748005,-1.4598691927395895,0.31620643449557667,-0.19448431382579892,0.3845478806086937,2.12985218423699,0.4950857666984435,12,carrot,light Loamy soil
49677,0.8110716651870262,1.4177413322789671,-1.1127094486959972,-0.8975029591088394,-0.8058374970355525,-0.6490496204748005,-1.0333520033503905,0.31620643449557667,-0.22471484480494336,0.6477325200308329,1.0274999786953045,0.567969604754827,12,carrot,sandy Loamy soil
49681,0.8110716651870262,1.4177413322789671,1.9374894828955906,-0.8975029591088394,-0.036457799358352465,-0.6490496204748005,-1.4598691927395895,0.31620643449557667,-0.4363285616589536,1.014416736753813,1.2666345841302737,0.5315276857266353,12,carrot,sandy Loamy soil
49697,0.8110716651870262,1.4177413322789671,1.4291229942969927,-0.8975029591088394,-0.9597134365709921,-0.6490496204748005,-1.3575050672861815,0.31620643449557667,-0.22471484480494336,0.9730169058334768,2.1123545301807733,0.1415991521249831,12,carrot,sandy Loamy soil
49714,0.14217423302728616,1.4177413322789671,1.9374894828955906,-0.8975029591088394,0.11741814017708838,-0.6490496204748005,-1.0333520033503905,0.31620643449557667,-0.11243001545383609,0.567889988970184,2.1356847355890625,1.2968079853186627,12,carrot,light Loamy soil
49731,0.8110716651870262,1.4177413322789671,-1.1127094486959972,-0.8975029591088394,-0.6519615575001118,-0.6490496204748005,-0.8286237524435751,0.31620643449557667,-0.2894945540459669,1.0321595214339574,1.4941040868610973,0.8084862703408926,12,carrot,sandy Loamy soil
49749,0.8110716651870262,1.4177413322789671,-1.1127094486959972,-0.8975029591088394,0.11741814017708838,-0.6490496204748005,-1.2551409418327741,0.31620643449557667,-0.26358267034955774,0.7955890590320347,0.7242073083875393,1.165617076817172,12,carrot,sandy Loamy soil
49789,0.8110716651870262,1.4177413322789671,1.9374894828955906,-0.8975029591088394,-0.19033373889379193,-0.6490496204748005,-1.5792940057685652,0.31620643449557667,-0.32404373230784606,0.23077708004744385,2.7364375248525206,0.9396771788423833,12,carrot,sandy Loamy soil
49812,0.14217423302728616,1.4177413322789671,-1.1127094486959972,-0.8975029591088394,-0.3442096784292314,-0.6490496204748005,-1.5110512554662934,0.31620643449557667,-0.2592640230668225,0.4377762346491263,2.6314516005152173,0.8631491488831803,12,carrot,light Loamy soil
49916,0.14217423302728616,1.4177413322789671,1.4291229942969927,-0.8975029591088394,-0.8058374970355525,-0.6490496204748005,-1.0504126909259581,0.31620643449557667,-0.280857259480497,0.6713895662710252,2.8472560005418965,0.37482743390541073,12,carrot,light Loamy soil
49917,0.8110716651870262,1.4177413322789671,-1.1127094486959972,-0.8975029591088394,0.11741814017708838,-0.6490496204748005,-1.186898191530502,0.31620643449557667,-0.42769126709348404,0.9286599441331163,2.5089680221216972,0.6153440994914763,12,carrot,sandy Loamy soil
49934,0.14217423302728616,1.4177413322789671,1.4291229942969927,-0.8975029591088394,0.4251700192479687,-0.6490496204748005,-1.4939905678907253,0.31620643449557667,-0.3154064377423764,0.5619757274101358,1.33079264900307,0.8704375326888187,12,carrot,light Loamy soil
49970,0.14217423302728616,1.4177413322789671,1.4291229942969927,-0.8975029591088394,0.5790459587834081,-0.6490496204748005,-0.9309878778969826,0.31620643449557667,-0.1340232518675106,0.6359039969107366,2.5906237410507105,1.2202799553594597,12,carrot,light Loamy soil
49974,0.14217423302728616,1.4177413322789671,-1.1127094486959972,-0.8975029591088394,-0.036457799358352465,-0.6490496204748005,-1.1698375039549345,0.31620643449557667,-0.12970460458477534,-0.023536167034622933,2.969739578935417,1.1692612687199915,12,carrot,light Loamy soil
50010,-0.14449609504117386,1.4177413322789671,1.4291229942969927,-0.8975029591088394,0.4251700192479687,-0.8758041220616295,-0.6750775642634631,0.31620643449557667,1.2436252313249243,-0.0974644365352238,-0.4189727566186532,0.0832920816798762,4,beetroot,friable soil
50031,-0.14449609504117386,1.4177413322789671,1.4291229942969927,-0.8975029591088394,-0.49808561796467227,-1.0458699982517512,-0.6580168766878955,0.31620643449557667,1.2177133476285151,-0.24236384475640166,0.6425515894585256,-0.5726624608275759,4,beetroot,friable soil
50036,-0.14449609504117386,1.4177413322789671,1.9374894828955906,-0.8975029591088394,-0.19033373889379193,-1.1705849741245071,-0.6921382518390313,0.31620643449557667,1.2220319949112497,0.38159074982866986,0.5608958705295116,-0.12442685678081682,4,beetroot,friable soil
50042,-0.14449609504117386,1.4177413322789671,1.9374894828955906,-0.8975029591088394,-0.036457799358352465,-0.8928107096806417,-0.7945023772924388,0.31620643449557667,1.209076053063045,-0.19800688305604114,-0.16817304847953973,0.00311985981785443,4,beetroot,friable soil
50061,-0.14449609504117386,1.4177413322789671,1.4291229942969927,-0.8975029591088394,-0.3442096784292314,-1.1611368698917226,-0.7262596269901671,0.31620643449557667,1.165889580235696,-0.3902203837576034,0.11762196777200873,-0.30663645192177574,4,beetroot,friable soil
50177,-0.14449609504117386,1.4177413322789671,1.9374894828955906,-0.8975029591088394,-0.19033373889379193,-0.8531286719029465,-0.8627451275947109,0.31620643449557667,1.1831641693666353,0.4466476269891987,0.5550633191774396,-0.4924902389655539,4,beetroot,friable soil
50189,-0.14449609504117386,1.4177413322789671,1.9374894828955906,-0.8975029591088394,0.11741814017708838,-0.9117069181462107,-0.9992306281992548,0.31620643449557667,1.1831641693666353,-0.2689780217766177,-0.44813551337901525,-0.37587609807534034,4,beetroot,friable soil
50194,-0.14449609504117386,1.4177413322789671,-1.1127094486959972,-0.8975029591088394,0.11741814017708838,-0.8474598093632759,-1.1527768163793661,0.31620643449557667,1.1615709329529609,-0.19800688305604114,-0.1856707025357568,-0.5580856932162992,4,beetroot,friable soil
50202,-0.14449609504117386,1.4177413322789671,1.4291229942969927,-0.8975029591088394,-0.8058374970355525,-1.1044482444950154,-0.8968665027458468,0.31620643449557667,1.1874828166493707,-0.04719321327481513,-0.13317774036710517,-0.1754455434202855,4,beetroot,friable soil
50206,-0.14449609504117386,1.4177413322789671,-1.1127094486959972,-0.8975029591088394,-0.036457799358352465,-1.1006690028019015,-1.0674733785015265,0.31620643449557667,1.1615709329529609,0.26921978018775666,-0.21483345929611883,-0.08798493775262503,4,beetroot,friable soil
50233,-0.14449609504117386,1.4177413322789671,-1.1127094486959972,-0.8975029591088394,-0.19033373889379193,-0.8984795722203125,-0.8115630648680069,0.31620643449557667,1.1874828166493707,-0.26010662943654567,0.3742542272631947,-0.2738387247964032,4,beetroot,friable soil
50235,-0.14449609504117386,1.4177413322789671,1.4291229942969927,-0.8975029591088394,-0.036457799358352465,-1.0439803774051943,-1.1015947536526622,0.31620643449557667,1.1831641693666353,-0.03240755937469495,0.08262665965957418,-0.09527332155826349,4,beetroot,friable soil
50261,-0.14449609504117386,1.4177413322789671,1.9374894828955906,-0.8975029591088394,0.5790459587834081,-1.1875915617435193,-1.0845340660770946,0.31620643449557667,1.1788455220839007,-0.48189143793834827,0.1817800326448049,-0.0005243320849648004,4,beetroot,friable soil
50304,-0.14449609504117386,1.4177413322789671,1.4291229942969927,-0.8975029591088394,-0.6519615575001118,-1.1271236946536982,-1.0162913157748223,0.31620643449557667,1.1918014639321053,-0.20687827539611314,0.5958911786419462,0.11973400070806799,4,beetroot,friable soil
50306,-0.14449609504117386,1.4177413322789671,1.9374894828955906,-0.8975029591088394,-0.3442096784292314,-0.9249342640721091,-0.8798058151702786,0.31620643449557667,1.165889580235696,-0.14477852901560817,-0.3548146917458566,-0.12078266487799784,4,beetroot,friable soil
50355,-0.14449609504117386,1.4177413322789671,1.4291229942969927,-0.8975029591088394,0.11741814017708838,-0.8984795722203125,-0.9821699406236866,0.31620643449557667,1.2393065840421895,-0.22462106007625718,-0.2964891782251325,0.04320597074886519,4,beetroot,friable soil
50365,-0.14449609504117386,1.4177413322789671,-1.1127094486959972,-0.8975029591088394,-0.49808561796467227,-1.0175256855533976,-1.0674733785015265,0.31620643449557667,1.1745268748011661,-0.5617339689989973,-0.29065662687306,-0.5435089256050223,4,beetroot,friable soil
50381,-0.14449609504117386,1.4177413322789671,1.9374894828955906,-0.8975029591088394,-0.6519615575001118,-0.8550182927495036,-0.9992306281992548,0.31620643449557667,1.2177133476285151,0.4703046732293909,-0.14484284307124975,-0.5872392284388526,4,beetroot,friable soil
50401,-0.14449609504117386,1.4177413322789671,-1.1127094486959972,-0.8975029591088394,-0.8058374970355525,-1.0250841689396253,-1.0162913157748223,0.31620643449557667,1.2436252313249243,-0.03832182093474311,-0.4714657187873048,-0.4524041280345429,4,beetroot,friable soil
50409,-0.14449609504117386,1.4177413322789671,1.4291229942969927,-0.8975029591088394,-0.6519615575001118,-0.8739145012150725,-0.7603810021413029,0.31620643449557667,1.1702082275184307,0.3520194420284295,-0.1740055998316118,-0.5507973094106607,4,beetroot,friable soil
50465,-0.14449609504117386,1.4177413322789671,1.9374894828955906,-0.8975029591088394,-0.6519615575001118,-0.9306031266117798,-0.7433203145657353,0.31620643449557667,1.1615709329529609,-0.2867208064567622,-0.2673264214647704,-0.2957038762133183,4,beetroot,friable soil
50475,-0.14449609504117386,1.4177413322789671,1.4291229942969927,-0.8975029591088394,-0.8058374970355525,-0.8474598093632759,-1.135716128803798,0.31620643449557667,1.1788455220839007,0.40820492684888593,-0.33148448633756705,-0.007812715890603261,4,beetroot,friable soil
50480,-0.14449609504117386,1.4177413322789671,1.9374894828955906,-0.8975029591088394,-0.9597134365709921,-1.1422406614261535,-1.0162913157748223,0.31620643449557667,1.1918014639321053,0.3431480496883575,-0.13317774036710517,0.08693627358269543,4,beetroot,friable soil
50516,-0.14449609504117386,1.4177413322789671,1.9374894828955906,-0.8975029591088394,0.5790459587834081,-0.9835125103153732,-0.7262596269901671,0.31620643449557667,1.157252285670226,0.006035140765617411,0.28093340563003605,-0.48884604706273466,4,beetroot,friable soil
50526,-0.14449609504117386,1.4177413322789671,1.4291229942969927,-0.8975029591088394,-0.8058374970355525,-1.1592472490451657,-0.8456844400191428,0.31620643449557667,1.2393065840421895,-0.5173770072986368,-0.08651732955052564,-0.4123180171035321,4,beetroot,friable soil
50578,-0.14449609504117386,1.4177413322789671,-1.1127094486959972,-0.8975029591088394,-0.3442096784292314,-1.1176755904209137,-0.7262596269901671,0.31620643449557667,1.1788455220839007,0.3106196111080929,-0.03402436738187403,0.006764051720673401,4,beetroot,friable soil
50583,-0.14449609504117386,1.4177413322789671,1.4291229942969927,-0.8975029591088394,-0.19033373889379193,-0.9740644060825887,-0.9992306281992548,0.31620643449557667,1.1702082275184307,0.25739125706766036,0.0009709407305605154,-0.08798493775262503,4,beetroot,friable soil
50632,-0.14449609504117386,1.4177413322789671,-1.1127094486959972,-0.8975029591088394,-0.19033373889379193,-1.0024087187809423,-0.9139271903214149,0.31620643449557667,1.2306692894767197,-0.2689780217766177,-0.2498287674085534,-0.2847713005048609,4,beetroot,friable soil
50653,-0.14449609504117386,1.4177413322789671,-1.1127094486959972,-0.8975029591088394,-0.19033373889379193,-0.9872917520084871,-0.7774416897168711,0.31620643449557667,1.2306692894767197,-0.4345773454579639,0.2984310596862531,-0.10985008916954016,4,beetroot,friable soil
50690,-0.14449609504117386,1.4177413322789671,1.9374894828955906,-0.8975029591088394,0.5790459587834081,-0.8531286719029465,-0.9651092530481183,0.31620643449557667,1.2177133476285151,0.1923343799071315,0.5317331137691496,-0.24832938147666908,4,beetroot,friable soil
50738,-0.14449609504117386,1.4177413322789671,1.9374894828955906,-0.8975029591088394,-0.19033373889379193,-1.0496492399448651,-0.8798058151702786,0.31620643449557667,1.21339470034578,-0.1773069675958728,0.6542166921626702,-0.10985008916954016,4,beetroot,friable soil
50744,-0.14449609504117386,1.4177413322789671,1.9374894828955906,-0.8975029591088394,0.11741814017708838,-1.0817727943363324,-0.6750775642634631,0.31620643449557667,1.21339470034578,0.21007716458727596,0.263435751573819,-0.5362205417993842,4,beetroot,friable soil
50747,-0.14449609504117386,1.4177413322789671,1.9374894828955906,-0.8975029591088394,0.5790459587834081,-0.885252226294414,-1.0845340660770946,0.31620643449557667,1.1788455220839007,-0.12407861355544027,0.5725609732336566,-0.3831644818809785,4,beetroot,friable soil
50750,-0.14449609504117386,1.4177413322789671,1.9374894828955906,-0.8975029591088394,-0.49808561796467227,-1.0874416568760032,-0.6409561891123273,0.31620643449557667,1.2349879367594543,0.46439041166934275,0.28676595698210855,0.03227339504040776,4,beetroot,friable soil
50778,-0.14449609504117386,1.4177413322789671,1.4291229942969927,-0.8975029591088394,-0.6519615575001118,-0.8512390510563898,-0.6750775642634631,0.31620643449557667,1.1874828166493707,0.3549765728084534,-0.4131402052665807,0.057782738360142104,4,beetroot,friable soil
50843,-0.14449609504117386,1.4177413322789671,1.9374894828955906,-0.8975029591088394,0.5790459587834081,-1.0742143109501048,-0.8968665027458468,0.31620643449557667,1.209076053063045,0.3106196111080929,0.251770648869674,0.01769662742913109,4,beetroot,friable soil
50894,-0.14449609504117386,1.4177413322789671,1.9374894828955906,-0.8975029591088394,-0.9597134365709921,-0.883362605447857,-0.8798058151702786,0.31620643449557667,1.2349879367594543,0.2928768264279488,0.240105546165529,-0.3540109466584252,4,beetroot,friable soil
50898,-0.14449609504117386,1.4177413322789671,1.4291229942969927,-0.8975029591088394,0.11741814017708838,-1.1403510405795965,-1.0504126909259581,0.31620643449557667,1.2004387584975753,-0.17139270603582465,0.15261727588444285,-0.4378273604232662,4,beetroot,friable soil
50950,-0.14449609504117386,1.4177413322789671,-1.1127094486959972,-0.8975029591088394,0.4251700192479687,-0.9400512308445643,-0.8968665027458468,0.31620643449557667,1.2220319949112497,0.28696256486790067,-0.4189727566186532,-0.08434074584980605,4,beetroot,friable soil
50990,-0.14449609504117386,1.4177413322789671,1.9374894828955906,-0.8975029591088394,0.5790459587834081,-0.8606871552891743,-1.0333520033503905,0.31620643449557667,1.1874828166493707,-0.25123523709647366,0.6717143462188877,-0.2957038762133183,4,beetroot,friable soil
51024,1.4799690973467663,1.4177413322789671,1.9374894828955906,-0.8975029591088394,-1.2674653156418723,-1.6694448776155306,-2.517631822424803,0.31620643449557667,1.036330161753649,0.3520194420284295,-0.19150325388782927,-0.32121321953305265,35,radish,well-grained deep loamy moist soil
51043,-1.482290959360654,1.4177413322789671,1.4291229942969927,-0.8975029591088394,-0.9597134365709921,-1.6694448776155306,-1.7840222566753805,0.31620643449557667,1.1011098709946725,0.1361488950866751,-0.12734518901503267,-0.4013854413950744,35,radish,Alluvial soil
51059,-1.482290959360654,1.4177413322789671,-1.1127094486959972,-0.8975029591088394,-1.421341255177312,-1.6694448776155306,-1.8522650069776525,0.31620643449557667,1.1702082275184307,-0.6149623230394298,-0.06901967549430858,-0.4013854413950744,35,radish,Alluvial soil
51079,-1.482290959360654,1.4177413322789671,1.4291229942969927,-0.8975029591088394,0.11741814017708838,-1.6694448776155306,-2.3299642590935554,0.31620643449557667,1.1529336383874915,0.32836239578823734,0.22844044346138445,-0.15722458390618962,35,radish,Alluvial soil
51094,1.4799690973467663,1.4177413322789671,1.4291229942969927,-0.8975029591088394,-0.6519615575001118,-1.6694448776155306,-1.8863863821287885,0.31620643449557667,1.1183844601256119,0.017863663885713716,-0.14484284307124975,0.07964788977705697,35,radish,well-grained deep loamy moist soil
51240,1.4799690973467663,1.4177413322789671,1.9374894828955906,-0.8975029591088394,-0.49808561796467227,-1.6694448776155306,-2.022871882733332,0.31620643449557667,1.1442963438220215,-0.6149623230394298,-0.31398683228135,0.05413854645732288,35,radish,well-grained deep loamy moist soil
51242,1.4799690973467663,1.4177413322789671,-1.1127094486959972,-0.8975029591088394,0.27129407971252784,-1.6694448776155306,-1.2039588791060702,0.31620643449557667,1.2177133476285151,-0.5735624921190934,0.4150820867277013,-0.5653740770219374,35,radish,well-grained deep loamy moist soil
51250,1.4799690973467663,1.4177413322789671,1.4291229942969927,-0.8975029591088394,-0.9597134365709921,-1.6694448776155306,-2.449389072122531,0.31620643449557667,1.114065812842877,-0.2630637602165696,0.14678472453237076,-0.44511574422890465,35,radish,well-grained deep loamy moist soil
51284,1.4799690973467663,1.4177413322789671,-1.1127094486959972,-0.8975029591088394,-1.2674653156418723,-1.6694448776155306,-1.2210195666816377,0.31620643449557667,1.114065812842877,0.01490653310568943,0.3800867786152672,-0.2957038762133183,35,radish,well-grained deep loamy moist soil
51304,1.4799690973467663,1.4177413322789671,1.4291229942969927,-0.8975029591088394,-1.2674653156418723,-1.6694448776155306,-2.364085634244691,0.31620643449557667,1.0536047508845883,0.18346298756705948,0.32759381644661517,-0.46333670374300057,35,radish,well-grained deep loamy moist soil
51346,1.4799690973467663,1.4177413322789671,1.4291229942969927,-0.8975029591088394,0.27129407971252784,-1.6694448776155306,-1.7328401939486768,0.31620643449557667,1.1529336383874915,-0.17139270603582465,-0.10984753495881562,-0.40502963329789365,35,radish,well-grained deep loamy moist soil
51363,-1.482290959360654,1.4177413322789671,1.9374894828955906,-0.8975029591088394,-0.19033373889379193,-1.6694448776155306,-2.500571134849235,0.31620643449557667,1.0967912237119373,-0.3517776836172906,0.39758443267148424,-0.59817180414731,35,radish,Alluvial soil
51364,1.4799690973467663,1.4177413322789671,1.4291229942969927,-0.8975029591088394,-0.9597134365709921,-1.6694448776155306,-1.238080254257206,0.31620643449557667,1.2263506421939845,-0.3399491604971947,-0.028191816029801538,-0.5872392284388526,35,radish,well-grained deep loamy moist soil
51367,-1.482290959360654,1.4177413322789671,1.4291229942969927,-0.8975029591088394,-0.3442096784292314,-1.6694448776155306,-1.2039588791060702,0.31620643449557667,1.2436252313249243,-0.2482781063164494,0.45007739484013587,-0.047898826821614275,35,radish,Alluvial soil
51373,-1.482290959360654,1.4177413322789671,1.4291229942969927,-0.8975029591088394,-0.19033373889379193,-1.6694448776155306,-1.3575050672861815,0.31620643449557667,1.1529336383874915,-0.2541923678764975,0.4675750488963534,-0.2738387247964032,35,radish,Alluvial soil
51400,1.4799690973467663,1.4177413322789671,1.4291229942969927,-0.8975029591088394,-1.729093134248192,-1.6694448776155306,-1.9375684448554924,0.31620643449557667,1.0536047508845883,-0.3310777681571227,0.5783935245857291,-0.5179995822852882,35,radish,well-grained deep loamy moist soil
51408,1.4799690973467663,1.4177413322789671,1.9374894828955906,-0.8975029591088394,-1.2674653156418723,-1.6694448776155306,-1.596354693344133,0.31620643449557667,1.079516634580998,-0.40796316843774744,0.006803492082632595,-0.40502963329789365,35,radish,well-grained deep loamy moist soil
51420,1.4799690973467663,1.4177413322789671,1.9374894828955906,-0.8975029591088394,-0.3442096784292314,-1.6694448776155306,-1.5451726306174294,0.31620643449557667,1.0665606927327933,0.3431480496883575,0.40341698402355675,0.061426930262961074,35,radish,well-grained deep loamy moist soil
51421,-1.482290959360654,1.4177413322789671,1.4291229942969927,-0.8975029591088394,0.27129407971252784,-1.6694448776155306,-1.9546291324310603,0.31620643449557667,1.209076053063045,-0.19504975227601684,0.28093340563003605,-0.19002231103156217,35,radish,Alluvial soil
51447,-1.482290959360654,1.4177413322789671,1.9374894828955906,-0.8975029591088394,-0.19033373889379193,-1.6694448776155306,-1.7840222566753805,0.31620643449557667,1.1399776965392863,-0.5765196228991175,-0.40730765391450824,-0.39045286568661697,35,radish,Alluvial soil
51479,-1.482290959360654,1.4177413322789671,-1.1127094486959972,-0.8975029591088394,-0.9597134365709921,-1.6694448776155306,-1.28926231698391,0.31620643449557667,1.1442963438220215,0.3520194420284295,0.6775468975709598,-0.007812715890603261,35,radish,Alluvial soil
51487,-1.482290959360654,1.4177413322789671,1.4291229942969927,-0.8975029591088394,-0.9597134365709921,-1.6694448776155306,-1.9375684448554924,0.31620643449557667,1.1874828166493707,-0.19800688305604114,-0.13901029171917767,0.04320597074886519,35,radish,Alluvial soil
51535,-1.482290959360654,1.4177413322789671,1.4291229942969927,-0.8975029591088394,-1.2674653156418723,-1.6694448776155306,-2.2446608212157155,0.31620643449557667,1.1442963438220215,-0.29854932957685804,0.07096155695542919,-0.514355390382469,35,radish,Alluvial soil
51547,-1.482290959360654,1.4177413322789671,1.4291229942969927,-0.8975029591088394,-0.49808561796467227,-1.6694448776155306,-2.2787821963668513,0.31620643449557667,1.1486149911047563,0.05334923324600179,-0.2381636647044084,-0.30663645192177574,35,radish,Alluvial soil
51570,1.4799690973467663,1.4177413322789671,1.9374894828955906,-0.8975029591088394,-0.6519615575001118,-1.6694448776155306,-1.238080254257206,0.31620643449557667,1.1356590492565517,-0.08563591341512748,-0.13901029171917767,-0.21917584625411551,35,radish,well-grained deep loamy moist soil
51611,-1.482290959360654,1.4177413322789671,-1.1127094486959972,-0.8975029591088394,-0.9597134365709921,-1.6694448776155306,-1.8693256945532204,0.31620643449557667,1.1227031074083471,0.49691885024960697,0.5667284218815841,-0.14993620010055117,35,radish,Alluvial soil
51621,-1.482290959360654,1.4177413322789671,1.9374894828955906,-0.8975029591088394,-1.1135893761064315,-1.6694448776155306,-1.596354693344133,0.31620643449557667,1.114065812842877,-0.01762190547457478,0.5783935245857291,-0.5690182689247567,35,radish,Alluvial soil
51623,-1.482290959360654,1.4177413322789671,-1.1127094486959972,-0.8975029591088394,0.11741814017708838,-1.6694448776155306,-1.8010829442509488,0.31620643449557667,1.0320115144709137,0.48804745790953497,0.21094278940516697,-0.35036675475560597,35,radish,Alluvial soil
51641,-1.482290959360654,1.4177413322789671,-1.1127094486959972,-0.8975029591088394,-0.6519615575001118,-1.6694448776155306,-1.664597443646405,0.31620643449557667,1.1227031074083471,-0.15956418291572835,0.1876125839968774,-0.21917584625411551,35,radish,Alluvial soil
51691,-1.482290959360654,1.4177413322789671,1.4291229942969927,-0.8975029591088394,-1.421341255177312,-1.6694448776155306,-1.4086871300128856,0.31620643449557667,1.1961201112148405,-0.4138774299977956,0.3042636110383256,-0.11349428107235938,35,radish,Alluvial soil
51693,-1.482290959360654,1.4177413322789671,1.9374894828955906,-0.8975029591088394,-0.036457799358352465,-1.6694448776155306,-1.7840222566753805,0.31620643449557667,1.2393065840421895,0.13023463352662695,0.39175188131941174,-0.18273392722592371,35,radish,Alluvial soil
51734,1.4799690973467663,1.4177413322789671,-1.1127094486959972,-0.8975029591088394,0.11741814017708838,-1.6694448776155306,-1.613415380919701,0.31620643449557667,1.1918014639321053,-0.18322122915592096,-0.1740055998316118,-0.29205968431049906,35,radish,well-grained deep loamy moist soil
51801,-1.482290959360654,1.4177413322789671,1.9374894828955906,-0.8975029591088394,-0.6519615575001118,-1.6694448776155306,-2.091114633035604,0.31620643449557667,1.1442963438220215,-0.532162661198757,0.6192213840502357,-0.5872392284388526,35,radish,Alluvial soil
51803,-1.482290959360654,1.4177413322789671,-1.1127094486959972,-0.8975029591088394,-0.036457799358352465,-1.6694448776155306,-1.8352043194020846,0.31620643449557667,1.0924725764292025,-0.08563591341512748,0.5725609732336566,0.010408243623492632,35,radish,Alluvial soil
51896,1.4799690973467663,1.4177413322789671,-1.1127094486959972,-0.8975029591088394,-0.49808561796467227,-1.6694448776155306,-1.715779506373109,0.31620643449557667,1.1788455220839007,0.4584761501092946,-0.31981938363342205,-0.46333670374300057,35,radish,well-grained deep loamy moist soil
51900,1.4799690973467663,1.4177413322789671,1.9374894828955906,-0.8975029591088394,-1.1135893761064315,-1.6694448776155306,-1.9887505075821963,0.31620643449557667,1.114065812842877,-0.0738073902950316,0.08845921101164668,-0.14264781629491272,35,radish,well-grained deep loamy moist soil
51931,-1.482290959360654,1.4177413322789671,1.4291229942969927,-0.8975029591088394,-0.3442096784292314,-1.6694448776155306,-1.3233836921350457,0.31620643449557667,1.2263506421939845,0.24851986472758833,0.5667284218815841,-0.26290614908794574,35,radish,Alluvial soil
51936,1.4799690973467663,1.4177413322789671,1.9374894828955906,-0.8975029591088394,-1.1135893761064315,-1.6694448776155306,-1.4086871300128856,0.31620643449557667,1.0838352818637327,-0.07085025951500731,-0.08651732955052564,-0.4961344308683731,35,radish,well-grained deep loamy moist soil
51952,1.4799690973467663,1.4177413322789671,1.4291229942969927,-0.8975029591088394,-0.3442096784292314,-1.6694448776155306,-1.596354693344133,0.31620643449557667,1.062242045450058,-0.4227488223378676,0.5667284218815841,0.03227339504040776,35,radish,well-grained deep loamy moist soil
51998,1.4799690973467663,1.4177413322789671,-1.1127094486959972,-0.8975029591088394,-1.421341255177312,-1.6694448776155306,-2.2446608212157155,0.31620643449557667,1.0665606927327933,0.1361488950866751,0.1234545191240808,-0.35036675475560597,35,radish,well-grained deep loamy moist soil
52007,1.3844123213239463,1.4177413322789671,1.4291229942969927,1.114202454544477,-1.1135893761064315,-0.35426876841192306,-0.1461962494208567,0.31620643449557667,0.6303773171765676,0.9257028133530919,-0.1856707025357568,-0.4086738252007129,48,sweet potato,well-drained soil
52011,1.3844123213239463,1.4177413322789671,-1.1127094486959972,1.114202454544477,-1.421341255177312,0.021765780052901643,-0.2826817500253999,0.31620643449557667,0.6001467861974232,0.36976222670857356,-0.2381636647044084,0.07964788977705697,48,sweet potato,well-drained soil
52050,1.3844123213239463,1.4177413322789671,-1.1127094486959972,-0.8975029591088394,-0.49808561796467227,-0.1577482003700046,-0.09501418669415271,0.31620643449557667,0.6131027280456284,0.9493598595932846,0.21677534075723945,-0.2738387247964032,48,sweet potato,well-drained soil
52068,1.3844123213239463,1.4177413322789671,-1.1127094486959972,-0.8975029591088394,-1.2674653156418723,-0.10672843751296802,-0.009710748816312897,0.31620643449557667,0.6044654334801585,0.56493285819016,0.6600492435147427,-0.47426927945145797,48,sweet potato,well-drained soil
52072,1.3844123213239463,1.4177413322789671,1.9374894828955906,-0.8975029591088394,-0.6519615575001118,-0.2824631762427604,0.17795681451493492,0.31620643449557667,0.5958281389146886,0.727575051091482,-0.08068477819845356,-0.3940970575894362,48,sweet potato,well-drained soil
52106,1.3844123213239463,1.4177413322789671,1.4291229942969927,-0.8975029591088394,-1.2674653156418723,0.17482506862401107,-0.5385920636589193,0.31620643449557667,0.7642553829413501,-0.002836251574454608,0.030133697490922567,-0.00416852398778403,48,sweet potato,well-drained soil
52117,1.3844123213239463,1.4177413322789671,1.9374894828955906,1.114202454544477,0.11741814017708838,-0.35237914756536604,-0.3679851879032397,0.31620643449557667,0.7469807938104102,0.008992271545641278,0.520068011065005,0.006764051720673401,48,sweet potato,well-drained soil
52118,1.3844123213239463,1.4177413322789671,1.4291229942969927,-0.8975029591088394,-1.2674653156418723,-0.04626057042314692,-0.45328862578107953,0.31620643449557667,0.6044654334801585,0.33427665734828504,0.04179880019506714,-0.40502963329789365,48,sweet potato,well-drained soil
52156,1.3844123213239463,1.4177413322789671,1.9374894828955906,-0.8975029591088394,-0.036457799358352465,0.1483703767722145,0.041471313910391105,0.31620643449557667,0.7124316155485311,0.9523169903733084,0.08845921101164668,-0.08434074584980605,48,sweet potato,well-drained soil
52190,1.3844123213239463,1.4177413322789671,1.4291229942969927,-0.8975029591088394,-0.3442096784292314,-0.1086180583595251,0.1097140642126627,0.31620643449557667,0.6044654334801585,0.8606459361925636,0.5550633191774396,-0.4123180171035321,48,sweet potato,well-drained soil
52232,1.3844123213239463,1.4177413322789671,1.4291229942969927,-0.8975029591088394,-0.3442096784292314,0.11624682238074703,-0.6068348139611915,0.31620643449557667,0.8117605030514338,0.24556273394756403,0.4675750488963534,-0.007812715890603261,48,sweet potato,well-drained soil
52340,1.3844123213239463,1.4177413322789671,1.4291229942969927,-0.8975029591088394,-0.9597134365709921,-0.07649450396805761,-0.2656210624498323,0.31620643449557667,0.6087840807628931,0.4259477115290304,-0.2731589728168429,-0.3795202899781593,48,sweet potato,well-drained soil
52394,1.3844123213239463,1.4177413322789671,1.4291229942969927,-0.8975029591088394,-0.19033373889379193,0.021765780052901643,-0.1461962494208567,0.31620643449557667,0.721068910114001,0.8576888054125392,0.520068011065005,-0.19366650293438142,48,sweet potato,well-drained soil
52403,1.3844123213239463,1.4177413322789671,1.4291229942969927,1.114202454544477,-0.19033373889379193,0.09168175137550728,-0.35092450032767214,0.31620643449557667,0.7599367356586147,1.10017352937451,0.6075562813460911,0.06871531406859954,48,sweet potato,well-drained soil
52423,1.3844123213239463,1.4177413322789671,1.9374894828955906,1.114202454544477,-0.49808561796467227,-0.22388492999949636,-0.2656210624498323,0.31620643449557667,0.7426621465276756,0.4348191038691024,0.263435751573819,0.05049435455450364,48,sweet potato,well-drained soil
52448,1.3844123213239463,1.4177413322789671,1.4291229942969927,-0.8975029591088394,-0.6519615575001118,-0.05948791634904533,-0.0608928115430169,0.31620643449557667,0.794485913920494,0.37271935748859786,0.5958911786419462,-0.07340817014134837,48,sweet potato,well-drained soil
52460,1.3844123213239463,1.4177413322789671,1.4291229942969927,-0.8975029591088394,-1.421341255177312,0.11435720153419023,-0.1973783121475601,0.31620643449557667,0.7556180883758802,0.93161707491314,-0.12734518901503267,-0.3940970575894362,48,sweet potato,well-drained soil
52468,1.3844123213239463,1.4177413322789671,1.9374894828955906,-0.8975029591088394,-0.6519615575001118,0.021765780052901643,0.12677475178823092,0.31620643449557667,0.7167502628312657,0.56493285819016,-0.23233111335233592,-0.11349428107235938,48,sweet potato,well-drained soil
52479,1.3844123213239463,1.4177413322789671,-1.1127094486959972,1.114202454544477,-1.2674653156418723,-0.11050767920608189,-0.23149968729869652,0.31620643449557667,0.6346959644593029,0.19824864146717966,-0.05152202143809151,-0.5070670065768306,48,sweet potato,well-drained soil
52487,1.3844123213239463,1.4177413322789671,1.4291229942969927,1.114202454544477,0.11741814017708838,0.10112985560829182,-0.5556527512344875,0.31620643449557667,0.7728926775068193,0.05334923324600179,0.5025703570087875,-0.6018159960501293,48,sweet potato,well-drained soil
52520,1.3844123213239463,1.4177413322789671,1.4291229942969927,-0.8975029591088394,-0.3442096784292314,0.07845440544960887,-0.3338638127521039,0.31620643449557667,0.7297062046794703,0.21894855692734796,-0.43647041067487025,-0.5471531175078416,48,sweet potato,well-drained soil
52531,1.3844123213239463,1.4177413322789671,1.9374894828955906,1.114202454544477,-0.6519615575001118,0.04255160936502752,0.21207818966607073,0.31620643449557667,0.8031232084859639,0.25739125706766036,0.47340760024842543,-0.2592619571851265,48,sweet potato,well-drained soil
52570,1.3844123213239463,1.4177413322789671,1.9374894828955906,-0.8975029591088394,-0.036457799358352465,-0.11050767920608189,-0.5556527512344875,0.31620643449557667,0.6649264954384467,0.9582312519333566,0.47340760024842543,-0.26655034099076497,48,sweet potato,well-drained soil
52629,1.3844123213239463,1.4177413322789671,-1.1127094486959972,1.114202454544477,-0.3442096784292314,0.06711668037026754,-0.6068348139611915,0.31620643449557667,0.6346959644593029,0.0030780099855935448,0.6250539354023081,0.061426930262961074,48,sweet potato,well-drained soil
52652,1.3844123213239463,1.4177413322789671,1.4291229942969927,-0.8975029591088394,-0.8058374970355525,-0.023585120264464247,0.1097140642126627,0.31620643449557667,0.7815299720722894,0.4791760655694629,0.28676595698210855,0.046850162651684416,48,sweet potato,well-drained soil
52666,1.3844123213239463,1.4177413322789671,1.9374894828955906,-0.8975029591088394,-1.2674653156418723,0.10112985560829182,-0.29974243760096814,0.31620643449557667,0.7901672666377593,0.8429031515124191,-0.15067539442332223,0.028629203137588523,48,sweet potato,well-drained soil
52669,1.3844123213239463,1.4177413322789671,1.9374894828955906,1.114202454544477,-0.19033373889379193,0.17293544777745426,-0.6068348139611915,0.31620643449557667,0.6649264954384467,0.31653387266814104,0.5492307678253671,-0.41596220900635106,48,sweet potato,well-drained soil
52674,1.3844123213239463,1.4177413322789671,-1.1127094486959972,-0.8975029591088394,-0.19033373889379193,-0.1596378212165614,0.16089612693936672,0.31620643449557667,0.6735637900039168,0.16572020288691544,-0.09818243225467063,-0.5872392284388526,48,sweet potato,well-drained soil
52688,1.3844123213239463,1.4177413322789671,1.4291229942969927,-0.8975029591088394,-1.2674653156418723,-0.13507275021132165,-0.3850458754788079,0.31620643449557667,0.6433332590247722,0.3135767418881172,-0.10401498360674312,-0.040610443015975814,48,sweet potato,well-drained soil
52712,1.3844123213239463,1.4177413322789671,1.4291229942969927,-0.8975029591088394,-0.9597134365709921,0.1653769643912265,-0.0608928115430169,0.31620643449557667,0.6476519063075076,0.16276307210689114,0.28676595698210855,-0.015101099696241462,48,sweet potato,well-drained soil
52731,1.3844123213239463,1.4177413322789671,-1.1127094486959972,1.114202454544477,-0.19033373889379193,-0.1237350251319803,0.1097140642126627,0.31620643449557667,0.7297062046794703,0.6773038278310733,0.6542166921626702,-0.5179995822852882,48,sweet potato,well-drained soil
52749,1.3844123213239463,1.4177413322789671,-1.1127094486959972,1.114202454544477,-0.49808561796467227,0.11435720153419023,-0.3679851879032397,0.31620643449557667,0.7426621465276756,0.36976222670857356,0.6250539354023081,-0.13900362439209374,48,sweet potato,well-drained soil
52752,1.3844123213239463,1.4177413322789671,-1.1127094486959972,-0.8975029591088394,-0.6519615575001118,0.1351430308463161,-0.2485603748742641,0.31620643449557667,0.6217400226110977,1.1356590987347988,-0.33731703768963955,-0.28112710860204165,48,sweet potato,well-drained soil
52781,1.3844123213239463,1.4177413322789671,1.4291229942969927,1.114202454544477,-0.036457799358352465,0.16348734354466973,-0.2826817500253999,0.31620643449557667,0.7469807938104102,0.5057902425896794,-0.1798381511836843,-0.0005243320849648004,48,sweet potato,well-drained soil
52785,1.3844123213239463,1.4177413322789671,-1.1127094486959972,1.114202454544477,-1.1135893761064315,-0.14641047529066326,-0.2485603748742641,0.31620643449557667,0.6087840807628931,0.1686773336669393,0.263435751573819,-0.0770523620441676,48,sweet potato,well-drained soil
52822,1.3844123213239463,1.4177413322789671,1.9374894828955906,-0.8975029591088394,0.11741814017708838,0.09168175137550728,-0.6238955015367591,0.31620643449557667,0.5958281389146886,0.8724744593126594,0.263435751573819,-0.11713847297517861,48,sweet potato,well-drained soil
52860,1.3844123213239463,1.4177413322789671,-1.1127094486959972,-0.8975029591088394,-1.421341255177312,-0.170975546295903,0.09265337663709511,0.31620643449557667,0.7167502628312657,0.6211183430106165,0.10595686506786374,-0.4487599361317239,48,sweet potato,well-drained soil
52865,1.3844123213239463,1.4177413322789671,1.4291229942969927,1.114202454544477,-0.3442096784292314,-0.03492284534380558,-0.4874100009322159,0.31620643449557667,0.6346959644593029,0.6832180893911215,-0.4656331674352323,-0.3248574114358716,48,sweet potato,well-drained soil
52875,1.3844123213239463,1.4177413322789671,-1.1127094486959972,1.114202454544477,-0.036457799358352465,-0.04437094957659012,-0.4191672506299437,0.31620643449557667,0.7340248519622056,1.0025882136337172,0.6542166921626702,-0.09891751346108273,48,sweet potato,well-drained soil
52911,1.3844123213239463,1.4177413322789671,-1.1127094486959972,1.114202454544477,-0.8058374970355525,-0.3391518016394676,-0.5727134388100558,0.31620643449557667,0.6951570264175913,0.047434971685954064,0.4384122921359913,-0.29205968431049906,48,sweet potato,well-drained soil
53012,0.5244013371185662,1.4177413322789671,1.9374894828955906,-0.8975029591088394,0.27129407971252784,3.305926811368807,0.6897774417819738,0.31620643449557667,-0.6565795730784338,0.298791087987997,0.36842167591112224,-0.47426927945145797,49,tapoica,red lateritic Loamy soil
53100,0.5244013371185662,1.4177413322789671,1.4291229942969927,-0.8975029591088394,-0.8058374970355525,3.494888896024498,0.07559268906152691,0.31620643449557667,-0.7256779296021924,-0.2364495831963535,0.5317331137691496,-0.4086738252007129,49,tapoica,red lateritic Loamy soil
53101,0.5244013371185662,1.4177413322789671,-1.1127094486959972,1.114202454544477,0.5790459587834081,3.3871805077707546,0.4509278157240219,0.31620643449557667,-0.6004371584028803,0.2514769955076122,-0.14484284307124975,-0.22646423005975397,49,tapoica,red lateritic Loamy soil
53156,0.5244013371185662,1.4177413322789671,1.9374894828955906,-0.8975029591088394,-0.49808561796467227,3.366394678458628,0.05853200148595931,0.31620643449557667,-0.5788439219892056,0.5501472042900399,-0.32565193498549455,0.024985011234769292,49,tapoica,red lateritic Loamy soil
53238,0.5244013371185662,1.4177413322789671,1.4291229942969927,-0.8975029591088394,-1.5752171947127527,3.5213435878762946,0.09265337663709511,0.31620643449557667,-0.790457638843216,0.17163446444696318,0.39758443267148424,0.11244561690242978,49,tapoica,red lateritic Loamy soil
53244,0.5244013371185662,1.4177413322789671,1.4291229942969927,-0.8975029591088394,-1.421341255177312,3.305926811368807,0.4509278157240219,0.31620643449557667,-0.5356574491618566,-0.360649075957363,0.0651290056033567,-0.4669808956458198,49,tapoica,red lateritic Loamy soil
53253,0.5244013371185662,1.4177413322789671,1.4291229942969927,1.114202454544477,-0.036457799358352465,3.4495379957071317,0.6727167542064055,0.31620643449557667,-0.9156984100425282,-0.3843061221975552,-0.08068477819845356,-0.05883140253007171,49,tapoica,red lateritic Loamy soil
53276,0.5244013371185662,1.4177413322789671,1.9374894828955906,-0.8975029591088394,0.4251700192479687,3.4249729247018927,0.6385953790552698,0.31620643449557667,-0.6436236312302293,-0.15660705213570447,-0.1740055998316118,-0.31028064382459497,49,tapoica,red lateritic Loamy soil
53288,0.5244013371185662,1.4177413322789671,1.9374894828955906,-0.8975029591088394,-1.729093134248192,3.578032213273002,0.6215346914797015,0.31620643449557667,-0.9156984100425282,-0.5232912688586847,0.6775468975709598,-0.5362205417993842,49,tapoica,red lateritic Loamy soil
53313,0.5244013371185662,1.4177413322789671,1.4291229942969927,1.114202454544477,-0.3442096784292314,3.0810619306285347,0.28032093996834234,0.31620643449557667,-0.8206881698223601,-0.14773565979563247,0.035966248842994646,-0.3248574114358716,49,tapoica,red lateritic Loamy soil
53353,0.5244013371185662,1.4177413322789671,-1.1127094486959972,1.114202454544477,-1.421341255177312,3.5874803175057863,0.48504919087515835,0.31620643449557667,-0.7213592823194575,-0.15069279057565632,-0.05735457279016359,-0.4815576632570964,49,tapoica,red lateritic Loamy soil
53365,0.5244013371185662,1.4177413322789671,-1.1127094486959972,1.114202454544477,-1.1135893761064315,3.111295864173446,0.6385953790552698,0.31620643449557667,-0.6824914567748434,-0.1684355752558008,0.5433982164732946,-0.25197357337948806,49,tapoica,red lateritic Loamy soil
53368,0.5244013371185662,1.4177413322789671,-1.1127094486959972,-0.8975029591088394,-0.3442096784292314,3.3493880908396165,0.09265337663709511,0.31620643449557667,-0.7515898132986019,0.006035140765617411,-0.3664797944500016,-0.062475594432890934,49,tapoica,red lateritic Loamy soil
53443,0.5244013371185662,1.4177413322789671,-1.1127094486959972,1.114202454544477,-1.5752171947127527,3.4060767162363237,0.502109878450726,0.31620643449557667,-0.7386338714503969,0.45551901932927075,0.4384122921359913,-0.19002231103156217,49,tapoica,red lateritic Loamy soil
53468,0.5244013371185662,1.4177413322789671,1.9374894828955906,-0.8975029591088394,-0.9597134365709921,3.2152250107340756,0.4168064405728861,0.31620643449557667,-0.6393049839474942,-0.549905445878901,-0.40730765391450824,-0.44511574422890465,49,tapoica,red lateritic Loamy soil
53501,0.5244013371185662,1.4177413322789671,1.9374894828955906,1.114202454544477,-1.421341255177312,3.283251361210125,0.16089612693936672,0.31620643449557667,-0.6306676893820243,-0.4404916070180116,-0.06901967549430858,0.08693627358269543,49,tapoica,red lateritic Loamy soil
53508,0.5244013371185662,1.4177413322789671,1.4291229942969927,-0.8975029591088394,0.4251700192479687,3.4230833038553357,0.55329194117743,0.31620643449557667,-0.7040846931885179,0.5383186811699436,0.23427299481345693,-0.3430783709499675,49,tapoica,red lateritic Loamy soil
53518,0.5244013371185662,1.4177413322789671,-1.1127094486959972,-0.8975029591088394,-1.1135893761064315,3.5874803175057863,0.2461995648172065,0.31620643449557667,-0.881149231780649,0.3401909189083332,0.47924015160049793,-0.047898826821614275,49,tapoica,red lateritic Loamy soil
53536,0.5244013371185662,1.4177413322789671,-1.1127094486959972,-0.8975029591088394,0.27129407971252784,3.462765341633031,0.1950175020905025,0.31620643449557667,-0.7040846931885179,-0.2660208909965938,0.4384122921359913,-0.011456907793422491,49,tapoica,red lateritic Loamy soil
53539,0.5244013371185662,1.4177413322789671,-1.1127094486959972,1.114202454544477,0.4251700192479687,3.5496879005746482,0.3997457529973185,0.31620643449557667,-0.5313388018791216,0.22486281848739612,0.4209146380797738,-0.2993480681161375,49,tapoica,red lateritic Loamy soil
53549,0.5244013371185662,1.4177413322789671,1.9374894828955906,1.114202454544477,-0.036457799358352465,3.3153749156015917,0.43386712814845435,0.31620643449557667,-0.5615693328582658,0.37863361904864556,0.6542166921626702,-0.09891751346108273,49,tapoica,red lateritic Loamy soil
53576,0.5244013371185662,1.4177413322789671,1.9374894828955906,-0.8975029591088394,0.11741814017708838,3.3607258159189572,0.6897774417819738,0.31620643449557667,-0.5356574491618566,0.16572020288691544,0.035966248842994646,-0.17180135151746628,49,tapoica,red lateritic Loamy soil
53615,0.5244013371185662,1.4177413322789671,1.9374894828955906,1.114202454544477,-1.421341255177312,3.5761425924264456,0.5362312536018617,0.31620643449557667,-0.6652168676439038,0.0977061949463623,0.3100961623903981,-0.5653740770219374,49,tapoica,red lateritic Loamy soil
53620,0.5244013371185662,1.4177413322789671,-1.1127094486959972,-0.8975029591088394,-1.5752171947127527,3.334271124067161,0.1097140642126627,0.31620643449557667,-0.6522609257956988,-0.3931775145376272,-0.2498287674085534,-0.06976397823852913,49,tapoica,red lateritic Loamy soil
53726,0.5244013371185662,1.4177413322789671,1.9374894828955906,-0.8975029591088394,-0.49808561796467227,3.3758427826914126,0.09265337663709511,0.31620643449557667,-0.7256779296021924,-0.31037785269695434,0.1992776867010224,-0.5216437741881075,49,tapoica,red lateritic Loamy soil
53727,0.5244013371185662,1.4177413322789671,1.4291229942969927,1.114202454544477,-1.421341255177312,3.1547571436442547,0.05853200148595931,0.31620643449557667,-0.6220303948165548,0.42890484230905424,0.1992776867010224,-0.5398647337022033,49,tapoica,red lateritic Loamy soil
53730,0.5244013371185662,1.4177413322789671,1.4291229942969927,-0.8975029591088394,0.11741814017708838,3.1793222146494946,0.28032093996834234,0.31620643449557667,-0.6047558056856148,-0.0264932978146468,-0.4189727566186532,-0.09891751346108273,49,tapoica,red lateritic Loamy soil
53744,0.5244013371185662,1.4177413322789671,1.9374894828955906,-0.8975029591088394,-0.49808561796467227,3.211445769040962,0.12677475178823092,0.31620643449557667,-0.5442947437273262,-0.4848485687183721,0.5142354597129325,-0.5289321579937457,49,tapoica,red lateritic Loamy soil
53756,0.5244013371185662,1.4177413322789671,1.9374894828955906,-0.8975029591088394,-1.5752171947127527,3.2190042524271893,0.46798850329959013,0.31620643449557667,-0.6608982203611689,-0.2748922833366659,0.35675657320697723,-0.15722458390618962,49,tapoica,red lateritic Loamy soil
53762,0.5244013371185662,1.4177413322789671,1.9374894828955906,-0.8975029591088394,0.11741814017708838,3.381511645231084,0.46798850329959013,0.31620643449557667,-0.6565795730784338,-0.5292055304187329,0.5025703570087875,-0.59817180414731,49,tapoica,red lateritic Loamy soil
53797,0.5244013371185662,1.4177413322789671,-1.1127094486959972,1.114202454544477,-0.6519615575001118,3.513785104490067,0.2973816275439105,0.31620643449557667,-0.8595559953669745,0.34906231124840525,0.4675750488963534,0.04320597074886519,49,tapoica,red lateritic Loamy soil
53829,0.5244013371185662,1.4177413322789671,1.4291229942969927,1.114202454544477,-1.5752171947127527,3.113185485020003,0.48504919087515835,0.31620643449557667,-0.6133931002510848,-0.5883481460192136,0.10595686506786374,-0.2993480681161375,49,tapoica,red lateritic Loamy soil
53866,0.5244013371185662,1.4177413322789671,-1.1127094486959972,-0.8975029591088394,-0.6519615575001118,3.443869133167462,0.6727167542064055,0.31620643449557667,-0.7688644024295415,-0.020579036254599066,0.3217612650945431,-0.43418316852044697,49,tapoica,red lateritic Loamy soil
53877,0.5244013371185662,1.4177413322789671,1.4291229942969927,1.114202454544477,-1.729093134248192,3.3172645364481483,0.21207818966607073,0.31620643449557667,-0.8638746426497091,-0.26010662943654567,0.2576032002217465,-0.34672256285278674,49,tapoica,red lateritic Loamy soil
53884,0.5244013371185662,1.4177413322789671,-1.1127094486959972,-0.8975029591088394,0.27129407971252784,3.290809844596352,0.6385953790552698,0.31620643449557667,-0.6393049839474942,0.5383186811699436,0.6483841408105977,-0.3940970575894362,49,tapoica,red lateritic Loamy soil
53938,0.5244013371185662,1.4177413322789671,-1.1127094486959972,-0.8975029591088394,-0.6519615575001118,3.1207439684062304,0.22913887724163892,0.31620643449557667,-0.4924709763345076,0.5353615503899197,-0.43647041067487025,-0.1754455434202855,49,tapoica,red lateritic Loamy soil
53966,0.5244013371185662,1.4177413322789671,1.9374894828955906,-0.8975029591088394,-1.729093134248192,3.4778823084054853,0.55329194117743,0.31620643449557667,-0.7127219877539874,-0.05902173639491143,0.024301146138850073,0.035917586943226984,49,tapoica,red lateritic Loamy soil
53980,0.5244013371185662,1.4177413322789671,-1.1127094486959972,-0.8975029591088394,-1.1135893761064315,3.506226621103839,0.1097140642126627,0.31620643449557667,-0.777501696995011,0.05039210246597793,0.4267471894318463,-0.30299226001895674,49,tapoica,red lateritic Loamy soil
53982,0.5244013371185662,1.4177413322789671,1.4291229942969927,-0.8975029591088394,-0.6519615575001118,3.4552068582468025,0.31444231511947873,0.31620643449557667,-0.5140642127481821,-0.11520722121536783,0.1934451353489499,-0.48884604706273466,49,tapoica,red lateritic Loamy soil
53987,0.5244013371185662,1.4177413322789671,1.9374894828955906,1.114202454544477,-0.49808561796467227,3.462765341633031,0.3656243778461821,0.31620643449557667,-0.6263490420992894,-0.5144198765186127,0.6017237299940186,-0.4013854413950744,49,tapoica,red lateritic Loamy soil
54091,0.6199581131413862,1.4177413322789671,1.4291229942969927,1.114202454544477,0.27129407971252784,2.468824776344097,0.9627484429910608,1.084344975512946,0.4662687204326414,-0.0974644365352238,0.047631351547139635,-0.2155316543512963,21,elephant foot yam,rich red Loamy soil
54114,0.6199581131413862,1.4177413322789671,1.9374894828955906,-0.8975029591088394,-0.49808561796467227,2.468824776344097,1.611054570862644,0.7035031778656787,0.4187636003225577,-0.3902203837576034,0.5608958705295116,-0.25197357337948806,21,elephant foot yam,rich red Loamy soil
54123,0.6199581131413862,1.4177413322789671,1.9374894828955906,1.114202454544477,0.27129407971252784,2.468824776344097,1.4575083826825315,0.8943450514103668,0.5915094916319539,0.19824864146717966,-0.01069416197358447,-0.4815576632570964,21,elephant foot yam,rich red Loamy soil
54140,0.6199581131413862,1.4177413322789671,-1.1127094486959972,-0.8975029591088394,-0.49808561796467227,2.468824776344097,0.9627484429910608,1.3318781114929679,0.40580765847435246,0.1598059413268673,0.44424484348806337,0.11973400070806799,21,elephant foot yam,rich red Loamy soil
54193,0.6199581131413862,1.4177413322789671,1.4291229942969927,1.114202454544477,0.4251700192479687,2.468824776344097,1.0139305057177648,1.0888353725375266,0.5871908443492186,-0.48189143793834827,0.5550633191774396,-0.5763066527303952,21,elephant foot yam,rich red Loamy soil
54205,0.6199581131413862,1.4177413322789671,1.4291229942969927,1.114202454544477,-1.421341255177312,2.468824776344097,1.3551442572291246,1.6939163715998025,0.531048429673665,-0.3044635911369062,0.006803492082632595,-0.20459907864283886,21,elephant foot yam,rich red Loamy soil
54208,0.6199581131413862,1.4177413322789671,1.4291229942969927,-0.8975029591088394,-1.1135893761064315,2.468824776344097,0.46798850329959013,1.425053849753021,0.5612789606528095,0.4673475424493666,0.08262665965957418,-0.062475594432890934,21,elephant foot yam,rich red Loamy soil
54210,0.6199581131413862,1.4177413322789671,1.9374894828955906,-0.8975029591088394,-0.8058374970355525,2.468824776344097,0.1950175020905025,1.3388943568438756,0.531048429673665,-0.42570595311789144,0.32759381644661517,-0.4961344308683731,21,elephant foot yam,rich red Loamy soil
54242,0.6199581131413862,1.4177413322789671,-1.1127094486959972,-0.8975029591088394,0.11741814017708838,2.468824776344097,0.48504919087515835,1.2546994126329838,0.427400894888027,-0.28967793723678603,-0.44813551337901525,-0.47062508754863874,21,elephant foot yam,rich red Loamy soil
54284,0.6199581131413862,1.4177413322789671,-1.1127094486959972,-0.8975029591088394,0.27129407971252784,2.468824776344097,1.508690445409236,0.33416802259390016,0.5396857242391349,0.03856357934588162,0.5259005624170775,-0.55444150131348,21,elephant foot yam,rich red Loamy soil
54296,0.6199581131413862,1.4177413322789671,-1.1127094486959972,-0.8975029591088394,0.4251700192479687,2.468824776344097,0.26326025239277473,0.6016272953704999,0.4749060149981113,0.45256188854924645,0.36842167591112224,-0.09527332155826349,21,elephant foot yam,rich red Loamy soil
54298,0.6199581131413862,1.4177413322789671,1.4291229942969927,-0.8975029591088394,0.4251700192479687,2.468824776344097,0.8262629423865175,0.3827204404221813,0.5051365459772558,-0.5439911843188531,0.0651290056033567,-0.2774829166992224,21,elephant foot yam,rich red Loamy soil
54309,0.6199581131413862,1.4177413322789671,1.9374894828955906,1.114202454544477,-1.1135893761064315,2.468824776344097,1.2186587566245801,0.509293506552555,0.427400894888027,-0.2453209755364255,-0.3081542809292775,-0.6018159960501293,21,elephant foot yam,rich red Loamy soil
54324,0.6199581131413862,1.4177413322789671,1.9374894828955906,-0.8975029591088394,0.11741814017708838,2.468824776344097,1.3210228820779881,1.0197955182845957,0.427400894888027,0.026735056225785737,0.04179880019506714,-0.12442685678081682,21,elephant foot yam,rich red Loamy soil
54357,0.6199581131413862,1.4177413322789671,1.9374894828955906,1.114202454544477,0.4251700192479687,2.468824776344097,1.6622366335893475,1.2378604237908055,0.48354330956358127,-0.3872632529775791,-0.3898099998582912,-0.0770523620441676,21,elephant foot yam,rich red Loamy soil
54377,0.6199581131413862,1.4177413322789671,-1.1127094486959972,1.114202454544477,-1.5752171947127527,2.468824776344097,0.31444231511947873,1.4960582527042068,0.4533127785844368,0.3549765728084534,0.5492307678253671,-0.43418316852044697,21,elephant foot yam,rich red Loamy soil
54395,0.6199581131413862,1.4177413322789671,-1.1127094486959972,1.114202454544477,-0.9597134365709921,2.468824776344097,0.48504919087515835,1.451434932272434,0.4749060149981113,-0.2571494986565218,0.1292870704761533,-0.4123180171035321,21,elephant foot yam,rich red Loamy soil
54397,0.6199581131413862,1.4177413322789671,1.4291229942969927,1.114202454544477,-1.729093134248192,2.468824776344097,0.2461995648172065,1.4244925501249488,0.4446754840189669,0.42003344996898223,0.5375656651212221,-0.026033675404699152,21,elephant foot yam,rich red Loamy soil
54402,0.6199581131413862,1.4177413322789671,1.9374894828955906,-0.8975029591088394,0.5790459587834081,2.468824776344097,1.3551442572291246,0.9193228848595982,0.49218060412905057,0.49987598102963127,-0.004861610621511978,0.11608980880524876,21,elephant foot yam,rich red Loamy soil
54423,0.6199581131413862,1.4177413322789671,1.9374894828955906,1.114202454544477,-0.036457799358352465,2.468824776344097,0.7068381293575413,0.7360585562938899,0.4187636003225577,0.2633055186277085,-0.3664797944500016,-0.48884604706273466,21,elephant foot yam,rich red Loamy soil
54451,0.6199581131413862,1.4177413322789671,1.4291229942969927,1.114202454544477,-1.421341255177312,2.468824776344097,0.48504919087515835,1.1267230974324278,0.3928517166261479,0.4910045886895592,0.1234545191240808,-0.09891751346108273,21,elephant foot yam,rich red Loamy soil
54456,0.6199581131413862,1.4177413322789671,1.9374894828955906,-0.8975029591088394,-1.5752171947127527,2.468824776344097,1.5598725081359395,1.1957629516853596,0.4662687204326414,-0.6238337153795018,0.4325797407839188,-0.23375261386539217,21,elephant foot yam,rich red Loamy soil
54503,0.6199581131413862,1.4177413322789671,-1.1127094486959972,1.114202454544477,-0.9597134365709921,2.468824776344097,1.30396219450242,1.5154230898727115,0.5699162552182794,-0.07972165185507976,-0.261493870112698,-0.4378273604232662,21,elephant foot yam,rich red Loamy soil
54515,0.6199581131413862,1.4177413322789671,-1.1127094486959972,1.114202454544477,-1.2674653156418723,2.468824776344097,1.730479383891619,1.1651721219554019,0.5137738405427251,-0.23940671397637736,-0.16234049712746723,-0.5289321579937457,21,elephant foot yam,rich red Loamy soil
54568,0.6199581131413862,1.4177413322789671,1.4291229942969927,-0.8975029591088394,-0.8058374970355525,2.468824776344097,0.7921415672353811,1.4323507449179653,0.522411135108195,-0.5262483996387088,0.36258912455904974,-0.4524041280345429,21,elephant foot yam,rich red Loamy soil
54571,0.6199581131413862,1.4177413322789671,1.4291229942969927,1.114202454544477,-0.49808561796467227,2.468824776344097,0.07559268906152691,1.0865901740252364,0.5483230188046049,-0.4138774299977956,-0.4772982701393773,-0.4779134713542772,21,elephant foot yam,rich red Loamy soil
54585,0.6199581131413862,1.4177413322789671,1.9374894828955906,1.114202454544477,-1.2674653156418723,2.468824776344097,0.48504919087515835,0.8289536447399076,0.4317195421707623,-0.2630637602165696,-0.14484284307124975,0.010408243623492632,21,elephant foot yam,rich red Loamy soil
54673,0.6199581131413862,1.4177413322789671,1.4291229942969927,1.114202454544477,-1.729093134248192,2.468824776344097,1.6622366335893475,0.40910152294159363,0.3798957747779433,-0.3754347298574832,0.3217612650945431,-0.430538976617628,21,elephant foot yam,rich red Loamy soil
54706,0.6199581131413862,1.4177413322789671,1.4291229942969927,-0.8975029591088394,-0.3442096784292314,2.468824776344097,1.6451759460137791,0.5856302559704303,0.4446754840189669,-0.2630637602165696,0.3042636110383256,-0.2957038762133183,21,elephant foot yam,rich red Loamy soil
54788,0.6199581131413862,1.4177413322789671,-1.1127094486959972,-0.8975029591088394,-0.9597134365709921,2.468824776344097,0.6897774417819738,1.2496477159803299,0.39717036390888316,0.4703046732293909,-0.302321729577205,-0.03332205921033735,21,elephant foot yam,rich red Loamy soil
54831,0.6199581131413862,1.4177413322789671,1.9374894828955906,1.114202454544477,-1.2674653156418723,2.468824776344097,0.9968698181421971,0.9995887316739814,0.48786195684631595,-0.1684355752558008,-0.1798381511836843,-0.18273392722592371,21,elephant foot yam,rich red Loamy soil
54874,0.6199581131413862,1.4177413322789671,1.4291229942969927,-0.8975029591088394,-1.2674653156418723,2.468824776344097,1.0992339435956047,0.5443747333070932,0.5612789606528095,-0.49963422261849233,0.29259850833418105,-0.28841549240767983,21,elephant foot yam,rich red Loamy soil
54879,0.6199581131413862,1.4177413322789671,1.9374894828955906,1.114202454544477,-0.6519615575001118,2.468824776344097,0.21207818966607073,0.6086435407214075,0.531048429673665,-0.5114627457385886,-0.09818243225467063,-0.4924902389655539,21,elephant foot yam,rich red Loamy soil
54885,0.6199581131413862,1.4177413322789671,1.9374894828955906,1.114202454544477,0.11741814017708838,2.468824776344097,0.16089612693936672,1.2583478602154556,0.5440043715218695,0.06222062558607423,0.1409521731802983,0.035917586943226984,21,elephant foot yam,rich red Loamy soil
54899,0.6199581131413862,1.4177413322789671,-1.1127094486959972,1.114202454544477,-1.2674653156418723,2.468824776344097,0.6727167542064055,1.2134438899696467,0.49218060412905057,0.387505011388718,-0.004861610621511978,-0.594527612244491,21,elephant foot yam,rich red Loamy soil
54901,0.6199581131413862,1.4177413322789671,1.4291229942969927,1.114202454544477,-0.9597134365709921,2.468824776344097,1.2869015069268517,1.391937171696737,0.49649925141178586,0.0770062794861944,0.21094278940516697,-0.2118874624484773,21,elephant foot yam,rich red Loamy soil
54926,0.6199581131413862,1.4177413322789671,-1.1127094486959972,-0.8975029591088394,-0.8058374970355525,2.468824776344097,0.7068381293575413,0.920164834301707,0.4317195421707623,-0.3369920297171704,0.16428237858858785,0.00311985981785443,21,elephant foot yam,rich red Loamy soil
54932,0.6199581131413862,1.4177413322789671,-1.1127094486959972,-0.8975029591088394,-0.49808561796467227,2.468824776344097,0.9627484429910608,1.6088794779468012,0.38421442206067796,0.18346298756705948,0.10012431371579124,0.03227339504040776,21,elephant foot yam,rich red Loamy soil
54944,0.6199581131413862,1.4177413322789671,-1.1127094486959972,-0.8975029591088394,-0.9597134365709921,2.468824776344097,1.7134186963160507,1.0582445428075697,0.5958281389146886,-0.13590713667553617,-0.32565193498549455,-0.1790897353231045,21,elephant foot yam,rich red Loamy soil
54998,0.6199581131413862,1.4177413322789671,-1.1127094486959972,-0.8975029591088394,-0.3442096784292314,2.468824776344097,0.46798850329959013,1.6279636653012706,0.5396857242391349,-0.3074207219169301,-0.44813551337901525,-0.32121321953305265,21,elephant foot yam,rich red Loamy soil
55066,0.8110716651870262,1.4177413322789671,1.9374894828955906,-0.8975029591088394,0.11741814017708838,-0.35237914756536604,-1.135716128803798,-1.2209125969812706,1.1486149911047563,0.585632773650328,0.5025703570087875,-0.5726624608275759,14,cauliflower,sandy Loamy soil
55072,0.8110716651870262,1.4177413322789671,1.9374894828955906,-0.8975029591088394,-0.19033373889379193,-0.433632843967313,0.33150300269504634,-1.1802183739460064,1.1097471655601425,0.899088636332876,-0.12734518901503267,-0.2847713005048609,14,cauliflower,sandy Loamy soil
55078,0.8110716651870262,1.4177413322789671,1.9374894828955906,-0.8975029591088394,-0.19033373889379193,-0.5205554029089309,-2.9953310745407062,-1.266097217041116,1.2349879367594543,0.5915470352103761,0.39175188131941174,-0.5325763498965649,14,cauliflower,sandy Loamy soil
55139,0.8110716651870262,1.4177413322789671,1.4291229942969927,1.114202454544477,-0.19033373889379193,-0.9041484347599831,0.3997457529973185,-1.2037929583250562,1.1702082275184307,0.23373421082746815,-0.22066601064819133,-0.5362205417993842,14,cauliflower,sandy Loamy soil
55149,0.8110716651870262,1.4177413322789671,-1.1127094486959972,1.114202454544477,-0.036457799358352465,-0.18042365052868753,-0.11207487426972029,-1.367131150094186,1.1356590492565517,-0.03832182093474311,0.6425515894585256,-0.03696625111315659,14,cauliflower,sandy Loamy soil
55217,0.8110716651870262,1.4177413322789671,1.4291229942969927,1.114202454544477,-0.036457799358352465,-0.9589474393101334,-0.8115630648680069,-1.243364582104175,1.027692867188179,1.0351166522139814,0.4267471894318463,-0.3321457952415101,14,cauliflower,sandy Loamy soil
55238,0.8110716651870262,1.4177413322789671,1.4291229942969927,-0.8975029591088394,0.11741814017708838,-0.6490496204748005,-1.1015947536526622,-1.334014472037902,1.165889580235696,0.5205758964897995,-0.4131402052665807,-0.20824327054565808,14,cauliflower,sandy Loamy soil
55239,0.8110716651870262,1.4177413322789671,-1.1127094486959972,1.114202454544477,0.27129407971252784,-1.006187960474056,-1.5622333181929973,-1.108372021552712,1.036330161753649,0.7896747974719865,0.17011492994066033,-0.5398647337022033,14,cauliflower,sandy Loamy soil
55248,0.8110716651870262,1.4177413322789671,-1.1127094486959972,-0.8975029591088394,-0.19033373889379193,-0.80210890904591,-1.135716128803798,-1.1061268230404215,1.2393065840421895,0.6625181739309531,-0.33731703768963955,-0.3940970575894362,14,cauliflower,sandy Loamy soil
55276,0.8110716651870262,1.4177413322789671,1.9374894828955906,-0.8975029591088394,-0.036457799358352465,-0.9570578184635765,0.502109878450726,-1.3575890564169515,1.0967912237119373,1.020330998313861,0.11762196777200873,-0.0770523620441676,14,cauliflower,sandy Loamy soil
55285,0.8110716651870262,1.4177413322789671,1.9374894828955906,1.114202454544477,0.11741814017708838,-0.5659063032262965,-2.005811195157764,-1.1170721657878375,1.2220319949112497,0.1686773336669393,-0.32565193498549455,-0.41596220900635106,14,cauliflower,sandy Loamy soil
55298,0.8110716651870262,1.4177413322789671,1.4291229942969927,-0.8975029591088394,-0.19033373889379193,-0.9343823683048936,-0.0608928115430169,-1.3735860958170212,1.1529336383874915,0.6891323509511692,0.5608958705295116,-0.12442685678081682,14,cauliflower,sandy Loamy soil
55302,0.8110716651870262,1.4177413322789671,-1.1127094486959972,-0.8975029591088394,-0.19033373889379193,-0.40528853126895936,-1.2039588791060702,-1.244206531546284,1.209076053063045,0.13023463352662695,0.2576032002217465,-0.38680867378379774,14,cauliflower,sandy Loamy soil
55308,0.8110716651870262,1.4177413322789671,-1.1127094486959972,-0.8975029591088394,0.11741814017708838,-0.6131468243902192,-1.135716128803798,-1.2065994564654192,1.165889580235696,1.0824307446943662,0.0009709407305605154,-0.5763066527303952,14,cauliflower,sandy Loamy soil
55316,0.8110716651870262,1.4177413322789671,1.4291229942969927,-0.8975029591088394,-0.19033373889379193,-0.20498872153392728,0.502109878450726,-1.3460824140414631,1.2220319949112497,0.18050585678703562,0.6308864867543806,-0.3940970575894362,14,cauliflower,sandy Loamy soil
55327,0.8110716651870262,1.4177413322789671,1.9374894828955906,1.114202454544477,0.11741814017708838,-0.5356723696813861,0.17795681451493492,-1.3721828467468395,1.1486149911047563,0.9050028978929241,0.07679410830750169,-0.40502963329789365,14,cauliflower,sandy Loamy soil
55341,0.8110716651870262,1.4177413322789671,-1.1127094486959972,1.114202454544477,0.27129407971252784,-0.9967398562412716,-1.6475367560708372,-1.1094946208088572,1.1874828166493707,0.6802609586110971,0.4384122921359913,-0.1754455434202855,14,cauliflower,sandy Loamy soil
55385,0.8110716651870262,1.4177413322789671,1.4291229942969927,1.114202454544477,-0.19033373889379193,-0.45630829412599594,-0.4191672506299437,-1.3337338222238655,1.062242045450058,0.9020457671128997,-0.2381636647044084,-0.2738387247964032,14,cauliflower,sandy Loamy soil
55422,0.8110716651870262,1.4177413322789671,-1.1127094486959972,-0.8975029591088394,0.11741814017708838,-0.9910709937016009,-0.5727134388100558,-1.3693763486064765,1.2306692894767197,0.46439041166934275,-0.045689470086019014,-0.1353594324892745,14,cauliflower,sandy Loamy soil
55436,0.8110716651870262,1.4177413322789671,1.4291229942969927,-0.8975029591088394,-0.036457799358352465,-0.36560649349126445,-1.4257478175884537,-1.2209125969812706,1.2220319949112497,0.47621893478943905,0.4967378056567154,-0.33943417904714857,14,cauliflower,sandy Loamy soil
55438,0.8110716651870262,1.4177413322789671,1.9374894828955906,-0.8975029591088394,0.11741814017708838,-0.516776161215817,-0.4362279382055119,-1.4114738207119224,1.2349879367594543,0.9907596905136208,-0.22649856200026383,-0.2373968057682114,14,cauliflower,sandy Loamy soil
55472,0.8110716651870262,1.4177413322789671,1.4291229942969927,-0.8975029591088394,0.27129407971252784,-0.7756542171941134,-2.2105394460645797,-1.404738225175051,1.1442963438220215,1.0646879600142216,-0.02235926467772946,-0.4961344308683731,14,cauliflower,sandy Loamy soil
55483,0.8110716651870262,1.4177413322789671,1.9374894828955906,1.114202454544477,0.11741814017708838,-0.2144368257667118,-1.9034470697043564,-1.3255949776168128,1.1486149911047563,0.03856357934588162,0.024301146138850073,-0.09527332155826349,14,cauliflower,sandy Loamy soil
55485,0.8110716651870262,1.4177413322789671,-1.1127094486959972,1.114202454544477,0.11741814017708838,-0.2163264466132686,-2.978270386965138,-1.4016510772206516,1.165889580235696,1.0706022215742699,0.059296454251284623,0.0832920816798762,14,cauliflower,sandy Loamy soil
55545,0.8110716651870262,1.4177413322789671,-1.1127094486959972,1.114202454544477,-0.036457799358352465,-0.3712753560309351,0.22913887724163892,-1.1701149806406994,1.1097471655601425,0.9050028978929241,-0.27899152416891543,-0.12807104868363606,14,cauliflower,sandy Loamy soil
55557,0.8110716651870262,1.4177413322789671,-1.1127094486959972,1.114202454544477,0.27129407971252784,-0.2767943137030897,-1.1015947536526622,-1.261606820016535,1.1529336383874915,0.40229066528883817,0.21677534075723945,-0.3940970575894362,14,cauliflower,sandy Loamy soil
55558,0.8110716651870262,1.4177413322789671,1.9374894828955906,-0.8975029591088394,-0.19033373889379193,-0.6036987201574346,0.5874133163285657,-1.2214738966093432,1.0751979872982627,0.1361488950866751,0.035966248842994646,-0.28112710860204165,14,cauliflower,sandy Loamy soil
55563,0.8110716651870262,1.4177413322789671,-1.1127094486959972,1.114202454544477,-0.036457799358352465,-0.8965899513737555,0.2973816275439105,-1.4044575753610147,1.1745268748011661,1.0824307446943662,0.44424484348806337,-0.015101099696241462,14,cauliflower,sandy Loamy soil
55564,0.8110716651870262,1.4177413322789671,1.9374894828955906,-0.8975029591088394,-0.036457799358352465,-0.6566081038610283,-1.7328401939486768,-1.1254916602089267,1.0838352818637327,1.1327019679547743,-0.3956425512103636,-0.5179995822852882,14,cauliflower,sandy Loamy soil
55649,0.8110716651870262,1.4177413322789671,1.4291229942969927,1.114202454544477,-0.19033373889379193,-0.8058881507390239,-0.1973783121475601,-1.2402774341497758,1.1918014639321053,0.36089083436850156,0.018468594786777582,-0.3139248357274142,14,cauliflower,sandy Loamy soil
55696,0.8110716651870262,1.4177413322789671,1.9374894828955906,-0.8975029591088394,-0.19033373889379193,-0.47331488174500824,-1.0845340660770946,-1.4019317270346878,1.2306692894767197,0.9079600286729479,0.5550633191774396,-0.04425463491879505,14,cauliflower,sandy Loamy soil
55705,0.8110716651870262,1.4177413322789671,1.9374894828955906,1.114202454544477,-0.036457799358352465,-0.6755043123265974,0.655656066630838,-1.3724634965608757,1.209076053063045,0.5057902425896794,0.1817800326448049,-0.11349428107235938,14,cauliflower,sandy Loamy soil
55737,0.8110716651870262,1.4177413322789671,-1.1127094486959972,1.114202454544477,-0.036457799358352465,-0.3259244557135695,-1.4428085051640214,-1.3915476839153447,1.0536047508845883,0.1331917643066508,-0.1740055998316118,-0.026033675404699152,14,cauliflower,sandy Loamy soil
55794,0.8110716651870262,1.4177413322789671,-1.1127094486959972,-0.8975029591088394,-0.036457799358352465,-0.7454202836492028,-0.2144389997231283,-1.2040736081390924,1.2220319949112497,1.0025882136337172,-0.34314958904171206,-0.20459907864283886,14,cauliflower,sandy Loamy soil
55811,0.8110716651870262,1.4177413322789671,1.4291229942969927,1.114202454544477,-0.19033373889379193,-0.6377118953954592,-1.4598691927395895,-1.417648116620721,1.1745268748011661,0.9582312519333566,0.10012431371579124,-0.4414715523260854,14,cauliflower,sandy Loamy soil
55820,0.8110716651870262,1.4177413322789671,1.4291229942969927,-0.8975029591088394,-0.036457799358352465,-0.8682456386754019,-1.135716128803798,-1.2896718014201656,1.0751979872982627,0.9257028133530919,-0.08068477819845356,-0.3321457952415101,14,cauliflower,sandy Loamy soil
55847,0.8110716651870262,1.4177413322789671,1.4291229942969927,1.114202454544477,0.27129407971252784,-0.4317432231207562,-1.8010829442509488,-1.140366100352851,1.165889580235696,0.9759740366135006,-0.27899152416891543,-0.3685877142697019,14,cauliflower,sandy Loamy soil
55879,0.8110716651870262,1.4177413322789671,1.9374894828955906,1.114202454544477,0.11741814017708838,-0.475204502591565,-1.1015947536526622,-1.188076568739023,1.209076053063045,0.8192461052722269,0.5725609732336566,-0.5471531175078416,14,cauliflower,sandy Loamy soil
55887,0.8110716651870262,1.4177413322789671,-1.1127094486959972,1.114202454544477,0.27129407971252784,-0.5243346446020448,-2.8588455739361622,-1.2515034267112282,1.1227031074083471,-0.023536167034622933,0.4267471894318463,-0.4924902389655539,14,cauliflower,sandy Loamy soil
55937,0.8110716651870262,1.4177413322789671,1.4291229942969927,1.114202454544477,0.11741814017708838,-0.5451204739141706,-2.9270883242384342,-1.1737634282231713,1.114065812842877,0.16276307210689114,0.3392589191507602,0.0832920816798762,14,cauliflower,sandy Loamy soil
56008,0.8110716651870262,-1.0687588504872214,-0.09597647149880119,-0.8975029591088394,0.4251700192479687,-0.5451204739141706,-1.0504126909259581,-0.5717695771152951,0.1380515269447889,0.3934192729487658,-0.13901029171917767,-0.2957038762133183,41,small onion,sandy Loamy soil
56032,0.8110716651870262,-1.0687588504872214,0.9207565056983947,-0.8975029591088394,0.27129407971252784,-0.5318931279882723,-1.135716128803798,-0.44463521135684864,-0.06060624806101711,0.4377762346491263,0.3217612650945431,-0.0770523620441676,41,small onion,sandy Loamy soil
56110,0.8110716651870262,-1.0687588504872214,0.4123900170997968,-0.8975029591088394,-0.19033373889379193,-0.4185158771948578,-0.2485603748742641,-0.5554918879011895,-0.21175890295673877,-0.15956418291572835,0.5608958705295116,-0.040610443015975814,41,small onion,sandy Loamy soil
56141,0.8110716651870262,-1.0687588504872214,-1.621075937294595,1.114202454544477,-0.036457799358352465,-0.3996196687292887,-1.1527768163793661,-0.566156580834569,-0.1469791937157152,0.4703046732293909,0.07096155695542919,-0.22282003815693474,41,small onion,sandy Loamy soil
56150,0.8110716651870262,-1.0687588504872214,0.4123900170997968,-0.8975029591088394,-0.3442096784292314,-0.6755043123265974,-0.6238955015367591,-0.5411787473853378,-0.2074402556740035,-0.002836251574454608,0.10012431371579124,-0.17180135151746628,41,small onion,sandy Loamy soil
56217,0.8110716651870262,-1.0687588504872214,0.9207565056983947,1.114202454544477,-0.9597134365709921,-0.6944005207921665,-0.23149968729869652,-0.4870133332763309,0.03440399215915092,0.44369049620917445,-0.4772982701393773,-0.3940970575894362,41,small onion,sandy Loamy soil
56269,0.8110716651870262,-1.0687588504872214,-0.6043429600973992,1.114202454544477,-0.6519615575001118,-0.3901715644965042,-1.1015947536526622,-0.5914150640978365,-0.23767078665314795,-0.4759771763783001,0.0651290056033567,-0.029677867307518382,41,small onion,sandy Loamy soil
56276,0.8110716651870262,-1.0687588504872214,-1.621075937294595,-0.8975029591088394,0.4251700192479687,-0.475204502591565,0.024410626334822903,-0.45894835187270033,-0.19448431382579892,0.3135767418881172,-0.028191816029801538,-0.3139248357274142,41,small onion,sandy Loamy soil
56303,0.8110716651870262,-1.0687588504872214,-0.09597647149880119,1.114202454544477,0.27129407971252784,-0.4884318485174634,-0.40210656305437614,-0.4227445258620166,-0.2679013176322924,0.48804745790953497,0.2576032002217465,-0.41960640090917034,41,small onion,sandy Loamy soil
56335,0.8110716651870262,-1.0687588504872214,0.4123900170997968,1.114202454544477,0.11741814017708838,-0.5073280569830325,0.024410626334822903,-0.6593323190946226,0.16396341064119807,0.13023463352662695,0.5842260759378015,-0.3139248357274142,41,small onion,sandy Loamy soil
56337,0.8110716651870262,-1.0687588504872214,0.9207565056983947,1.114202454544477,-0.9597134365709921,-0.45630829412599594,-1.340444379710614,-0.5787858224662027,-0.23767078665314795,-0.15069279057565632,-0.22066601064819133,-0.594527612244491,41,small onion,sandy Loamy soil
56345,0.8110716651870262,-1.0687588504872214,0.4123900170997968,1.114202454544477,0.4251700192479687,-0.6830627957128249,-0.4874100009322159,-0.41460568125496383,-0.056287600778281835,-0.40796316843774744,-0.22649856200026383,-0.28841549240767983,41,small onion,sandy Loamy soil
56380,0.8110716651870262,-1.0687588504872214,0.4123900170997968,-0.8975029591088394,-0.6519615575001118,-0.3693857351843783,-0.6750775642634631,-0.5967474105645263,-0.05196895349554718,0.31653387266814104,0.4209146380797738,-0.45969251184018134,41,small onion,sandy Loamy soil
56397,0.8110716651870262,-1.0687588504872214,0.9207565056983947,1.114202454544477,-0.9597134365709921,-0.6925108999456094,-0.2656210624498323,-0.48420683513596785,0.08190911226923463,0.4348191038691024,-0.25566131876062587,-0.5034228146740116,41,small onion,sandy Loamy soil
56416,0.8110716651870262,-1.0687588504872214,-1.621075937294595,-0.8975029591088394,0.4251700192479687,-0.6263741703161176,-0.4874100009322159,-0.6556838715121505,0.02144805031094633,0.2603483878476842,-0.33731703768963955,-0.5435089256050223,41,small onion,sandy Loamy soil
56465,0.8110716651870262,-1.0687588504872214,0.4123900170997968,1.114202454544477,-0.19033373889379193,-0.703848625024951,-0.8286237524435751,-0.6351964350875003,0.1337328796620536,0.0651777563660981,0.50840290836086,-0.12807104868363606,41,small onion,sandy Loamy soil
56476,0.8110716651870262,-1.0687588504872214,-1.621075937294595,-0.8975029591088394,-0.036457799358352465,-0.4317432231207562,-0.23149968729869652,-0.4165702299532181,-0.1599351355639198,0.44073336542915054,0.3509240218549051,-0.59817180414731,41,small onion,sandy Loamy soil
56494,0.8110716651870262,-1.0687588504872214,-0.6043429600973992,-0.8975029591088394,-0.3442096784292314,-0.6603873455541419,-0.0779534991185845,-0.4087120351602013,-0.008782480668198128,-0.22166392929623333,0.6425515894585256,0.12337819261088721,41,small onion,sandy Loamy soil
56504,0.8110716651870262,-1.0687588504872214,-0.6043429600973992,-0.8975029591088394,-0.49808561796467227,-0.5602374406866258,-0.7774416897168711,-0.42358647530412574,-0.0735621899092217,0.4348191038691024,-0.44813551337901525,-0.062475594432890934,41,small onion,sandy Loamy soil
56521,0.8110716651870262,-1.0687588504872214,-1.621075937294595,1.114202454544477,0.5790459587834081,-0.69817976248528,-0.09501418669415271,-0.5911344142838001,0.004173461180006464,-0.5351197919787808,-0.045689470086019014,-0.18273392722592371,41,small onion,sandy Loamy soil
56534,0.8110716651870262,-1.0687588504872214,-0.6043429600973992,-0.8975029591088394,0.4251700192479687,-0.40528853126895936,-0.4362279382055119,-0.6029217064733251,-0.11674866273657075,0.0030780099855935448,-0.4714657187873048,0.10151304119397209,41,small onion,sandy Loamy soil
56552,0.8110716651870262,-1.0687588504872214,0.9207565056983947,-0.8975029591088394,-0.9597134365709921,-0.5281138862951584,-1.0504126909259581,-0.6032023562873615,-0.25062672850135254,-0.12112148277541598,0.6425515894585256,0.10515723309679133,41,small onion,sandy Loamy soil
56584,0.8110716651870262,-1.0687588504872214,-0.6043429600973992,-0.8975029591088394,0.4251700192479687,-0.5696855449194104,-0.6921382518390313,-0.5204106611466512,-0.04333165893007724,0.4111620576289102,-0.4656331674352323,-0.3685877142697019,41,small onion,sandy Loamy soil
56600,0.8110716651870262,-1.0687588504872214,0.4123900170997968,-0.8975029591088394,-0.6519615575001118,-0.7170759709508492,-0.8456844400191428,-0.5333205525923214,-0.02605706979913799,0.0770062794861944,-0.11568008631088769,-0.3139248357274142,41,small onion,sandy Loamy soil
56665,0.8110716651870262,-1.0687588504872214,0.4123900170997968,1.114202454544477,-0.036457799358352465,-0.41662625634830097,-1.2039588791060702,-0.4081507355321289,0.15532611607572813,0.34610518046838135,-0.4714657187873048,-0.5216437741881075,41,small onion,sandy Loamy soil
56721,0.8110716651870262,-1.0687588504872214,-1.621075937294595,1.114202454544477,-0.9597134365709921,-0.6830627957128249,-0.4191672506299437,-0.5052555711886908,-0.11674866273657075,-0.45823439169815605,-0.08068477819845356,-0.5398647337022033,41,small onion,sandy Loamy soil
56734,0.8110716651870262,-1.0687588504872214,-0.6043429600973992,-0.8975029591088394,-0.19033373889379193,-0.743530662802646,-0.6409561891123273,-0.6037636559154339,-0.19448431382579892,0.04447784090592977,-0.16234049712746723,-0.4487599361317239,41,small onion,sandy Loamy soil
56762,0.8110716651870262,-1.0687588504872214,0.9207565056983947,-0.8975029591088394,-0.036457799358352465,-0.4317432231207562,-0.6921382518390313,-0.5942215622381996,0.06031587585556011,0.4229905807490061,-0.4189727566186532,-0.0770523620441676,41,small onion,sandy Loamy soil
56772,0.8110716651870262,-1.0687588504872214,0.9207565056983947,-0.8975029591088394,-0.9597134365709921,-0.6698354497869264,-0.11207487426972029,-0.4188154284655084,-0.06924354262648703,-0.4552772609181318,0.5375656651212221,-0.24468518957384985,41,small onion,sandy Loamy soil
56791,0.8110716651870262,-1.0687588504872214,-1.621075937294595,1.114202454544477,0.4251700192479687,-0.48276298597779277,-0.3679851879032397,-0.4808390373675321,0.06895317042103004,0.2514769955076122,-0.31981938363342205,-0.28112710860204165,41,small onion,sandy Loamy soil
56812,0.8110716651870262,-1.0687588504872214,0.9207565056983947,-0.8975029591088394,-0.8058374970355525,-0.5602374406866258,0.024410626334822903,-0.6133057495926686,-0.06924354262648703,0.5383186811699436,-0.23233111335233592,0.09786884929115286,41,small onion,sandy Loamy soil
56827,0.8110716651870262,-1.0687588504872214,0.9207565056983947,1.114202454544477,-0.8058374970355525,-0.5073280569830325,-0.6409561891123273,-0.4059055370198383,-0.03901301164734258,0.4584761501092946,0.006803492082632595,-0.5872392284388526,41,small onion,sandy Loamy soil
56837,0.8110716651870262,-1.0687588504872214,0.9207565056983947,1.114202454544477,0.11741814017708838,-0.5281138862951584,-0.9480485654725508,-0.5181654626343606,-0.06492489534375176,-0.36656333751741077,-0.27899152416891543,-0.55444150131348,41,small onion,sandy Loamy soil
56869,0.8110716651870262,-1.0687588504872214,-0.6043429600973992,1.114202454544477,0.11741814017708838,-0.3977300478827319,-1.2551409418327741,-0.4654032975955352,0.15100746879299348,-0.49371996105844457,0.5550633191774396,-0.26290614908794574,41,small onion,sandy Loamy soil
56870,0.8110716651870262,-1.0687588504872214,0.4123900170997968,-0.8975029591088394,-0.3442096784292314,-0.679283554019711,-1.4428085051640214,-0.6427739800664807,-0.12970460458477534,0.4673475424493666,0.47924015160049793,-0.12442685678081682,41,small onion,sandy Loamy soil
56940,0.8110716651870262,-1.0687588504872214,0.4123900170997968,-0.8975029591088394,-0.9597134365709921,-0.5243346446020448,-0.4874100009322159,-0.4451965109849211,-0.2679013176322924,0.1598059413268673,0.024301146138850073,-0.5580856932162992,41,small onion,sandy Loamy soil
56941,0.8110716651870262,-1.0687588504872214,-1.621075937294595,1.114202454544477,0.11741814017708838,-0.6603873455541419,-1.135716128803798,-0.3915923965039869,0.09486505411743984,-0.30150646035688233,-0.05152202143809151,-0.2592619571851265,41,small onion,sandy Loamy soil
56949,0.8110716651870262,-1.0687588504872214,-0.6043429600973992,1.114202454544477,-0.19033373889379193,-0.6471599996282438,-0.4874100009322159,-0.5411787473853378,-0.1599351355639198,0.4111620576289102,0.26926830292589105,-0.051543018724433246,41,small onion,sandy Loamy soil
56969,0.8110716651870262,-1.0687588504872214,-0.6043429600973992,1.114202454544477,-0.19033373889379193,-0.6055883410039917,-0.7262596269901671,-0.5552112380871531,-0.02173842251640272,0.3638479651485254,-0.2731589728168429,-0.30299226001895674,41,small onion,sandy Loamy soil
56998,0.8110716651870262,-1.0687588504872214,-0.09597647149880119,-0.8975029591088394,-0.6519615575001118,-0.3826130811102767,-0.2826817500253999,-0.4224638760479806,0.12941423237931896,-0.42866308389791574,-0.4656331674352323,-0.047898826821614275,41,small onion,sandy Loamy soil
