source_row_id,SOIL,SEASON,SOWN,WATER_SOURCE,SOIL_PH,CROPDURATION,TEMP,WATERREQUIRED,RELATIVE_HUMIDITY,N,P,K,target,crop_label,SOIL_raw
10,-1.100063855269374,0.17449124089587287,-0.09597647149880119,-0.8975029591088394,1.3484256564606083,0.06522705952371047,1.508690445409236,0.7113613726586953,-0.36291155785246043,0.22190568770737185,0.251770648869674,-0.0005243320849648004,39,rice,Loamy soil
65,-1.291177407315014,0.17449124089587287,-0.6043429600973992,1.114202454544477,-1.5752171947127527,0.49039174999901497,2.481149637216609,1.4528381813426154,0.1337328796620536,-0.0264932978146468,0.28676595698210855,-0.5216437741881075,39,rice,Clay soil
171,-1.482290959360654,0.17449124089587287,-0.6043429600973992,1.114202454544477,-0.8058374970355525,0.6358925551838966,0.7409595045086778,2.3410948427675238,0.1596447633584634,0.05630636402602608,0.45590994619220837,-0.13900362439209374,39,rice,Alluvial soil
199,-1.100063855269374,0.17449124089587287,-0.6043429600973992,1.114202454544477,-1.2674653156418723,0.059558196984039795,0.6727167542064055,1.0854675747690907,-0.047650306212812514,0.11840611040653064,0.21094278940516697,-0.2301084219625732,39,rice,Loamy soil
224,-1.291177407315014,0.17449124089587287,-0.09597647149880119,-0.8975029591088394,-0.6519615575001118,0.5603077213216203,-0.0779534991185845,0.9953789844634369,-0.11674866273657075,0.21007716458727596,0.1234545191240808,-0.08798493775262503,39,rice,Clay soil
247,-1.100063855269374,0.17449124089587287,-0.6043429600973992,1.114202454544477,0.5790459587834081,0.7247047349720711,-0.7091989394145989,1.802808499445889,-0.384504794266135,0.2514769955076122,0.5608958705295116,0.11244561690242978,39,rice,Loamy soil
255,-1.482290959360654,0.17449124089587287,-0.6043429600973992,1.114202454544477,-1.1135893761064315,0.4922813708455718,2.344664136612066,1.114935805242903,-0.4622404453553631,0.22190568770737185,0.07096155695542919,-0.5252879660909264,39,rice,Alluvial soil
267,-1.482290959360654,0.17449124089587287,-0.6043429600973992,1.114202454544477,1.963929414602369,0.22206558978793375,-0.3338638127521039,1.821331387172285,0.10782099596564443,0.5294472888298716,0.5783935245857291,-0.5179995822852882,39,rice,Alluvial soil
281,-1.291177407315014,0.17449124089587287,-0.6043429600973992,1.114202454544477,-2.190720952854512,0.10679871814796249,-0.4703493133566477,0.3445520657132436,0.1466888215102582,0.47621893478943905,-0.33731703768963955,-0.1608687758090086,39,rice,Clay soil
305,-1.291177407315014,0.17449124089587287,-0.6043429600973992,1.114202454544477,-1.421341255177312,0.484722887459344,2.208178636007523,0.24604398098650018,-0.30245049589417156,0.2810483033078525,-0.16234049712746723,-0.47062508754863874,39,rice,Clay soil
336,-1.482290959360654,0.17449124089587287,-0.09597647149880119,-0.8975029591088394,-0.49808561796467227,0.5414115128560513,1.9181469472228667,3.2111092662800713,-0.056287600778281835,0.0977061949463623,-0.22649856200026383,0.035917586943226984,39,rice,Alluvial soil
339,-1.482290959360654,0.17449124089587287,-0.6043429600973992,1.114202454544477,-1.1135893761064315,0.1483703767722145,0.1438354393637991,1.3355265590754397,0.1380515269447889,0.3194910034481649,0.1234545191240808,0.07235950597141877,39,rice,Alluvial soil
348,-1.482290959360654,0.17449124089587287,-0.09597647149880119,-0.8975029591088394,0.5790459587834081,0.18994203539646654,0.2973816275439105,4.140060150740244,0.21578717803401704,0.3313195265682612,-0.37231234580207406,-0.00416852398778403,39,rice,Alluvial soil
351,-1.482290959360654,0.17449124089587287,-0.6043429600973992,1.114202454544477,-0.49808561796467227,0.3392220822744621,1.0992339435956047,0.09000268438231404,0.030085344876416262,0.07109201792614625,0.5550633191774396,-0.55444150131348,39,rice,Alluvial soil
406,-1.100063855269374,0.17449124089587287,-0.09597647149880119,-0.8975029591088394,-1.729093134248192,0.601879379945872,2.549392387518882,1.5819370957993162,-0.4449658562244236,0.32540526500821304,-0.23233111335233592,-0.28841549240767983,39,rice,Loamy soil
408,-1.482290959360654,0.17449124089587287,-0.09597647149880119,-0.8975029591088394,1.3484256564606083,0.3732352575124864,2.583513762670017,2.336323795928906,-0.4838336817690376,0.3194910034481649,0.6833794489230323,-0.13900362439209374,39,rice,Alluvial soil
414,-1.482290959360654,0.17449124089587287,-0.09597647149880119,-0.8975029591088394,-0.036457799358352465,0.7492698059773111,1.2015980690490127,2.342217442023669,0.09486505411743984,0.4466476269891987,0.6892120002751048,-0.4123180171035321,39,rice,Alluvial soil
452,-1.291177407315014,0.17449124089587287,-0.09597647149880119,-0.8975029591088394,-0.6519615575001118,0.29576080280365324,-0.6921382518390313,2.744949925165768,0.3194347128196544,0.17163446444696318,-0.2381636647044084,-0.10256170536390195,39,rice,Clay soil
473,-1.291177407315014,0.17449124089587287,-0.6043429600973992,1.114202454544477,-1.2674653156418723,0.6037690007924295,0.8262629423865175,4.484136822748755,-0.47087773992083304,0.12727750274660266,0.10012431371579124,-0.4268947847148088,39,rice,Clay soil
503,-1.291177407315014,0.17449124089587287,-0.6043429600973992,1.114202454544477,1.6561775355314885,0.5962105174062017,-0.23149968729869652,2.080651815341832,0.1596447633584634,0.34906231124840525,-0.004861610621511978,-0.026033675404699152,39,rice,Clay soil
520,-1.100063855269374,0.17449124089587287,-0.09597647149880119,-0.8975029591088394,-1.8829690737836315,0.20694862301547853,2.2423000111586577,0.49413841659459484,0.3669398329297387,0.5324044196098955,-0.3898099998582912,-0.18273392722592371,39,rice,Loamy soil
580,-1.100063855269374,0.17449124089587287,-0.09597647149880119,-0.8975029591088394,-0.49808561796467227,0.1842731728567956,2.3276034490364976,3.597283410394028,-0.004463833385463468,0.24556273394756403,-0.22649856200026383,0.09786884929115286,39,rice,Loamy soil
606,-1.482290959360654,0.17449124089587287,-0.09597647149880119,-0.8975029591088394,1.963929414602369,0.3902418451314986,-0.4362279382055119,2.910533315447188,0.051678581290090786,0.22781994926742,0.6483841408105977,-0.41960640090917034,39,rice,Alluvial soil
610,-1.100063855269374,0.17449124089587287,-0.09597647149880119,-0.8975029591088394,-0.8058374970355525,0.5395218920094944,0.38268506542175035,2.2139604770090773,0.3064787709714498,0.21007716458727596,0.5433982164732946,-0.4961344308683731,39,rice,Loamy soil
661,-1.100063855269374,0.17449124089587287,-0.6043429600973992,1.114202454544477,-0.19033373889379193,0.7039189056599452,-0.6409561891123273,2.357372531981629,0.10782099596564443,0.5146616349297514,-0.3548146917458566,-0.3576551385612444,39,rice,Loamy soil
700,-1.100063855269374,0.17449124089587287,-0.09597647149880119,-0.8975029591088394,-0.036457799358352465,0.180493931163682,0.48504919087515835,1.585585543381788,-0.00014518610272819458,0.30766248032806903,0.3392589191507602,-0.007812715890603261,39,rice,Loamy soil
725,-1.291177407315014,0.17449124089587287,-0.6043429600973992,1.114202454544477,1.1945497169251689,0.16159772269811293,1.5598725081359395,3.5933543129975196,-0.34131832143878593,0.07404914870617012,-0.045689470086019014,-0.02238948350187992,39,rice,Clay soil
762,-1.482290959360654,0.17449124089587287,-0.09597647149880119,-0.8975029591088394,1.0406737773897279,0.4771644040731163,1.2015980690490127,1.3153197724648256,-0.328362379590581,0.3845478806086937,-0.3956425512103636,-0.28841549240767983,39,rice,Alluvial soil
788,-1.291177407315014,0.17449124089587287,-0.09597647149880119,-0.8975029591088394,0.27129407971252784,0.711477389046173,2.05463244782741,2.1418334748017465,0.1855566470548726,0.4052477960688621,0.6192213840502357,-0.1754455434202855,39,rice,Clay soil
826,-1.100063855269374,0.17449124089587287,-0.09597647149880119,-0.8975029591088394,1.8100534750669282,0.7568282893635389,-0.026771436391880492,3.4443292617442416,0.15532611607572813,0.5353615503899197,0.3742542272631947,-0.4414715523260854,39,rice,Loamy soil
872,-1.291177407315014,0.17449124089587287,-0.09597647149880119,-0.8975029591088394,-1.729093134248192,0.180493931163682,1.6792973211649156,1.3882887241142652,-0.12970460458477534,0.42890484230905424,-0.16234049712746723,-0.13171524058645528,39,rice,Clay soil
894,-1.482290959360654,0.17449124089587287,-0.09597647149880119,-0.8975029591088394,-0.036457799358352465,0.6113274841786566,-0.3168031251765363,0.9162357369051986,0.16396341064119807,-0.029450428594671087,-0.14484284307124975,-0.30663645192177574,39,rice,Alluvial soil
895,-1.100063855269374,0.17449124089587287,-0.6043429600973992,1.114202454544477,0.27129407971252784,0.46960592068688856,1.1162946311711728,1.2648028059382905,-0.280857259480497,0.26626264940773237,0.45007739484013587,-0.5617298851191183,39,rice,Loamy soil
904,-1.100063855269374,0.17449124089587287,-0.09597647149880119,-0.8975029591088394,1.8100534750669282,0.2882023194174255,-0.1461962494208567,2.0483770867276565,-0.09515542632289622,0.48509032712951106,-0.15067539442332223,-0.4487599361317239,39,rice,Loamy soil
918,-1.482290959360654,0.17449124089587287,-0.09597647149880119,-0.8975029591088394,1.1945497169251689,0.7530490476704247,1.5257511329848041,0.09982542787358475,0.3323906546678596,0.23077708004744385,0.3217612650945431,-0.00416852398778403,39,rice,Alluvial soil
951,-1.482290959360654,0.17449124089587287,-0.6043429600973992,1.114202454544477,1.0406737773897279,0.49039174999901497,1.4575083826825315,2.5978894226107436,0.37557712749520866,0.44073336542915054,0.3217612650945431,-0.40502963329789365,39,rice,Alluvial soil
957,-1.482290959360654,0.17449124089587287,-0.6043429600973992,1.114202454544477,-2.190720952854512,0.6869123180409329,2.344664136612066,1.4618189753917774,0.267610945426836,0.2514769955076122,0.40924953537562925,-0.04425463491879505,39,rice,Alluvial soil
963,-1.482290959360654,0.17449124089587287,-0.6043429600973992,1.114202454544477,0.27129407971252784,0.632113313490783,1.8157828217694587,2.4454965735890295,0.14237017422752354,0.39637640372879,0.4150820867277013,-0.2556177652823073,39,rice,Alluvial soil
986,-1.291177407315014,0.17449124089587287,-0.09597647149880119,-0.8975029591088394,1.963929414602369,0.2579683858725151,0.16089612693936672,1.2532961635628022,0.008492108462741737,0.04447784090592977,0.030133697490922567,-0.09891751346108273,39,rice,Clay soil
989,-1.291177407315014,0.17449124089587287,-0.6043429600973992,1.114202454544477,-0.9597134365709921,0.7568282893635389,1.2357194442001485,1.6024245322239663,-0.02173842251640272,0.4170763191889584,-0.3898099998582912,-0.5908834203416719,39,rice,Clay soil
1001,1.3844123213239463,1.4177413322789671,1.4291229942969927,1.114202454544477,-0.8058374970355525,-0.5073280569830325,-0.23149968729869652,-1.143172598493214,-0.786138991560481,1.014416736753813,0.39758443267148424,0.0650711221657803,56,wheat,well-drained soil
1025,1.3844123213239463,1.4177413322789671,1.4291229942969927,1.114202454544477,-0.6519615575001118,-0.47331488174500824,-0.6238955015367591,-1.1920056661355312,-0.742952518733132,0.8961315055528516,0.5783935245857291,-0.45969251184018134,56,wheat,well-drained soil
1046,1.3844123213239463,1.4177413322789671,1.4291229942969927,-0.8975029591088394,0.11741814017708838,-0.39584042703617484,-0.1973783121475601,-1.1086526713667484,-0.8638746426497091,1.0351166522139814,0.5725609732336566,-0.08798493775262503,56,wheat,well-drained soil
1049,1.3844123213239463,1.4177413322789671,1.4291229942969927,1.114202454544477,-0.036457799358352465,-0.5356723696813861,-0.1973783121475601,-0.7244430759510454,-0.5529320382927961,1.0913021370344382,0.030133697490922567,0.006764051720673401,56,wheat,well-drained soil
1056,1.3844123213239463,1.4177413322789671,-1.1127094486959972,-0.8975029591088394,-0.036457799358352465,-0.47142526089845116,-0.4703493133566477,-0.9503661762502716,-0.5313388018791216,1.0676450907942459,0.3509240218549051,-0.430538976617628,56,wheat,well-drained soil
1105,1.3844123213239463,1.4177413322789671,1.9374894828955906,1.114202454544477,-0.3442096784292314,-0.4317432231207562,-0.45328862578107953,-0.8796424231131228,-0.6824914567748434,1.0439880445540533,0.04179880019506714,-0.23375261386539217,56,wheat,well-drained soil
1162,1.3844123213239463,1.4177413322789671,1.9374894828955906,-0.8975029591088394,0.4251700192479687,-0.458197914972553,-0.5215313760833518,-1.1327885553738706,-0.8595559953669745,0.9345742056931644,-0.22066601064819133,-0.2373968057682114,56,wheat,well-drained soil
1172,1.3844123213239463,1.4177413322789671,1.4291229942969927,-0.8975029591088394,-0.19033373889379193,-0.3712753560309351,-0.5897741263856233,-1.1645019843599733,-0.6652168676439038,0.49691885024960697,0.1234545191240808,-0.03696625111315659,56,wheat,well-drained soil
1190,1.3844123213239463,1.4177413322789671,1.4291229942969927,-0.8975029591088394,0.27129407971252784,-0.5432308530676139,-0.4362279382055119,-0.922020545032605,-0.6479422785129639,0.3845478806086937,-0.2731589728168429,-0.2774829166992224,56,wheat,well-drained soil
1197,1.3844123213239463,1.4177413322789671,-1.1127094486959972,1.114202454544477,-0.9597134365709921,-0.3920611853430612,-0.29974243760096814,-1.014634983664586,-0.6436236312302293,0.6418182584707848,-0.07485222684638107,-0.4560483199373621,56,wheat,well-drained soil
1199,1.3844123213239463,1.4177413322789671,1.4291229942969927,1.114202454544477,0.11741814017708838,-0.40339891042240256,-0.40210656305437614,-1.0064961390575329,-0.6436236312302293,0.4584761501092946,-0.05735457279016359,-0.4961344308683731,56,wheat,well-drained soil
1209,1.3844123213239463,1.4177413322789671,-1.1127094486959972,1.114202454544477,-0.8058374970355525,-0.5111072986761463,-0.40210656305437614,-0.7157429317159202,-0.5097455654654471,1.020330998313861,0.6717143462188877,0.00311985981785443,56,wheat,well-drained soil
1213,1.3844123213239463,1.4177413322789671,1.9374894828955906,1.114202454544477,-0.8058374970355525,-0.5205554029089309,-0.2144389997231283,-0.845964445428766,-0.8120508752568905,0.43186197308907853,0.07679410830750169,-0.6054601879529484,56,wheat,well-drained soil
1217,1.3844123213239463,1.4177413322789671,1.4291229942969927,1.114202454544477,0.4251700192479687,-0.40339891042240256,-0.29974243760096814,-1.0087413375698235,-0.6781728094921083,0.22781994926742,-0.25566131876062587,-0.5507973094106607,56,wheat,well-drained soil
1309,1.3844123213239463,1.4177413322789671,1.9374894828955906,1.114202454544477,-0.9597134365709921,-0.433632843967313,-0.5044706885077835,-1.0031283412890974,-0.7299965768849274,0.25443412628763645,0.32759381644661517,-0.16451296771182783,56,wheat,well-drained soil
1352,1.3844123213239463,1.4177413322789671,1.4291229942969927,-0.8975029591088394,-0.49808561796467227,-0.4789837442846789,-0.5385920636589193,-1.1162302163457285,-0.6997660459057828,0.1331917643066508,0.09429176236371875,-0.00416852398778403,56,wheat,well-drained soil
1367,1.3844123213239463,1.4177413322789671,1.4291229942969927,1.114202454544477,-0.036457799358352465,-0.5432308530676139,-0.5215313760833518,-0.8150929658847724,-0.6781728094921083,0.5885899044303523,0.45590994619220837,0.04320597074886519,56,wheat,well-drained soil
1419,1.3844123213239463,1.4177413322789671,-1.1127094486959972,1.114202454544477,-0.49808561796467227,-0.3788338394171628,-0.2656210624498323,-0.798253977042594,-0.7731830497122764,0.06813488714612197,0.3217612650945431,-0.029677867307518382,56,wheat,well-drained soil
1444,1.3844123213239463,1.4177413322789671,1.9374894828955906,-0.8975029591088394,-0.19033373889379193,-0.4449705690466546,-0.3168031251765363,-0.7707502952670359,-0.6608982203611689,0.05039210246597793,0.3509240218549051,-0.007812715890603261,56,wheat,well-drained soil
1446,1.3844123213239463,1.4177413322789671,-1.1127094486959972,-0.8975029591088394,-0.6519615575001118,-0.5186657820623738,-0.4362279382055119,-0.8897458164184299,-0.6004371584028803,0.91683142101302,-0.4131402052665807,-0.13171524058645528,56,wheat,well-drained soil
1449,1.3844123213239463,1.4177413322789671,-1.1127094486959972,1.114202454544477,-0.49808561796467227,-0.3882819436499474,-0.1632569369964243,-0.7940442298320495,-0.8595559953669745,0.8754315900926837,-0.4131402052665807,-0.2373968057682114,56,wheat,well-drained soil
1458,1.3844123213239463,1.4177413322789671,-1.1127094486959972,-0.8975029591088394,0.11741814017708838,-0.3674961143378212,-0.3850458754788079,-1.0859200364298076,-0.7127219877539874,0.2721769109677805,-0.20316835659197385,-0.5252879660909264,56,wheat,well-drained soil
1476,1.3844123213239463,1.4177413322789671,-1.1127094486959972,-0.8975029591088394,-0.9597134365709921,-0.45630829412599594,-0.3338638127521039,-1.0530840081875597,-0.5788439219892056,0.7748891435718663,0.251770648869674,-0.28841549240767983,56,wheat,well-drained soil
1494,1.3844123213239463,1.4177413322789671,-1.1127094486959972,-0.8975029591088394,-0.8058374970355525,-0.5262242654486016,-0.6238955015367591,-0.6663485644455303,-0.790457638843216,0.76306062045177,0.5667284218815841,-0.0005243320849648004,56,wheat,well-drained soil
1547,1.3844123213239463,1.4177413322789671,1.4291229942969927,1.114202454544477,-0.8058374970355525,-0.497879952750248,-0.5897741263856233,-1.0230544780856752,-0.5702066274237357,0.5619757274101358,-0.40730765391450824,0.09058046548551466,56,wheat,well-drained soil
1604,1.3844123213239463,1.4177413322789671,1.4291229942969927,-0.8975029591088394,0.4251700192479687,-0.5262242654486016,-0.5556527512344875,-1.1782538252477521,-0.8509187008015046,0.22781994926742,-0.4714657187873048,-0.44511574422890465,56,wheat,well-drained soil
1624,1.3844123213239463,1.4177413322789671,1.9374894828955906,-0.8975029591088394,-0.9597134365709921,-0.5243346446020448,-0.29974243760096814,-0.7151816320878475,-0.8466000535187695,0.674346697051049,-0.16234049712746723,-0.011456907793422491,56,wheat,well-drained soil
1639,1.3844123213239463,1.4177413322789671,1.9374894828955906,1.114202454544477,-0.6519615575001118,-0.4393017065069839,-0.2656210624498323,-1.1274562089071807,-0.5615693328582658,1.1297448371747505,0.3100961623903981,-0.34672256285278674,56,wheat,well-drained soil
1664,1.3844123213239463,1.4177413322789671,1.4291229942969927,-0.8975029591088394,0.11741814017708838,-0.5262242654486016,-0.5556527512344875,-0.7898344826215049,-0.7299965768849274,1.1297448371747505,-0.004861610621511978,-0.32121321953305265,56,wheat,well-drained soil
1677,1.3844123213239463,1.4177413322789671,-1.1127094486959972,1.114202454544477,-0.19033373889379193,-0.3901715644965042,-0.3338638127521039,-1.1510307932862305,-0.6263490420992894,0.6270326045706647,0.035966248842994646,-0.2155316543512963,56,wheat,well-drained soil
1728,1.3844123213239463,1.4177413322789671,-1.1127094486959972,-0.8975029591088394,0.11741814017708838,-0.4922110902105773,-0.4874100009322159,-0.8493322431972016,-0.6177117475338197,0.7512320973316742,0.0651290056033567,-0.05883140253007171,56,wheat,well-drained soil
1734,1.3844123213239463,1.4177413322789671,-1.1127094486959972,-0.8975029591088394,-0.036457799358352465,-0.475204502591565,-0.4362279382055119,-0.6944135458491609,-0.5011082708999772,0.12432037196657879,-0.33731703768963955,-0.42325059281198957,56,wheat,well-drained soil
1785,1.3844123213239463,1.4177413322789671,-1.1127094486959972,1.114202454544477,-0.9597134365709921,-0.475204502591565,-0.29974243760096814,-0.8403514491480399,-0.8768305844979141,0.8695173285326355,0.40341698402355675,-0.16451296771182783,56,wheat,well-drained soil
1837,1.3844123213239463,1.4177413322789671,1.9374894828955906,1.114202454544477,-0.9597134365709921,-0.5394516113745,-0.29974243760096814,-0.6770132573789098,-0.5183828600309167,0.44073336542915054,0.012636043434705087,-0.41596220900635106,56,wheat,well-drained soil
1846,1.3844123213239463,1.4177413322789671,1.9374894828955906,-0.8975029591088394,0.5790459587834081,-0.5413412322210568,-0.5727134388100558,-0.7530693569827488,-0.8768305844979141,0.7098322664113376,0.46174249754428087,-0.1754455434202855,56,wheat,well-drained soil
1863,1.3844123213239463,1.4177413322789671,-1.1127094486959972,1.114202454544477,-0.49808561796467227,-0.5262242654486016,-0.6068348139611915,-0.9904990996574636,-0.6090744529683498,0.10657758728643475,-0.4306378593227982,0.11973400070806799,56,wheat,well-drained soil
1878,1.3844123213239463,1.4177413322789671,-1.1127094486959972,-0.8975029591088394,0.4251700192479687,-0.3712753560309351,-0.5727134388100558,-0.9085493539588622,-0.7127219877539874,0.93161707491314,0.5550633191774396,-0.47426927945145797,56,wheat,well-drained soil
1893,1.3844123213239463,1.4177413322789671,-1.1127094486959972,1.114202454544477,-0.3442096784292314,-0.5451204739141706,-0.2826817500253999,-1.1799377241319702,-0.6565795730784338,0.1686773336669393,-0.25566131876062587,-0.36494352236688266,56,wheat,well-drained soil
1942,1.3844123213239463,1.4177413322789671,1.9374894828955906,-0.8975029591088394,-0.19033373889379193,-0.4015092895758458,-0.5897741263856233,-1.1529953419844847,-0.5486133910100612,1.08538787547439,0.5492307678253671,-0.06611978633571017,56,wheat,well-drained soil
1991,1.3844123213239463,1.4177413322789671,1.4291229942969927,1.114202454544477,-0.8058374970355525,-0.45252905243288205,-0.5556527512344875,-0.8729068275762515,-0.5399760964445913,0.5915470352103761,0.6658817948668152,-0.05883140253007171,56,wheat,well-drained soil
2044,-1.0045070792465538,0.17449124089587287,-0.09597647149880119,-0.8975029591088394,-0.6519615575001118,-0.06893602058182988,-0.8798058151702786,-0.6772939071929461,0.4533127785844368,2.368782634004821,1.4707738814528082,0.4659322314758902,29,maize,Red soil
2053,-1.0045070792465538,0.17449124089587287,-0.6043429600973992,1.114202454544477,-0.19033373889379193,-0.042481328730033324,-0.6238955015367591,-0.9439112305274368,0.2460177090131615,2.2771115798240764,2.1473498382932075,1.1692612687199915,29,maize,Red soil
2088,-1.0045070792465538,0.17449124089587287,-0.09597647149880119,-0.8975029591088394,-1.2674653156418723,0.010428054973560306,-0.29974243760096814,-0.8703809792499245,0.05599722857282544,1.2983012916361205,1.1849788652012596,0.5242393019209969,29,maize,Red soil
2091,-1.0045070792465538,0.17449124089587287,-0.6043429600973992,1.114202454544477,-0.8058374970355525,0.002869571587332568,-1.0333520033503905,-0.9281948409414036,0.2330617671649563,2.723638327607705,1.4941040868610973,0.19626203066727077,29,maize,Red soil
2133,-1.0045070792465538,0.17449124089587287,-0.6043429600973992,1.114202454544477,-0.19033373889379193,-0.0027992909523381015,0.3656243778461821,-0.9119171517272979,0.41444495303982243,1.6117571543186684,1.0100023246390875,0.5424602614350927,29,maize,Red soil
2144,-1.0045070792465538,0.17449124089587287,-0.09597647149880119,-0.8975029591088394,-0.8058374970355525,-0.05570867465593146,-0.5897741263856233,-1.0592583040963586,-0.1340232518675106,1.9370415401213121,1.4941040868610973,0.4477112719617943,29,maize,Red soil
2177,-1.0045070792465538,0.17449124089587287,-0.6043429600973992,1.114202454544477,-0.3442096784292314,0.012317675820117106,-0.8798058151702786,-0.9705729628608858,0.21146853075128177,1.656114116019029,2.1006894274766283,1.180193844428449,29,maize,Red soil
2199,-1.0045070792465538,0.17449124089587287,-0.6043429600973992,1.114202454544477,-0.3442096784292314,-0.07271526227494374,0.28032093996834234,-1.0317546223208003,-0.10379272088836615,1.333786860996409,0.9283466057100733,0.9906958654818515,29,maize,Red soil
2202,-1.0045070792465538,0.17449124089587287,-0.09597647149880119,-0.8975029591088394,-1.1135893761064315,-0.02547474111102105,-0.2826817500253999,-0.8973233613974099,0.28920418184051055,1.4343293075172263,1.0683278381598114,0.9287446031339255,29,maize,Red soil
2211,-1.0045070792465538,0.17449124089587287,-0.6043429600973992,1.114202454544477,-1.1135893761064315,0.006648813280446437,-0.23149968729869652,-0.8813263219973407,0.5396857242391349,1.4579863537574183,2.32232637885538,0.327452939168761,29,maize,Red soil
2229,-1.0045070792465538,0.17449124089587287,-0.6043429600973992,1.114202454544477,-1.5752171947127527,-0.05381905380937466,-0.7945023772924388,-0.5897311652136186,0.31079741825418505,1.425457915177154,1.4066158165800111,0.917812027425468,29,maize,Red soil
2261,-1.0045070792465538,0.17449124089587287,-0.6043429600973992,1.114202454544477,-0.49808561796467227,-0.06704639973527307,0.024410626334822903,-0.3169395459703295,-0.33268102687331597,1.42250078439713,1.1733137624971146,0.34567389868285686,29,maize,Red soil
2263,-1.0045070792465538,0.17449124089587287,-0.6043429600973992,1.114202454544477,-0.3442096784292314,-0.04626057042314692,-0.4874100009322159,-0.4912230804868755,-0.21175890295673877,2.8655806050488586,1.890717578802021,0.323808747265942,29,maize,Red soil
2269,-1.0045070792465538,0.17449124089587287,-0.6043429600973992,1.114202454544477,-0.036457799358352465,-0.01791625772479331,-0.9309878778969826,-0.3413560797914879,-0.09947407360563087,2.7857380739882096,0.9050164003017841,0.19626203066727077,29,maize,Red soil
2282,-1.0045070792465538,0.17449124089587287,-0.09597647149880119,-0.8975029591088394,-0.8058374970355525,0.008538434127003237,-0.1973783121475601,-0.8939555636289744,-0.1728910774121244,1.4165865228370815,1.5407644976776764,0.5606812209491886,29,maize,Red soil
2288,-1.0045070792465538,0.17449124089587287,-0.09597647149880119,-0.8975029591088394,-1.2674653156418723,-0.08027374566117147,0.12677475178823092,-0.5608242343678792,0.172600705206668,1.6383713313388841,1.7157410382398488,0.5133067262125394,29,maize,Red soil
2289,-1.0045070792465538,0.17449124089587287,-0.6043429600973992,1.114202454544477,-0.6519615575001118,-0.03681246619036239,-0.18031762457199252,-0.5891698655855462,-0.19448431382579892,2.061241032882321,1.1499835570888255,0.567969604754827,29,maize,Red soil
2316,-1.0045070792465538,0.17449124089587287,-0.09597647149880119,-0.8975029591088394,-1.421341255177312,-0.00657853264545197,-1.1186554412282304,-0.3236751415072008,0.29352282912324523,1.5171289693578989,0.805863027316553,0.30194359584902714,29,maize,Red soil
2322,-1.0045070792465538,0.17449124089587287,-0.09597647149880119,-0.8975029591088394,-0.3442096784292314,-0.042481328730033324,0.28032093996834234,-0.8305287056567693,0.5871908443492186,1.9518271940214325,0.8466908867810601,0.7356024322845091,29,maize,Red soil
2346,-1.0045070792465538,0.17449124089587287,-0.09597647149880119,-0.8975029591088394,-0.036457799358352465,-0.010357774338565839,0.33150300269504634,-0.4951521778833837,0.531048429673665,1.8867703168609031,1.943210540970673,1.0745122792466926,29,maize,Red soil
2380,-1.0045070792465538,0.17449124089587287,-0.09597647149880119,-0.8975029591088394,-0.6519615575001118,-0.031143603650691715,-0.7262596269901671,-0.35566922030733955,-0.2765386121977623,1.514171838577875,0.7300398597396118,0.3420297067800379,29,maize,Red soil
2425,-1.0045070792465538,0.17449124089587287,-0.6043429600973992,1.114202454544477,-1.1135893761064315,-0.00468891179889517,-1.0504126909259581,-0.31188784931767577,-0.3801861469834,2.516639173006023,1.0274999786953045,0.2873668282377502,29,maize,Red soil
2433,-1.0045070792465538,0.17449124089587287,-0.6043429600973992,1.114202454544477,-0.036457799358352465,-0.014137016031679708,-0.0438321239674487,-0.5731728261854766,-0.008782480668198128,2.6290101426469357,1.5349319463256044,0.6991605132563173,29,maize,Red soil
2439,-1.0045070792465538,0.17449124089587287,-0.6043429600973992,1.114202454544477,-1.5752171947127527,-0.07271526227494374,-0.1461962494208567,-0.5681211295328232,0.5008178986945205,2.8241807741285228,2.398149546432321,0.2618574849180159,29,maize,Red soil
2448,-1.0045070792465538,0.17449124089587287,-0.09597647149880119,-0.8975029591088394,-1.5752171947127527,-0.07271526227494374,-0.1632569369964243,-0.955137223088889,0.32375336010238964,1.8157991781403262,1.4532762273965902,0.750179199895786,29,maize,Red soil
2455,-1.0045070792465538,0.17449124089587287,-0.6043429600973992,1.114202454544477,0.4251700192479687,-0.016026636878236508,-0.5897741263856233,-0.9012524587939181,-0.2851759067632323,2.0553267713222736,1.0916580435681014,0.33838551487721896,29,maize,Red soil
2475,-1.0045070792465538,0.17449124089587287,-0.6043429600973992,1.114202454544477,-0.3442096784292314,0.006648813280446437,-0.0608928115430169,-0.5829955696767474,-0.2203961975222087,2.1883976564233554,1.4182809192841561,1.100021622566427,29,maize,Red soil
2476,-1.0045070792465538,0.17449124089587287,-0.09597647149880119,-0.8975029591088394,-0.19033373889379193,-0.0613775371956024,-0.2485603748742641,-0.2897165140088077,0.47058736771537607,2.7768666816481375,1.1266533516805355,0.7210256646732327,29,maize,Red soil
2499,-1.0045070792465538,0.17449124089587287,-0.6043429600973992,1.114202454544477,-0.8058374970355525,-0.07649450396805761,-0.45328862578107953,-0.712094484133448,-0.13834189915024528,1.7329995162996537,0.8583559894852046,0.22177137398700514,29,maize,Red soil
2529,-1.0045070792465538,0.17449124089587287,-0.6043429600973992,1.114202454544477,-1.729093134248192,0.0009799507407757676,-1.0162913157748223,-0.49150373030091155,-0.11674866273657075,2.8478378203687145,1.383285611171722,1.2020589958453638,29,maize,Red soil
2575,-1.0045070792465538,0.17449124089587287,-0.6043429600973992,1.114202454544477,-0.19033373889379193,-0.010357774338565839,-0.3168031251765363,-0.27035167684030265,0.05599722857282544,2.176569133303259,2.2231730058701484,0.30558778775184614,29,maize,Red soil
2682,-1.0045070792465538,0.17449124089587287,-0.09597647149880119,-0.8975029591088394,-1.2674653156418723,-0.042481328730033324,0.2973816275439105,-0.5720502269293315,0.3712584802124734,2.5225534345660705,1.4999366382131702,1.1328193496917998,29,maize,Red soil
2713,-1.0045070792465538,0.17449124089587287,-0.6043429600973992,1.114202454544477,-1.5752171947127527,-0.008468153492008771,-0.8456844400191428,-0.5793471220942755,0.3280720073851243,2.031669725082081,1.7274061409439936,0.22541556588982412,29,maize,Red soil
2752,-1.0045070792465538,0.17449124089587287,-0.09597647149880119,-0.8975029591088394,-0.036457799358352465,-0.08027374566117147,-0.7433203145657353,-0.7132170833895932,0.051678581290090786,1.9932270249417683,1.6515829733670526,1.1984148039425448,29,maize,Red soil
2832,-1.0045070792465538,0.17449124089587287,-0.09597647149880119,-0.8975029591088394,-1.2674653156418723,0.006648813280446437,-0.6238955015367591,-0.8361417019374954,-0.4579217980726282,2.049412509762225,0.9050164003017841,0.22177137398700514,29,maize,Red soil
2874,-1.0045070792465538,0.17449124089587287,-0.09597647149880119,-0.8975029591088394,-0.19033373889379193,-0.050039812116260796,-0.8798058151702786,-0.2723162255385569,0.5267297823909303,2.7739095508681135,1.0974905949201734,1.096377430663608,29,maize,Red soil
2919,-1.0045070792465538,0.17449124089587287,-0.6043429600973992,1.114202454544477,-1.729093134248192,-0.008468153492008771,-0.3168031251765363,-0.5552112380871531,0.5396857242391349,2.1647406101831623,1.3249600976509979,0.46957642337870914,29,maize,Red soil
2953,-1.0045070792465538,0.17449124089587287,-0.6043429600973992,1.114202454544477,-1.5752171947127527,0.006648813280446437,-0.9480485654725508,-0.9759053093275756,-0.16425378284665446,2.26528305670398,1.1616486597929696,0.7829769270211583,29,maize,Red soil
2959,-1.0045070792465538,0.17449124089587287,-0.6043429600973992,1.114202454544477,-0.19033373889379193,-0.06704639973527307,0.31444231511947873,-0.4320059697252149,0.5483230188046049,2.102640863802658,1.8323920652812968,0.9214562193282875,29,maize,Red soil
2979,-1.0045070792465538,0.17449124089587287,-0.6043429600973992,1.114202454544477,-0.49808561796467227,-0.00468891179889517,-0.11207487426972029,-0.9728181613731761,0.20283123618581245,2.3480827185446524,0.9691744651745803,0.22541556588982412,29,maize,Red soil
3016,-1.100063855269374,0.17449124089587287,-0.09597647149880119,-0.8975029591088394,-0.3442096784292314,-0.2144368257667118,-1.2210195666816377,-0.7337045198142437,1.209076053063045,-0.16252131369575262,0.15261727588444285,-0.2738387247964032,43,sorghum,Loamy soil
3018,-1.100063855269374,0.17449124089587287,-0.09597647149880119,-0.8975029591088394,0.5790459587834081,-0.22199530915293955,-0.9309878778969826,-0.6758906581227646,1.1615709329529609,-0.19504975227601684,-0.2439962160564809,-0.39045286568661697,43,sorghum,Loamy soil
3025,-1.100063855269374,0.17449124089587287,-0.6043429600973992,1.114202454544477,0.7329218983188477,-0.18042365052868753,1.5257511329848041,-1.195654113718003,0.9585945106644208,-0.4138774299977956,0.1992776867010224,-0.4779134713542772,43,sorghum,Loamy soil
3044,-1.100063855269374,0.17449124089587287,-0.09597647149880119,-0.8975029591088394,-0.036457799358352465,-0.2182160674598257,1.7646007590427555,-0.9324045881519482,0.9413199215334809,-0.07676452107505546,-0.08068477819845356,-0.2301084219625732,43,sorghum,Loamy soil
3067,-1.100063855269374,0.17449124089587287,-0.6043429600973992,1.114202454544477,0.7329218983188477,-0.2201056883063825,1.4404476951069645,-0.8925523145587929,1.2177133476285151,-0.5883481460192136,-0.4189727566186532,0.09786884929115286,43,sorghum,Loamy soil
3085,-1.100063855269374,0.17449124089587287,-0.6043429600973992,1.114202454544477,1.0406737773897279,-0.1086180583595251,-1.3575050672861815,-1.2141770014443993,0.9456385688162156,-0.2453209755364255,0.2459380975176015,-0.5471531175078416,43,sorghum,Loamy soil
3105,-1.100063855269374,0.17449124089587287,-0.6043429600973992,1.114202454544477,1.3484256564606083,-0.1237350251319803,2.4299675744899054,-0.9879732513311369,0.889496154140662,-0.5853910152391895,-0.05152202143809151,-0.03332205921033735,43,sorghum,Loamy soil
3109,-1.100063855269374,0.17449124089587287,-0.6043429600973992,1.114202454544477,1.0406737773897279,-0.2673462094703052,2.4129068869143375,-1.072448845356065,0.8938148014233972,-0.5794767536791413,-0.20900090794404635,-0.24104099767103063,43,sorghum,Loamy soil
3127,-1.100063855269374,0.17449124089587287,-0.6043429600973992,1.114202454544477,-0.49808561796467227,-0.25033962185129316,1.6622366335893475,-1.0362450193453814,0.8679029177269875,-0.24236384475640166,0.3450914705028327,-0.6054601879529484,43,sorghum,Loamy soil
3174,-1.100063855269374,0.17449124089587287,-0.09597647149880119,-0.8975029591088394,1.3484256564606083,-0.19743023814769953,-0.1632569369964243,-0.8344578030532774,1.027692867188179,-0.056064605614887145,-0.302321729577205,-0.30663645192177574,43,sorghum,Loamy soil
3194,-1.100063855269374,0.17449124089587287,-0.09597647149880119,-0.8975029591088394,1.0406737773897279,-0.1577482003700046,1.2357194442001485,-1.039612817113817,0.9974623362090346,-0.1743498368158485,0.047631351547139635,-0.05883140253007171,43,sorghum,Loamy soil
3207,-1.100063855269374,0.17449124089587287,-0.6043429600973992,1.114202454544477,-0.8058374970355525,-0.25033962185129316,0.7580201920842453,-0.876274625344687,0.932682626968011,-0.532162661198757,0.6600492435147427,-0.5763066527303952,43,sorghum,Loamy soil
3235,-1.100063855269374,0.17449124089587287,-0.6043429600973992,1.114202454544477,1.0406737773897279,-0.09161147074051282,2.0716931354029784,-1.2169834995847624,0.9499572160989509,-0.2571494986565218,0.3742542272631947,-0.3831644818809785,43,sorghum,Loamy soil
3259,-1.100063855269374,0.17449124089587287,-0.6043429600973992,1.114202454544477,0.8867978378542885,-0.187982133914915,-1.0333520033503905,-0.7791697896881251,0.9542758633816855,-0.1802640983758967,-0.10984753495881562,0.046850162651684416,43,sorghum,Loamy soil
3267,-1.100063855269374,0.17449124089587287,-0.6043429600973992,1.114202454544477,-0.036457799358352465,-0.2484500010047361,0.38268506542175035,-1.1504694936581579,0.8333537394651083,-0.5292055304187329,-0.25566131876062587,-0.24104099767103063,43,sorghum,Loamy soil
3290,-1.100063855269374,0.17449124089587287,-0.09597647149880119,-0.8975029591088394,-0.6519615575001118,-0.2597877260840777,-1.3745657548617498,-0.7188300796703193,1.1961201112148405,-0.41979169155784374,-0.34314958904171206,-0.36494352236688266,43,sorghum,Loamy soil
3316,-1.100063855269374,0.17449124089587287,-0.09597647149880119,-0.8975029591088394,0.4251700192479687,-0.09539071243362668,2.05463244782741,-1.0651519501911209,0.8765402122924574,-0.6120051922594058,-0.3606472430979291,-0.07340817014134837,43,sorghum,Loamy soil
3360,-1.100063855269374,0.17449124089587287,-0.09597647149880119,-0.8975029591088394,1.3484256564606083,-0.1596378212165614,0.8603843175376533,-0.8080767205338648,0.880858859575192,-0.2926350680168099,0.39175188131941174,-0.43418316852044697,43,sorghum,Loamy soil
3383,-1.100063855269374,0.17449124089587287,-0.6043429600973992,1.114202454544477,0.11741814017708838,-0.18231327137524433,-0.9139271903214149,-1.1614148364055739,0.9499572160989509,-0.12999287511548802,-0.37231234580207406,0.10151304119397209,43,sorghum,Loamy soil
3409,-1.100063855269374,0.17449124089587287,-0.6043429600973992,1.114202454544477,-0.8058374970355525,-0.2144368257667118,1.4745690702580996,-0.9441918803414732,1.010418278057239,-0.5262483996387088,-0.3839774485062187,0.11608980880524876,43,sorghum,Loamy soil
3522,-1.100063855269374,0.17449124089587287,-0.09597647149880119,-0.8975029591088394,0.27129407971252784,-0.1860925130683582,-1.6475367560708372,-1.2068801062794554,1.0838352818637327,-0.5676482305590452,0.29259850833418105,-0.040610443015975814,43,sorghum,Loamy soil
3543,-1.100063855269374,0.17449124089587287,-0.6043429600973992,1.114202454544477,1.0406737773897279,-0.16719630460278911,-0.5385920636589193,-0.871784228320106,0.8506283285960482,-0.2926350680168099,-0.3956425512103636,-0.36494352236688266,43,sorghum,Loamy soil
3549,-1.100063855269374,0.17449124089587287,-0.6043429600973992,1.114202454544477,-0.3442096784292314,-0.187982133914915,-0.0779534991185845,-1.0746940438683554,0.9499572160989509,-0.6179194538194539,-0.261493870112698,-0.31028064382459497,43,sorghum,Loamy soil
3550,-1.100063855269374,0.17449124089587287,-0.09597647149880119,-0.8975029591088394,0.4251700192479687,-0.19176137560802886,-0.40210656305437614,-1.0135123844084406,0.9283639796852763,-0.4848485687183721,-0.3664797944500016,-0.5398647337022033,43,sorghum,Loamy soil
3561,-1.100063855269374,0.17449124089587287,-0.6043429600973992,1.114202454544477,0.7329218983188477,-0.18231327137524433,2.361724824187634,-1.1903217672513133,1.2436252313249243,-0.22462106007625718,0.5492307678253671,-0.22646423005975397,43,sorghum,Loamy soil
3570,-1.100063855269374,0.17449124089587287,-0.09597647149880119,-0.8975029591088394,1.1945497169251689,-0.09728033328018348,0.7921415672353811,-1.150750143472194,0.8981334487061319,-0.10337869809527195,0.1992776867010224,-0.2118874624484773,43,sorghum,Loamy soil
3578,-1.100063855269374,0.17449124089587287,-0.09597647149880119,-0.8975029591088394,-0.49808561796467227,-0.1369623710578787,2.361724824187634,-0.8653292825972712,0.8419910340305783,-0.4138774299977956,0.10012431371579124,-0.33943417904714857,43,sorghum,Loamy soil
3594,-1.100063855269374,0.17449124089587287,-0.09597647149880119,-0.8975029591088394,1.1945497169251689,-0.170975546295903,-0.026771436391880492,-0.9360530357344203,1.1702082275184307,-0.08267878263510363,0.14678472453237076,-0.5872392284388526,43,sorghum,Loamy soil
3626,-1.100063855269374,0.17449124089587287,-0.09597647149880119,-0.8975029591088394,0.4251700192479687,-0.11239730005263869,2.361724824187634,-0.8541032900358189,1.2220319949112497,-0.04423608249479126,-0.33148448633756705,-0.47062508754863874,43,sorghum,Loamy soil
3639,-1.100063855269374,0.17449124089587287,-0.6043429600973992,1.114202454544477,-0.8058374970355525,-0.13129350851820776,-0.5727134388100558,-1.0151962832926584,0.8938148014233972,-0.3961346453176511,-0.13901029171917767,-0.2301084219625732,43,sorghum,Loamy soil
3644,-1.100063855269374,0.17449124089587287,-0.09597647149880119,-0.8975029591088394,1.1945497169251689,-0.11050767920608189,0.05853200148595931,-1.1962154133460756,1.0147369253399745,-0.07085025951500731,0.5492307678253671,-0.5763066527303952,43,sorghum,Loamy soil
3701,-1.100063855269374,0.17449124089587287,-0.6043429600973992,1.114202454544477,-0.036457799358352465,-0.24089151761850863,-0.1632569369964243,-0.7286528231615901,1.1270217546910817,-0.2926350680168099,-0.3898099998582912,-0.01874529159906069,43,sorghum,Loamy soil
3756,-1.100063855269374,0.17449124089587287,-0.09597647149880119,-0.8975029591088394,-0.49808561796467227,-0.22199530915293955,-0.6409561891123273,-0.6958167949193425,1.0838352818637327,-0.2926350680168099,-0.03985691873394653,0.021340819331950322,43,sorghum,Loamy soil
3795,-1.100063855269374,0.17449124089587287,-0.6043429600973992,1.114202454544477,0.4251700192479687,-0.16908592544934592,2.395846199338769,-1.0862006862438438,1.019055572622709,-0.4345773454579639,0.05346390289921213,-0.30663645192177574,43,sorghum,Loamy soil
3827,-1.100063855269374,0.17449124089587287,-0.6043429600973992,1.114202454544477,0.7329218983188477,-0.22199530915293955,0.7238988169331095,-1.0070574386856055,1.0579233981673235,-0.27193515255664197,-0.2439962160564809,0.06871531406859954,43,sorghum,Loamy soil
3840,-1.100063855269374,0.17449124089587287,-0.09597647149880119,-0.8975029591088394,0.27129407971252784,-0.14830009613722003,-1.4769298803151572,-0.9952701464960806,0.8938148014233972,-0.49963422261849233,0.08845921101164668,-0.2155316543512963,43,sorghum,Loamy soil
3913,-1.100063855269374,0.17449124089587287,-0.6043429600973992,1.114202454544477,-0.036457799358352465,-0.25789810523752066,-0.6068348139611915,-1.127736858721217,0.9024520959888666,-0.41979169155784374,0.6658817948668152,-0.25197357337948806,43,sorghum,Loamy soil
3935,-1.100063855269374,0.17449124089587287,-0.6043429600973992,1.114202454544477,0.27129407971252784,-0.22955379253916702,-0.0438321239674487,-0.7845021361548151,0.9283639796852763,-0.22462106007625718,-0.11568008631088769,-0.08069655394698683,43,sorghum,Loamy soil
3970,-1.100063855269374,0.17449124089587287,-0.09597647149880119,-0.8975029591088394,-0.036457799358352465,-0.25789810523752066,2.0205110726762747,-1.0589776542823222,1.0320115144709137,-0.6031337999193337,0.5725609732336566,0.0650711221657803,43,sorghum,Loamy soil
3973,-1.100063855269374,0.17449124089587287,-0.6043429600973992,1.114202454544477,-0.036457799358352465,-0.271125451163419,-0.6580168766878955,-0.6868360008701805,0.8592656231615174,-0.0738073902950316,-0.4248053079707257,-0.30663645192177574,43,sorghum,Loamy soil
4001,-0.4311664231096339,0.17449124089587287,-0.6043429600973992,1.114202454544477,0.8867978378542885,-0.5337827488348293,0.43386712814845435,-1.1732021285950986,0.7167502628312657,-1.0230463706827464,-1.4746645513437595,-0.9698793782348663,1,Pearl millet,clay Loamy soil
4029,1.0021852172326662,0.17449124089587287,-0.6043429600973992,1.114202454544477,-0.3442096784292314,-0.6055883410039917,2.0205110726762747,-1.4159642177365033,0.9110893905543365,-1.0023464552225785,-0.5531214377163185,-1.312433417099869,1,Pearl millet,sandy loamy soil
4061,-0.4311664231096339,0.17449124089587287,-0.6043429600973992,1.114202454544477,0.8867978378542885,-0.5129969195227032,-1.4257478175884537,-1.384531438564437,0.7642553829413501,-1.1916028251441166,-1.183036983740139,-1.2067518519181129,1,Pearl millet,clay Loamy soil
4123,-1.291177407315014,0.17449124089587287,-0.6043429600973992,1.114202454544477,-0.8058374970355525,-0.6036987201574346,1.6622366335893475,-1.1142656676474745,0.721068910114001,-1.1295030787636118,-1.28219035672537,-1.1375122057645486,1,Pearl millet,Clay soil
4139,-0.4311664231096339,0.17449124089587287,-0.6043429600973992,1.114202454544477,-0.9597134365709921,-0.6225949286230038,-1.9205077572799243,-1.0881652349420978,0.8463096813133129,-0.638619369279622,-1.567985372976918,-0.962590994429228,1,Pearl millet,clay Loamy soil
4176,1.0021852172326662,0.17449124089587287,-0.09597647149880119,-0.8975029591088394,1.0406737773897279,-0.5111072986761463,2.4470282620654737,-1.2646939679709344,0.7340248519622056,-1.1295030787636118,-1.2880229080774424,-1.3160776090026882,1,Pearl millet,sandy loamy soil
4183,-1.291177407315014,0.17449124089587287,-0.6043429600973992,1.114202454544477,0.4251700192479687,-0.49976957359680474,2.9417882017569443,-1.3589923054871331,0.7167502628312657,-0.9964321936625302,-0.8622466593761565,-0.9589468025264087,1,Pearl millet,Clay soil
4186,-1.291177407315014,0.17449124089587287,-0.09597647149880119,-0.8975029591088394,-0.3442096784292314,-0.46197715666566663,3.300062640843872,-1.4401001017436257,0.4187636003225577,-1.0555748092630108,-0.570619091772536,-0.6710556422036936,1,Pearl millet,Clay soil
4223,-0.4311664231096339,0.17449124089587287,-0.6043429600973992,1.114202454544477,-0.49808561796467227,-0.4865422276709066,3.0441523272103526,-1.3545019084625523,0.7988045612032292,-1.0526176784829868,-1.2763578053732976,-0.7147859450375238,1,Pearl millet,clay Loamy soil
4232,-0.4311664231096339,0.17449124089587287,-0.09597647149880119,-0.8975029591088394,-0.19033373889379193,-0.5753544074590811,1.5598725081359395,-1.1810603233881152,0.9067707432716018,-1.1679457789039243,-1.2646927026691528,-0.9808119539433239,1,Pearl millet,clay Loamy soil
4240,-1.291177407315014,0.17449124089587287,-0.09597647149880119,-0.8975029591088394,1.0406737773897279,-0.6490496204748005,-1.0674733785015265,-1.0988299278754776,0.6692451427211821,-1.0378320245828667,-1.2471950486129355,-0.6346137231755018,1,Pearl millet,Clay soil
4277,-0.4311664231096339,0.17449124089587287,-0.6043429600973992,1.114202454544477,0.5790459587834081,-0.4789837442846789,0.46798850329959013,-1.4389775024874802,1.019055572622709,-0.7687331236006797,-0.5122935782518119,-0.6528346826895977,1,Pearl millet,clay Loamy soil
4279,-1.291177407315014,0.17449124089587287,-0.6043429600973992,1.114202454544477,-0.19033373889379193,-0.5262242654486016,2.1058145105541146,-1.5040882593439033,0.7901672666377593,-1.0407891553628907,-0.815586248559577,-0.6528346826895977,1,Pearl millet,Clay soil
4302,1.0021852172326662,0.17449124089587287,-0.09597647149880119,-0.8975029591088394,-1.421341255177312,-0.5186657820623738,-0.7433203145657353,-1.478268476452563,0.5699162552182794,-0.62974797693955,-0.9905627891217494,-1.1739541247927403,1,Pearl millet,sandy loamy soil
4359,1.0021852172326662,0.17449124089587287,-0.6043429600973992,1.114202454544477,-1.421341255177312,-0.46575639835878047,3.3512447035705755,-1.4493615456068236,0.8851775068579273,-0.9284181857219775,-0.7572607350388528,-0.8751303887615676,1,Pearl millet,sandy loamy soil
4366,-1.291177407315014,0.17449124089587287,-0.09597647149880119,-0.8975029591088394,-1.421341255177312,-0.6301534120092315,-0.11207487426972029,-1.101075126387768,0.8851775068579273,-0.7687331236006797,-1.0197255458821115,-0.7767372073854499,1,Pearl millet,Clay soil
4417,-1.291177407315014,0.17449124089587287,-0.6043429600973992,1.114202454544477,-0.3442096784292314,-0.6093675826971057,3.436548141448415,-1.2133350520022903,0.8160791503341684,-0.9550323627421938,-1.4804971026958318,-0.6564788745924169,1,Pearl millet,Clay soil
4466,-0.4311664231096339,0.17449124089587287,-0.09597647149880119,-0.8975029591088394,-0.3442096784292314,-0.6320430328557883,3.3683053911461434,-1.2728328125779873,0.6865197318521213,-0.7923901698408718,-1.468831999991687,-0.8933513482756635,1,Pearl millet,clay Loamy soil
4479,1.0021852172326662,0.17449124089587287,-0.6043429600973992,1.114202454544477,-0.49808561796467227,-0.5772440283056381,1.4404476951069645,-1.3115624869149975,0.4360381894534969,-1.049660547702963,-1.4046739351188906,-0.6783440260093321,1,Pearl millet,sandy loamy soil
4492,-1.291177407315014,0.17449124089587287,-0.09597647149880119,-0.8975029591088394,-0.8058374970355525,-0.620705307776447,0.4509278157240219,-1.4027736764767968,0.7988045612032292,-0.7302904234603671,-1.5154924108082664,-0.9771677620405046,1,Pearl millet,Clay soil
4513,-1.291177407315014,0.17449124089587287,-0.6043429600973992,1.114202454544477,-0.3442096784292314,-0.5300035071417154,2.3105427614609293,-1.310159237844816,0.5267297823909303,-1.0348748938028427,-0.6931026701660566,-1.1047144786391758,1,Pearl millet,Clay soil
4530,1.0021852172326662,0.17449124089587287,-0.09597647149880119,-0.8975029591088394,-1.1135893761064315,-0.6188156869298902,3.2659412656927356,-1.146821046075686,0.6131027280456284,-0.9254610549419534,-1.4513343459354697,-0.7074975612318853,1,Pearl millet,sandy loamy soil
4563,1.0021852172326662,0.17449124089587287,-0.6043429600973992,1.114202454544477,1.0406737773897279,-0.5224450237554877,0.7409595045086778,-1.1041622743421675,0.6433332590247722,-1.0112178475626503,-0.5531214377163185,-0.9370816511094937,1,Pearl millet,sandy loamy soil
4606,-1.291177407315014,0.17449124089587287,-0.09597647149880119,-0.8975029591088394,-0.49808561796467227,-0.6036987201574346,3.31712332841944,-1.3118431367290337,0.42308224760529234,-0.8190043468610881,-1.043055751290401,-1.0974260948335375,1,Pearl millet,Clay soil
4619,-0.4311664231096339,0.17449124089587287,-0.6043429600973992,1.114202454544477,-0.6519615575001118,-0.6452703787816867,-0.6068348139611915,-1.3991252288943248,0.40148901119161784,-0.6563621539597663,-0.5822841944766806,-0.9480142268179512,1,Pearl millet,clay Loamy soil
4625,-0.4311664231096339,0.17449124089587287,-0.6043429600973992,1.114202454544477,1.1945497169251689,-0.5715751657659675,1.1333553187467404,-1.2992138950974002,1.00178098349177,-0.8663184393414728,-1.2180322918525734,-1.1921750843068362,1,Pearl millet,clay Loamy soil
4628,-0.4311664231096339,0.17449124089587287,-0.09597647149880119,-0.8975029591088394,0.11741814017708838,-0.5904713742315365,-0.9139271903214149,-1.1465403962616496,1.019055572622709,-1.0644462016030831,-1.3696786270064563,-0.9079281158869403,1,Pearl millet,clay Loamy soil
4643,-0.4311664231096339,0.17449124089587287,-0.6043429600973992,1.114202454544477,0.27129407971252784,-0.5432308530676139,1.7646007590427555,-1.1036009747140947,0.5785535497837486,-1.049660547702963,-1.3055205621336596,-1.04276321629125,1,Pearl millet,clay Loamy soil
4649,-0.4311664231096339,0.17449124089587287,-0.6043429600973992,1.114202454544477,-1.2674653156418723,-0.5866921325384227,2.9588488893325127,-1.2430839322901388,0.40580765847435246,-0.7036762464401508,-0.570619091772536,-1.0391190243884307,1,Pearl millet,clay Loamy soil
4677,1.0021852172326662,0.17449124089587287,-0.6043429600973992,1.114202454544477,0.8867978378542885,-0.5281138862951584,-1.8352043194020846,-1.391828333729381,0.7037943209830612,-0.795347300620896,-0.9672325837134597,-0.9370816511094937,1,Pearl millet,sandy loamy soil
4678,-1.291177407315014,0.17449124089587287,-0.09597647149880119,-0.8975029591088394,0.4251700192479687,-0.5791336491521949,-0.7945023772924388,-1.4760232779402729,0.6131027280456284,-1.1738600404639723,-1.5621528216248457,-1.1703099328899211,1,Pearl millet,Clay soil
4744,-1.291177407315014,0.17449124089587287,-0.09597647149880119,-0.8975029591088394,0.11741814017708838,-0.497879952750248,-1.8352043194020846,-1.3985639292662524,0.5958281389146886,-1.0733175939431552,-1.5563202702727732,-0.8678420049559294,1,Pearl millet,Clay soil
4764,1.0021852172326662,0.17449124089587287,-0.09597647149880119,-0.8975029591088394,1.1945497169251689,-0.5186657820623738,0.7921415672353811,-1.0915330327105337,0.5396857242391349,-0.7391618158004394,-0.8505815566720115,-1.126579630056091,1,Pearl millet,sandy loamy soil
4788,1.0021852172326662,0.17449124089587287,-0.09597647149880119,-0.8975029591088394,0.5790459587834081,-0.5092176778295893,2.4299675744899054,-1.3595536051152057,0.6087840807628931,-0.7066333772201749,-1.3871762810626733,-0.8641978130531102,1,Pearl millet,sandy loamy soil
4892,-0.4311664231096339,0.17449124089587287,-0.09597647149880119,-0.8975029591088394,-0.6519615575001118,-0.4770941234381221,-0.3850458754788079,-1.3039849419360172,0.4360381894534969,-0.7480332081405113,-0.9788976864176047,-0.6273253393698636,1,Pearl millet,clay Loamy soil
4906,-1.291177407315014,0.17449124089587287,-0.09597647149880119,-0.8975029591088394,0.7329218983188477,-0.620705307776447,2.566453075094449,-1.4283128095541007,0.924045332402541,-0.8219614776411123,-1.5096598594561939,-0.8058907426080033,1,Pearl millet,Clay soil
4932,1.0021852172326662,0.17449124089587287,-0.09597647149880119,-0.8975029591088394,-1.1135893761064315,-0.5318931279882723,-1.6475367560708372,-1.380882990981965,0.6692451427211821,-1.0378320245828667,-1.2355299459087907,-0.6309695312726828,1,Pearl millet,sandy loamy soil
4933,-1.291177407315014,0.17449124089587287,-0.6043429600973992,1.114202454544477,1.3484256564606083,-0.5262242654486016,-2.005811195157764,-1.4583423396559856,0.4576314258671715,-1.1827314328040446,-0.7280979782784908,-1.0354748324856116,1,Pearl millet,Clay soil
4938,1.0021852172326662,0.17449124089587287,-0.09597647149880119,-0.8975029591088394,-1.5752171947127527,-0.5677959240728536,0.5191705660262941,-1.2023897092548745,0.8549469758787829,-0.6504478923997183,-1.4163390378230354,-0.8787745806643869,1,Pearl millet,sandy loamy soil
4974,1.0021852172326662,0.17449124089587287,-0.09597647149880119,-0.8975029591088394,0.7329218983188477,-0.5696855449194104,2.5152710123677453,-1.1765699263635343,0.9413199215334809,-1.1679457789039243,-0.5356237836601014,-1.1593773571814636,1,Pearl millet,sandy loamy soil
5008,-1.100063855269374,0.17449124089587287,-0.09597647149880119,-0.8975029591088394,-1.5752171947127527,0.17293544777745426,0.041471313910391105,0.07737344275068028,-2.276072304104023,-1.244831179184549,-1.142209124275632,-1.1593773571814636,36,ragi,Loamy soil
5031,-1.386734183337834,0.17449124089587287,-0.6043429600973992,1.114202454544477,-0.3442096784292314,-0.03681246619036239,-0.9309878778969826,-0.06463536315169056,-2.319258776931372,-1.31875944868515,-1.497994756752049,-1.0974260948335375,36,ragi,Black Soil
5033,-1.100063855269374,0.17449124089587287,-0.6043429600973992,1.114202454544477,1.963929414602369,-0.13129350851820776,-0.5556527512344875,-0.38289225226886137,-2.2890282459522275,-1.5139300801667361,-1.3405158702460942,-1.0573399839025266,36,ragi,Loamy soil
5053,-1.100063855269374,0.17449124089587287,-0.6043429600973992,1.114202454544477,2.271681293673248,0.15781848100499904,-1.8863863821287885,-0.22572835640853006,-2.2976655405176976,-1.230045525284429,-1.1597067783318493,-0.9917445296517814,36,ragi,Loamy soil
5090,-1.0045070792465538,0.17449124089587287,-0.09597647149880119,-0.8975029591088394,-1.8829690737836315,-0.09161147074051282,0.07559268906152691,-0.5117105169115257,-2.2976655405176976,-1.2655310946447174,-1.2646927026691528,-1.0354748324856116,36,ragi,Red soil
5140,-1.0045070792465538,0.17449124089587287,-0.09597647149880119,-0.8975029591088394,1.1945497169251689,0.029324263439129382,0.16089612693936672,-0.35931766788981173,-2.3581266024759864,-1.4547874645662555,-1.142209124275632,-1.0099654891658774,36,ragi,Red soil
5145,-1.0045070792465538,0.17449124089587287,-0.6043429600973992,1.114202454544477,-1.2674653156418723,0.04444123021158459,-1.7328401939486768,0.5182743006017169,-2.3926757807378656,-1.3601592796054867,-1.59714812973728,-1.08649351912508,36,ragi,Red soil
5146,-1.386734183337834,0.17449124089587287,-0.09597647149880119,-0.8975029591088394,-0.19033373889379193,-0.08216336650772828,0.16089612693936672,0.6378311213811829,-2.4185876644342748,-1.4577445953462795,-1.5446551675686284,-1.064628367708165,36,ragi,Black Soil
5183,-1.100063855269374,0.17449124089587287,-0.6043429600973992,1.114202454544477,-0.3442096784292314,-0.09350109158706961,-0.8286237524435751,-0.07754525459736038,-2.3365333660623118,-1.422259025985991,-1.3463484215981665,-1.13022382195891,36,ragi,Loamy soil
5194,1.0977419932554862,0.17449124089587287,-0.09597647149880119,-0.8975029591088394,-2.3445968923899527,0.19183165624302334,-0.2144389997231283,-0.43004142102696064,-2.2199298894284696,-1.3749449335056068,-1.0722185080507631,-1.254126346654762,36,ragi,shallow Black Soil
5238,-1.100063855269374,0.17449124089587287,-0.09597647149880119,-0.8975029591088394,-0.8058374970355525,-0.09161147074051282,-2.2446608212157155,0.1938431155757472,-2.401313075303335,-1.2359597868444772,-1.1013812648111252,-1.1338680138617294,36,ragi,Loamy soil
5277,-0.9089503032237339,0.17449124089587287,-0.6043429600973992,1.114202454544477,-1.421341255177312,0.16348734354466973,-0.7091989394145989,-0.4393028648901589,-2.2458417731248788,-1.4577445953462795,-1.4046739351188906,-1.0719167515138033,36,ragi,Sandy soil
5287,-0.9089503032237339,0.17449124089587287,-0.6043429600973992,1.114202454544477,-1.5752171947127527,0.08034402629616567,0.31444231511947873,-0.30178445601236903,-2.409950369868805,-1.244831179184549,-1.3055205621336596,-0.9881003377489622,36,ragi,Sandy soil
5300,-1.0045070792465538,0.17449124089587287,-0.09597647149880119,-0.8975029591088394,-0.19033373889379193,0.016096917513230974,-1.4086871300128856,-0.4516514567077563,-2.280390951386758,-1.398601979745799,-1.3755111783585285,-1.2031076600152937,36,ragi,Red soil
5316,-1.386734183337834,0.17449124089587287,-0.09597647149880119,-0.8975029591088394,-0.6519615575001118,-0.06704639973527307,-1.681658131221973,0.5499877295878193,-2.345170660627782,-1.3424164949253423,-1.5213249621603386,-1.0755609434166225,36,ragi,Black Soil
5323,-1.100063855269374,0.17449124089587287,-0.6043429600973992,1.114202454544477,1.3484256564606083,0.13136378915320224,-2.0399325703089,0.3518489608781876,-2.41426901715154,-1.484358772366496,-1.59714812973728,-1.2759914980716773,36,ragi,Loamy soil
5410,-1.0045070792465538,0.17449124089587287,-0.09597647149880119,-0.8975029591088394,-1.421341255177312,0.197500518782694,-0.3168031251765363,0.48403502328928744,-2.258797714973084,-1.5050586878266643,-1.4571668972875422,-1.2832798818773157,36,ragi,Red soil
5436,-1.386734183337834,0.17449124089587287,-0.09597647149880119,-0.8975029591088394,-0.8058374970355525,-0.16152744206311845,-0.29974243760096814,0.5196775496718984,-2.2674350095385534,-1.4725302492463999,-1.2880229080774424,-1.0026771053602388,36,ragi,Black Soil
5455,-1.0045070792465538,0.17449124089587287,-0.6043429600973992,1.114202454544477,-2.0368450133190725,0.1332534099997593,0.07559268906152691,-0.19541817649260884,-2.2890282459522275,-1.4754873800264239,-1.2646927026691528,-1.13022382195891,36,ragi,Red soil
5458,-1.100063855269374,0.17449124089587287,-0.09597647149880119,-0.8975029591088394,1.5023015959960477,-0.051929432962817865,-1.1698375039549345,0.535955238886004,-2.4185876644342748,-1.227088394504405,-1.497994756752049,-0.9953887215546006,36,ragi,Loamy soil
5475,-1.0045070792465538,0.17449124089587287,-0.6043429600973992,1.114202454544477,1.0406737773897279,-0.170975546295903,-0.6068348139611915,0.04004701748385172,-2.340852013345047,-1.4252161567660153,-1.124711470219415,-1.312433417099869,36,ragi,Red soil
5503,-1.100063855269374,0.17449124089587287,-0.6043429600973992,1.114202454544477,-0.3442096784292314,-0.12184540428542323,-0.23149968729869652,0.12480326132281591,-2.3926757807378656,-1.3690306719455585,-1.0780510594028356,-1.2176844276265704,36,ragi,Loamy soil
5516,-1.386734183337834,0.17449124089587287,-0.09597647149880119,-0.8975029591088394,-1.421341255177312,-0.1653066837562323,0.1438354393637991,-0.4059055370198383,-2.3624452497587214,-1.3808591950656548,-1.2880229080774424,-1.0937819029307183,36,ragi,Black Soil
5534,1.0977419932554862,0.17449124089587287,-0.09597647149880119,-0.8975029591088394,0.27129407971252784,-0.05948791634904533,0.12677475178823092,0.19300116613363844,-2.3926757807378656,-1.410430502865895,-1.4629994486396145,-1.2322611952378473,36,ragi,shallow Black Soil
5606,-1.386734183337834,0.17449124089587287,-0.09597647149880119,-0.8975029591088394,-2.190720952854512,-0.04437094957659012,0.3485636902706145,0.533148740745641,-2.40563172258607,-1.5080158186066883,-1.2180322918525734,-1.1593773571814636,36,ragi,Black Soil
5621,-1.386734183337834,0.17449124089587287,-0.6043429600973992,1.114202454544477,-1.5752171947127527,0.019876159206344845,-1.2551409418327741,-0.25239008874197916,-2.2199298894284696,-1.484358772366496,-1.4746645513437595,-1.3197218009055074,36,ragi,Black Soil
5644,1.0977419932554862,0.17449124089587287,-0.09597647149880119,-0.8975029591088394,1.6561775355314885,-0.014137016031679708,-2.142296695762308,0.7739462811887913,-2.2199298894284696,-1.4193018952059673,-1.2296973945567182,-0.9953887215546006,36,ragi,shallow Black Soil
5669,1.0977419932554862,0.17449124089587287,-0.6043429600973992,1.114202454544477,-0.8058374970355525,0.19372127708958015,-0.9992306281992548,0.4481118470926404,-2.3624452497587214,-1.2477883099645732,-1.2355299459087907,-1.3270101847111457,36,ragi,shallow Black Soil
5707,-0.9089503032237339,0.17449124089587287,-0.6043429600973992,1.114202454544477,-0.6519615575001118,0.17293544777745426,-0.4362279382055119,0.15034239440011982,-2.3538079551932514,-1.4518303337862315,-1.2588601513170803,-1.2031076600152937,36,ragi,Sandy soil
5751,-1.386734183337834,0.17449124089587287,-0.6043429600973992,1.114202454544477,1.1945497169251689,0.1351430308463161,-0.11207487426972029,0.057447305954102496,-2.375401191606926,-1.4400018106661354,-1.0780510594028356,-1.2504821547519431,36,ragi,Black Soil
5774,1.0977419932554862,0.17449124089587287,-0.09597647149880119,-0.8975029591088394,0.8867978378542885,0.15403923931188518,-1.2551409418327741,0.3428681668290257,-2.284709598669493,-1.395644848965775,-1.5913155783852078,-1.2869240737801348,36,ragi,shallow Black Soil
5824,1.0977419932554862,0.17449124089587287,-0.09597647149880119,-0.8975029591088394,-2.0368450133190725,-0.09916995412674055,-1.1527768163793661,0.7133259213569495,-2.4185876644342748,-1.4370446798861114,-1.0897161621069804,-1.2249728114322087,36,ragi,shallow Black Soil
5863,-1.100063855269374,0.17449124089587287,-0.6043429600973992,1.114202454544477,-1.2674653156418723,-0.15585857952344778,-1.6987188187975408,0.016753082918838143,-2.3063028350831676,-1.2684882254247414,-1.4338366918792524,-1.2176844276265704,36,ragi,Loamy soil
5891,-1.386734183337834,0.17449124089587287,-0.6043429600973992,1.114202454544477,1.6561775355314885,0.11813644322730382,0.33150300269504634,-0.17072099285741404,-2.3926757807378656,-1.4459160722261835,-1.223864843204646,-1.0792051353194416,36,ragi,Black Soil
5898,-1.100063855269374,0.17449124089587287,-0.09597647149880119,-0.8975029591088394,1.1945497169251689,-0.11806616259230963,-0.1461962494208567,0.6703864998093948,-2.4272249589997448,-1.4311304183260634,-1.2121997405005012,-1.1484447814730059,36,ragi,Loamy soil
5915,-1.0045070792465538,0.17449124089587287,-0.6043429600973992,1.114202454544477,-0.19033373889379193,0.10112985560829182,0.2973816275439105,-0.059022366870964446,-2.3969944280206,-1.2359597868444772,-1.4280041405271802,-1.0099654891658774,36,ragi,Red soil
5928,-1.100063855269374,0.17449124089587287,-0.09597647149880119,-0.8975029591088394,0.27129407971252784,-0.05381905380937466,-2.159357383337876,-0.4746647414587332,-2.409950369868805,-1.2803167485448377,-1.3055205621336596,-1.0172538729715157,36,ragi,Loamy soil
5944,1.0977419932554862,0.17449124089587287,-0.09597647149880119,-0.8975029591088394,0.11741814017708838,0.10112985560829182,0.33150300269504634,0.31452253561135873,-2.379719838889661,-1.2951024024449578,-1.4163390378230354,-1.2504821547519431,36,ragi,shallow Black Soil
5948,-1.100063855269374,0.17449124089587287,-0.09597647149880119,-0.8975029591088394,-1.2674653156418723,0.08979213052895021,-0.0608928115430169,-0.26445803074554014,-2.340852013345047,-1.481401641586472,-1.5271575135124111,-1.024542256777154,36,ragi,Loamy soil
5968,-1.100063855269374,0.17449124089587287,-0.09597647149880119,-0.8975029591088394,1.963929414602369,0.15781848100499904,-1.7499008815242447,-0.2930843117772435,-2.3883571334551306,-1.3660735411655345,-1.28219035672537,-1.2978566494885924,36,ragi,Loamy soil
6043,-0.6222799751552739,0.17449124089587287,-0.6043429600973992,1.114202454544477,-0.9597134365709921,-0.7132967292577356,0.8262629423865175,-1.530469341863316,-2.4272249589997448,-1.2891881408849095,-1.5154924108082664,-1.2759914980716773,32,panivaragu,black cotton soil
6051,-0.6222799751552739,0.17449124089587287,-0.6043429600973992,1.114202454544477,-1.421341255177312,-0.6906212790990526,1.935207634798435,-1.547027680891458,-2.3538079551932514,-1.4163447644259433,-1.2296973945567182,-1.2213286195293895,32,panivaragu,black cotton soil
6059,-0.6222799751552739,0.17449124089587287,-0.6043429600973992,1.114202454544477,-0.8058374970355525,-0.7246344543370768,-1.4769298803151572,-1.5214885478141544,-2.3969944280206,-1.499144426266616,-1.5738179243289905,-0.9881003377489622,32,panivaragu,black cotton soil
6078,0.8110716651870262,0.17449124089587287,-0.09597647149880119,-0.8975029591088394,-1.1135893761064315,-0.6717250706334835,1.9863896975251385,-1.547027680891458,-2.310621482365902,-1.244831179184549,-1.59714812973728,-1.3233659928083268,32,panivaragu,sandy Loamy soil
6089,-0.6222799751552739,0.17449124089587287,-0.6043429600973992,1.114202454544477,0.5790459587834081,-0.7359721794164182,-0.40210656305437614,-1.5290660927931345,-2.3969944280206,-1.2744024869847894,-1.2355299459087907,-0.9990329134574197,32,panivaragu,black cotton soil
6109,-0.6222799751552739,0.17449124089587287,-0.6043429600973992,1.114202454544477,-0.49808561796467227,-0.7114071084111785,3.112395077512624,-1.5318725909334976,-2.4185876644342748,-1.3158023179051261,-1.3055205621336596,-1.2577705385575813,32,panivaragu,black cotton soil
6111,-0.6222799751552739,0.17449124089587287,-0.6043429600973992,1.114202454544477,-1.729093134248192,-0.6944005207921665,-1.3063230045594776,-1.547027680891458,-2.254479067690349,-1.410430502865895,-1.2705252540212253,-1.2322611952378473,32,panivaragu,black cotton soil
6183,-0.6222799751552739,0.17449124089587287,-0.6043429600973992,1.114202454544477,-1.421341255177312,-0.7321929377233046,0.6385953790552698,-1.5383275366563327,-2.327896071496842,-1.4045162413058472,-1.4571668972875422,-1.2031076600152937,32,panivaragu,black cotton soil
6217,-0.6222799751552739,0.17449124089587287,-0.6043429600973992,1.114202454544477,-0.3442096784292314,-0.7303033168767475,-0.09501418669415271,-1.5245756957685537,-2.3019841878004326,-1.5109729493867121,-1.5329900648644836,-1.0172538729715157,32,panivaragu,black cotton soil
6221,-0.6222799751552739,0.17449124089587287,-0.6043429600973992,1.114202454544477,-1.5752171947127527,-0.7000693833318371,1.9863896975251385,-1.5186820496737914,-2.2717536568212884,-1.3305879718052462,-1.183036983740139,-1.0500516000968882,32,panivaragu,black cotton soil
6226,0.8110716651870262,0.17449124089587287,-0.09597647149880119,-0.8975029591088394,0.27129407971252784,-0.6849524165593819,3.112395077512624,-1.5579730236388742,-2.2458417731248788,-1.3394593641453183,-1.2588601513170803,-1.1520889733758253,32,panivaragu,sandy Loamy soil
6286,0.8110716651870262,0.17449124089587287,-0.09597647149880119,-0.8975029591088394,0.27129407971252784,-0.662276966400699,1.3380835696535565,-1.5169981507895731,-2.3667638970414564,-1.5050586878266643,-1.567985372976918,-0.9953887215546006,32,panivaragu,sandy Loamy soil
6299,-0.6222799751552739,0.17449124089587287,-0.6043429600973992,1.114202454544477,-0.9597134365709921,-0.7227448334905201,-0.5897741263856233,-1.5130690533930653,-2.2199298894284696,-1.3779020642856306,-1.2471950486129355,-1.1994634681124745,32,panivaragu,black cotton soil
6304,0.8110716651870262,0.17449124089587287,-0.09597647149880119,-0.8975029591088394,-0.3442096784292314,-0.6755043123265974,2.9417882017569443,-1.5445018325651314,-2.258797714973084,-1.395644848965775,-1.4571668972875422,-1.1593773571814636,32,panivaragu,sandy Loamy soil
6325,-0.6222799751552739,0.17449124089587287,-0.6043429600973992,1.114202454544477,-0.49808561796467227,-0.6925108999456094,-2.091114633035604,-1.5593762727090557,-2.228567183993939,-1.2773596177648134,-1.497994756752049,-1.3160776090026882,32,panivaragu,black cotton soil
6352,0.8110716651870262,0.17449124089587287,-0.09597647149880119,-0.8975029591088394,0.27129407971252784,-0.7132967292577356,1.5939938832870757,-1.562463420663455,-2.2890282459522275,-1.5139300801667361,-1.1655393296839218,-0.9808119539433239,32,panivaragu,sandy Loamy soil
6357,-0.6222799751552739,0.17449124089587287,-0.6043429600973992,1.114202454544477,-1.421341255177312,-0.6868420374059387,3.1465164526637603,-1.5422566340528407,-2.228567183993939,-1.4281732875460393,-1.083883610754908,-1.188530892404017,32,panivaragu,black cotton soil
6455,-0.6222799751552739,0.17449124089587287,-0.6043429600973992,1.114202454544477,-0.3442096784292314,-0.7076278667180647,3.0270916396347842,-1.513911002835174,-2.2890282459522275,-1.2359597868444772,-1.1655393296839218,-1.1156470543476333,32,panivaragu,black cotton soil
6459,-0.6222799751552739,0.17449124089587287,-0.6043429600973992,1.114202454544477,-1.2674653156418723,-0.681173174866268,0.8433236299620851,-1.5209272481860818,-2.241523125842144,-1.4400018106661354,-1.0897161621069804,-1.0500516000968882,32,panivaragu,black cotton soil
6510,0.8110716651870262,0.17449124089587287,-0.09597647149880119,-0.8975029591088394,-1.421341255177312,-0.6887316582524955,1.5769331957115076,-1.5127884035790287,-2.232885831276674,-1.3631164103855105,-1.4629994486396145,-1.2067518519181129,32,panivaragu,sandy Loamy soil
6552,0.8110716651870262,0.17449124089587287,-0.09597647149880119,-0.8975029591088394,-0.036457799358352465,-0.7227448334905201,1.832843509345027,-1.5450631321932038,-2.345170660627782,-1.312845187125102,-1.6321434378497146,-1.08649351912508,32,panivaragu,sandy Loamy soil
6553,-0.6222799751552739,0.17449124089587287,-0.6043429600973992,1.114202454544477,-1.2674653156418723,-0.7303033168767475,0.46798850329959013,-1.5315919411194612,-2.2112925948629996,-1.233002656064453,-1.3755111783585285,-1.246837962849124,32,panivaragu,black cotton soil
6582,0.8110716651870262,0.17449124089587287,-0.09597647149880119,-0.8975029591088394,-0.49808561796467227,-0.7227448334905201,3.300062640843872,-1.5464663812633852,-2.319258776931372,-1.4518303337862315,-1.3638460756543838,-1.0208980648743347,32,panivaragu,sandy Loamy soil
6589,-0.6222799751552739,0.17449124089587287,-0.6043429600973992,1.114202454544477,-0.19033373889379193,-0.6925108999456094,1.3551442572291246,-1.5155949017193917,-2.3667638970414564,-1.2773596177648134,-1.468831999991687,-1.1484447814730059,32,panivaragu,black cotton soil
6607,-0.6222799751552739,0.17449124089587287,-0.6043429600973992,1.114202454544477,-0.9597134365709921,-0.7397514211095321,2.3105427614609293,-1.5430985834949498,-2.280390951386758,-1.398601979745799,-1.0897161621069804,-1.3233659928083268,32,panivaragu,black cotton soil
6620,0.8110716651870262,0.17449124089587287,-0.09597647149880119,-0.8975029591088394,-1.5752171947127527,-0.6773939331731542,-0.7091989394145989,-1.5150336020913193,-2.375401191606926,-1.2359597868444772,-1.538822616216556,-1.144800589570187,32,panivaragu,sandy Loamy soil
6652,0.8110716651870262,0.17449124089587287,-0.09597647149880119,-0.8975029591088394,-1.421341255177312,-0.6962901416387233,-0.35092450032767214,-1.549553529217785,-2.314940129648637,-1.2477883099645732,-1.5446551675686284,-1.2832798818773157,32,panivaragu,sandy Loamy soil
6681,-0.6222799751552739,0.17449124089587287,-0.6043429600973992,1.114202454544477,0.27129407971252784,-0.6755043123265974,-0.1461962494208567,-1.5554471753125472,-2.371082544324191,-1.3631164103855105,-1.3171856648378044,-1.2431937709463048,32,panivaragu,black cotton soil
6682,0.8110716651870262,0.17449124089587287,-0.09597647149880119,-0.8975029591088394,0.27129407971252784,-0.7114071084111785,1.1162946311711728,-1.5461857314493492,-2.3365333660623118,-1.484358772366496,-1.6321434378497146,-1.0281864486799732,32,panivaragu,sandy Loamy soil
6719,-0.6222799751552739,0.17449124089587287,-0.6043429600973992,1.114202454544477,-0.3442096784292314,-0.679283554019711,1.935207634798435,-1.526540244466808,-2.232885831276674,-1.2744024869847894,-1.439669243231325,-1.0063212972630582,32,panivaragu,black cotton soil
6770,0.8110716651870262,0.17449124089587287,-0.09597647149880119,-0.8975029591088394,0.27129407971252784,-0.720855212643963,3.095334389937056,-1.5604988719652007,-2.2933468932349625,-1.3719878027255827,-1.2296973945567182,-1.2504821547519431,32,panivaragu,sandy Loamy soil
6777,-0.6222799751552739,0.17449124089587287,-0.6043429600973992,1.114202454544477,-0.8058374970355525,-0.7359721794164182,-1.7499008815242447,-1.5641473195476727,-2.41426901715154,-1.4577445953462795,-1.4221715891751077,-1.1921750843068362,32,panivaragu,black cotton soil
6799,-0.6222799751552739,0.17449124089587287,-0.6043429600973992,1.114202454544477,-0.8058374970355525,-0.7359721794164182,1.508690445409236,-1.541134034796696,-2.40563172258607,-1.3779020642856306,-1.3871762810626733,-1.0755609434166225,32,panivaragu,black cotton soil
6806,0.8110716651870262,0.17449124089587287,-0.09597647149880119,-0.8975029591088394,-1.2674653156418723,-0.6547184830144712,-0.8286237524435751,-1.5341177894457882,-2.3969944280206,-1.3631164103855105,-1.0722185080507631,-1.0609841758053458,32,panivaragu,sandy Loamy soil
6864,0.8110716651870262,0.17449124089587287,-0.09597647149880119,-0.8975029591088394,-0.9597134365709921,-0.7227448334905201,0.2973816275439105,-1.509420605810593,-2.3365333660623118,-1.3158023179051261,-1.4338366918792524,-0.9917445296517814,32,panivaragu,sandy Loamy soil
6900,0.8110716651870262,0.17449124089587287,-0.09597647149880119,-0.8975029591088394,0.11741814017708838,-0.6849524165593819,-2.142296695762308,-1.513911002835174,-2.41426901715154,-1.2625739638646933,-1.142209124275632,-1.330654376613965,32,panivaragu,sandy Loamy soil
6904,0.8110716651870262,0.17449124089587287,-0.09597647149880119,-0.8975029591088394,-1.2674653156418723,-0.6509392413213574,0.16089612693936672,-1.5153142519053555,-2.4185876644342748,-1.2714453562047656,-1.2063671891484287,-1.1775983166955595,32,panivaragu,sandy Loamy soil
6945,-0.6222799751552739,0.17449124089587287,-0.6043429600973992,1.114202454544477,0.4251700192479687,-0.7397514211095321,1.832843509345027,-1.5635860199196003,-2.2933468932349625,-1.3069309255650539,-1.2180322918525734,-1.2322611952378473,32,panivaragu,black cotton soil
6957,-0.6222799751552739,0.17449124089587287,-0.6043429600973992,1.114202454544477,-1.1135893761064315,-0.7000693833318371,3.436548141448415,-1.5315919411194612,-2.3840384861723956,-1.5139300801667361,-1.5038273081041216,-1.2759914980716773,32,panivaragu,black cotton soil
6967,-0.6222799751552739,0.17449124089587287,-0.6043429600973992,1.114202454544477,-0.49808561796467227,-0.7189655917974063,1.3892656323802597,-1.5355210385159697,-2.3667638970414564,-1.3631164103855105,-1.1363765729235598,-1.0136096810686963,32,panivaragu,black cotton soil
7025,-1.100063855269374,0.17449124089587287,-0.6043429600973992,1.114202454544477,2.8871850518150084,-0.4884318485174634,2.361724824187634,-0.7682244469407092,-2.232885831276674,-1.2684882254247414,-1.5271575135124111,-1.210396043820932,40,samai,Loamy soil
7026,-1.100063855269374,0.17449124089587287,-0.09597647149880119,-0.8975029591088394,3.041060991350448,-0.31647635148078496,0.8603843175376533,-0.8779585242289049,-2.314940129648637,-1.5080158186066883,-1.5563202702727732,-1.0755609434166225,40,samai,Loamy soil
7029,-1.100063855269374,0.17449124089587287,-0.6043429600973992,1.114202454544477,3.1949369308858873,-0.4770941234381221,0.3656243778461821,-0.5223752098449052,-2.2933468932349625,-1.31875944868515,-1.1655393296839218,-1.1848867005011978,40,samai,Loamy soil
7072,-1.100063855269374,0.17449124089587287,-0.09597647149880119,-0.8975029591088394,3.1949369308858873,-0.4298536022741994,1.2186587566245801,-0.6890811993824711,-2.3969944280206,-1.2477883099645732,-1.0722185080507631,-1.3015008413914115,40,samai,Loamy soil
7074,-1.100063855269374,0.17449124089587287,-0.09597647149880119,-0.8975029591088394,3.5026888099567692,-0.4846526068243496,1.7987221341938906,-0.4763486403429511,-2.340852013345047,-1.3512878872654144,-1.6146457837934973,-1.0755609434166225,40,samai,Loamy soil
7091,-1.100063855269374,0.17449124089587287,-0.6043429600973992,1.114202454544477,3.1949369308858873,-0.26923583031686227,1.7134186963160507,-0.7123751339474844,-2.2199298894284696,-1.3897305874057269,-1.2296973945567182,-0.9698793782348663,40,samai,Loamy soil
7111,-1.100063855269374,0.17449124089587287,-0.6043429600973992,1.114202454544477,3.5026888099567692,-0.5224450237554877,2.583513762670017,-0.8695390298078157,-2.2199298894284696,-1.3394593641453183,-1.095548713459053,-1.272347306168858,40,samai,Loamy soil
7115,-1.100063855269374,0.17449124089587287,-0.6043429600973992,1.114202454544477,3.5026888099567692,-0.3769442185706058,2.549392387518882,-0.9175301480080241,-2.276072304104023,-1.2566597023046453,-1.223864843204646,-1.2031076600152937,40,samai,Loamy soil
7149,-1.100063855269374,0.17449124089587287,-0.6043429600973992,1.114202454544477,3.041060991350448,-0.5526789573003984,1.5257511329848041,-0.8209866119795349,-2.3019841878004326,-1.4666159876863516,-1.153874226979777,-1.2832798818773157,40,samai,Loamy soil
7173,-1.100063855269374,0.17449124089587287,-0.6043429600973992,1.114202454544477,3.5026888099567692,-0.4449705690466546,1.508690445409236,-0.5507208410625721,-2.3063028350831676,-1.4370446798861114,-1.4629994486396145,-1.2504821547519431,40,samai,Loamy soil
7194,-1.100063855269374,0.17449124089587287,-0.09597647149880119,-0.8975029591088394,3.5026888099567692,-0.25789810523752066,2.4299675744899054,-0.5220945600308692,-2.241523125842144,-1.3838163258456788,-1.2705252540212253,-1.2249728114322087,40,samai,Loamy soil
7224,-1.100063855269374,0.17449124089587287,-0.09597647149880119,-0.8975029591088394,3.5026888099567692,-0.2182160674598257,1.6451759460137791,-0.6444578789506983,-2.2976655405176976,-1.3572021488254624,-1.567985372976918,-1.2504821547519431,40,samai,Loamy soil
7234,-1.100063855269374,0.17449124089587287,-0.09597647149880119,-0.8975029591088394,3.5026888099567692,-0.30135938470832946,1.8669648844961635,-0.7783278402460163,-2.2890282459522275,-1.2773596177648134,-1.3171856648378044,-1.1958192762096556,40,samai,Loamy soil
7314,-1.100063855269374,0.17449124089587287,-0.09597647149880119,-0.8975029591088394,3.6565647494922087,-0.3977300478827319,0.5191705660262941,-0.645019178578771,-2.2976655405176976,-1.3010166640050058,-1.2996880107815874,-1.144800589570187,40,samai,Loamy soil
7319,-1.100063855269374,0.17449124089587287,-0.6043429600973992,1.114202454544477,3.041060991350448,-0.25411886354440677,0.33150300269504634,-0.9969540453802985,-2.237204478559409,-1.2241312637243809,-1.1305440215714873,-1.0828493272222608,40,samai,Loamy soil
7382,-1.100063855269374,0.17449124089587287,-0.09597647149880119,-0.8975029591088394,3.5026888099567692,-0.2635669677771913,2.4982103247921774,-0.8773972246008321,-2.241523125842144,-1.4932301647065682,-1.223864843204646,-1.2978566494885924,40,samai,Loamy soil
7401,-1.100063855269374,0.17449124089587287,-0.6043429600973992,1.114202454544477,3.6565647494922087,-0.41284701465518714,0.7921415672353811,-0.8942362134430105,-2.3019841878004326,-1.3601592796054867,-1.1947020864442839,-1.1411563976673678,40,samai,Loamy soil
7444,-1.100063855269374,0.17449124089587287,-0.09597647149880119,-0.8975029591088394,3.6565647494922087,-0.3334829390997969,0.655656066630838,-0.9242657435448953,-2.40563172258607,-1.2744024869847894,-1.5621528216248457,-1.2359053871406662,40,samai,Loamy soil
7458,-1.100063855269374,0.17449124089587287,-0.09597647149880119,-0.8975029591088394,3.34881287042133,-0.46575639835878047,1.6622366335893475,-0.5810310209784934,-2.2717536568212884,-1.2773596177648134,-1.1655393296839218,-1.2213286195293895,40,samai,Loamy soil
7463,-1.100063855269374,0.17449124089587287,-0.6043429600973992,1.114202454544477,3.34881287042133,-0.17664440883557367,0.26326025239277473,-0.6410900811822627,-2.3322147187795768,-1.4695731184663758,-1.5154924108082664,-1.2140402357237514,40,samai,Loamy soil
7469,-1.100063855269374,0.17449124089587287,-0.6043429600973992,1.114202454544477,3.1949369308858873,-0.3826130811102767,2.174057260856386,-0.8852554193938489,-2.3581266024759864,-1.5050586878266643,-1.6379759892017869,-1.0573399839025266,40,samai,Loamy soil
7477,-1.100063855269374,0.17449124089587287,-0.6043429600973992,1.114202454544477,3.6565647494922087,-0.30513862640144335,0.3656243778461821,-0.6158315979189952,-2.2933468932349625,-1.48731590314652,-1.6088132324414248,-1.1703099328899211,40,samai,Loamy soil
7511,-1.100063855269374,0.17449124089587287,-0.6043429600973992,1.114202454544477,3.34881287042133,-0.47142526089845116,1.832843509345027,-1.0620648022367216,-2.3667638970414564,-1.2891881408849095,-1.5504877189207007,-1.2759914980716773,40,samai,Loamy soil
7593,-1.100063855269374,0.17449124089587287,-0.6043429600973992,1.114202454544477,3.041060991350448,-0.5224450237554877,1.30396219450242,-0.9921829985416815,-2.401313075303335,-1.4547874645662555,-1.2121997405005012,-1.1047144786391758,40,samai,Loamy soil
7624,-1.100063855269374,0.17449124089587287,-0.09597647149880119,-0.8975029591088394,3.34881287042133,-0.45441867327943913,1.0309911932933329,-0.48673268346229454,-2.375401191606926,-1.2773596177648134,-1.3638460756543838,-1.2140402357237514,40,samai,Loamy soil
7626,-1.100063855269374,0.17449124089587287,-0.09597647149880119,-0.8975029591088394,3.5026888099567692,-0.31836597232734176,0.7750808796598135,-1.1347531040721248,-2.276072304104023,-1.2507454407445973,-1.5563202702727732,-1.1338680138617294,40,samai,Loamy soil
7671,-1.100063855269374,0.17449124089587287,-0.6043429600973992,1.114202454544477,3.34881287042133,-0.31647635148078496,2.481149637216609,-0.75980495251962,-2.409950369868805,-1.5050586878266643,-1.4163390378230354,-1.1156470543476333,40,samai,Loamy soil
7675,-1.100063855269374,0.17449124089587287,-0.6043429600973992,1.114202454544477,3.34881287042133,-0.24278113846506544,2.174057260856386,-0.5305140544519583,-2.3019841878004326,-1.410430502865895,-1.5796504756810628,-0.9735235701376855,40,samai,Loamy soil
7713,-1.100063855269374,0.17449124089587287,-0.6043429600973992,1.114202454544477,3.041060991350448,-0.40339891042240256,1.2186587566245801,-0.6629807666770945,-2.319258776931372,-1.33354510258527,-1.2121997405005012,-1.188530892404017,40,samai,Loamy soil
7715,-1.100063855269374,0.17449124089587287,-0.6043429600973992,1.114202454544477,3.1949369308858873,-0.5356723696813861,1.1674766938978767,-0.7463337614458775,-2.258797714973084,-1.3483307564853904,-1.4338366918792524,-1.2140402357237514,40,samai,Loamy soil
7772,-1.100063855269374,0.17449124089587287,-0.09597647149880119,-0.8975029591088394,2.8871850518150084,-0.45063943158632525,0.9968698181421971,-0.8571904379902183,-2.41426901715154,-1.3158023179051261,-1.4280041405271802,-1.2650589223632198,40,samai,Loamy soil
7814,-1.100063855269374,0.17449124089587287,-0.09597647149880119,-0.8975029591088394,3.5026888099567692,-0.5224450237554877,1.3722049448046916,-0.9444725301555095,-2.2631163622558184,-1.4518303337862315,-1.352180972950239,-1.13022382195891,40,samai,Loamy soil
7821,-1.100063855269374,0.17449124089587287,-0.6043429600973992,1.114202454544477,3.041060991350448,-0.4808733651312357,2.156996573280818,-0.995550796310117,-2.2501604204076138,-1.2655310946447174,-1.28219035672537,-1.2431937709463048,40,samai,Loamy soil
7857,-1.100063855269374,0.17449124089587287,-0.6043429600973992,1.114202454544477,3.34881287042133,-0.3845027019568335,2.2423000111586577,-0.5669985302766781,-2.319258776931372,-1.413387633645919,-1.567985372976918,-1.2213286195293895,40,samai,Loamy soil
7873,-1.100063855269374,0.17449124089587287,-0.6043429600973992,1.114202454544477,3.34881287042133,-0.23144341338572408,1.1674766938978767,-0.7151816320878475,-2.349489307910517,-1.3158023179051261,-1.3346833188940217,-1.3160776090026882,40,samai,Loamy soil
7928,-1.100063855269374,0.17449124089587287,-0.09597647149880119,-0.8975029591088394,3.6565647494922087,-0.5488997156072846,1.5428118205603711,-0.776082641733726,-2.375401191606926,-1.5168872109467604,-1.11304636751527,-1.312433417099869,40,samai,Loamy soil
7958,-1.100063855269374,0.17449124089587287,-0.09597647149880119,-0.8975029591088394,3.34881287042133,-0.2201056883063825,2.037571760251843,-0.8630840840849808,-2.40563172258607,-1.2803167485448377,-1.5154924108082664,-1.0937819029307183,40,samai,Loamy soil
7964,-1.100063855269374,0.17449124089587287,-0.09597647149880119,-0.8975029591088394,2.8871850518150084,-0.18987175476147206,1.2186587566245801,-0.5981506596347078,-2.375401191606926,-1.3719878027255827,-1.2296973945567182,-1.1775983166955595,40,samai,Loamy soil
7970,-1.100063855269374,0.17449124089587287,-0.09597647149880119,-0.8975029591088394,2.8871850518150084,-0.4279639814276423,1.3210228820779881,-1.0626261018647942,-2.258797714973084,-1.3749449335056068,-1.6204783351455698,-1.2431937709463048,40,samai,Loamy soil
7995,-1.100063855269374,0.17449124089587287,-0.6043429600973992,1.114202454544477,3.1949369308858873,-0.42229511888797167,0.4168064405728861,-0.5546499384590804,-2.224248536711204,-1.2714453562047656,-1.5621528216248457,-1.2176844276265704,40,samai,Loamy soil
8010,-1.482290959360654,0.17449124089587287,-0.09597647149880119,-0.8975029591088394,-0.19033373889379193,-0.3693857351843783,0.3656243778461821,-0.707323437294831,-2.254479067690349,-1.312845187125102,-1.5504877189207007,-0.9735235701376855,50,thinai,Alluvial soil
8033,-1.100063855269374,0.17449124089587287,-0.6043429600973992,1.114202454544477,-1.2674653156418723,-0.3977300478827319,0.6215346914797015,-0.7800117391302341,-2.3063028350831676,-1.2951024024449578,-1.2996880107815874,-1.0828493272222608,50,thinai,Loamy soil
8042,-1.482290959360654,0.17449124089587287,-0.09597647149880119,-0.8975029591088394,0.5790459587834081,-0.41473663550174394,-0.1632569369964243,-0.709287985993085,-2.232885831276674,-1.3542450180454384,-1.381343729710601,-1.024542256777154,50,thinai,Alluvial soil
8051,-1.100063855269374,0.17449124089587287,-0.6043429600973992,1.114202454544477,0.27129407971252784,-0.45252905243288205,-0.2656210624498323,-0.4729808425745156,-2.3667638970414564,-1.3010166640050058,-1.1655393296839218,-0.9735235701376855,50,thinai,Loamy soil
8065,-1.100063855269374,0.17449124089587287,-0.6043429600973992,1.114202454544477,-0.6519615575001118,-0.3977300478827319,-0.40210656305437614,-0.6739261094245104,-2.409950369868805,-1.3010166640050058,-1.1655393296839218,-1.0573399839025266,50,thinai,Loamy soil
8071,-1.100063855269374,0.17449124089587287,-0.6043429600973992,1.114202454544477,-0.036457799358352465,-0.4430809482000975,0.655656066630838,-0.6691550625858934,-2.3883571334551306,-1.3098880563450779,-1.4571668972875422,-1.068272559610984,50,thinai,Loamy soil
8174,-1.482290959360654,0.17449124089587287,-0.09597647149880119,-0.8975029591088394,-1.1135893761064315,-0.3788338394171628,-0.8115630648680069,-0.9862893524469191,-2.2890282459522275,-1.3424164949253423,-1.6146457837934973,-0.9735235701376855,50,thinai,Alluvial soil
8213,-1.100063855269374,0.17449124089587287,-0.6043429600973992,1.114202454544477,-1.5752171947127527,-0.40339891042240256,0.2973816275439105,-0.9646793167661233,-2.4229063117170098,-1.2655310946447174,-1.2938554594295149,-1.1229354381532717,50,thinai,Loamy soil
8234,-1.482290959360654,0.17449124089587287,-0.09597647149880119,-0.8975029591088394,0.11741814017708838,-0.3826130811102767,0.5191705660262941,-0.588327916143437,-2.276072304104023,-1.3453736257053663,-1.323018216189877,-1.126579630056091,50,thinai,Alluvial soil
8249,-1.100063855269374,0.17449124089587287,-0.6043429600973992,1.114202454544477,0.5790459587834081,-0.45441867327943913,-0.0779534991185845,-0.20131182258737135,-2.375401191606926,-1.2803167485448377,-1.5796504756810628,-1.272347306168858,50,thinai,Loamy soil
8269,-1.100063855269374,0.17449124089587287,-0.6043429600973992,1.114202454544477,-0.3442096784292314,-0.3674961143378212,0.041471313910391105,-0.7387562164668972,-2.241523125842144,-1.4252161567660153,-1.1597067783318493,-1.08649351912508,50,thinai,Loamy soil
8280,-1.482290959360654,0.17449124089587287,-0.09597647149880119,-0.8975029591088394,-0.3442096784292314,-0.41284701465518714,-0.6238955015367591,-0.6823456038455995,-2.3365333660623118,-1.4607017261263038,-1.2296973945567182,-1.1375122057645486,50,thinai,Alluvial soil
8300,-1.482290959360654,0.17449124089587287,-0.09597647149880119,-0.8975029591088394,-1.2674653156418723,-0.3769442185706058,-0.3168031251765363,-0.2181508114295497,-2.379719838889661,-1.3010166640050058,-1.439669243231325,-1.2504821547519431,50,thinai,Alluvial soil
8322,-1.482290959360654,0.17449124089587287,-0.09597647149880119,-0.8975029591088394,-1.1135893761064315,-0.4185158771948578,0.09265337663709511,-0.9237044439168226,-2.237204478559409,-1.4252161567660153,-1.0663859566986909,-0.9808119539433239,50,thinai,Alluvial soil
8334,-1.482290959360654,0.17449124089587287,-0.09597647149880119,-0.8975029591088394,-0.19033373889379193,-0.3769442185706058,0.7238988169331095,-0.239480197296309,-2.310621482365902,-1.33354510258527,-1.2180322918525734,-1.2942124575857732,50,thinai,Alluvial soil
8347,-1.100063855269374,0.17449124089587287,-0.6043429600973992,1.114202454544477,0.5790459587834081,-0.42229511888797167,-0.7262596269901671,-0.07782590441139675,-2.2674350095385534,-1.4340875491060874,-1.4746645513437595,-1.2249728114322087,50,thinai,Loamy soil
8359,-1.100063855269374,0.17449124089587287,-0.6043429600973992,1.114202454544477,-0.6519615575001118,-0.3901715644965042,0.655656066630838,-0.8880619175342119,-2.323577424214107,-1.4547874645662555,-1.5913155783852078,-1.3087892251970499,50,thinai,Loamy soil
8387,-1.100063855269374,0.17449124089587287,-0.6043429600973992,1.114202454544477,-1.5752171947127527,-0.39584042703617484,0.2973816275439105,-0.4477223593112481,-2.3322147187795768,-1.321716579465174,-1.2705252540212253,-1.046407408194069,50,thinai,Loamy soil
8433,-1.100063855269374,0.17449124089587287,-0.6043429600973992,1.114202454544477,0.4251700192479687,-0.41095739380863033,-0.6238955015367591,-1.063468051306903,-2.258797714973084,-1.3719878027255827,-1.6379759892017869,-1.2431937709463048,50,thinai,Loamy soil
8465,-1.100063855269374,0.17449124089587287,-0.6043429600973992,1.114202454544477,-1.5752171947127527,-0.40906777296207325,-0.0438321239674487,-0.13788496461516614,-2.2933468932349625,-1.401559110525823,-1.6204783351455698,-1.0974260948335375,50,thinai,Loamy soil
8476,-1.482290959360654,0.17449124089587287,-0.09597647149880119,-0.8975029591088394,-0.49808561796467227,-0.42040549804141486,-0.4874100009322159,-0.5566144871573346,-2.254479067690349,-1.3660735411655345,-1.083883610754908,-1.0792051353194416,50,thinai,Alluvial soil
8533,-1.100063855269374,0.17449124089587287,-0.6043429600973992,1.114202454544477,0.5790459587834081,-0.458197914972553,0.26326025239277473,-0.03432518323576934,-2.224248536711204,-1.3542450180454384,-1.3288507675419494,-1.0281864486799732,50,thinai,Loamy soil
8564,-1.482290959360654,0.17449124089587287,-0.09597647149880119,-0.8975029591088394,-0.036457799358352465,-0.3712753560309351,0.4168064405728861,-0.09410359362550268,-2.3063028350831676,-1.3749449335056068,-1.497994756752049,-1.2978566494885924,50,thinai,Alluvial soil
8569,-1.100063855269374,0.17449124089587287,-0.6043429600973992,1.114202454544477,-1.2674653156418723,-0.3712753560309351,-0.2826817500253999,-0.4089926849742377,-2.3322147187795768,-1.2803167485448377,-1.124711470219415,-1.1484447814730059,50,thinai,Loamy soil
8615,-1.100063855269374,0.17449124089587287,-0.6043429600973992,1.114202454544477,-1.421341255177312,-0.45252905243288205,-0.1291355618452885,-0.10027788953430122,-2.2501604204076138,-1.3365022333652943,-1.5738179243289905,-1.272347306168858,50,thinai,Loamy soil
8618,-1.482290959360654,0.17449124089587287,-0.09597647149880119,-0.8975029591088394,0.4251700192479687,-0.3920611853430612,0.6215346914797015,-1.0303513732506189,-2.254479067690349,-1.2537025715246213,-1.223864843204646,-1.1484447814730059,50,thinai,Alluvial soil
8633,-1.100063855269374,0.17449124089587287,-0.6043429600973992,1.114202454544477,0.27129407971252784,-0.45252905243288205,-0.4874100009322159,-0.9363336855484564,-2.4272249589997448,-1.2625739638646933,-1.6204783351455698,-1.1156470543476333,50,thinai,Loamy soil
8687,-1.100063855269374,0.17449124089587287,-0.6043429600973992,1.114202454544477,-0.8058374970355525,-0.3901715644965042,0.3485636902706145,-0.1283428709379318,-2.237204478559409,-1.3542450180454384,-1.5038273081041216,-1.246837962849124,50,thinai,Loamy soil
8690,-1.482290959360654,0.17449124089587287,-0.09597647149880119,-0.8975029591088394,-0.9597134365709921,-0.4468601898932114,0.21207818966607073,-0.36605326342668304,-2.3581266024759864,-1.410430502865895,-1.3171856648378044,-1.2796356899744965,50,thinai,Alluvial soil
8768,-1.482290959360654,0.17449124089587287,-0.09597647149880119,-0.8975029591088394,-0.9597134365709921,-0.4393017065069839,-0.6580168766878955,-0.6820649540315635,-2.3063028350831676,-1.227088394504405,-1.0722185080507631,-1.1010702867363569,50,thinai,Alluvial soil
8803,-1.100063855269374,0.17449124089587287,-0.6043429600973992,1.114202454544477,0.27129407971252784,-0.42229511888797167,0.22913887724163892,-0.22657030585063886,-2.2199298894284696,-1.2477883099645732,-1.2121997405005012,-1.330654376613965,50,thinai,Loamy soil
8824,-1.482290959360654,0.17449124089587287,-0.09597647149880119,-0.8975029591088394,0.11741814017708838,-0.40528853126895936,-0.4191672506299437,-0.0230991906743171,-2.2199298894284696,-1.3838163258456788,-1.0897161621069804,-1.0281864486799732,50,thinai,Alluvial soil
8836,-1.482290959360654,0.17449124089587287,-0.09597647149880119,-0.8975029591088394,-0.8058374970355525,-0.3674961143378212,0.5703526287529982,-0.9489629271800901,-2.379719838889661,-1.4400018106661354,-1.6029806810893525,-1.1192912462504527,50,thinai,Alluvial soil
8855,-1.100063855269374,0.17449124089587287,-0.6043429600973992,1.114202454544477,-1.1135893761064315,-0.4298536022741994,0.4509278157240219,-0.003173053877739319,-2.284709598669493,-1.4252161567660153,-1.2996880107815874,-0.9990329134574197,50,thinai,Loamy soil
8882,-1.482290959360654,0.17449124089587287,-0.09597647149880119,-0.8975029591088394,-0.9597134365709921,-0.37316497687749217,-0.3338638127521039,-0.7634534001020922,-2.327896071496842,-1.2241312637243809,-1.6146457837934973,-1.2176844276265704,50,thinai,Alluvial soil
8895,-1.100063855269374,0.17449124089587287,-0.6043429600973992,1.114202454544477,0.5790459587834081,-0.4411913273535407,0.0073499387592553065,-0.9377369346186379,-2.2890282459522275,-1.4045162413058472,-1.3463484215981665,-1.1010702867363569,50,thinai,Loamy soil
8923,-1.100063855269374,0.17449124089587287,-0.6043429600973992,1.114202454544477,0.4251700192479687,-0.433632843967313,0.5703526287529982,0.029101674736435858,-2.345170660627782,-1.4281732875460393,-1.1363765729235598,-1.1812425085983786,50,thinai,Loamy soil
8925,-1.100063855269374,0.17449124089587287,-0.6043429600973992,1.114202454544477,0.27129407971252784,-0.4298536022741994,-0.1632569369964243,-0.013276447183046394,-2.340852013345047,-1.324673710245198,-1.171371881035994,-1.1229354381532717,50,thinai,Loamy soil
8976,-1.482290959360654,0.17449124089587287,-0.09597647149880119,-0.8975029591088394,-1.421341255177312,-0.4298536022741994,-0.45328862578107953,-0.44379326191473956,-2.2156112421457346,-1.2862310101048857,-1.083883610754908,-1.3087892251970499,50,thinai,Alluvial soil
8987,-1.100063855269374,0.17449124089587287,-0.6043429600973992,1.114202454544477,-1.1135893761064315,-0.4449705690466546,0.05853200148595931,-0.7527887071687124,-2.228567183993939,-1.4518303337862315,-1.5271575135124111,-0.9735235701376855,50,thinai,Loamy soil
9013,-1.291177407315014,0.17449124089587287,-0.6043429600973992,1.114202454544477,-0.9597134365709921,0.20127976047580787,0.09265337663709511,-0.9708536126749222,-2.310621482365902,-1.2862310101048857,-1.2296973945567182,-1.0281864486799732,53,varagu,Clay soil
9025,-1.291177407315014,0.17449124089587287,-0.6043429600973992,1.114202454544477,-0.9597134365709921,0.20127976047580787,0.12677475178823092,-0.16174019880825213,-2.3581266024759864,-1.4340875491060874,-1.171371881035994,-1.2067518519181129,53,varagu,Clay soil
9062,-1.291177407315014,0.17449124089587287,-0.09597647149880119,1.114202454544477,-0.3442096784292314,0.20127976047580787,0.07559268906152691,-1.0264222758541106,-2.4185876644342748,-1.3867734566257028,-1.3871762810626733,-1.1156470543476333,53,varagu,Clay soil
9068,-1.291177407315014,0.17449124089587287,-0.09597647149880119,1.114202454544477,-1.2674653156418723,0.20127976047580787,0.05853200148595931,-0.22432510733834854,-2.3365333660623118,-1.401559110525823,-1.183036983740139,-1.330654376613965,53,varagu,Clay soil
9085,-1.291177407315014,0.17449124089587287,-0.6043429600973992,1.114202454544477,-0.8058374970355525,0.20127976047580787,0.3656243778461821,-0.36914041138108244,-2.2458417731248788,-1.4163447644259433,-1.538822616216556,-1.1630215490842828,53,varagu,Clay soil
9094,-1.291177407315014,0.17449124089587287,-0.09597647149880119,1.114202454544477,-1.729093134248192,0.20127976047580787,0.041471313910391105,-0.2773679221912103,-2.2890282459522275,-1.2921452716649338,-1.095548713459053,-1.1375122057645486,53,varagu,Clay soil
9107,-1.291177407315014,0.17449124089587287,-0.6043429600973992,1.114202454544477,-1.1135893761064315,0.20127976047580787,0.26326025239277473,-0.38794394892151474,-2.3019841878004326,-1.31875944868515,-1.3405158702460942,-1.1703099328899211,53,varagu,Clay soil
9122,-1.291177407315014,0.17449124089587287,-0.09597647149880119,1.114202454544477,-1.5752171947127527,0.20127976047580787,0.26326025239277473,-0.5521240901327537,-2.310621482365902,-1.407473372085871,-1.4921622053999766,-1.1520889733758253,53,varagu,Clay soil
9190,-1.291177407315014,0.17449124089587287,-0.09597647149880119,1.114202454544477,-0.6519615575001118,0.20127976047580787,0.22913887724163892,-1.0151962832926584,-2.254479067690349,-1.407473372085871,-1.4338366918792524,-1.1630215490842828,53,varagu,Clay soil
9212,-1.291177407315014,0.17449124089587287,-0.09597647149880119,1.114202454544477,-0.49808561796467227,0.20127976047580787,0.16089612693936672,-0.697220043989524,-2.314940129648637,-1.3424164949253423,-1.5271575135124111,-1.1958192762096556,53,varagu,Clay soil
9249,-1.291177407315014,0.17449124089587287,-0.6043429600973992,1.114202454544477,-0.6519615575001118,0.20127976047580787,0.3485636902706145,-0.9079880543307898,-2.2156112421457346,-1.401559110525823,-1.2588601513170803,-1.0318306405827924,53,varagu,Clay soil
9293,-1.291177407315014,0.17449124089587287,-0.6043429600973992,1.114202454544477,-0.6519615575001118,0.20127976047580787,0.22913887724163892,-0.5375302998028659,-2.375401191606926,-1.3069309255650539,-1.381343729710601,-1.08649351912508,53,varagu,Clay soil
9296,-1.291177407315014,0.17449124089587287,-0.09597647149880119,1.114202454544477,-1.5752171947127527,0.20127976047580787,0.38268506542175035,-0.6789778060771641,-2.284709598669493,-1.2921452716649338,-1.11304636751527,-1.1083586705419952,53,varagu,Clay soil
9391,-1.291177407315014,0.17449124089587287,-0.6043429600973992,1.114202454544477,-1.2674653156418723,0.20127976047580787,0.2461995648172065,-0.5428626462695557,-2.284709598669493,-1.2241312637243809,-1.6029806810893525,-1.0536957919997074,53,varagu,Clay soil
9394,-1.291177407315014,0.17449124089587287,-0.09597647149880119,1.114202454544477,-1.2674653156418723,0.20127976047580787,0.17795681451493492,-0.48448748495000393,-2.3840384861723956,-1.2359597868444772,-1.1888695350922114,-1.1120028624448142,53,varagu,Clay soil
9400,-1.291177407315014,0.17449124089587287,-0.09597647149880119,1.114202454544477,-0.8058374970355525,0.20127976047580787,0.1950175020905025,-0.8243544097479704,-2.224248536711204,-1.3453736257053663,-1.4280041405271802,-1.0573399839025266,53,varagu,Clay soil
9409,-1.291177407315014,0.17449124089587287,-0.6043429600973992,1.114202454544477,-0.3442096784292314,0.20127976047580787,0.3656243778461821,-0.05116417207794769,-2.310621482365902,-1.4547874645662555,-1.5854830270331353,-1.1484447814730059,53,varagu,Clay soil
9419,-1.291177407315014,0.17449124089587287,-0.6043429600973992,1.114202454544477,-0.3442096784292314,0.20127976047580787,0.1950175020905025,-0.7224785272527915,-2.310621482365902,-1.2803167485448377,-1.2588601513170803,-1.2359053871406662,53,varagu,Clay soil
9429,-1.291177407315014,0.17449124089587287,-0.6043429600973992,1.114202454544477,-1.421341255177312,0.20127976047580787,0.07559268906152691,-1.0441032141383981,-2.2631163622558184,-1.3483307564853904,-1.2471950486129355,-1.210396043820932,53,varagu,Clay soil
9434,-1.291177407315014,0.17449124089587287,-0.09597647149880119,1.114202454544477,-1.1135893761064315,0.20127976047580787,0.1438354393637991,-0.6214445941997214,-2.409950369868805,-1.31875944868515,-1.4046739351188906,-1.188530892404017,53,varagu,Clay soil
9465,-1.291177407315014,0.17449124089587287,-0.6043429600973992,1.114202454544477,-1.5752171947127527,0.20127976047580787,0.1097140642126627,-0.04976092300776616,-2.2674350095385534,-1.3926877181857509,-1.253027599965008,-1.2395495790434854,53,varagu,Clay soil
9488,-1.291177407315014,0.17449124089587287,-0.09597647149880119,1.114202454544477,-0.6519615575001118,0.20127976047580787,0.3656243778461821,-0.7780471904319799,-2.2501604204076138,-1.4607017261263038,-1.6088132324414248,-1.2322611952378473,53,varagu,Clay soil
9494,-1.291177407315014,0.17449124089587287,-0.09597647149880119,1.114202454544477,-1.1135893761064315,0.20127976047580787,0.041471313910391105,-0.4378996158199774,-2.2156112421457346,-1.490273033926544,-1.1655393296839218,-1.068272559610984,53,varagu,Clay soil
9563,-1.291177407315014,0.17449124089587287,-0.6043429600973992,1.114202454544477,-0.6519615575001118,0.20127976047580787,0.2461995648172065,-0.07109030887452547,-2.2631163622558184,-1.50210155704664,-1.3638460756543838,-1.1375122057645486,53,varagu,Clay soil
9610,-1.291177407315014,0.17449124089587287,-0.09597647149880119,1.114202454544477,-1.1135893761064315,0.20127976047580787,0.17795681451493492,-0.15837240103981667,-2.3883571334551306,-1.3453736257053663,-1.3171856648378044,-1.13022382195891,53,varagu,Clay soil
9614,-1.291177407315014,0.17449124089587287,-0.09597647149880119,1.114202454544477,-1.5752171947127527,0.20127976047580787,0.17795681451493492,-0.7508241584704585,-2.3322147187795768,-1.4252161567660153,-1.538822616216556,-1.2650589223632198,53,varagu,Clay soil
9619,-1.291177407315014,0.17449124089587287,-0.6043429600973992,1.114202454544477,-0.49808561796467227,0.20127976047580787,0.09265337663709511,-0.030676735653297486,-2.345170660627782,-1.4400018106661354,-1.2413624972608632,-1.1958192762096556,53,varagu,Clay soil
9665,-1.291177407315014,0.17449124089587287,-0.6043429600973992,1.114202454544477,-1.729093134248192,0.20127976047580787,0.38268506542175035,-0.8066734714636833,-2.280390951386758,-1.4045162413058472,-1.2121997405005012,-1.0026771053602388,53,varagu,Clay soil
9672,-1.291177407315014,0.17449124089587287,-0.09597647149880119,1.114202454544477,-1.1135893761064315,0.20127976047580787,0.05853200148595931,-1.011828485524223,-2.241523125842144,-1.2832738793248617,-1.4629994486396145,-1.2176844276265704,53,varagu,Clay soil
9687,-1.291177407315014,0.17449124089587287,-0.6043429600973992,1.114202454544477,-0.8058374970355525,0.20127976047580787,0.3656243778461821,-0.4000118909250761,-2.2501604204076138,-1.3631164103855105,-1.5096598594561939,-0.9844561458461429,53,varagu,Clay soil
9689,-1.291177407315014,0.17449124089587287,-0.6043429600973992,1.114202454544477,-1.729093134248192,0.20127976047580787,0.31444231511947873,-1.0020057420329522,-2.2890282459522275,-1.3808591950656548,-1.538822616216556,-1.1411563976673678,53,varagu,Clay soil
9751,-1.291177407315014,0.17449124089587287,-0.6043429600973992,1.114202454544477,-1.421341255177312,0.20127976047580787,0.38268506542175035,-0.2428479950647448,-2.3969944280206,-1.230045525284429,-1.5038273081041216,-1.0792051353194416,53,varagu,Clay soil
9765,-1.291177407315014,0.17449124089587287,-0.6043429600973992,1.114202454544477,-0.49808561796467227,0.20127976047580787,0.3485636902706145,-0.9304400394536942,-2.232885831276674,-1.5050586878266643,-1.6088132324414248,-1.166665740987102,53,varagu,Clay soil
9783,-1.291177407315014,0.17449124089587287,-0.6043429600973992,1.114202454544477,-0.49808561796467227,0.20127976047580787,0.2461995648172065,-0.9587856706713609,-2.345170660627782,-1.478444510806448,-1.1188789188673425,-1.2213286195293895,53,varagu,Clay soil
9866,-1.291177407315014,0.17449124089587287,-0.09597647149880119,1.114202454544477,-0.49808561796467227,0.20127976047580787,0.22913887724163892,-0.03011543602522475,-2.254479067690349,-1.4932301647065682,-1.124711470219415,-1.0719167515138033,53,varagu,Clay soil
9945,-1.291177407315014,0.17449124089587287,-0.6043429600973992,1.114202454544477,-1.2674653156418723,0.20127976047580787,0.1950175020905025,-0.9977959948224077,-2.375401191606926,-1.2537025715246213,-1.1655393296839218,-1.1557331652786444,53,varagu,Clay soil
9957,-1.291177407315014,0.17449124089587287,-0.6043429600973992,1.114202454544477,-0.49808561796467227,0.20127976047580787,0.3656243778461821,-0.0028924040637032683,-2.2458417731248788,-1.2891881408849095,-1.2471950486129355,-1.210396043820932,53,varagu,Clay soil
9958,-1.291177407315014,0.17449124089587287,-0.09597647149880119,1.114202454544477,-0.3442096784292314,0.20127976047580787,0.31444231511947873,-0.7278108737194813,-2.4272249589997448,-1.4518303337862315,-1.2996880107815874,-1.08649351912508,53,varagu,Clay soil
9979,-1.291177407315014,0.17449124089587287,-0.6043429600973992,1.114202454544477,-0.19033373889379193,0.20127976047580787,0.3485636902706145,-0.4606322507569179,-2.3322147187795768,-1.4163447644259433,-1.5854830270331353,-1.2431937709463048,53,varagu,Clay soil
9983,-1.291177407315014,0.17449124089587287,-0.6043429600973992,1.114202454544477,-0.9597134365709921,0.20127976047580787,0.09265337663709511,-0.05256742114812922,-2.4185876644342748,-1.4547874645662555,-1.5038273081041216,-1.0026771053602388,53,varagu,Clay soil
10009,-1.100063855269374,0.17449124089587287,-0.6043429600973992,1.114202454544477,-0.49808561796467227,-0.42418473973452847,-0.8115630648680069,-0.144059260523965,-2.319258776931372,-0.6770620694199346,-1.59714812973728,-0.7184301369403431,28,kudiraivali,Loamy soil
10041,-1.100063855269374,0.17449124089587287,-0.6043429600973992,1.114202454544477,-1.421341255177312,-0.5621270615331829,-0.8115630648680069,-0.9526113747625623,-2.323577424214107,-1.0940175094033235,-0.6989352215181287,-0.6819882179121513,28,kudiraivali,Loamy soil
10095,-1.100063855269374,0.17449124089587287,-0.6043429600973992,1.114202454544477,-1.1135893761064315,-0.6452703787816867,-0.8115630648680069,-0.7014297912000685,-2.254479067690349,-0.7598617312606075,-0.6639399134056946,-0.6929207936206087,28,kudiraivali,Loamy soil
10107,-1.100063855269374,0.17449124089587287,-0.6043429600973992,1.114202454544477,-0.8058374970355525,-0.4922110902105773,-0.8115630648680069,-1.0261416260400742,-2.379719838889661,-1.0407891553628907,-1.3871762810626733,-0.9297932673038553,28,kudiraivali,Loamy soil
10143,-1.100063855269374,0.17449124089587287,-0.6043429600973992,1.114202454544477,0.27129407971252784,-0.475204502591565,-0.8115630648680069,-0.26109023297710465,-2.340852013345047,-0.8781469624615689,-1.2121997405005012,-1.0208980648743347,28,kudiraivali,Loamy soil
10149,-1.100063855269374,0.17449124089587287,-0.6043429600973992,1.114202454544477,-1.5752171947127527,-0.6301534120092315,-0.8115630648680069,-0.9537339740187075,-2.2674350095385534,-1.0644462016030831,-0.7514281836867808,-0.7694488235798115,28,kudiraivali,Loamy soil
10156,-1.100063855269374,0.17449124089587287,-0.09597647149880119,1.114202454544477,-0.49808561796467227,-0.5980298576177641,-0.8115630648680069,-0.764295349544201,-2.2717536568212884,-0.9698180166423139,-1.4746645513437595,-0.6200369555642251,28,kudiraivali,Loamy soil
10214,-1.100063855269374,0.17449124089587287,-0.09597647149880119,1.114202454544477,-1.1135893761064315,-0.6339326537023454,-0.8115630648680069,-0.6916070477087979,-2.2156112421457346,-0.884061224021617,-0.856414108024084,-1.2431937709463048,28,kudiraivali,Loamy soil
10232,-1.100063855269374,0.17449124089587287,-0.09597647149880119,1.114202454544477,-0.036457799358352465,-0.5224450237554877,-0.8115630648680069,-0.9904990996574636,-2.3840384861723956,-1.0082607167826263,-0.6522748107015496,-0.9297932673038553,28,kudiraivali,Loamy soil
10274,-1.100063855269374,0.17449124089587287,-0.09597647149880119,1.114202454544477,-1.421341255177312,-0.6263741703161176,-0.8115630648680069,-0.378121205430244,-2.3365333660623118,-1.0230463706827464,-1.5271575135124111,-0.7512278640657156,28,kudiraivali,Loamy soil
10276,-1.100063855269374,0.17449124089587287,-0.09597647149880119,1.114202454544477,-1.5752171947127527,-0.4449705690466546,-0.8115630648680069,-1.0853587368017348,-2.254479067690349,-0.6681906770798623,-0.8097536972075049,-1.228617003335028,28,kudiraivali,Loamy soil
10296,-1.100063855269374,0.17449124089587287,-0.09597647149880119,1.114202454544477,-0.49808561796467227,-0.6358222745489022,-0.8115630648680069,-0.2745614240508472,-2.401313075303335,-1.1975170867041647,-1.3638460756543838,-0.7767372073854499,28,kudiraivali,Loamy soil
10298,-1.100063855269374,0.17449124089587287,-0.09597647149880119,1.114202454544477,-1.729093134248192,-0.5318931279882723,-0.8115630648680069,-0.9321239383379117,-2.409950369868805,-0.9993893244425543,-1.6379759892017869,-0.6419021069811403,28,kudiraivali,Loamy soil
10322,-1.100063855269374,0.17449124089587287,-0.09597647149880119,1.114202454544477,-0.8058374970355525,-0.3240348348670124,-0.8115630648680069,-0.5321979533361759,-2.241523125842144,-0.8160472160810641,-1.1188789188673425,-1.3270101847111457,28,kudiraivali,Loamy soil
10335,-1.100063855269374,0.17449124089587287,-0.6043429600973992,1.114202454544477,-0.49808561796467227,-0.5772440283056381,-0.8115630648680069,-0.2507061898577612,-2.276072304104023,-0.8544899162213766,-0.6639399134056946,-0.7293627126488005,28,kudiraivali,Loamy soil
10339,-1.100063855269374,0.17449124089587287,-0.6043429600973992,1.114202454544477,0.11741814017708838,-0.35615838925847987,-0.8115630648680069,-0.2776485720052467,-2.40563172258607,-0.6356622384995981,-0.9380698269530977,-1.3197218009055074,28,kudiraivali,Loamy soil
10348,-1.100063855269374,0.17449124089587287,-0.09597647149880119,1.114202454544477,0.4251700192479687,-0.5829128908453088,-0.8115630648680069,-0.09999723972026485,-2.401313075303335,-0.9225039241619294,-1.4105064864709629,-0.6528346826895977,28,kudiraivali,Loamy soil
10374,-1.100063855269374,0.17449124089587287,-0.09597647149880119,1.114202454544477,-0.9597134365709921,-0.6282637911626747,-0.8115630648680069,-0.6812230045894544,-2.3883571334551306,-1.0141749783426746,-1.2938554594295149,-0.7257185207459812,28,kudiraivali,Loamy soil
10399,-1.100063855269374,0.17449124089587287,-0.6043429600973992,1.114202454544477,-1.421341255177312,-0.3996196687292887,-0.8115630648680069,-0.6725228603543288,-2.2631163622558184,-0.8781469624615689,-1.352180972950239,-1.2832798818773157,28,kudiraivali,Loamy soil
10403,-1.100063855269374,0.17449124089587287,-0.6043429600973992,1.114202454544477,-1.729093134248192,-0.5413412322210568,-0.8115630648680069,-0.2591256842788504,-2.237204478559409,-1.1413316018837079,-1.5913155783852078,-0.9662351863320471,28,kudiraivali,Loamy soil
10409,-1.100063855269374,0.17449124089587287,-0.6043429600973992,1.114202454544477,-0.036457799358352465,-0.2786839345496468,-0.8115630648680069,-0.127500921495823,-2.4272249589997448,-0.9106754010418333,-1.3463484215981665,-0.6965649855234279,28,kudiraivali,Loamy soil
10437,-1.100063855269374,0.17449124089587287,-0.6043429600973992,1.114202454544477,0.5790459587834081,-0.47331488174500824,-0.8115630648680069,-0.5366883503607569,-2.379719838889661,-1.2123027406042848,-1.153874226979777,-1.305145033294231,28,kudiraivali,Loamy soil
10506,-1.100063855269374,0.17449124089587287,-0.09597647149880119,1.114202454544477,-1.1135893761064315,-0.40906777296207325,-0.8115630648680069,-0.06800316092012604,-2.3969944280206,-1.1709029096839483,-1.4163390378230354,-0.6309695312726828,28,kudiraivali,Loamy soil
10511,-1.100063855269374,0.17449124089587287,-0.6043429600973992,1.114202454544477,-1.5752171947127527,-0.3315933182532401,-0.8115630648680069,-0.26950972739819384,-2.3322147187795768,-0.9165896626018815,-1.5913155783852078,-1.1411563976673678,28,kudiraivali,Loamy soil
10590,-1.100063855269374,0.17449124089587287,-0.09597647149880119,1.114202454544477,-0.9597134365709921,-0.5148865403692603,-0.8115630648680069,-0.1841921839311566,-2.2501604204076138,-0.892932616361689,-1.28219035672537,-0.9480142268179512,28,kudiraivali,Loamy soil
10604,-1.100063855269374,0.17449124089587287,-0.09597647149880119,1.114202454544477,0.11741814017708838,-0.5337827488348293,-0.8115630648680069,-0.24733839208932543,-2.371082544324191,-1.1827314328040446,-1.171371881035994,-1.2431937709463048,28,kudiraivali,Loamy soil
10619,-1.100063855269374,0.17449124089587287,-0.6043429600973992,1.114202454544477,-0.9597134365709921,-0.6452703787816867,-0.8115630648680069,-0.7713115948951087,-2.284709598669493,-0.892932616361689,-1.6438085405538594,-1.1593773571814636,28,kudiraivali,Loamy soil
10661,-1.100063855269374,0.17449124089587287,-0.6043429600973992,1.114202454544477,-0.036457799358352465,-0.5300035071417154,-0.8115630648680069,-0.28410351772808157,-2.319258776931372,-0.9964321936625302,-0.9555674810093149,-0.8751303887615676,28,kudiraivali,Loamy soil
10678,-1.100063855269374,0.17449124089587287,-0.09597647149880119,1.114202454544477,0.4251700192479687,-0.37316497687749217,-0.8115630648680069,-0.13283326796251277,-2.237204478559409,-0.8988468779217371,-1.2063671891484287,-0.6892766017177895,28,kudiraivali,Loamy soil
10696,-1.100063855269374,0.17449124089587287,-0.09597647149880119,1.114202454544477,-0.9597134365709921,-0.6452703787816867,-0.8115630648680069,-0.8860973688359577,-2.3969944280206,-0.7273332926803431,-0.8972419674885911,-1.2031076600152937,28,kudiraivali,Loamy soil
10702,-1.100063855269374,0.17449124089587287,-0.09597647149880119,1.114202454544477,-0.8058374970355525,-0.4185158771948578,-0.8115630648680069,-0.9164075487518789,-2.254479067690349,-1.058531940043035,-1.381343729710601,-1.2067518519181129,28,kudiraivali,Loamy soil
10718,-1.100063855269374,0.17449124089587287,-0.09597647149880119,1.114202454544477,-1.2674653156418723,-0.3977300478827319,-0.8115630648680069,-0.2608095831630683,-2.232885831276674,-0.9313753165020016,-1.253027599965008,-1.144800589570187,28,kudiraivali,Loamy soil
10737,-1.100063855269374,0.17449124089587287,-0.6043429600973992,1.114202454544477,-1.729093134248192,-0.6414911370885729,-0.8115630648680069,-0.9065848052606083,-2.232885831276674,-0.9757322782023621,-1.3463484215981665,-0.7949581668995458,28,kudiraivali,Loamy soil
10740,-1.100063855269374,0.17449124089587287,-0.09597647149880119,1.114202454544477,-0.19033373889379193,-0.4770941234381221,-0.8115630648680069,-0.7957281287162674,-2.340852013345047,-0.7214190311202952,-0.5356237836601014,-1.3270101847111457,28,kudiraivali,Loamy soil
10752,-1.100063855269374,0.17449124089587287,-0.09597647149880119,1.114202454544477,0.5790459587834081,-0.6358222745489022,-0.8115630648680069,-0.21281846496285994,-2.310621482365902,-0.6977619848801027,-0.926404724248953,-1.1557331652786444,28,kudiraivali,Loamy soil
10863,-1.100063855269374,0.17449124089587287,-0.6043429600973992,1.114202454544477,-0.9597134365709921,-0.5148865403692603,-0.8115630648680069,-0.5192880618905061,-2.3538079551932514,-0.8367471315412324,-0.62894460529326,-0.7220743288431622,28,kudiraivali,Loamy soil
10868,-1.100063855269374,0.17449124089587287,-0.09597647149880119,1.114202454544477,-1.2674653156418723,-0.3089178680945572,-0.8115630648680069,-0.5030103726764001,-2.314940129648637,-0.8337900007612083,-1.013892994530039,-1.04276321629125,28,kudiraivali,Loamy soil
10878,-1.100063855269374,0.17449124089587287,-0.09597647149880119,1.114202454544477,0.11741814017708838,-0.5526789573003984,-0.8115630648680069,-0.39383759501627724,-2.3365333660623118,-1.2063884790442367,-0.6931026701660566,-0.6455462988839594,28,kudiraivali,Loamy soil
10900,-1.100063855269374,0.17449124089587287,-0.09597647149880119,1.114202454544477,-0.3442096784292314,-0.29946976386177265,-0.8115630648680069,-0.9046202565623539,-2.375401191606926,-0.8781469624615689,-0.9497349296572426,-0.6601230664952361,28,kudiraivali,Loamy soil
10913,-1.100063855269374,0.17449124089587287,-0.6043429600973992,1.114202454544477,-0.6519615575001118,-0.4487498107397685,-0.8115630648680069,-0.13143001889233125,-2.2631163622558184,-0.6948048541000789,-1.0663859566986909,-1.0828493272222608,28,kudiraivali,Loamy soil
11058,-0.7178367511780939,1.4177413322789671,1.4291229942969927,-0.8975029591088394,0.27129407971252784,-0.7416410419560892,-0.7603810021413029,-0.1875599816995924,-2.327896071496842,-1.5553299110870726,-0.8914094161365186,-0.7147859450375238,8,blackgram,Sandy soil
11061,1.5755258733695863,1.4177413322789671,1.4291229942969927,1.114202454544477,1.5023015959960477,-0.6887316582524955,1.1162946311711728,0.1363099036983045,-2.3365333660623118,-1.5819440881072893,-1.013892994530039,-1.0974260948335375,8,blackgram, cotton soil
11076,-0.7178367511780939,1.4177413322789671,1.4291229942969927,-0.8975029591088394,1.6561775355314885,-0.6717250706334835,0.7580201920842453,0.2729863631339856,-2.3322147187795768,-1.230045525284429,-1.1363765729235598,-0.7074975612318853,8,blackgram,Sandy soil
11153,1.5755258733695863,1.4177413322789671,1.9374894828955906,1.114202454544477,0.7329218983188477,-0.7170759709508492,2.7541206384256967,-0.23498980027172803,-2.323577424214107,-1.7741575888088514,-0.9788976864176047,-0.8897071563728443,8,blackgram, cotton soil
11176,-0.7178367511780939,1.4177413322789671,-1.1127094486959972,-0.8975029591088394,0.5790459587834081,-0.7397514211095321,0.8433236299620851,0.18710752003887593,-2.3063028350831676,-1.244831179184549,-1.2996880107815874,-1.1630215490842828,8,blackgram,Sandy soil
11210,-0.7178367511780939,1.4177413322789671,1.9374894828955906,-0.8975029591088394,1.3484256564606083,-0.6773939331731542,2.2764213863097944,-0.666067914631494,-2.314940129648637,-1.401559110525823,-0.8622466593761565,-1.330654376613965,8,blackgram,Sandy soil
11225,1.5755258733695863,1.4177413322789671,1.9374894828955906,1.114202454544477,0.11741814017708838,-0.6830627957128249,0.502109878450726,0.037521169157525035,-2.2976655405176976,-1.8066860273891157,-0.8039211458554324,-1.210396043820932,8,blackgram, cotton soil
11279,1.5755258733695863,1.4177413322789671,1.9374894828955906,1.114202454544477,0.7329218983188477,-0.6944005207921665,-0.6238955015367591,0.2631636196427149,-2.323577424214107,-1.564201303427145,-1.2996880107815874,-1.1994634681124745,8,blackgram, cotton soil
11288,-0.7178367511780939,1.4177413322789671,1.9374894828955906,-0.8975029591088394,-0.036457799358352465,-0.6566081038610283,1.3722049448046916,-0.07052900924645274,-2.314940129648637,-1.3098880563450779,-1.4513343459354697,-1.228617003335028,8,blackgram,Sandy soil
11292,-0.7178367511780939,1.4177413322789671,1.4291229942969927,-0.8975029591088394,0.11741814017708838,-0.7321929377233046,1.4233870075313961,-0.731178671487917,-2.3322147187795768,-1.5287157340668565,-1.2296973945567182,-0.6419021069811403,8,blackgram,Sandy soil
11329,1.5755258733695863,1.4177413322789671,-1.1127094486959972,1.114202454544477,0.4251700192479687,-0.7265240751836337,2.259360698734226,-0.6413707309962992,-2.319258776931372,-1.33354510258527,-0.8097536972075049,-0.7366510964544389,8,blackgram, cotton soil
11373,1.5755258733695863,1.4177413322789671,1.4291229942969927,1.114202454544477,0.7329218983188477,-0.6490496204748005,-0.0438321239674487,0.2317308404706485,-2.3019841878004326,-1.7150149732083708,-1.043055751290401,-0.7548720559685348,8,blackgram, cotton soil
11405,1.5755258733695863,1.4177413322789671,1.9374894828955906,1.114202454544477,1.1945497169251689,-0.7000693833318371,0.07559268906152691,0.2073143066494901,-2.327896071496842,-1.8066860273891157,-0.9205721728968805,-0.7184301369403431,8,blackgram, cotton soil
11436,-0.7178367511780939,1.4177413322789671,1.4291229942969927,-0.8975029591088394,0.11741814017708838,-0.6773939331731542,0.21207818966607073,-0.5678404797187869,-2.314940129648637,-1.3542450180454384,-0.8972419674885911,-0.9553026106235897,8,blackgram,Sandy soil
11452,-0.7178367511780939,1.4177413322789671,-1.1127094486959972,-0.8975029591088394,0.5790459587834081,-0.7076278667180647,2.7029385756989934,-0.06884511036223515,-2.323577424214107,-1.2359597868444772,-1.626310886497642,-0.8350442778305566,8,blackgram,Sandy soil
11463,1.5755258733695863,1.4177413322789671,1.4291229942969927,1.114202454544477,1.5023015959960477,-0.7151863501042923,-0.0438321239674487,0.19272051631960205,-2.3063028350831676,-1.5464585187470006,-1.3055205621336596,-1.166665740987102,8,blackgram, cotton soil
11509,1.5755258733695863,1.4177413322789671,-1.1127094486959972,1.114202454544477,0.7329218983188477,-0.7397514211095321,0.17795681451493492,0.007210989241603807,-2.3019841878004326,-1.5996868727874332,-1.497994756752049,-0.9188606915953978,8,blackgram, cotton soil
11515,1.5755258733695863,1.4177413322789671,-1.1127094486959972,1.114202454544477,-0.19033373889379193,-0.7114071084111785,1.2698408193512847,0.036959869529452294,-2.3322147187795768,-1.413387633645919,-1.323018216189877,-0.6856324098149705,8,blackgram, cotton soil
11525,1.5755258733695863,1.4177413322789671,1.9374894828955906,1.114202454544477,0.5790459587834081,-0.703848625024951,1.508690445409236,0.07428629479628085,-2.314940129648637,-1.667700880727986,-0.5239586809559564,-0.6127485717585869,8,blackgram, cotton soil
11539,1.5755258733695863,1.4177413322789671,-1.1127094486959972,1.114202454544477,1.0406737773897279,-0.7303033168767475,2.907666826605808,-0.6354770849015366,-2.310621482365902,-1.230045525284429,-0.827251351263722,-0.7220743288431622,8,blackgram, cotton soil
11549,1.5755258733695863,1.4177413322789671,1.9374894828955906,1.114202454544477,0.27129407971252784,-0.7340825585698614,0.0073499387592553065,-0.3612822165880657,-2.310621482365902,-1.6706580115080103,-1.142209124275632,-0.6856324098149705,8,blackgram, cotton soil
11588,-0.7178367511780939,1.4177413322789671,1.9374894828955906,-0.8975029591088394,0.4251700192479687,-0.703848625024951,0.024410626334822903,-0.27203557572452053,-2.3322147187795768,-1.2625739638646933,-1.3405158702460942,-1.2359053871406662,8,blackgram,Sandy soil
11662,-0.7178367511780939,1.4177413322789671,-1.1127094486959972,-0.8975029591088394,0.7329218983188477,-0.701959004178394,1.8499041969205952,-0.7314593213019531,-2.3322147187795768,-1.7682433272488032,-1.381343729710601,-0.9261490754010362,8,blackgram,Sandy soil
11667,1.5755258733695863,1.4177413322789671,1.4291229942969927,1.114202454544477,0.8867978378542885,-0.6603873455541419,2.378785511763202,-0.26137088279114074,-2.3365333660623118,-1.7357148886685387,-1.352180972950239,-1.0828493272222608,8,blackgram, cotton soil
11681,1.5755258733695863,1.4177413322789671,1.9374894828955906,1.114202454544477,-0.19033373889379193,-0.7265240751836337,2.4299675744899054,-0.5249010581712322,-2.323577424214107,-1.6410867037077699,-0.815586248559577,-0.9115723077897594,8,blackgram, cotton soil
11684,-0.7178367511780939,1.4177413322789671,1.9374894828955906,-0.8975029591088394,0.8867978378542885,-0.6641665872472557,1.611054570862644,-0.40169578980929366,-2.314940129648637,-1.312845187125102,-1.439669243231325,-1.2796356899744965,8,blackgram,Sandy soil
11753,1.5755258733695863,1.4177413322789671,1.9374894828955906,1.114202454544477,0.7329218983188477,-0.7132967292577356,0.43386712814845435,-0.4089926849742377,-2.314940129648637,-1.6943150577482025,-1.5213249621603386,-0.6528346826895977,8,blackgram, cotton soil
11758,-0.7178367511780939,1.4177413322789671,-1.1127094486959972,-0.8975029591088394,1.1945497169251689,-0.7189655917974063,-0.6580168766878955,-0.7070427874807946,-2.310621482365902,-1.664743749947962,-0.8214187999116495,-1.2213286195293895,8,blackgram,Sandy soil
11764,-0.7178367511780939,1.4177413322789671,-1.1127094486959972,-0.8975029591088394,-0.036457799358352465,-0.743530662802646,0.6727167542064055,-0.3702630106372276,-2.340852013345047,-1.6795294038480821,-0.7805909404471428,-0.8241117021220992,8,blackgram,Sandy soil
11768,-0.7178367511780939,1.4177413322789671,1.9374894828955906,-0.8975029591088394,0.5790459587834081,-0.6736146914800403,0.9456877554154931,-0.7146203324597747,-2.323577424214107,-1.4459160722261835,-1.4105064864709629,-1.0974260948335375,8,blackgram,Sandy soil
11793,1.5755258733695863,1.4177413322789671,1.4291229942969927,1.114202454544477,0.5790459587834081,-0.679283554019711,0.5874133163285657,-0.16258214825036124,-2.323577424214107,-1.484358772366496,-1.1597067783318493,-1.2140402357237514,8,blackgram, cotton soil
11810,-0.7178367511780939,1.4177413322789671,1.9374894828955906,-0.8975029591088394,0.27129407971252784,-0.7378618002629753,0.21207818966607073,-0.6551225718840781,-2.340852013345047,-1.6351724421477216,-0.6114469512370426,-1.3197218009055074,8,blackgram,Sandy soil
11827,1.5755258733695863,1.4177413322789671,-1.1127094486959972,1.114202454544477,0.11741814017708838,-0.7303033168767475,1.4916297578336677,0.004123841287204379,-2.3365333660623118,-1.6795294038480821,-0.9672325837134597,-1.0391190243884307,8,blackgram, cotton soil
11828,-0.7178367511780939,1.4177413322789671,1.9374894828955906,-0.8975029591088394,1.8100534750669282,-0.7170759709508492,0.8092022548109493,0.04930846134704969,-2.310621482365902,-1.729800627108491,-0.5881167458287531,-0.9881003377489622,8,blackgram,Sandy soil
11835,1.5755258733695863,1.4177413322789671,1.4291229942969927,1.114202454544477,0.11741814017708838,-0.7076278667180647,2.174057260856386,-0.5327592529642486,-2.3365333660623118,-1.7623290656887551,-0.5064610268997394,-0.8204675102192799,8,blackgram, cotton soil
11895,1.5755258733695863,1.4177413322789671,1.4291229942969927,1.114202454544477,1.5023015959960477,-0.6698354497869264,2.4299675744899054,-0.7906764320636137,-2.340852013345047,-1.6795294038480821,-1.4105064864709629,-1.1411563976673678,8,blackgram, cotton soil
11908,-0.7178367511780939,1.4177413322789671,-1.1127094486959972,-0.8975029591088394,0.4251700192479687,-0.662276966400699,-0.4874100009322159,-0.11711687837647958,-2.3322147187795768,-1.5819440881072893,-1.0722185080507631,-1.0573399839025266,8,blackgram,Sandy soil
11910,-0.7178367511780939,1.4177413322789671,1.4291229942969927,-0.8975029591088394,1.3484256564606083,-0.6906212790990526,1.5939938832870757,-0.7440885629335868,-2.323577424214107,-1.2418740484045252,-0.7572607350388528,-0.6163927636614059,8,blackgram,Sandy soil
11911,1.5755258733695863,1.4177413322789671,-1.1127094486959972,1.114202454544477,1.6561775355314885,-0.6641665872472557,2.0034503851007064,-0.05621586873060139,-2.3019841878004326,-1.7623290656887551,-1.0080604431779667,-1.0901377110278991,8,blackgram, cotton soil
11977,1.5755258733695863,1.4177413322789671,-1.1127094486959972,1.114202454544477,1.6561775355314885,-0.7151863501042923,-0.5385920636589193,-0.02253789104624468,-2.2976655405176976,-1.496187295486592,-1.1480416756277045,-0.6346137231755018,8,blackgram, cotton soil
12061,0.8110716651870262,1.4177413322789671,1.4291229942969927,1.114202454544477,-0.036457799358352465,-0.17664440883557367,0.7409595045086778,0.2409922843338468,-0.2203961975222087,-1.48731590314652,-0.5297912323080289,-1.0318306405827924,24,greengram,sandy Loamy soil
12071,-0.9089503032237339,1.4177413322789671,-1.1127094486959972,1.114202454544477,0.5790459587834081,-0.17664440883557367,1.6622366335893475,-0.07137095868856184,-0.21175890295673877,-1.4725302492463999,-1.171371881035994,-0.6783440260093321,24,greengram,Sandy soil
12072,1.3844123213239463,1.4177413322789671,1.9374894828955906,-0.8975029591088394,0.4251700192479687,-0.17664440883557367,0.16089612693936672,0.16493618473000785,-0.08651813175742629,-1.5523727803070488,-1.1305440215714873,-1.0573399839025266,24,greengram,well-drained soil
12145,0.8110716651870262,1.4177413322789671,1.4291229942969927,1.114202454544477,0.8867978378542885,-0.17664440883557367,1.6451759460137791,0.13462600481408663,-0.22903349208767804,-1.726843496328467,-0.9030745188406631,-1.1083586705419952,24,greengram,sandy Loamy soil
12164,-0.9089503032237339,1.4177413322789671,-1.1127094486959972,-0.8975029591088394,-0.036457799358352465,-0.17664440883557367,1.2869015069268517,0.018717631617092414,-0.1253859573020407,-1.5375871264069287,-0.8039211458554324,-1.0755609434166225,24,greengram,Sandy soil
12180,1.3844123213239463,1.4177413322789671,1.9374894828955906,-0.8975029591088394,1.0406737773897279,-0.17664440883557367,0.22913887724163892,0.2342566887969752,-0.336999674156051,-1.8037288966090919,-0.5297912323080289,-0.9152164996925787,24,greengram,well-drained soil
12182,-0.9089503032237339,1.4177413322789671,-1.1127094486959972,-0.8975029591088394,-0.036457799358352465,-0.17664440883557367,0.8092022548109493,0.0001947438906961603,-0.17720972469485965,-1.422259025985991,-0.7630932863909253,-0.6819882179121513,24,greengram,Sandy soil
12200,-0.9089503032237339,1.4177413322789671,-1.1127094486959972,-0.8975029591088394,0.11741814017708838,-0.17664440883557367,1.5769331957115076,0.013104635336366294,-0.34995561600425557,-1.7002293193082505,-0.6697724647577666,-1.1848867005011978,24,greengram,Sandy soil
12214,0.8110716651870262,1.4177413322789671,1.4291229942969927,-0.8975029591088394,-0.036457799358352465,-0.17664440883557367,1.30396219450242,0.02825972529432675,-0.1599351355639198,-1.2891881408849095,-0.7164328755743462,-0.802246550705184,24,greengram,sandy Loamy soil
12251,-0.9089503032237339,1.4177413322789671,-1.1127094486959972,1.114202454544477,0.27129407971252784,-0.17664440883557367,1.3380835696535565,0.1890720687371302,-0.19016566654306424,-1.4340875491060874,-0.4831308214914498,-1.0609841758053458,24,greengram,Sandy soil
12254,-0.9089503032237339,1.4177413322789671,-1.1127094486959972,-0.8975029591088394,-0.19033373889379193,-0.17664440883557367,1.0992339435956047,0.21685640032672443,-0.1469791937157152,-1.4547874645662555,-0.9147396215448081,-1.1848867005011978,24,greengram,Sandy soil
12275,-0.9089503032237339,1.4177413322789671,-1.1127094486959972,1.114202454544477,1.1945497169251689,-0.17664440883557367,1.2015980690490127,0.1520262932843377,-0.41041667796254416,-1.567158434207169,-1.398841383766818,-1.2176844276265704,24,greengram,Sandy soil
12290,-0.9089503032237339,1.4177413322789671,-1.1127094486959972,-0.8975029591088394,-0.036457799358352465,-0.17664440883557367,0.6727167542064055,0.12452261150877986,-0.3888234415488696,-1.3719878027255827,-1.0780510594028356,-1.0354748324856116,24,greengram,Sandy soil
12317,-0.9089503032237339,1.4177413322789671,-1.1127094486959972,1.114202454544477,0.8867978378542885,-0.17664440883557367,1.628115258438211,0.30245459360779775,-0.24198943393588324,-1.7978146350490436,-0.7689258377429978,-1.2140402357237514,24,greengram,Sandy soil
12358,0.8110716651870262,1.4177413322789671,1.4291229942969927,-0.8975029591088394,1.0406737773897279,-0.17664440883557367,0.5874133163285657,-0.028150887326970797,-0.44064720894168863,-1.3779020642856306,-1.095548713459053,-0.7986023588023649,24,greengram,sandy Loamy soil
12364,0.8110716651870262,1.4177413322789671,1.4291229942969927,-0.8975029591088394,0.7329218983188477,-0.17664440883557367,0.55329194117743,-0.04948027319372979,-0.32404373230784606,-1.3276308410252222,-1.567985372976918,-1.0901377110278991,24,greengram,sandy Loamy soil
12367,0.8110716651870262,1.4177413322789671,1.4291229942969927,1.114202454544477,0.5790459587834081,-0.17664440883557367,1.3210228820779881,0.04425676469439631,-0.06492489534375176,-1.561244172647121,-1.2880229080774424,-1.0609841758053458,24,greengram,sandy Loamy soil
12370,0.8110716651870262,1.4177413322789671,1.4291229942969927,-0.8975029591088394,0.8867978378542885,-0.17664440883557367,0.6385953790552698,0.13911640183866758,-0.11674866273657075,-1.324673710245198,-1.5563202702727732,-0.6346137231755018,24,greengram,sandy Loamy soil
12401,-0.9089503032237339,1.4177413322789671,-1.1127094486959972,1.114202454544477,1.1945497169251689,-0.17664440883557367,1.3380835696535565,0.07625084349453512,-0.2074402556740035,-1.3424164949253423,-1.043055751290401,-0.7548720559685348,24,greengram,Sandy soil
12481,0.8110716651870262,1.4177413322789671,1.4291229942969927,1.114202454544477,-0.036457799358352465,-0.17664440883557367,0.928627067839925,0.22415329549166846,-0.22903349208767804,-1.7357148886685387,-0.9497349296572426,-0.8459768535390143,24,greengram,sandy Loamy soil
12488,-0.9089503032237339,1.4177413322789671,-1.1127094486959972,-0.8975029591088394,0.27129407971252784,-0.17664440883557367,0.979809130566629,0.0027205922170228493,-0.4363285616589536,-1.48731590314652,-0.5239586809559564,-0.6564788745924169,24,greengram,Sandy soil
12516,1.3844123213239463,1.4177413322789671,1.9374894828955906,-0.8975029591088394,0.11741814017708838,-0.17664440883557367,0.2461995648172065,0.21320795274425225,-0.4579217980726282,-1.7741575888088514,-0.5297912323080289,-0.7002091774262471,24,greengram,well-drained soil
12539,-0.9089503032237339,1.4177413322789671,-1.1127094486959972,1.114202454544477,0.8867978378542885,-0.17664440883557367,0.05853200148595931,0.22246939660745055,-0.1340232518675106,-1.673615142288034,-1.1947020864442839,-0.7512278640657156,24,greengram,Sandy soil
12542,-0.9089503032237339,1.4177413322789671,-1.1127094486959972,-0.8975029591088394,1.1945497169251689,-0.17664440883557367,0.7580201920842453,0.21152405386003467,-0.47951503448630267,-1.4607017261263038,-1.398841383766818,-0.9698793782348663,24,greengram,Sandy soil
12547,0.8110716651870262,1.4177413322789671,1.4291229942969927,1.114202454544477,0.5790459587834081,-0.17664440883557367,0.43386712814845435,0.13322275574390507,-0.33268102687331597,-1.2566597023046453,-1.468831999991687,-0.8751303887615676,24,greengram,sandy Loamy soil
12572,-0.9089503032237339,1.4177413322789671,-1.1127094486959972,-0.8975029591088394,0.27129407971252784,-0.17664440883557367,1.2357194442001485,0.054640807813739437,-0.16857243012938972,-1.6884007961881542,-1.28219035672537,-0.7585162478713541,24,greengram,Sandy soil
12597,1.3844123213239463,1.4177413322789671,1.9374894828955906,1.114202454544477,1.1945497169251689,-0.17664440883557367,0.7750808796598135,0.007210989241603807,-0.4838336817690376,-1.3572021488254624,-0.7280979782784908,-0.9881003377489622,24,greengram,well-drained soil
12621,1.3844123213239463,1.4177413322789671,1.9374894828955906,1.114202454544477,0.27129407971252784,-0.17664440883557367,1.4233870075313961,0.24043098470577406,-0.22903349208767804,-1.5139300801667361,-0.9730651350655322,-1.2650589223632198,24,greengram,well-drained soil
12632,-0.9089503032237339,1.4177413322789671,-1.1127094486959972,-0.8975029591088394,0.11741814017708838,-0.17664440883557367,0.4509278157240219,0.01787568217498362,-0.40177938339707453,-1.3512878872654144,-1.4163390378230354,-0.7986023588023649,24,greengram,Sandy soil
12638,-0.9089503032237339,1.4177413322789671,-1.1127094486959972,-0.8975029591088394,-0.036457799358352465,-0.17664440883557367,1.1845373814734443,0.28814145309194605,-0.07788083719195636,-1.4281732875460393,-0.9672325837134597,-1.046407408194069,24,greengram,Sandy soil
12649,0.8110716651870262,1.4177413322789671,1.4291229942969927,1.114202454544477,0.7329218983188477,-0.17664440883557367,0.3485636902706145,0.2227500464214869,-0.41041667796254416,-1.2773596177648134,-0.8330839026157945,-1.2614147304604006,24,greengram,sandy Loamy soil
12711,1.3844123213239463,1.4177413322789671,1.9374894828955906,1.114202454544477,1.1945497169251689,-0.17664440883557367,0.46798850329959013,0.06277965242079256,-0.47087773992083304,-1.750500542568659,-1.5446551675686284,-1.0391190243884307,24,greengram,well-drained soil
12781,0.8110716651870262,1.4177413322789671,1.4291229942969927,1.114202454544477,0.4251700192479687,-0.17664440883557367,0.43386712814845435,0.10964817136485545,-0.44928450350715854,-1.3779020642856306,-0.6581073620536221,-0.962590994429228,24,greengram,sandy Loamy soil
12804,1.3844123213239463,1.4177413322789671,1.9374894828955906,-0.8975029591088394,1.0406737773897279,-0.17664440883557367,0.3656243778461821,0.22331134604955935,-0.2679013176322924,-1.4163447644259433,-1.171371881035994,-0.9334374592066745,24,greengram,well-drained soil
12819,1.3844123213239463,1.4177413322789671,1.9374894828955906,1.114202454544477,-0.036457799358352465,-0.17664440883557367,0.46798850329959013,0.27354766276205805,-0.2938132013287016,-1.2655310946447174,-1.5446551675686284,-0.7840255911910882,24,greengram,well-drained soil
12827,-0.9089503032237339,1.4177413322789671,-1.1127094486959972,1.114202454544477,1.1945497169251689,-0.17664440883557367,0.5191705660262941,0.011701386266184765,-0.2894945540459669,-1.3690306719455585,-1.3580135243023115,-1.0063212972630582,24,greengram,Sandy soil
12840,1.3844123213239463,1.4177413322789671,1.9374894828955906,-0.8975029591088394,0.11741814017708838,-0.17664440883557367,0.09265337663709511,0.31199668728503205,-0.4147353252452791,-1.5109729493867121,-1.0547208539945458,-0.6601230664952361,24,greengram,well-drained soil
12913,0.8110716651870262,1.4177413322789671,1.4291229942969927,1.114202454544477,0.5790459587834081,-0.17664440883557367,0.16089612693936672,0.1685846323124797,-0.09515542632289622,-1.3601592796054867,-0.8214187999116495,-1.3087892251970499,24,greengram,sandy Loamy soil
12936,1.3844123213239463,1.4177413322789671,1.9374894828955906,-0.8975029591088394,-0.036457799358352465,-0.17664440883557367,0.3997457529973185,0.06811199888748232,-0.2333521393704133,-1.6174296574675775,-0.7922560431512874,-0.6273253393698636,24,greengram,well-drained soil
12963,1.3844123213239463,1.4177413322789671,1.9374894828955906,1.114202454544477,0.27129407971252784,-0.17664440883557367,1.082173256020037,-0.08736799808863108,-0.056287600778281835,-1.5257586032868324,-0.6756050161098391,-0.9480142268179512,24,greengram,well-drained soil
13019,0.8110716651870262,1.4177413322789671,1.4291229942969927,1.114202454544477,-1.1135893761064315,-0.5791336491521949,0.5703526287529982,-0.6034830061013978,-0.7040846931885179,-1.1147174248634917,-0.6931026701660566,-1.312433417099869,19,cowpea,sandy Loamy soil
13024,1.3844123213239463,1.4177413322789671,1.9374894828955906,-0.8975029591088394,-1.5752171947127527,-0.9173757806858815,-0.0779534991185845,-1.3559051575327339,-0.881149231780649,-1.3394593641453183,-1.538822616216556,-0.9953887215546006,19,cowpea,well-drained soil
13049,0.8110716651870262,1.4177413322789671,1.4291229942969927,1.114202454544477,-0.6519615575001118,-0.5148865403692603,0.28032093996834234,-0.8215479116076073,-0.8897865263461187,-0.7598617312606075,-1.5271575135124111,-1.1994634681124745,19,cowpea,sandy Loamy soil
13066,1.3844123213239463,1.4177413322789671,1.9374894828955906,-0.8975029591088394,-2.0368450133190725,-0.4374120856604269,0.17795681451493492,-0.9714149123029946,-0.790457638843216,-0.8515327854413526,-1.2413624972608632,-0.8277558940249184,19,cowpea,well-drained soil
13074,-0.8133935272009138,1.4177413322789671,-1.1127094486959972,-0.8975029591088394,-1.421341255177312,-0.5300035071417154,0.5362312536018617,-1.2091253047917458,-0.8725119372151791,-0.7687331236006797,-1.2705252540212253,-0.6564788745924169,19,cowpea,Sandy soil 
13097,0.8110716651870262,1.4177413322789671,1.4291229942969927,1.114202454544477,-0.9597134365709921,-0.5148865403692603,-0.7433203145657353,-1.0645906505630482,-0.790457638843216,-1.1679457789039243,-1.1772044323880666,-0.6601230664952361,19,cowpea,sandy Loamy soil
13171,1.3844123213239463,1.4177413322789671,1.9374894828955906,1.114202454544477,-2.190720952854512,-0.8947003305271986,0.48504919087515835,-0.7028330402702501,-0.8120508752568905,-1.2596168330846693,-0.8622466593761565,-0.8350442778305566,19,cowpea,well-drained soil
13177,1.3844123213239463,1.4177413322789671,1.9374894828955906,1.114202454544477,-1.8829690737836315,-0.39395080618961803,0.17795681451493492,-1.204634907767165,-0.786138991560481,-0.6622764155198144,-1.1888695350922114,-0.6856324098149705,19,cowpea,well-drained soil
13185,-0.8133935272009138,1.4177413322789671,-1.1127094486959972,1.114202454544477,-2.190720952854512,-0.5413412322210568,-0.6068348139611915,-0.8555065391060004,-0.7645457551468064,-1.3069309255650539,-0.9205721728968805,-1.0318306405827924,19,cowpea,Sandy soil 
13191,-0.8133935272009138,1.4177413322789671,-1.1127094486959972,1.114202454544477,-0.19033373889379193,-0.7189655917974063,0.1438354393637991,-0.6714002610981837,-0.8206881698223601,-1.410430502865895,-0.5181261296038844,-1.2614147304604006,19,cowpea,Sandy soil 
13279,1.3844123213239463,1.4177413322789671,1.9374894828955906,1.114202454544477,-1.729093134248192,-0.5583478198400691,-0.7433203145657353,-1.0354030699032726,-0.8293254643878301,-1.4193018952059673,-0.570619091772536,-0.8714861968587484,19,cowpea,well-drained soil
13324,1.3844123213239463,1.4177413322789671,1.9374894828955906,-0.8975029591088394,-0.6519615575001118,-0.7983296673527964,0.31444231511947873,-0.8063928216496469,-0.8466000535187695,-1.2951024024449578,-1.3930088324147458,-1.0937819029307183,19,cowpea,well-drained soil
13325,0.8110716651870262,1.4177413322789671,1.4291229942969927,1.114202454544477,-1.2674653156418723,-0.8890314679875279,0.33150300269504634,-1.2576777226200269,-0.734315224167662,-1.1975170867041647,-1.5096598594561939,-0.7658046316769923,19,cowpea,sandy Loamy soil
13351,1.3844123213239463,1.4177413322789671,1.9374894828955906,1.114202454544477,-2.0368450133190725,-0.9135965389927676,-0.11207487426972029,-0.7062008380386856,-0.7472711660158669,-0.9934750628825062,-1.11304636751527,-0.6601230664952361,19,cowpea,well-drained soil
13415,0.8110716651870262,1.4177413322789671,1.4291229942969927,1.114202454544477,-2.0368450133190725,-0.8984795722203125,0.09265337663709511,-0.6208832945716486,-0.781820344277746,-1.0526176784829868,-1.2180322918525734,-1.2832798818773157,19,cowpea,sandy Loamy soil
13486,1.3844123213239463,1.4177413322789671,1.9374894828955906,-0.8975029591088394,-0.49808561796467227,-0.5016591944433618,-0.7945023772924388,-0.707323437294831,-0.7990949334086855,-0.9284181857219775,-0.5006284755476669,-0.6892766017177895,19,cowpea,well-drained soil
13499,0.8110716651870262,1.4177413322789671,1.4291229942969927,1.114202454544477,-1.729093134248192,-0.887141847140971,0.43386712814845435,-0.7634534001020922,-0.8941051736288536,-0.9313753165020016,-1.0372231999383288,-0.9808119539433239,19,cowpea,sandy Loamy soil
13530,-0.8133935272009138,1.4177413322789671,-1.1127094486959972,-0.8975029591088394,-1.1135893761064315,-0.7491995253423166,-0.7603810021413029,-0.740440115351115,-0.8595559953669745,-0.7835187775007999,-0.7222654269264187,-1.0172538729715157,19,cowpea,Sandy soil 
13531,1.3844123213239463,1.4177413322789671,1.9374894828955906,1.114202454544477,-1.729093134248192,-0.8795833637547433,0.43386712814845435,-0.8330545539830959,-0.8034135806914205,-1.1235888172035637,-1.4163390378230354,-1.1848867005011978,19,cowpea,well-drained soil
13554,-0.8133935272009138,1.4177413322789671,-1.1127094486959972,-0.8975029591088394,-0.8058374970355525,-0.7491995253423166,-0.5215313760833518,-0.5970280603785626,-0.9027424681943236,-0.718461900340271,-1.381343729710601,-0.9735235701376855,19,cowpea,Sandy soil 
13555,1.3844123213239463,1.4177413322789671,1.9374894828955906,1.114202454544477,-1.1135893761064315,-0.5300035071417154,-0.45328862578107953,-0.9060235056325354,-0.9156984100425282,-0.9402467088420736,-0.6522748107015496,-0.6346137231755018,19,cowpea,well-drained soil
13558,1.3844123213239463,1.4177413322789671,1.9374894828955906,-0.8975029591088394,-0.49808561796467227,-0.5413412322210568,0.12677475178823092,-1.228490141960251,-0.7299965768849274,-0.718461900340271,-1.3580135243023115,-1.1192912462504527,19,cowpea,well-drained soil
13689,-0.8133935272009138,1.4177413322789671,-1.1127094486959972,1.114202454544477,-0.49808561796467227,-0.7718749755009996,-0.5556527512344875,-0.8731874773902876,-0.7299965768849274,-1.3779020642856306,-1.4746645513437595,-1.166665740987102,19,cowpea,Sandy soil 
13698,-0.8133935272009138,1.4177413322789671,-1.1127094486959972,-0.8975029591088394,-0.9597134365709921,-0.7775438380406703,-0.4191672506299437,-0.9281948409414036,-0.9027424681943236,-1.1709029096839483,-1.3755111783585285,-0.9990329134574197,19,cowpea,Sandy soil 
13722,-0.8133935272009138,1.4177413322789671,-1.1127094486959972,-0.8975029591088394,-1.421341255177312,-0.475204502591565,0.502109878450726,-0.8776778744148686,-0.8897865263461187,-1.4429589414461594,-1.1363765729235598,-1.068272559610984,19,cowpea,Sandy soil 
13735,1.3844123213239463,1.4177413322789671,1.9374894828955906,1.114202454544477,-0.3442096784292314,-0.6414911370885729,0.6897774417819738,-1.1577663888231018,-0.734315224167662,-1.2004742174841885,-1.4105064864709629,-1.2176844276265704,19,cowpea,well-drained soil
13756,1.3844123213239463,1.4177413322789671,1.9374894828955906,-0.8975029591088394,-1.5752171947127527,-0.7718749755009996,0.09265337663709511,-1.1218432126264546,-0.7256779296021924,-0.9313753165020016,-1.142209124275632,-0.9370816511094937,19,cowpea,well-drained soil
13758,-0.8133935272009138,1.4177413322789671,-1.1127094486959972,-0.8975029591088394,-0.6519615575001118,-0.7284136960301908,0.7409595045086778,-1.168992381384554,-0.786138991560481,-0.8722327009015209,-1.2763578053732976,-1.2504821547519431,19,cowpea,Sandy soil 
13763,0.8110716651870262,1.4177413322789671,1.4291229942969927,1.114202454544477,-0.9597134365709921,-0.7510891461888737,-0.6238955015367591,-1.1024783754579497,-0.9156984100425282,-1.1235888172035637,-0.8039211458554324,-1.2614147304604006,19,cowpea,sandy Loamy soil
13791,-0.8133935272009138,1.4177413322789671,-1.1127094486959972,1.114202454544477,-0.8058374970355525,-0.5243346446020448,0.024410626334822903,-0.993586247611863,-0.8379627589533,-0.7776045159407518,-0.6639399134056946,-0.6236811474670444,19,cowpea,Sandy soil 
13798,1.3844123213239463,1.4177413322789671,1.9374894828955906,-0.8975029591088394,-2.0368450133190725,-0.9173757806858815,-0.4191672506299437,-1.1050042237842763,-0.8725119372151791,-1.1768171712439963,-1.4804971026958318,-0.9735235701376855,19,cowpea,well-drained soil
13812,-0.8133935272009138,1.4177413322789671,-1.1127094486959972,-0.8975029591088394,-1.729093134248192,-0.8455701885167191,-0.7603810021413029,-1.1529953419844847,-0.781820344277746,-1.4370446798861114,-0.6464422593494771,-0.8314000859277376,19,cowpea,Sandy soil 
13841,0.8110716651870262,1.4177413322789671,1.4291229942969927,1.114202454544477,-0.3442096784292314,-0.4808733651312357,-0.6750775642634631,-0.725565675207191,-0.794776286125951,-0.7243761619003192,-0.5472888863642464,-1.0500516000968882,19,cowpea,sandy Loamy soil
13845,-0.8133935272009138,1.4177413322789671,-1.1127094486959972,1.114202454544477,-0.3442096784292314,-0.5583478198400691,-0.6580168766878955,-1.3317692735256115,-0.8941051736288536,-1.3010166640050058,-0.5356237836601014,-1.2067518519181129,19,cowpea,Sandy soil 
13868,0.8110716651870262,1.4177413322789671,1.4291229942969927,-0.8975029591088394,-1.8829690737836315,-0.6603873455541419,0.2461995648172065,-1.3539406088344796,-0.8941051736288536,-0.7332475542403912,-1.013892994530039,-1.1192912462504527,19,cowpea,sandy Loamy soil
13880,0.8110716651870262,1.4177413322789671,1.4291229942969927,-0.8975029591088394,-1.2674653156418723,-0.5885817533849794,-0.7433203145657353,-0.5552112380871531,-0.7559084605813365,-1.4577445953462795,-1.2355299459087907,-1.2176844276265704,19,cowpea,sandy Loamy soil
13921,1.3844123213239463,1.4177413322789671,1.9374894828955906,1.114202454544477,-1.8829690737836315,-0.6660562080938128,0.05853200148595931,-1.3466437136695357,-0.7645457551468064,-1.3838163258456788,-1.4629994486396145,-1.228617003335028,19,cowpea,well-drained soil
13929,-0.8133935272009138,1.4177413322789671,-1.1127094486959972,1.114202454544477,-0.49808561796467227,-0.7000693833318371,-0.5556527512344875,-1.0671164988893749,-0.786138991560481,-0.7214190311202952,-0.5997818485328981,-0.9225048834982169,19,cowpea,Sandy soil 
13938,-0.8133935272009138,1.4177413322789671,-1.1127094486959972,-0.8975029591088394,-1.1135893761064315,-0.4430809482000975,0.1950175020905025,-1.2259642936339241,-0.8466000535187695,-0.795347300620896,-1.0547208539945458,-1.246837962849124,19,cowpea,Sandy soil 
13958,0.8110716651870262,1.4177413322789671,1.4291229942969927,-0.8975029591088394,-2.190720952854512,-0.4185158771948578,-0.6580168766878955,-1.0379289182295992,-0.8768305844979141,-0.7125476387802229,-1.0605534053466183,-1.2504821547519431,19,cowpea,sandy Loamy soil
14002,0.33328778507292617,1.4177413322789671,-1.1127094486959972,-0.8975029591088394,-1.2674653156418723,-0.21254720492015503,0.5362312536018617,-0.24509319357703513,-0.4838336817690376,-0.6593192847397903,-1.5854830270331353,-1.0318306405827924,5,bengalgram,medium Black Soil
14026,0.33328778507292617,1.4177413322789671,-1.1127094486959972,-0.8975029591088394,-0.6519615575001118,0.03877236767191392,0.7068381293575413,-0.6551225718840781,-0.4838336817690376,-0.8190043468610881,-1.4513343459354697,-0.7366510964544389,5,bengalgram,medium Black Soil
14029,-0.048939319018353855,1.4177413322789671,-1.1127094486959972,1.114202454544477,-0.3442096784292314,-0.29946976386177265,0.1438354393637991,-0.47073564406222496,-0.4838336817690376,-0.98164653976241,-0.9555674810093149,-1.1156470543476333,5,bengalgram,heavy Black Soil
14052,0.33328778507292617,1.4177413322789671,1.4291229942969927,-0.8975029591088394,0.11741814017708838,-0.11428692089919576,-0.2656210624498323,0.0829864390314064,-0.4838336817690376,-1.0644462016030831,-1.2938554594295149,-0.944370034915132,5,bengalgram,medium Black Soil
14102,0.33328778507292617,1.4177413322789671,1.9374894828955906,-0.8975029591088394,-1.1135893761064315,-0.3089178680945572,-0.4874100009322159,0.15314889254048286,-0.4838336817690376,-0.9195467933819053,-1.5329900648644836,-1.0026771053602388,5,bengalgram,medium Black Soil
14129,-0.048939319018353855,1.4177413322789671,1.9374894828955906,1.114202454544477,0.4251700192479687,0.08790250968239341,0.5362312536018617,-0.4342511682375052,-0.4838336817690376,-0.8604041777814246,-0.5181261296038844,-0.7949581668995458,5,bengalgram,heavy Black Soil
14160,0.33328778507292617,1.4177413322789671,1.4291229942969927,-0.8975029591088394,-1.421341255177312,0.07656478460305208,-0.1632569369964243,-0.4334092187953964,-0.4838336817690376,-1.1975170867041647,-1.0897161621069804,-0.904283923984121,5,bengalgram,medium Black Soil
14177,-0.048939319018353855,1.4177413322789671,1.9374894828955906,1.114202454544477,0.5790459587834081,-0.293800901322102,-0.3338638127521039,-0.5905731146557277,-0.4838336817690376,-0.9875608013224582,-1.352180972950239,-0.9881003377489622,5,bengalgram,heavy Black Soil
14181,-0.048939319018353855,1.4177413322789671,1.4291229942969927,1.114202454544477,0.27129407971252784,0.08790250968239341,-0.7091989394145989,0.21825964939690595,-0.4838336817690376,-1.1856885635840684,-0.5297912323080289,-1.2796356899744965,5,bengalgram,heavy Black Soil
14190,0.33328778507292617,1.4177413322789671,1.4291229942969927,-0.8975029591088394,-0.19033373889379193,-0.3259244557135695,0.6727167542064055,-0.30795875192116756,-0.4838336817690376,-0.6415765000596461,-0.5239586809559564,-1.0719167515138033,5,bengalgram,medium Black Soil
14204,0.33328778507292617,1.4177413322789671,1.9374894828955906,-0.8975029591088394,-0.3442096784292314,-0.26923583031686227,-0.5897741263856233,-0.18615673262941088,-0.4838336817690376,-0.8042186929609679,-0.8914094161365186,-0.7803813992882689,5,bengalgram,medium Black Soil
14231,-0.048939319018353855,1.4177413322789671,1.9374894828955906,1.114202454544477,-0.036457799358352465,-0.11050767920608189,0.46798850329959013,-0.05761911780078292,-0.4838336817690376,-1.058531940043035,-0.856414108024084,-1.1994634681124745,5,bengalgram,heavy Black Soil
14234,0.33328778507292617,1.4177413322789671,1.9374894828955906,-0.8975029591088394,0.11741814017708838,-0.065156778888716,0.55329194117743,-0.4081507355321289,-0.4838336817690376,-0.7894330390608478,-1.2763578053732976,-0.8386884697333759,5,bengalgram,medium Black Soil
14256,0.33328778507292617,1.4177413322789671,1.4291229942969927,-0.8975029591088394,-0.49808561796467227,-0.30513862640144335,-0.29974243760096814,-0.2369543489699823,-0.4838336817690376,-0.7805616467207758,-1.1013812648111252,-0.7257185207459812,5,bengalgram,medium Black Soil
14259,-0.048939319018353855,1.4177413322789671,1.4291229942969927,1.114202454544477,-0.036457799358352465,0.1653769643912265,-0.23149968729869652,-0.06070626575518202,-0.4838336817690376,-0.9934750628825062,-0.7514281836867808,-1.268703114266039,5,bengalgram,heavy Black Soil
14360,0.33328778507292617,1.4177413322789671,1.9374894828955906,-0.8975029591088394,0.11741814017708838,0.16159772269811293,-0.7091989394145989,-0.36801781212493695,-0.4838336817690376,-0.6327051077195741,-1.0197255458821115,-1.3015008413914115,5,bengalgram,medium Black Soil
14371,-0.048939319018353855,1.4177413322789671,-1.1127094486959972,1.114202454544477,-0.6519615575001118,0.0614478178305966,0.7750808796598135,-0.05733846798674654,-0.4838336817690376,-1.1916028251441166,-1.2121997405005012,-0.9917445296517814,5,bengalgram,heavy Black Soil
14381,-0.048939319018353855,1.4177413322789671,1.9374894828955906,1.114202454544477,-1.5752171947127527,-0.15018971698377684,0.8433236299620851,-0.20439897054177075,-0.4838336817690376,-0.7864759082808237,-1.1480416756277045,-1.2978566494885924,5,bengalgram,heavy Black Soil
14401,-0.048939319018353855,1.4177413322789671,-1.1127094486959972,1.114202454544477,0.27129407971252784,0.057668576137482996,0.604474003904134,-0.28578741661229945,-0.4838336817690376,-1.061489070823059,-1.1072138161631977,-1.2359053871406662,5,bengalgram,heavy Black Soil
14406,0.33328778507292617,1.4177413322789671,1.4291229942969927,-0.8975029591088394,-1.421341255177312,-0.3315933182532401,-0.35092450032767214,-0.23751564859805474,-0.4838336817690376,-0.715504769560247,-1.3580135243023115,-1.024542256777154,5,bengalgram,medium Black Soil
14425,-0.048939319018353855,1.4177413322789671,-1.1127094486959972,1.114202454544477,-1.421341255177312,0.002869571587332568,-0.4362279382055119,-0.6483869763472068,-0.4838336817690376,-1.1324602095436358,-1.5796504756810628,-0.9261490754010362,5,bengalgram,heavy Black Soil
14439,-0.048939319018353855,1.4177413322789671,1.4291229942969927,1.114202454544477,-0.3442096784292314,0.15214961846532837,-0.3679851879032397,0.206472357207381,-0.4838336817690376,-0.7569046004805834,-1.013892994530039,-0.9480142268179512,5,bengalgram,heavy Black Soil
14486,0.33328778507292617,1.4177413322789671,1.9374894828955906,-0.8975029591088394,-1.5752171947127527,-0.2465603801581793,0.05853200148595931,0.029101674736435858,-0.4838336817690376,-1.0407891553628907,-0.7455956323347083,-1.1630215490842828,5,bengalgram,medium Black Soil
14498,0.33328778507292617,1.4177413322789671,1.9374894828955906,-0.8975029591088394,0.11741814017708838,-0.050039812116260796,0.7238988169331095,0.011701386266184765,-0.4838336817690376,-0.7214190311202952,-1.1072138161631977,-0.8860629644700253,5,bengalgram,medium Black Soil
14589,-0.048939319018353855,1.4177413322789671,1.4291229942969927,1.114202454544477,0.4251700192479687,0.14459113507910065,0.28032093996834234,0.20675300702141736,-0.4838336817690376,-0.8692755701214968,-1.013892994530039,-1.0755609434166225,5,bengalgram,heavy Black Soil
14590,0.33328778507292617,1.4177413322789671,-1.1127094486959972,-0.8975029591088394,-0.9597134365709921,-0.24089151761850863,-0.1973783121475601,-0.5128331161676709,-0.4838336817690376,-0.8604041777814246,-1.6029806810893525,-0.7257185207459812,5,bengalgram,medium Black Soil
14684,0.33328778507292617,1.4177413322789671,1.9374894828955906,-0.8975029591088394,0.5790459587834081,0.05577895529092593,-0.4703493133566477,-0.1760533393241038,-0.4838336817690376,-1.067403332383107,-1.5213249621603386,-0.8714861968587484,5,bengalgram,medium Black Soil
14696,0.33328778507292617,1.4177413322789671,1.9374894828955906,-0.8975029591088394,-0.6519615575001118,-0.22388492999949636,-0.1973783121475601,0.05632470669795734,-0.4838336817690376,-1.1531601250038042,-0.856414108024084,-1.2832798818773157,5,bengalgram,medium Black Soil
14713,-0.048939319018353855,1.4177413322789671,-1.1127094486959972,1.114202454544477,-0.9597134365709921,0.06522705952371047,-0.4362279382055119,-0.151356155688909,-0.4838336817690376,-0.9727751474223381,-0.49479592419559437,-1.268703114266039,5,bengalgram,heavy Black Soil
14748,0.33328778507292617,1.4177413322789671,1.4291229942969927,-0.8975029591088394,-0.036457799358352465,-0.1653066837562323,-0.1973783121475601,-0.16679189546090584,-0.4838336817690376,-0.8544899162213766,-1.171371881035994,-0.8241117021220992,5,bengalgram,medium Black Soil
14773,-0.048939319018353855,1.4177413322789671,-1.1127094486959972,1.114202454544477,0.27129407971252784,-0.04626057042314692,-0.7262596269901671,-0.4393028648901589,-0.4838336817690376,-0.7362046850204153,-0.9730651350655322,-1.068272559610984,5,bengalgram,heavy Black Soil
14781,-0.048939319018353855,1.4177413322789671,1.4291229942969927,1.114202454544477,-1.421341255177312,0.15592886015844198,0.1950175020905025,0.23453733861101156,-0.4838336817690376,-0.960946624302242,-1.3755111783585285,-1.1739541247927403,5,bengalgram,heavy Black Soil
14821,-0.048939319018353855,1.4177413322789671,-1.1127094486959972,1.114202454544477,-1.2674653156418723,-0.1577482003700046,0.09265337663709511,-0.37391145821969946,-0.4838336817690376,-1.2093456098242608,-1.083883610754908,-0.6528346826895977,5,bengalgram,heavy Black Soil
14856,0.33328778507292617,1.4177413322789671,1.4291229942969927,-0.8975029591088394,-0.6519615575001118,-0.2673462094703052,0.3485636902706145,-0.5456691444099188,-0.4838336817690376,-0.8219614776411123,-0.7047677728702012,-1.188530892404017,5,bengalgram,medium Black Soil
14885,-0.048939319018353855,1.4177413322789671,1.9374894828955906,1.114202454544477,-0.49808561796467227,-0.0009096701057813012,-0.7945023772924388,0.2656894679690416,-0.4838336817690376,-0.6859334617600066,-1.0488883026424736,-0.8787745806643869,5,bengalgram,heavy Black Soil
14902,0.33328778507292617,1.4177413322789671,-1.1127094486959972,-0.8975029591088394,-1.1135893761064315,-0.1842028922218014,0.1438354393637991,-0.4864520336482582,-0.4838336817690376,-1.0289606322427947,-0.6347771566453325,-0.7147859450375238,5,bengalgram,medium Black Soil
14921,-0.048939319018353855,1.4177413322789671,1.9374894828955906,1.114202454544477,-1.729093134248192,-0.25033962185129316,0.3997457529973185,-0.29757470880182446,-0.4838336817690376,-0.9343324472820255,-0.5764516431246085,-0.6091043798557677,5,bengalgram,heavy Black Soil
14963,-0.048939319018353855,1.4177413322789671,1.9374894828955906,1.114202454544477,-0.19033373889379193,0.11813644322730382,-0.4874100009322159,-0.07445810664296126,-0.4838336817690376,-1.1620315173438762,-0.926404724248953,-1.228617003335028,5,bengalgram,heavy Black Soil
14976,0.33328778507292617,1.4177413322789671,1.4291229942969927,-0.8975029591088394,0.5790459587834081,-0.2484500010047361,0.07559268906152691,-0.2470577422752894,-0.4838336817690376,-0.8042186929609679,-1.5621528216248457,-1.2759914980716773,5,bengalgram,medium Black Soil
14990,0.33328778507292617,1.4177413322789671,1.9374894828955906,-0.8975029591088394,-0.3442096784292314,-0.1842028922218014,-0.1461962494208567,-0.5933796127960907,-0.4838336817690376,-0.6741049386399105,-1.398841383766818,-0.762160439774173,5,bengalgram,medium Black Soil
15004,1.6710826493924062,1.4177413322789671,1.4291229942969927,1.114202454544477,0.4251700192479687,-0.15018971698377684,2.13993588570525,-0.24509319357703513,-0.40177938339707453,-0.8811040932415929,-1.0022278918258942,-0.7840255911910882,26,horsegram, light soi
15077,0.04661745700446615,1.4177413322789671,-1.1127094486959972,1.114202454544477,0.11741814017708838,-0.1256246459785371,1.9522683223740032,-0.24509319357703513,-0.4751963872035677,-1.1768171712439963,-1.4863296540479043,-0.9808119539433239,26,horsegram,heavy soil 
15156,1.6710826493924062,1.4177413322789671,1.9374894828955906,1.114202454544477,0.27129407971252784,-0.10105957497329736,2.156996573280818,-0.24509319357703513,0.33670930195059423,-0.8633613085614487,-0.4889633728435223,-0.7402952883572582,26,horsegram, light soi
15186,1.6710826493924062,1.4177413322789671,1.9374894828955906,1.114202454544477,0.5790459587834081,-0.11428692089919576,1.8840255720717305,-0.24509319357703513,-0.04333165893007724,-1.1531601250038042,-1.3405158702460942,-0.8459768535390143,26,horsegram, light soi
15199,0.04661745700446615,1.4177413322789671,1.4291229942969927,1.114202454544477,1.3484256564606083,-0.11806616259230963,1.2015980690490127,-0.24509319357703513,-0.2938132013287016,-0.6829763309799826,-1.0372231999383288,-0.6892766017177895,26,horsegram,heavy soil 
15208,1.6710826493924062,1.4177413322789671,1.4291229942969927,1.114202454544477,-0.6519615575001118,-0.17475478798901686,0.26326025239277473,-0.24509319357703513,0.31079741825418505,-1.0792318555032032,-1.5154924108082664,-0.6674114503008746,26,horsegram, light soi
15212,1.6710826493924062,1.4177413322789671,-1.1127094486959972,1.114202454544477,0.7329218983188477,-0.16152744206311845,2.13993588570525,-0.24509319357703513,0.14237017422752354,-0.9550323627421938,-0.9439023783051701,-1.2140402357237514,26,horsegram, light soi
15230,1.6710826493924062,1.4177413322789671,-1.1127094486959972,1.114202454544477,-0.49808561796467227,-0.09539071243362668,1.0480518808689006,-0.24509319357703513,-0.4060980306798095,-0.718461900340271,-1.253027599965008,-1.1338680138617294,26,horsegram, light soi
15244,1.6710826493924062,1.4177413322789671,1.4291229942969927,1.114202454544477,1.0406737773897279,-0.15207933783033392,2.259360698734226,-0.24509319357703513,-0.6824914567748434,-0.9520752319621697,-1.2180322918525734,-0.8459768535390143,26,horsegram, light soi
15258,1.6710826493924062,1.4177413322789671,1.9374894828955906,1.114202454544477,-0.19033373889379193,-0.15396895867689073,0.33150300269504634,-0.24509319357703513,-0.2203961975222087,-1.1295030787636118,-0.7280979782784908,-0.6309695312726828,26,horsegram, light soi
15263,0.04661745700446615,1.4177413322789671,-1.1127094486959972,1.114202454544477,1.1945497169251689,-0.15018971698377684,0.9456877554154931,-0.24509319357703513,-0.03037571708187265,-1.1088031633034436,-1.3871762810626733,-1.2431937709463048,26,horsegram,heavy soil 
15267,0.04661745700446615,1.4177413322789671,1.9374894828955906,1.114202454544477,0.27129407971252784,-0.08783222904739894,0.1950175020905025,-0.24509319357703513,-0.881149231780649,-0.9372895780620495,-1.083883610754908,-1.2504821547519431,26,horsegram,heavy soil 
15381,0.04661745700446615,1.4177413322789671,1.9374894828955906,1.114202454544477,-0.49808561796467227,-0.1577482003700046,1.4916297578336677,-0.24509319357703513,-0.1253859573020407,-1.0407891553628907,-1.2588601513170803,-0.802246550705184,26,horsegram,heavy soil 
15387,0.04661745700446615,1.4177413322789671,1.9374894828955906,1.114202454544477,0.8867978378542885,-0.15207933783033392,0.8262629423865175,-0.24509319357703513,-0.2333521393704133,-0.9254610549419534,-1.1480416756277045,-0.6637672583980554,26,horsegram,heavy soil 
15392,1.6710826493924062,1.4177413322789671,-1.1127094486959972,1.114202454544477,0.7329218983188477,-0.09916995412674055,0.31444231511947873,-0.24509319357703513,-0.777501696995011,-0.978689408982386,-0.6581073620536221,-1.1010702867363569,26,horsegram, light soi
15397,0.04661745700446615,1.4177413322789671,1.4291229942969927,1.114202454544477,-0.6519615575001118,-0.13318312936476484,0.33150300269504634,-0.24509319357703513,-0.6004371584028803,-0.9964321936625302,-0.9147396215448081,-1.2140402357237514,26,horsegram,heavy soil 
15408,1.6710826493924062,1.4177413322789671,1.9374894828955906,1.114202454544477,0.8867978378542885,-0.13507275021132165,2.1058145105541146,-0.24509319357703513,-0.8077322279741556,-1.1088031633034436,-0.7980885945033599,-0.6236811474670444,26,horsegram, light soi
15409,0.04661745700446615,1.4177413322789671,1.4291229942969927,1.114202454544477,-0.49808561796467227,-0.1086180583595251,2.4982103247921774,-0.24509319357703513,0.04735993400735551,-0.9875608013224582,-1.253027599965008,-1.2796356899744965,26,horsegram,heavy soil 
15430,1.6710826493924062,1.4177413322789671,1.4291229942969927,1.114202454544477,0.27129407971252784,-0.1086180583595251,1.611054570862644,-0.24509319357703513,-0.47951503448630267,-1.1147174248634917,-1.3405158702460942,-0.6929207936206087,26,horsegram, light soi
15438,1.6710826493924062,1.4177413322789671,1.9374894828955906,1.114202454544477,-0.8058374970355525,-0.09728033328018348,1.611054570862644,-0.24509319357703513,-0.6306676893820243,-1.2034313482642127,-1.6029806810893525,-1.1921750843068362,26,horsegram, light soi
15440,1.6710826493924062,1.4177413322789671,-1.1127094486959972,1.114202454544477,1.1945497169251689,-0.11239730005263869,2.395846199338769,-0.24509319357703513,-0.734315224167662,-1.1265459479835878,-0.7980885945033599,-1.0391190243884307,26,horsegram, light soi
15510,1.6710826493924062,1.4177413322789671,1.9374894828955906,1.114202454544477,0.11741814017708838,-0.14641047529066326,1.1504160063223086,-0.24509319357703513,-0.5788439219892056,-1.1768171712439963,-1.1888695350922114,-1.1120028624448142,26,horsegram, light soi
15517,0.04661745700446615,1.4177413322789671,1.4291229942969927,1.114202454544477,1.3484256564606083,-0.1653066837562323,1.7475400714671872,-0.24509319357703513,-0.8552373480842396,-0.8604041777814246,-1.5854830270331353,-0.8314000859277376,26,horsegram,heavy soil 
15529,0.04661745700446615,1.4177413322789671,1.4291229942969927,1.114202454544477,-0.036457799358352465,-0.1086180583595251,1.7816614466183236,-0.24509319357703513,0.17691935248940266,-0.9668608858622899,-1.0780510594028356,-0.8678420049559294,26,horsegram,heavy soil 
15536,1.6710826493924062,1.4177413322789671,-1.1127094486959972,1.114202454544477,0.5790459587834081,-0.14263123359754937,1.6963580087404837,-0.24509319357703513,-0.5227015073136517,-1.0407891553628907,-0.8214187999116495,-0.8897071563728443,26,horsegram, light soi
15587,0.04661745700446615,1.4177413322789671,-1.1127094486959972,1.114202454544477,0.7329218983188477,-0.1596378212165614,0.9456877554154931,-0.24509319357703513,-0.34563696872152055,-0.9461609704021218,-0.5122935782518119,-1.1921750843068362,26,horsegram,heavy soil 
15592,1.6710826493924062,1.4177413322789671,1.4291229942969927,1.114202454544477,1.0406737773897279,-0.17286516714245978,0.8262629423865175,-0.24509319357703513,-0.5788439219892056,-0.9875608013224582,-0.5939492971808256,-0.7767372073854499,26,horsegram, light soi
15605,0.04661745700446615,1.4177413322789671,-1.1127094486959972,1.114202454544477,-0.036457799358352465,-0.11806616259230963,2.481149637216609,-0.24509319357703513,-0.4751963872035677,-1.0319177630228187,-1.1363765729235598,-0.7694488235798115,26,horsegram,heavy soil 
15627,0.04661745700446615,1.4177413322789671,1.9374894828955906,1.114202454544477,-0.49808561796467227,-0.11050767920608189,0.3997457529973185,-0.24509319357703513,-0.8595559953669745,-1.1797743020240203,-1.5796504756810628,-0.7949581668995458,26,horsegram,heavy soil 
15636,1.6710826493924062,1.4177413322789671,1.9374894828955906,1.114202454544477,0.11741814017708838,-0.13318312936476484,2.05463244782741,-0.24509319357703513,0.3064787709714498,-1.0407891553628907,-1.1013812648111252,-1.1739541247927403,26,horsegram, light soi
15685,0.04661745700446615,1.4177413322789671,1.4291229942969927,1.114202454544477,-0.19033373889379193,-0.14641047529066326,0.9968698181421971,-0.24509319357703513,0.21578717803401704,-0.7923901698408718,-1.1072138161631977,-1.210396043820932,26,horsegram,heavy soil 
15695,0.04661745700446615,1.4177413322789671,-1.1127094486959972,1.114202454544477,-0.9597134365709921,-0.12184540428542323,0.28032093996834234,-0.24509319357703513,-0.22471484480494336,-1.0319177630228187,-1.2705252540212253,-1.1994634681124745,26,horsegram,heavy soil 
15715,0.04661745700446615,1.4177413322789671,1.4291229942969927,1.114202454544477,1.0406737773897279,-0.08972184989395601,2.259360698734226,-0.24509319357703513,-0.1599351355639198,-0.9993893244425543,-0.838916453967867,-1.2395495790434854,26,horsegram,heavy soil 
15749,0.04661745700446615,1.4177413322789671,-1.1127094486959972,1.114202454544477,0.27129407971252784,-0.08405298735428508,1.1504160063223086,-0.24509319357703513,-0.2894945540459669,-0.8219614776411123,-0.7164328755743462,-1.188530892404017,26,horsegram,heavy soil 
15788,1.6710826493924062,1.4177413322789671,-1.1127094486959972,1.114202454544477,0.4251700192479687,-0.13129350851820776,1.0651125684444687,-0.24509319357703513,-0.9113797627597932,-1.0792318555032032,-1.2471950486129355,-0.7658046316769923,26,horsegram, light soi
15850,1.6710826493924062,1.4177413322789671,1.4291229942969927,1.114202454544477,-0.6519615575001118,-0.1256246459785371,1.4575083826825315,-0.24509319357703513,-0.7299965768849274,-1.1827314328040446,-1.2005346377963562,-0.8314000859277376,26,horsegram, light soi
15876,1.6710826493924062,1.4177413322789671,1.9374894828955906,1.114202454544477,0.8867978378542885,-0.16341706290967525,1.508690445409236,-0.24509319357703513,-0.9027424681943236,-0.889975485581665,-0.9730651350655322,-1.1338680138617294,26,horsegram, light soi
15941,0.04661745700446615,1.4177413322789671,-1.1127094486959972,1.114202454544477,1.1945497169251689,-0.1388519919044355,0.5874133163285657,-0.24509319357703513,0.2503363562958962,-1.0910603786232993,-0.7747583890950703,-1.1703099328899211,26,horsegram,heavy soil 
15961,0.04661745700446615,1.4177413322789671,1.4291229942969927,1.114202454544477,0.11741814017708838,-0.10483881666641122,0.55329194117743,-0.24509319357703513,-0.4751963872035677,-0.978689408982386,-1.4455017945833974,-1.1703099328899211,26,horsegram,heavy soil 
15998,1.6710826493924062,1.4177413322789671,-1.1127094486959972,1.114202454544477,-0.3442096784292314,-0.1596378212165614,0.05853200148595931,-0.24509319357703513,-0.8293254643878301,-0.8397042623212565,-1.352180972950239,-1.1411563976673678,26,horsegram, light soi
16012,-0.24005287106399387,1.4177413322789671,1.9374894828955906,1.114202454544477,-0.19033373889379193,0.6699057304219211,-0.8115630648680069,-0.7704696454529999,0.3453465965160642,-1.1235888172035637,-0.4889633728435223,-1.312433417099869,37,redgram,deep soil
16095,0.23773100905010616,1.4177413322789671,-1.1127094486959972,1.114202454544477,0.11741814017708838,0.7095877681996161,0.7068381293575413,-0.4148863310690002,0.2589736508613661,-1.1028889017433956,-0.7922560431512874,-0.8933513482756635,37,redgram,loamy soil
16153,0.23773100905010616,1.4177413322789671,1.9374894828955906,1.114202454544477,0.27129407971252784,0.2711957317984135,0.28032093996834234,-0.46820979573589827,0.38421442206067796,-1.0230463706827464,-0.558953989068391,-0.802246550705184,37,redgram,loamy soil
16244,-0.24005287106399387,1.4177413322789671,1.4291229942969927,1.114202454544477,0.4251700192479687,0.2428514191000599,0.2461995648172065,1.1101647584042862,0.3410279492333289,-1.1324602095436358,-1.124711470219415,-0.8241117021220992,37,redgram,deep soil
16284,-0.24005287106399387,1.4177413322789671,-1.1127094486959972,1.114202454544477,0.27129407971252784,0.31087776957610846,-0.9309878778969826,-0.7323012707440621,0.39717036390888316,-1.0792318555032032,-0.7339305296305633,-0.7402952883572582,37,redgram,deep soil
16290,-0.24005287106399387,1.4177413322789671,-1.1127094486959972,1.114202454544477,0.5790459587834081,0.6793538346547058,-0.6238955015367591,0.24604398098650018,0.40580765847435246,-0.6504478923997183,-1.124711470219415,-0.8350442778305566,37,redgram,deep soil
16293,0.23773100905010616,1.4177413322789671,-1.1127094486959972,1.114202454544477,0.4251700192479687,0.4355927454488645,0.4509278157240219,0.16633943380018937,0.38421442206067796,-0.6829763309799826,-0.6931026701660566,-1.046407408194069,37,redgram,loamy soil
16308,-0.24005287106399387,1.4177413322789671,-1.1127094486959972,1.114202454544477,0.11741814017708838,0.29954004449676713,0.655656066630838,1.4309474958477837,0.2719295927095707,-0.6888905925400307,-1.6088132324414248,-0.6965649855234279,37,redgram,deep soil
16322,-0.24005287106399387,1.4177413322789671,1.4291229942969927,1.114202454544477,0.4251700192479687,0.36378715327970185,-0.3850458754788079,0.9591751584527531,0.29784147640597985,-1.061489070823059,-0.868079210728229,-0.860553621150291,37,redgram,deep soil
16365,0.23773100905010616,1.4177413322789671,-1.1127094486959972,1.114202454544477,-0.036457799358352465,0.29954004449676713,0.8945056926887891,1.1668560208396195,0.28920418184051055,-0.6977619848801027,-1.2646927026691528,-1.1593773571814636,37,redgram,loamy soil
16378,-0.24005287106399387,1.4177413322789671,1.9374894828955906,1.114202454544477,-0.19033373889379193,0.7284839766651853,0.05853200148595931,-0.4524934061498651,0.29784147640597985,-1.0230463706827464,-1.5738179243289905,-0.8569094292474717,37,redgram,deep soil
16405,0.23773100905010616,1.4177413322789671,1.9374894828955906,1.114202454544477,0.4251700192479687,0.5451907545491649,-0.29974243760096814,0.31452253561135873,0.3496652437987988,-0.884061224021617,-1.398841383766818,-0.6346137231755018,37,redgram,loamy soil
16422,-0.24005287106399387,1.4177413322789671,-1.1127094486959972,1.114202454544477,0.5790459587834081,0.20316938132236467,0.5362312536018617,-0.6287414893646653,0.3280720073851243,-0.6711478078598865,-0.7689258377429978,-1.13022382195891,37,redgram,deep soil
16443,0.23773100905010616,1.4177413322789671,-1.1127094486959972,1.114202454544477,0.11741814017708838,0.4525993330678768,-0.9139271903214149,-0.10981998321153555,0.32375336010238964,-1.1709029096839483,-1.468831999991687,-0.7147859450375238,37,redgram,loamy soil
16493,0.23773100905010616,1.4177413322789671,1.4291229942969927,1.114202454544477,-0.036457799358352465,0.2900919402639826,-0.09501418669415271,-0.5653146313924602,0.267610945426836,-0.7125476387802229,-1.2180322918525734,-1.068272559610984,37,redgram,loamy soil
16496,-0.24005287106399387,1.4177413322789671,1.4291229942969927,1.114202454544477,0.4251700192479687,0.4960606125386854,-0.29974243760096814,-0.05397067021831075,0.40580765847435246,-0.9165896626018815,-0.6347771566453325,-0.900639732081302,37,redgram,deep soil
16497,0.23773100905010616,1.4177413322789671,-1.1127094486959972,1.114202454544477,0.4251700192479687,0.632113313490783,-0.8798058151702786,-0.5641920321363151,0.20714988346854712,-1.1531601250038042,-1.4629994486396145,-0.6783440260093321,37,redgram,loamy soil
16514,-0.24005287106399387,1.4177413322789671,1.4291229942969927,1.114202454544477,0.11741814017708838,0.5092879584645841,-0.3850458754788079,-0.3132910983878573,0.31079741825418505,-1.0260035014627706,-0.7572607350388528,-0.8969955401784827,37,redgram,deep soil
16527,0.23773100905010616,1.4177413322789671,-1.1127094486959972,1.114202454544477,0.5790459587834081,0.2749749734915274,-0.2144389997231283,0.04537936395054147,0.33670930195059423,-1.0319177630228187,-0.5006284755476669,-0.6674114503008746,37,redgram,loamy soil
16543,0.23773100905010616,1.4177413322789671,1.9374894828955906,1.114202454544477,0.5790459587834081,0.6226652092579985,0.55329194117743,-0.0840002003201956,0.22442447259948697,-0.8101329545210161,-1.142209124275632,-1.1848867005011978,37,redgram,loamy soil
16556,-0.24005287106399387,1.4177413322789671,1.4291229942969927,1.114202454544477,0.27129407971252784,0.5225153043904822,0.3656243778461821,1.33243941112104,0.24169906173042624,-0.7776045159407518,-1.2180322918525734,-1.2140402357237514,37,redgram,deep soil
16624,-0.24005287106399387,1.4177413322789671,1.9374894828955906,1.114202454544477,0.27129407971252784,0.35811829074003143,0.7409595045086778,-0.40085384036718485,0.3064787709714498,-0.7805616467207758,-0.844749005319939,-1.1958192762096556,37,redgram,deep soil
16631,0.23773100905010616,1.4177413322789671,1.4291229942969927,1.114202454544477,0.5790459587834081,0.6434510385701244,-0.4362279382055119,-0.594502212052236,0.21578717803401704,-0.9964321936625302,-1.3871762810626733,-1.2249728114322087,37,redgram,loamy soil
16667,0.23773100905010616,1.4177413322789671,1.4291229942969927,1.114202454544477,0.5790459587834081,0.3335532197347914,-0.7262596269901671,1.3377717575877301,0.3583025383642688,-0.8367471315412324,-1.0080604431779667,-1.0172538729715157,37,redgram,loamy soil
16676,-0.24005287106399387,1.4177413322789671,1.4291229942969927,1.114202454544477,0.27129407971252784,0.7133670098927297,-0.6750775642634631,-0.3073974522930952,0.3453465965160642,-1.1738600404639723,-1.5504877189207007,-0.7876697830939073,37,redgram,deep soil
16693,0.23773100905010616,1.4177413322789671,1.9374894828955906,1.114202454544477,0.27129407971252784,0.3921314659780554,-0.9309878778969826,0.7941530677994054,0.2719295927095707,-0.9757322782023621,-1.1888695350922114,-1.2614147304604006,37,redgram,loamy soil
16695,0.23773100905010616,1.4177413322789671,-1.1127094486959972,1.114202454544477,0.5790459587834081,0.20694862301547853,-1.0333520033503905,1.0585251926216057,0.3669398329297387,-0.887018354801641,-1.3696786270064563,-0.8204675102192799,37,redgram,loamy soil
16739,0.23773100905010616,1.4177413322789671,1.4291229942969927,1.114202454544477,0.4251700192479687,0.31654663211577916,-0.0608928115430169,-0.27484207386488363,0.3712584802124734,-1.0230463706827464,-1.5563202702727732,-0.6965649855234279,37,redgram,loamy soil
16765,0.23773100905010616,1.4177413322789671,1.9374894828955906,1.114202454544477,0.11741814017708838,0.6340029343373398,0.5362312536018617,1.0004306811160903,0.31079741825418505,-0.7421189465804632,-0.9614000323613874,-1.2942124575857732,37,redgram,loamy soil
16777,0.23773100905010616,1.4177413322789671,1.9374894828955906,1.114202454544477,0.4251700192479687,0.36000791158658824,0.655656066630838,-0.037973630818241504,0.33670930195059423,-0.9225039241619294,-1.4513343459354697,-0.6455462988839594,37,redgram,loamy soil
16787,0.23773100905010616,1.4177413322789671,1.4291229942969927,1.114202454544477,0.27129407971252784,0.7133670098927297,0.7238988169331095,-0.11459103005015288,0.31079741825418505,-0.7835187775007999,-1.3696786270064563,-1.2140402357237514,37,redgram,loamy soil
16805,0.23773100905010616,1.4177413322789671,1.4291229942969927,1.114202454544477,-0.036457799358352465,0.41102767444362454,-0.1973783121475601,-0.09578749250972025,0.37557712749520866,-0.6504478923997183,-0.7164328755743462,-0.7658046316769923,37,redgram,loamy soil
16826,-0.24005287106399387,1.4177413322789671,1.4291229942969927,1.114202454544477,0.11741814017708838,0.20694862301547853,0.8945056926887891,0.7599137904869759,0.38853306934341325,-0.638619369279622,-1.0197255458821115,-1.2577705385575813,37,redgram,deep soil
16876,-0.24005287106399387,1.4177413322789671,1.9374894828955906,1.114202454544477,0.5790459587834081,0.7284839766651853,-0.6921382518390313,-0.07530005608507005,0.28920418184051055,-1.0260035014627706,-1.0022278918258942,-0.6273253393698636,37,redgram,deep soil
16901,0.23773100905010616,1.4177413322789671,1.4291229942969927,1.114202454544477,-0.036457799358352465,0.26741649010529966,-0.8627451275947109,0.8626316224242643,0.3064787709714498,-0.79830443140092,-0.926404724248953,-0.8058907426080033,37,redgram,loamy soil
16910,-0.24005287106399387,1.4177413322789671,1.4291229942969927,1.114202454544477,-0.036457799358352465,0.5300737877767099,0.024410626334822903,-0.6281801897365926,0.40580765847435246,-0.7362046850204153,-1.1013812648111252,-0.7585162478713541,37,redgram,deep soil
16916,-0.24005287106399387,1.4177413322789671,1.4291229942969927,1.114202454544477,0.4251700192479687,0.31654663211577916,0.3997457529973185,1.17976591228529,0.3323906546678596,-0.7923901698408718,-1.0780510594028356,-0.6528346826895977,37,redgram,deep soil
16975,0.23773100905010616,1.4177413322789671,1.9374894828955906,1.114202454544477,0.4251700192479687,0.5565284796285067,-0.7262596269901671,1.3689238869457598,0.21578717803401704,-1.0437462861429148,-0.5006284755476669,-0.904283923984121,37,redgram,loamy soil
16988,-0.24005287106399387,1.4177413322789671,1.4291229942969927,1.114202454544477,0.11741814017708838,0.2579683858725151,-1.0162913157748223,0.070637847213809,0.33670930195059423,-1.0023464552225785,-1.6029806810893525,-1.1994634681124745,37,redgram,deep soil
16999,0.23773100905010616,1.4177413322789671,1.9374894828955906,1.114202454544477,0.11741814017708838,0.5848727923268603,-0.3338638127521039,0.5045224597139376,0.2503363562958962,-1.1472458634437561,-0.8097536972075049,-0.9953887215546006,37,redgram,loamy soil
17054,1.3844123213239463,0.17449124089587287,-0.09597647149880119,-0.8975029591088394,-0.49808561796467227,-0.2673462094703052,0.5362312536018617,-0.5669985302766781,0.6822010845693867,-0.8012615621809439,-0.7747583890950703,-0.6564788745924169,44,soyabean,well-drained soil
17132,1.3844123213239463,0.17449124089587287,-0.09597647149880119,-0.8975029591088394,-0.8058374970355525,-0.3202555931738985,0.48504919087515835,-1.0699229970297381,0.565597607935544,-0.2630637602165696,-1.3580135243023115,-0.842332661636195,44,soyabean,well-drained soil
17167,0.23773100905010616,0.17449124089587287,-0.6043429600973992,1.114202454544477,-0.8058374970355525,-0.310807488941114,-1.3063230045594776,-0.8024637242531386,0.3583025383642688,-0.3488205528372667,-1.3346833188940217,-0.7658046316769923,44,soyabean,loamy soil
17224,1.3844123213239463,0.17449124089587287,-0.09597647149880119,-0.8975029591088394,0.11741814017708838,-0.3145867306342279,0.928627067839925,-0.5420206968274466,0.29784147640597985,-0.5351197919787808,-1.095548713459053,-1.1703099328899211,44,soyabean,well-drained soil
17262,1.3844123213239463,0.17449124089587287,-0.09597647149880119,-0.8975029591088394,-0.8058374970355525,-0.23144341338572408,1.0651125684444687,-0.6980619934316328,0.7815299720722894,-0.5144198765186127,-1.5329900648644836,-0.7986023588023649,44,soyabean,well-drained soil
17302,1.3844123213239463,0.17449124089587287,-0.09597647149880119,-0.8975029591088394,-0.036457799358352465,-0.25033962185129316,-1.4086871300128856,-0.6043249555435066,0.6865197318521213,-0.3488205528372667,-0.6347771566453325,-1.0937819029307183,44,soyabean,well-drained soil
17308,1.3844123213239463,0.17449124089587287,-0.09597647149880119,-0.8975029591088394,-0.6519615575001118,-0.20687834238048408,-0.6068348139611915,-1.1078107219246394,0.2805668872750406,-0.14773565979563247,-1.538822616216556,-1.1921750843068362,44,soyabean,well-drained soil
17312,1.3844123213239463,0.17449124089587287,-0.09597647149880119,-0.8975029591088394,0.27129407971252784,-0.22766417169261022,-0.1291355618452885,-0.5849601183750016,0.5569603133700741,-0.8633613085614487,-1.2005346377963562,-0.8933513482756635,44,soyabean,well-drained soil
17349,0.23773100905010616,0.17449124089587287,-0.6043429600973992,1.114202454544477,-0.8058374970355525,-0.19554061730114275,0.6215346914797015,-0.7738374432214353,0.12509558509658367,-0.5114627457385886,-0.7514281836867808,-0.7913139749967266,44,soyabean,loamy soil
17384,1.3844123213239463,0.17449124089587287,-0.09597647149880119,-0.8975029591088394,0.27129407971252784,-0.2673462094703052,-0.9309878778969826,-0.5352851012905754,0.7988045612032292,-0.6593192847397903,-0.4831308214914498,-1.2322611952378473,44,soyabean,well-drained soil
17405,0.23773100905010616,0.17449124089587287,-0.6043429600973992,1.114202454544477,0.4251700192479687,-0.2484500010047361,-0.0779534991185845,-0.6770132573789098,0.1855566470548726,-0.43753447623798775,-1.171371881035994,-1.254126346654762,44,soyabean,loamy soil
17464,1.3844123213239463,0.17449124089587287,-0.09597647149880119,-0.8975029591088394,-0.49808561796467227,-0.25789810523752066,0.31444231511947873,-0.6921683473368703,0.4533127785844368,-0.22166392929623333,-1.6146457837934973,-0.8386884697333759,44,soyabean,well-drained soil
17468,1.3844123213239463,0.17449124089587287,-0.09597647149880119,-0.8975029591088394,0.27129407971252784,-0.19554061730114275,-1.3745657548617498,-0.9663632156503412,0.2503363562958962,-0.10042156731524766,-1.2705252540212253,-1.188530892404017,44,soyabean,well-drained soil
17471,0.23773100905010616,0.17449124089587287,-0.6043429600973992,1.114202454544477,-0.3442096784292314,-0.3278140765601263,0.1438354393637991,-1.0620648022367216,0.26329229814410077,-0.08267878263510363,-0.6172795025891151,-0.7803813992882689,44,soyabean,loamy soil
17472,1.3844123213239463,0.17449124089587287,-0.09597647149880119,-0.8975029591088394,0.4251700192479687,-0.24089151761850863,1.0480518808689006,-0.5759793243258396,0.40580765847435246,-0.1092929596553201,-1.3696786270064563,-0.6929207936206087,44,soyabean,well-drained soil
17480,1.3844123213239463,0.17449124089587287,-0.09597647149880119,-0.8975029591088394,0.11741814017708838,-0.335372559946354,0.21207818966607073,-0.7884312335513234,0.3539838910815341,-0.40204890687769923,-0.558953989068391,-1.305145033294231,44,soyabean,well-drained soil
17492,1.3844123213239463,0.17449124089587287,-0.09597647149880119,-0.8975029591088394,-0.3442096784292314,-0.23900189677195155,0.041471313910391105,-0.6467030774629889,0.5180924878254604,-0.552862576658925,-0.7572607350388528,-1.0136096810686963,44,soyabean,well-drained soil
17607,0.23773100905010616,0.17449124089587287,-0.6043429600973992,1.114202454544477,-0.036457799358352465,-0.25033962185129316,0.502109878450726,-0.8611195353867265,0.6390146117420376,-0.061978867174935295,-1.381343729710601,-0.8095349345108225,44,soyabean,loamy soil
17615,0.23773100905010616,0.17449124089587287,-0.6043429600973992,1.114202454544477,0.5790459587834081,-0.3334829390997969,-0.35092450032767214,-1.0999525271316228,0.21578717803401704,-0.8130900853010402,-0.49479592419559437,-0.7184301369403431,44,soyabean,loamy soil
17625,0.23773100905010616,0.17449124089587287,-0.6043429600973992,1.114202454544477,-0.8058374970355525,-0.1842028922218014,1.2357194442001485,-1.1471016958897222,0.06463452313829537,-0.10633582887529582,-1.095548713459053,-1.246837962849124,44,soyabean,loamy soil
17636,1.3844123213239463,0.17449124089587287,-0.09597647149880119,-0.8975029591088394,-0.036457799358352465,-0.2484500010047361,-1.2722016294083418,-1.1058461732263851,0.5915094916319539,-0.2541923678764975,-1.6029806810893525,-0.7366510964544389,44,soyabean,well-drained soil
17638,1.3844123213239463,0.17449124089587287,-0.09597647149880119,-0.8975029591088394,-0.9597134365709921,-0.1842028922218014,-0.09501418669415271,-1.1659052334301547,0.8203977976169037,-0.3074207219169301,-0.8797443134323736,-0.8714861968587484,44,soyabean,well-drained soil
17642,1.3844123213239463,0.17449124089587287,-0.09597647149880119,-0.8975029591088394,-0.49808561796467227,-0.30324900555488654,-0.3168031251765363,-1.1159495665316923,0.4619500731499067,-0.718461900340271,-1.0488883026424736,-0.6892766017177895,44,soyabean,well-drained soil
17652,1.3844123213239463,0.17449124089587287,-0.09597647149880119,-0.8975029591088394,0.27129407971252784,-0.25033962185129316,-0.8798058151702786,-1.1263336096510357,0.721068910114001,-0.7864759082808237,-0.9147396215448081,-1.0536957919997074,44,soyabean,well-drained soil
17658,1.3844123213239463,0.17449124089587287,-0.09597647149880119,-0.8975029591088394,-0.49808561796467227,-0.3297036974066831,1.0480518808689006,-0.7421240142353329,0.2201058253167517,-0.626790846159526,-1.3580135243023115,-1.268703114266039,44,soyabean,well-drained soil
17679,0.23773100905010616,0.17449124089587287,-0.6043429600973992,1.114202454544477,-0.6519615575001118,-0.2352226550788377,0.9115663802643573,-1.114826967275547,0.27624823999230536,-0.889975485581665,-1.1072138161631977,-1.2759914980716773,44,soyabean,loamy soil
17691,0.23773100905010616,0.17449124089587287,-0.6043429600973992,1.114202454544477,-0.49808561796467227,-0.36371687264470765,-0.6580168766878955,-0.6918876975228342,0.1596447633584634,-0.44640586857805975,-0.7980885945033599,-0.6819882179121513,44,soyabean,loamy soil
17700,1.3844123213239463,0.17449124089587287,-0.09597647149880119,-0.8975029591088394,0.4251700192479687,-0.3202555931738985,-1.0333520033503905,-0.9994798937066252,0.03440399215915092,-0.709590508000199,-0.6406097079974047,-0.8350442778305566,44,soyabean,well-drained soil
17703,0.23773100905010616,0.17449124089587287,-0.6043429600973992,1.114202454544477,-0.8058374970355525,-0.31647635148078496,-0.2485603748742641,-1.0376482684155628,0.20714988346854712,-0.19800688305604114,-1.6029806810893525,-0.7257185207459812,44,soyabean,loamy soil
17706,1.3844123213239463,0.17449124089587287,-0.09597647149880119,-0.8975029591088394,0.11741814017708838,-0.3145867306342279,-0.1632569369964243,-0.8706616290639608,0.49218060412905057,-0.6534050231797421,-1.0897161621069804,-1.0136096810686963,44,soyabean,well-drained soil
17707,0.23773100905010616,0.17449124089587287,-0.6043429600973992,1.114202454544477,-0.8058374970355525,-0.3221452140204556,0.16089612693936672,-0.9063041554465718,0.8160791503341684,-0.6711478078598865,-1.2296973945567182,-1.064628367708165,44,soyabean,loamy soil
17733,0.23773100905010616,0.17449124089587287,-0.6043429600973992,1.114202454544477,0.27129407971252784,-0.18987175476147206,1.1504160063223086,-1.1434532483072504,0.29784147640597985,-0.41979169155784374,-0.9555674810093149,-0.9990329134574197,44,soyabean,loamy soil
17798,1.3844123213239463,0.17449124089587287,-0.09597647149880119,-0.8975029591088394,-0.3442096784292314,-0.2881320387824313,0.7580201920842453,-0.5515627905046813,0.8117605030514338,-0.16252131369575262,-0.6464422593494771,-1.2759914980716773,44,soyabean,well-drained soil
17862,1.3844123213239463,0.17449124089587287,-0.09597647149880119,-0.8975029591088394,-0.19033373889379193,-0.35993763095159376,-0.0608928115430169,-0.7769245911758348,0.22442447259948697,-0.21574966773618517,-0.9147396215448081,-0.9698793782348663,44,soyabean,well-drained soil
17863,0.23773100905010616,0.17449124089587287,-0.6043429600973992,1.114202454544477,0.11741814017708838,-0.3070282472480004,0.1097140642126627,-1.117352815601874,0.30216012368871514,-0.7569046004805834,-0.6697724647577666,-0.7876697830939073,44,soyabean,loamy soil
17951,0.23773100905010616,0.17449124089587287,-0.6043429600973992,1.114202454544477,-0.49808561796467227,-0.2635669677771913,0.9456877554154931,-0.8583130372463634,0.5526416660873394,-0.5085056149585647,-1.3755111783585285,-0.6200369555642251,44,soyabean,loamy soil
17987,0.23773100905010616,0.17449124089587287,-0.6043429600973992,1.114202454544477,0.5790459587834081,-0.2182160674598257,-0.5727134388100558,-1.1768505761775707,0.21146853075128177,-0.14773565979563247,-1.0605534053466183,-1.3270101847111457,44,soyabean,loamy soil
17990,1.3844123213239463,0.17449124089587287,-0.09597647149880119,-0.8975029591088394,-0.3442096784292314,-0.2201056883063825,-1.1015947536526622,-1.2217545464233797,0.0862277595519699,-0.2689780217766177,-1.2938554594295149,-1.1229354381532717,44,soyabean,well-drained soil
17991,0.23773100905010616,0.17449124089587287,-0.6043429600973992,1.114202454544477,0.11741814017708838,-0.20498872153392728,0.8603843175376533,-0.9023750580500636,0.8290350921823736,-0.8397042623212565,-1.4804971026958318,-1.1848867005011978,44,soyabean,loamy soil
17993,0.23773100905010616,0.17449124089587287,-0.6043429600973992,1.114202454544477,0.11741814017708838,-0.3240348348670124,-1.1527768163793661,-0.6158315979189952,0.09918370140017449,-0.2482781063164494,-0.7455956323347083,-1.0974260948335375,44,soyabean,loamy soil
18014,0.9066284412098462,0.17449124089587287,-0.09597647149880119,-0.8975029591088394,0.4251700192479687,0.6491199011097948,1.6792973211649156,-0.5285495057537041,-0.2679013176322924,-0.06493599795495958,-0.3956425512103636,-0.17180135151746628,25,groundnut,sandy clay Loamy soil 
18033,1.3844123213239463,0.17449124089587287,-0.6043429600973992,1.114202454544477,-0.036457799358352465,0.7076981473530594,-1.9205077572799243,-0.7339851696282801,-0.2679013176322924,-0.32516350659707455,0.3042636110383256,0.05049435455450364,25,groundnut,well-drained soil
18044,0.9066284412098462,0.17449124089587287,-0.09597647149880119,-0.8975029591088394,0.11741814017708838,0.5999897590993153,3.3512447035705755,-0.8170575145830263,-0.2679013176322924,-0.5025913533985166,0.36842167591112224,-0.2993480681161375,25,groundnut,sandy clay Loamy soil 
18127,0.8110716651870262,0.17449124089587287,-0.6043429600973992,1.114202454544477,0.4251700192479687,0.613217105025214,-1.7499008815242447,-0.798253977042594,-0.2679013176322924,-0.14477852901560817,0.16428237858858785,-0.026033675404699152,25,groundnut,sandy Loamy soil
18138,1.3844123213239463,0.17449124089587287,-0.09597647149880119,-0.8975029591088394,0.11741814017708838,0.7587179102100956,-0.35092450032767214,-0.8414740484041852,-0.2679013176322924,-0.15069279057565632,-0.05152202143809151,-0.2957038762133183,25,groundnut,well-drained soil
18184,0.8110716651870262,0.17449124089587287,-0.09597647149880119,-0.8975029591088394,0.11741814017708838,0.7076981473530594,-0.23149968729869652,-0.9764666089556483,-0.2679013176322924,-0.5972195383592855,0.22844044346138445,-0.5034228146740116,25,groundnut,sandy Loamy soil
18211,0.8110716651870262,0.17449124089587287,-0.6043429600973992,1.114202454544477,-0.036457799358352465,0.7606075310566525,1.5428118205603711,-0.8294061064006241,-0.2679013176322924,-0.9047611394817852,-0.31981938363342205,-0.4924902389655539,25,groundnut,sandy Loamy soil
18244,0.8110716651870262,0.17449124089587287,-0.09597647149880119,-0.8975029591088394,0.4251700192479687,0.6075482424855431,1.406326319955828,-1.0255803264120018,-0.2679013176322924,-0.8160472160810641,0.15261727588444285,-0.051543018724433246,25,groundnut,sandy Loamy soil
18248,0.9066284412098462,0.17449124089587287,-0.09597647149880119,-0.8975029591088394,0.27129407971252784,0.7454905642841975,3.3512447035705755,-0.898165310839519,-0.2679013176322924,-0.5055484841785405,-0.2964891782251325,0.04320597074886519,25,groundnut,sandy clay Loamy soil 
18270,1.3844123213239463,0.17449124089587287,-0.09597647149880119,-0.8975029591088394,0.4251700192479687,0.6623472470356935,-0.8456844400191428,-0.5352851012905754,-0.2679013176322924,-0.3310777681571227,-0.4131402052665807,-0.26655034099076497,25,groundnut,well-drained soil
18281,0.9066284412098462,0.17449124089587287,-0.6043429600973992,1.114202454544477,0.27129407971252784,0.7133670098927297,3.521851579326255,-1.0244577271558566,-0.2679013176322924,-0.9225039241619294,0.39758443267148424,-0.2774829166992224,25,groundnut,sandy clay Loamy soil 
18282,1.3844123213239463,0.17449124089587287,-0.09597647149880119,-0.8975029591088394,0.11741814017708838,0.6056586216389862,2.600574450245585,-0.8602775859446178,-0.2679013176322924,-0.7450760773604873,0.36258912455904974,-0.00416852398778403,25,groundnut,well-drained soil
18320,0.9066284412098462,0.17449124089587287,-0.09597647149880119,-0.8975029591088394,0.27129407971252784,0.6850226971943761,0.604474003904134,-0.9326852379659846,-0.2679013176322924,-0.9077182702618092,-0.45980061608316025,-0.5034228146740116,25,groundnut,sandy clay Loamy soil 
18336,1.3844123213239463,0.17449124089587287,-0.09597647149880119,-0.8975029591088394,0.4251700192479687,0.7039189056599452,2.2934820738853623,-0.5886085659574735,-0.2679013176322924,-0.5203341380786606,0.08262665965957418,0.10515723309679133,25,groundnut,well-drained soil
18369,1.3844123213239463,0.17449124089587287,-0.6043429600973992,1.114202454544477,0.4251700192479687,0.7379320808979698,1.3722049448046916,-0.9963927457522261,-0.2679013176322924,-0.626790846159526,-0.20900090794404635,-0.04425463491879505,25,groundnut,well-drained soil
18398,0.9066284412098462,0.17449124089587287,-0.09597647149880119,-0.8975029591088394,0.4251700192479687,0.7190358724324006,3.2659412656927356,-0.7724341941512538,-0.2679013176322924,-0.32516350659707455,0.5259005624170775,-0.3248574114358716,25,groundnut,sandy clay Loamy soil 
18405,1.3844123213239463,0.17449124089587287,-0.6043429600973992,1.114202454544477,0.11741814017708838,0.613217105025214,2.9247275141813764,-0.9899378000293909,-0.2679013176322924,-0.2453209755364255,0.035966248842994646,-0.5690182689247567,25,groundnut,well-drained soil
18455,0.9066284412098462,0.17449124089587287,-0.6043429600973992,1.114202454544477,0.27129407971252784,0.7020292848133884,-1.1698375039549345,-0.5299527548238856,-0.2679013176322924,-0.23940671397637736,0.4209146380797738,-0.2373968057682114,25,groundnut,sandy clay Loamy soil 
18487,0.8110716651870262,0.17449124089587287,-0.6043429600973992,1.114202454544477,0.4251700192479687,0.5924312757130875,3.4536088290239833,-1.0480323115349064,-0.2679013176322924,-0.892932616361689,-0.10984753495881562,-0.08434074584980605,25,groundnut,sandy Loamy soil
18528,1.3844123213239463,0.17449124089587287,-0.09597647149880119,-0.8975029591088394,0.27129407971252784,0.6547887636494657,-0.7603810021413029,-0.5279882061256314,-0.2679013176322924,-0.42570595311789144,-0.2381636647044084,-0.41596220900635106,25,groundnut,well-drained soil
18547,0.8110716651870262,0.17449124089587287,-0.6043429600973992,1.114202454544477,0.5790459587834081,0.6415614177235676,-1.4257478175884537,-0.8490515933831655,-0.2679013176322924,-0.22166392929623333,0.5900586272898737,-0.5252879660909264,25,groundnut,sandy Loamy soil
18644,0.9066284412098462,0.17449124089587287,-0.09597647149880119,-0.8975029591088394,-0.036457799358352465,0.632113313490783,1.8157828217694587,-1.0581357048402131,-0.2679013176322924,-0.22757819085628148,-0.06318712414223608,-0.2738387247964032,25,groundnut,sandy clay Loamy soil 
18654,1.3844123213239463,0.17449124089587287,-0.09597647149880119,-0.8975029591088394,0.4251700192479687,0.6207755884114412,3.095334389937056,-0.6141476990347774,-0.2679013176322924,-0.31333498347697825,0.14678472453237076,-0.48884604706273466,25,groundnut,well-drained soil
18659,0.9066284412098462,0.17449124089587287,-0.6043429600973992,1.114202454544477,0.11741814017708838,0.6680161095753638,0.655656066630838,-0.7050782387825404,-0.2679013176322924,-0.5972195383592855,0.3800867786152672,-0.03696625111315659,25,groundnut,sandy clay Loamy soil 
18689,0.9066284412098462,0.17449124089587287,-0.6043429600973992,1.114202454544477,0.11741814017708838,0.6585680053425793,0.7409595045086778,-0.9183720974501328,-0.2679013176322924,-0.2689780217766177,0.08262665965957418,-0.4414715523260854,25,groundnut,sandy clay Loamy soil 
18690,1.3844123213239463,0.17449124089587287,-0.09597647149880119,-0.8975029591088394,0.11741814017708838,0.6094378633320998,2.8735454514546728,-0.7662598982424552,-0.2679013176322924,-0.7657759928206557,0.11762196777200873,-0.43418316852044697,25,groundnut,well-drained soil
18699,1.3844123213239463,0.17449124089587287,-0.6043429600973992,1.114202454544477,0.11741814017708838,0.7020292848133884,2.549392387518882,-0.8291254565865878,-0.2679013176322924,-0.6149623230394298,-0.05152202143809151,-0.5872392284388526,25,groundnut,well-drained soil
18719,0.9066284412098462,0.17449124089587287,-0.6043429600973992,1.114202454544477,0.4251700192479687,0.6925811805806039,0.22913887724163892,-1.0494355606050878,-0.2679013176322924,-0.9018040087017613,-0.016526713325656965,0.057782738360142104,25,groundnut,sandy clay Loamy soil 
18770,0.9066284412098462,0.17449124089587287,-0.09597647149880119,-0.8975029591088394,0.11741814017708838,0.6831330763478193,1.3892656323802597,-0.8588743368744363,-0.2679013176322924,-0.6090480614793816,-0.32565193498549455,-0.4924902389655539,25,groundnut,sandy clay Loamy soil 
18837,1.3844123213239463,0.17449124089587287,-0.6043429600973992,1.114202454544477,0.5790459587834081,0.6623472470356935,-0.6921382518390313,-1.04775166172087,-0.2679013176322924,-0.44640586857805975,0.5433982164732946,0.0832920816798762,25,groundnut,well-drained soil
18848,0.9066284412098462,0.17449124089587287,-0.09597647149880119,-0.8975029591088394,0.5790459587834081,0.7606075310566525,3.0782737023614875,-0.6848714521719266,-0.2679013176322924,-0.638619369279622,0.2051102380530949,0.010408243623492632,25,groundnut,sandy clay Loamy soil 
18892,0.8110716651870262,0.17449124089587287,-0.09597647149880119,-0.8975029591088394,-0.036457799358352465,0.6396717968770103,1.4575083826825315,-0.5456691444099188,-0.2679013176322924,-0.4345773454579639,0.6017237299940186,-0.4924902389655539,25,groundnut,sandy Loamy soil
18902,0.9066284412098462,0.17449124089587287,-0.09597647149880119,-0.8975029591088394,-0.036457799358352465,0.7076981473530594,-1.3233836921350457,-0.8268802580742971,-0.2679013176322924,-0.3074207219169301,0.6892120002751048,-0.5799508446332141,25,groundnut,sandy clay Loamy soil 
18905,0.9066284412098462,0.17449124089587287,-0.6043429600973992,1.114202454544477,0.27129407971252784,0.6906915597340471,-0.6750775642634631,-0.6525967235577513,-0.2679013176322924,-0.7273332926803431,-0.3781448971541462,-0.5070670065768306,25,groundnut,sandy clay Loamy soil 
18934,0.8110716651870262,0.17449124089587287,-0.09597647149880119,-0.8975029591088394,0.11741814017708838,0.6472302802632379,0.041471313910391105,-0.7774858908039075,-0.2679013176322924,-0.7480332081405113,0.5492307678253671,-0.5799508446332141,25,groundnut,sandy Loamy soil
18935,0.9066284412098462,0.17449124089587287,-0.6043429600973992,1.114202454544477,0.4251700192479687,0.6056586216389862,1.0309911932933329,-0.8731874773902876,-0.2679013176322924,-0.3369920297171704,-0.31981938363342205,-0.2774829166992224,25,groundnut,sandy clay Loamy soil 
18955,0.8110716651870262,0.17449124089587287,-0.6043429600973992,1.114202454544477,0.4251700192479687,0.7171462515858439,-1.9716898200066284,-0.7452111621897324,-0.2679013176322924,-0.14182139823558432,-0.15650794577539473,0.07964788977705697,25,groundnut,sandy Loamy soil
18960,1.3844123213239463,0.17449124089587287,-0.09597647149880119,-0.8975029591088394,0.27129407971252784,0.6774642138081484,0.8945056926887891,-0.8240737599339341,-0.2679013176322924,-0.8751898316815447,0.5958911786419462,0.0832920816798762,25,groundnut,well-drained soil
18980,0.9066284412098462,0.17449124089587287,-0.09597647149880119,-0.8975029591088394,0.11741814017708838,0.7020292848133884,-1.613415380919701,-0.5594209852976977,-0.2679013176322924,-0.3843061221975552,-0.06318712414223608,0.057782738360142104,25,groundnut,sandy clay Loamy soil 
18993,1.3844123213239463,0.17449124089587287,-0.6043429600973992,1.114202454544477,-0.036457799358352465,0.7473801851307543,2.600574450245585,-0.991060399285536,-0.2679013176322924,-0.27193515255664197,0.047631351547139635,-0.09162912965544426,25,groundnut,well-drained soil
19000,-1.100063855269374,0.17449124089587287,-0.09597647149880119,-0.8975029591088394,0.8867978378542885,-0.4374120856604269,-0.2656210624498323,-1.1653439338020821,0.6476519063075076,-0.2867208064567622,-1.2763578053732976,-0.8532652373446525,47,sunflower,Loamy soil
19002,-0.4311664231096339,0.17449124089587287,-0.09597647149880119,-0.8975029591088394,1.3484256564606083,-0.41662625634830097,-0.6068348139611915,-1.2425226326620662,1.027692867188179,-0.4759771763783001,-0.9147396215448081,-1.1375122057645486,47,sunflower,clay Loamy soil
19015,0.7155148891642061,0.17449124089587287,-0.6043429600973992,1.114202454544477,0.11741814017708838,-0.34482066417913854,-0.1632569369964243,-1.334856421480011,1.010418278057239,-0.7509903389205355,-1.153874226979777,-1.3197218009055074,47,sunflower,salty clay Loamy soil
19030,-0.4311664231096339,0.17449124089587287,-0.09597647149880119,-0.8975029591088394,2.1178053541378086,-0.2900216596289881,-0.026771436391880492,-1.435048405090972,1.131340401973817,-1.0940175094033235,-0.7222654269264187,-1.2504821547519431,47,sunflower,clay Loamy soil
19075,0.7155148891642061,0.17449124089587287,-0.6043429600973992,1.114202454544477,0.7329218983188477,-0.3202555931738985,-0.1973783121475601,-1.1906024170653495,0.5569603133700741,-0.5025913533985166,-0.5181261296038844,-0.6856324098149705,47,sunflower,salty clay Loamy soil
19111,0.7155148891642061,0.17449124089587287,-0.6043429600973992,1.114202454544477,-0.036457799358352465,-0.2767943137030897,-0.6068348139611915,-1.2077220557215642,0.9499572160989509,-0.36952046829743507,-1.4804971026958318,-1.04276321629125,47,sunflower,salty clay Loamy soil
19125,1.1932987692783061,0.17449124089587287,-0.6043429600973992,1.114202454544477,1.963929414602369,-0.3712753560309351,-0.0779534991185845,-1.1086526713667484,0.5353670769563996,-0.638619369279622,-1.11304636751527,-1.0573399839025266,47,sunflower,silty Loamy soil
19126,-0.4311664231096339,0.17449124089587287,-0.09597647149880119,-0.8975029591088394,-0.19033373889379193,-0.36182725179815056,-0.3679851879032397,-1.3702182980485853,0.5612789606528095,-0.34290629127721856,-1.1072138161631977,-0.6746998341065128,47,sunflower,clay Loamy soil
19183,0.7155148891642061,0.17449124089587287,-0.6043429600973992,1.114202454544477,1.3484256564606083,-0.40906777296207325,-0.5385920636589193,-1.316614183567651,1.088153929146468,-0.9934750628825062,-0.6989352215181287,-0.8131791264136418,47,sunflower,salty clay Loamy soil
19187,0.7155148891642061,0.17449124089587287,-0.6043429600973992,1.114202454544477,1.8100534750669282,-0.3807234602637196,0.041471313910391105,-1.4687263827753287,0.479224662280846,-1.0171321091226986,-0.9322372756010252,-0.900639732081302,47,sunflower,salty clay Loamy soil
19199,0.7155148891642061,0.17449124089587287,-0.6043429600973992,1.114202454544477,1.1945497169251689,-0.3977300478827319,-0.6580168766878955,-1.428593459368137,1.1356590492565517,-0.0974644365352238,-1.0022278918258942,-0.860553621150291,47,sunflower,salty clay Loamy soil
19205,1.1932987692783061,0.17449124089587287,-0.6043429600973992,1.114202454544477,0.8867978378542885,-0.3901715644965042,-0.3338638127521039,-1.347766312925681,0.837672386747843,-0.8633613085614487,-0.5122935782518119,-1.254126346654762,47,sunflower,silty Loamy soil
19229,1.1932987692783061,0.17449124089587287,-0.6043429600973992,1.114202454544477,0.4251700192479687,-0.3788338394171628,-0.5556527512344875,-1.3530986593923708,0.6087840807628931,-0.30150646035688233,-0.6464422593494771,-0.8277558940249184,47,sunflower,silty Loamy soil
19235,0.7155148891642061,0.17449124089587287,-0.6043429600973992,1.114202454544477,0.4251700192479687,-0.4487498107397685,-0.3168031251765363,-1.0934975814087877,0.6044654334801585,-0.27784941411668973,-0.8914094161365186,-0.6965649855234279,47,sunflower,salty clay Loamy soil
19258,-0.4311664231096339,0.17449124089587287,-0.09597647149880119,-0.8975029591088394,1.5023015959960477,-0.36182725179815056,-0.4874100009322159,-1.428593459368137,0.6044654334801585,-1.0910603786232993,-0.7805909404471428,-0.8641978130531102,47,sunflower,clay Loamy soil
19348,-1.100063855269374,0.17449124089587287,-0.09597647149880119,-0.8975029591088394,0.11741814017708838,-0.458197914972553,-0.026771436391880492,-1.2096866044198185,0.6735637900039168,-1.1709029096839483,-0.5764516431246085,-0.6091043798557677,47,sunflower,Loamy soil
19370,-0.4311664231096339,0.17449124089587287,-0.09597647149880119,-0.8975029591088394,1.6561775355314885,-0.4317432231207562,-0.5044706885077835,-1.3693763486064765,0.7124316155485311,-0.5794767536791413,-0.7339305296305633,-0.8569094292474717,47,sunflower,clay Loamy soil
19416,-1.100063855269374,0.17449124089587287,-0.09597647149880119,-0.8975029591088394,1.3484256564606083,-0.41095739380863033,-0.5215313760833518,-1.4238224125295198,0.8506283285960482,-0.3517776836172906,-1.1072138161631977,-0.6819882179121513,47,sunflower,Loamy soil
19446,-0.4311664231096339,0.17449124089587287,-0.09597647149880119,-0.8975029591088394,-0.19033373889379193,-0.3996196687292887,-0.4703493133566477,-1.3480469627397171,0.5526416660873394,-0.14477852901560817,-0.6756050161098391,-1.0318306405827924,47,sunflower,clay Loamy soil
19484,-1.100063855269374,0.17449124089587287,-0.09597647149880119,-0.8975029591088394,1.963929414602369,-0.35993763095159376,-0.4191672506299437,-1.2916363501184196,0.48786195684631595,-0.6327051077195741,-0.6989352215181287,-0.6419021069811403,47,sunflower,Loamy soil
19526,-0.4311664231096339,0.17449124089587287,-0.09597647149880119,-0.8975029591088394,0.8867978378542885,-0.4411913273535407,0.024410626334822903,-1.2035123085110198,0.7297062046794703,-0.9905179321024823,-0.9205721728968805,-0.7402952883572582,47,sunflower,clay Loamy soil
19534,-0.4311664231096339,0.17449124089587287,-0.09597647149880119,-0.8975029591088394,1.8100534750669282,-0.4393017065069839,-0.5556527512344875,-1.4656392348209293,0.42308224760529234,-0.7302904234603671,-0.8097536972075049,-0.8241117021220992,47,sunflower,clay Loamy soil
19540,-1.100063855269374,0.17449124089587287,-0.09597647149880119,-0.8975029591088394,1.1945497169251689,-0.2749046928565329,-0.2144389997231283,-1.1299820572335075,0.5440043715218695,-1.2093456098242608,-1.2121997405005012,-1.1484447814730059,47,sunflower,Loamy soil
19596,-1.100063855269374,0.17449124089587287,-0.09597647149880119,-0.8975029591088394,1.0406737773897279,-0.31647635148078496,-0.6068348139611915,-1.2798490579288948,1.1486149911047563,-1.1235888172035637,-0.8914094161365186,-1.1557331652786444,47,sunflower,Loamy soil
19609,1.1932987692783061,0.17449124089587287,-0.6043429600973992,1.114202454544477,0.5790459587834081,-0.4298536022741994,-0.4874100009322159,-1.384531438564437,1.1097471655601425,-0.9047611394817852,-1.1013812648111252,-0.8277558940249184,47,sunflower,silty Loamy soil
19617,1.1932987692783061,0.17449124089587287,-0.6043429600973992,1.114202454544477,1.1945497169251689,-0.4374120856604269,-0.2485603748742641,-1.360676204371351,0.6131027280456284,-0.9964321936625302,-0.7397630809826358,-0.8277558940249184,47,sunflower,silty Loamy soil
19625,1.1932987692783061,0.17449124089587287,-0.6043429600973992,1.114202454544477,-0.19033373889379193,-0.42040549804141486,-0.1291355618452885,-1.1092139709948208,0.40148901119161784,-0.9165896626018815,-1.3463484215981665,-0.8168233183164607,47,sunflower,silty Loamy soil
19645,1.1932987692783061,0.17449124089587287,-0.6043429600973992,1.114202454544477,0.4251700192479687,-0.3807234602637196,0.024410626334822903,-1.4033349761048695,0.6692451427211821,-0.34586342205724285,-0.5181261296038844,-0.6601230664952361,47,sunflower,silty Loamy soil
19647,0.7155148891642061,0.17449124089587287,-0.6043429600973992,1.114202454544477,0.4251700192479687,-0.35426876841192306,-0.1632569369964243,-1.4945461656666688,0.9888250416435647,-0.45823439169815605,-0.9672325837134597,-0.8569094292474717,47,sunflower,salty clay Loamy soil
19648,-1.100063855269374,0.17449124089587287,-0.09597647149880119,-0.8975029591088394,1.963929414602369,-0.4393017065069839,-0.6921382518390313,-1.3522567099502618,0.5396857242391349,-0.5824338844591654,-0.8505815566720115,-1.2176844276265704,47,sunflower,Loamy soil
19652,-1.100063855269374,0.17449124089587287,-0.09597647149880119,-0.8975029591088394,0.11741814017708838,-0.3315933182532401,-0.3679851879032397,-1.4558164913296587,0.9024520959888666,-0.6652335462998384,-1.3638460756543838,-0.8678420049559294,47,sunflower,Loamy soil
19757,1.1932987692783061,0.17449124089587287,-0.6043429600973992,1.114202454544477,1.963929414602369,-0.3202555931738985,-0.7603810021413029,-1.1027590252719859,1.1356590492565517,-0.5439911843188531,-1.223864843204646,-1.0937819029307183,47,sunflower,silty Loamy soil
19797,1.1932987692783061,0.17449124089587287,-0.6043429600973992,1.114202454544477,0.7329218983188477,-0.3807234602637196,-0.7945023772924388,-1.3836894891223281,0.6735637900039168,-0.6445336308396702,-1.4221715891751077,-0.802246550705184,47,sunflower,silty Loamy soil
19821,1.1932987692783061,0.17449124089587287,-0.6043429600973992,1.114202454544477,-0.19033373889379193,-0.34482066417913854,-0.0438321239674487,-1.332330573153684,0.5699162552182794,-0.4552772609181318,-0.5414563350121739,-1.046407408194069,47,sunflower,silty Loamy soil
19894,-0.4311664231096339,0.17449124089587287,-0.09597647149880119,-0.8975029591088394,0.7329218983188477,-0.3788338394171628,-0.7774416897168711,-1.094620180664933,1.0147369253399745,-0.7214190311202952,-1.2646927026691528,-0.9844561458461429,47,sunflower,clay Loamy soil
19941,1.1932987692783061,0.17449124089587287,-0.6043429600973992,1.114202454544477,0.4251700192479687,-0.42229511888797167,-0.7603810021413029,-1.2152996007005445,1.1442963438220215,-0.8130900853010402,-1.5329900648644836,-0.7876697830939073,47,sunflower,silty Loamy soil
19942,-0.4311664231096339,0.17449124089587287,-0.09597647149880119,-0.8975029591088394,0.8867978378542885,-0.42418473973452847,-0.0608928115430169,-1.2346644378690497,1.1054285182774073,-0.09155017497517565,-0.9439023783051701,-0.7986023588023649,47,sunflower,clay Loamy soil
19966,-0.4311664231096339,0.17449124089587287,-0.09597647149880119,-0.8975029591088394,1.3484256564606083,-0.35237914756536604,-0.18031762457199252,-1.2021090594408381,1.1011098709946725,-1.061489070823059,-1.28219035672537,-0.9297932673038553,47,sunflower,clay Loamy soil
19984,-1.100063855269374,0.17449124089587287,-0.09597647149880119,-0.8975029591088394,0.27129407971252784,-0.3996196687292887,-0.6580168766878955,-1.2677811159253336,0.7469807938104102,-1.1768171712439963,-1.4804971026958318,-1.1192912462504527,47,sunflower,Loamy soil
19998,-0.4311664231096339,0.17449124089587287,-0.09597647149880119,-0.8975029591088394,0.4251700192479687,-0.45441867327943913,-0.0779534991185845,-1.1204399635562732,0.39717036390888316,-1.0910603786232993,-1.0547208539945458,-0.6783440260093321,47,sunflower,clay Loamy soil
20008,-1.100063855269374,0.17449124089587287,-0.09597647149880119,-0.8975029591088394,1.0406737773897279,-0.41473663550174394,0.28032093996834234,-1.4389775024874802,0.9197266851198064,-1.3039737947850298,-1.4863296540479043,-1.0063212972630582,23,gingely,Loamy soil
20025,1.1932987692783061,0.17449124089587287,-0.6043429600973992,1.114202454544477,-1.5752171947127527,-0.3901715644965042,1.3551442572291246,-1.445993747838388,0.41012630575708775,-1.7238863655484427,-0.7047677728702012,-1.1557331652786444,23,gingely,silty Loamy soil
20058,-0.4311664231096339,0.17449124089587287,-0.09597647149880119,-0.8975029591088394,-1.2674653156418723,-0.3788338394171628,1.0139305057177648,-1.4280321597400645,1.1097471655601425,-1.6056011343474814,-1.5154924108082664,-1.024542256777154,23,gingely,clay Loamy soil
20062,-0.4311664231096339,0.17449124089587287,-0.09597647149880119,-0.8975029591088394,0.4251700192479687,-0.4374120856604269,0.6385953790552698,-1.380041041539856,1.131340401973817,-1.2477883099645732,-1.3871762810626733,-0.9771677620405046,23,gingely,clay Loamy soil
20075,0.7155148891642061,0.17449124089587287,-0.6043429600973992,1.114202454544477,-1.421341255177312,-0.45441867327943913,0.7921415672353811,-1.487529920315761,0.5612789606528095,-1.6972721885282265,-1.2705252540212253,-0.7184301369403431,23,gingely,salty clay Loamy soil
20117,1.1932987692783061,0.17449124089587287,-0.6043429600973992,1.114202454544477,-0.49808561796467227,-0.3712753560309351,0.12677475178823092,-1.3965993805679981,0.9499572160989509,-1.4370446798861114,-0.7572607350388528,-1.2140402357237514,23,gingely,silty Loamy soil
20157,1.1932987692783061,0.17449124089587287,-0.6043429600973992,1.114202454544477,1.1945497169251689,-0.41473663550174394,0.26326025239277473,-1.3724634965608757,0.9283639796852763,-1.6115153959075295,-1.5038273081041216,-1.1083586705419952,23,gingely,silty Loamy soil
20170,-0.4311664231096339,0.17449124089587287,-0.09597647149880119,-0.8975029591088394,0.27129407971252784,-0.3996196687292887,0.1950175020905025,-1.4796717255227447,0.6519705535902421,-1.410430502865895,-0.7689258377429978,-1.1593773571814636,23,gingely,clay Loamy soil
20175,0.7155148891642061,0.17449124089587287,-0.6043429600973992,1.114202454544477,-1.421341255177312,-0.40906777296207325,0.7750808796598135,-1.4013704274066154,0.6865197318521213,-1.2537025715246213,-1.0780510594028356,-0.7840255911910882,23,gingely,salty clay Loamy soil
20203,0.7155148891642061,0.17449124089587287,-0.6043429600973992,1.114202454544477,-1.421341255177312,-0.4185158771948578,0.1950175020905025,-1.4998785121333589,0.6865197318521213,-1.4163447644259433,-1.3171856648378044,-0.9698793782348663,23,gingely,salty clay Loamy soil
20208,-1.100063855269374,0.17449124089587287,-0.09597647149880119,-0.8975029591088394,-0.19033373889379193,-0.40717815211551645,0.6215346914797015,-1.5018430608316131,0.7426621465276756,-1.5582870418670967,-0.8039211458554324,-1.0099654891658774,23,gingely,Loamy soil
20210,-0.4311664231096339,0.17449124089587287,-0.09597647149880119,-0.8975029591088394,1.6561775355314885,-0.42040549804141486,1.2527801317757166,-1.4869686206876886,0.9154080378370717,-1.230045525284429,-1.0722185080507631,-0.6674114503008746,23,gingely,clay Loamy soil
20228,-1.100063855269374,0.17449124089587287,-0.09597647149880119,-0.8975029591088394,1.8100534750669282,-0.40339891042240256,0.5362312536018617,-1.432241906950609,1.010418278057239,-1.8126002889491637,-0.9205721728968805,-1.3160776090026882,23,gingely,Loamy soil
20240,-1.100063855269374,0.17449124089587287,-0.09597647149880119,-0.8975029591088394,1.1945497169251689,-0.4298536022741994,0.48504919087515835,-1.4384162028594076,1.0320115144709137,-1.726843496328467,-1.0547208539945458,-1.126579630056091,23,gingely,Loamy soil
20290,-0.4311664231096339,0.17449124089587287,-0.09597647149880119,-0.8975029591088394,1.963929414602369,-0.3807234602637196,1.1333553187467404,-1.4883718697578703,1.114065812842877,-1.5996868727874332,-1.468831999991687,-0.8569094292474717,23,gingely,clay Loamy soil
20334,-0.4311664231096339,0.17449124089587287,-0.09597647149880119,-0.8975029591088394,-0.036457799358352465,-0.3845027019568335,1.0992339435956047,-1.4125964199680676,0.6476519063075076,-1.233002656064453,-1.4046739351188906,-1.268703114266039,23,gingely,clay Loamy soil
20365,1.1932987692783061,0.17449124089587287,-0.6043429600973992,1.114202454544477,-0.8058374970355525,-0.40339891042240256,0.22913887724163892,-1.4095092720136682,1.1356590492565517,-1.5523727803070488,-0.6464422593494771,-1.268703114266039,23,gingely,silty Loamy soil
20371,0.7155148891642061,0.17449124089587287,-0.6043429600973992,1.114202454544477,-0.3442096784292314,-0.3769442185706058,1.6622366335893475,-1.451606744119114,0.5137738405427251,-1.6292581805876736,-0.4772982701393773,-1.0136096810686963,23,gingely,salty clay Loamy soil
20375,0.7155148891642061,0.17449124089587287,-0.6043429600973992,1.114202454544477,-0.3442096784292314,-0.3996196687292887,0.3997457529973185,-1.3907057344732356,0.4533127785844368,-1.2684882254247414,-1.398841383766818,-1.2905682656829538,23,gingely,salty clay Loamy soil
20399,0.7155148891642061,0.17449124089587287,-0.6043429600973992,1.114202454544477,-0.9597134365709921,-0.40339891042240256,1.0480518808689006,-1.4569390905858042,0.522411135108195,-1.7919003734889953,-1.1013812648111252,-1.1338680138617294,23,gingely,salty clay Loamy soil
20498,-0.4311664231096339,0.17449124089587287,-0.09597647149880119,-0.8975029591088394,-0.6519615575001118,-0.4185158771948578,1.3380835696535565,-1.4109125210838498,0.6346959644593029,-1.4340875491060874,-1.11304636751527,-0.8131791264136418,23,gingely,clay Loamy soil
20530,-0.4311664231096339,0.17449124089587287,-0.09597647149880119,-0.8975029591088394,-0.3442096784292314,-0.41095739380863033,1.6792973211649156,-1.472655480171837,0.6606078481557122,-1.5967297420074094,-1.4280041405271802,-1.08649351912508,23,gingely,clay Loamy soil
20564,-1.100063855269374,0.17449124089587287,-0.09597647149880119,-0.8975029591088394,0.8867978378542885,-0.40528853126895936,0.3485636902706145,-1.3980026296381798,0.8117605030514338,-1.7091007116483226,-0.9963953404738217,-1.246837962849124,23,gingely,Loamy soil
20571,0.7155148891642061,0.17449124089587287,-0.6043429600973992,1.114202454544477,2.1178053541378086,-0.458197914972553,0.1438354393637991,-1.3766732437714204,1.1054285182774073,-1.7712004580288274,-0.7222654269264187,-0.8386884697333759,23,gingely,salty clay Loamy soil
20603,0.7155148891642061,0.17449124089587287,-0.6043429600973992,1.114202454544477,-1.1135893761064315,-0.4298536022741994,0.5703526287529982,-1.479952375336781,0.4446754840189669,-1.6351724421477216,-1.4863296540479043,-1.330654376613965,23,gingely,salty clay Loamy soil
20626,-0.4311664231096339,0.17449124089587287,-0.09597647149880119,-0.8975029591088394,2.1178053541378086,-0.4374120856604269,1.5939938832870757,-1.4271902102979555,0.7253875573967357,-1.564201303427145,-0.6406097079974047,-0.6637672583980554,23,gingely,clay Loamy soil
20690,-0.4311664231096339,0.17449124089587287,-0.09597647149880119,-0.8975029591088394,-0.8058374970355525,-0.41284701465518714,1.5428118205603711,-1.3791990920977473,0.4749060149981113,-1.664743749947962,-1.6088132324414248,-1.268703114266039,23,gingely,clay Loamy soil
20696,-1.100063855269374,0.17449124089587287,-0.09597647149880119,-0.8975029591088394,1.8100534750669282,-0.3882819436499474,0.8945056926887891,-1.390986384287272,0.5915094916319539,-1.664743749947962,-1.5796504756810628,-1.166665740987102,23,gingely,Loamy soil
20731,0.7155148891642061,0.17449124089587287,-0.6043429600973992,1.114202454544477,-0.8058374970355525,-0.4317432231207562,1.3722049448046916,-1.398283279452216,0.7599367356586147,-1.6765722730680581,-0.9322372756010252,-0.8641978130531102,23,gingely,salty clay Loamy soil
20767,0.7155148891642061,0.17449124089587287,-0.6043429600973992,1.114202454544477,-1.2674653156418723,-0.4468601898932114,0.5874133163285657,-1.4448711485822427,0.7253875573967357,-1.7859861119289475,-0.6931026701660566,-0.8496210454418335,23,gingely,salty clay Loamy soil
20775,0.7155148891642061,0.17449124089587287,-0.6043429600973992,1.114202454544477,1.3484256564606083,-0.4411913273535407,0.5874133163285657,-1.439819451929589,0.9888250416435647,-1.484358772366496,-0.570619091772536,-0.9370816511094937,23,gingely,salty clay Loamy soil
20778,-0.4311664231096339,0.17449124089587287,-0.09597647149880119,-0.8975029591088394,-0.6519615575001118,-0.4374120856604269,0.38268506542175035,-1.393792882427635,1.1918014639321053,-1.6824865346281064,-1.253027599965008,-1.2176844276265704,23,gingely,clay Loamy soil
20843,0.7155148891642061,0.17449124089587287,-0.6043429600973992,1.114202454544477,0.4251700192479687,-0.3920611853430612,1.3210228820779881,-1.430558008066391,0.7901672666377593,-1.7091007116483226,-1.183036983740139,-0.8314000859277376,23,gingely,salty clay Loamy soil
20881,1.1932987692783061,0.17449124089587287,-0.6043429600973992,1.114202454544477,0.27129407971252784,-0.3788338394171628,0.877445005113221,-1.4973526638070318,0.5051365459772558,-1.2803167485448377,-0.5881167458287531,-1.2504821547519431,23,gingely,silty Loamy soil
20921,1.1932987692783061,0.17449124089587287,-0.6043429600973992,1.114202454544477,0.7329218983188477,-0.4411913273535407,0.33150300269504634,-1.5001591619473948,0.5180924878254604,-1.3010166640050058,-1.3463484215981665,-1.330654376613965,23,gingely,silty Loamy soil
20949,1.1932987692783061,0.17449124089587287,-0.6043429600973992,1.114202454544477,1.3484256564606083,-0.3863923228033903,0.26326025239277473,-1.4255063114137376,0.6951570264175913,-1.726843496328467,-0.7164328755743462,-0.900639732081302,23,gingely,silty Loamy soil
20958,-0.4311664231096339,0.17449124089587287,-0.09597647149880119,-0.8975029591088394,0.8867978378542885,-0.3863923228033903,0.07559268906152691,-1.3915476839153447,0.5958281389146886,-1.7652861964687792,-1.3055205621336596,-0.7840255911910882,23,gingely,clay Loamy soil
20967,0.7155148891642061,0.17449124089587287,-0.6043429600973992,1.114202454544477,2.1178053541378086,-0.4298536022741994,0.09265337663709511,-1.390144434845163,0.7858486193550246,-1.2744024869847894,-1.5329900648644836,-0.9225048834982169,23,gingely,salty clay Loamy soil
20975,0.7155148891642061,0.17449124089587287,-0.6043429600973992,1.114202454544477,-0.3442096784292314,-0.4317432231207562,0.7238988169331095,-1.4198933151330115,0.41444495303982243,-1.2477883099645732,-0.5939492971808256,-0.7548720559685348,23,gingely,salty clay Loamy soil
20994,-0.4311664231096339,0.17449124089587287,-0.09597647149880119,-0.8975029591088394,-0.49808561796467227,-0.3693857351843783,1.2357194442001485,-1.422138513645302,1.2393065840421895,-1.2625739638646933,-1.223864843204646,-1.1192912462504527,23,gingely,clay Loamy soil
21013,1.1932987692783061,0.17449124089587287,-0.6043429600973992,1.114202454544477,0.5790459587834081,0.2693061109518564,-0.4191672506299437,-1.0870426356859528,0.8938148014233972,-0.4523201301381079,-0.8797443134323736,-0.6163927636614059,13,castor,silty Loamy soil
21035,0.7155148891642061,0.17449124089587287,-0.6043429600973992,1.114202454544477,-1.421341255177312,0.7832829812153357,-0.1632569369964243,-1.0870426356859528,0.6692451427211821,-0.884061224021617,-0.6231120539411876,-0.8241117021220992,13,castor,salty clay Loamy soil
21069,1.1932987692783061,0.17449124089587287,-0.6043429600973992,1.114202454544477,1.6561775355314885,0.9382318906330018,-0.23149968729869652,-1.0870426356859528,0.5180924878254604,-0.6001766691393097,-0.8797443134323736,-0.6783440260093321,13,castor,silty Loamy soil
21077,1.1932987692783061,0.17449124089587287,-0.6043429600973992,1.114202454544477,-2.3445968923899527,0.36756639497281596,-0.1291355618452885,-1.0870426356859528,1.2393065840421895,-0.9934750628825062,-1.095548713459053,-0.6054601879529484,13,castor,silty Loamy soil
21168,-1.100063855269374,0.17449124089587287,-0.09597647149880119,-0.8975029591088394,-1.1135893761064315,0.9439007531726727,-0.2144389997231283,-1.0870426356859528,0.9283639796852763,-0.887018354801641,-1.0022278918258942,-1.246837962849124,13,castor,Loamy soil
21191,0.7155148891642061,0.17449124089587287,-0.6043429600973992,1.114202454544477,1.5023015959960477,0.730373597511742,-0.3168031251765363,-1.0870426356859528,1.157252285670226,-0.13886426745556044,-1.4221715891751077,-1.0719167515138033,13,castor,salty clay Loamy soil
21206,-0.4311664231096339,0.17449124089587287,-0.09597647149880119,-0.8975029591088394,0.8867978378542885,0.8985498528553069,-0.1291355618452885,-1.0870426356859528,1.1183844601256119,-0.9313753165020016,-1.3288507675419494,-0.8751303887615676,13,castor,clay Loamy soil
21211,0.7155148891642061,0.17449124089587287,-0.6043429600973992,1.114202454544477,0.27129407971252784,0.6302236926442257,-0.0438321239674487,-1.0870426356859528,0.9413199215334809,-0.44936299935808405,-1.2296973945567182,-0.7038533693290664,13,castor,salty clay Loamy soil
21219,0.7155148891642061,0.17449124089587287,-0.6043429600973992,1.114202454544477,-2.3445968923899527,0.548969996242279,0.024410626334822903,-1.0870426356859528,1.1054285182774073,-0.7569046004805834,-1.2355299459087907,-0.842332661636195,13,castor,salty clay Loamy soil
21229,1.1932987692783061,0.17449124089587287,-0.6043429600973992,1.114202454544477,-0.9597134365709921,0.8002895688343474,-0.3679851879032397,-1.0870426356859528,0.48786195684631595,-0.6948048541000789,-1.1947020864442839,-0.6091043798557677,13,castor,silty Loamy soil
21255,0.7155148891642061,0.17449124089587287,-0.6043429600973992,1.114202454544477,-1.2674653156418723,0.5319634086232667,0.17795681451493492,-1.0870426356859528,0.42308224760529234,-0.17139270603582465,-0.8855768647844461,-0.7147859450375238,13,castor,salty clay Loamy soil
21282,-0.4311664231096339,0.17449124089587287,-0.09597647149880119,-0.8975029591088394,1.6561775355314885,0.809737673067132,-0.45328862578107953,-1.0870426356859528,0.38421442206067796,-0.08859304419515178,-1.0080604431779667,-0.7767372073854499,13,castor,clay Loamy soil
21290,-0.4311664231096339,0.17449124089587287,-0.09597647149880119,-0.8975029591088394,2.271681293673248,0.45070971222131945,0.12677475178823092,-1.0870426356859528,0.49649925141178586,-0.7391618158004394,-0.9730651350655322,-0.9917445296517814,13,castor,clay Loamy soil
21315,0.7155148891642061,0.17449124089587287,-0.6043429600973992,1.114202454544477,1.0406737773897279,0.2693061109518564,-0.3679851879032397,-1.0870426356859528,1.062242045450058,-0.9698180166423139,-0.926404724248953,-0.6564788745924169,13,castor,salty clay Loamy soil
21342,-0.4311664231096339,0.17449124089587287,-0.09597647149880119,-0.8975029591088394,0.7329218983188477,0.3335532197347914,0.0073499387592553065,-1.0870426356859528,0.522411135108195,-0.4966770918384684,-1.4221715891751077,-0.8277558940249184,13,castor,clay Loamy soil
21356,-1.100063855269374,0.17449124089587287,-0.09597647149880119,-0.8975029591088394,2.271681293673248,0.3921314659780554,-0.4191672506299437,-1.0870426356859528,0.9413199215334809,-0.8692755701214968,-1.468831999991687,-1.1375122057645486,13,castor,Loamy soil
21398,-0.4311664231096339,0.17449124089587287,-0.09597647149880119,-0.8975029591088394,2.271681293673248,0.46960592068688856,-0.4362279382055119,-1.0870426356859528,0.6994756737003265,-1.2211741329443568,-0.5181261296038844,-1.0609841758053458,13,castor,clay Loamy soil
21448,-1.100063855269374,0.17449124089587287,-0.09597647149880119,-0.8975029591088394,-2.3445968923899527,0.42614464121608,-0.11207487426972029,-1.0870426356859528,0.4619500731499067,-0.1654784444757765,-0.9963953404738217,-1.2942124575857732,13,castor,Loamy soil
21472,-1.100063855269374,0.17449124089587287,-0.09597647149880119,-0.8975029591088394,2.5794331727441295,0.7870622229084493,-0.1291355618452885,-1.0870426356859528,1.088153929146468,-0.6829763309799826,-0.6581073620536221,-1.0354748324856116,13,castor,Loamy soil
21479,0.7155148891642061,0.17449124089587287,-0.6043429600973992,1.114202454544477,-1.421341255177312,0.29387118195709644,0.16089612693936672,-1.0870426356859528,1.1054285182774073,-0.19800688305604114,-1.5621528216248457,-0.6892766017177895,13,castor,salty clay Loamy soil
21488,-1.100063855269374,0.17449124089587287,-0.09597647149880119,-0.8975029591088394,1.1945497169251689,0.5395218920094944,0.07559268906152691,-1.0870426356859528,0.96723180522989,-1.0851461170632513,-0.5881167458287531,-0.9297932673038553,13,castor,Loamy soil
21515,0.7155148891642061,0.17449124089587287,-0.6043429600973992,1.114202454544477,0.8867978378542885,0.6888019388874903,-0.1461962494208567,-1.0870426356859528,0.8463096813133129,-1.1856885635840684,-1.3755111783585285,-0.6710556422036936,13,castor,salty clay Loamy soil
21519,0.7155148891642061,0.17449124089587287,-0.6043429600973992,1.114202454544477,-2.0368450133190725,0.40913805359706773,0.09265337663709511,-1.0870426356859528,0.7037943209830612,-0.6741049386399105,-1.0897161621069804,-0.7330069045516197,13,castor,salty clay Loamy soil
21526,-0.4311664231096339,0.17449124089587287,-0.09597647149880119,-0.8975029591088394,0.27129407971252784,0.6642368678822502,-0.40210656305437614,-1.0870426356859528,0.38421442206067796,-0.8337900007612083,-1.468831999991687,-0.8131791264136418,13,castor,clay Loamy soil
21537,1.1932987692783061,0.17449124089587287,-0.6043429600973992,1.114202454544477,0.27129407971252784,0.3921314659780554,-0.2826817500253999,-1.0870426356859528,1.0492861036018535,-0.1654784444757765,-0.9730651350655322,-0.9480142268179512,13,castor,silty Loamy soil
21560,-1.100063855269374,0.17449124089587287,-0.09597647149880119,-0.8975029591088394,-2.190720952854512,0.5130672001576977,-0.4362279382055119,-1.0870426356859528,1.088153929146468,-1.1147174248634917,-0.9322372756010252,-1.254126346654762,13,castor,Loamy soil
21579,0.7155148891642061,0.17449124089587287,-0.6043429600973992,1.114202454544477,1.1945497169251689,0.7379320808979698,0.041471313910391105,-1.0870426356859528,0.7469807938104102,-0.05310747483486328,-0.6056143998849705,-1.3233659928083268,13,castor,salty clay Loamy soil
21586,-0.4311664231096339,0.17449124089587287,-0.09597647149880119,-0.8975029591088394,0.11741814017708838,0.7228151141255142,0.07559268906152691,-1.0870426356859528,0.9585945106644208,-0.6474907616196942,-1.2763578053732976,-1.024542256777154,13,castor,clay Loamy soil
21604,-1.100063855269374,0.17449124089587287,-0.09597647149880119,-0.8975029591088394,1.1945497169251689,0.5130672001576977,-0.1461962494208567,-1.0870426356859528,0.47058736771537607,-0.08267878263510363,-1.2296973945567182,-0.9881003377489622,13,castor,Loamy soil
21618,-0.4311664231096339,0.17449124089587287,-0.09597647149880119,-0.8975029591088394,-1.5752171947127527,0.2163967272482631,-0.1632569369964243,-1.0870426356859528,0.7253875573967357,-1.1206316864235397,-1.1947020864442839,-0.8386884697333759,13,castor,clay Loamy soil
21684,-1.100063855269374,0.17449124089587287,-0.09597647149880119,-0.8975029591088394,-0.49808561796467227,0.6037690007924295,-0.2656210624498323,-1.0870426356859528,0.38421442206067796,-0.20392114461608887,-0.9672325837134597,-0.7730930154826308,13,castor,Loamy soil
21693,1.1932987692783061,0.17449124089587287,-0.6043429600973992,1.114202454544477,-0.3442096784292314,0.4242550203695232,-0.29974243760096814,-1.0870426356859528,1.070879340015528,-0.1092929596553201,-1.0897161621069804,-1.166665740987102,13,castor,silty Loamy soil
21711,0.7155148891642061,0.17449124089587287,-0.6043429600973992,1.114202454544477,2.733309112279569,0.46015781645410403,-0.026771436391880492,-1.0870426356859528,0.6044654334801585,-1.0526176784829868,-1.4105064864709629,-0.8386884697333759,13,castor,salty clay Loamy soil
21747,0.7155148891642061,0.17449124089587287,-0.6043429600973992,1.114202454544477,1.5023015959960477,0.5527492379353925,-0.0438321239674487,-1.0870426356859528,1.1831641693666353,-1.058531940043035,-0.7339305296305633,-1.0719167515138033,13,castor,salty clay Loamy soil
21772,-1.100063855269374,0.17449124089587287,-0.09597647149880119,-0.8975029591088394,0.5790459587834081,0.3826833617452709,-0.40210656305437614,-1.0870426356859528,1.1961201112148405,-1.0940175094033235,-1.4046739351188906,-1.330654376613965,13,castor,Loamy soil
21827,0.7155148891642061,0.17449124089587287,-0.6043429600973992,1.114202454544477,-0.3442096784292314,0.5470803753957222,0.024410626334822903,-1.0870426356859528,0.721068910114001,-0.8308328699811842,-1.2355299459087907,-1.228617003335028,13,castor,salty clay Loamy soil
21852,-1.100063855269374,0.17449124089587287,-0.09597647149880119,-0.8975029591088394,2.4255572332086874,0.5508596170888358,-0.3679851879032397,-1.0870426356859528,1.1529336383874915,-0.4552772609181318,-0.9555674810093149,-0.9589468025264087,13,castor,Loamy soil
21856,-1.100063855269374,0.17449124089587287,-0.09597647149880119,-0.8975029591088394,-2.498472831925392,0.5319634086232667,-0.2144389997231283,-1.0870426356859528,0.6735637900039168,-0.8663184393414728,-1.3696786270064563,-0.6163927636614059,13,castor,Loamy soil
21958,-0.4311664231096339,0.17449124089587287,-0.09597647149880119,-0.8975029591088394,2.271681293673248,0.4960606125386854,0.09265337663709511,-1.0870426356859528,1.0060996307745045,-0.32220637581705025,-1.1655393296839218,-0.7184301369403431,13,castor,clay Loamy soil
21994,-0.4311664231096339,0.17449124089587287,-0.09597647149880119,-0.8975029591088394,2.733309112279569,0.3392220822744621,-0.4703493133566477,-1.0870426356859528,0.7988045612032292,-1.049660547702963,-0.9497349296572426,-0.9698793782348663,13,castor,clay Loamy soil
22017,-1.482290959360654,0.17449124089587287,-0.6043429600973992,1.114202454544477,1.3484256564606083,0.5527492379353925,0.3485636902706145,-0.06744186129205362,0.7340248519622056,0.07996341026621827,0.6600492435147427,-0.015101099696241462,18,cotton,Alluvial soil
22048,-1.386734183337834,0.17449124089587287,-0.09597647149880119,-0.8975029591088394,1.3484256564606083,0.4922813708455718,-0.1632569369964243,0.7304455600131639,0.7815299720722894,0.24260560316754018,0.5725609732336566,-0.4013854413950744,18,cotton,Black Soil
22074,-1.482290959360654,0.17449124089587287,-0.09597647149880119,-0.8975029591088394,1.6561775355314885,0.5621973421681772,-0.009710748816312897,-0.12329117428527843,-0.02605706979913799,0.26921978018775666,0.5550633191774396,-0.3795202899781593,18,cotton,Alluvial soil
22155,-1.482290959360654,0.17449124089587287,-0.6043429600973992,1.114202454544477,1.6561775355314885,0.524404925237039,0.502109878450726,-0.18952453039784667,0.7426621465276756,0.6152040814505684,0.240105546165529,-0.22646423005975397,18,cotton,Alluvial soil
22169,-1.0045070792465538,0.17449124089587287,-0.6043429600973992,1.114202454544477,1.3484256564606083,0.5206256835439254,-0.4362279382055119,0.5965755987178465,0.33670930195059423,1.0587736984541736,-0.19150325388782927,0.024985011234769292,18,cotton,Red soil
22204,-1.386734183337834,0.17449124089587287,-0.09597647149880119,-0.8975029591088394,1.5023015959960477,0.5073983376180267,0.2973816275439105,0.5640202202896346,0.12941423237931896,0.3934192729487658,-0.25566131876062587,-0.14993620010055117,18,cotton,Black Soil
22227,-1.482290959360654,0.17449124089587287,-0.6043429600973992,1.114202454544477,0.8867978378542885,0.5055087167714699,0.024410626334822903,0.6956449830726623,0.36262118564700346,0.44073336542915054,0.5783935245857291,-0.4560483199373621,18,cotton,Alluvial soil
22233,-1.482290959360654,0.17449124089587287,-0.6043429600973992,1.114202454544477,1.3484256564606083,0.49039174999901497,-0.0438321239674487,-0.17717593858024897,0.5915094916319539,0.7098322664113376,-0.2498287674085534,-0.10985008916954016,18,cotton,Alluvial soil
22272,-1.482290959360654,0.17449124089587287,-0.09597647149880119,-0.8975029591088394,1.963929414602369,0.5357426503163804,0.7068381293575413,1.0335473591723743,0.09486505411743984,0.3431480496883575,0.251770648869674,-0.17180135151746628,18,cotton,Alluvial soil
22307,-1.0045070792465538,0.17449124089587287,-0.6043429600973992,1.114202454544477,1.1945497169251689,0.5319634086232667,-0.2656210624498323,-0.11010063302557192,0.2589736508613661,0.8813458516527314,-0.1740055998316118,-0.4378273604232662,18,cotton,Red soil
22337,-1.0045070792465538,0.17449124089587287,-0.6043429600973992,1.114202454544477,1.963929414602369,0.5735350672475185,-0.6409561891123273,-0.019450743091845253,0.20283123618581245,0.6773038278310733,0.012636043434705087,0.10880142499961055,18,cotton,Red soil
22347,-1.482290959360654,0.17449124089587287,-0.6043429600973992,1.114202454544477,0.5790459587834081,0.5130672001576977,0.22913887724163892,-0.10925868358346313,0.5483230188046049,-0.0264932978146468,0.1817800326448049,-0.026033675404699152,18,cotton,Alluvial soil
22362,-1.482290959360654,0.17449124089587287,-0.09597647149880119,-0.8975029591088394,1.5023015959960477,0.5338530294698235,0.6897774417819738,0.6030305444406814,0.40148901119161784,0.11249184884648249,-0.261493870112698,0.07964788977705697,18,cotton,Alluvial soil
22363,-1.386734183337834,0.17449124089587287,-0.6043429600973992,1.114202454544477,0.8867978378542885,0.5357426503163804,0.6897774417819738,0.9802238945054761,0.5267297823909303,0.011949402325665564,0.29259850833418105,-0.59817180414731,18,cotton,Black Soil
22390,-1.386734183337834,0.17449124089587287,-0.09597647149880119,-0.8975029591088394,1.6561775355314885,0.5697558255544048,-0.5385920636589193,0.17532022784935097,0.10350234868290915,1.0262452598739094,-0.27899152416891543,-0.26290614908794574,18,cotton,Black Soil
22400,-1.0045070792465538,0.17449124089587287,-0.09597647149880119,-0.8975029591088394,1.0406737773897279,0.5735350672475185,0.05853200148595931,-0.16482734676265157,0.09054640683470457,0.91683142101302,-0.25566131876062587,-0.3940970575894362,18,cotton,Red soil
22427,-1.0045070792465538,0.17449124089587287,-0.6043429600973992,1.114202454544477,0.7329218983188477,0.5565284796285067,-0.6409561891123273,-0.24902229097354334,-0.02173842251640272,0.026735056225785737,0.3450914705028327,0.006764051720673401,18,cotton,Red soil
22430,-1.0045070792465538,0.17449124089587287,-0.09597647149880119,-0.8975029591088394,1.8100534750669282,0.5319634086232667,0.1097140642126627,-0.2622128322332498,0.4446754840189669,0.7512320973316742,0.3859193299673393,-0.14993620010055117,18,cotton,Red soil
22465,-1.386734183337834,0.17449124089587287,-0.6043429600973992,1.114202454544477,1.3484256564606083,0.548969996242279,0.1097140642126627,-0.2335865512015465,0.16396341064119807,0.047434971685954064,0.1292870704761533,-0.5216437741881075,18,cotton,Black Soil
22470,-1.482290959360654,0.17449124089587287,-0.09597647149880119,-0.8975029591088394,0.7329218983188477,0.5357426503163804,0.22913887724163892,-0.2697903772122299,-0.00014518610272819458,0.15093454898679526,-0.3664797944500016,0.05049435455450364,18,cotton,Alluvial soil
22490,-1.0045070792465538,0.17449124089587287,-0.09597647149880119,-0.8975029591088394,1.0406737773897279,0.49039174999901497,-0.1632569369964243,1.1561913279062401,0.6001467861974232,0.3993335345088139,0.251770648869674,-0.5325763498965649,18,cotton,Red soil
22510,-1.386734183337834,0.17449124089587287,-0.09597647149880119,-0.8975029591088394,0.7329218983188477,0.5621973421681772,-0.4362279382055119,-0.33686568276690726,0.7512994410931448,0.9257028133530919,0.07096155695542919,-0.05883140253007171,18,cotton,Black Soil
22547,-1.0045070792465538,0.17449124089587287,-0.6043429600973992,1.114202454544477,2.1178053541378086,0.5149568210042544,0.655656066630838,0.5558813756825821,0.5137738405427251,0.3135767418881172,0.5783935245857291,-0.4852018551599157,18,cotton,Red soil
22572,-1.482290959360654,0.17449124089587287,-0.09597647149880119,-0.8975029591088394,1.6561775355314885,0.5225153043904822,0.502109878450726,-0.430322070840997,0.22874311988222162,0.8488174130724673,-0.05735457279016359,-0.4524041280345429,18,cotton,Alluvial soil
22613,-1.0045070792465538,0.17449124089587287,-0.6043429600973992,1.114202454544477,0.5790459587834081,0.5621973421681772,0.7238988169331095,0.08719618624195098,0.5396857242391349,0.5826756428703042,-0.13317774036710517,-0.5107111984796497,18,cotton,Red soil
22651,-1.386734183337834,0.17449124089587287,-0.6043429600973992,1.114202454544477,1.0406737773897279,0.5754246880940758,0.6215346914797015,0.0049657907293134875,0.6217400226110977,0.6980037432912416,0.5667284218815841,-0.2738387247964032,18,cotton,Black Soil
22670,-1.0045070792465538,0.17449124089587287,-0.09597647149880119,-0.8975029591088394,1.963929414602369,0.5773143089406326,0.8262629423865175,-0.4204993273497263,0.5483230188046049,0.6891323509511692,0.48507270295257043,-0.011456907793422491,18,cotton,Red soil
22672,-1.386734183337834,0.17449124089587287,-0.09597647149880119,-0.8975029591088394,0.7329218983188477,0.5262945460835958,0.09265337663709511,0.7195002172657483,0.5612789606528095,0.9611883827133805,-0.15650794577539473,-0.09162912965544426,18,cotton,Black Soil
22695,-1.482290959360654,0.17449124089587287,-0.6043429600973992,1.114202454544477,1.6561775355314885,0.5319634086232667,0.48504919087515835,0.0066496896135313874,0.29784147640597985,0.3313195265682612,-0.13317774036710517,-0.5398647337022033,18,cotton,Alluvial soil
22705,-1.386734183337834,0.17449124089587287,-0.6043429600973992,1.114202454544477,1.6561775355314885,0.5319634086232667,0.26326025239277473,1.1446846855307518,0.7124316155485311,0.34610518046838135,-0.09818243225467063,-0.43418316852044697,18,cotton,Black Soil
22720,-1.386734183337834,0.17449124089587287,-0.09597647149880119,-0.8975029591088394,1.963929414602369,0.5603077213216203,-0.6068348139611915,0.3841236894923628,0.5958281389146886,0.7157465279713857,0.520068011065005,-0.32121321953305265,18,cotton,Black Soil
22763,-1.0045070792465538,0.17449124089587287,-0.6043429600973992,1.114202454544477,2.1178053541378086,0.548969996242279,0.4509278157240219,-0.4047829377636931,0.6649264954384467,1.1267877063947267,0.4967378056567154,0.05049435455450364,18,cotton,Red soil
22768,-1.386734183337834,0.17449124089587287,-0.09597647149880119,-0.8975029591088394,1.963929414602369,0.5055087167714699,0.8603843175376533,0.4722477310997625,0.31511606553691973,0.156848810546843,0.4209146380797738,0.010408243623492632,18,cotton,Black Soil
22797,-1.482290959360654,0.17449124089587287,-0.6043429600973992,1.114202454544477,1.0406737773897279,0.5187360626973686,-0.1461962494208567,-0.09494554306761147,0.043041286724620854,0.5294472888298716,0.22844044346138445,-0.4560483199373621,18,cotton,Alluvial soil
22825,-1.386734183337834,0.17449124089587287,-0.6043429600973992,1.114202454544477,1.0406737773897279,0.5527492379353925,-0.40210656305437614,0.8693672179611353,0.1596447633584634,0.4614332808893189,0.32759381644661517,0.006764051720673401,18,cotton,Black Soil
22862,-1.0045070792465538,0.17449124089587287,-0.09597647149880119,-0.8975029591088394,1.963929414602369,0.4998398542317995,-0.3850458754788079,0.5850689563423576,0.4489941313017015,0.2012057722472035,0.6542166921626702,-0.3795202899781593,18,cotton,Red soil
22878,-1.482290959360654,0.17449124089587287,-0.09597647149880119,-0.8975029591088394,1.3484256564606083,0.5319634086232667,-0.3679851879032397,0.7287616611289462,0.6087840807628931,-0.014664774694550914,-0.13317774036710517,-0.4852018551599157,18,cotton,Alluvial soil
22977,-1.482290959360654,0.17449124089587287,-0.6043429600973992,1.114202454544477,0.8867978378542885,0.5281841669301531,0.604474003904134,0.1601651378913905,-0.03901301164734258,0.15093454898679526,0.1351196218282258,-0.11349428107235938,18,cotton,Alluvial soil
22985,-1.0045070792465538,0.17449124089587287,-0.6043429600973992,1.114202454544477,2.1178053541378086,0.5735350672475185,0.16089612693936672,0.4568119913277656,0.6606078481557122,0.6950466125112174,0.1234545191240808,-0.5435089256050223,18,cotton,Red soil
22998,-1.482290959360654,0.17449124089587287,-0.09597647149880119,-0.8975029591088394,1.6561775355314885,0.4960606125386854,0.877445005113221,0.5300615927912419,0.1855566470548726,0.3993335345088139,-0.33148448633756705,-0.4779134713542772,18,cotton,Alluvial soil
23008,-0.9089503032237339,0.17449124089587287,-0.09597647149880119,-0.8975029591088394,-0.6519615575001118,0.23529293571383217,1.9693290099495702,0.9370038231438854,0.6217400226110977,0.4111620576289102,-0.13901029171917767,-0.9261490754010362,27,jute,Sandy soil
23012,-0.9089503032237339,0.17449124089587287,-0.09597647149880119,-0.8975029591088394,-0.19033373889379193,0.31465701126922235,1.628115258438211,0.9527202127299182,0.48354330956358127,0.4939617194695831,0.07679410830750169,-0.33943417904714857,27,jute,Sandy soil
23075,-0.4311664231096339,0.17449124089587287,-0.6043429600973992,1.114202454544477,-0.036457799358352465,0.3070985278829946,1.1333553187467404,0.7941530677994054,0.3064787709714498,0.3224481342281892,-0.8855768647844461,-0.6091043798557677,27,jute,clay Loamy soil
23108,-0.9089503032237339,0.17449124089587287,-0.09597647149880119,-0.8975029591088394,0.8867978378542885,0.20694862301547853,-0.0779534991185845,0.712203322100804,0.07759046498649996,0.17163446444696318,-0.8972419674885911,-0.9225048834982169,27,jute,Sandy soil
23117,-0.4311664231096339,0.17449124089587287,-0.6043429600973992,1.114202454544477,0.11741814017708838,0.5338530294698235,1.3722049448046916,0.6563540091075795,0.09918370140017449,-0.22166392929623333,-0.3081542809292775,-0.7730930154826308,27,jute,clay Loamy soil
23135,-0.4311664231096339,0.17449124089587287,-0.6043429600973992,1.114202454544477,-0.49808561796467227,0.35244942820036046,1.8669648844961635,0.5353939392579313,0.7469807938104102,0.17163446444696318,-0.8097536972075049,-0.4268947847148088,27,jute,clay Loamy soil
23167,-0.4311664231096339,0.17449124089587287,-0.6043429600973992,1.114202454544477,-0.3442096784292314,0.47149554153344586,0.17795681451493492,0.8752608640558981,0.8031232084859639,-0.17139270603582465,-1.0313906485862563,-0.4669808956458198,27,jute,clay Loamy soil
23168,-0.9089503032237339,0.17449124089587287,-0.09597647149880119,-0.8975029591088394,-0.036457799358352465,0.5187360626973686,0.2461995648172065,0.5429714842369117,0.07759046498649996,-0.2630637602165696,-0.6231120539411876,-0.48884604706273466,27,jute,Sandy soil
23192,-0.9089503032237339,0.17449124089587287,-0.09597647149880119,-0.8975029591088394,1.1945497169251689,0.5792039297871894,0.877445005113221,0.47168643147169037,0.12941423237931896,-0.07085025951500731,-0.7514281836867808,-0.6491904907867787,27,jute,Sandy soil
23241,-0.4311664231096339,0.17449124089587287,-0.6043429600973992,1.114202454544477,0.27129407971252784,0.47149554153344586,2.122875198129683,0.6998547302832069,0.5267297823909303,-0.5617339689989973,-0.27899152416891543,-0.2592619571851265,27,jute,clay Loamy soil
23245,-0.4311664231096339,0.17449124089587287,-0.6043429600973992,1.114202454544477,0.7329218983188477,0.5055087167714699,0.4168064405728861,1.1458072847868965,-0.008782480668198128,-0.3074207219169301,-0.6872701188139841,-0.7366510964544389,27,jute,clay Loamy soil
23281,-0.4311664231096339,0.17449124089587287,-0.6043429600973992,1.114202454544477,0.8867978378542885,0.2428514191000599,1.4233870075313961,1.0916418706778896,0.16396341064119807,-0.48189143793834827,-0.09234988090259813,-0.6564788745924169,27,jute,clay Loamy soil
23282,-0.9089503032237339,0.17449124089587287,-0.09597647149880119,-0.8975029591088394,0.4251700192479687,0.46204743730066133,0.3656243778461821,0.4711251318436176,0.5785535497837486,-0.2867208064567622,-0.3839774485062187,-0.904283923984121,27,jute,Sandy soil
23289,-0.4311664231096339,0.17449124089587287,-0.6043429600973992,1.114202454544477,0.4251700192479687,0.34300132396757593,1.9863896975251385,0.41948556606093707,0.1985125889030772,-0.30150646035688233,-0.6581073620536221,-0.842332661636195,27,jute,clay Loamy soil
23296,-0.9089503032237339,0.17449124089587287,-0.09597647149880119,-0.8975029591088394,-0.9597134365709921,0.46393705814721814,1.2357194442001485,0.7237099644762929,0.14237017422752354,-0.6060909306993578,-0.5531214377163185,-0.9480142268179512,27,jute,Sandy soil
23298,-0.9089503032237339,0.17449124089587287,-0.09597647149880119,-0.8975029591088394,-0.6519615575001118,0.35811829074003143,0.33150300269504634,0.6799285934866288,0.36262118564700346,-0.46414865325820426,-0.9963953404738217,-0.7730930154826308,27,jute,Sandy soil
23322,-0.9089503032237339,0.17449124089587287,-0.09597647149880119,-0.8975029591088394,-0.19033373889379193,0.49795023338524214,1.8669648844961635,0.8295149443679803,0.7383434992449402,0.3993335345088139,-0.14484284307124975,-0.36494352236688266,27,jute,Sandy soil
23368,-0.9089503032237339,0.17449124089587287,-0.09597647149880119,-0.8975029591088394,-0.19033373889379193,0.5659765838612912,1.8499041969205952,0.6355859228688926,0.2805668872750406,0.1006633257263866,-0.016526713325656965,-0.59817180414731,27,jute,Sandy soil
23420,-0.9089503032237339,0.17449124089587287,-0.09597647149880119,-0.8975029591088394,0.7329218983188477,0.4412616079885349,2.05463244782741,0.9785399956212585,0.5008178986945205,0.24851986472758833,-0.1215126376629602,-0.6273253393698636,27,jute,Sandy soil
23457,-0.4311664231096339,0.17449124089587287,-0.6043429600973992,1.114202454544477,0.27129407971252784,0.2919815611105394,1.4404476951069645,0.7450393503430519,0.7901672666377593,0.4170763191889584,-0.43647041067487025,-0.41960640090917034,27,jute,clay Loamy soil
23459,-0.4311664231096339,0.17449124089587287,-0.6043429600973992,1.114202454544477,-0.8058374970355525,0.3770144992056005,1.1674766938978767,0.4408149519276967,0.7512994410931448,-0.4789343071583244,-0.4831308214914498,-0.49977862277119234,27,jute,clay Loamy soil
23493,-0.4311664231096339,0.17449124089587287,-0.6043429600973992,1.114202454544477,1.3484256564606083,0.35622866989347407,0.5703526287529982,1.0049210781406714,0.5353670769563996,-0.002836251574454608,-0.19733580523990177,-0.3321457952415101,27,jute,clay Loamy soil
23585,-0.4311664231096339,0.17449124089587287,-0.6043429600973992,1.114202454544477,-0.036457799358352465,0.3505598073538037,0.8603843175376533,0.5252905459526245,-0.03901301164734258,-0.31037785269695434,-0.1856707025357568,-0.34672256285278674,27,jute,clay Loamy soil
23616,-0.9089503032237339,0.17449124089587287,-0.09597647149880119,-0.8975029591088394,-0.8058374970355525,0.5659765838612912,-0.026771436391880492,0.9131485889507994,0.41012630575708775,-0.1654784444757765,-0.5181261296038844,-0.6783440260093321,27,jute,Sandy soil
23672,-0.9089503032237339,0.17449124089587287,-0.09597647149880119,-0.8975029591088394,-0.49808561796467227,0.40913805359706773,1.5598725081359395,0.7018192789814612,0.02144805031094633,-0.005793382354478895,-0.6756050161098391,-0.6892766017177895,27,jute,Sandy soil
23682,-0.9089503032237339,0.17449124089587287,-0.09597647149880119,-0.8975029591088394,-0.19033373889379193,0.21828634809482014,1.0139305057177648,0.4554087422575841,0.7124316155485311,0.07404914870617012,-0.7047677728702012,-0.6455462988839594,27,jute,Sandy soil
23690,-0.9089503032237339,0.17449124089587287,-0.09597647149880119,-0.8975029591088394,-0.3442096784292314,0.4242550203695232,0.9968698181421971,0.6858222395813917,0.5483230188046049,-0.14182139823558432,-1.0547208539945458,-0.6528346826895977,27,jute,Sandy soil
23705,-0.4311664231096339,0.17449124089587287,-0.6043429600973992,1.114202454544477,-0.8058374970355525,0.548969996242279,1.3892656323802597,0.36560080176596654,0.37557712749520866,-0.5706053613390693,-0.2381636647044084,-0.9188606915953978,27,jute,clay Loamy soil
23733,-0.4311664231096339,0.17449124089587287,-0.6043429600973992,1.114202454544477,-0.8058374970355525,0.23529293571383217,0.7921415672353811,0.5497070797737833,0.4533127785844368,0.5117045041497271,0.006803492082632595,-0.7402952883572582,27,jute,clay Loamy soil
23738,-0.9089503032237339,0.17449124089587287,-0.09597647149880119,-0.8975029591088394,1.1945497169251689,0.41669653698329545,-0.0608928115430169,0.7615976893711942,0.48354330956358127,0.24556273394756403,-0.4014751025624361,-0.5726624608275759,27,jute,Sandy soil
23741,-0.4311664231096339,0.17449124089587287,-0.6043429600973992,1.114202454544477,0.11741814017708838,0.44882009137476264,0.6215346914797015,0.5435327838649844,0.7037943209830612,0.5028331118096551,-0.08651732955052564,-0.9516584187207704,27,jute,clay Loamy soil
23771,-0.4311664231096339,0.17449124089587287,-0.6043429600973992,1.114202454544477,-0.3442096784292314,0.46015781645410403,0.9968698181421971,0.9776980461791498,0.7167502628312657,-0.014664774694550914,-0.9380698269530977,-0.41596220900635106,27,jute,clay Loamy soil
23795,-0.4311664231096339,0.17449124089587287,-0.6043429600973992,1.114202454544477,0.11741814017708838,0.20316938132236467,1.0992339435956047,0.5847883065283215,-0.008782480668198128,0.5531043350700637,-0.4131402052665807,-0.6273253393698636,27,jute,clay Loamy soil
23799,-0.4311664231096339,0.17449124089587287,-0.6043429600973992,1.114202454544477,-0.49808561796467227,0.4280342620626368,1.1333553187467404,1.117742303383266,0.3410279492333289,-0.24236384475640166,-0.7047677728702012,-0.5435089256050223,27,jute,clay Loamy soil
23800,-0.9089503032237339,0.17449124089587287,-0.09597647149880119,-0.8975029591088394,-0.3442096784292314,0.484722887459344,1.3551442572291246,0.7860142231923529,0.6865197318521213,0.4229905807490061,-0.3956425512103636,-0.8277558940249184,27,jute,Sandy soil
23812,-0.9089503032237339,0.17449124089587287,-0.09597647149880119,-0.8975029591088394,-0.19033373889379193,0.3921314659780554,1.082173256020037,0.3824397906081449,0.4403568367362322,-0.4966770918384684,-0.16817304847953973,-0.7658046316769923,27,jute,Sandy soil
23846,-0.9089503032237339,0.17449124089587287,-0.09597647149880119,-0.8975029591088394,-0.036457799358352465,0.4563785747609904,1.8499041969205952,1.0767674305339656,0.28920418184051055,-0.5380769227588049,-0.45396806473108775,-0.6419021069811403,27,jute,Sandy soil
23851,-0.4311664231096339,0.17449124089587287,-0.6043429600973992,1.114202454544477,1.0406737773897279,0.3789041200521573,0.12677475178823092,0.8185696016205641,0.16396341064119807,-0.4404916070180116,-0.09234988090259813,-0.9188606915953978,27,jute,clay Loamy soil
23863,-0.4311664231096339,0.17449124089587287,-0.6043429600973992,1.114202454544477,0.4251700192479687,0.4469304705282059,0.5362312536018617,0.5701945161984334,0.5267297823909303,-0.35769194517733877,-1.0197255458821115,-0.5653740770219374,27,jute,clay Loamy soil
23914,-0.9089503032237339,0.17449124089587287,-0.09597647149880119,-0.8975029591088394,0.8867978378542885,0.2239552106344908,1.1333553187467404,0.7924691689151878,0.15100746879299348,-0.5262483996387088,-0.62894460529326,-0.594527612244491,27,jute,Sandy soil
24021,-0.6222799751552739,0.17449124089587287,-0.6043429600973992,-0.8975029591088394,0.27129407971252784,4.023982733060432,0.12677475178823092,2.21452177663715,-0.2333521393704133,3.099193936670757,2.118187081532845,2.8710988873365477,46,sugarcane,black cotton soil
24076,-0.4311664231096339,0.17449124089587287,-0.09597647149880119,-0.8975029591088394,1.3484256564606083,3.8369102692512977,-0.1461962494208567,3.6663232646469592,0.15100746879299348,2.6999812813675126,1.0100023246390875,2.6560915650702164,46,sugarcane,clay Loamy soil
24078,0.42884456109574615,0.17449124089587287,-0.09597647149880119,-0.8975029591088394,1.5023015959960477,4.152476950626302,-0.4191672506299437,3.406722186663376,0.09918370140017449,2.4515822958454936,2.2698334166867276,3.0824620177000597,46,sugarcane,red Loamy soil
24091,-0.5267231991324539,0.17449124089587287,-0.6043429600973992,-0.8975029591088394,0.27129407971252784,3.6668443930611763,0.0073499387592553065,2.9857474656089185,-0.02605706979913799,2.3244256723044607,0.8291932327248426,3.2792483804522954,46,sugarcane,brown Loamy soil
24093,-0.6222799751552739,0.17449124089587287,-0.6043429600973992,-0.8975029591088394,2.1178053541378086,3.978631832743066,-0.2485603748742641,2.495732890301528,-0.15561648828118513,3.276621783472199,1.7274061409439936,2.7399079788350575,46,sugarcane,black cotton soil
24132,-0.4311664231096339,0.17449124089587287,-0.09597647149880119,-0.8975029591088394,1.963929414602369,3.9994176620551922,-0.5897741263856233,2.0994553528822646,0.06895317042103004,2.339211326204581,1.4941040868610973,2.8237243925998983,46,sugarcane,clay Loamy soil
24186,0.42884456109574615,0.17449124089587287,-0.09597647149880119,-0.8975029591088394,1.0406737773897279,3.691409464066416,0.16089612693936672,4.5225858472717295,-0.12970460458477534,3.371249968432969,2.456475059953045,2.889319846850644,46,sugarcane,red Loamy soil
24190,0.42884456109574615,0.17449124089587287,-0.09597647149880119,-0.8975029591088394,1.1945497169251689,3.7254226393044405,-0.5215313760833518,3.2765006729505313,-0.03469436436460731,3.031179928730205,2.608121395106928,3.250094845229743,46,sugarcane,red Loamy soil
24204,-0.4311664231096339,0.17449124089587287,-0.09597647149880119,-0.8975029591088394,1.3484256564606083,4.16003543401253,0.0073499387592553065,2.9220399578226766,0.15532611607572813,3.368292837652944,2.7131073194442314,2.3171817181080328,46,sugarcane,clay Loamy soil
24212,-0.4311664231096339,0.17449124089587287,-0.09597647149880119,-0.8975029591088394,1.0406737773897279,3.9710733493568386,-0.35092450032767214,2.581050433768565,0.06031587585556011,2.2357117489037397,2.479805265361335,3.2209413100071886,46,sugarcane,clay Loamy soil
24224,-0.4311664231096339,0.17449124089587287,-0.09597647149880119,-0.8975029591088394,2.1178053541378086,3.629051976130038,-0.2144389997231283,3.430296771042426,0.14237017422752354,2.729552589167753,1.949043092322745,3.34848802660586,46,sugarcane,clay Loamy soil
24247,-0.5267231991324539,0.17449124089587287,-0.6043429600973992,-0.8975029591088394,1.0406737773897279,3.9408394158119275,0.041471313910391105,3.816470915156383,-0.008782480668198128,2.212054702663547,0.9983372219349423,2.6014286865279286,46,sugarcane,brown Loamy soil
24257,-0.6222799751552739,0.17449124089587287,-0.6043429600973992,-0.8975029591088394,1.6561775355314885,3.7121952933785427,0.2973816275439105,3.378937855073783,0.03872263944188558,2.676324235127321,0.8000304759644805,2.998645603935219,46,sugarcane,black cotton soil
24262,0.42884456109574615,0.17449124089587287,-0.09597647149880119,-0.8975029591088394,1.8100534750669282,4.131691121314176,0.3485636902706145,4.170931630284238,-0.10811136817110081,2.9779515746897722,1.412448367932084,3.1152597448254324,46,sugarcane,red Loamy soil
24309,-0.6222799751552739,0.17449124089587287,-0.6043429600973992,-0.8975029591088394,1.5023015959960477,3.9635148659706116,0.09265337663709511,3.272290925739987,0.025766697593680988,2.1115122561427295,2.380651892376104,3.337555450897402,46,sugarcane,black cotton soil
24356,-0.4311664231096339,0.17449124089587287,-0.09597647149880119,-0.8975029591088394,1.963929414602369,3.765104677082136,0.17795681451493492,2.1943149900265357,0.03440399215915092,2.3746968955648686,1.0683278381598114,2.4228632832897885,46,sugarcane,clay Loamy soil
24365,-0.6222799751552739,0.17449124089587287,-0.6043429600973992,-0.8975029591088394,1.0406737773897279,4.035320458139773,-0.4874100009322159,1.9086134793375764,-0.08651813175742629,2.9040233051891713,2.503135470769624,2.5030355051518107,46,sugarcane,black cotton soil
24450,0.42884456109574615,0.17449124089587287,-0.09597647149880119,-0.8975029591088394,1.963929414602369,4.046658183219115,-0.5897741263856233,2.019750805695953,0.06463452313829537,3.483620938073882,0.8641885408372771,2.9767804525183044,46,sugarcane,red Loamy soil
24455,-0.5267231991324539,0.17449124089587287,-0.6043429600973992,-0.8975029591088394,1.8100534750669282,3.9956384203620785,-0.45328862578107953,2.832512667145095,0.1380515269447889,3.412649799353305,1.8207269625771527,2.342691061427767,46,sugarcane,brown Loamy soil
24458,0.42884456109574615,0.17449124089587287,-0.09597647149880119,-0.8975029591088394,1.3484256564606083,3.8576960985634243,0.1438354393637991,3.4940042788286685,-0.004463833385463468,3.439263976373521,1.937377989618601,2.7799940897660687,46,sugarcane,red Loamy soil
24468,-0.4311664231096339,0.17449124089587287,-0.09597647149880119,-0.8975029591088394,0.5790459587834081,3.710305672531985,-0.026771436391880492,2.270651739444411,0.33670930195059423,2.481153603645734,1.7915642058167907,3.3229786832861263,46,sugarcane,clay Loamy soil
24473,-0.6222799751552739,0.17449124089587287,-0.6043429600973992,-0.8975029591088394,0.11741814017708838,3.702747189145758,-0.4362279382055119,3.0778006046128263,-0.00014518610272819458,2.5048106498859264,2.1065219788287,2.32811429381649,46,sugarcane,black cotton soil
24479,-0.5267231991324539,0.17449124089587287,-0.6043429600973992,-0.8975029591088394,1.8100534750669282,4.13547036300729,-0.0608928115430169,2.5409175103613735,0.23738041444769156,3.087365413550661,2.4448099572489,3.0569526743803257,46,sugarcane,brown Loamy soil
24499,-0.5267231991324539,0.17449124089587287,-0.6043429600973992,-0.8975029591088394,1.0406737773897279,3.6328312178231528,0.1950175020905025,4.037622968616993,0.025766697593680988,2.711809804487609,1.0566627354556666,2.721687019320962,46,sugarcane,brown Loamy soil
24509,-0.6222799751552739,0.17449124089587287,-0.6043429600973992,-0.8975029591088394,1.0406737773897279,3.6385000803628227,0.07559268906152691,3.7182434802436757,-0.09947407360563087,3.3298501375126324,1.7740665517605727,2.645158989361758,46,sugarcane,black cotton soil
24550,0.42884456109574615,0.17449124089587287,-0.09597647149880119,-0.8975029591088394,1.963929414602369,3.8973781363411195,0.09265337663709511,2.0107700116467915,-0.26358267034955774,2.0405411174221535,2.462307611305118,3.2792483804522954,46,sugarcane,red Loamy soil
24574,0.42884456109574615,0.17449124089587287,-0.09597647149880119,-0.8975029591088394,0.8867978378542885,3.9994176620551922,0.22913887724163892,4.383102889695684,0.3453465965160642,3.4451782379335696,2.7306049735004483,2.557698383694098,46,sugarcane,red Loamy soil
24582,0.42884456109574615,0.17449124089587287,-0.09597647149880119,-0.8975029591088394,1.5023015959960477,3.7480980894631233,-0.18031762457199252,2.915585012099842,0.22442447259948697,3.1819935985114305,2.024866259899687,3.016866563449315,46,sugarcane,red Loamy soil
24590,0.42884456109574615,0.17449124089587287,-0.09597647149880119,-0.8975029591088394,1.6561775355314885,3.732981122690668,-0.2144389997231283,4.306485490463774,0.21578717803401704,2.8655806050488586,1.0391650813994495,2.965847876809846,46,sugarcane,red Loamy soil
24594,0.42884456109574615,0.17449124089587287,-0.09597647149880119,-0.8975029591088394,0.4251700192479687,3.7972282314736034,0.17795681451493492,3.966899215479844,0.20283123618581245,2.747295373847897,1.4532762273965902,2.4410842428038846,46,sugarcane,red Loamy soil
24652,-0.4311664231096339,0.17449124089587287,-0.09597647149880119,-0.8975029591088394,1.5023015959960477,3.76888391877525,-0.11207487426972029,3.493723629014631,0.09918370140017449,2.2859829721641476,2.4448099572489,3.344843834703041,46,sugarcane,clay Loamy soil
24718,0.42884456109574615,0.17449124089587287,-0.09597647149880119,-0.8975029591088394,-0.19033373889379193,3.9521771408912696,-0.45328862578107953,2.7407401779552236,-0.15561648828118513,3.1258081136909737,1.914047784210311,2.5504099998884597,46,sugarcane,red Loamy soil
24754,0.42884456109574615,0.17449124089587287,-0.09597647149880119,-0.8975029591088394,2.1178053541378086,3.6385000803628227,-0.6068348139611915,3.8131031173879477,0.26329229814410077,2.1706548717432104,1.0391650813994495,2.852877927822452,46,sugarcane,red Loamy soil
24800,-0.4311664231096339,0.17449124089587287,-0.09597647149880119,-0.8975029591088394,0.5790459587834081,4.154366571472859,-0.5385920636589193,2.5456885571999908,0.2330617671649563,2.7443382430678733,1.2199741733136937,3.2719599966466575,46,sugarcane,clay Loamy soil
24880,-0.4311664231096339,0.17449124089587287,-0.09597647149880119,-0.8975029591088394,0.8867978378542885,3.918163965653245,-0.1291355618452885,3.3750087576772745,0.1380515269447889,2.584653180946575,2.479805265361335,2.346335253330586,46,sugarcane,clay Loamy soil
24893,-0.6222799751552739,0.17449124089587287,-0.6043429600973992,-0.8975029591088394,-0.19033373889379193,3.997528041208635,-0.4703493133566477,4.097401379006726,-0.14266054643297993,2.460453688185566,2.2290055572222216,3.1334807043395285,46,sugarcane,black cotton soil
24923,-0.5267231991324539,0.17449124089587287,-0.6043429600973992,-0.8975029591088394,2.1178053541378086,3.9956384203620785,0.33150300269504634,2.5886279787475455,0.017129403028211056,2.4131395957051818,2.987237232991635,2.426507475192608,46,sugarcane,brown Loamy soil
24933,-0.6222799751552739,0.17449124089587287,-0.6043429600973992,-0.8975029591088394,0.27129407971252784,3.6082661468179125,0.3656243778461821,2.3267817022516724,0.2719295927095707,2.912894697529244,1.949043092322745,2.5212564646659064,46,sugarcane,black cotton soil
24943,-0.5267231991324539,0.17449124089587287,-0.6043429600973992,-0.8975029591088394,1.5023015959960477,4.16003543401253,0.28032093996834234,2.69387165901116,-0.10379272088836615,2.6408386657670317,1.5057691895652423,3.013222371546496,46,sugarcane,brown Loamy soil
24979,-0.5267231991324539,0.17449124089587287,-0.6043429600973992,-0.8975029591088394,0.27129407971252784,4.0220931122138746,0.05853200148595931,4.473752779629412,0.18123799977213792,2.5639532654864072,1.7682340004085007,2.5030355051518107,46,sugarcane,brown Loamy soil
25005,-0.33560964708681384,0.17449124089587287,-0.6043429600973992,-0.8975029591088394,0.8867978378542885,1.1101873876696804,-1.1698375039549345,-0.3090813511773127,-0.06492489534375176,1.7004710777193894,1.1966439679054046,0.5096625343097199,45,sugarbeet,clay Loamy soil 
25015,1.3844123213239463,0.17449124089587287,-0.6043429600973992,-0.8975029591088394,-0.036457799358352465,1.0761742124316562,-0.8456844400191428,-0.7808536885723429,-0.08219948447469164,0.7334893126515297,1.0100023246390875,0.13431076831934463,45,sugarbeet,well-drained soil
25022,0.8110716651870262,0.17449124089587287,-0.09597647149880119,-0.8975029591088394,-0.9597134365709921,1.3029287140184853,-1.3745657548617498,-0.6893618491965072,0.16828205792393272,1.0025882136337172,1.7274061409439936,0.7173814727704132,45,sugarbeet,sandy Loamy soil
25135,1.3844123213239463,0.17449124089587287,-0.6043429600973992,-0.8975029591088394,-0.8058374970355525,1.304818334865042,-1.0674733785015265,-0.7421240142353329,0.04735993400735551,0.567889988970184,0.7475375137958289,0.6590744023253066,45,sugarbeet,well-drained soil
25170,-0.33560964708681384,0.17449124089587287,-0.09597647149880119,-0.8975029591088394,2.1178053541378086,1.178213738145729,-0.3338638127521039,-0.5204106611466512,-0.19016566654306424,1.014416736753813,1.7215735895919215,0.815774654146531,45,sugarbeet,clay Loamy soil 
25211,0.8110716651870262,0.17449124089587287,-0.6043429600973992,-0.8975029591088394,1.5023015959960477,1.093180800050668,-0.7091989394145989,-0.6380029332278634,-0.19880296110853418,1.7211709931795574,1.1966439679054046,0.4950857666984435,45,sugarbeet,sandy Loamy soil
25218,-0.33560964708681384,0.17449124089587287,-0.09597647149880119,-0.8975029591088394,1.1945497169251689,1.2386816052355503,-1.4257478175884537,-0.7676631473126369,-0.004463833385463468,0.7187036587514095,1.0449976327515216,0.7902653108267967,45,sugarbeet,clay Loamy soil 
25240,1.3844123213239463,0.17449124089587287,-0.09597647149880119,-0.8975029591088394,1.0406737773897279,0.9306734072467742,-1.0162913157748223,-0.5799084217223479,0.025766697593680988,1.5555716694982116,1.3132949949468529,0.38576000961386814,45,sugarbeet,well-drained soil
25247,0.8110716651870262,0.17449124089587287,-0.6043429600973992,-0.8975029591088394,-0.6519615575001118,1.181992979838843,-0.8968665027458468,-0.7101299354351941,0.03440399215915092,1.8867703168609031,0.9108489516538563,0.47322061528152815,45,sugarbeet,sandy Loamy soil
25265,0.8110716651870262,0.17449124089587287,-0.6043429600973992,-0.8975029591088394,1.6561775355314885,0.9212253030139896,-1.1527768163793661,-0.516481563750143,-0.07788083719195636,1.5674001926183079,1.4474436760445182,0.22541556588982412,45,sugarbeet,sandy Loamy soil
25288,1.3844123213239463,0.17449124089587287,-0.09597647149880119,-0.8975029591088394,0.4251700192479687,1.301039093171928,-0.3338638127521039,-0.4923456797430207,0.21146853075128177,0.913874290232996,1.1733137624971146,0.7756885432155204,45,sugarbeet,well-drained soil
25342,1.3844123213239463,0.17449124089587287,-0.09597647149880119,-0.8975029591088394,-0.6519615575001118,0.7719452561359937,-1.5622333181929973,-0.7154622819018839,-0.16425378284665446,1.8128420473603022,0.9866721192307973,0.2582132930151969,45,sugarbeet,well-drained soil
25346,0.8110716651870262,0.17449124089587287,-0.09597647149880119,-0.8975029591088394,-0.9597134365709921,1.2008891883044122,-0.4703493133566477,-0.3197460441106925,0.12077693781384902,0.6773038278310733,1.394950713875866,0.5752579885604655,45,sugarbeet,sandy Loamy soil
25364,0.8110716651870262,0.17449124089587287,-0.09597647149880119,-0.8975029591088394,0.8867978378542885,1.0969600417437821,-0.9992306281992548,-0.7067621376667583,-0.11674866273657075,1.8394562243805188,1.5524296003818214,0.6444976347140297,45,sugarbeet,sandy Loamy soil
25388,0.8110716651870262,0.17449124089587287,-0.09597647149880119,-0.8975029591088394,1.0406737773897279,1.1838826006854,-1.1015947536526622,-0.5027297228623638,0.3280720073851243,0.9523169903733084,0.8116955786686255,0.42220192864205996,45,sugarbeet,sandy Loamy soil
25399,1.3844123213239463,0.17449124089587287,-0.6043429600973992,-0.8975029591088394,2.1178053541378086,1.0459402788867453,-1.2039588791060702,-0.36745651249686456,-0.02605706979913799,1.094259267814462,1.3016298922427079,0.4294903124476984,45,sugarbeet,well-drained soil
25408,1.3844123213239463,0.17449124089587287,-0.09597647149880119,-0.8975029591088394,1.0406737773897279,1.098849662590339,-1.4428085051640214,-0.5075007697009811,0.22442447259948697,1.0617308292341978,1.4416111246924461,0.159820111639079,45,sugarbeet,well-drained soil
25420,1.3844123213239463,0.17449124089587287,-0.09597647149880119,-0.8975029591088394,-0.49808561796467227,0.809737673067132,-0.6921382518390313,-0.25154813929987,0.02144805031094633,1.6531569852390042,0.9516768111183632,0.5205951100181778,45,sugarbeet,well-drained soil
25451,0.8110716651870262,0.17449124089587287,-0.6043429600973992,-0.8975029591088394,1.0406737773897279,0.9703554450244691,-0.7774416897168711,-0.3758760069179537,0.008492108462741737,0.9227456825730681,1.348290303059287,0.753823391798605,45,sugarbeet,sandy Loamy soil
25454,0.8110716651870262,0.17449124089587287,-0.09597647149880119,-0.8975029591088394,-0.3442096784292314,1.144200562907705,-0.8968665027458468,-0.7303367220458079,-0.03901301164734258,1.8246705704803985,1.5815923571421835,0.33474132297439946,45,sugarbeet,sandy Loamy soil
25467,-0.33560964708681384,0.17449124089587287,-0.6043429600973992,-0.8975029591088394,1.5023015959960477,1.1026289042834525,-0.5215313760833518,-0.3595983177038478,0.33670930195059423,1.425457915177154,1.2724671354823458,0.30558778775184614,45,sugarbeet,clay Loamy soil 
25490,0.8110716651870262,0.17449124089587287,-0.09597647149880119,-0.8975029591088394,1.963929414602369,1.0894015583575545,-0.0608928115430169,-0.3567918195634847,-0.2549453757840878,1.7182138623995336,0.788365373260336,0.7574675837014244,45,sugarbeet,sandy Loamy soil
25497,-0.33560964708681384,0.17449124089587287,-0.6043429600973992,-0.8975029591088394,-0.8058374970355525,0.8853225069294083,-0.8456844400191428,-0.39524084408645876,0.030085344876416262,0.9996310828536928,1.8032293085209348,0.5643254128520075,45,sugarbeet,clay Loamy soil 
25499,0.8110716651870262,0.17449124089587287,-0.6043429600973992,-0.8975029591088394,0.4251700192479687,1.1082977668231235,-1.186898191530502,-0.39945059129700333,0.3539838910815341,1.2007159758953274,1.0974905949201734,0.833995613660627,45,sugarbeet,sandy Loamy soil
25504,1.3844123213239463,0.17449124089587287,-0.09597647149880119,-0.8975029591088394,-0.3442096784292314,1.2500193303148917,-1.3745657548617498,-0.5608242343678792,0.3539838910815341,1.7329995162996537,1.2666345841302737,0.8084862703408926,45,sugarbeet,well-drained soil
25578,-0.33560964708681384,0.17449124089587287,-0.09597647149880119,-0.8975029591088394,1.8100534750669282,0.809737673067132,-1.0333520033503905,-0.756998454379257,0.3194347128196544,1.2036731066753514,1.2666345841302737,0.7975536946324352,45,sugarbeet,clay Loamy soil 
25582,1.3844123213239463,0.17449124089587287,-0.09597647149880119,-0.8975029591088394,0.8867978378542885,1.1706552547595017,-1.4257478175884537,-0.25407398762619704,0.32375336010238964,0.6004184275504482,1.4066158165800111,0.5242393019209969,45,sugarbeet,well-drained soil
25623,-0.33560964708681384,0.17449124089587287,-0.6043429600973992,-0.8975029591088394,1.8100534750669282,1.1328628378283636,-1.3233836921350457,-0.7614888514038379,-0.03037571708187265,0.7187036587514095,1.1149882489763905,0.15253172783344054,45,sugarbeet,clay Loamy soil 
25662,-0.33560964708681384,0.17449124089587287,-0.09597647149880119,-0.8975029591088394,-0.19033373889379193,1.3104871974047125,-1.2722016294083418,-0.3012231563842963,0.030085344876416262,1.4550292229773942,0.8583559894852046,0.670006978033764,45,sugarbeet,clay Loamy soil 
25725,-0.33560964708681384,0.17449124089587287,-0.6043429600973992,-0.8975029591088394,1.6561775355314885,1.285922126399473,-0.11207487426972029,-0.3340591846265442,-0.1599351355639198,1.9459129324613837,1.7040759355357045,0.2873668282377502,45,sugarbeet,clay Loamy soil 
25751,0.8110716651870262,0.17449124089587287,-0.6043429600973992,-0.8975029591088394,0.7329218983188477,1.301039093171928,-0.9480485654725508,-0.26137088279114074,0.09054640683470457,1.079473613914342,1.2083090706095496,0.4622880395730707,45,sugarbeet,sandy Loamy soil
25757,0.8110716651870262,0.17449124089587287,-0.6043429600973992,-0.8975029591088394,0.4251700192479687,1.0440506580401885,-0.09501418669415271,-0.7752406922916169,-0.24198943393588324,2.031669725082081,1.0158348759911595,0.6772953618394024,45,sugarbeet,sandy Loamy soil
25760,0.8110716651870262,0.17449124089587287,-0.09597647149880119,-0.8975029591088394,-0.3442096784292314,1.3180456807909402,-0.009710748816312897,-0.5888892157715099,-0.1253859573020407,1.7773564780000142,1.4241134706362282,0.670006978033764,45,sugarbeet,sandy Loamy soil
25796,0.8110716651870262,0.17449124089587287,-0.09597647149880119,-0.8975029591088394,0.8867978378542885,1.0251544495746194,-1.0504126909259581,-0.7802923889442706,0.004173461180006464,1.2835156377360004,1.377453059819649,0.7939095027296162,45,sugarbeet,sandy Loamy soil
25826,0.8110716651870262,0.17449124089587287,-0.09597647149880119,-0.8975029591088394,-0.036457799358352465,1.280253263859802,-0.5215313760833518,-0.5872053168872919,0.03440399215915092,1.0262452598739094,1.1966439679054046,0.30558778775184614,45,sugarbeet,sandy Loamy soil
25896,-0.33560964708681384,0.17449124089587287,-0.09597647149880119,-0.8975029591088394,0.5790459587834081,1.1914410840716276,-0.5044706885077835,-0.6298640886208106,0.31079741825418505,0.8399460207323952,1.4766064328048802,0.2837226363349313,45,sugarbeet,clay Loamy soil 
25903,1.3844123213239463,0.17449124089587287,-0.6043429600973992,-0.8975029591088394,1.0406737773897279,0.8116272939136893,-1.0333520033503905,-0.642212680438408,0.1985125889030772,0.76306062045177,1.5465970490297494,0.37118324200259123,45,sugarbeet,well-drained soil
25916,0.8110716651870262,0.17449124089587287,-0.09597647149880119,-0.8975029591088394,0.27129407971252784,1.0232648287280628,-0.0608928115430169,-0.6088153525680876,0.1466888215102582,1.4786862692175868,1.400783265227939,0.15617591973625977,45,sugarbeet,sandy Loamy soil
25945,1.3844123213239463,0.17449124089587287,-0.6043429600973992,-0.8975029591088394,0.8867978378542885,1.2972598514788143,-0.5044706885077835,-0.5846794685609652,-0.19016566654306424,0.825160366832275,1.1966439679054046,0.8121304622437121,45,sugarbeet,well-drained soil
25982,0.8110716651870262,0.17449124089587287,-0.09597647149880119,-0.8975029591088394,-0.49808561796467227,1.0251544495746194,-1.4257478175884537,-0.6467030774629889,0.025766697593680988,0.8399460207323952,1.0916580435681014,0.1415991521249831,45,sugarbeet,sandy Loamy soil
26014,0.8110716651870262,-1.0687588504872214,-0.6043429600973992,-0.8975029591088394,0.11741814017708838,0.30520890703643777,-0.35092450032767214,-0.4224638760479806,0.4446754840189669,0.9848454289535726,-0.02235926467772946,1.0162052088015858,52,tomato,sandy Loamy soil
26016,0.8110716651870262,-1.0687588504872214,-1.621075937294595,-0.8975029591088394,0.7329218983188477,0.2919815611105394,0.09265337663709511,-0.6469837272770252,0.27624823999230536,1.1918445835552551,0.36258912455904974,2.0657324768135092,52,tomato,sandy Loamy soil
26024,0.8110716651870262,-1.0687588504872214,-0.6043429600973992,-0.8975029591088394,1.1945497169251689,0.4431512288350923,-1.0333520033503905,-0.31497499727207523,0.5699162552182794,0.8015033205920828,1.1266533516805355,1.325961520541216,52,tomato,sandy Loamy soil
26110,0.8110716651870262,-1.0687588504872214,0.4123900170997968,-0.8975029591088394,-0.19033373889379193,-0.31269710978767107,-0.8115630648680069,-0.33097203667214475,0.24169906173042624,0.5590185966301119,1.5465970490297494,0.8995910679113721,52,tomato,sandy Loamy soil
26120,0.8110716651870262,-1.0687588504872214,0.4123900170997968,-0.8975029591088394,0.5790459587834081,0.3373324614279053,0.3997457529973185,-0.7452111621897324,0.3496652437987988,1.0173738675338373,-0.4189727566186532,1.3952011666947808,52,tomato,sandy Loamy soil
26122,0.8110716651870262,-1.0687588504872214,0.9207565056983947,-0.8975029591088394,0.5790459587834081,-0.033033224497248784,0.6385953790552698,-0.5310753540800307,0.565597607935544,1.9488700632414078,0.9516768111183632,1.1473961173030762,52,tomato,sandy Loamy soil
26132,0.8110716651870262,-1.0687588504872214,0.9207565056983947,-0.8975029591088394,0.11741814017708838,0.3845729825918277,0.21207818966607073,-0.6388448826699722,0.4489941313017015,1.74482803941975,-0.23233111335233592,0.8595049569803613,52,tomato,sandy Loamy soil
26161,0.8110716651870262,-1.0687588504872214,-1.621075937294595,1.114202454544477,-0.036457799358352465,0.2900919402639826,0.5874133163285657,-0.7289334729756264,0.3583025383642688,1.6856854238192693,0.9808395678787253,1.3478266719581309,52,tomato,sandy Loamy soil
26170,0.8110716651870262,-1.0687588504872214,0.4123900170997968,-0.8975029591088394,0.27129407971252784,0.20316938132236467,0.7580201920842453,-0.3480916753283595,0.522411135108195,1.0232881290938853,0.05346390289921213,2.3026049504967556,52,tomato,sandy Loamy soil
26198,0.8110716651870262,-1.0687588504872214,-0.09597647149880119,-0.8975029591088394,0.5790459587834081,-0.0783841248146144,-1.0333520033503905,-0.3573531191915575,0.522411135108195,1.0085024751937652,0.047631351547139635,1.8288600031302626,52,tomato,sandy Loamy soil
26228,0.8110716651870262,-1.0687588504872214,-0.09597647149880119,-0.8975029591088394,1.0406737773897279,0.3373324614279053,-0.8968665027458468,-0.6200413451295398,0.49649925141178586,1.7063853392794373,-0.21483345929611883,0.8886584922029147,52,tomato,sandy Loamy soil
26254,0.8110716651870262,-1.0687588504872214,-0.6043429600973992,-0.8975029591088394,1.1945497169251689,-0.2144368257667118,-0.2656210624498323,-0.7673824974986004,0.31511606553691973,0.56493285819016,1.8032293085209348,0.9797632897733941,52,tomato,sandy Loamy soil
26283,0.8110716651870262,-1.0687588504872214,-0.09597647149880119,1.114202454544477,-0.036457799358352465,0.05011009275125526,0.17795681451493492,-0.27820987163331906,0.1855566470548726,1.4402435690772741,0.8583559894852046,1.2166357634566407,52,tomato,sandy Loamy soil
26313,0.8110716651870262,-1.0687588504872214,-0.09597647149880119,1.114202454544477,-0.036457799358352465,0.3392220822744621,0.31444231511947873,-0.8049895725794654,0.5871908443492186,1.0173738675338373,0.035966248842994646,1.406133742403238,52,tomato,sandy Loamy soil
26352,0.8110716651870262,-1.0687588504872214,0.9207565056983947,-0.8975029591088394,0.11741814017708838,0.5187360626973686,0.17795681451493492,-0.6034830061013978,0.22874311988222162,1.549657407938163,-0.15650794577539473,1.446219853334249,52,tomato,sandy Loamy soil
26364,0.8110716651870262,-1.0687588504872214,-0.6043429600973992,-0.8975029591088394,0.11741814017708838,0.3845729825918277,0.5703526287529982,-0.35314337198101287,0.3496652437987988,0.736446443431554,0.21677534075723945,1.9454741440204764,52,tomato,sandy Loamy soil
26380,0.8110716651870262,-1.0687588504872214,0.4123900170997968,-0.8975029591088394,1.0406737773897279,0.021765780052901643,0.6385953790552698,-0.48504878457807665,0.23738041444769156,1.0646879600142216,0.817528130020698,1.1073100063720653,52,tomato,sandy Loamy soil
26425,0.8110716651870262,-1.0687588504872214,0.4123900170997968,1.114202454544477,0.8867978378542885,-0.11617654174575257,0.07559268906152691,-0.35510792067926716,0.2201058253167517,1.5053004462378026,-0.37231234580207406,1.3660476314722267,52,tomato,sandy Loamy soil
26470,0.8110716651870262,-1.0687588504872214,0.4123900170997968,-0.8975029591088394,-0.19033373889379193,0.4866125083059008,-0.8286237524435751,-0.6649453153753487,0.5051365459772558,0.8724744593126594,0.4675750488963534,1.3223173286383971,52,tomato,sandy Loamy soil
26599,0.8110716651870262,-1.0687588504872214,-0.6043429600973992,1.114202454544477,0.8867978378542885,0.048220471904698456,0.3485636902706145,-0.4387415652620862,0.23738041444769156,0.8813458516527314,1.6165876652546183,1.7632645488795176,52,tomato,sandy Loamy soil
26641,0.8110716651870262,-1.0687588504872214,-1.621075937294595,1.114202454544477,0.8867978378542885,0.4431512288350923,-1.0333520033503905,-0.36465001435650146,0.3669398329297387,1.6531569852390042,0.875853643541422,1.872590305964093,52,tomato,sandy Loamy soil
26659,0.8110716651870262,-1.0687588504872214,-0.6043429600973992,1.114202454544477,0.7329218983188477,-0.34482066417913854,0.2973816275439105,-0.2655806300016853,0.5483230188046049,1.9547843248014563,0.45007739484013587,2.043867325396594,52,tomato,sandy Loamy soil
26704,0.8110716651870262,-1.0687588504872214,-0.6043429600973992,-0.8975029591088394,0.11741814017708838,0.3732352575124864,-1.1015947536526622,-0.30262640545447783,0.4317195421707623,2.0227983327420085,1.7274061409439936,1.8798786897697313,52,tomato,sandy Loamy soil
26719,0.8110716651870262,-1.0687588504872214,-0.6043429600973992,1.114202454544477,-0.036457799358352465,-0.3278140765601263,0.8433236299620851,-0.41011528423038285,0.531048429673665,0.7808034051319145,1.8382246166333698,2.120395355355797,52,tomato,sandy Loamy soil
26727,0.8110716651870262,-1.0687588504872214,0.9207565056983947,1.114202454544477,-0.036457799358352465,0.3222154946554501,0.46798850329959013,-0.44884495856739326,0.41012630575708775,1.996184155721793,1.4707738814528082,1.821571619324624,52,tomato,sandy Loamy soil
26755,0.8110716651870262,-1.0687588504872214,0.4123900170997968,1.114202454544477,1.1945497169251689,-0.031143603650691715,-0.5044706885077835,-0.38148900319867984,0.1855566470548726,0.9109171594529718,-0.4772982701393773,2.2552304557601066,52,tomato,sandy Loamy soil
26756,0.8110716651870262,-1.0687588504872214,-1.621075937294595,-0.8975029591088394,1.0406737773897279,0.059558196984039795,0.6897774417819738,-0.3741921080337358,0.21578717803401704,0.9671026442734286,-0.37231234580207406,1.9819160630486683,52,tomato,sandy Loamy soil
26763,0.8110716651870262,-1.0687588504872214,-0.09597647149880119,1.114202454544477,-0.19033373889379193,-0.2749046928565329,0.6727167542064055,-0.47662929015698746,0.5051365459772558,1.3692724303566972,0.21094278940516697,1.8179274274218051,52,tomato,sandy Loamy soil
26814,0.8110716651870262,-1.0687588504872214,-0.6043429600973992,-0.8975029591088394,0.5790459587834081,0.197500518782694,0.09265337663709511,-0.36100156677402934,0.48786195684631595,0.6004184275504482,0.5958911786419462,1.8616577302556354,52,tomato,sandy Loamy soil
26819,0.8110716651870262,-1.0687588504872214,-0.6043429600973992,1.114202454544477,0.7329218983188477,0.23529293571383217,0.43386712814845435,-0.3697017110091549,0.5871908443492186,1.0528594368941258,1.2841322381864908,1.9090322249922846,52,tomato,sandy Loamy soil
26834,0.8110716651870262,-1.0687588504872214,-0.6043429600973992,-0.8975029591088394,1.0406737773897279,0.44882009137476264,-0.9651092530481183,-0.40225708943736643,0.3323906546678596,1.333786860996409,-0.4189727566186532,2.116751163452978,52,tomato,sandy Loamy soil
26836,0.8110716651870262,-1.0687588504872214,-1.621075937294595,-0.8975029591088394,0.4251700192479687,0.07845440544960887,0.655656066630838,-0.5473530432941367,0.4317195421707623,1.3988437381569374,-0.03402436738187403,0.9615423302592983,52,tomato,sandy Loamy soil
26843,0.8110716651870262,-1.0687588504872214,-0.09597647149880119,1.114202454544477,0.5790459587834081,-0.03870208703691946,-0.7433203145657353,-0.33714633258094334,0.4576314258671715,0.6181612122305926,-0.06901967549430858,1.0672238954410547,52,tomato,sandy Loamy soil
26848,0.8110716651870262,-1.0687588504872214,-0.09597647149880119,-0.8975029591088394,1.1945497169251689,0.5773143089406326,-1.1015947536526622,-0.3741921080337358,0.40148901119161784,0.6920894817311934,0.1409521731802983,1.9053880330894657,52,tomato,sandy Loamy soil
26851,0.8110716651870262,-1.0687588504872214,-1.621075937294595,1.114202454544477,0.7329218983188477,0.4866125083059008,-0.8456844400191428,-0.5886085659574735,0.49649925141178586,1.6088000235386437,0.8933512975976392,2.058444093007871,52,tomato,sandy Loamy soil
26868,0.8110716651870262,-1.0687588504872214,-0.09597647149880119,-0.8975029591088394,1.3484256564606083,0.09168175137550728,-0.0438321239674487,-0.6051669049856154,0.4533127785844368,1.5614859310582594,1.2666345841302737,1.952762527826115,52,tomato,sandy Loamy soil
26902,0.8110716651870262,-1.0687588504872214,0.9207565056983947,-0.8975029591088394,0.11741814017708838,0.1691562060843404,-0.2656210624498323,-0.5091846685851991,0.18123799977213792,1.0558165676741496,1.383285611171722,1.522747883293452,52,tomato,sandy Loamy soil
26911,0.8110716651870262,-1.0687588504872214,-1.621075937294595,1.114202454544477,-0.036457799358352465,-0.1388519919044355,0.4509278157240219,-0.28859391475266255,0.5353670769563996,0.8222032360522508,1.2608020327782008,0.9834074816762131,52,tomato,sandy Loamy soil
26936,0.8110716651870262,-1.0687588504872214,-1.621075937294595,-0.8975029591088394,1.3484256564606083,0.35811829074003143,-1.0674733785015265,-0.7438079131195507,0.18987529433760725,1.907470232321072,0.7417049624437564,1.5154594994878134,52,tomato,sandy Loamy soil
26982,0.8110716651870262,-1.0687588504872214,0.9207565056983947,-0.8975029591088394,0.4251700192479687,-0.17853402968213047,0.655656066630838,-0.45782575261655484,0.18123799977213792,1.8512847475006151,1.2024765192574767,1.7304668217541446,52,tomato,sandy Loamy soil
27019,-1.100063855269374,-1.0687588504872214,-0.6043429600973992,1.114202454544477,-0.19033373889379193,0.09357137222206408,0.0073499387592553065,-1.2332611887988683,0.427400894888027,1.9192987554411673,0.2051102380530949,1.668515559406219,31,onion,Loamy soil
27029,-1.100063855269374,-1.0687588504872214,-0.6043429600973992,1.114202454544477,-1.2674653156418723,-0.05570867465593146,-0.009710748816312897,-1.323911078732595,0.3928517166261479,2.028712594302057,0.8933512975976392,1.3915569747919612,31,onion,Loamy soil
27047,-1.100063855269374,-1.0687588504872214,0.9207565056983947,1.114202454544477,-0.19033373889379193,0.08790250968239341,-0.5727134388100558,-1.132227255745798,0.33670930195059423,1.23915867603564,0.4325797407839188,0.8558607650775418,31,onion,Loamy soil
27053,-1.100063855269374,-1.0687588504872214,-0.09597647149880119,1.114202454544477,-0.8058374970355525,0.002869571587332568,-0.1291355618452885,-1.2234384453075975,0.565597607935544,1.4550292229773942,1.2957973408906358,0.8631491488831803,31,onion,Loamy soil
27078,-1.100063855269374,-1.0687588504872214,-0.09597647149880119,-0.8975029591088394,-0.19033373889379193,0.17860431031712493,-0.09501418669415271,-1.4768652273823815,0.582872197066484,2.002098417281841,0.3800867786152672,1.8908112654781888,31,onion,Loamy soil
27163,-1.100063855269374,-1.0687588504872214,-0.09597647149880119,1.114202454544477,-0.6519615575001118,0.017986538359787776,-0.23149968729869652,-1.0466290624647248,0.1941939416203425,0.8015033205920828,1.4357785733403732,0.9761190978705752,31,onion,Loamy soil
27179,-1.100063855269374,-1.0687588504872214,-0.6043429600973992,1.114202454544477,-0.9597134365709921,0.031213884285686184,-0.4703493133566477,-0.9857280528188462,0.4360381894534969,1.9370415401213121,-0.4656331674352323,2.164125658189627,31,onion,Loamy soil
27181,-1.100063855269374,-1.0687588504872214,-1.621075937294595,1.114202454544477,-0.49808561796467227,0.1332534099997593,-0.40210656305437614,-1.0929362817807153,0.5526416660873394,1.1534018834149427,0.2459380975176015,0.8959468760085532,31,onion,Loamy soil
27241,-1.100063855269374,-1.0687588504872214,-1.621075937294595,1.114202454544477,-1.2674653156418723,-0.016026636878236508,-0.29974243760096814,-1.2004251605566203,0.40148901119161784,0.8783887208727076,1.7040759355357045,1.3952011666947808,31,onion,Loamy soil
27264,-1.100063855269374,-1.0687588504872214,-0.6043429600973992,-0.8975029591088394,-0.8058374970355525,-0.1369623710578787,-0.2656210624498323,-1.3735860958170212,0.23738041444769156,1.656114116019029,-0.03985691873394653,1.8033506598105282,31,onion,Loamy soil
27293,-1.100063855269374,-1.0687588504872214,-0.09597647149880119,1.114202454544477,-0.3442096784292314,0.1842731728567956,-0.11207487426972029,-1.0351224200892362,0.1941939416203425,1.5910572388584998,0.9750070165266532,0.9651865221621172,31,onion,Loamy soil
27307,-1.100063855269374,-1.0687588504872214,0.9207565056983947,1.114202454544477,-0.8058374970355525,-0.1086180583595251,-0.29974243760096814,-1.0126704349663318,0.2546550035786308,1.2569014607157838,0.5900586272898737,2.040223133493775,31,onion,Loamy soil
27310,-1.100063855269374,-1.0687588504872214,0.4123900170997968,-0.8975029591088394,-0.49808561796467227,0.04066198851847072,-0.6238955015367591,-1.24224198284803,0.18987529433760725,0.8754315900926837,1.7449037950002106,1.1473961173030762,31,onion,Loamy soil
27335,-1.100063855269374,-1.0687588504872214,0.4123900170997968,1.114202454544477,-0.3442096784292314,-0.05570867465593146,-0.7433203145657353,-1.2700263144376243,0.24169906173042624,1.4668577460974905,1.7040759355357045,2.2989607585939367,31,onion,Loamy soil
27345,-1.100063855269374,-1.0687588504872214,0.4123900170997968,1.114202454544477,-0.3442096784292314,-0.13318312936476484,-0.2485603748742641,-0.9694503636047407,0.5526416660873394,0.7098322664113376,-0.4131402052665807,0.9032352598141916,31,onion,Loamy soil
27355,-1.100063855269374,-1.0687588504872214,0.4123900170997968,1.114202454544477,-0.9597134365709921,0.1219156849204177,-0.1632569369964243,-1.1145463174615107,0.3539838910815341,1.656114116019029,0.8933512975976392,2.1349721229670737,31,onion,Loamy soil
27365,-1.100063855269374,-1.0687588504872214,0.4123900170997968,1.114202454544477,-0.19033373889379193,-0.033033224497248784,-0.7262596269901671,-1.0738520944262464,0.3323906546678596,0.6299897353506885,1.1383184543846805,2.0256463658824986,31,onion,Loamy soil
27370,-1.100063855269374,-1.0687588504872214,0.4123900170997968,-0.8975029591088394,-1.1135893761064315,0.033103505132242986,-0.026771436391880492,-1.3191400318939777,0.3496652437987988,1.6472427236789566,1.8207269625771527,2.1896350015093615,31,onion,Loamy soil
27376,-1.100063855269374,-1.0687588504872214,-1.621075937294595,-0.8975029591088394,-0.19033373889379193,0.17671468947056812,-0.6580168766878955,-1.0034089911031336,0.21578717803401704,1.7004710777193894,0.9341791570621462,1.9564067197289339,31,onion,Loamy soil
27380,-1.100063855269374,-1.0687588504872214,0.4123900170997968,-0.8975029591088394,-0.6519615575001118,0.15214961846532837,-0.1973783121475601,-1.3721828467468395,0.21578717803401704,1.3899723458168658,1.35412285441136,1.9053880330894657,31,onion,Loamy soil
27409,-1.100063855269374,-1.0687588504872214,-0.6043429600973992,1.114202454544477,-0.8058374970355525,0.197500518782694,-0.23149968729869652,-1.380882990981965,0.4187636003225577,1.6442855928989326,0.27510085427796355,1.4753733885568021,31,onion,Loamy soil
27562,-1.100063855269374,-1.0687588504872214,0.9207565056983947,-0.8975029591088394,-1.2674653156418723,0.1823835520102388,-0.3338638127521039,-1.4521680437471869,0.4360381894534969,1.8926845784209516,1.6049225625504735,2.14954889057835,31,onion,Loamy soil
27590,-1.100063855269374,-1.0687588504872214,0.4123900170997968,-0.8975029591088394,-1.1135893761064315,-0.12940388767165098,-0.7262596269901671,-1.23690963638134,0.3453465965160642,0.7482749665516499,1.8498897193375148,2.036578941590956,31,onion,Loamy soil
27678,-1.100063855269374,-1.0687588504872214,-0.09597647149880119,-0.8975029591088394,-0.6519615575001118,-0.07649450396805761,-0.18031762457199252,-1.3073527397044529,0.5915094916319539,1.2509871991557358,-0.4248053079707257,1.3551150557637694,31,onion,Loamy soil
27697,-1.100063855269374,-1.0687588504872214,0.9207565056983947,1.114202454544477,-0.6519615575001118,-0.07082564142838693,-0.2485603748742641,-1.1819022728302242,0.3496652437987988,1.4491149614173466,1.7857316544647177,1.9673392954373912,31,onion,Loamy soil
27710,-1.100063855269374,-1.0687588504872214,0.4123900170997968,-0.8975029591088394,-1.1135893761064315,0.1823835520102388,-0.5727134388100558,-1.2526260259673732,0.2460177090131615,1.7241281239595811,1.0624952868077393,2.2698072233713833,31,onion,Loamy soil
27713,-1.100063855269374,-1.0687588504872214,-0.09597647149880119,1.114202454544477,-0.3442096784292314,0.05577895529092593,-0.6921382518390313,-1.164221334545937,0.5612789606528095,1.0232881290938853,1.35412285441136,2.14954889057835,31,onion,Loamy soil
27754,-1.100063855269374,-1.0687588504872214,-0.6043429600973992,-0.8975029591088394,-0.9597134365709921,0.1672665852377836,-0.40210656305437614,-1.341311367202846,0.172600705206668,1.4018008689369614,1.4824389841569523,1.901743841186646,31,onion,Loamy soil
27758,-1.100063855269374,-1.0687588504872214,-0.09597647149880119,-0.8975029591088394,-0.49808561796467227,0.033103505132242986,-0.7945023772924388,-1.0455064632085795,0.522411135108195,1.60584289275862,1.2083090706095496,1.588343337544197,31,onion,Loamy soil
27788,-1.100063855269374,-1.0687588504872214,-0.09597647149880119,-0.8975029591088394,-1.1135893761064315,0.12947416830664543,-0.5897741263856233,-1.0286674743664013,0.16396341064119807,1.1977588451153032,-0.44813551337901525,1.5519014185160052,31,onion,Loamy soil
27827,-1.100063855269374,-1.0687588504872214,0.9207565056983947,1.114202454544477,-1.1135893761064315,0.07467516375649501,-0.026771436391880492,-1.1033203249000585,0.565597607935544,1.3633581687966494,1.4357785733403732,2.185990809606542,31,onion,Loamy soil
27829,-1.100063855269374,-1.0687588504872214,-0.6043429600973992,1.114202454544477,-1.1135893761064315,0.07089592206338113,-0.0438321239674487,-1.4344871054628994,0.30216012368871514,0.7837605359119384,1.4941040868610973,2.032934749688137,31,onion,Loamy soil
27863,-1.100063855269374,-1.0687588504872214,-0.09597647149880119,1.114202454544477,-0.3442096784292314,0.15025999761877132,-0.4191672506299437,-1.4319612571365725,0.2460177090131615,1.7714422164399657,-0.3898099998582912,1.8470809626443585,31,onion,Loamy soil
27876,-1.100063855269374,-1.0687588504872214,-1.621075937294595,-0.8975029591088394,-0.9597134365709921,-0.10294919581985415,-0.7262596269901671,-1.1398048007247783,0.41012630575708775,1.5230432309179474,1.1791463138491876,1.9892044468543066,31,onion,Loamy soil
27890,-1.100063855269374,-1.0687588504872214,0.4123900170997968,-0.8975029591088394,-0.3442096784292314,-0.04437094957659012,-0.7774416897168711,-1.3415920170168822,0.5353670769563996,1.4372864382972503,0.4267471894318463,1.2749428339017475,31,onion,Loamy soil
27900,-1.100063855269374,-1.0687588504872214,0.4123900170997968,-0.8975029591088394,-0.9597134365709921,0.18805241454990945,-0.11207487426972029,-1.5049302087860121,0.2503363562958962,0.6122469506705445,0.1409521731802983,1.0125610168987669,31,onion,Loamy soil
27936,-1.100063855269374,-1.0687588504872214,-1.621075937294595,-0.8975029591088394,-0.49808561796467227,-0.051929432962817865,-0.0779534991185845,-1.26048422076039,0.29784147640597985,1.1534018834149427,0.9283466057100733,0.9032352598141916,31,onion,Loamy soil
27958,-1.100063855269374,-1.0687588504872214,-0.09597647149880119,-0.8975029591088394,-1.2674653156418723,0.11246758068763316,-0.2485603748742641,-1.2837781553254033,0.3798957747779433,1.10017352937451,-0.23233111335233592,2.196923385315,31,onion,Loamy soil
27961,-1.100063855269374,-1.0687588504872214,-1.621075937294595,1.114202454544477,-0.9597134365709921,0.12002606407386089,-0.5215313760833518,-1.433925805834827,0.21146853075128177,0.6359039969107366,0.09429176236371875,1.245789298679194,31,onion,Loamy soil
27977,-1.100063855269374,-1.0687588504872214,0.9207565056983947,1.114202454544477,-1.1135893761064315,0.05199971359781206,-0.2144389997231283,-1.4423453002559161,0.4749060149981113,1.3811009534767935,1.4474436760445182,0.9287446031339255,31,onion,Loamy soil
28005,-1.195620631292194,-1.0687588504872214,0.4123900170997968,1.114202454544477,-0.6519615575001118,0.20127976047580787,-0.11207487426972029,-1.0870426356859528,0.5267297823909303,1.848327616720591,0.030133697490922567,1.7304668217541446,15,chillies,Laterite soil
28018,-1.100063855269374,-1.0687588504872214,-0.09597647149880119,-0.8975029591088394,0.27129407971252784,0.20127976047580787,-0.0779534991185845,-1.0870426356859528,0.574234902501014,1.425457915177154,-0.43647041067487025,0.8667933407859998,15,chillies,Loamy soil
28049,-1.195620631292194,-1.0687588504872214,-0.6043429600973992,1.114202454544477,-0.3442096784292314,0.20127976047580787,0.3656243778461821,-1.0870426356859528,0.2719295927095707,0.9789311673935249,1.5990900111984006,1.770552932685156,15,chillies,Laterite soil
28098,-1.100063855269374,-1.0687588504872214,-0.09597647149880119,-0.8975029591088394,-0.036457799358352465,0.20127976047580787,0.38268506542175035,-1.0870426356859528,0.40580765847435246,2.019841201961985,0.28676595698210855,1.2494334905820135,15,chillies,Loamy soil
28137,-1.195620631292194,-1.0687588504872214,0.9207565056983947,1.114202454544477,0.11741814017708838,0.20127976047580787,0.48504919087515835,-1.0870426356859528,0.3583025383642688,2.019841201961985,-0.03402436738187403,1.5591898023216437,15,chillies,Laterite soil
28150,-1.100063855269374,-1.0687588504872214,0.4123900170997968,-0.8975029591088394,-0.19033373889379193,0.20127976047580787,-0.026771436391880492,-1.0870426356859528,0.574234902501014,0.9789311673935249,1.8207269625771527,2.000137022562764,15,chillies,Loamy soil
28238,-1.100063855269374,-1.0687588504872214,-0.09597647149880119,-0.8975029591088394,0.11741814017708838,0.20127976047580787,0.7580201920842453,-1.0870426356859528,0.28920418184051055,1.4816433999976109,1.7274061409439936,1.4790175804596217,15,chillies,Loamy soil
28308,-1.100063855269374,-1.0687588504872214,-0.09597647149880119,-0.8975029591088394,0.11741814017708838,0.20127976047580787,0.33150300269504634,-1.0870426356859528,0.49218060412905057,1.74482803941975,0.5492307678253671,1.8106390436161668,15,chillies,Loamy soil
28315,-1.195620631292194,-1.0687588504872214,0.4123900170997968,1.114202454544477,-0.19033373889379193,0.20127976047580787,0.38268506542175035,-1.0870426356859528,0.4662687204326414,1.9518271940214325,1.5699272544380385,2.164125658189627,15,chillies,Laterite soil
28337,-1.195620631292194,-1.0687588504872214,0.9207565056983947,1.114202454544477,-0.036457799358352465,0.20127976047580787,0.502109878450726,-1.0870426356859528,0.31079741825418505,1.3249154686563367,0.6600492435147427,1.9418299521176574,15,chillies,Laterite soil
28408,-1.100063855269374,-1.0687588504872214,-0.09597647149880119,-0.8975029591088394,-0.3442096784292314,0.20127976047580787,0.4168064405728861,-1.0870426356859528,0.4446754840189669,0.7009608740712655,-0.32565193498549455,1.4607966209455259,15,chillies,Loamy soil
28456,-1.100063855269374,-1.0687588504872214,-1.621075937294595,-0.8975029591088394,-0.49808561796467227,0.20127976047580787,-0.1291355618452885,-1.0870426356859528,0.36262118564700346,1.8305848320404463,0.17011492994066033,1.6794481351146764,15,chillies,Loamy soil
28469,-1.195620631292194,-1.0687588504872214,-0.6043429600973992,1.114202454544477,-0.6519615575001118,0.20127976047580787,0.09265337663709511,-1.0870426356859528,0.4662687204326414,1.7329995162996537,0.7358724110916839,1.690380710823134,15,chillies,Laterite soil
28470,-1.100063855269374,-1.0687588504872214,0.4123900170997968,-0.8975029591088394,0.27129407971252784,0.20127976047580787,0.7750808796598135,-1.0870426356859528,0.3583025383642688,1.1297448371747505,1.7332386922960665,1.3150289448327586,15,chillies,Loamy soil
28478,-1.100063855269374,-1.0687588504872214,-0.09597647149880119,-0.8975029591088394,-0.036457799358352465,0.20127976047580787,0.877445005113221,-1.0870426356859528,0.3496652437987988,0.5915470352103761,0.9166815030059288,1.7887738921992518,15,chillies,Loamy soil
28510,-1.100063855269374,-1.0687588504872214,0.4123900170997968,-0.8975029591088394,0.11741814017708838,0.20127976047580787,-0.1973783121475601,-1.0870426356859528,0.2805668872750406,1.7596136933198703,1.0100023246390875,2.266163031468564,15,chillies,Loamy soil
28512,-1.100063855269374,-1.0687588504872214,0.9207565056983947,-0.8975029591088394,-0.3442096784292314,0.20127976047580787,0.8433236299620851,-1.0870426356859528,0.4403568367362322,1.3130869455362406,1.4357785733403732,1.872590305964093,15,chillies,Loamy soil
28524,-1.100063855269374,-1.0687588504872214,-0.6043429600973992,-0.8975029591088394,0.27129407971252784,0.20127976047580787,0.655656066630838,-1.0870426356859528,0.3669398329297387,0.56493285819016,1.6574155247191247,2.1313279310642543,15,chillies,Loamy soil
28533,-1.195620631292194,-1.0687588504872214,-0.09597647149880119,1.114202454544477,-0.6519615575001118,0.20127976047580787,-0.026771436391880492,-1.0870426356859528,0.26329229814410077,1.7921421319001343,0.14678472453237076,0.8850143003000958,15,chillies,Laterite soil
28548,-1.100063855269374,-1.0687588504872214,-0.09597647149880119,-0.8975029591088394,-0.9597134365709921,0.20127976047580787,0.09265337663709511,-1.0870426356859528,0.4187636003225577,0.7837605359119384,-0.23233111335233592,2.054799901105052,15,chillies,Loamy soil
28570,-1.100063855269374,-1.0687588504872214,0.4123900170997968,-0.8975029591088394,-0.8058374970355525,0.20127976047580787,0.1950175020905025,-1.0870426356859528,0.49218060412905057,1.5585288002782356,0.6425515894585256,2.3098933343023944,15,chillies,Loamy soil
28619,-1.195620631292194,-1.0687588504872214,-0.6043429600973992,1.114202454544477,-0.036457799358352465,0.20127976047580787,0.877445005113221,-1.0870426356859528,0.5483230188046049,1.7034282084994135,0.5725609732336566,2.1750582338980844,15,chillies,Laterite soil
28624,-1.100063855269374,-1.0687588504872214,-0.6043429600973992,-0.8975029591088394,-0.3442096784292314,0.20127976047580787,0.5191705660262941,-1.0870426356859528,0.5526416660873394,0.9818882981735487,0.8991838489497116,1.3915569747919612,15,chillies,Loamy soil
28627,-1.195620631292194,-1.0687588504872214,0.9207565056983947,1.114202454544477,-0.3442096784292314,0.20127976047580787,0.3997457529973185,-1.0870426356859528,0.3798957747779433,1.673856900699173,-0.45396806473108775,1.8288600031302626,15,chillies,Laterite soil
28629,-1.195620631292194,-1.0687588504872214,-0.6043429600973992,1.114202454544477,-0.3442096784292314,0.20127976047580787,0.1097140642126627,-1.0870426356859528,0.3280720073851243,0.825160366832275,0.4267471894318463,1.143751925400257,15,chillies,Laterite soil
28630,-1.100063855269374,-1.0687588504872214,0.4123900170997968,-0.8975029591088394,-0.6519615575001118,0.20127976047580787,0.024410626334822903,-1.0870426356859528,0.23738041444769156,1.1800160604351593,0.9050164003017841,1.2494334905820135,15,chillies,Loamy soil
28643,-1.195620631292194,-1.0687588504872214,-0.09597647149880119,1.114202454544477,-0.8058374970355525,0.20127976047580787,-0.2826817500253999,-1.0870426356859528,0.5267297823909303,0.7127893971913618,0.765035167852046,0.9105236436198295,15,chillies,Laterite soil
28670,-1.100063855269374,-1.0687588504872214,0.4123900170997968,-0.8975029591088394,-0.8058374970355525,0.20127976047580787,0.05853200148595931,-1.0870426356859528,0.39717036390888316,1.1060877909345583,-0.12734518901503267,0.9578981383564793,15,chillies,Loamy soil
28717,-1.195620631292194,-1.0687588504872214,0.9207565056983947,1.114202454544477,-0.19033373889379193,0.20127976047580787,0.502109878450726,-1.0870426356859528,0.2460177090131615,1.020330998313861,1.8440571679854418,1.836148386935901,15,chillies,Laterite soil
28734,-1.100063855269374,-1.0687588504872214,-0.6043429600973992,-0.8975029591088394,-0.3442096784292314,0.20127976047580787,0.604474003904134,-1.0870426356859528,0.5440043715218695,0.8429031515124191,0.2051102380530949,1.588343337544197,15,chillies,Loamy soil
28776,-1.100063855269374,-1.0687588504872214,-1.621075937294595,-0.8975029591088394,0.11741814017708838,0.20127976047580787,0.33150300269504634,-1.0870426356859528,0.3280720073851243,0.6920894817311934,1.6924108328315595,1.2822312177073858,15,chillies,Loamy soil
28795,-1.195620631292194,-1.0687588504872214,0.4123900170997968,1.114202454544477,-0.9597134365709921,0.20127976047580787,0.3997457529973185,-1.0870426356859528,0.5871908443492186,1.0351166522139814,0.35675657320697723,1.6211410646695694,15,chillies,Laterite soil
28824,-1.100063855269374,-1.0687588504872214,-0.6043429600973992,-0.8975029591088394,-0.49808561796467227,0.20127976047580787,0.38268506542175035,-1.0870426356859528,0.3064787709714498,0.8547316746325154,-0.028191816029801538,1.8980996492838271,15,chillies,Loamy soil
28919,-1.195620631292194,-1.0687588504872214,-0.6043429600973992,1.114202454544477,-0.6519615575001118,0.20127976047580787,0.6897774417819738,-1.0870426356859528,0.38853306934341325,1.3692724303566972,0.1292870704761533,1.6211410646695694,15,chillies,Laterite soil
28925,-1.195620631292194,-1.0687588504872214,0.4123900170997968,1.114202454544477,0.27129407971252784,0.20127976047580787,0.8262629423865175,-1.0870426356859528,0.3496652437987988,1.7359566470796775,0.1992776867010224,1.821571619324624,15,chillies,Laterite soil
28937,-1.195620631292194,-1.0687588504872214,0.9207565056983947,1.114202454544477,-0.19033373889379193,0.20127976047580787,0.7580201920842453,-1.0870426356859528,0.5612789606528095,1.0558165676741496,1.7215735895919215,1.2166357634566407,15,chillies,Laterite soil
28949,-1.195620631292194,-1.0687588504872214,-0.6043429600973992,1.114202454544477,-0.19033373889379193,0.20127976047580787,-0.2826817500253999,-1.0870426356859528,0.4489941313017015,0.8813458516527314,-0.40730765391450824,1.4498640452370684,15,chillies,Laterite soil
28975,-1.195620631292194,-1.0687588504872214,0.4123900170997968,1.114202454544477,-0.19033373889379193,0.20127976047580787,0.8433236299620851,-1.0870426356859528,0.2460177090131615,0.665475304710977,-0.3548146917458566,1.3077405610271202,15,chillies,Laterite soil
28981,-1.195620631292194,-1.0687588504872214,-1.621075937294595,1.114202454544477,-0.036457799358352465,0.20127976047580787,-0.2656210624498323,-1.0870426356859528,0.2805668872750406,1.103130660154534,0.3100961623903981,0.8813701083972763,15,chillies,Laterite soil
28997,-1.195620631292194,-1.0687588504872214,0.9207565056983947,1.114202454544477,-0.19033373889379193,0.20127976047580787,-0.009710748816312897,-1.0870426356859528,0.565597607935544,1.8246705704803985,0.1876125839968774,1.7013132865315914,15,chillies,Laterite soil
29003,0.8110716651870262,-1.0687588504872214,-0.09597647149880119,-0.8975029591088394,-0.19033373889379193,-0.36560649349126445,0.3656243778461821,-1.3351370712940471,1.2220319949112497,1.2155016297954477,1.33079264900307,1.9855602549514872,0,Cabbage,sandy Loamy soil
29009,0.8110716651870262,-1.0687588504872214,-0.6043429600973992,-0.8975029591088394,-0.6519615575001118,-0.31269710978767107,-2.074053945460036,-1.1021977256439133,1.1702082275184307,0.6270326045706647,1.5349319463256044,1.588343337544197,0,Cabbage,sandy Loamy soil
29024,0.8110716651870262,-1.0687588504872214,-0.6043429600973992,-0.8975029591088394,-0.3442096784292314,0.38646260343838507,-0.1461962494208567,-1.0898491338263159,1.062242045450058,1.0085024751937652,1.0566627354556666,2.262518839565745,0,Cabbage,sandy Loamy soil
29030,0.8110716651870262,-1.0687588504872214,0.4123900170997968,-0.8975029591088394,-0.3442096784292314,0.7492698059773111,-1.4769298803151572,-1.099110577689514,0.9370012742507463,0.6625181739309531,1.4532762273965902,1.5446130347103668,0,Cabbage,sandy Loamy soil
29033,0.8110716651870262,-1.0687588504872214,-0.09597647149880119,-0.8975029591088394,-0.19033373889379193,0.9533488574054574,-1.4257478175884537,-1.207441405907528,1.00178098349177,1.245072937595688,2.899748962710549,1.7887738921992518,0,Cabbage,sandy Loamy soil
29038,0.8110716651870262,-1.0687588504872214,-0.09597647149880119,-0.8975029591088394,-0.8058374970355525,0.9023290945484205,-2.7052993857560503,-1.194531514461858,1.1702082275184307,0.9109171594529718,2.573126086994493,2.0912418201332437,0,Cabbage,sandy Loamy soil
29069,0.8110716651870262,-1.0687588504872214,-0.6043429600973992,-0.8975029591088394,-0.9597134365709921,1.2292335010027657,-0.1973783121475601,-1.296407396957037,1.2436252313249243,1.7004710777193894,0.817528130020698,1.9673392954373912,0,Cabbage,sandy Loamy soil
29072,0.8110716651870262,-1.0687588504872214,0.9207565056983947,-0.8975029591088394,-0.8058374970355525,0.004759192433889368,-1.4086871300128856,-1.1931282653916764,0.9715504525126254,0.825160366832275,1.5699272544380385,1.7049574784344108,0,Cabbage,sandy Loamy soil
29093,0.8110716651870262,-1.0687588504872214,-0.09597647149880119,-0.8975029591088394,-0.49808561796467227,-0.5262242654486016,0.041471313910391105,-1.2021090594408381,1.044967456319119,1.0735593523542937,2.059861568012121,1.1874822282340873,0,Cabbage,sandy Loamy soil
29096,0.8110716651870262,-1.0687588504872214,-1.621075937294595,-0.8975029591088394,-0.49808561796467227,0.7643867727497665,-0.8968665027458468,-1.3884605359609452,1.0147369253399745,1.2302872836955678,2.1123545301807733,1.3624034395694078,0,Cabbage,sandy Loamy soil
29126,0.8110716651870262,-1.0687588504872214,-1.621075937294595,-0.8975029591088394,-0.49808561796467227,-0.04815019126970399,0.21207818966607073,-1.3255949776168128,1.2047574057803099,1.3130869455362406,0.8466908867810601,2.120395355355797,0,Cabbage,sandy Loamy soil
29137,0.8110716651870262,-1.0687588504872214,0.9207565056983947,-0.8975029591088394,-0.6519615575001118,1.00058937856938,-1.6304760684952693,-1.3873379367048,1.21339470034578,0.913874290232996,0.8641885408372771,0.9287446031339255,0,Cabbage,sandy Loamy soil
29192,0.8110716651870262,-1.0687588504872214,0.9207565056983947,-0.8975029591088394,-0.3442096784292314,0.36000791158658824,-1.4086871300128856,-1.292758949374565,0.8722215650097227,1.9399986709013362,1.7332386922960665,1.4535082371398873,0,Cabbage,sandy Loamy soil
29213,0.8110716651870262,-1.0687588504872214,-0.09597647149880119,-0.8975029591088394,-0.9597134365709921,-0.2465603801581793,-2.841784886360595,-1.2197899977251254,1.0665606927327933,0.7009608740712655,0.8291932327248426,1.6247852565723888,0,Cabbage,sandy Loamy soil
29219,0.8110716651870262,-1.0687588504872214,-0.6043429600973992,-0.8975029591088394,-0.8058374970355525,-0.23333303423228088,-0.5215313760833518,-1.1187560646720554,1.131340401973817,0.8429031515124191,0.8816861948934942,1.3879127828891422,0,Cabbage,sandy Loamy soil
29228,0.8110716651870262,-1.0687588504872214,-0.09597647149880119,-0.8975029591088394,-0.8058374970355525,-0.35426876841192306,-0.09501418669415271,-1.4041769255469785,1.2220319949112497,0.5945041659904005,1.5582621517338944,2.0912418201332437,0,Cabbage,sandy Loamy soil
29238,0.8110716651870262,-1.0687588504872214,-0.09597647149880119,-0.8975029591088394,-0.19033373889379193,0.15214961846532837,-1.6304760684952693,-1.1485049449599036,1.1831641693666353,1.0528594368941258,2.8122606924294624,2.1313279310642543,0,Cabbage,sandy Loamy soil
29247,0.8110716651870262,-1.0687588504872214,0.9207565056983947,-0.8975029591088394,-0.6519615575001118,0.7265943558186284,-2.6541173230293467,-1.3895831352170904,0.8592656231615174,1.7389137778597015,2.613953946459,1.4498640452370684,0,Cabbage,sandy Loamy soil
29255,0.8110716651870262,-1.0687588504872214,0.4123900170997968,-0.8975029591088394,-0.3442096784292314,0.7001396639668316,-0.026771436391880492,-1.2254029940058515,1.131340401973817,1.94295580168136,2.503135470769624,1.3696918233750464,0,Cabbage,sandy Loamy soil
29266,0.8110716651870262,-1.0687588504872214,-1.621075937294595,-0.8975029591088394,-0.19033373889379193,0.9155564404743192,-3.012391762116274,-1.2094059546057823,1.1356590492565517,1.6827282930392446,2.0656941193641933,1.5336804590019093,0,Cabbage,sandy Loamy soil
29274,0.8110716651870262,-1.0687588504872214,-0.6043429600973992,-0.8975029591088394,-0.3442096784292314,0.7322632183582988,-1.681658131221973,-1.1712375798968446,0.9154080378370717,1.960698586361504,0.9808395678787253,1.504526923779356,0,Cabbage,sandy Loamy soil
29294,0.8110716651870262,-1.0687588504872214,-0.6043429600973992,-0.8975029591088394,-0.8058374970355525,1.1517590462939327,-1.9375684448554924,-1.2265255932619967,1.165889580235696,0.6181612122305926,0.9050164003017841,1.5373246509047283,0,Cabbage,sandy Loamy soil
29402,0.8110716651870262,-1.0687588504872214,0.9207565056983947,-0.8975029591088394,-0.49808561796467227,0.5149568210042544,-1.135716128803798,-1.1384015516545967,1.1097471655601425,1.1770589296551348,3.010567438399924,0.994340057384671,0,Cabbage,sandy Loamy soil
29404,0.8110716651870262,-1.0687588504872214,-0.6043429600973992,-0.8975029591088394,-0.3442096784292314,1.1007392834368959,-1.2210195666816377,-1.2832168556973305,1.1097471655601425,2.028712594302057,2.5322982275299863,1.096377430663608,0,Cabbage,sandy Loamy soil
29419,0.8110716651870262,-1.0687588504872214,-0.6043429600973992,-0.8975029591088394,-0.9597134365709921,0.22017596894137695,-2.619995947878211,-1.3971606801960708,0.889496154140662,1.7773564780000142,1.884885027449949,1.5664781861272816,0,Cabbage,sandy Loamy soil
29618,0.8110716651870262,-1.0687588504872214,-0.09597647149880119,-0.8975029591088394,-0.6519615575001118,-0.16341706290967525,0.17795681451493492,-1.2994945449114363,0.8981334487061319,0.5826756428703042,1.389118162523794,1.2421451067763751,0,Cabbage,sandy Loamy soil
29675,0.8110716651870262,-1.0687588504872214,0.4123900170997968,-0.8975029591088394,-0.9597134365709921,-0.25789810523752066,0.3656243778461821,-1.2798490579288948,0.9542758633816855,1.74482803941975,1.8323920652812968,2.0220021739796787,0,Cabbage,sandy Loamy soil
29732,0.8110716651870262,-1.0687588504872214,0.9207565056983947,-0.8975029591088394,-0.8058374970355525,0.7076981473530594,-2.517631822424803,-1.3511341106941166,0.932682626968011,0.6891323509511692,1.7973967571688627,1.5336804590019093,0,Cabbage,sandy Loamy soil
29743,0.8110716651870262,-1.0687588504872214,-0.09597647149880119,-0.8975029591088394,-0.19033373889379193,-0.03681246619036239,-0.026771436391880492,-1.2172641493987986,1.00178098349177,1.0439880445540533,1.1383184543846805,1.0417145521213202,0,Cabbage,sandy Loamy soil
29746,0.8110716651870262,-1.0687588504872214,-1.621075937294595,-0.8975029591088394,-0.19033373889379193,-0.4430809482000975,-1.5281119430418613,-1.2599229211323173,1.21339470034578,0.9848454289535726,2.46814016265719,2.1313279310642543,0,Cabbage,sandy Loamy soil
29752,0.8110716651870262,-1.0687588504872214,0.9207565056983947,-0.8975029591088394,-0.49808561796467227,0.42047577867640906,-0.1461962494208567,-1.1350337538861612,1.0665606927327933,1.1622732757550147,1.2608020327782008,1.9454741440204764,0,Cabbage,sandy Loamy soil
29793,0.8110716651870262,-1.0687588504872214,-0.09597647149880119,-0.8975029591088394,-0.49808561796467227,-0.4903214693640202,-1.9887505075821963,-1.341311367202846,1.0838352818637327,0.8399460207323952,1.389118162523794,2.2370094962460105,0,Cabbage,sandy Loamy soil
29842,0.8110716651870262,-1.0687588504872214,0.9207565056983947,-0.8975029591088394,-0.9597134365709921,0.05199971359781206,-0.8627451275947109,-1.308475338960598,1.1788455220839007,1.762570824099894,2.625619049163145,1.836148386935901,0,Cabbage,sandy Loamy soil
29858,0.8110716651870262,-1.0687588504872214,-0.09597647149880119,-0.8975029591088394,-0.49808561796467227,-0.5318931279882723,-2.449389072122531,-1.380882990981965,0.9585945106644208,0.8399460207323952,2.1006894274766283,1.9819160630486683,0,Cabbage,sandy Loamy soil
29864,0.8110716651870262,-1.0687588504872214,-0.6043429600973992,-0.8975029591088394,-0.19033373889379193,0.29765042365021005,-2.005811195157764,-1.2745167114622051,0.8938148014233972,0.6004184275504482,1.5932574598463285,2.1714140419952654,0,Cabbage,sandy Loamy soil
29914,0.8110716651870262,-1.0687588504872214,-0.6043429600973992,-0.8975029591088394,-0.8058374970355525,-0.271125451163419,0.09265337663709511,-1.2425226326620662,1.2177133476285151,1.387015215036841,2.2173404545180766,1.8179274274218051,0,Cabbage,sandy Loamy soil
29952,0.8110716651870262,-1.0687588504872214,0.9207565056983947,-0.8975029591088394,-0.9597134365709921,0.5111775793111408,-1.2039588791060702,-1.3460824140414631,1.21339470034578,0.5590185966301119,2.46814016265719,2.229721112440372,0,Cabbage,sandy Loamy soil
29974,0.8110716651870262,-1.0687588504872214,-0.6043429600973992,-0.8975029591088394,-0.49808561796467227,0.006648813280446437,-2.432328384546963,-1.0977073286193324,1.1961201112148405,0.9050028978929241,2.8064281410773897,1.5336804590019093,0,Cabbage,sandy Loamy soil
29979,0.8110716651870262,-1.0687588504872214,-0.6043429600973992,-0.8975029591088394,-0.3442096784292314,-0.012247395185122639,-1.8352043194020846,-1.2745167114622051,1.010418278057239,0.56493285819016,2.934744270822983,1.2275683391650982,0,Cabbage,sandy Loamy soil
29995,0.8110716651870262,-1.0687588504872214,0.4123900170997968,-0.8975029591088394,-0.8058374970355525,-0.1653066837562323,-0.1973783121475601,-1.2357870371251949,0.9585945106644208,0.9730169058334768,2.1123545301807733,1.504526923779356,0,Cabbage,sandy Loamy soil
30014,-1.100063855269374,-1.0687588504872214,-0.6043429600973992,-0.8975029591088394,-0.8058374970355525,-0.9683955435429179,-0.09501418669415271,2.494890940859419,1.0665606927327933,1.9252130170012158,1.348290303059287,1.1729054606228104,6,bhendi,Loamy soil
30021,-1.195620631292194,-1.0687588504872214,-1.621075937294595,1.114202454544477,0.11741814017708838,-0.9778436477757024,0.22913887724163892,3.381744353214146,1.1183844601256119,0.6773038278310733,1.98403840043518,1.7377552055597831,6,bhendi,Laterite soil
30046,-1.100063855269374,-1.0687588504872214,-1.621075937294595,-0.8975029591088394,-0.036457799358352465,-0.9910709937016009,0.16089612693936672,1.2656447553803993,1.114065812842877,1.95774145558148,1.873219924745804,2.2880281828854794,6,bhendi,Loamy soil
30107,-1.195620631292194,-1.0687588504872214,0.9207565056983947,1.114202454544477,-0.9597134365709921,-0.9929606145481579,0.07559268906152691,0.9058516937858551,1.1874828166493707,0.8310746283923232,1.6749131787753424,1.0562913197325967,6,bhendi,Laterite soil
30109,-1.195620631292194,-1.0687588504872214,-0.6043429600973992,1.114202454544477,-0.19033373889379193,-0.8776937429081865,0.21207818966607073,2.5226752724490136,1.1831641693666353,1.6856854238192693,1.1383184543846805,1.6830923270174956,6,bhendi,Laterite soil
30112,-1.100063855269374,-1.0687588504872214,0.9207565056983947,-0.8975029591088394,-0.036457799358352465,-0.8550182927495036,0.2461995648172065,1.6883033753190764,1.0320115144709137,1.3781438226967695,2.071526670716266,1.0380703602185009,6,bhendi,Loamy soil
30165,-1.195620631292194,-1.0687588504872214,0.4123900170997968,1.114202454544477,-0.19033373889379193,-0.9306031266117798,0.17795681451493492,2.406486249437983,1.0320115144709137,0.8783887208727076,2.2290055572222216,1.868946114061274,6,bhendi,Laterite soil
30169,-1.195620631292194,-1.0687588504872214,-0.6043429600973992,1.114202454544477,0.27129407971252784,-1.0213049272465113,0.22913887724163892,2.6346545482494994,1.209076053063045,0.9109171594529718,0.7300398597396118,2.043867325396594,6,bhendi,Laterite soil
30173,-1.195620631292194,-1.0687588504872214,-0.09597647149880119,1.114202454544477,-0.036457799358352465,-1.0137464438602837,0.07559268906152691,1.4110213590512057,1.1615709329529609,1.9163416246611436,1.7915642058167907,1.4389314695286104,6,bhendi,Laterite soil
30175,-1.195620631292194,-1.0687588504872214,0.4123900170997968,1.114202454544477,-0.3442096784292314,-0.8474598093632759,0.07559268906152691,3.5650086817798528,1.0406488090363837,1.0025882136337172,0.9516768111183632,1.8616577302556354,6,bhendi,Laterite soil
30191,-1.195620631292194,-1.0687588504872214,-1.621075937294595,1.114202454544477,-0.8058374970355525,-0.9381616099980074,0.1950175020905025,3.5296468052112786,1.0665606927327933,1.8394562243805188,1.6632480760711974,2.142260506772712,6,bhendi,Laterite soil
30196,-1.100063855269374,-1.0687588504872214,-1.621075937294595,-0.8975029591088394,0.11741814017708838,-0.9891813728550439,0.1950175020905025,3.4117738833160303,1.079516634580998,1.8157991781403262,1.7507363463522836,1.511815307584994,6,bhendi,Loamy soil
30204,-1.100063855269374,-1.0687588504872214,-0.6043429600973992,-0.8975029591088394,-0.19033373889379193,-0.8701352595219588,-0.11207487426972029,3.2506808900591904,1.062242045450058,1.5792287157384033,1.919880335562383,1.5446130347103668,6,bhendi,Loamy soil
30208,-1.100063855269374,-1.0687588504872214,-0.09597647149880119,-0.8975029591088394,-0.49808561796467227,-0.8739145012150725,-0.0438321239674487,1.81487644144945,1.1270217546910817,1.4786862692175868,2.059861568012121,0.9068794517170106,6,bhendi,Loamy soil
30284,-1.100063855269374,-1.0687588504872214,-0.6043429600973992,-0.8975029591088394,-0.49808561796467227,-0.8682456386754019,0.12677475178823092,1.0385990558250282,1.2047574057803099,1.0617308292341978,1.6224202166066906,2.266163031468564,6,bhendi,Loamy soil
30285,-1.195620631292194,-1.0687588504872214,0.4123900170997968,1.114202454544477,-0.49808561796467227,-1.00996720216717,0.041471313910391105,3.0084801005458592,1.157252285670226,1.8039706550202306,2.660614357275579,1.4024895505004187,6,bhendi,Laterite soil
30286,-1.100063855269374,-1.0687588504872214,-1.621075937294595,-0.8975029591088394,0.27129407971252784,-0.9438304725376782,0.16089612693936672,1.3947436698371,1.0967912237119373,1.62062854665874,1.0624952868077393,1.952762527826115,6,bhendi,Loamy soil
30289,-1.195620631292194,-1.0687588504872214,-0.6043429600973992,1.114202454544477,-0.19033373889379193,-0.9003691930668692,0.0073499387592553065,2.925407755591113,1.1615709329529609,1.40771513049701,1.4707738814528082,1.7377552055597831,6,bhendi,Laterite soil
30294,-1.100063855269374,-1.0687588504872214,-0.6043429600973992,-0.8975029591088394,-0.036457799358352465,-0.9287135057652228,-0.09501418669415271,1.9442560057201868,1.0838352818637327,1.95774145558148,2.1940102491097866,1.1255309658861612,6,bhendi,Loamy soil
30337,-1.195620631292194,-1.0687588504872214,0.9207565056983947,1.114202454544477,0.27129407971252784,-1.0137464438602837,-0.11207487426972029,1.2271957308574253,1.0320115144709137,0.6625181739309531,0.8933512975976392,1.2494334905820135,6,bhendi,Laterite soil
30378,-1.100063855269374,-1.0687588504872214,-0.09597647149880119,-0.8975029591088394,0.11741814017708838,-0.9381616099980074,0.0073499387592553065,3.0194254432932754,1.2177133476285151,1.8749417937408068,0.9225140543580012,1.0526471278297778,6,bhendi,Loamy soil
30385,-1.195620631292194,-1.0687588504872214,0.4123900170997968,1.114202454544477,-0.19033373889379193,-1.0156360647068405,0.28032093996834234,2.575437437487839,1.0406488090363837,1.659071246799053,1.0974905949201734,1.0672238954410547,6,bhendi,Laterite soil
30404,-1.100063855269374,-1.0687588504872214,-0.6043429600973992,-0.8975029591088394,-0.49808561796467227,-0.9778436477757024,0.16089612693936672,1.8547287150426057,1.1270217546910817,0.6418182584707848,2.3164938275033076,2.054799901105052,6,bhendi,Loamy soil
30430,-1.100063855269374,-1.0687588504872214,0.4123900170997968,-0.8975029591088394,0.27129407971252784,-0.9173757806858815,0.17795681451493492,1.0046404283266348,1.088153929146468,1.3722295611367215,2.030698811251759,2.28438399098266,6,bhendi,Loamy soil
30502,-1.100063855269374,-1.0687588504872214,0.9207565056983947,-0.8975029591088394,-0.49808561796467227,-0.9854021311619301,0.31444231511947873,1.5667820058413553,1.0536047508845883,1.1327019679547743,1.1908114165533317,1.3478266719581309,6,bhendi,Loamy soil
30503,-1.195620631292194,-1.0687588504872214,-0.09597647149880119,1.114202454544477,-0.036457799358352465,-0.9343823683048936,0.024410626334822903,2.1597950629000704,1.1874828166493707,0.8310746283923232,1.0683278381598114,1.3806243990835037,6,bhendi,Laterite soil
30564,-1.100063855269374,-1.0687588504872214,-0.6043429600973992,-0.8975029591088394,0.11741814017708838,-0.9721747852360318,-0.09501418669415271,2.628480252340701,1.1831641693666353,0.7571463588917223,1.0158348759911595,1.4389314695286104,6,bhendi,Loamy soil
30688,-1.100063855269374,-1.0687588504872214,-0.09597647149880119,-0.8975029591088394,-0.6519615575001118,-0.9173757806858815,0.0073499387592553065,2.68629411403218,1.1745268748011661,1.3071726839761926,2.1240196328849175,1.5191036913906324,6,bhendi,Loamy soil
30704,-1.100063855269374,-1.0687588504872214,-0.6043429600973992,-0.8975029591088394,-0.8058374970355525,-0.8739145012150725,0.3656243778461821,2.062690227243508,1.131340401973817,1.8985988399809994,2.5439633302341313,1.821571619324624,6,bhendi,Loamy soil
30716,-1.100063855269374,-1.0687588504872214,-1.621075937294595,-0.8975029591088394,-0.49808561796467227,-0.8512390510563898,-0.11207487426972029,1.0122179733056151,1.036330161753649,1.9045131015410472,2.963907027583345,1.063579703538235,6,bhendi,Loamy soil
30726,-1.100063855269374,-1.0687588504872214,-1.621075937294595,-0.8975029591088394,-0.036457799358352465,-1.008077581320613,0.17795681451493492,2.808657432952009,1.157252285670226,1.9192987554411673,2.987237232991635,1.183838036331268,6,bhendi,Loamy soil
30807,-1.195620631292194,-1.0687588504872214,0.9207565056983947,1.114202454544477,-0.49808561796467227,-0.8720248803685157,0.0073499387592553065,1.3066196282297005,1.062242045450058,1.1149591832746304,2.5089680221216972,1.245789298679194,6,bhendi,Laterite soil
30817,-1.195620631292194,-1.0687588504872214,0.9207565056983947,1.114202454544477,-0.19033373889379193,-0.9117069181462107,0.0073499387592553065,2.143517373685964,1.0406488090363837,1.3042155531961688,2.683944562683869,1.344182480055312,6,bhendi,Laterite soil
30867,-1.195620631292194,-1.0687588504872214,0.9207565056983947,1.114202454544477,-0.49808561796467227,-1.0156360647068405,-0.009710748816312897,1.73741709277543,1.079516634580998,1.7241281239595811,0.8466908867810601,1.7632645488795176,6,bhendi,Laterite soil
30879,-1.195620631292194,-1.0687588504872214,-0.6043429600973992,1.114202454544477,-0.49808561796467227,-1.0194153063999545,0.12677475178823092,2.4929263921611646,1.0924725764292025,1.8956417092009756,2.427312303192683,1.6976690946287725,6,bhendi,Laterite soil
30899,-1.195620631292194,-1.0687588504872214,-0.6043429600973992,1.114202454544477,-0.3442096784292314,-1.0194153063999545,0.1950175020905025,1.9975794703870848,1.131340401973817,1.907470232321072,1.319127546298925,1.7304668217541446,6,bhendi,Laterite soil
30929,-1.195620631292194,-1.0687588504872214,-0.6043429600973992,1.114202454544477,-0.8058374970355525,-0.9249342640721091,-0.0438321239674487,1.8631482094636949,1.2220319949112497,2.016884071181961,2.001536054491397,1.511815307584994,6,bhendi,Laterite soil
30977,-1.195620631292194,-1.0687588504872214,0.9207565056983947,1.114202454544477,-0.036457799358352465,-0.947609714230792,0.2973816275439105,2.0492190361697653,1.2004387584975753,1.8660704014007352,2.141517286941135,2.2515862638572877,6,bhendi,Laterite soil
30989,-1.195620631292194,-1.0687588504872214,-0.6043429600973992,1.114202454544477,-0.19033373889379193,-1.0156360647068405,0.22913887724163892,2.9425273942473273,1.1486149911047563,1.7389137778597015,2.7772653843170274,1.2093473796510024,6,bhendi,Laterite soil
30992,-1.100063855269374,-1.0687588504872214,0.9207565056983947,-0.8975029591088394,-0.49808561796467227,-0.9778436477757024,0.041471313910391105,2.9986573570545882,1.1227031074083471,1.709342470059461,1.96070819502689,1.7268226298513256,6,bhendi,Loamy soil
31016,-1.100063855269374,-1.0687588504872214,-1.621075937294595,-0.8975029591088394,1.0406737773897279,0.11435720153419023,-0.9651092530481183,0.3964722813099599,0.8117605030514338,1.2155016297954477,1.5582621517338944,2.15319308248117,10,brinjal,Loamy soil
31020,-1.100063855269374,-1.0687588504872214,0.4123900170997968,-0.8975029591088394,-0.6519615575001118,0.5716454464009617,0.8262629423865175,0.7383037548061809,0.8117605030514338,1.6679426391391243,0.6717143462188877,1.4352872776257914,10,brinjal,Loamy soil
31028,-1.100063855269374,-1.0687588504872214,-0.09597647149880119,-0.8975029591088394,0.5790459587834081,0.35622866989347407,-1.1527768163793661,0.8370924893469601,0.8117605030514338,1.079473613914342,-0.2439962160564809,1.555545610418824,10,brinjal,Loamy soil
31044,-1.100063855269374,-1.0687588504872214,-0.6043429600973992,-0.8975029591088394,0.11741814017708838,0.7095877681996161,0.8603843175376533,0.35998780548524045,0.8117605030514338,1.0410309137740295,0.5375656651212221,2.2333653043431916,10,brinjal,Loamy soil
31055,-1.195620631292194,-1.0687588504872214,0.4123900170997968,1.114202454544477,0.11741814017708838,0.23340331486727536,0.8262629423865175,0.512100004692918,0.8117605030514338,0.6773038278310733,-0.3839774485062187,1.4389314695286104,10,brinjal,Laterite soil
31068,-1.100063855269374,-1.0687588504872214,-0.09597647149880119,-0.8975029591088394,1.0406737773897279,0.5073983376180267,0.5362312536018617,0.5011546619455025,0.8117605030514338,1.40771513049701,0.9516768111183632,1.2385009148735555,10,brinjal,Loamy soil
31083,-1.195620631292194,-1.0687588504872214,-0.09597647149880119,1.114202454544477,-0.3442096784292314,0.5300737877767099,-0.1291355618452885,0.7781560283993358,0.8117605030514338,1.2835156377360004,1.4707738814528082,1.8871670735753698,10,brinjal,Laterite soil
31091,-1.195620631292194,-1.0687588504872214,-1.621075937294595,1.114202454544477,0.4251700192479687,0.6736849721150348,0.26326025239277473,0.38187849098007215,0.8117605030514338,1.1120020524946064,0.9283466057100733,2.3098933343023944,10,brinjal,Laterite soil
31107,-1.195620631292194,-1.0687588504872214,0.9207565056983947,1.114202454544477,-0.6519615575001118,0.5357426503163804,-0.8627451275947109,0.6611250559461969,0.8117605030514338,1.4018008689369614,1.1441510057367525,0.9287446031339255,10,brinjal,Laterite soil
31119,-1.195620631292194,-1.0687588504872214,-0.6043429600973992,1.114202454544477,-0.49808561796467227,0.4998398542317995,0.38268506542175035,0.11413856838943641,0.8117605030514338,1.496429053897731,1.1091556976243184,1.165617076817172,10,brinjal,Laterite soil
31172,-1.100063855269374,-1.0687588504872214,0.9207565056983947,-0.8975029591088394,0.5790459587834081,0.7473801851307543,0.3485636902706145,0.6440054172899818,0.8117605030514338,1.514171838577875,0.251770648869674,1.1218867739833422,10,brinjal,Loamy soil
31173,-1.195620631292194,-1.0687588504872214,-0.09597647149880119,1.114202454544477,0.8867978378542885,0.3883522242849418,-0.8456844400191428,0.6799285934866288,0.8117605030514338,1.333786860996409,0.3800867786152672,1.1182425820805229,10,brinjal,Laterite soil
31197,-1.195620631292194,-1.0687588504872214,0.9207565056983947,1.114202454544477,-0.19033373889379193,0.5716454464009617,-0.009710748816312897,0.8278310454837622,0.8117605030514338,1.3633581687966494,1.1558161084408975,1.0927332387607884,10,brinjal,Laterite soil
31220,-1.100063855269374,-1.0687588504872214,0.4123900170997968,-0.8975029591088394,0.27129407971252784,0.30520890703643777,0.8433236299620851,0.6400763198934739,0.8117605030514338,1.333786860996409,1.5699272544380385,1.508171115682175,10,brinjal,Loamy soil
31300,-1.100063855269374,-1.0687588504872214,0.4123900170997968,-0.8975029591088394,-0.49808561796467227,0.3070985278829946,-0.23149968729869652,0.18542362115465805,0.8117605030514338,1.5200861001379227,1.1091556976243184,1.059935511635416,10,brinjal,Loamy soil
31302,-1.100063855269374,-1.0687588504872214,0.9207565056983947,-0.8975029591088394,1.1945497169251689,0.15781848100499904,-0.35092450032767214,0.29599964788496247,0.8117605030514338,1.0706022215742699,0.5842260759378015,1.2093473796510024,10,brinjal,Loamy soil
31332,-1.100063855269374,-1.0687588504872214,0.9207565056983947,-0.8975029591088394,0.4251700192479687,0.4998398542317995,0.5703526287529982,0.4747735794260895,0.8117605030514338,1.3663152995766732,-0.4248053079707257,1.5628339942244627,10,brinjal,Loamy soil
31368,-1.100063855269374,-1.0687588504872214,-0.09597647149880119,-0.8975029591088394,-0.6519615575001118,0.548969996242279,-0.3168031251765363,0.5870335050406118,0.8117605030514338,1.2953441608560963,0.765035167852046,2.229721112440372,10,brinjal,Loamy soil
31369,-1.195620631292194,-1.0687588504872214,-0.6043429600973992,1.114202454544477,-0.49808561796467227,-0.07082564142838693,0.8262629423865175,0.2393083854496289,0.8117605030514338,1.7329995162996537,1.2433043787219837,1.340538288152493,10,brinjal,Laterite soil
31423,-1.195620631292194,-1.0687588504872214,-0.09597647149880119,1.114202454544477,-0.19033373889379193,0.7171462515858439,0.38268506542175035,0.36812665009229323,0.8117605030514338,1.9340844093412874,1.1791463138491876,1.7596203569766986,10,brinjal,Laterite soil
31459,-1.195620631292194,-1.0687588504872214,-0.6043429600973992,1.114202454544477,0.4251700192479687,0.4299238829091936,0.46798850329959013,0.252218276895299,0.8117605030514338,1.3840580842568173,0.6425515894585256,2.040223133493775,10,brinjal,Laterite soil
31505,-1.195620631292194,-1.0687588504872214,0.4123900170997968,1.114202454544477,1.0406737773897279,0.10112985560829182,0.604474003904134,0.7074322752621873,0.8117605030514338,1.8601561398406867,0.6483841408105977,1.409777934306057,10,brinjal,Laterite soil
31528,-1.100063855269374,-1.0687588504872214,-0.09597647149880119,-0.8975029591088394,-0.19033373889379193,-0.11806616259230963,0.43386712814845435,0.502557911015684,0.8117605030514338,0.8606459361925636,0.5142354597129325,1.2202799553594597,10,brinjal,Loamy soil
31542,-1.100063855269374,-1.0687588504872214,0.9207565056983947,-0.8975029591088394,1.0406737773897279,0.582983171480303,-1.0162913157748223,0.5901206529950109,0.8117605030514338,1.691599685379317,0.8700210921893496,1.4680850047511642,10,brinjal,Loamy soil
31543,-1.195620631292194,-1.0687588504872214,-0.09597647149880119,1.114202454544477,1.0406737773897279,-0.033033224497248784,-0.1632569369964243,0.6052757429529717,0.8117605030514338,1.7921421319001343,1.3132949949468529,1.4425756614314298,10,brinjal,Laterite soil
31544,-1.100063855269374,-1.0687588504872214,-0.6043429600973992,-0.8975029591088394,-0.8058374970355525,0.006648813280446437,0.46798850329959013,0.788820721332716,0.8117605030514338,1.1859303219952073,0.07096155695542919,1.9308973764091995,10,brinjal,Loamy soil
31547,-1.195620631292194,-1.0687588504872214,0.9207565056983947,1.114202454544477,1.0406737773897279,-0.08405298735428508,0.6215346914797015,0.8264277964135807,0.8117605030514338,1.1356590987347988,1.35412285441136,1.8069948517133478,10,brinjal,Laterite soil
31584,-1.100063855269374,-1.0687588504872214,-0.6043429600973992,-0.8975029591088394,1.3484256564606083,0.35622866989347407,0.8433236299620851,0.21433055200039774,0.8117605030514338,0.8103747129321549,0.9400117084142182,1.8288600031302626,10,brinjal,Loamy soil
31610,-1.100063855269374,-1.0687588504872214,0.4123900170997968,-0.8975029591088394,0.7329218983188477,0.2882023194174255,-0.5727134388100558,0.49329646715248543,0.8117605030514338,1.8749417937408068,0.4967378056567154,2.1058185877445204,10,brinjal,Loamy soil
31664,-1.100063855269374,-1.0687588504872214,-0.6043429600973992,-0.8975029591088394,-0.3442096784292314,0.36189753243314504,0.041471313910391105,0.15651669030891865,0.8117605030514338,0.913874290232996,0.9166815030059288,1.7049574784344108,10,brinjal,Loamy soil
31686,-1.100063855269374,-1.0687588504872214,-1.621075937294595,-0.8975029591088394,0.4251700192479687,0.12947416830664543,-0.9821699406236866,0.8112727064556204,0.8117605030514338,1.1090449217145821,1.5232668436214594,2.280739799079841,10,brinjal,Loamy soil
31769,-1.195620631292194,-1.0687588504872214,-0.6043429600973992,1.114202454544477,1.0406737773897279,-0.08972184989395601,-0.45328862578107953,0.22920499214432183,0.8117605030514338,1.4372864382972503,-0.09818243225467063,1.836148386935901,10,brinjal,Laterite soil
31771,-1.195620631292194,-1.0687588504872214,-1.621075937294595,1.114202454544477,1.0406737773897279,0.05577895529092593,-1.1186554412282304,0.6089241905354436,0.8117605030514338,1.854241878280639,-0.25566131876062587,2.2370094962460105,10,brinjal,Laterite soil
31801,-1.195620631292194,-1.0687588504872214,-1.621075937294595,1.114202454544477,0.27129407971252784,0.2768645943380842,-0.7433203145657353,0.6336213741706384,0.8117605030514338,1.8305848320404463,1.4416111246924461,1.183838036331268,10,brinjal,Laterite soil
31841,-1.195620631292194,-1.0687588504872214,-1.621075937294595,1.114202454544477,0.27129407971252784,0.5206256835439254,0.024410626334822903,0.12508391113685227,0.8117605030514338,1.656114116019029,0.5550633191774396,1.5664781861272816,10,brinjal,Laterite soil
31866,-1.100063855269374,-1.0687588504872214,-1.621075937294595,-0.8975029591088394,0.5790459587834081,-0.10672843751296802,-0.0608928115430169,0.6709477994374675,0.8117605030514338,0.7305321818715058,1.7157410382398488,0.8704375326888187,10,brinjal,Loamy soil
31887,-1.195620631292194,-1.0687588504872214,0.9207565056983947,1.114202454544477,0.4251700192479687,0.5073983376180267,0.6215346914797015,0.7848916239362075,0.8117605030514338,1.1090449217145821,1.377453059819649,1.9199648007007422,10,brinjal,Laterite soil
31890,-1.100063855269374,-1.0687588504872214,0.4123900170997968,-0.8975029591088394,0.11741814017708838,0.18805241454990945,-0.4874100009322159,0.4540054931874026,0.8117605030514338,1.7063853392794373,0.6425515894585256,1.6502945998921232,10,brinjal,Loamy soil
31894,-1.100063855269374,-1.0687588504872214,-0.6043429600973992,-0.8975029591088394,-0.036457799358352465,0.671795351268478,-0.3850458754788079,0.5735623139668693,0.8117605030514338,1.7773564780000142,1.5815923571421835,1.3952011666947808,10,brinjal,Loamy soil
31959,-1.195620631292194,-1.0687588504872214,-0.6043429600973992,1.114202454544477,0.7329218983188477,0.2126174855551492,-0.0779534991185845,0.2426761832180644,0.8117605030514338,0.9878025597335969,-0.34314958904171206,1.3733360152778653,10,brinjal,Laterite soil
32009,-1.195620631292194,-1.0687588504872214,-0.6043429600973992,-0.8975029591088394,-0.49808561796467227,-0.9324927474583368,-0.009710748816312897,-0.7965700781583762,1.019055572622709,1.1120020524946064,-0.08651732955052564,2.0256463658824986,11,capsicum,Laterite soil
32010,-1.100063855269374,-1.0687588504872214,0.4123900170997968,-0.8975029591088394,-0.3442096784292314,-0.9324927474583368,-0.45328862578107953,-0.9941475472399355,0.8333537394651083,1.8453704859405664,1.7099084868877765,2.1276837391614354,11,capsicum,Loamy soil
32028,-1.100063855269374,-1.0687588504872214,-0.09597647149880119,-0.8975029591088394,0.4251700192479687,-0.9324927474583368,-1.2722016294083418,0.04706326283475937,0.932682626968011,0.9966739520736689,1.1499835570888255,2.2515862638572877,11,capsicum,Loamy soil
32032,-1.100063855269374,-1.0687588504872214,0.9207565056983947,-0.8975029591088394,-0.036457799358352465,-0.9324927474583368,-1.596354693344133,-0.08203565162194133,0.9067707432716018,1.1327019679547743,0.7475375137958289,1.9053880330894657,11,capsicum,Loamy soil
32066,-1.100063855269374,-1.0687588504872214,-1.621075937294595,-0.8975029591088394,-0.8058374970355525,-0.9324927474583368,-1.6304760684952693,0.0049657907293134875,0.9197266851198064,1.960698586361504,0.1817800326448049,1.7122458622400487,11,capsicum,Loamy soil
32074,-1.100063855269374,-1.0687588504872214,-0.6043429600973992,-0.8975029591088394,-1.421341255177312,-0.9324927474583368,0.8262629423865175,-1.0615035026086488,0.9370012742507463,0.76306062045177,1.4299460219883011,1.4425756614314298,11,capsicum,Loamy soil
32143,-1.195620631292194,-1.0687588504872214,-0.09597647149880119,-0.8975029591088394,-0.3442096784292314,-0.9324927474583368,-0.8798058151702786,0.5339906901877498,0.8419910340305783,0.6240754737906408,1.5582621517338944,1.7486877812682406,11,capsicum,Laterite soil
32150,-1.100063855269374,-1.0687588504872214,0.4123900170997968,-0.8975029591088394,-1.1135893761064315,-0.9324927474583368,0.7580201920842453,-0.487293983090367,0.8160791503341684,1.9281701477812399,-0.07485222684638107,1.7086016703372298,11,capsicum,Loamy soil
32270,-1.100063855269374,-1.0687588504872214,0.4123900170997968,-0.8975029591088394,-0.6519615575001118,-0.9324927474583368,-1.0674733785015265,0.32266138021841156,0.837672386747843,1.7389137778597015,-0.22066601064819133,0.9068794517170106,11,capsicum,Loamy soil
32281,-1.195620631292194,-1.0687588504872214,-1.621075937294595,-0.8975029591088394,-0.8058374970355525,-0.9324927474583368,0.3997457529973185,0.11947091485612615,0.9974623362090346,1.570357323398332,-0.37231234580207406,1.1692612687199915,11,capsicum,Laterite soil
32300,-1.100063855269374,-1.0687588504872214,0.4123900170997968,-0.8975029591088394,-0.49808561796467227,-0.9324927474583368,-1.3063230045594776,0.8269890960416534,0.9413199215334809,1.6117571543186684,1.2316392760178387,1.4170663181116956,11,capsicum,Loamy soil
32314,-1.100063855269374,-1.0687588504872214,-0.6043429600973992,-0.8975029591088394,-0.19033373889379193,-0.9324927474583368,0.655656066630838,0.4326761073206436,0.8635842704442528,1.63541420055886,1.8382246166333698,1.3842685909863228,11,capsicum,Loamy soil
32383,-1.195620631292194,-1.0687588504872214,-0.09597647149880119,-0.8975029591088394,-0.3442096784292314,-0.9324927474583368,0.0073499387592553065,0.7759108298870455,0.9931436889262999,0.6802609586110971,0.012636043434705087,1.6211410646695694,11,capsicum,Laterite soil
32385,-1.195620631292194,-1.0687588504872214,0.4123900170997968,-0.8975029591088394,0.11741814017708838,-0.9324927474583368,-0.5897741263856233,-0.9829215546784832,1.0060996307745045,1.3219583378763127,-0.31398683228135,1.194770612039726,11,capsicum,Laterite soil
32391,-1.195620631292194,-1.0687588504872214,-1.621075937294595,-0.8975029591088394,-0.036457799358352465,-0.9324927474583368,0.8603843175376533,0.7391457042482897,1.0233742199054443,1.094259267814462,0.39175188131941174,1.8980996492838271,11,capsicum,Laterite soil
32393,-1.195620631292194,-1.0687588504872214,-0.09597647149880119,-0.8975029591088394,-0.036457799358352465,-0.9324927474583368,-1.3745657548617498,0.6729123481357212,1.00178098349177,1.8926845784209516,0.8291932327248426,1.6575829836977611,11,capsicum,Laterite soil
32424,-1.100063855269374,-1.0687588504872214,-0.6043429600973992,-0.8975029591088394,0.4251700192479687,-0.9324927474583368,-0.7774416897168711,0.3908592850292338,0.9154080378370717,1.8305848320404463,0.1234545191240808,2.0693766687163286,11,capsicum,Loamy soil
32494,-1.100063855269374,-1.0687588504872214,-0.6043429600973992,-0.8975029591088394,0.4251700192479687,-0.9324927474583368,-0.7945023772924388,-0.6652259651893851,0.8290350921823736,1.5260003616979714,-0.1740055998316118,1.755976165073879,11,capsicum,Loamy soil
32513,-1.195620631292194,-1.0687588504872214,-0.09597647149880119,-0.8975029591088394,-0.036457799358352465,-0.9324927474583368,0.5703526287529982,0.49750621436303,0.8463096813133129,0.9552741211533323,1.6107551139025456,1.0307819764128627,11,capsicum,Laterite soil
32590,-1.100063855269374,-1.0687588504872214,0.4123900170997968,-0.8975029591088394,-0.49808561796467227,-0.9324927474583368,0.1097140642126627,0.8752608640558981,1.0060996307745045,0.9700597750534524,0.8583559894852046,0.9834074816762131,11,capsicum,Loamy soil
32595,-1.195620631292194,-1.0687588504872214,0.4123900170997968,-0.8975029591088394,0.27129407971252784,-0.9324927474583368,-0.1632569369964243,-0.37138560989337277,0.9585945106644208,1.5437431463781153,1.5232668436214594,2.218788536731915,11,capsicum,Laterite soil
32611,-1.195620631292194,-1.0687588504872214,-1.621075937294595,-0.8975029591088394,-1.729093134248192,-0.9324927474583368,-0.9992306281992548,-0.3809277035706071,0.8463096813133129,1.0735593523542937,-0.31981938363342205,1.7341110136569642,11,capsicum,Laterite soil
32677,-1.195620631292194,-1.0687588504872214,0.9207565056983947,-0.8975029591088394,-0.49808561796467227,-0.9324927474583368,0.6215346914797015,-0.07389680701488853,0.9542758633816855,0.9641455134934047,1.6515829733670526,0.8813701083972763,11,capsicum,Laterite soil
32714,-1.100063855269374,-1.0687588504872214,-0.6043429600973992,-0.8975029591088394,-0.19033373889379193,-0.9324927474583368,0.31444231511947873,-0.515639614308034,0.8160791503341684,1.23915867603564,1.8207269625771527,2.3062491423995755,11,capsicum,Loamy soil
32747,-1.195620631292194,-1.0687588504872214,0.9207565056983947,-0.8975029591088394,-1.729093134248192,-0.9324927474583368,-1.0504126909259581,0.7138872209850222,0.8419910340305783,0.9020457671128997,0.1817800326448049,1.114598390177704,11,capsicum,Laterite soil
32750,-1.100063855269374,-1.0687588504872214,0.4123900170997968,-0.8975029591088394,-0.036457799358352465,-0.9324927474583368,0.7068381293575413,-0.8866586684640304,1.0147369253399745,0.825160366832275,0.7125422056833943,1.7741971245879748,11,capsicum,Loamy soil
32793,-1.195620631292194,-1.0687588504872214,-0.09597647149880119,-0.8975029591088394,-0.3442096784292314,-0.9324927474583368,-0.3338638127521039,-0.144059260523965,1.00178098349177,1.7773564780000142,1.2141416219616217,2.0766650525219665,11,capsicum,Laterite soil
32798,-1.100063855269374,-1.0687588504872214,-0.09597647149880119,-0.8975029591088394,-1.421341255177312,-0.9324927474583368,0.6215346914797015,-0.7384755666528607,0.9931436889262999,1.446157830637322,0.794197924612408,0.9396771788423833,11,capsicum,Loamy soil
32815,-1.195620631292194,-1.0687588504872214,0.4123900170997968,-0.8975029591088394,-0.3442096784292314,-0.9324927474583368,0.5703526287529982,-0.8094799696040463,0.9283639796852763,0.8783887208727076,0.3742542272631947,0.8777259164944572,11,capsicum,Laterite soil
32831,-1.195620631292194,-1.0687588504872214,-1.621075937294595,-0.8975029591088394,-0.19033373889379193,-0.9324927474583368,-0.7262596269901671,-1.023896427527784,0.8160791503341684,0.7896747974719865,1.6165876652546183,1.7231784379485067,11,capsicum,Laterite soil
32871,-1.195620631292194,-1.0687588504872214,-1.621075937294595,-0.8975029591088394,-1.5752171947127527,-0.9324927474583368,0.1097140642126627,0.12760975946317896,0.8419910340305783,1.4698148768775146,0.6075562813460911,2.200567577217819,11,capsicum,Laterite soil
32905,-1.195620631292194,-1.0687588504872214,0.4123900170997968,-0.8975029591088394,-0.036457799358352465,-0.9324927474583368,-0.7262596269901671,-0.23134135268925618,0.8117605030514338,1.694556816159341,1.7798991031126457,1.7851297002964324,11,capsicum,Laterite soil
32926,-1.100063855269374,-1.0687588504872214,-1.621075937294595,-0.8975029591088394,0.4251700192479687,-0.9324927474583368,0.2973816275439105,-0.6907650982666887,1.027692867188179,0.8162889744922031,1.348290303059287,1.340538288152493,11,capsicum,Loamy soil
32934,-1.100063855269374,-1.0687588504872214,-0.6043429600973992,-0.8975029591088394,0.4251700192479687,-0.9324927474583368,0.8603843175376533,-0.8493322431972016,0.9629131579471555,1.0499023061141015,-0.08651732955052564,1.165617076817172,11,capsicum,Loamy soil
32937,-1.195620631292194,-1.0687588504872214,0.9207565056983947,-0.8975029591088394,0.4251700192479687,-0.9324927474583368,0.05853200148595931,0.48403502328928744,0.9456385688162156,0.6477325200308329,1.3132949949468529,1.0526471278297778,11,capsicum,Laterite soil
32948,-1.100063855269374,-1.0687588504872214,-0.09597647149880119,-0.8975029591088394,-0.6519615575001118,-0.9324927474583368,-1.0674733785015265,-0.09017449622899414,0.889496154140662,0.6447753892508087,-0.05735457279016359,1.0890890468579695,11,capsicum,Loamy soil
32951,-1.195620631292194,-1.0687588504872214,-1.621075937294595,-0.8975029591088394,-1.421341255177312,-0.9324927474583368,-0.3850458754788079,-0.2759646731210288,1.0147369253399745,1.8276277012604225,0.5142354597129325,1.9600509116317533,11,capsicum,Laterite soil
32969,-1.195620631292194,-1.0687588504872214,-0.6043429600973992,-0.8975029591088394,-1.2674653156418723,-0.9324927474583368,-1.4428085051640214,0.49441906640863087,0.8938148014233972,1.7270852547396052,0.5667284218815841,1.6466504079893036,11,capsicum,Laterite soil
32974,-1.100063855269374,-1.0687588504872214,-0.6043429600973992,-0.8975029591088394,-0.3442096784292314,-0.9324927474583368,-0.026771436391880492,0.8446700343259405,0.9499572160989509,1.7182138623995336,1.7507363463522836,1.6976690946287725,11,capsicum,Loamy soil
32991,-1.195620631292194,-1.0687588504872214,-1.621075937294595,-0.8975029591088394,-0.3442096784292314,-0.9324927474583368,0.6385953790552698,0.26681206722518674,0.8592656231615174,1.7329995162996537,1.4824389841569523,1.3696918233750464,11,capsicum,Laterite soil
33016,-1.100063855269374,-1.0687588504872214,-1.621075937294595,-0.8975029591088394,-0.49808561796467227,0.1219156849204177,-0.8456844400191428,0.46831863370325455,-0.4190539725280141,0.2633055186277085,-0.19150325388782927,0.6845837456450409,34,pumpkin,Loamy soil
33075,-1.195620631292194,-1.0687588504872214,0.4123900170997968,1.114202454544477,-0.8058374970355525,0.10679871814796249,-0.1632569369964243,0.10178997657183901,-0.328362379590581,0.2721769109677805,0.3159287137424706,1.2676544500961093,34,pumpkin,Laterite soil
33095,-1.195620631292194,-1.0687588504872214,0.4123900170997968,1.114202454544477,-0.19033373889379193,0.17104582693089745,-0.4191672506299437,0.16662008361422573,-0.1599351355639198,-0.4523201301381079,0.9808395678787253,1.063579703538235,34,pumpkin,Laterite soil
33129,-1.195620631292194,-1.0687588504872214,-0.6043429600973992,1.114202454544477,-0.8058374970355525,0.16348734354466973,-0.9651092530481183,0.07091849702784538,-0.280857259480497,-0.6060909306993578,1.0683278381598114,0.8923026841057337,34,pumpkin,Laterite soil
33139,-1.195620631292194,-1.0687588504872214,-0.6043429600973992,1.114202454544477,0.11741814017708838,0.1653769643912265,0.2973816275439105,0.14837784570186585,-0.47951503448630267,0.3549765728084534,0.6542166921626702,1.0453587440241392,34,pumpkin,Laterite soil
33144,-1.100063855269374,-1.0687588504872214,-0.6043429600973992,-0.8975029591088394,-0.9597134365709921,0.14648075592565743,-0.1291355618452885,0.09393178177882226,-0.33268102687331597,-0.11225009043534397,0.765035167852046,0.5606812209491886,34,pumpkin,Loamy soil
33156,-1.100063855269374,-1.0687588504872214,-1.621075937294595,-0.8975029591088394,-0.036457799358352465,0.12758454746008838,-0.1461962494208567,0.22667914381799514,-0.11243001545383609,0.3638479651485254,1.0158348759911595,0.18897364686163232,34,pumpkin,Loamy soil
33202,-1.100063855269374,-1.0687588504872214,0.9207565056983947,-0.8975029591088394,-0.6519615575001118,0.15025999761877132,-0.3168031251765363,0.4475505474645677,-0.42337261981074903,0.19824864146717966,1.8498897193375148,1.059935511635416,34,pumpkin,Loamy soil
33212,-1.100063855269374,-1.0687588504872214,0.9207565056983947,-0.8975029591088394,0.27129407971252784,0.19939013962925106,-0.6921382518390313,0.3100321385867778,-0.30245049589417156,0.4466476269891987,0.08262665965957418,1.078156471149512,34,pumpkin,Loamy soil
33226,-1.100063855269374,-1.0687588504872214,-1.621075937294595,-0.8975029591088394,-0.8058374970355525,0.18994203539646654,-0.8968665027458468,0.056044056883920966,-0.05196895349554718,0.37863361904864556,0.3042636110383256,1.5519014185160052,34,pumpkin,Loamy soil
33286,-1.100063855269374,-1.0687588504872214,-1.621075937294595,-0.8975029591088394,-0.8058374970355525,0.1483703767722145,-0.0438321239674487,0.14585199737553886,-0.40177938339707453,-0.5853910152391895,0.9633419138225082,1.3077405610271202,34,pumpkin,Loamy soil
33294,-1.100063855269374,-1.0687588504872214,-0.6043429600973992,-0.8975029591088394,0.27129407971252784,0.17671468947056812,-0.5385920636589193,0.7955563168695869,-0.3801861469834,0.3993335345088139,0.9516768111183632,1.522747883293452,34,pumpkin,Loamy soil
33296,-1.100063855269374,-1.0687588504872214,-1.621075937294595,-0.8975029591088394,-0.8058374970355525,0.14081189338598676,-0.6068348139611915,0.8025725622204947,-0.20312160839126883,0.3194910034481649,1.7857316544647177,0.5789021804632846,34,pumpkin,Loamy soil
33304,-1.100063855269374,-1.0687588504872214,-0.6043429600973992,-0.8975029591088394,0.4251700192479687,0.1370326516928729,-0.0608928115430169,0.6774027451603024,-0.4190539725280141,0.39637640372879,1.5815923571421835,0.16346430354189823,34,pumpkin,Loamy soil
33312,-1.100063855269374,-1.0687588504872214,0.9207565056983947,-0.8975029591088394,-0.036457799358352465,0.1842731728567956,-0.8115630648680069,0.655231409851434,-0.375867499700665,-0.5794767536791413,1.7099084868877765,1.4316430857229725,34,pumpkin,Loamy soil
33352,-1.100063855269374,-1.0687588504872214,0.9207565056983947,-0.8975029591088394,-0.8058374970355525,0.1672665852377836,-0.8627451275947109,0.6636509042725232,-0.375867499700665,0.17459159522698744,1.3249600976509979,0.9032352598141916,34,pumpkin,Loamy soil
33379,-1.195620631292194,-1.0687588504872214,-0.6043429600973992,1.114202454544477,0.27129407971252784,0.1823835520102388,-0.2144389997231283,0.22724044344606756,-0.33268102687331597,0.13910602586669896,0.48507270295257043,1.1546845011087146,34,pumpkin,Laterite soil
33387,-1.195620631292194,-1.0687588504872214,0.9207565056983947,1.114202454544477,-0.3442096784292314,0.1086883389945193,0.07559268906152691,0.0978608791753308,-0.4060980306798095,-0.5824338844591654,1.2841322381864908,1.340538288152493,34,pumpkin,Laterite soil
33434,-1.100063855269374,-1.0687588504872214,-0.6043429600973992,-0.8975029591088394,-0.6519615575001118,0.1351430308463161,0.05853200148595931,0.036117920087343505,-0.4190539725280141,0.10953471806645862,0.9750070165266532,0.24363652540392,34,pumpkin,Loamy soil
33438,-1.100063855269374,-1.0687588504872214,-0.09597647149880119,-0.8975029591088394,-0.8058374970355525,0.15592886015844198,0.16089612693936672,0.4088208731275576,-0.11243001545383609,0.03264931778583389,1.5932574598463285,0.46957642337870914,34,pumpkin,Loamy soil
33493,-1.195620631292194,-1.0687588504872214,-0.09597647149880119,1.114202454544477,0.4251700192479687,0.19183165624302334,-0.6750775642634631,0.7419522023886528,-0.0735621899092217,-0.14182139823558432,0.8291932327248426,0.8522165731747229,34,pumpkin,Laterite soil
33494,-1.100063855269374,-1.0687588504872214,-0.6043429600973992,-0.8975029591088394,-0.8058374970355525,0.17104582693089745,0.21207818966607073,0.20591105757930855,-0.34563696872152055,-0.15956418291572835,0.4675750488963534,0.2727900606264733,34,pumpkin,Loamy soil
33503,-1.195620631292194,-1.0687588504872214,-0.09597647149880119,1.114202454544477,0.27129407971252784,0.11435720153419023,0.05853200148595931,0.5805785593177769,-0.40177938339707453,0.4229905807490061,0.17011492994066033,0.34931809058567637,34,pumpkin,Laterite soil
33575,-1.195620631292194,-1.0687588504872214,0.4123900170997968,1.114202454544477,0.27129407971252784,0.1672665852377836,-0.5727134388100558,0.2811252077410384,-0.3974607361143396,-0.44936299935808405,0.5958911786419462,0.35296228248849537,34,pumpkin,Laterite soil
33583,-1.195620631292194,-1.0687588504872214,-0.09597647149880119,1.114202454544477,-0.9597134365709921,0.14648075592565743,-0.3679851879032397,0.8233406484591815,-0.21607755023947342,0.4348191038691024,1.33079264900307,1.4535082371398873,34,pumpkin,Laterite soil
33609,-1.195620631292194,-1.0687588504872214,-0.6043429600973992,1.114202454544477,0.27129407971252784,0.1219156849204177,-1.0504126909259581,0.33809711999040837,-0.31108779045964147,0.25443412628763645,1.2957973408906358,0.837639805563446,34,pumpkin,Laterite soil
33654,-1.100063855269374,-1.0687588504872214,-0.6043429600973992,-0.8975029591088394,0.11741814017708838,0.12758454746008838,-0.11207487426972029,0.42762441066799023,-0.3801861469834,0.48509032712951106,1.1849788652012596,0.9761190978705752,34,pumpkin,Loamy soil
33697,-1.195620631292194,-1.0687588504872214,0.9207565056983947,1.114202454544477,0.27129407971252784,0.1483703767722145,-0.6580168766878955,0.0582892553962116,-0.15129784099844987,-0.03832182093474311,0.07096155695542919,0.2181271820841859,34,pumpkin,Laterite soil
33699,-1.195620631292194,-1.0687588504872214,-0.6043429600973992,1.114202454544477,-0.6519615575001118,0.18616279370335267,0.21207818966607073,0.6333407243566023,-0.26358267034955774,-0.2660208909965938,1.6924108328315595,1.5774107618357396,34,pumpkin,Laterite soil
33715,-1.195620631292194,-1.0687588504872214,0.4123900170997968,1.114202454544477,-0.8058374970355525,0.14081189338598676,-0.11207487426972029,0.29880614602532557,-0.3585929105697255,0.3313195265682612,-0.12734518901503267,0.9688307140649367,34,pumpkin,Laterite soil
33757,-1.195620631292194,-1.0687588504872214,0.9207565056983947,1.114202454544477,-0.19033373889379193,0.14270151423254385,0.09265337663709511,0.26091842113042424,-0.2592640230668225,-0.3636062067373869,0.9458442597662912,1.0453587440241392,34,pumpkin,Laterite soil
33784,-1.100063855269374,-1.0687588504872214,-0.6043429600973992,-0.8975029591088394,0.4251700192479687,0.17104582693089745,0.1097140642126627,0.3891753861450162,-0.43200991437621866,-0.12112148277541598,0.788365373260336,1.4170663181116956,34,pumpkin,Loamy soil
33844,-1.100063855269374,-1.0687588504872214,-0.6043429600973992,-0.8975029591088394,-0.49808561796467227,0.11624682238074703,-0.35092450032767214,0.31648708430961303,-0.12970460458477534,-0.5972195383592855,0.07096155695542919,1.504526923779356,34,pumpkin,Loamy soil
33890,-1.100063855269374,-1.0687588504872214,0.4123900170997968,-0.8975029591088394,-0.19033373889379193,0.12947416830664543,-0.0608928115430169,0.1694265817545888,-0.3154064377423764,0.27809117252782867,0.817528130020698,1.5774107618357396,34,pumpkin,Loamy soil
33892,-1.100063855269374,-1.0687588504872214,0.9207565056983947,-0.8975029591088394,0.11741814017708838,0.1956108979361372,-1.0674733785015265,0.8572992759575743,-0.42769126709348404,-0.62974797693955,1.6107551139025456,0.47322061528152815,34,pumpkin,Loamy soil
33899,-1.195620631292194,-1.0687588504872214,-0.6043429600973992,1.114202454544477,0.5790459587834081,0.12380530576697477,-0.5385920636589193,0.47898332663663407,-0.4536031507898932,-0.4759771763783001,1.4999366382131702,1.034426168315682,34,pumpkin,Laterite soil
33901,-1.195620631292194,-1.0687588504872214,-1.621075937294595,1.114202454544477,-0.9597134365709921,0.1691562060843404,-0.09501418669415271,0.523606647068407,-0.3585929105697255,0.12136324118655492,-0.34314958904171206,1.3842685909863228,34,pumpkin,Laterite soil
33916,-1.100063855269374,-1.0687588504872214,-1.621075937294595,-0.8975029591088394,0.27129407971252784,0.19183165624302334,0.3485636902706145,0.04650196320668663,-0.12970460458477534,0.08292054104624214,-0.09234988090259813,1.3514708638609505,34,pumpkin,Loamy soil
33955,-1.195620631292194,-1.0687588504872214,0.4123900170997968,1.114202454544477,-0.9597134365709921,0.1672665852377836,0.38268506542175035,0.24071163451981042,-0.1253859573020407,0.23077708004744385,-0.261493870112698,0.9287446031339255,34,pumpkin,Laterite soil
33965,-1.195620631292194,-1.0687588504872214,0.4123900170997968,1.114202454544477,0.27129407971252784,0.10679871814796249,-0.23149968729869652,0.38636888800465313,-0.31108779045964147,0.017863663885713716,-0.45396806473108775,0.2363481415982818,34,pumpkin,Laterite soil
34032,-1.100063855269374,-1.0687588504872214,0.9207565056983947,-0.8975029591088394,-0.8058374970355525,-0.36560649349126445,0.1438354393637991,0.7548620938343226,0.7383434992449402,0.48509032712951106,0.40924953537562925,1.0927332387607884,42,snake gourd,Loamy soil
34055,-1.195620631292194,-1.0687588504872214,0.4123900170997968,1.114202454544477,0.11741814017708838,-0.36560649349126445,-0.9139271903214149,0.402085277590686,0.6649264954384467,-0.3931775145376272,-0.12734518901503267,0.9979842492874901,42,snake gourd,Laterite soil
34074,-1.100063855269374,-1.0687588504872214,-0.6043429600973992,-0.8975029591088394,-0.3442096784292314,-0.36560649349126445,-0.6068348139611915,0.15876188882120898,0.626058669893833,-0.27784941411668973,-0.3606472430979291,0.6408534428112106,42,snake gourd,Loamy soil
34173,-1.195620631292194,-1.0687588504872214,-0.09597647149880119,1.114202454544477,-0.49808561796467227,-0.36560649349126445,0.3485636902706145,0.213769252372325,0.6562892008729775,-0.25123523709647366,-0.33148448633756705,1.3004521772214817,42,snake gourd,Laterite soil
34209,-1.195620631292194,-1.0687588504872214,-0.6043429600973992,1.114202454544477,-0.9597134365709921,-0.36560649349126445,-0.2485603748742641,0.3543748092045143,0.6865197318521213,-0.2926350680168099,0.9225140543580012,0.15253172783344054,42,snake gourd,Laterite soil
34238,-1.100063855269374,-1.0687588504872214,-0.09597647149880119,-0.8975029591088394,-0.036457799358352465,-0.36560649349126445,-0.8456844400191428,0.6299729265881665,0.7772113247895547,0.3194910034481649,1.7449037950002106,1.508171115682175,42,snake gourd,Loamy soil
34241,-1.195620631292194,-1.0687588504872214,-1.621075937294595,1.114202454544477,-0.6519615575001118,-0.36560649349126445,-0.18031762457199252,0.3122773370990684,0.7340248519622056,0.2810483033078525,0.45590994619220837,0.6845837456450409,42,snake gourd,Laterite soil
34250,-1.100063855269374,-1.0687588504872214,0.4123900170997968,-0.8975029591088394,-0.49808561796467227,-0.36560649349126445,-0.6750775642634631,0.0928091825226771,0.5958281389146886,-0.23940671397637736,-0.21483345929611883,1.4316430857229725,42,snake gourd,Loamy soil
34254,-1.100063855269374,-1.0687588504872214,-0.6043429600973992,-0.8975029591088394,0.11741814017708838,-0.36560649349126445,-0.23149968729869652,0.18626557059676715,0.7383434992449402,0.2840054340878768,-0.3606472430979291,1.0854448549551505,42,snake gourd,Loamy soil
34280,-1.100063855269374,-1.0687588504872214,0.4123900170997968,-0.8975029591088394,-0.3442096784292314,-0.36560649349126445,0.16089612693936672,0.22471459511974087,0.7901672666377593,0.32540526500821304,1.7565688977043556,1.4680850047511642,42,snake gourd,Loamy soil
34329,-1.195620631292194,-1.0687588504872214,-0.6043429600973992,1.114202454544477,-0.19033373889379193,-0.36560649349126445,-0.1291355618452885,0.4399730024855873,0.7340248519622056,-0.5351197919787808,1.6807457301274145,0.7137372808675942,42,snake gourd,Laterite soil
34354,-1.100063855269374,-1.0687588504872214,-0.6043429600973992,-0.8975029591088394,-0.8058374970355525,-0.36560649349126445,0.0073499387592553065,0.3874914872607986,0.7124316155485311,-0.41683456077781944,0.9925046705828703,0.9651865221621172,42,snake gourd,Loamy soil
34373,-1.195620631292194,-1.0687588504872214,-0.09597647149880119,1.114202454544477,-0.9597134365709921,-0.36560649349126445,0.1438354393637991,0.6274470782618401,0.794485913920494,0.18050585678703562,1.4182809192841561,0.4768648071843476,42,snake gourd,Laterite soil
34450,-1.100063855269374,-1.0687588504872214,0.4123900170997968,-0.8975029591088394,-0.3442096784292314,-0.36560649349126445,-0.1632569369964243,0.04397611488035994,0.7988045612032292,-0.34290629127721856,1.5640947030859664,1.48630596426526,42,snake gourd,Loamy soil
34455,-1.195620631292194,-1.0687588504872214,0.4123900170997968,1.114202454544477,-0.3442096784292314,-0.36560649349126445,-0.6409561891123273,0.35212961069222365,0.6951570264175913,-0.10633582887529582,1.5757598057901114,0.8303514217578081,42,snake gourd,Laterite soil
34491,-1.195620631292194,-1.0687588504872214,-1.621075937294595,1.114202454544477,-0.49808561796467227,-0.36560649349126445,-0.1291355618452885,0.35802325678698615,0.8074418557686991,0.0770062794861944,0.9750070165266532,1.5409688428075479,42,snake gourd,Laterite soil
34495,-1.195620631292194,-1.0687588504872214,0.4123900170997968,1.114202454544477,-0.19033373889379193,-0.36560649349126445,-0.6238955015367591,0.8536508283751024,0.7469807938104102,-0.5765196228991175,0.21677534075723945,1.034426168315682,42,snake gourd,Laterite soil
34525,-1.195620631292194,-1.0687588504872214,0.4123900170997968,1.114202454544477,-0.9597134365709921,-0.36560649349126445,0.28032093996834234,0.5943304002055555,0.7556180883758802,0.1331917643066508,0.2984310596862531,0.7246698565760517,42,snake gourd,Laterite soil
34552,-1.100063855269374,-1.0687588504872214,0.9207565056983947,-0.8975029591088394,0.11741814017708838,-0.36560649349126445,-0.8286237524435751,0.15258759291241045,0.6865197318521213,-0.3931775145376272,1.4182809192841561,0.43313450435051737,42,snake gourd,Loamy soil
34562,-1.100063855269374,-1.0687588504872214,0.9207565056983947,-0.8975029591088394,-0.6519615575001118,-0.36560649349126445,-0.0779534991185845,0.166058783986153,0.6692451427211821,-0.32220637581705025,0.9691744651745803,1.3733360152778653,42,snake gourd,Loamy soil
34587,-1.195620631292194,-1.0687588504872214,0.9207565056983947,1.114202454544477,-0.8058374970355525,-0.36560649349126445,-0.7262596269901671,0.23145019065661215,0.7469807938104102,-0.3961346453176511,1.394950713875866,0.753823391798605,42,snake gourd,Laterite soil
34596,-1.100063855269374,-1.0687588504872214,-1.621075937294595,-0.8975029591088394,-0.3442096784292314,-0.36560649349126445,-0.2485603748742641,0.8000467138941683,0.7599367356586147,-0.35473481439731486,1.5757598057901114,0.5096625343097199,42,snake gourd,Loamy soil
34604,-1.100063855269374,-1.0687588504872214,-0.6043429600973992,-0.8975029591088394,-0.8058374970355525,-0.36560649349126445,-0.1461962494208567,0.7885400715186793,0.7901672666377593,-0.2837636756767379,1.8207269625771527,1.17654965252563,42,snake gourd,Loamy soil
34612,-1.100063855269374,-1.0687588504872214,0.9207565056983947,-0.8975029591088394,-0.6519615575001118,-0.36560649349126445,0.2973816275439105,0.6498990633847446,0.7858486193550246,0.5205758964897995,1.5524296003818214,1.53003626709909,42,snake gourd,Loamy soil
34619,-1.195620631292194,-1.0687588504872214,-0.6043429600973992,1.114202454544477,-0.19033373889379193,-0.36560649349126445,0.33150300269504634,0.5435327838649844,0.7124316155485311,0.17163446444696318,0.805863027316553,0.4294903124476984,42,snake gourd,Laterite soil
34622,-1.100063855269374,-1.0687588504872214,0.9207565056983947,-0.8975029591088394,-0.19033373889379193,-0.36560649349126445,-1.135716128803798,0.4991901132472482,0.8031232084859639,-0.005793382354478895,-0.31398683228135,1.0818006630523311,42,snake gourd,Loamy soil
34637,-1.195620631292194,-1.0687588504872214,0.9207565056983947,1.114202454544477,-0.8058374970355525,-0.36560649349126445,-0.11207487426972029,0.7015386291674245,0.7599367356586147,0.2012057722472035,-0.261493870112698,0.3784716258082297,42,snake gourd,Laterite soil
34675,-1.195620631292194,-1.0687588504872214,0.4123900170997968,1.114202454544477,-0.9597134365709921,-0.36560649349126445,-0.009710748816312897,0.6527055615251076,0.6087840807628931,-0.1802640983758967,0.5375656651212221,0.9469655626480213,42,snake gourd,Laterite soil
34697,-1.195620631292194,-1.0687588504872214,0.9207565056983947,1.114202454544477,-0.8058374970355525,-0.36560649349126445,-0.9992306281992548,0.47701877793837977,0.6951570264175913,-0.11816435199539212,-0.4714657187873048,1.0417145521213202,42,snake gourd,Laterite soil
34747,-1.195620631292194,-1.0687588504872214,0.9207565056983947,1.114202454544477,-0.8058374970355525,-0.36560649349126445,0.07559268906152691,0.05856990521024798,0.6865197318521213,-0.43753447623798775,0.059296454251284623,1.059935511635416,42,snake gourd,Laterite soil
34765,-1.195620631292194,-1.0687588504872214,0.4123900170997968,1.114202454544477,-0.8058374970355525,-0.36560649349126445,-0.5727134388100558,0.16325228584578994,0.6433332590247722,-0.5706053613390693,0.7708677192041185,0.5497486452407312,42,snake gourd,Laterite soil
34776,-1.100063855269374,-1.0687588504872214,-1.621075937294595,-0.8975029591088394,-0.19033373889379193,-0.36560649349126445,-0.5727134388100558,0.7456006499711246,0.6001467861974232,-0.12112148277541598,0.4675750488963534,1.3551150557637694,42,snake gourd,Loamy soil
34786,-1.100063855269374,-1.0687588504872214,-1.621075937294595,-0.8975029591088394,-0.3442096784292314,-0.36560649349126445,-0.3168031251765363,0.8146405042240557,0.626058669893833,-0.3192492450370264,0.11178941641993623,0.7100930889647747,42,snake gourd,Loamy soil
34789,-1.195620631292194,-1.0687588504872214,-0.6043429600973992,1.114202454544477,-0.49808561796467227,-0.36560649349126445,0.26326025239277473,0.8671220194488449,0.7728926775068193,0.40820492684888593,0.3217612650945431,1.0125610168987669,42,snake gourd,Laterite soil
34809,-1.195620631292194,-1.0687588504872214,-0.6043429600973992,1.114202454544477,-0.3442096784292314,-0.36560649349126445,-0.11207487426972029,0.6701058499953582,0.7340248519622056,-0.023536167034622933,1.0974905949201734,0.2727900606264733,42,snake gourd,Laterite soil
34855,-1.195620631292194,-1.0687588504872214,0.4123900170997968,1.114202454544477,-0.8058374970355525,-0.36560649349126445,-0.3850458754788079,0.3437101162711345,0.7685740302240848,-0.48189143793834827,-0.302321729577205,0.23999233350110102,42,snake gourd,Laterite soil
34934,-1.100063855269374,-1.0687588504872214,-0.6043429600973992,-0.8975029591088394,0.11741814017708838,-0.36560649349126445,-0.29974243760096814,0.261479720758497,0.7599367356586147,-0.6120051922594058,1.0158348759911595,0.6554302104224871,42,snake gourd,Loamy soil
34966,-1.100063855269374,-1.0687588504872214,-1.621075937294595,-0.8975029591088394,-0.8058374970355525,-0.36560649349126445,-0.45328862578107953,0.2300469415864306,0.721068910114001,-0.002836251574454608,1.7099084868877765,1.194770612039726,42,snake gourd,Loamy soil
34987,-1.195620631292194,-1.0687588504872214,0.9207565056983947,1.114202454544477,0.11741814017708838,-0.36560649349126445,0.26326025239277473,0.5752462128510869,0.7599367356586147,-0.04719321327481513,1.2083090706095496,1.406133742403238,42,snake gourd,Laterite soil
34990,-1.100063855269374,-1.0687588504872214,0.4123900170997968,-0.8975029591088394,-0.9597134365709921,-0.36560649349126445,-0.6580168766878955,0.28561560476561937,0.6951570264175913,0.44073336542915054,0.6600492435147427,1.48630596426526,42,snake gourd,Loamy soil
35027,0.8110716651870262,-1.0687588504872214,0.9207565056983947,1.114202454544477,0.11741814017708838,0.29576080280365324,0.26326025239277473,0.38721083744676194,0.1985125889030772,0.05334923324600179,0.8291932327248426,1.2494334905820135,38,ribbed gourd,sandy Loamy soil
35041,0.8110716651870262,-1.0687588504872214,-1.621075937294595,1.114202454544477,0.11741814017708838,0.29576080280365324,0.6385953790552698,0.48235112440506983,0.565597607935544,0.0770062794861944,1.2083090706095496,0.3675390500997723,38,ribbed gourd,sandy Loamy soil
35102,0.8110716651870262,-1.0687588504872214,0.9207565056983947,-0.8975029591088394,1.3484256564606083,0.29576080280365324,0.979809130566629,0.6591605072479426,0.40580765847435246,0.4377762346491263,1.7040759355357045,0.41855773673924046,38,ribbed gourd,sandy Loamy soil
35187,0.8110716651870262,-1.0687588504872214,0.9207565056983947,1.114202454544477,0.27129407971252784,0.29576080280365324,1.5598725081359395,0.5440940834930571,0.3496652437987988,0.23077708004744385,1.336625200355142,0.18897364686163232,38,ribbed gourd,sandy Loamy soil
35201,0.8110716651870262,-1.0687588504872214,-1.621075937294595,1.114202454544477,0.11741814017708838,0.29576080280365324,0.7409595045086778,0.41499516903635647,0.267610945426836,0.4111620576289102,-0.2731589728168429,1.1036658144692464,38,ribbed gourd,sandy Loamy soil
35217,0.8110716651870262,-1.0687588504872214,0.9207565056983947,1.114202454544477,0.8867978378542885,0.29576080280365324,0.6897774417819738,0.8014499629643498,0.172600705206668,-0.5351197919787808,1.1849788652012596,0.5497486452407312,38,ribbed gourd,sandy Loamy soil
35221,0.8110716651870262,-1.0687588504872214,-1.621075937294595,1.114202454544477,0.11741814017708838,0.29576080280365324,1.5598725081359395,0.08551228735773309,0.565597607935544,0.4377762346491263,0.3334263677986877,0.5060183424069009,38,ribbed gourd,sandy Loamy soil
35226,0.8110716651870262,-1.0687588504872214,-1.621075937294595,-0.8975029591088394,1.3484256564606083,0.29576080280365324,0.6215346914797015,0.2811252077410384,0.5526416660873394,0.23077708004744385,1.5874249084942564,0.3966925853223256,38,ribbed gourd,sandy Loamy soil
35233,0.8110716651870262,-1.0687588504872214,-0.09597647149880119,1.114202454544477,1.3484256564606083,0.29576080280365324,1.7134186963160507,0.3097514887727417,0.5612789606528095,-0.03240755937469495,0.5259005624170775,0.7647559675070624,38,ribbed gourd,sandy Loamy soil
35242,0.8110716651870262,-1.0687588504872214,0.9207565056983947,-0.8975029591088394,0.5790459587834081,0.29576080280365324,0.09265337663709511,0.07540889405242633,0.29352282912324523,0.21303429536729981,0.21677534075723945,1.034426168315682,38,ribbed gourd,sandy Loamy soil
35309,0.8110716651870262,-1.0687588504872214,-0.6043429600973992,1.114202454544477,1.1945497169251689,0.29576080280365324,0.4509278157240219,0.40910152294159363,0.31079741825418505,0.08587767182626642,0.6717143462188877,1.4753733885568021,38,ribbed gourd,sandy Loamy soil
35323,0.8110716651870262,-1.0687588504872214,-0.09597647149880119,1.114202454544477,-0.036457799358352465,0.29576080280365324,1.7134186963160507,0.18935271855116625,0.23738041444769156,-0.15660705213570447,0.251770648869674,1.3332499043468546,38,ribbed gourd,sandy Loamy soil
35361,0.8110716651870262,-1.0687588504872214,-1.621075937294595,1.114202454544477,0.8867978378542885,0.29576080280365324,1.1333553187467404,0.3361325712921544,0.4360381894534969,0.3224481342281892,1.412448367932084,0.21083879827854743,38,ribbed gourd,sandy Loamy soil
35372,0.8110716651870262,-1.0687588504872214,0.9207565056983947,-0.8975029591088394,-0.036457799358352465,0.29576080280365324,0.05853200148595931,0.6917158856761538,0.2460177090131615,-0.6060909306993578,1.4066158165800111,0.5133067262125394,38,ribbed gourd,sandy Loamy soil
35396,0.8110716651870262,-1.0687588504872214,-1.621075937294595,-0.8975029591088394,0.4251700192479687,0.29576080280365324,0.1950175020905025,0.48543827235946896,0.5699162552182794,-0.1684355752558008,-0.06318712414223608,0.9578981383564793,38,ribbed gourd,sandy Loamy soil
35404,0.8110716651870262,-1.0687588504872214,-0.6043429600973992,-0.8975029591088394,0.11741814017708838,0.29576080280365324,1.406326319955828,0.04201156618210567,0.18123799977213792,0.22486281848739612,1.7099084868877765,0.586190564268923,38,ribbed gourd,sandy Loamy soil
35424,0.8110716651870262,-1.0687588504872214,-0.6043429600973992,-0.8975029591088394,0.5790459587834081,0.29576080280365324,1.6792973211649156,0.07625084349453512,0.5008178986945205,-0.2364495831963535,-0.09818243225467063,0.5533928371435501,38,ribbed gourd,sandy Loamy soil
35431,0.8110716651870262,-1.0687588504872214,-1.621075937294595,1.114202454544477,0.5790459587834081,0.29576080280365324,1.4745690702580996,0.5328680909316049,0.47058736771537607,-0.20392114461608887,0.7300398597396118,0.4149135448364215,38,ribbed gourd,sandy Loamy soil
35466,0.8110716651870262,-1.0687588504872214,-1.621075937294595,-0.8975029591088394,0.4251700192479687,0.29576080280365324,1.0480518808689006,0.7551427436483593,0.4533127785844368,-0.6208765845994779,-0.3898099998582912,0.9469655626480213,38,ribbed gourd,sandy Loamy soil
35480,0.8110716651870262,-1.0687588504872214,0.4123900170997968,-0.8975029591088394,1.1945497169251689,0.29576080280365324,1.611054570862644,0.6964869325147711,0.4403568367362322,0.42003344996898223,0.024301146138850073,1.0125610168987669,38,ribbed gourd,sandy Loamy soil
35485,0.8110716651870262,-1.0687588504872214,0.4123900170997968,1.114202454544477,1.3484256564606083,0.29576080280365324,0.31444231511947873,0.12620651039299743,0.4749060149981113,-0.43753447623798775,0.776700270556191,1.3624034395694078,38,ribbed gourd,sandy Loamy soil
35548,0.8110716651870262,-1.0687588504872214,-0.09597647149880119,-0.8975029591088394,0.4251700192479687,0.29576080280365324,0.6727167542064055,0.32602917798684733,0.23738041444769156,-0.4878056994983964,0.7825328219082635,1.1182425820805229,38,ribbed gourd,sandy Loamy soil
35549,0.8110716651870262,-1.0687588504872214,-0.6043429600973992,1.114202454544477,1.1945497169251689,0.29576080280365324,1.5598725081359395,0.25614737429180723,0.5612789606528095,-0.46414865325820426,0.520068011065005,1.3988453585975997,38,ribbed gourd,sandy Loamy soil
35568,0.8110716651870262,-1.0687588504872214,-0.09597647149880119,-0.8975029591088394,0.4251700192479687,0.29576080280365324,1.508690445409236,0.4054530753591218,0.36262118564700346,-0.46414865325820426,1.5057691895652423,1.446219853334249,38,ribbed gourd,sandy Loamy soil
35582,0.8110716651870262,-1.0687588504872214,0.9207565056983947,-0.8975029591088394,0.27129407971252784,0.29576080280365324,0.3485636902706145,0.8401796373013598,0.2546550035786308,-0.5972195383592855,0.7825328219082635,1.3733360152778653,38,ribbed gourd,sandy Loamy soil
35588,0.8110716651870262,-1.0687588504872214,-0.09597647149880119,-0.8975029591088394,-0.036457799358352465,0.29576080280365324,0.2973816275439105,0.8031338618485674,0.40580765847435246,0.17459159522698744,-0.3956425512103636,0.16710849544471745,38,ribbed gourd,sandy Loamy soil
35613,0.8110716651870262,-1.0687588504872214,-0.09597647149880119,1.114202454544477,1.1945497169251689,0.29576080280365324,1.5769331957115076,0.27916065904278414,0.18987529433760725,-0.4345773454579639,1.3016298922427079,0.49872995860126246,38,ribbed gourd,sandy Loamy soil
35644,0.8110716651870262,-1.0687588504872214,-0.6043429600973992,-0.8975029591088394,1.1945497169251689,0.29576080280365324,0.8092022548109493,0.8275503956697261,0.3323906546678596,-0.10042156731524766,-0.1798381511836843,1.4717291966539832,38,ribbed gourd,sandy Loamy soil
35651,0.8110716651870262,-1.0687588504872214,-1.621075937294595,1.114202454544477,0.8867978378542885,0.29576080280365324,0.38268506542175035,0.25586672447777087,0.33670930195059423,-0.21574966773618517,1.7099084868877765,1.2020589958453638,38,ribbed gourd,sandy Loamy soil
35653,0.8110716651870262,-1.0687588504872214,-0.09597647149880119,1.114202454544477,1.3484256564606083,0.29576080280365324,0.7750808796598135,0.8432667852557589,0.2805668872750406,-0.3488205528372667,1.1091556976243184,0.8667933407859998,38,ribbed gourd,sandy Loamy soil
35702,0.8110716651870262,-1.0687588504872214,0.9207565056983947,-0.8975029591088394,0.7329218983188477,0.29576080280365324,0.5191705660262941,0.7615976893711942,0.3928517166261479,0.16572020288691544,-0.11568008631088769,0.8923026841057337,38,ribbed gourd,sandy Loamy soil
35712,0.8110716651870262,-1.0687588504872214,0.9207565056983947,-0.8975029591088394,1.1945497169251689,0.29576080280365324,1.1162946311711728,0.2968415973270716,0.3669398329297387,0.26921978018775666,1.7332386922960665,1.063579703538235,38,ribbed gourd,sandy Loamy soil
35761,0.8110716651870262,-1.0687588504872214,-1.621075937294595,1.114202454544477,0.7329218983188477,0.29576080280365324,0.38268506542175035,0.5283776939070236,0.42308224760529234,0.4229905807490061,1.400783265227939,1.508171115682175,38,ribbed gourd,sandy Loamy soil
35804,0.8110716651870262,-1.0687588504872214,-0.6043429600973992,-0.8975029591088394,0.11741814017708838,0.29576080280365324,0.33150300269504634,0.6459699659882361,0.5785535497837486,-0.4404916070180116,0.7475375137958289,0.6408534428112106,38,ribbed gourd,sandy Loamy soil
35813,0.8110716651870262,-1.0687588504872214,-0.09597647149880119,1.114202454544477,0.4251700192479687,0.29576080280365324,0.9456877554154931,0.7427941518307616,0.41444495303982243,0.03264931778583389,0.39175188131941174,1.424354701917334,38,ribbed gourd,sandy Loamy soil
35830,0.8110716651870262,-1.0687588504872214,0.4123900170997968,-0.8975029591088394,0.27129407971252784,0.29576080280365324,1.4575083826825315,0.35718130734487735,0.2719295927095707,-0.16252131369575262,0.5492307678253671,0.43313450435051737,38,ribbed gourd,sandy Loamy soil
35865,0.8110716651870262,-1.0687588504872214,0.4123900170997968,1.114202454544477,0.7329218983188477,0.29576080280365324,0.5191705660262941,0.17082983082477032,0.5008178986945205,-0.04423608249479126,0.1934451353489499,0.8995910679113721,38,ribbed gourd,sandy Loamy soil
35883,0.8110716651870262,-1.0687588504872214,-0.09597647149880119,1.114202454544477,0.7329218983188477,0.29576080280365324,0.5362312536018617,0.3560587080887322,0.39717036390888316,0.05039210246597793,1.4882715355090252,0.3310971310715805,38,ribbed gourd,sandy Loamy soil
35891,0.8110716651870262,-1.0687588504872214,-1.621075937294595,1.114202454544477,0.4251700192479687,0.29576080280365324,0.21207818966607073,0.5199581994859345,0.5871908443492186,0.3756764882686217,0.4967378056567154,0.5934789480745615,38,ribbed gourd,sandy Loamy soil
35902,0.8110716651870262,-1.0687588504872214,0.9207565056983947,-0.8975029591088394,0.11741814017708838,0.29576080280365324,1.6792973211649156,0.7138872209850222,0.1985125889030772,-0.4138774299977956,0.8116955786686255,1.0854448549551505,38,ribbed gourd,sandy Loamy soil
36002,0.8110716651870262,-1.0687588504872214,0.9207565056983947,-0.8975029591088394,-0.036457799358352465,0.20127976047580787,-0.23149968729869652,0.7282003615008735,0.40580765847435246,0.34610518046838135,0.3334263677986877,1.493594348070898,9,bottle gourd,sandy Loamy soil
36035,0.8110716651870262,-1.0687588504872214,0.4123900170997968,1.114202454544477,-0.036457799358352465,0.20127976047580787,-0.4362279382055119,0.812675955525802,0.1855566470548726,0.4614332808893189,1.389118162523794,0.837639805563446,9,bottle gourd,sandy Loamy soil
36069,0.8110716651870262,-1.0687588504872214,-0.6043429600973992,1.114202454544477,-0.8058374970355525,0.20127976047580787,0.16089612693936672,0.3069449906323787,0.31511606553691973,-0.06789312873498345,-0.20900090794404635,1.5482572266131858,9,bottle gourd,sandy Loamy soil
36116,0.8110716651870262,-1.0687588504872214,-1.621075937294595,-0.8975029591088394,-0.036457799358352465,0.20127976047580787,0.024410626334822903,0.8746995644278254,0.23738041444769156,0.13910602586669896,0.4675750488963534,0.14888753593062157,9,bottle gourd,sandy Loamy soil
36170,0.8110716651870262,-1.0687588504872214,0.4123900170997968,-0.8975029591088394,-0.036457799358352465,0.20127976047580787,0.2461995648172065,0.4817898247769971,0.565597607935544,0.11840611040653064,0.45590994619220837,0.8121304622437121,9,bottle gourd,sandy Loamy soil
36192,0.8110716651870262,-1.0687588504872214,0.9207565056983947,-0.8975029591088394,-0.8058374970355525,0.20127976047580787,0.31444231511947873,0.530342242605278,0.5180924878254604,-0.3636062067373869,0.4150820867277013,0.38576000961386814,9,bottle gourd,sandy Loamy soil
36193,0.8110716651870262,-1.0687588504872214,-0.09597647149880119,1.114202454544477,-0.8058374970355525,0.20127976047580787,-0.3338638127521039,0.5614943719633082,0.18123799977213792,0.22190568770737185,1.7449037950002106,1.2239241472622793,9,bottle gourd,sandy Loamy soil
36242,0.8110716651870262,-1.0687588504872214,0.9207565056983947,-0.8975029591088394,-0.6519615575001118,0.20127976047580787,0.2461995648172065,0.8547734276312479,0.2546550035786308,-0.280806544896714,1.2374718273699117,1.1874822282340873,9,bottle gourd,sandy Loamy soil
36295,0.8110716651870262,-1.0687588504872214,0.4123900170997968,1.114202454544477,-0.9597134365709921,0.20127976047580787,-0.2826817500253999,0.25137632745318994,0.18123799977213792,0.2840054340878768,0.3392589191507602,0.22541556588982412,9,bottle gourd,sandy Loamy soil
36304,0.8110716651870262,-1.0687588504872214,-0.6043429600973992,-0.8975029591088394,-0.19033373889379193,0.20127976047580787,0.2461995648172065,0.4152758188503925,0.522411135108195,-0.3310777681571227,0.47924015160049793,1.3004521772214817,9,bottle gourd,sandy Loamy soil
36305,0.8110716651870262,-1.0687588504872214,0.4123900170997968,1.114202454544477,-0.3442096784292314,0.20127976047580787,-0.9651092530481183,0.6470925652443815,0.4576314258671715,-0.32220637581705025,0.520068011065005,0.5351718776294543,9,bottle gourd,sandy Loamy soil
36318,0.8110716651870262,-1.0687588504872214,-0.09597647149880119,-0.8975029591088394,-0.6519615575001118,0.20127976047580787,-0.3679851879032397,0.5438134336790205,0.2805668872750406,-0.3724775990774589,0.48507270295257043,0.21083879827854743,9,bottle gourd,sandy Loamy soil
36350,0.8110716651870262,-1.0687588504872214,0.4123900170997968,-0.8975029591088394,-0.19033373889379193,0.20127976047580787,-0.7433203145657353,0.23678253712330222,0.22442447259948697,-0.3488205528372667,1.4591087787486632,0.2800784444321118,9,bottle gourd,sandy Loamy soil
36428,0.8110716651870262,-1.0687588504872214,-0.09597647149880119,-0.8975029591088394,-0.6519615575001118,0.20127976047580787,-0.7774416897168711,0.5370778381421495,0.3064787709714498,-0.4109202992177713,0.9983372219349423,0.5424602614350927,9,bottle gourd,sandy Loamy soil
36461,0.8110716651870262,-1.0687588504872214,-1.621075937294595,1.114202454544477,-0.036457799358352465,0.20127976047580787,-0.0779534991185845,0.8210954499468912,0.1985125889030772,-0.1891354907159687,0.9750070165266532,0.8084862703408926,9,bottle gourd,sandy Loamy soil
36488,0.8110716651870262,-1.0687588504872214,-0.09597647149880119,-0.8975029591088394,-0.3442096784292314,0.20127976047580787,0.21207818966607073,0.14501004793343006,0.18123799977213792,0.3313195265682612,1.5815923571421835,0.7720443513127009,9,bottle gourd,sandy Loamy soil
36547,0.8110716651870262,-1.0687588504872214,0.9207565056983947,1.114202454544477,-0.49808561796467227,0.20127976047580787,0.0073499387592553065,0.41836296680479224,0.40148901119161784,0.4673475424493666,0.035966248842994646,0.2837226363349313,9,bottle gourd,sandy Loamy soil
36555,0.8110716651870262,-1.0687588504872214,0.4123900170997968,1.114202454544477,-0.036457799358352465,0.20127976047580787,0.0073499387592553065,0.1290130085333605,0.48786195684631595,-0.05310747483486328,1.7915642058167907,1.5664781861272816,9,bottle gourd,sandy Loamy soil
36570,0.8110716651870262,-1.0687588504872214,0.4123900170997968,-0.8975029591088394,-0.8058374970355525,0.20127976047580787,-0.4874100009322159,0.14192289997903063,0.522411135108195,-0.3162921142570025,0.15261727588444285,1.493594348070898,9,bottle gourd,sandy Loamy soil
36583,0.8110716651870262,-1.0687588504872214,-0.09597647149880119,1.114202454544477,-0.6519615575001118,0.20127976047580787,-0.3679851879032397,0.7644041875115573,0.5526416660873394,0.12432037196657879,-0.2673264214647704,0.8850143003000958,9,bottle gourd,sandy Loamy soil
36587,0.8110716651870262,-1.0687588504872214,0.9207565056983947,1.114202454544477,-0.3442096784292314,0.20127976047580787,-0.8627451275947109,0.392823833727488,0.42308224760529234,-0.532162661198757,-0.13901029171917767,1.3077405610271202,9,bottle gourd,sandy Loamy soil
36590,0.8110716651870262,-1.0687588504872214,0.4123900170997968,-0.8975029591088394,-0.6519615575001118,0.20127976047580787,-0.7262596269901671,0.5744042634089781,0.22442447259948697,-0.4316202146779396,0.40341698402355675,1.5664781861272816,9,bottle gourd,sandy Loamy soil
36596,0.8110716651870262,-1.0687588504872214,-1.621075937294595,-0.8975029591088394,-0.3442096784292314,0.20127976047580787,-0.4362279382055119,0.2600764716883155,0.17691935248940266,-0.029450428594671087,1.365787957115504,0.5752579885604655,9,bottle gourd,sandy Loamy soil
36630,0.8110716651870262,-1.0687588504872214,0.4123900170997968,-0.8975029591088394,-0.49808561796467227,0.20127976047580787,-0.6580168766878955,0.05379885837163065,0.172600705206668,-0.2127925369561613,-0.2673264214647704,1.4389314695286104,9,bottle gourd,sandy Loamy soil
36632,0.8110716651870262,-1.0687588504872214,0.9207565056983947,-0.8975029591088394,-0.9597134365709921,0.20127976047580787,0.33150300269504634,0.12115481374034406,0.28488553455777527,-0.3488205528372667,1.4882715355090252,0.2618574849180159,9,bottle gourd,sandy Loamy soil
36655,0.8110716651870262,-1.0687588504872214,0.4123900170997968,1.114202454544477,-0.6519615575001118,0.20127976047580787,-1.0674733785015265,0.7874174722625344,0.24169906173042624,-0.10042156731524766,1.7915642058167907,0.8813701083972763,9,bottle gourd,sandy Loamy soil
36659,0.8110716651870262,-1.0687588504872214,-0.6043429600973992,1.114202454544477,-0.8058374970355525,0.20127976047580787,-0.45328862578107953,0.3684072999063296,0.16828205792393272,-0.2364495831963535,0.1934451353489499,0.7647559675070624,9,bottle gourd,sandy Loamy soil
36667,0.8110716651870262,-1.0687588504872214,0.9207565056983947,1.114202454544477,-0.9597134365709921,0.20127976047580787,-1.0845340660770946,0.46354758686463726,0.1985125889030772,0.40820492684888593,0.251770648869674,1.508171115682175,9,bottle gourd,sandy Loamy soil
36676,0.8110716651870262,-1.0687588504872214,-1.621075937294595,-0.8975029591088394,-0.19033373889379193,0.20127976047580787,-0.4191672506299437,0.3911399348432704,0.1985125889030772,-0.22166392929623333,1.2549694814261287,1.0417145521213202,9,bottle gourd,sandy Loamy soil
36750,0.8110716651870262,-1.0687588504872214,0.4123900170997968,-0.8975029591088394,-0.6519615575001118,0.20127976047580787,-0.0779534991185845,0.33865841961848114,0.31079741825418505,0.21007716458727596,1.2141416219616217,0.8740817245916378,9,bottle gourd,sandy Loamy soil
36786,0.8110716651870262,-1.0687588504872214,-1.621075937294595,-0.8975029591088394,-0.19033373889379193,0.20127976047580787,-1.1186554412282304,0.6818931421848831,0.48786195684631595,0.2633055186277085,1.0624952868077393,1.0380703602185009,9,bottle gourd,sandy Loamy soil
36837,0.8110716651870262,-1.0687588504872214,0.9207565056983947,1.114202454544477,-0.19033373889379193,0.20127976047580787,-0.4703493133566477,0.64035696970751,0.3928517166261479,0.08883480260629029,0.5900586272898737,1.3150289448327586,9,bottle gourd,sandy Loamy soil
36841,0.8110716651870262,-1.0687588504872214,-1.621075937294595,1.114202454544477,0.11741814017708838,0.20127976047580787,-0.7603810021413029,0.42257271401533686,0.5267297823909303,-0.011707643914526628,-0.22066601064819133,1.3077405610271202,9,bottle gourd,sandy Loamy soil
36853,0.8110716651870262,-1.0687588504872214,-0.09597647149880119,1.114202454544477,-0.49808561796467227,0.20127976047580787,-0.8798058151702786,0.8006080135222403,0.531048429673665,0.18937724912710763,0.9983372219349423,0.9396771788423833,9,bottle gourd,sandy Loamy soil
36891,0.8110716651870262,-1.0687588504872214,-1.621075937294595,1.114202454544477,-0.8058374970355525,0.20127976047580787,-0.2485603748742641,0.7259551629885832,0.5396857242391349,0.006035140765617411,-0.15067539442332223,0.14888753593062157,9,bottle gourd,sandy Loamy soil
36899,0.8110716651870262,-1.0687588504872214,-0.6043429600973992,1.114202454544477,-0.49808561796467227,0.20127976047580787,-1.0333520033503905,0.3745815958151281,0.42308224760529234,-0.4759771763783001,-0.4248053079707257,1.0052726330931285,9,bottle gourd,sandy Loamy soil
36915,0.8110716651870262,-1.0687588504872214,0.4123900170997968,1.114202454544477,-0.8058374970355525,0.20127976047580787,-0.3168031251765363,0.3105934382148505,0.5353670769563996,0.2012057722472035,1.6049225625504735,1.3988453585975997,9,bottle gourd,sandy Loamy soil
36960,0.8110716651870262,-1.0687588504872214,0.4123900170997968,-0.8975029591088394,-0.8058374970355525,0.20127976047580787,0.0073499387592553065,0.47814137719452526,0.18987529433760725,0.0296921870058096,0.788365373260336,0.7939095027296162,9,bottle gourd,sandy Loamy soil
36976,0.8110716651870262,-1.0687588504872214,-1.621075937294595,-0.8975029591088394,-0.036457799358352465,0.20127976047580787,-0.5385920636589193,0.20254325981087276,0.16396341064119807,-0.11816435199539212,0.46174249754428087,0.9105236436198295,9,bottle gourd,sandy Loamy soil
36977,0.8110716651870262,-1.0687588504872214,0.9207565056983947,1.114202454544477,-0.3442096784292314,0.20127976047580787,-0.3168031251765363,0.47168643147169037,0.4662687204326414,-0.6179194538194539,0.012636043434705087,0.8813701083972763,9,bottle gourd,sandy Loamy soil
37021,1.2888555453011261,-1.0687588504872214,-1.621075937294595,1.114202454544477,0.27129407971252784,-0.9400512308445643,0.6385953790552698,0.19664961371611028,0.427400894888027,-0.6090480614793816,-0.33731703768963955,1.2785870258045668,7,bitter gourd,well-drained loamy soil
37069,1.2888555453011261,-1.0687588504872214,-0.6043429600973992,1.114202454544477,0.11741814017708838,-0.9381616099980074,0.1950175020905025,0.6948030336305535,0.5871908443492186,-0.3517776836172906,0.6483841408105977,1.4972385399737176,7,bitter gourd,well-drained loamy soil
37122,1.2888555453011261,-1.0687588504872214,0.9207565056983947,-0.8975029591088394,0.4251700192479687,-1.0042983396274991,0.4168064405728861,0.06670874981730078,0.8549469758787829,0.2721769109677805,1.2841322381864908,1.5701223780301012,7,bitter gourd,well-drained loamy soil
37124,1.2888555453011261,-1.0687588504872214,-0.6043429600973992,-0.8975029591088394,0.5790459587834081,-0.9778436477757024,0.7750808796598135,0.8095888075714023,0.8247164448996384,0.298791087987997,-0.44230296202694275,1.1619728849143531,7,bitter gourd,well-drained loamy soil
37162,1.2888555453011261,-1.0687588504872214,0.9207565056983947,-0.8975029591088394,0.27129407971252784,-1.0024087187809423,0.55329194117743,0.20534975795123583,0.5526416660873394,-0.05015034405483941,1.8148944112250798,0.6080557156858378,7,bitter gourd,well-drained loamy soil
37174,1.2888555453011261,-1.0687588504872214,-0.6043429600973992,-0.8975029591088394,-0.036457799358352465,-0.9872917520084871,0.2973816275439105,0.12480326132281591,0.6951570264175913,-0.1092929596553201,1.0916580435681014,0.6845837456450409,7,bitter gourd,well-drained loamy soil
37193,1.2888555453011261,-1.0687588504872214,-0.09597647149880119,1.114202454544477,0.5790459587834081,-1.0194153063999545,0.4168064405728861,0.30947083895870536,0.3798957747779433,0.2721769109677805,-0.10984753495881562,0.9578981383564793,7,bitter gourd,well-drained loamy soil
37202,1.2888555453011261,-1.0687588504872214,0.9207565056983947,-0.8975029591088394,-0.036457799358352465,-1.0194153063999545,0.7921415672353811,0.15567474086680955,0.4619500731499067,-0.13295000589551229,-0.15650794577539473,1.0125610168987669,7,bitter gourd,well-drained loamy soil
37275,1.2888555453011261,-1.0687588504872214,0.4123900170997968,1.114202454544477,-0.036457799358352465,-1.0250841689396253,0.7238988169331095,0.304699792120088,0.8463096813133129,0.4377762346491263,-0.03985691873394653,0.22541556588982412,7,bitter gourd,well-drained loamy soil
37290,1.2888555453011261,-1.0687588504872214,0.4123900170997968,-0.8975029591088394,0.4251700192479687,-0.9570578184635765,0.655656066630838,0.2982448463972531,0.3410279492333289,-0.4552772609181318,1.7390712436481386,0.35296228248849537,7,bitter gourd,well-drained loamy soil
37334,1.2888555453011261,-1.0687588504872214,-0.6043429600973992,-0.8975029591088394,0.11741814017708838,-1.0175256855533976,0.12677475178823092,0.4694412329593994,0.8419910340305783,0.07404914870617012,1.2782996868344179,0.48779738289280505,7,bitter gourd,well-drained loamy soil
37346,1.2888555453011261,-1.0687588504872214,-1.621075937294595,-0.8975029591088394,-0.036457799358352465,-0.9627266810032473,0.4168064405728861,0.35465545901855067,0.40580765847435246,0.28696256486790067,1.5932574598463285,0.9068794517170106,7,bitter gourd,well-drained loamy soil
37382,1.2888555453011261,-1.0687588504872214,0.9207565056983947,-0.8975029591088394,0.11741814017708838,-0.9381616099980074,0.26326025239277473,0.7820851257958444,0.6908383791348566,-0.5824338844591654,0.3742542272631947,1.5519014185160052,7,bitter gourd,well-drained loamy soil
37392,1.2888555453011261,-1.0687588504872214,0.9207565056983947,-0.8975029591088394,0.27129407971252784,-1.0156360647068405,0.5191705660262941,0.8022919124064586,0.7858486193550246,-0.626790846159526,0.9108489516538563,0.6335650590055721,7,bitter gourd,well-drained loamy soil
37409,1.2888555453011261,-1.0687588504872214,-0.6043429600973992,1.114202454544477,-0.036457799358352465,-0.9967398562412716,0.6727167542064055,0.11385791857540005,0.626058669893833,-0.056064605614887145,1.6282527679587626,0.9688307140649367,7,bitter gourd,well-drained loamy soil
37421,1.2888555453011261,-1.0687588504872214,-1.621075937294595,1.114202454544477,0.4251700192479687,-0.9419408516911213,0.8433236299620851,0.05239560930144912,0.522411135108195,0.05334923324600179,1.0041697732870152,0.4768648071843476,7,bitter gourd,well-drained loamy soil
37476,1.2888555453011261,-1.0687588504872214,-1.621075937294595,-0.8975029591088394,0.11741814017708838,-0.9891813728550439,0.09265337663709511,0.6254825295635859,0.8203977976169037,0.07996341026621827,1.0566627354556666,1.001628441190309,7,bitter gourd,well-drained loamy soil
37478,1.2888555453011261,-1.0687588504872214,-0.09597647149880119,-0.8975029591088394,0.4251700192479687,-1.0194153063999545,0.6385953790552698,0.831479493066234,0.7167502628312657,0.3017482187680209,1.6924108328315595,1.344182480055312,7,bitter gourd,well-drained loamy soil
37543,1.2888555453011261,-1.0687588504872214,-0.09597647149880119,1.114202454544477,0.27129407971252784,-0.9551681976170197,0.5874133163285657,0.38664953781868916,0.6908383791348566,-0.4552772609181318,1.6399178706629076,1.4717291966539832,7,bitter gourd,well-drained loamy soil
37544,1.2888555453011261,-1.0687588504872214,-0.6043429600973992,-0.8975029591088394,0.27129407971252784,-1.0118568230137268,0.48504919087515835,0.09982542787358475,0.8592656231615174,0.2840054340878768,1.7099084868877765,1.001628441190309,7,bitter gourd,well-drained loamy soil
37547,1.2888555453011261,-1.0687588504872214,0.9207565056983947,1.114202454544477,0.11741814017708838,-0.9627266810032473,0.502109878450726,0.05295690892952186,0.7815299720722894,0.39046214216874187,-0.06318712414223608,0.14524334402780234,7,bitter gourd,well-drained loamy soil
37559,1.2888555453011261,-1.0687588504872214,-0.6043429600973992,1.114202454544477,0.4251700192479687,-1.0024087187809423,0.8433236299620851,0.7068709756341146,0.6303773171765676,-0.1092929596553201,0.28676595698210855,1.1583286930115342,7,bitter gourd,well-drained loamy soil
37565,1.2888555453011261,-1.0687588504872214,0.4123900170997968,1.114202454544477,0.4251700192479687,-0.9721747852360318,0.502109878450726,0.3692492493484384,0.8247164448996384,-0.3902203837576034,1.2024765192574767,0.750179199895786,7,bitter gourd,well-drained loamy soil
37583,1.2888555453011261,-1.0687588504872214,-0.09597647149880119,1.114202454544477,0.5790459587834081,-0.947609714230792,0.33150300269504634,0.8160437532942372,0.7253875573967357,-0.6208765845994779,1.0916580435681014,0.4294903124476984,7,bitter gourd,well-drained loamy soil
37617,1.2888555453011261,-1.0687588504872214,0.9207565056983947,1.114202454544477,0.11741814017708838,-1.0005190979343854,0.46798850329959013,0.7124839719148407,0.6606078481557122,0.24851986472758833,-0.23233111335233592,1.5591898023216437,7,bitter gourd,well-drained loamy soil
37618,1.2888555453011261,-1.0687588504872214,-0.09597647149880119,-0.8975029591088394,0.4251700192479687,-0.9683955435429179,0.28032093996834234,0.26512816834096886,0.6044654334801585,0.26626264940773237,1.6924108328315595,0.3566064743913148,7,bitter gourd,well-drained loamy soil
37628,1.2888555453011261,-1.0687588504872214,-0.09597647149880119,-0.8975029591088394,0.27129407971252784,-0.9929606145481579,0.26326025239277473,0.8738576149857166,0.8679029177269875,-0.5085056149585647,-0.29065662687306,0.8740817245916378,7,bitter gourd,well-drained loamy soil
37632,1.2888555453011261,-1.0687588504872214,0.9207565056983947,-0.8975029591088394,0.11741814017708838,-0.9967398562412716,0.5703526287529982,0.712203322100804,0.7081129682657958,0.07404914870617012,1.1091556976243184,1.4352872776257914,7,bitter gourd,well-drained loamy soil
37663,1.2888555453011261,-1.0687588504872214,-0.09597647149880119,1.114202454544477,-0.036457799358352465,-0.9797332686222594,0.5874133163285657,0.6717897488795763,0.7340248519622056,0.03264931778583389,1.5407644976776764,0.917812027425468,7,bitter gourd,well-drained loamy soil
37672,1.2888555453011261,-1.0687588504872214,0.9207565056983947,-0.8975029591088394,0.11741814017708838,-0.9797332686222594,0.05853200148595931,0.6257631793776219,0.574234902501014,0.48804745790953497,0.7300398597396118,1.17654965252563,7,bitter gourd,well-drained loamy soil
37696,1.2888555453011261,-1.0687588504872214,-1.621075937294595,-0.8975029591088394,-0.036457799358352465,-0.9986294770878285,0.8945056926887891,0.624640580121477,0.3669398329297387,-0.07676452107505546,1.4941040868610973,0.9287446031339255,7,bitter gourd,well-drained loamy soil
37717,1.2888555453011261,-1.0687588504872214,0.9207565056983947,1.114202454544477,0.11741814017708838,-0.9532785767704628,0.877445005113221,0.4119080210819567,0.5483230188046049,0.45256188854924645,-0.016526713325656965,0.8813701083972763,7,bitter gourd,well-drained loamy soil
37751,1.2888555453011261,-1.0687588504872214,-1.621075937294595,1.114202454544477,0.5790459587834081,-0.9551681976170197,0.3485636902706145,0.6875061384656092,0.7512994410931448,-0.5262483996387088,1.0858254922160286,0.30194359584902714,7,bitter gourd,well-drained loamy soil
37771,1.2888555453011261,-1.0687588504872214,-1.621075937294595,1.114202454544477,0.27129407971252784,-0.9816228894688164,0.6727167542064055,0.8572992759575743,0.5051365459772558,-0.3961346453176511,0.6308864867543806,1.504526923779356,7,bitter gourd,well-drained loamy soil
37784,1.2888555453011261,-1.0687588504872214,-0.6043429600973992,-0.8975029591088394,0.27129407971252784,-0.9816228894688164,0.6897774417819738,0.8738576149857166,0.7340248519622056,-0.3872632529775791,-0.19733580523990177,1.0854448549551505,7,bitter gourd,well-drained loamy soil
37828,1.2888555453011261,-1.0687588504872214,-0.09597647149880119,-0.8975029591088394,0.5790459587834081,-0.9381616099980074,0.8262629423865175,0.5881561042967574,0.8549469758787829,0.18642011834708333,0.3742542272631947,0.29101102014056923,7,bitter gourd,well-drained loamy soil
37834,1.2888555453011261,-1.0687588504872214,-0.6043429600973992,-0.8975029591088394,0.5790459587834081,-0.9646163018498042,0.1438354393637991,0.6543894604093252,0.8592656231615174,0.2012057722472035,1.5874249084942564,1.100021622566427,7,bitter gourd,well-drained loamy soil
37897,1.2888555453011261,-1.0687588504872214,0.9207565056983947,1.114202454544477,0.27129407971252784,-0.9400512308445643,0.21207818966607073,0.278038059786639,0.6606078481557122,0.20712003380725166,-0.3839774485062187,0.22177137398700514,7,bitter gourd,well-drained loamy soil
37908,1.2888555453011261,-1.0687588504872214,-0.09597647149880119,-0.8975029591088394,-0.036457799358352465,-0.9702851643894749,0.8262629423865175,0.2350986382390843,0.7469807938104102,0.49987598102963127,0.5433982164732946,0.9979842492874901,7,bitter gourd,well-drained loamy soil
37965,1.2888555453011261,-1.0687588504872214,0.4123900170997968,1.114202454544477,0.27129407971252784,-1.008077581320613,0.8603843175376533,0.1200322144841989,0.531048429673665,-0.32516350659707455,0.7708677192041185,0.8412839974662655,7,bitter gourd,well-drained loamy soil
38044,0.8110716651870262,-1.0687588504872214,-0.6043429600973992,-0.8975029591088394,-0.19033373889379193,0.20127976047580787,0.46798850329959013,0.7526168953220322,-0.39314208883160456,-0.2955921987968342,-0.05152202143809151,1.4279988938201529,3,ash gourd,sandy Loamy soil
38080,0.8110716651870262,-1.0687588504872214,0.4123900170997968,-0.8975029591088394,0.11741814017708838,0.20127976047580787,0.6215346914797015,0.5454973325632387,-0.6652168676439038,-0.3724775990774589,0.4150820867277013,1.344182480055312,3,ash gourd,sandy Loamy soil
38093,0.8110716651870262,-1.0687588504872214,-0.09597647149880119,1.114202454544477,-0.6519615575001118,0.20127976047580787,0.024410626334822903,0.32378397947455706,-0.03469436436460731,0.10362045650641047,0.47924015160049793,0.4294903124476984,3,ash gourd,sandy Loamy soil
38158,0.8110716651870262,-1.0687588504872214,-0.09597647149880119,-0.8975029591088394,-0.49808561796467227,0.20127976047580787,0.7409595045086778,0.5438134336790205,-0.5917998638374102,-0.13295000589551229,-0.31981938363342205,0.6372092509083912,3,ash gourd,sandy Loamy soil
38188,0.8110716651870262,-1.0687588504872214,-0.09597647149880119,-0.8975029591088394,0.11741814017708838,0.20127976047580787,1.0480518808689006,0.1523069430983741,-0.6781728094921083,0.020820794665737583,0.21094278940516697,1.0854448549551505,3,ash gourd,sandy Loamy soil
38201,0.8110716651870262,-1.0687588504872214,-1.621075937294595,1.114202454544477,-0.6519615575001118,0.20127976047580787,0.7921415672353811,0.1610070873334996,-0.2981318486114369,0.147977418206771,1.0974905949201734,1.4535082371398873,3,ash gourd,sandy Loamy soil
38204,0.8110716651870262,-1.0687588504872214,-0.6043429600973992,-0.8975029591088394,-0.9597134365709921,0.20127976047580787,-0.026771436391880492,0.4312728582504621,-0.5011082708999772,0.37271935748859786,1.4066158165800111,0.9870516735790326,3,ash gourd,sandy Loamy soil
38232,0.8110716651870262,-1.0687588504872214,0.9207565056983947,-0.8975029591088394,-0.036457799358352465,0.20127976047580787,1.0480518808689006,0.25137632745318994,-0.14266054643297993,0.2721769109677805,0.7067096543313218,1.1109541982748843,3,ash gourd,sandy Loamy soil
38236,0.8110716651870262,-1.0687588504872214,-1.621075937294595,-0.8975029591088394,-0.3442096784292314,0.20127976047580787,0.5362312536018617,0.2771961103445302,-0.6263490420992894,-0.1092929596553201,-0.23233111335233592,1.340538288152493,3,ash gourd,sandy Loamy soil
38285,0.8110716651870262,-1.0687588504872214,0.4123900170997968,1.114202454544477,-0.19033373889379193,0.20127976047580787,0.2461995648172065,0.6976095317709166,-0.5702066274237357,0.07404914870617012,0.08262665965957418,1.2567218743876516,3,ash gourd,sandy Loamy soil
38305,0.8110716651870262,-1.0687588504872214,0.4123900170997968,1.114202454544477,-0.19033373889379193,0.20127976047580787,0.502109878450726,0.23958903526366526,-0.6220303948165548,-0.5942624075792615,1.7157410382398488,0.8740817245916378,3,ash gourd,sandy Loamy soil
38325,0.8110716651870262,-1.0687588504872214,0.4123900170997968,1.114202454544477,-0.8058374970355525,0.20127976047580787,0.12677475178823092,0.3914205846573065,-0.5831625692719403,-0.5587768382189732,0.11762196777200873,0.6918721294506789,3,ash gourd,sandy Loamy soil
38354,0.8110716651870262,-1.0687588504872214,-0.6043429600973992,-0.8975029591088394,-0.3442096784292314,0.20127976047580787,0.09265337663709511,0.667018702040959,-0.42337261981074903,0.4170763191889584,0.3859193299673393,0.24728071730673923,3,ash gourd,sandy Loamy soil
38366,0.8110716651870262,-1.0687588504872214,-1.621075937294595,-0.8975029591088394,-0.6519615575001118,0.20127976047580787,0.604474003904134,0.7840496744940987,-0.336999674156051,0.37271935748859786,1.2491369300740558,1.180193844428449,3,ash gourd,sandy Loamy soil
38370,0.8110716651870262,-1.0687588504872214,0.4123900170997968,-0.8975029591088394,-0.3442096784292314,0.20127976047580787,0.4168064405728861,0.19215921669152933,-0.6652168676439038,0.3194910034481649,0.788365373260336,0.6517860185196681,3,ash gourd,sandy Loamy soil
38387,0.8110716651870262,-1.0687588504872214,0.9207565056983947,1.114202454544477,-0.8058374970355525,0.20127976047580787,0.8603843175376533,0.19917546204243697,-0.5442947437273262,0.008992271545641278,0.8816861948934942,0.13795496022216389,3,ash gourd,sandy Loamy soil
38408,0.8110716651870262,-1.0687588504872214,-0.09597647149880119,-0.8975029591088394,-0.9597134365709921,0.20127976047580787,0.38268506542175035,0.03724051934348867,-0.2549453757840878,-0.13295000589551229,0.3217612650945431,0.8631491488831803,3,ash gourd,sandy Loamy soil
38425,0.8110716651870262,-1.0687588504872214,0.4123900170997968,1.114202454544477,-0.49808561796467227,0.20127976047580787,0.46798850329959013,0.7512136462518507,-0.6306676893820243,-0.2127925369561613,1.2724671354823458,0.5752579885604655,3,ash gourd,sandy Loamy soil
38434,0.8110716651870262,-1.0687588504872214,-0.6043429600973992,-0.8975029591088394,-0.49808561796467227,0.20127976047580787,0.9968698181421971,0.47589617868223494,-0.280857259480497,-0.280806544896714,0.3509240218549051,1.183838036331268,3,ash gourd,sandy Loamy soil
38455,0.8110716651870262,-1.0687588504872214,0.4123900170997968,1.114202454544477,-0.9597134365709921,0.20127976047580787,0.024410626334822903,0.16381358547386268,-0.20312160839126883,0.298791087987997,0.5433982164732946,0.8667933407859998,3,ash gourd,sandy Loamy soil
38490,0.8110716651870262,-1.0687588504872214,0.4123900170997968,-0.8975029591088394,-0.8058374970355525,0.20127976047580787,-0.0608928115430169,0.2014206605547276,-0.8725119372151791,0.5531043350700637,1.0449976327515216,0.914167835522649,3,ash gourd,sandy Loamy soil
38491,0.8110716651870262,-1.0687588504872214,-1.621075937294595,1.114202454544477,-0.19033373889379193,0.20127976047580787,0.22913887724163892,0.6282890277039489,-0.7299965768849274,0.09474906416633845,0.46174249754428087,0.30194359584902714,3,ash gourd,sandy Loamy soil
38502,0.8110716651870262,-1.0687588504872214,0.9207565056983947,-0.8975029591088394,-0.49808561796467227,0.20127976047580787,0.6385953790552698,0.8603864239119741,-0.15129784099844987,-0.44640586857805975,-0.2381636647044084,0.5315276857266353,3,ash gourd,sandy Loamy soil
38586,0.8110716651870262,-1.0687588504872214,-1.621075937294595,-0.8975029591088394,-0.3442096784292314,0.20127976047580787,0.4509278157240219,0.3215387809622664,-0.8379627589533,-0.4109202992177713,0.5725609732336566,1.4170663181116956,3,ash gourd,sandy Loamy soil
38588,0.8110716651870262,-1.0687588504872214,-0.09597647149880119,-0.8975029591088394,0.11741814017708838,0.20127976047580787,-0.1291355618452885,0.1859849207827308,-0.34131832143878593,0.25739125706766036,0.9808395678787253,0.7137372808675942,3,ash gourd,sandy Loamy soil
38589,0.8110716651870262,-1.0687588504872214,-0.6043429600973992,1.114202454544477,-0.19033373889379193,0.20127976047580787,0.21207818966607073,0.8710511168453535,-0.2894945540459669,-0.3902203837576034,-0.12734518901503267,0.3602506662941338,3,ash gourd,sandy Loamy soil
38608,0.8110716651870262,-1.0687588504872214,-0.09597647149880119,-0.8975029591088394,-0.6519615575001118,0.20127976047580787,0.5362312536018617,0.10291257582798417,0.03872263944188558,0.31653387266814104,0.09429176236371875,0.4841531909899861,3,ash gourd,sandy Loamy soil
38635,0.8110716651870262,-1.0687588504872214,0.4123900170997968,1.114202454544477,-0.9597134365709921,0.20127976047580787,0.6897774417819738,0.7273584120587647,-0.07788083719195636,0.11840611040653064,1.1674812111450426,0.6080557156858378,3,ash gourd,sandy Loamy soil
38680,0.8110716651870262,-1.0687588504872214,0.4123900170997968,-0.8975029591088394,-0.6519615575001118,0.20127976047580787,0.3485636902706145,0.058850555024284025,-0.6652168676439038,-0.34586342205724285,-0.23233111335233592,0.9870516735790326,3,ash gourd,sandy Loamy soil
38685,0.8110716651870262,-1.0687588504872214,0.4123900170997968,1.114202454544477,0.11741814017708838,0.20127976047580787,0.1097140642126627,0.15342954235451925,-0.7084033404712529,-0.2837636756767379,1.0508301841035943,1.2895196015130244,3,ash gourd,sandy Loamy soil
38717,0.8110716651870262,-1.0687588504872214,0.9207565056983947,1.114202454544477,-0.036457799358352465,0.20127976047580787,0.0073499387592553065,0.4688799333313273,-0.6306676893820243,0.3549765728084534,1.8148944112250798,0.7720443513127009,3,ash gourd,sandy Loamy soil
38810,0.8110716651870262,-1.0687588504872214,0.4123900170997968,-0.8975029591088394,0.11741814017708838,0.20127976047580787,0.8603843175376533,0.5135032537630996,-0.20312160839126883,0.32836239578823734,-0.09818243225467063,0.14524334402780234,3,ash gourd,sandy Loamy soil
38828,0.8110716651870262,-1.0687588504872214,-0.09597647149880119,-0.8975029591088394,-0.3442096784292314,0.20127976047580787,0.07559268906152691,0.5732816641528325,-0.14266054643297993,-0.4050060376577235,0.030133697490922567,1.0417145521213202,3,ash gourd,sandy Loamy soil
38916,0.8110716651870262,-1.0687588504872214,-1.621075937294595,-0.8975029591088394,-0.19033373889379193,0.20127976047580787,-0.0608928115430169,0.2934737995586358,-0.5529320382927961,0.3756764882686217,1.30746244359478,0.19261783876445154,3,ash gourd,sandy Loamy soil
38941,0.8110716651870262,-1.0687588504872214,-1.621075937294595,1.114202454544477,-0.49808561796467227,0.20127976047580787,0.041471313910391105,0.19861416241436455,-0.8725119372151791,-0.6179194538194539,1.5699272544380385,1.3733360152778653,3,ash gourd,sandy Loamy soil
38966,0.8110716651870262,-1.0687588504872214,-1.621075937294595,-0.8975029591088394,-0.19033373889379193,0.20127976047580787,0.2973816275439105,0.5940497503915194,-0.7170406350367224,-0.15069279057565632,0.49090525430464294,1.5591898023216437,3,ash gourd,sandy Loamy soil
38972,0.8110716651870262,-1.0687588504872214,0.9207565056983947,-0.8975029591088394,-0.8058374970355525,0.20127976047580787,0.8092022548109493,0.14753589625975674,0.08190911226923463,0.4791760655694629,1.35412285441136,1.2822312177073858,3,ash gourd,sandy Loamy soil
38974,0.8110716651870262,-1.0687588504872214,-0.6043429600973992,-0.8975029591088394,-0.6519615575001118,0.20127976047580787,0.877445005113221,0.3838430396783261,-0.13834189915024528,0.40820492684888593,1.5057691895652423,1.2895196015130244,3,ash gourd,sandy Loamy soil
38976,0.8110716651870262,-1.0687588504872214,-1.621075937294595,-0.8975029591088394,-0.6519615575001118,0.20127976047580787,0.6897774417819738,0.7952756670555509,-0.4838336817690376,-0.45823439169815605,1.5524296003818214,1.1874822282340873,3,ash gourd,sandy Loamy soil
38985,0.8110716651870262,-1.0687588504872214,0.4123900170997968,1.114202454544477,-0.49808561796467227,0.20127976047580787,0.024410626334822903,0.37851069321163666,-0.3542742632869905,0.4910045886895592,1.2782996868344179,1.5482572266131858,3,ash gourd,sandy Loamy soil
39006,-1.100063855269374,-1.0687588504872214,-1.621075937294595,-0.8975029591088394,1.1945497169251689,0.20127976047580787,0.46798850329959013,1.2959549352963202,-0.19880296110853418,0.5057902425896794,-0.10984753495881562,-0.06976397823852913,20,cucumber,Loamy soil
39034,-1.100063855269374,-1.0687588504872214,-0.6043429600973992,-0.8975029591088394,0.11741814017708838,0.20127976047580787,1.0480518808689006,0.962542956221189,-0.2679013176322924,0.3579337035884777,0.39758443267148424,-0.40502963329789365,20,cucumber,Loamy soil
39044,-1.100063855269374,-1.0687588504872214,-0.6043429600973992,-0.8975029591088394,1.0406737773897279,0.20127976047580787,1.2357194442001485,1.304655079531446,-0.2333521393704133,0.34906231124840525,-0.1740055998316118,0.024985011234769292,20,cucumber,Loamy soil
39062,-1.100063855269374,-1.0687588504872214,0.9207565056983947,-0.8975029591088394,0.11741814017708838,0.20127976047580787,0.3997457529973185,0.976856096737041,-0.2592640230668225,0.387505011388718,-0.1215126376629602,0.07964788977705697,20,cucumber,Loamy soil
39063,-1.100063855269374,-1.0687588504872214,-0.09597647149880119,-0.8975029591088394,0.11741814017708838,0.20127976047580787,0.2973816275439105,1.6877420756910035,-0.328362379590581,0.16276307210689114,0.2459380975176015,0.076003697874238,20,cucumber,Loamy soil
39076,-1.100063855269374,-1.0687588504872214,-1.621075937294595,-0.8975029591088394,0.27129407971252784,0.20127976047580787,0.17795681451493492,1.4183182542161499,-0.41041667796254416,-0.6149623230394298,0.3509240218549051,0.01769662742913109,20,cucumber,Loamy soil
39078,-1.100063855269374,-1.0687588504872214,-0.09597647149880119,-0.8975029591088394,0.4251700192479687,0.20127976047580787,0.2461995648172065,1.5126165917323484,-0.2074402556740035,0.48509032712951106,-0.20316835659197385,-0.5289321579937457,20,cucumber,Loamy soil
39097,-1.100063855269374,-1.0687588504872214,0.9207565056983947,-0.8975029591088394,1.0406737773897279,0.20127976047580787,1.6963580087404837,1.3854822259739021,-0.24198943393588324,0.5205758964897995,0.04179880019506714,-0.2847713005048609,20,cucumber,Loamy soil
39117,-1.100063855269374,-1.0687588504872214,0.9207565056983947,-0.8975029591088394,0.4251700192479687,0.20127976047580787,0.07559268906152691,1.4284216475214568,-0.06060624806101711,-0.26010662943654567,0.22260789210931195,-0.594527612244491,20,cucumber,Loamy soil
39149,-1.100063855269374,-1.0687588504872214,-0.6043429600973992,-0.8975029591088394,0.4251700192479687,0.20127976047580787,1.0480518808689006,1.4171956549600044,-0.44064720894168863,0.20712003380725166,0.251770648869674,-0.19731069483720037,20,cucumber,Loamy soil
39153,-1.100063855269374,-1.0687588504872214,-0.09597647149880119,-0.8975029591088394,0.11741814017708838,0.20127976047580787,0.6897774417819738,1.067225336856731,-0.22471484480494336,0.08587767182626642,0.3334263677986877,-0.08434074584980605,20,cucumber,Loamy soil
39169,-1.100063855269374,-1.0687588504872214,-0.6043429600973992,-0.8975029591088394,0.8867978378542885,0.20127976047580787,1.0480518808689006,0.8912579034559677,-0.2851759067632323,-0.6120051922594058,0.5259005624170775,-0.59817180414731,20,cucumber,Loamy soil
39199,-1.100063855269374,-1.0687588504872214,-0.6043429600973992,-0.8975029591088394,0.11741814017708838,0.20127976047580787,1.082173256020037,1.5740789010062997,-0.25062672850135254,-0.20983540617613702,-0.4306378593227982,0.05413854645732288,20,cucumber,Loamy soil
39218,-1.100063855269374,-1.0687588504872214,-0.09597647149880119,-0.8975029591088394,0.5790459587834081,0.20127976047580787,1.4745690702580996,1.0983774662147612,-0.07788083719195636,-0.20983540617613702,-0.15067539442332223,-0.3139248357274142,20,cucumber,Loamy soil
39232,-1.100063855269374,-1.0687588504872214,0.9207565056983947,-0.8975029591088394,0.8867978378542885,0.20127976047580787,1.5939938832870757,1.0414055539653913,-0.10379272088836615,0.2396484723875163,0.3334263677986877,-0.17180135151746628,20,cucumber,Loamy soil
39236,-1.100063855269374,-1.0687588504872214,-1.621075937294595,-0.8975029591088394,0.5790459587834081,0.20127976047580787,0.4509278157240219,1.224950532345135,-0.30245049589417156,-0.21870679851620903,-0.08068477819845356,-0.41960640090917034,20,cucumber,Loamy soil
39274,-1.100063855269374,-1.0687588504872214,-0.6043429600973992,-0.8975029591088394,1.1945497169251689,0.20127976047580787,0.17795681451493492,1.0054823777687436,-0.2074402556740035,0.14206315664672284,0.6717143462188877,-0.13900362439209374,20,cucumber,Loamy soil
39381,-1.100063855269374,-1.0687588504872214,-1.621075937294595,-0.8975029591088394,1.0406737773897279,0.20127976047580787,0.7750808796598135,1.3279490140964594,-0.06492489534375176,-0.46119152247817996,-0.09234988090259813,-0.12078266487799784,20,cucumber,Loamy soil
39445,-1.100063855269374,-1.0687588504872214,0.4123900170997968,-0.8975029591088394,0.7329218983188477,0.20127976047580787,0.6897774417819738,1.3933404207669184,-0.16425378284665446,0.041520710125905906,0.15261727588444285,0.05413854645732288,20,cucumber,Loamy soil
39450,-1.100063855269374,-1.0687588504872214,0.4123900170997968,-0.8975029591088394,0.8867978378542885,0.20127976047580787,1.3892656323802597,1.2723803509172709,-0.280857259480497,-0.280806544896714,0.40924953537562925,0.076003697874238,20,cucumber,Loamy soil
39452,-1.100063855269374,-1.0687588504872214,0.9207565056983947,-0.8975029591088394,0.8867978378542885,0.20127976047580787,1.5769331957115076,1.3770627315528128,-0.24198943393588324,0.3934192729487658,0.3859193299673393,-0.3139248357274142,20,cucumber,Loamy soil
39489,-1.100063855269374,-1.0687588504872214,-0.6043429600973992,-0.8975029591088394,1.1945497169251689,0.20127976047580787,1.4745690702580996,1.1828530602396892,-0.22903349208767804,-0.15364992135568062,0.5842260759378015,-0.6018159960501293,20,cucumber,Loamy soil
39566,-1.100063855269374,-1.0687588504872214,-1.621075937294595,-0.8975029591088394,-0.036457799358352465,0.20127976047580787,1.1674766938978767,1.1671366706536561,-0.34563696872152055,-0.5469483150988771,0.4150820867277013,0.076003697874238,20,cucumber,Loamy soil
39605,-1.100063855269374,-1.0687588504872214,0.4123900170997968,-0.8975029591088394,0.7329218983188477,0.20127976047580787,1.2869015069268517,1.2813611449664328,-0.08219948447469164,0.37863361904864556,0.520068011065005,-0.08798493775262503,20,cucumber,Loamy soil
39608,-1.100063855269374,-1.0687588504872214,-0.09597647149880119,-0.8975029591088394,0.8867978378542885,0.20127976047580787,0.2973816275439105,1.621228069764399,-0.06924354262648703,-0.2748922833366659,-0.1856707025357568,-0.5435089256050223,20,cucumber,Loamy soil
39614,-1.100063855269374,-1.0687588504872214,-0.6043429600973992,-0.8975029591088394,0.27129407971252784,0.20127976047580787,1.4745690702580996,1.513739190988494,-0.11674866273657075,0.37863361904864556,0.4675750488963534,-0.040610443015975814,20,cucumber,Loamy soil
39617,-1.100063855269374,-1.0687588504872214,0.9207565056983947,-0.8975029591088394,-0.036457799358352465,0.20127976047580787,1.2527801317757166,1.036634507126774,-0.26358267034955774,0.2840054340878768,0.05346390289921213,-0.5289321579937457,20,cucumber,Loamy soil
39655,-1.100063855269374,-1.0687588504872214,0.4123900170997968,-0.8975029591088394,1.1945497169251689,0.20127976047580787,0.6385953790552698,1.6105633768310195,-0.17720972469485965,0.1450202874267471,-0.19733580523990177,-0.2009548867400196,20,cucumber,Loamy soil
39729,-1.100063855269374,-1.0687588504872214,-0.6043429600973992,-0.8975029591088394,1.1945497169251689,0.20127976047580787,1.1504160063223086,1.359101143454489,-0.280857259480497,-0.14773565979563247,-0.16817304847953973,-0.4560483199373621,20,cucumber,Loamy soil
39733,-1.100063855269374,-1.0687588504872214,-0.09597647149880119,-0.8975029591088394,0.7329218983188477,0.20127976047580787,1.628115258438211,1.6057923299924022,-0.1469791937157152,-0.42866308389791574,-0.03402436738187403,0.00311985981785443,20,cucumber,Loamy soil
39737,-1.100063855269374,-1.0687588504872214,0.9207565056983947,-0.8975029591088394,0.8867978378542885,0.20127976047580787,1.4404476951069645,1.5951276370590226,-0.18584701926032898,-0.24236384475640166,0.6017237299940186,-0.5763066527303952,20,cucumber,Loamy soil
39753,-1.100063855269374,-1.0687588504872214,-0.09597647149880119,-0.8975029591088394,0.7329218983188477,0.20127976047580787,1.2527801317757166,1.2437540698855676,-0.16857243012938972,-0.552862576658925,0.21094278940516697,-0.1754455434202855,20,cucumber,Loamy soil
39760,-1.100063855269374,-1.0687588504872214,0.4123900170997968,-0.8975029591088394,-0.036457799358352465,0.20127976047580787,1.6792973211649156,1.0885547227234906,-0.42337261981074903,0.28696256486790067,0.15261727588444285,-0.03332205921033735,20,cucumber,Loamy soil
39761,-1.100063855269374,-1.0687588504872214,-1.621075937294595,-0.8975029591088394,-0.036457799358352465,0.20127976047580787,0.6727167542064055,0.8892933547577134,-0.34131832143878593,-0.549905445878901,0.32759381644661517,-0.2847713005048609,20,cucumber,Loamy soil
39787,-1.100063855269374,-1.0687588504872214,0.9207565056983947,-0.8975029591088394,-0.19033373889379193,0.20127976047580787,0.33150300269504634,0.9976241829757272,-0.19448431382579892,-0.40796316843774744,0.47340760024842543,-0.6054601879529484,20,cucumber,Loamy soil
39820,-1.100063855269374,-1.0687588504872214,0.4123900170997968,-0.8975029591088394,-0.036457799358352465,0.20127976047580787,0.1438354393637991,1.1820111107975804,-0.4838336817690376,-0.5794767536791413,-0.4714657187873048,-0.5908834203416719,20,cucumber,Loamy soil
39871,-1.100063855269374,-1.0687588504872214,-1.621075937294595,-0.8975029591088394,-0.036457799358352465,0.20127976047580787,1.4745690702580996,1.4351572430583284,-0.2549453757840878,-0.5410340535388289,0.39758443267148424,-0.2118874624484773,20,cucumber,Loamy soil
39877,-1.100063855269374,-1.0687588504872214,0.9207565056983947,-0.8975029591088394,1.1945497169251689,0.20127976047580787,1.0309911932933329,1.544049370904415,-0.47087773992083304,-0.4523201301381079,0.263435751573819,-0.0005243320849648004,20,cucumber,Loamy soil
39975,-1.100063855269374,-1.0687588504872214,0.4123900170997968,-0.8975029591088394,1.3484256564606083,0.20127976047580787,0.9968698181421971,1.140474938320207,-0.15561648828118513,0.2810483033078525,-0.4656331674352323,0.05049435455450364,20,cucumber,Loamy soil
39980,-1.100063855269374,-1.0687588504872214,0.4123900170997968,-0.8975029591088394,1.0406737773897279,0.20127976047580787,0.1097140642126627,1.1140938558007942,-0.09083677904016156,0.011949402325665564,0.6833794489230323,-0.5216437741881075,20,cucumber,Loamy soil
40006,-0.9089503032237339,-1.0687588504872214,-1.621075937294595,-0.8975029591088394,0.5790459587834081,-0.5583478198400691,-0.0608928115430169,0.6322181251004568,0.48786195684631595,0.156848810546843,0.1234545191240808,0.16710849544471745,55,watermelon,Sandy soil
40009,-0.9089503032237339,-1.0687588504872214,-0.6043429600973992,-0.8975029591088394,0.11741814017708838,-0.5904713742315365,0.28032093996834234,0.6636509042725232,0.5612789606528095,0.825160366832275,0.15844982723651535,1.329605712444035,55,watermelon,Sandy soil
40066,-0.9089503032237339,-1.0687588504872214,-1.621075937294595,-0.8975029591088394,0.11741814017708838,-0.5470100947607275,0.07559268906152691,0.26372491927078734,0.16396341064119807,1.0025882136337172,0.006803492082632595,0.6408534428112106,55,watermelon,Sandy soil
40107,-0.9089503032237339,-1.0687588504872214,0.9207565056983947,-0.8975029591088394,-0.19033373889379193,-0.69817976248528,-0.026771436391880492,0.6350246232408199,0.27624823999230536,0.2159914261473237,-0.3956425512103636,1.5737665699329202,55,watermelon,Sandy soil
40113,-0.9089503032237339,-1.0687588504872214,-0.09597647149880119,-0.8975029591088394,-0.6519615575001118,-0.6925108999456094,0.22913887724163892,0.7966789161257325,0.40148901119161784,0.5945041659904005,-0.1740055998316118,0.4367786962533364,55,watermelon,Sandy soil
40125,-0.9089503032237339,-1.0687588504872214,0.4123900170997968,-0.8975029591088394,1.0406737773897279,-0.6018090993108779,0.041471313910391105,0.26989921517958615,0.4662687204326414,0.5057902425896794,0.012636043434705087,1.489950156168079,55,watermelon,Sandy soil
40145,-0.9089503032237339,-1.0687588504872214,0.4123900170997968,-0.8975029591088394,0.7329218983188477,-0.556458198993512,0.22913887724163892,0.07933799144893455,0.172600705206668,0.07996341026621827,-0.02235926467772946,1.0125610168987669,55,watermelon,Sandy soil
40169,-0.9089503032237339,-1.0687588504872214,-0.6043429600973992,-0.8975029591088394,-0.3442096784292314,-0.6358222745489022,0.05853200148595931,0.31620643449557667,0.32375336010238964,-0.014664774694550914,0.6892120002751048,0.16346430354189823,55,watermelon,Sandy soil
40185,-0.9089503032237339,-1.0687588504872214,0.4123900170997968,-0.8975029591088394,1.1945497169251689,-0.7321929377233046,0.024410626334822903,0.5398843362825125,0.3712584802124734,0.3135767418881172,0.3217612650945431,1.2676544500961093,55,watermelon,Sandy soil
40230,-0.9089503032237339,-1.0687588504872214,0.4123900170997968,-0.8975029591088394,1.1945497169251689,-0.6962901416387233,0.21207818966607073,0.1809332241300771,0.39717036390888316,0.7955890590320347,0.2984310596862531,0.6481418266168492,55,watermelon,Sandy soil
40260,-0.9089503032237339,-1.0687588504872214,0.4123900170997968,-0.8975029591088394,0.5790459587834081,-0.6414911370885729,-0.0438321239674487,0.2847736553235103,0.1855566470548726,0.6950466125112174,0.1351196218282258,0.7210256646732327,55,watermelon,Sandy soil
40286,-0.9089503032237339,-1.0687588504872214,-1.621075937294595,-0.8975029591088394,-0.036457799358352465,-0.6755043123265974,0.26326025239277473,0.1814945237581498,0.36262118564700346,0.3106196111080929,0.3509240218549051,1.2348567229707366,55,watermelon,Sandy soil
40396,-0.9089503032237339,-1.0687588504872214,-1.621075937294595,-0.8975029591088394,0.7329218983188477,-0.5659063032262965,0.07559268906152691,0.3437101162711345,0.31079741825418505,0.8695173285326355,0.5900586272898737,0.9797632897733941,55,watermelon,Sandy soil
40419,-0.9089503032237339,-1.0687588504872214,-0.6043429600973992,-0.8975029591088394,-0.036457799358352465,-0.6433807579351299,-0.009710748816312897,0.8494410811645579,0.20714988346854712,0.07109201792614625,0.1292870704761533,0.3420297067800379,55,watermelon,Sandy soil
40423,-0.9089503032237339,-1.0687588504872214,-0.09597647149880119,-0.8975029591088394,0.8867978378542885,-0.7416410419560892,-0.09501418669415271,0.4144338694082837,0.3453465965160642,0.10657758728643475,0.5550633191774396,0.7465350079929665,55,watermelon,Sandy soil
40435,-0.9089503032237339,-1.0687588504872214,0.4123900170997968,-0.8975029591088394,1.1945497169251689,-0.639601516242016,0.0073499387592553065,0.6184662842126782,0.3064787709714498,0.2633055186277085,0.4150820867277013,0.15617591973625977,55,watermelon,Sandy soil
40438,-0.9089503032237339,-1.0687588504872214,-0.09597647149880119,-0.8975029591088394,0.11741814017708838,-0.46197715666566663,-0.09501418669415271,0.24772787987071807,0.40148901119161784,0.4584761501092946,-0.028191816029801538,1.2494334905820135,55,watermelon,Sandy soil
40453,-0.9089503032237339,-1.0687588504872214,-0.09597647149880119,-0.8975029591088394,-0.036457799358352465,-0.4846526068243496,-0.009710748816312897,0.5614943719633082,0.4619500731499067,0.9611883827133805,-0.15067539442332223,0.26550167682083514,55,watermelon,Sandy soil
40508,-0.9089503032237339,-1.0687588504872214,-0.09597647149880119,-0.8975029591088394,-0.6519615575001118,-0.5016591944433618,-0.0438321239674487,0.5177130009736441,0.582872197066484,0.9818882981735487,-0.028191816029801538,0.4367786962533364,55,watermelon,Sandy soil
40520,-0.9089503032237339,-1.0687588504872214,0.4123900170997968,-0.8975029591088394,0.11741814017708838,-0.5281138862951584,0.17795681451493492,0.3914205846573065,0.28488553455777527,0.9730169058334768,0.39175188131941174,1.2858754096102054,55,watermelon,Sandy soil
40538,-0.9089503032237339,-1.0687588504872214,-0.09597647149880119,-0.8975029591088394,0.27129407971252784,-0.6112572035436624,0.33150300269504634,0.6271664284478035,0.1941939416203425,0.56493285819016,0.47924015160049793,0.2873668282377502,55,watermelon,Sandy soil
40541,-0.9089503032237339,-1.0687588504872214,-1.621075937294595,-0.8975029591088394,-0.3442096784292314,-0.5753544074590811,0.1438354393637991,0.3518489608781876,0.17691935248940266,0.8547316746325154,0.22260789210931195,0.8194188460493501,55,watermelon,Sandy soil
40546,-0.9089503032237339,-1.0687588504872214,-1.621075937294595,-0.8975029591088394,0.11741814017708838,-0.581023269998752,-0.1291355618452885,0.14276484942113973,0.30216012368871514,0.4821331963494868,0.3509240218549051,0.4294903124476984,55,watermelon,Sandy soil
40552,-0.9089503032237339,-1.0687588504872214,0.9207565056983947,-0.8975029591088394,-0.19033373889379193,-0.581023269998752,0.05853200148595931,0.33978101887462625,0.47058736771537607,0.1598059413268673,0.3509240218549051,1.2202799553594597,55,watermelon,Sandy soil
40571,-0.9089503032237339,-1.0687588504872214,-1.621075937294595,-0.8975029591088394,0.7329218983188477,-0.6471599996282438,0.041471313910391105,0.4815091749629611,0.16828205792393272,0.6891323509511692,-0.2731589728168429,0.5205951100181778,55,watermelon,Sandy soil
40607,-0.9089503032237339,-1.0687588504872214,0.9207565056983947,-0.8975029591088394,-0.49808561796467227,-0.5772440283056381,0.09265337663709511,0.1413616003509582,0.3712584802124734,0.27809117252782867,-0.06318712414223608,1.0125610168987669,55,watermelon,Sandy soil
40621,-0.9089503032237339,-1.0687588504872214,-1.621075937294595,-0.8975029591088394,-0.49808561796467227,-0.6188156869298902,-0.026771436391880492,0.8093081577573662,0.4360381894534969,1.1238305756147025,0.251770648869674,0.22177137398700514,55,watermelon,Sandy soil
40642,-0.9089503032237339,-1.0687588504872214,0.9207565056983947,-0.8975029591088394,0.7329218983188477,-0.46386677751222366,-0.0438321239674487,0.16998788138266122,0.49218060412905057,0.0770062794861944,0.2459380975176015,0.666362786130945,55,watermelon,Sandy soil
40673,-0.9089503032237339,-1.0687588504872214,-0.09597647149880119,-0.8975029591088394,-0.6519615575001118,-0.7359721794164182,0.16089612693936672,0.3125579869131048,0.531048429673665,0.9375313364731882,0.28676595698210855,1.2968079853186627,55,watermelon,Sandy soil
40718,-0.9089503032237339,-1.0687588504872214,-0.09597647149880119,-0.8975029591088394,0.11741814017708838,-0.7378618002629753,0.041471313910391105,0.5926465013213379,0.40580765847435246,1.0321595214339574,-0.09234988090259813,0.6444976347140297,55,watermelon,Sandy soil
40751,-0.9089503032237339,-1.0687588504872214,-1.621075937294595,-0.8975029591088394,-0.8058374970355525,-0.5942506159246501,0.0073499387592553065,0.4868415214296505,0.29784147640597985,0.9582312519333566,-0.44230296202694275,1.1729054606228104,55,watermelon,Sandy soil
40761,-0.9089503032237339,-1.0687588504872214,-1.621075937294595,-0.8975029591088394,0.27129407971252784,-0.5281138862951584,0.3485636902706145,0.27579286127434866,0.5526416660873394,0.24851986472758833,-0.28482407552098793,1.340538288152493,55,watermelon,Sandy soil
40820,-0.9089503032237339,-1.0687588504872214,0.4123900170997968,-0.8975029591088394,-0.19033373889379193,-0.6263741703161176,0.2461995648172065,0.3804752419098906,0.574234902501014,0.6980037432912416,0.36258912455904974,1.5519014185160052,55,watermelon,Sandy soil
40862,-0.9089503032237339,-1.0687588504872214,0.9207565056983947,-0.8975029591088394,0.5790459587834081,-0.6471599996282438,0.041471313910391105,0.5878754544827206,0.29352282912324523,0.7601034896717462,0.6308864867543806,0.8230630379521696,55,watermelon,Sandy soil
40876,-0.9089503032237339,-1.0687588504872214,-1.621075937294595,-0.8975029591088394,0.5790459587834081,-0.6433807579351299,0.024410626334822903,0.3759848448853097,0.1855566470548726,0.17754872600701133,0.6425515894585256,0.833995613660627,55,watermelon,Sandy soil
40891,-0.9089503032237339,-1.0687588504872214,-1.621075937294595,-0.8975029591088394,-0.9597134365709921,-0.497879952750248,0.21207818966607073,0.24632463080053654,0.172600705206668,0.008992271545641278,0.14678472453237076,0.5533928371435501,55,watermelon,Sandy soil
40938,-0.9089503032237339,-1.0687588504872214,-0.09597647149880119,-0.8975029591088394,1.0406737773897279,-0.599919478464321,0.12677475178823092,0.6745962470199394,0.47058736771537607,0.5471900735100156,-0.016526713325656965,0.13795496022216389,55,watermelon,Sandy soil
40957,-0.9089503032237339,-1.0687588504872214,0.9207565056983947,-0.8975029591088394,-0.49808561796467227,-0.5300035071417154,-0.0779534991185845,0.3445520657132436,0.29352282912324523,0.5471900735100156,0.49090525430464294,0.8850143003000958,55,watermelon,Sandy soil
40983,-0.9089503032237339,-1.0687588504872214,-0.09597647149880119,-0.8975029591088394,0.8867978378542885,-0.6055883410039917,-0.0608928115430169,0.24548268135842743,0.574234902501014,0.34610518046838135,-0.10401498360674312,1.260366066290471,55,watermelon,Sandy soil
40993,-0.9089503032237339,-1.0687588504872214,-0.09597647149880119,-0.8975029591088394,-0.036457799358352465,-0.5923609950780934,0.2973816275439105,0.4093821727556303,0.3496652437987988,0.40820492684888593,0.28676595698210855,0.9469655626480213,55,watermelon,Sandy soil
41062,0.8110716651870262,-1.0687588504872214,0.9207565056983947,-0.8975029591088394,1.1945497169251689,-0.6490496204748005,1.5939938832870757,0.06979589777170021,0.38421442206067796,0.2958339572079727,0.11178941641993623,1.194770612039726,30,muskmelon,sandy Loamy soil
41096,0.8110716651870262,-1.0687588504872214,-1.621075937294595,-0.8975029591088394,0.27129407971252784,-0.7397514211095321,1.5428118205603711,0.05520210744181218,0.20714988346854712,0.3638479651485254,0.3742542272631947,1.3696918233750464,30,muskmelon,sandy Loamy soil
41103,0.8110716651870262,-1.0687588504872214,-0.09597647149880119,-0.8975029591088394,0.5790459587834081,-0.35048952671880923,0.3997457529973185,0.43576325527504267,0.18987529433760725,0.16572020288691544,-0.16817304847953973,0.13431076831934463,30,muskmelon,sandy Loamy soil
41106,0.8110716651870262,-1.0687588504872214,-1.621075937294595,-0.8975029591088394,-0.036457799358352465,-0.6906212790990526,1.406326319955828,0.2626023200146422,0.4576314258671715,0.8044604513721068,0.5550633191774396,1.1473961173030762,30,muskmelon,sandy Loamy soil
41110,0.8110716651870262,-1.0687588504872214,0.4123900170997968,-0.8975029591088394,0.4251700192479687,-0.4808733651312357,0.09265337663709511,0.21348860255828864,0.3496652437987988,0.8872601132127796,-0.028191816029801538,0.2582132930151969,30,muskmelon,sandy Loamy soil
41149,0.8110716651870262,-1.0687588504872214,-0.6043429600973992,-0.8975029591088394,0.27129407971252784,-0.7397514211095321,0.7750808796598135,0.20282390962490912,0.3194347128196544,1.0883450062544138,0.6192213840502357,0.323808747265942,30,muskmelon,sandy Loamy soil
41161,0.8110716651870262,-1.0687588504872214,-1.621075937294595,-0.8975029591088394,1.1945497169251689,-0.4941007110571341,1.5428118205603711,0.3032965430499065,0.5871908443492186,1.0351166522139814,-0.11568008631088769,1.3077405610271202,30,muskmelon,sandy Loamy soil
41164,0.8110716651870262,-1.0687588504872214,-0.6043429600973992,-0.8975029591088394,0.7329218983188477,-0.6528288621679145,0.6897774417819738,0.8059403599889304,0.3194347128196544,0.06222062558607423,0.14678472453237076,0.6408534428112106,30,muskmelon,sandy Loamy soil
41165,0.8110716651870262,-1.0687588504872214,0.4123900170997968,-0.8975029591088394,0.7329218983188477,-0.7416410419560892,1.1674766938978767,0.3838430396783261,0.2805668872750406,0.48509032712951106,0.4267471894318463,0.4258461205448789,30,muskmelon,sandy Loamy soil
41166,0.8110716651870262,-1.0687588504872214,-1.621075937294595,-0.8975029591088394,0.27129407971252784,-0.6830627957128249,1.7475400714671872,0.7590718410448672,0.5267297823909303,0.9020457671128997,0.3042636110383256,0.23999233350110102,30,muskmelon,sandy Loamy soil
41179,0.8110716651870262,-1.0687588504872214,-0.6043429600973992,-0.8975029591088394,1.1945497169251689,-0.3221452140204556,0.5703526287529982,0.5850689563423576,0.48786195684631595,0.6477325200308329,0.6133888326981636,0.914167835522649,30,muskmelon,sandy Loamy soil
41183,0.8110716651870262,-1.0687588504872214,-0.09597647149880119,-0.8975029591088394,0.5790459587834081,-0.1993198589942566,1.2015980690490127,0.14360679886324854,0.48354330956358127,0.8813458516527314,0.08262665965957418,0.17804107115317488,30,muskmelon,sandy Loamy soil
41206,0.8110716651870262,-1.0687588504872214,-1.621075937294595,-0.8975029591088394,0.11741814017708838,-0.29946976386177265,0.979809130566629,0.4236953132714817,0.565597607935544,0.39637640372879,-0.29065662687306,1.0089168249959475,30,muskmelon,sandy Loamy soil
41229,0.8110716651870262,-1.0687588504872214,-0.6043429600973992,-0.8975029591088394,0.27129407971252784,-0.5262242654486016,0.928627067839925,0.6162210857003879,0.16396341064119807,0.1006633257263866,0.4384122921359913,0.8522165731747229,30,muskmelon,sandy Loamy soil
41324,0.8110716651870262,-1.0687588504872214,-0.6043429600973992,-0.8975029591088394,0.7329218983188477,-0.6320430328557883,1.1845373814734443,0.2056304077652722,0.38853306934341325,1.0499023061141015,-0.3606472430979291,0.837639805563446,30,muskmelon,sandy Loamy soil
41394,0.8110716651870262,-1.0687588504872214,-0.6043429600973992,-0.8975029591088394,1.0406737773897279,-0.6755043123265974,1.5428118205603711,0.14248419960710337,0.16828205792393272,0.7896747974719865,-0.1740055998316118,1.4498640452370684,30,muskmelon,sandy Loamy soil
41400,0.8110716651870262,-1.0687588504872214,0.4123900170997968,-0.8975029591088394,1.1945497169251689,-0.31647635148078496,1.2357194442001485,0.15006174458608343,0.48354330956358127,0.6270326045706647,-0.3781448971541462,0.5060183424069009,30,muskmelon,sandy Loamy soil
41403,0.8110716651870262,-1.0687588504872214,-0.09597647149880119,-0.8975029591088394,1.1945497169251689,-0.3429310433325815,0.928627067839925,0.06193770297868345,0.41444495303982243,0.5205758964897995,0.22260789210931195,0.2181271820841859,30,muskmelon,sandy Loamy soil
41404,0.8110716651870262,-1.0687588504872214,-0.6043429600973992,-0.8975029591088394,0.4251700192479687,-0.5885817533849794,1.0480518808689006,0.1009480271297299,0.3194347128196544,0.2633055186277085,0.6425515894585256,1.140107733497438,30,muskmelon,sandy Loamy soil
41444,0.8110716651870262,-1.0687588504872214,-0.6043429600973992,-0.8975029591088394,0.11741814017708838,-0.3391518016394676,0.4509278157240219,0.4632669370506012,0.267610945426836,0.3549765728084534,0.1934451353489499,0.6772953618394024,30,muskmelon,sandy Loamy soil
41451,0.8110716651870262,-1.0687588504872214,-1.621075937294595,-0.8975029591088394,-0.036457799358352465,-0.24467075931162222,0.33150300269504634,0.5912432522511564,0.4446754840189669,0.04447784090592977,0.49090525430464294,1.555545610418824,30,muskmelon,sandy Loamy soil
41462,0.8110716651870262,-1.0687588504872214,0.9207565056983947,-0.8975029591088394,0.11741814017708838,-0.3145867306342279,0.31444231511947873,0.13013560778950597,0.20714988346854712,0.8783887208727076,-0.03985691873394653,1.140107733497438,30,muskmelon,sandy Loamy soil
41486,0.8110716651870262,-1.0687588504872214,-1.621075937294595,-0.8975029591088394,0.8867978378542885,-0.5300035071417154,0.979809130566629,0.7079935748902594,0.4619500731499067,0.3401909189083332,0.47924015160049793,1.2858754096102054,30,muskmelon,sandy Loamy soil
41518,0.8110716651870262,-1.0687588504872214,-0.09597647149880119,-0.8975029591088394,-0.19033373889379193,-0.35993763095159376,1.5769331957115076,0.48235112440506983,0.41444495303982243,0.5531043350700637,-0.16817304847953973,1.1109541982748843,30,muskmelon,sandy Loamy soil
41582,0.8110716651870262,-1.0687588504872214,0.9207565056983947,-0.8975029591088394,1.1945497169251689,-0.6509392413213574,1.5598725081359395,0.3709331482326563,0.31511606553691973,1.1415733602948468,0.6717143462188877,0.38576000961386814,30,muskmelon,sandy Loamy soil
41603,0.8110716651870262,-1.0687588504872214,-0.09597647149880119,-0.8975029591088394,1.1945497169251689,-0.30513862640144335,1.2015980690490127,0.17924932524585951,0.2201058253167517,0.4614332808893189,0.006803492082632595,1.5519014185160052,30,muskmelon,sandy Loamy soil
41628,0.8110716651870262,-1.0687588504872214,-0.09597647149880119,-0.8975029591088394,0.27129407971252784,-0.40906777296207325,1.2015980690490127,0.7554233934623954,0.5180924878254604,0.236691341607492,-0.15650794577539473,1.3733360152778653,30,muskmelon,sandy Loamy soil
41700,0.8110716651870262,-1.0687588504872214,0.4123900170997968,-0.8975029591088394,0.27129407971252784,-0.6131468243902192,0.38268506542175035,0.15006174458608343,0.172600705206668,0.4703046732293909,-0.15650794577539473,0.6882279375478598,30,muskmelon,sandy Loamy soil
41746,0.8110716651870262,-1.0687588504872214,-1.621075937294595,-0.8975029591088394,0.4251700192479687,-0.41662625634830097,0.5874133163285657,0.38524628874850764,0.5785535497837486,0.5383186811699436,-0.16817304847953973,0.2800784444321118,30,muskmelon,sandy Loamy soil
41780,0.8110716651870262,-1.0687588504872214,0.4123900170997968,-0.8975029591088394,0.5790459587834081,-0.5205554029089309,0.21207818966607073,0.34960376236589696,0.22874311988222162,1.0380737829940057,0.36258912455904974,0.9578981383564793,30,muskmelon,sandy Loamy soil
41783,0.8110716651870262,-1.0687588504872214,-0.09597647149880119,-0.8975029591088394,0.5790459587834081,-0.6244845494695608,1.2869015069268517,0.836531189718888,0.3669398329297387,1.014416736753813,-0.06901967549430858,0.30194359584902714,30,muskmelon,sandy Loamy soil
41794,0.8110716651870262,-1.0687588504872214,-0.6043429600973992,-0.8975029591088394,0.5790459587834081,-0.6679458289403697,0.8945056926887891,0.5126613043209908,0.27624823999230536,0.6536467815908811,-0.21483345929611883,1.4972385399737176,30,muskmelon,sandy Loamy soil
41834,0.8110716651870262,-1.0687588504872214,-0.6043429600973992,-0.8975029591088394,1.0406737773897279,-0.5980298576177641,1.6963580087404837,0.17026853119669758,0.2546550035786308,-0.008750513134502761,0.39758443267148424,0.9360329869395639,30,muskmelon,sandy Loamy soil
41861,0.8110716651870262,-1.0687588504872214,-1.621075937294595,-0.8975029591088394,0.11741814017708838,-0.3334829390997969,0.7921415672353811,0.8084662083152574,0.41012630575708775,1.094259267814462,0.6308864867543806,0.38940420151668714,30,muskmelon,sandy Loamy soil
41883,0.8110716651870262,-1.0687588504872214,-0.09597647149880119,-0.8975029591088394,1.3484256564606083,-0.4789837442846789,0.07559268906152691,0.22331134604955935,0.479224662280846,0.7719320127918425,0.4384122921359913,1.5519014185160052,30,muskmelon,sandy Loamy soil
41908,0.8110716651870262,-1.0687588504872214,-0.09597647149880119,-0.8975029591088394,0.11741814017708838,-0.6962901416387233,1.5939938832870757,0.15651669030891865,0.2460177090131615,-0.03536469015471924,0.263435751573819,0.17804107115317488,30,muskmelon,sandy Loamy soil
41913,0.8110716651870262,-1.0687588504872214,-0.09597647149880119,-0.8975029591088394,1.0406737773897279,-0.45063943158632525,1.4916297578336677,0.12368066206667075,0.28920418184051055,0.8902172439928039,-0.45980061608316025,0.6007673318801994,30,muskmelon,sandy Loamy soil
41929,0.8110716651870262,-1.0687588504872214,-0.6043429600973992,-0.8975029591088394,-0.036457799358352465,-0.28624241793587424,1.0992339435956047,0.18514297134062166,0.2460177090131615,0.7039180048512894,0.29259850833418105,0.4258461205448789,30,muskmelon,sandy Loamy soil
41955,0.8110716651870262,-1.0687588504872214,0.4123900170997968,-0.8975029591088394,-0.036457799358352465,-0.34671028502569534,1.406326319955828,0.8449506841399772,0.2546550035786308,1.0410309137740295,0.1992776867010224,1.0818006630523311,30,muskmelon,sandy Loamy soil
41996,0.8110716651870262,-1.0687588504872214,-1.621075937294595,-0.8975029591088394,0.11741814017708838,-0.1842028922218014,0.05853200148595931,0.5062063585981559,0.2201058253167517,0.8931743747728278,0.6308864867543806,0.6044115237830189,30,muskmelon,sandy Loamy soil
42000,0.8110716651870262,-1.0687588504872214,0.4123900170997968,-0.8975029591088394,1.3484256564606083,-0.743530662802646,0.28032093996834234,0.22050484790919628,0.5915094916319539,-0.1654784444757765,0.4150820867277013,0.10880142499961055,51,tinda,sandy Loamy soil
42001,0.8110716651870262,-1.0687588504872214,-1.621075937294595,-0.8975029591088394,-0.19033373889379193,-0.743530662802646,0.21207818966607073,0.7520555956939595,0.18987529433760725,0.36089083436850156,0.5025703570087875,0.076003697874238,51,tinda,sandy Loamy soil
42010,0.8110716651870262,-1.0687588504872214,0.4123900170997968,-0.8975029591088394,0.27129407971252784,-0.743530662802646,0.4168064405728861,0.33585192147811804,0.4187636003225577,0.40229066528883817,0.6717143462188877,-0.05518721062725248,51,tinda,sandy Loamy soil
42090,0.8110716651870262,-1.0687588504872214,0.4123900170997968,-0.8975029591088394,0.11741814017708838,-0.743530662802646,0.22913887724163892,0.6170630351424967,0.479224662280846,-0.41979169155784374,0.018468594786777582,-0.40502963329789365,51,tinda,sandy Loamy soil
42120,0.8110716651870262,-1.0687588504872214,0.4123900170997968,-0.8975029591088394,-0.19033373889379193,-0.743530662802646,0.6385953790552698,0.6661767525988502,0.23738041444769156,-0.6179194538194539,0.14678472453237076,-0.09162912965544426,51,tinda,sandy Loamy soil
42127,0.8110716651870262,-1.0687588504872214,0.9207565056983947,-0.8975029591088394,0.8867978378542885,-0.743530662802646,0.2461995648172065,0.7986434648239867,0.522411135108195,-0.20687827539611314,-0.12734518901503267,-0.0005243320849648004,51,tinda,sandy Loamy soil
42161,0.8110716651870262,-1.0687588504872214,-1.621075937294595,-0.8975029591088394,1.1945497169251689,-0.743530662802646,0.1438354393637991,0.17868802561778677,0.5569603133700741,-0.2541923678764975,0.36842167591112224,0.06871531406859954,51,tinda,sandy Loamy soil
42188,0.8110716651870262,-1.0687588504872214,-0.09597647149880119,-0.8975029591088394,0.27129407971252784,-0.743530662802646,0.7750808796598135,0.4467085980224589,0.41012630575708775,0.12136324118655492,0.45007739484013587,-0.4779134713542772,51,tinda,sandy Loamy soil
42225,0.8110716651870262,-1.0687588504872214,0.4123900170997968,-0.8975029591088394,0.4251700192479687,-0.743530662802646,0.1097140642126627,0.8379344387890696,0.5612789606528095,-0.2541923678764975,0.6367190381064531,-0.30663645192177574,51,tinda,sandy Loamy soil
42251,0.8110716651870262,-1.0687588504872214,-1.621075937294595,-0.8975029591088394,0.27129407971252784,-0.743530662802646,0.6727167542064055,0.13827445239655878,0.40148901119161784,-0.49371996105844457,-0.09234988090259813,-0.28112710860204165,51,tinda,sandy Loamy soil
42302,0.8110716651870262,-1.0687588504872214,0.9207565056983947,-0.8975029591088394,0.4251700192479687,-0.743530662802646,0.43386712814845435,0.2499730783830084,0.1855566470548726,0.10362045650641047,0.1876125839968774,-0.1535803920033704,51,tinda,sandy Loamy soil
42349,0.8110716651870262,-1.0687588504872214,-0.6043429600973992,-0.8975029591088394,0.27129407971252784,-0.743530662802646,0.2461995648172065,0.8253051971574358,0.16396341064119807,0.02377792544576145,0.36258912455904974,-0.5580856932162992,51,tinda,sandy Loamy soil
42385,0.8110716651870262,-1.0687588504872214,0.4123900170997968,-0.8975029591088394,0.27129407971252784,-0.743530662802646,0.3485636902706145,0.43772780397329697,0.3280720073851243,0.3313195265682612,0.1934451353489499,-0.2592619571851265,51,tinda,sandy Loamy soil
42386,0.8110716651870262,-1.0687588504872214,-1.621075937294595,-0.8975029591088394,-0.036457799358352465,-0.743530662802646,0.502109878450726,0.47758007756645254,0.2330617671649563,-0.12999287511548802,0.22844044346138445,-0.13900362439209374,51,tinda,sandy Loamy soil
42393,0.8110716651870262,-1.0687588504872214,-0.09597647149880119,-0.8975029591088394,-0.036457799358352465,-0.743530662802646,0.5191705660262941,0.5073289578543007,0.49649925141178586,-0.002836251574454608,-0.43647041067487025,-0.5872392284388526,51,tinda,sandy Loamy soil
42395,0.8110716651870262,-1.0687588504872214,0.4123900170997968,-0.8975029591088394,0.27129407971252784,-0.743530662802646,0.21207818966607073,0.2755122114603123,0.5915094916319539,-0.2541923678764975,0.047631351547139635,0.046850162651684416,51,tinda,sandy Loamy soil
42425,0.8110716651870262,-1.0687588504872214,0.4123900170997968,-0.8975029591088394,0.5790459587834081,-0.743530662802646,0.5874133163285657,0.2746702620182035,0.1985125889030772,0.3401909189083332,-0.13901029171917767,-0.01874529159906069,51,tinda,sandy Loamy soil
42434,0.8110716651870262,-1.0687588504872214,-0.6043429600973992,-0.8975029591088394,0.7329218983188477,-0.743530662802646,0.33150300269504634,0.4621443377944557,0.531048429673665,-0.5144198765186127,0.5142354597129325,-0.08069655394698683,51,tinda,sandy Loamy soil
42483,0.8110716651870262,-1.0687588504872214,-0.09597647149880119,-0.8975029591088394,0.27129407971252784,-0.743530662802646,0.2461995648172065,0.8112727064556204,0.21578717803401704,0.1923343799071315,-0.2439962160564809,-0.24104099767103063,51,tinda,sandy Loamy soil
42515,0.8110716651870262,-1.0687588504872214,0.4123900170997968,-0.8975029591088394,0.11741814017708838,-0.743530662802646,0.22913887724163892,0.7329714083394909,0.4360381894534969,0.30766248032806903,-0.1215126376629602,-0.5216437741881075,51,tinda,sandy Loamy soil
42568,0.8110716651870262,-1.0687588504872214,-0.09597647149880119,-0.8975029591088394,1.3484256564606083,-0.743530662802646,0.5191705660262941,0.6176243347705694,0.28920418184051055,-0.28967793723678603,0.6367190381064531,-0.015101099696241462,51,tinda,sandy Loamy soil
42578,0.8110716651870262,-1.0687588504872214,-0.09597647149880119,-0.8975029591088394,-0.036457799358352465,-0.743530662802646,0.7409595045086778,0.15848123900717262,0.267610945426836,0.32836239578823734,-0.32565193498549455,-0.3685877142697019,51,tinda,sandy Loamy soil
42606,0.8110716651870262,-1.0687588504872214,-1.621075937294595,-0.8975029591088394,-0.036457799358352465,-0.743530662802646,0.7409595045086778,0.8494410811645579,0.20714988346854712,-0.36952046829743507,0.6017237299940186,-0.45969251184018134,51,tinda,sandy Loamy soil
42631,0.8110716651870262,-1.0687588504872214,-1.621075937294595,-0.8975029591088394,0.4251700192479687,-0.743530662802646,0.17795681451493492,0.8659994201927002,0.39717036390888316,0.47326180400941475,0.1234545191240808,-0.16451296771182783,51,tinda,sandy Loamy soil
42636,0.8110716651870262,-1.0687588504872214,-1.621075937294595,-0.8975029591088394,0.4251700192479687,-0.743530662802646,0.6897774417819738,0.5940497503915194,0.4317195421707623,-0.6179194538194539,0.4209146380797738,-0.3248574114358716,51,tinda,sandy Loamy soil
42641,0.8110716651870262,-1.0687588504872214,-1.621075937294595,-0.8975029591088394,0.7329218983188477,-0.743530662802646,0.8092022548109493,0.6347439734267838,0.5440043715218695,0.02377792544576145,0.45590994619220837,-0.047898826821614275,51,tinda,sandy Loamy soil
42682,0.8110716651870262,-1.0687588504872214,0.9207565056983947,-0.8975029591088394,0.27129407971252784,-0.743530662802646,0.33150300269504634,0.15062304421415618,0.3064787709714498,0.12727750274660266,0.006803492082632595,-0.36129933046406343,51,tinda,sandy Loamy soil
42683,0.8110716651870262,-1.0687588504872214,-0.09597647149880119,-0.8975029591088394,0.27129407971252784,-0.743530662802646,0.5703526287529982,0.5558813756825821,0.172600705206668,-0.12407861355544027,-0.19733580523990177,-0.08798493775262503,51,tinda,sandy Loamy soil
42767,0.8110716651870262,-1.0687588504872214,0.9207565056983947,-0.8975029591088394,0.27129407971252784,-0.743530662802646,0.55329194117743,0.7955563168695869,0.38853306934341325,0.22781994926742,-0.08651732955052564,0.10151304119397209,51,tinda,sandy Loamy soil
42777,0.8110716651870262,-1.0687588504872214,0.9207565056983947,-0.8975029591088394,0.11741814017708838,-0.743530662802646,0.7750808796598135,0.7394263540623258,0.5094551932599904,0.041520710125905906,0.5958911786419462,-0.12078266487799784,51,tinda,sandy Loamy soil
42794,0.8110716651870262,-1.0687588504872214,-0.6043429600973992,-0.8975029591088394,0.5790459587834081,-0.743530662802646,0.7750808796598135,0.1610070873334996,0.4619500731499067,0.5412758119499674,0.2051102380530949,0.10880142499961055,51,tinda,sandy Loamy soil
42798,0.8110716651870262,-1.0687588504872214,-0.09597647149880119,-0.8975029591088394,0.8867978378542885,-0.743530662802646,0.3485636902706145,0.869647867775172,0.48354330956358127,0.37863361904864556,0.40924953537562925,-0.47062508754863874,51,tinda,sandy Loamy soil
42813,0.8110716651870262,-1.0687588504872214,-0.09597647149880119,-0.8975029591088394,-0.19033373889379193,-0.743530662802646,0.3656243778461821,0.7652461369536661,0.27624823999230536,-0.46414865325820426,0.6367190381064531,-0.38680867378379774,51,tinda,sandy Loamy soil
42822,0.8110716651870262,-1.0687588504872214,0.9207565056983947,-0.8975029591088394,0.27129407971252784,-0.743530662802646,0.7750808796598135,0.5760881622931956,0.31079741825418505,0.2633055186277085,-0.4189727566186532,-0.32121321953305265,51,tinda,sandy Loamy soil
42844,0.8110716651870262,-1.0687588504872214,-0.6043429600973992,-0.8975029591088394,0.11741814017708838,-0.743530662802646,0.33150300269504634,0.44193755118384154,0.3410279492333289,-0.12112148277541598,0.520068011065005,0.05413854645732288,51,tinda,sandy Loamy soil
42877,0.8110716651870262,-1.0687588504872214,0.9207565056983947,-0.8975029591088394,0.7329218983188477,-0.743530662802646,0.5874133163285657,0.6782446946024112,0.4317195421707623,-0.04423608249479126,-0.22649856200026383,-0.34672256285278674,51,tinda,sandy Loamy soil
42882,0.8110716651870262,-1.0687588504872214,0.9207565056983947,-0.8975029591088394,-0.036457799358352465,-0.743530662802646,0.22913887724163892,0.5325874411175682,0.267610945426836,0.48804745790953497,0.39758443267148424,-0.33578998714432934,51,tinda,sandy Loamy soil
42885,0.8110716651870262,-1.0687588504872214,0.4123900170997968,-0.8975029591088394,1.0406737773897279,-0.743530662802646,0.877445005113221,0.4161177682925013,0.47058736771537607,0.30766248032806903,-0.10984753495881562,0.01769662742913109,51,tinda,sandy Loamy soil
42913,0.8110716651870262,-1.0687588504872214,-0.09597647149880119,-0.8975029591088394,1.0406737773897279,-0.743530662802646,0.7068381293575413,0.688067438093682,0.20714988346854712,0.236691341607492,-0.20316835659197385,-0.3831644818809785,51,tinda,sandy Loamy soil
42989,0.8110716651870262,-1.0687588504872214,-0.6043429600973992,-0.8975029591088394,0.27129407971252784,-0.743530662802646,0.8092022548109493,0.8572992759575743,0.38421442206067796,0.11544897962650677,-0.31398683228135,-0.33943417904714857,51,tinda,sandy Loamy soil
43035,-1.195620631292194,-1.0687588504872214,0.4123900170997968,1.114202454544477,-1.1135893761064315,0.7681660144428801,-0.5044706885077835,1.5620109590027387,0.4619500731499067,-0.5942624075792615,0.6017237299940186,-0.5507973094106607,16,chowchow,Laterite soil
43123,-1.195620631292194,-1.0687588504872214,-0.09597647149880119,1.114202454544477,-1.2674653156418723,0.7681660144428801,-0.8115630648680069,1.0590864922496785,0.31511606553691973,-0.10042156731524766,-0.261493870112698,-0.2993480681161375,16,chowchow,Laterite soil
43178,-1.100063855269374,-1.0687588504872214,-0.09597647149880119,-0.8975029591088394,-0.8058374970355525,0.7681660144428801,-0.5044706885077835,1.0621736402040776,0.3798957747779433,-0.40796316843774744,0.36842167591112224,-0.040610443015975814,16,chowchow,Loamy soil
43196,-1.100063855269374,-1.0687588504872214,-1.621075937294595,-0.8975029591088394,-0.49808561796467227,0.7681660144428801,-0.7603810021413029,1.2948323360401754,0.3669398329297387,0.3401909189083332,0.3392589191507602,-0.46333670374300057,16,chowchow,Loamy soil
43219,-1.195620631292194,-1.0687588504872214,-0.6043429600973992,1.114202454544477,-0.3442096784292314,0.7681660144428801,-1.1186554412282304,1.4702384698128665,0.21146853075128177,-0.37839186063750707,-0.01069416197358447,-0.4414715523260854,16,chowchow,Laterite soil
43234,-1.100063855269374,-1.0687588504872214,-0.6043429600973992,-0.8975029591088394,-1.1135893761064315,0.7681660144428801,-0.7945023772924388,1.0947290186322893,0.1855566470548726,-0.5824338844591654,-0.34314958904171206,-0.27019453289358397,16,chowchow,Loamy soil
43313,-1.195620631292194,-1.0687588504872214,-0.09597647149880119,1.114202454544477,-0.8058374970355525,0.7681660144428801,-0.9821699406236866,1.648451101725921,0.20283123618581245,0.48804745790953497,0.012636043434705087,-0.5835950365360334,16,chowchow,Laterite soil
43326,-1.100063855269374,-1.0687588504872214,-1.621075937294595,-0.8975029591088394,-0.8058374970355525,0.7681660144428801,-0.5897741263856233,1.027373063263576,0.37557712749520866,-0.27193515255664197,-0.44230296202694275,-0.4013854413950744,16,chowchow,Loamy soil
43363,-1.195620631292194,-1.0687588504872214,-0.09597647149880119,1.114202454544477,-0.9597134365709921,0.7681660144428801,-0.4874100009322159,1.3422621546123108,0.565597607935544,0.4348191038691024,0.23427299481345693,-0.2774829166992224,16,chowchow,Laterite soil
43364,-1.100063855269374,-1.0687588504872214,-0.6043429600973992,-0.8975029591088394,-1.421341255177312,0.7681660144428801,-0.9821699406236866,1.680725830340096,0.4749060149981113,-0.36656333751741077,0.47340760024842543,-0.32121321953305265,16,chowchow,Loamy soil
43376,-1.100063855269374,-1.0687588504872214,-1.621075937294595,-0.8975029591088394,-0.3442096784292314,0.7681660144428801,-1.0845340660770946,1.030179561403939,0.29784147640597985,-0.13590713667553617,0.22844044346138445,0.0650711221657803,16,chowchow,Loamy soil
43413,-1.195620631292194,-1.0687588504872214,-0.09597647149880119,1.114202454544477,-0.9597134365709921,0.7681660144428801,-0.5044706885077835,1.55274951513954,0.21146853075128177,0.18642011834708333,-0.05735457279016359,-0.2957038762133183,16,chowchow,Laterite soil
43421,-1.195620631292194,-1.0687588504872214,-1.621075937294595,1.114202454544477,-0.8058374970355525,0.7681660144428801,-0.7945023772924388,1.7034584652770366,0.4662687204326414,-0.13590713667553617,0.15261727588444285,-0.4487599361317239,16,chowchow,Laterite soil
43450,-1.100063855269374,-1.0687588504872214,0.4123900170997968,-0.8975029591088394,-0.9597134365709921,0.7681660144428801,-0.9309878778969826,1.5665013560273193,0.4360381894534969,-0.43753447623798775,0.6542166921626702,-0.19731069483720037,16,chowchow,Loamy soil
43465,-1.195620631292194,-1.0687588504872214,0.4123900170997968,1.114202454544477,-0.19033373889379193,0.7681660144428801,-0.6921382518390313,1.3568559449421986,0.3410279492333289,0.39637640372879,0.49090525430464294,-0.24104099767103063,16,chowchow,Laterite soil
43477,-1.195620631292194,-1.0687588504872214,0.9207565056983947,1.114202454544477,-1.2674653156418723,0.7681660144428801,-0.4874100009322159,1.0590864922496785,0.5440043715218695,-0.08859304419515178,0.28093340563003605,-0.2774829166992224,16,chowchow,Laterite soil
43491,-1.195620631292194,-1.0687588504872214,-1.621075937294595,1.114202454544477,-0.6519615575001118,0.7681660144428801,-0.5897741263856233,1.194640352429214,0.5871908443492186,-0.5617339689989973,0.6017237299940186,-0.08434074584980605,16,chowchow,Laterite soil
43514,-1.100063855269374,-1.0687588504872214,-0.6043429600973992,-0.8975029591088394,-1.2674653156418723,0.7681660144428801,-0.6921382518390313,1.567904605097501,0.5526416660873394,-0.5469483150988771,0.3334263677986877,0.08693627358269543,16,chowchow,Loamy soil
43515,-1.195620631292194,-1.0687588504872214,0.4123900170997968,1.114202454544477,-1.2674653156418723,0.7681660144428801,-0.8115630648680069,1.6523801991224287,0.5094551932599904,0.48509032712951106,0.2459380975176015,-0.41596220900635106,16,chowchow,Laterite soil
43520,-1.100063855269374,-1.0687588504872214,0.4123900170997968,-0.8975029591088394,-1.2674653156418723,0.7681660144428801,-0.5215313760833518,1.5802531969150986,0.3712584802124734,0.2928768264279488,-0.28482407552098793,0.10515723309679133,16,chowchow,Loamy soil
43521,-1.195620631292194,-1.0687588504872214,-1.621075937294595,1.114202454544477,-0.8058374970355525,0.7681660144428801,-0.6409561891123273,0.8789093116383699,0.4187636003225577,0.4259477115290304,0.44424484348806337,-0.47062508754863874,16,chowchow,Laterite soil
43524,-1.100063855269374,-1.0687588504872214,-0.6043429600973992,-0.8975029591088394,-0.9597134365709921,0.7681660144428801,-0.9821699406236866,1.362468941222925,0.3064787709714498,-0.11816435199539212,0.47924015160049793,0.10515723309679133,16,chowchow,Loamy soil
43541,-1.195620631292194,-1.0687588504872214,-1.621075937294595,1.114202454544477,-1.729093134248192,0.7681660144428801,-0.9651092530481183,1.4455412861776717,0.3064787709714498,-0.014664774694550914,-0.06901967549430858,-0.20824327054565808,16,chowchow,Laterite soil
43551,-1.195620631292194,-1.0687588504872214,-1.621075937294595,1.114202454544477,-1.1135893761064315,0.7681660144428801,-0.9651092530481183,1.647609152283812,0.2330617671649563,-0.14477852901560817,0.240105546165529,-0.15722458390618962,16,chowchow,Laterite soil
43560,-1.100063855269374,-1.0687588504872214,0.4123900170997968,-0.8975029591088394,-1.5752171947127527,0.7681660144428801,-0.6580168766878955,1.4070922616546977,0.3539838910815341,-0.5735624921190934,-0.06901967549430858,-0.10256170536390195,16,chowchow,Loamy soil
43597,-1.195620631292194,-1.0687588504872214,0.9207565056983947,1.114202454544477,-0.9597134365709921,0.7681660144428801,-1.0674733785015265,1.4539607805987609,0.22874311988222162,-0.4759771763783001,0.5725609732336566,-0.28112710860204165,16,chowchow,Laterite soil
43618,-1.100063855269374,-1.0687588504872214,-0.09597647149880119,-0.8975029591088394,-1.5752171947127527,0.7681660144428801,-0.5215313760833518,1.7096327611858353,0.5958281389146886,-0.020579036254599066,0.3100961623903981,-0.5653740770219374,16,chowchow,Loamy soil
43621,-1.195620631292194,-1.0687588504872214,-1.621075937294595,1.114202454544477,-0.8058374970355525,0.7681660144428801,-0.5215313760833518,1.317564970977116,0.4403568367362322,0.32540526500821304,0.4325797407839188,-0.18637811912874294,16,chowchow,Laterite soil
43637,-1.195620631292194,-1.0687588504872214,0.9207565056983947,1.114202454544477,-0.6519615575001118,0.7681660144428801,-1.0504126909259581,1.2591898096575644,0.531048429673665,0.18642011834708333,-0.22066601064819133,-0.55444150131348,16,chowchow,Laterite soil
43727,-1.195620631292194,-1.0687588504872214,0.9207565056983947,1.114202454544477,-1.1135893761064315,0.7681660144428801,-0.5727134388100558,1.2485251167241849,0.38853306934341325,-0.3281206373770984,-0.45396806473108775,-0.040610443015975814,16,chowchow,Laterite soil
43745,-1.195620631292194,-1.0687588504872214,0.4123900170997968,1.114202454544477,-0.9597134365709921,0.7681660144428801,-0.6750775642634631,1.6226313188345804,0.38853306934341325,-0.2660208909965938,-0.09234988090259813,-0.051543018724433246,16,chowchow,Laterite soil
43772,-1.100063855269374,-1.0687588504872214,0.9207565056983947,-0.8975029591088394,-1.1135893761064315,0.7681660144428801,-1.135716128803798,1.5774466987747355,0.2330617671649563,-0.5942624075792615,-0.16817304847953973,0.10880142499961055,16,chowchow,Loamy soil
43774,-1.100063855269374,-1.0687588504872214,-0.6043429600973992,-0.8975029591088394,-0.3442096784292314,0.7681660144428801,-0.7262596269901671,1.0585251926216057,0.22874311988222162,-0.11520722121536783,-0.23233111335233592,-0.40502963329789365,16,chowchow,Loamy soil
43776,-1.100063855269374,-1.0687588504872214,-1.621075937294595,-0.8975029591088394,-0.9597134365709921,0.7681660144428801,-0.6580168766878955,1.4155117560757868,0.172600705206668,-0.06789312873498345,0.6250539354023081,-0.4961344308683731,16,chowchow,Loamy soil
43839,-1.195620631292194,-1.0687588504872214,-0.6043429600973992,1.114202454544477,-1.2674653156418723,0.7681660144428801,-1.0674733785015265,1.4876387582831176,0.5396857242391349,0.5471900735100156,-0.3956425512103636,-0.12078266487799784,16,chowchow,Laterite soil
43860,-1.100063855269374,-1.0687588504872214,0.4123900170997968,-0.8975029591088394,-1.5752171947127527,0.7681660144428801,-0.4874100009322159,1.0228826662389947,0.5094551932599904,0.05334923324600179,0.6017237299940186,0.03956177884604621,16,chowchow,Loamy soil
43866,-1.100063855269374,-1.0687588504872214,-1.621075937294595,-0.8975029591088394,-1.421341255177312,0.7681660144428801,-0.8115630648680069,0.9513169636597367,0.3669398329297387,-0.3044635911369062,-0.19150325388782927,-0.14264781629491272,16,chowchow,Loamy soil
43885,-1.195620631292194,-1.0687588504872214,0.4123900170997968,1.114202454544477,-1.1135893761064315,0.7681660144428801,-0.8798058151702786,1.29904208325072,0.574234902501014,0.006035140765617411,0.1817800326448049,-0.3175690276302334,16,chowchow,Laterite soil
43947,-1.195620631292194,-1.0687588504872214,0.9207565056983947,1.114202454544477,-0.3442096784292314,0.7681660144428801,-0.9480485654725508,1.4842709605146818,0.1855566470548726,0.45256188854924645,0.21677534075723945,-0.32850160333869083,16,chowchow,Laterite soil
43999,-1.195620631292194,-1.0687588504872214,-0.6043429600973992,1.114202454544477,-0.6519615575001118,0.7681660144428801,-0.5385920636589193,0.9504750142176279,0.3453465965160642,0.08587767182626642,-0.08651732955052564,-0.3248574114358716,16,chowchow,Laterite soil
44010,0.8110716651870262,-1.0687588504872214,0.4123900170997968,-0.8975029591088394,1.5023015959960477,-0.5640166823797398,-0.2144389997231283,0.6510216626408895,0.31079741825418505,0.3106196111080929,-0.3956425512103636,-0.5325763498965649,17,cluster bean,sandy Loamy soil
44016,0.8110716651870262,-1.0687588504872214,-1.621075937294595,-0.8975029591088394,1.0406737773897279,-0.5224450237554877,-0.2485603748742641,0.18963336836520264,0.21578717803401704,-0.10042156731524766,-0.2498287674085534,0.01769662742913109,17,cluster bean,sandy Loamy soil
44025,0.8110716651870262,-1.0687588504872214,0.4123900170997968,1.114202454544477,1.5023015959960477,-0.537561990527943,-0.1291355618452885,0.08551228735773309,0.522411135108195,-0.03536469015471924,-0.4014751025624361,-0.49977862277119234,17,cluster bean,sandy Loamy soil
44026,0.8110716651870262,-1.0687588504872214,-1.621075937294595,-0.8975029591088394,1.8100534750669282,-0.883362605447857,-0.11207487426972029,0.5278163942789516,0.22874311988222162,-0.5676482305590452,-0.3664797944500016,0.04320597074886519,17,cluster bean,sandy Loamy soil
44034,0.8110716651870262,-1.0687588504872214,-0.6043429600973992,-0.8975029591088394,1.1945497169251689,-0.40906777296207325,-0.2826817500253999,0.672351048507649,0.5699162552182794,-0.13590713667553617,-0.09818243225467063,-0.3795202899781593,17,cluster bean,sandy Loamy soil
44036,0.8110716651870262,-1.0687588504872214,-1.621075937294595,-0.8975029591088394,0.7329218983188477,-0.5054384361364757,-0.23149968729869652,0.4410956017417328,0.4187636003225577,-0.3399491604971947,0.6775468975709598,-0.18637811912874294,17,cluster bean,sandy Loamy soil
44037,0.8110716651870262,-1.0687588504872214,0.9207565056983947,1.114202454544477,1.3484256564606083,-0.720855212643963,-0.3338638127521039,0.29010600179020035,0.32375336010238964,0.2159914261473237,0.520068011065005,-0.09162912965544426,17,cluster bean,sandy Loamy soil
44077,0.8110716651870262,-1.0687588504872214,0.9207565056983947,1.114202454544477,2.271681293673248,-0.7529787670354305,-0.6068348139611915,0.6131339377459881,0.31079741825418505,0.34610518046838135,0.6017237299940186,-0.43418316852044697,17,cluster bean,sandy Loamy soil
44126,0.8110716651870262,-1.0687588504872214,-1.621075937294595,-0.8975029591088394,0.7329218983188477,-0.5791336491521949,-0.3679851879032397,0.29880614602532557,0.4576314258671715,0.47326180400941475,-0.4714657187873048,-0.46333670374300057,17,cluster bean,sandy Loamy soil
44159,0.8110716651870262,-1.0687588504872214,-0.6043429600973992,1.114202454544477,2.733309112279569,-0.3769442185706058,-0.5044706885077835,0.39591098168188776,0.2330617671649563,-0.5913052767992376,0.6075562813460911,-0.08069655394698683,17,cluster bean,sandy Loamy soil
44257,0.8110716651870262,-1.0687588504872214,0.9207565056983947,1.114202454544477,2.4255572332086874,-0.807777771585581,-0.11207487426972029,0.47758007756645254,0.5094551932599904,0.47621893478943905,0.40924953537562925,-0.5908834203416719,17,cluster bean,sandy Loamy soil
44260,0.8110716651870262,-1.0687588504872214,0.4123900170997968,-0.8975029591088394,0.7329218983188477,-0.7454202836492028,-0.5727134388100558,0.31648708430961303,0.27624823999230536,-0.03536469015471924,0.6542166921626702,-0.16451296771182783,17,cluster bean,sandy Loamy soil
44297,0.8110716651870262,-1.0687588504872214,0.9207565056983947,1.114202454544477,2.733309112279569,-0.6339326537023454,-0.4703493133566477,0.12031286429823528,0.17691935248940266,0.40229066528883817,0.3742542272631947,-0.2738387247964032,17,cluster bean,sandy Loamy soil
44303,0.8110716651870262,-1.0687588504872214,-0.09597647149880119,1.114202454544477,2.1178053541378086,-0.866356017828845,-0.3338638127521039,0.32350332966052064,0.2546550035786308,0.006035140765617411,0.04179880019506714,-0.5726624608275759,17,cluster bean,sandy Loamy soil
44333,0.8110716651870262,-1.0687588504872214,-0.09597647149880119,1.114202454544477,1.6561775355314885,-0.5942506159246501,-0.4191672506299437,0.8494410811645579,0.4489941313017015,-0.5114627457385886,-0.1798381511836843,-0.33578998714432934,17,cluster bean,sandy Loamy soil
44341,0.8110716651870262,-1.0687588504872214,-1.621075937294595,1.114202454544477,0.8867978378542885,-0.5885817533849794,-0.0438321239674487,0.7846109741221714,0.31511606553691973,-0.07085025951500731,-0.08651732955052564,-0.02238948350187992,17,cluster bean,sandy Loamy soil
44347,0.8110716651870262,-1.0687588504872214,0.9207565056983947,1.114202454544477,2.5794331727441295,-0.5961402367712072,-0.5215313760833518,0.6061176923950805,0.41012630575708775,0.1598059413268673,0.4150820867277013,-0.4560483199373621,17,cluster bean,sandy Loamy soil
44484,0.8110716651870262,-1.0687588504872214,-0.6043429600973992,-0.8975029591088394,1.963929414602369,-0.4411913273535407,-0.3679851879032397,0.2909479512323091,0.5871908443492186,-0.552862576658925,-0.12734518901503267,0.03956177884604621,17,cluster bean,sandy Loamy soil
44493,0.8110716651870262,-1.0687588504872214,-0.09597647149880119,1.114202454544477,1.0406737773897279,-0.8814729846013002,-0.6409561891123273,0.07091849702784538,0.20714988346854712,0.24260560316754018,-0.4714657187873048,-0.2155316543512963,17,cluster bean,sandy Loamy soil
44504,0.8110716651870262,-1.0687588504872214,-0.6043429600973992,-0.8975029591088394,2.733309112279569,-0.7114071084111785,-0.09501418669415271,0.4467085980224589,0.36262118564700346,-0.16252131369575262,0.1934451353489499,0.11973400070806799,17,cluster bean,sandy Loamy soil
44509,0.8110716651870262,-1.0687588504872214,-0.6043429600973992,1.114202454544477,1.6561775355314885,-0.5980298576177641,-0.0779534991185845,0.035556620459270764,0.3064787709714498,-0.4552772609181318,-0.14484284307124975,-0.09162912965544426,17,cluster bean,sandy Loamy soil
44537,0.8110716651870262,-1.0687588504872214,0.9207565056983947,1.114202454544477,2.271681293673248,-0.46764601920533755,-0.4191672506299437,0.5182743006017169,0.29784147640597985,0.06813488714612197,0.251770648869674,-0.3977412494922552,17,cluster bean,sandy Loamy soil
44711,0.8110716651870262,-1.0687588504872214,-1.621075937294595,1.114202454544477,0.5790459587834081,-0.6755043123265974,-0.3338638127521039,0.6698252001813221,0.29352282912324523,0.387505011388718,0.5259005624170775,-0.3831644818809785,17,cluster bean,sandy Loamy soil
44733,0.8110716651870262,-1.0687588504872214,-0.09597647149880119,1.114202454544477,2.4255572332086874,-0.4279639814276423,-0.5385920636589193,0.7756301800730095,0.2805668872750406,-0.11520722121536783,0.5492307678253671,-0.007812715890603261,17,cluster bean,sandy Loamy soil
44785,0.8110716651870262,-1.0687588504872214,0.4123900170997968,1.114202454544477,1.5023015959960477,-0.7095174875646216,-0.4191672506299437,0.03667921971541593,0.5094551932599904,-0.3961346453176511,0.36842167591112224,-0.2118874624484773,17,cluster bean,sandy Loamy soil
44818,0.8110716651870262,-1.0687588504872214,-0.09597647149880119,-0.8975029591088394,0.7329218983188477,-0.5526789573003984,-0.026771436391880492,0.4969449147349579,0.39717036390888316,0.2159914261473237,0.030133697490922567,0.08693627358269543,17,cluster bean,sandy Loamy soil
44819,0.8110716651870262,-1.0687588504872214,-0.6043429600973992,1.114202454544477,1.5023015959960477,-0.7888815631200119,-0.0608928115430169,0.476176828496271,0.5440043715218695,0.31653387266814104,0.6542166921626702,-0.05883140253007171,17,cluster bean,sandy Loamy soil
44822,0.8110716651870262,-1.0687588504872214,0.9207565056983947,-0.8975029591088394,1.6561775355314885,-0.8058881507390239,-0.3168031251765363,0.1924398665055657,0.2589736508613661,0.008992271545641278,-0.45980061608316025,-0.5653740770219374,17,cluster bean,sandy Loamy soil
44837,0.8110716651870262,-1.0687588504872214,0.9207565056983947,1.114202454544477,2.5794331727441295,-0.7397514211095321,-0.3850458754788079,0.6089241905354436,0.28920418184051055,0.32540526500821304,-0.06318712414223608,-0.40502963329789365,17,cluster bean,sandy Loamy soil
44867,0.8110716651870262,-1.0687588504872214,0.9207565056983947,1.114202454544477,1.1945497169251689,-0.45441867327943913,-0.5727134388100558,0.5758075124791596,0.267610945426836,0.3668050959285497,0.3859193299673393,-0.11349428107235938,17,cluster bean,sandy Loamy soil
44868,0.8110716651870262,-1.0687588504872214,-0.09597647149880119,-0.8975029591088394,1.1945497169251689,-0.537561990527943,-0.09501418669415271,0.7789979778414453,0.40148901119161784,-0.002836251574454608,-0.13317774036710517,0.11973400070806799,17,cluster bean,sandy Loamy soil
44881,0.8110716651870262,-1.0687588504872214,-1.621075937294595,1.114202454544477,1.1945497169251689,-0.7473099044957598,-0.1461962494208567,0.09337048215074983,0.1855566470548726,0.4614332808893189,0.6775468975709598,-0.5908834203416719,17,cluster bean,sandy Loamy soil
44912,0.8110716651870262,-1.0687588504872214,0.9207565056983947,-0.8975029591088394,2.5794331727441295,-0.6377118953954592,-0.4703493133566477,0.8045371109187489,0.16396341064119807,0.39637640372879,-0.4189727566186532,-0.5763066527303952,17,cluster bean,sandy Loamy soil
44947,0.8110716651870262,-1.0687588504872214,0.9207565056983947,1.114202454544477,1.1945497169251689,-0.8984795722203125,-0.2826817500253999,0.47028318240150885,0.37557712749520866,-0.19800688305604114,0.5142354597129325,0.028629203137588523,17,cluster bean,sandy Loamy soil
44948,0.8110716651870262,-1.0687588504872214,-0.09597647149880119,-0.8975029591088394,1.963929414602369,-0.5092176778295893,0.024410626334822903,0.5971368983459185,0.3496652437987988,-0.34290629127721856,-0.19150325388782927,-0.37587609807534034,17,cluster bean,sandy Loamy soil
44953,0.8110716651870262,-1.0687588504872214,-0.09597647149880119,1.114202454544477,2.4255572332086874,-0.8096673924321377,-0.2826817500253999,0.2235919958635957,0.30216012368871514,-0.37839186063750707,0.520068011065005,-0.5580856932162992,17,cluster bean,sandy Loamy soil
44958,0.8110716651870262,-1.0687588504872214,-0.09597647149880119,-0.8975029591088394,2.5794331727441295,-0.5148865403692603,-0.2144389997231283,0.24436008210228227,0.3453465965160642,0.3549765728084534,0.6542166921626702,-0.32850160333869083,17,cluster bean,sandy Loamy soil
44968,0.8110716651870262,-1.0687588504872214,-0.09597647149880119,-0.8975029591088394,2.4255572332086874,-0.5281138862951584,-0.2485603748742641,0.7234293146622562,0.5699162552182794,0.17459159522698744,0.10595686506786374,0.035917586943226984,17,cluster bean,sandy Loamy soil
44980,0.8110716651870262,-1.0687588504872214,0.4123900170997968,-0.8975029591088394,1.5023015959960477,-0.6490496204748005,-0.5727134388100558,0.571597765268615,0.22874311988222162,-0.5617339689989973,-0.3664797944500016,-0.12807104868363606,17,cluster bean,sandy Loamy soil
44990,0.8110716651870262,-1.0687588504872214,0.4123900170997968,-0.8975029591088394,2.271681293673248,-0.6755043123265974,-0.1973783121475601,0.8477571822803402,0.4662687204326414,0.11840611040653064,-0.3489821403937841,-0.24104099767103063,17,cluster bean,sandy Loamy soil
45034,0.8110716651870262,-1.0687588504872214,-0.6043429600973992,-0.8975029591088394,-1.5752171947127527,-0.6188156869298902,0.7921415672353811,0.08326708884544276,0.28488553455777527,-0.03240755937469495,-0.21483345929611883,-0.5034228146740116,54,vegetable cowpea,sandy Loamy soil
45049,0.8110716651870262,-1.0687588504872214,-0.6043429600973992,1.114202454544477,-0.9597134365709921,-0.6377118953954592,-0.5897741263856233,0.22892434233028544,0.522411135108195,0.36976222670857356,0.49090525430464294,-0.4268947847148088,54,vegetable cowpea,sandy Loamy soil
45079,0.8110716651870262,-1.0687588504872214,-0.6043429600973992,1.114202454544477,-1.5752171947127527,-0.8947003305271986,-0.0608928115430169,0.10543842415431087,0.20283123618581245,0.39637640372879,0.21677534075723945,-0.4378273604232662,54,vegetable cowpea,sandy Loamy soil
45102,0.8110716651870262,-1.0687588504872214,0.9207565056983947,-0.8975029591088394,-1.2674653156418723,-0.9117069181462107,-0.2144389997231283,0.8491604313505218,0.2589736508613661,0.2840054340878768,-0.40730765391450824,0.0942246573883339,54,vegetable cowpea,sandy Loamy soil
45115,0.8110716651870262,-1.0687588504872214,0.4123900170997968,1.114202454544477,-1.5752171947127527,-0.45630829412599594,-0.4362279382055119,0.8373731391609968,0.4749060149981113,-0.44640586857805975,0.07096155695542919,-0.05518721062725248,54,vegetable cowpea,sandy Loamy soil
45118,0.8110716651870262,-1.0687588504872214,-0.09597647149880119,-0.8975029591088394,-0.9597134365709921,-1.0742143109501048,-0.009710748816312897,0.667018702040959,0.42308224760529234,-0.5055484841785405,0.15261727588444285,-0.5252879660909264,54,vegetable cowpea,sandy Loamy soil
45140,0.8110716651870262,-1.0687588504872214,0.4123900170997968,-0.8975029591088394,-1.421341255177312,-0.5413412322210568,-0.1291355618452885,0.7349359570377452,0.4489941313017015,-0.056064605614887145,0.263435751573819,0.046850162651684416,54,vegetable cowpea,sandy Loamy soil
45191,0.8110716651870262,-1.0687588504872214,-1.621075937294595,1.114202454544477,-1.421341255177312,-0.9022588139134262,-0.4703493133566477,0.6165017355144239,0.37557712749520866,-0.3369920297171704,-0.29065662687306,0.0832920816798762,54,vegetable cowpea,sandy Loamy soil
45205,0.8110716651870262,-1.0687588504872214,0.4123900170997968,1.114202454544477,-1.5752171947127527,-0.9589474393101334,-0.1461962494208567,0.0928091825226771,0.22442447259948697,0.12136324118655492,0.5608958705295116,-0.20824327054565808,54,vegetable cowpea,sandy Loamy soil
45209,0.8110716651870262,-1.0687588504872214,-0.6043429600973992,1.114202454544477,-1.2674653156418723,-0.9135965389927676,0.05853200148595931,0.8236212982732175,0.20283123618581245,0.16572020288691544,-0.3956425512103636,-0.42325059281198957,54,vegetable cowpea,sandy Loamy soil
45235,0.8110716651870262,-1.0687588504872214,0.4123900170997968,1.114202454544477,-1.1135893761064315,-0.7945504256596825,0.55329194117743,0.8205341503188185,0.531048429673665,-0.13295000589551229,0.4384122921359913,0.10880142499961055,54,vegetable cowpea,sandy Loamy soil
45239,0.8110716651870262,-1.0687588504872214,-0.6043429600973992,1.114202454544477,-1.2674653156418723,-0.9249342640721091,-0.3338638127521039,0.8017306127783859,0.4619500731499067,-0.6001766691393097,-0.19733580523990177,-0.029677867307518382,54,vegetable cowpea,sandy Loamy soil
45261,0.8110716651870262,-1.0687588504872214,-1.621075937294595,1.114202454544477,-1.421341255177312,-0.743530662802646,-0.2144389997231283,0.09758022936129443,0.3928517166261479,-0.19504975227601684,-0.02235926467772946,0.06871531406859954,54,vegetable cowpea,sandy Loamy soil
45278,0.8110716651870262,-1.0687588504872214,-0.09597647149880119,-0.8975029591088394,-1.1135893761064315,-0.6282637911626747,-0.29974243760096814,0.17391697877916945,0.2805668872750406,-0.22166392929623333,-0.44230296202694275,-0.6054601879529484,54,vegetable cowpea,sandy Loamy soil
45311,0.8110716651870262,-1.0687588504872214,-1.621075937294595,1.114202454544477,-1.5752171947127527,-0.90603805560654,0.55329194117743,0.07709279293664391,0.3280720073851243,-0.26010662943654567,-0.31981938363342205,0.010408243623492632,54,vegetable cowpea,sandy Loamy soil
45401,0.8110716651870262,-1.0687588504872214,-1.621075937294595,1.114202454544477,-1.5752171947127527,-0.5734647866125243,0.16089612693936672,0.8166050529223099,0.27624823999230536,0.3993335345088139,0.05346390289921213,-0.4268947847148088,54,vegetable cowpea,sandy Loamy soil
45405,0.8110716651870262,-1.0687588504872214,0.4123900170997968,1.114202454544477,-0.9597134365709921,-0.9532785767704628,0.16089612693936672,0.3308002248254647,0.22442447259948697,-0.2482781063164494,-0.19733580523990177,-0.5107111984796497,54,vegetable cowpea,sandy Loamy soil
45421,0.8110716651870262,-1.0687588504872214,-1.621075937294595,1.114202454544477,-1.421341255177312,-1.1668057324313932,0.22913887724163892,0.464389536306746,0.3496652437987988,-0.5351197919787808,0.09429176236371875,-0.430538976617628,54,vegetable cowpea,sandy Loamy soil
45440,0.8110716651870262,-1.0687588504872214,0.4123900170997968,-0.8975029591088394,-0.9597134365709921,-0.8569079135960604,0.7750808796598135,0.5278163942789516,0.2330617671649563,-0.09450730575519993,0.4967378056567154,-0.011456907793422491,54,vegetable cowpea,sandy Loamy soil
45457,0.8110716651870262,-1.0687588504872214,0.9207565056983947,1.114202454544477,-1.2674653156418723,-0.5848025116918656,-0.009710748816312897,0.21096275423196195,0.47058736771537607,-0.07972165185507976,0.46174249754428087,0.006764051720673401,54,vegetable cowpea,sandy Loamy soil
45490,0.8110716651870262,-1.0687588504872214,0.4123900170997968,-0.8975029591088394,-1.5752171947127527,-0.9249342640721091,-0.009710748816312897,0.39675293112399657,0.3928517166261479,-0.2660208909965938,-0.33148448633756705,-0.2738387247964032,54,vegetable cowpea,sandy Loamy soil
45498,0.8110716651870262,-1.0687588504872214,-0.09597647149880119,-0.8975029591088394,-1.2674653156418723,-0.8399013259770481,-0.3168031251765363,0.4885254203138687,0.48354330956358127,0.006035140765617411,0.11178941641993623,-0.4669808956458198,54,vegetable cowpea,sandy Loamy soil
45513,0.8110716651870262,-1.0687588504872214,-0.09597647149880119,1.114202454544477,-1.1135893761064315,-1.0213049272465113,-0.2826817500253999,0.37233639730283785,0.3323906546678596,0.4229905807490061,0.08262665965957418,-0.4123180171035321,54,vegetable cowpea,sandy Loamy soil
45539,0.8110716651870262,-1.0687588504872214,-0.6043429600973992,1.114202454544477,-1.1135893761064315,-0.581023269998752,0.877445005113221,0.33781647017637234,0.33670930195059423,-0.549905445878901,0.3159287137424706,0.11244561690242978,54,vegetable cowpea,sandy Loamy soil
45558,0.8110716651870262,-1.0687588504872214,-0.09597647149880119,-0.8975029591088394,-1.2674653156418723,-0.5186657820623738,0.4168064405728861,0.4885254203138687,0.40148901119161784,-0.26010662943654567,-0.045689470086019014,0.061426930262961074,54,vegetable cowpea,sandy Loamy soil
45610,0.8110716651870262,-1.0687588504872214,0.4123900170997968,-0.8975029591088394,-1.1135893761064315,-0.7964400465062393,0.8603843175376533,0.4144338694082837,0.27624823999230536,0.4614332808893189,-0.3664797944500016,-0.47426927945145797,54,vegetable cowpea,sandy Loamy soil
45631,0.8110716651870262,-1.0687588504872214,-1.621075937294595,1.114202454544477,-1.2674653156418723,-0.6925108999456094,0.1097140642126627,0.06249900260675619,0.3669398329297387,0.33427665734828504,-0.3839774485062187,-0.45969251184018134,54,vegetable cowpea,sandy Loamy soil
45688,0.8110716651870262,-1.0687588504872214,-0.09597647149880119,-0.8975029591088394,-1.5752171947127527,-0.3826130811102767,0.5874133163285657,0.789101371146752,0.4360381894534969,-0.3902203837576034,0.3450914705028327,-0.5252879660909264,54,vegetable cowpea,sandy Loamy soil
45702,0.8110716651870262,-1.0687588504872214,0.9207565056983947,-0.8975029591088394,-0.9597134365709921,-0.9948502353947146,0.8433236299620851,0.6706671496234309,0.23738041444769156,0.4259477115290304,-0.10401498360674312,-0.05518721062725248,54,vegetable cowpea,sandy Loamy soil
45715,0.8110716651870262,-1.0687588504872214,0.4123900170997968,1.114202454544477,-1.1135893761064315,-1.2083773910556452,-0.4191672506299437,0.036959869529452294,0.5267297823909303,-0.47302004559827626,-0.4131402052665807,-0.6054601879529484,54,vegetable cowpea,sandy Loamy soil
45725,0.8110716651870262,-1.0687588504872214,0.4123900170997968,1.114202454544477,-1.421341255177312,-0.7586476295751011,0.33150300269504634,0.36391690288174866,0.27624823999230536,-0.13886426745556044,0.6775468975709598,-0.41960640090917034,54,vegetable cowpea,sandy Loamy soil
45736,0.8110716651870262,-1.0687588504872214,-1.621075937294595,-0.8975029591088394,-1.421341255177312,-0.7510891461888737,0.5874133163285657,0.5974175481599553,0.4187636003225577,0.42890484230905424,-0.06318712414223608,0.10515723309679133,54,vegetable cowpea,sandy Loamy soil
45750,0.8110716651870262,-1.0687588504872214,0.4123900170997968,-0.8975029591088394,-0.9597134365709921,-0.41284701465518714,0.3656243778461821,0.2146112018144338,0.172600705206668,-0.01762190547457478,0.29259850833418105,-0.5872392284388526,54,vegetable cowpea,sandy Loamy soil
45757,0.8110716651870262,-1.0687588504872214,0.9207565056983947,1.114202454544477,-1.1135893761064315,-0.5092176778295893,-0.6750775642634631,0.14501004793343006,0.24169906173042624,-0.5232912688586847,0.1992776867010224,-0.6054601879529484,54,vegetable cowpea,sandy Loamy soil
45774,0.8110716651870262,-1.0687588504872214,-0.6043429600973992,-0.8975029591088394,-1.421341255177312,-0.5073280569830325,0.31444231511947873,0.667299351854995,0.20714988346854712,-0.46414865325820426,0.3800867786152672,-0.14264781629491272,54,vegetable cowpea,sandy Loamy soil
45820,0.8110716651870262,-1.0687588504872214,0.4123900170997968,-0.8975029591088394,-1.1135893761064315,-0.6679458289403697,0.4509278157240219,0.6538281607812525,0.48786195684631595,0.06813488714612197,0.26926830292589105,-0.28841549240767983,54,vegetable cowpea,sandy Loamy soil
45880,0.8110716651870262,-1.0687588504872214,0.4123900170997968,-0.8975029591088394,-1.5752171947127527,-0.516776161215817,-0.6750775642634631,0.09308983233671347,0.5180924878254604,0.0770062794861944,0.50840290836086,-0.4524041280345429,54,vegetable cowpea,sandy Loamy soil
45920,0.8110716651870262,-1.0687588504872214,0.4123900170997968,-0.8975029591088394,-1.1135893761064315,-1.0175256855533976,-0.6068348139611915,0.5948916998336282,0.3669398329297387,-0.3399491604971947,-0.3898099998582912,0.006764051720673401,54,vegetable cowpea,sandy Loamy soil
45931,0.8110716651870262,-1.0687588504872214,-1.621075937294595,1.114202454544477,-1.2674653156418723,-0.9759540269291456,0.31444231511947873,0.5230453474403343,0.2805668872750406,-0.3488205528372667,0.006803492082632595,0.021340819331950322,54,vegetable cowpea,sandy Loamy soil
45945,0.8110716651870262,-1.0687588504872214,0.4123900170997968,1.114202454544477,-1.1135893761064315,-1.08933127772256,-0.23149968729869652,0.4652314857488548,0.5915094916319539,-0.35473481439731486,0.3742542272631947,-0.49977862277119234,54,vegetable cowpea,sandy Loamy soil
46025,1.2888555453011261,-1.0687588504872214,0.4123900170997968,1.114202454544477,-1.421341255177312,-1.2650660164523524,-0.35092450032767214,0.4916125682682678,0.2719295927095707,0.17163446444696318,-0.045689470086019014,-0.41960640090917034,22,french bean,well-drained loamy soil
46042,1.2888555453011261,-1.0687588504872214,0.9207565056983947,-0.8975029591088394,-1.729093134248192,-1.1441302822727104,-0.5556527512344875,0.6891900373498274,0.3194347128196544,0.2810483033078525,0.40924953537562925,0.03956177884604621,22,french bean,well-drained loamy soil
46046,1.2888555453011261,-1.0687588504872214,-1.621075937294595,-0.8975029591088394,-1.5752171947127527,-1.2896310874575925,0.21207818966607073,0.25530542484969815,0.5440043715218695,0.047434971685954064,0.024301146138850073,0.010408243623492632,22,french bean,well-drained loamy soil
46099,1.2888555453011261,-1.0687588504872214,-0.6043429600973992,1.114202454544477,-1.5752171947127527,-1.1422406614261535,-0.1461962494208567,0.6608444061321601,0.5612789606528095,0.2012057722472035,0.44424484348806337,-0.26655034099076497,22,french bean,well-drained loamy soil
46134,1.2888555453011261,-1.0687588504872214,-0.6043429600973992,-0.8975029591088394,-1.5752171947127527,-1.2839622249179214,-0.5044706885077835,0.4318341578785348,0.40148901119161784,0.34906231124840525,-0.03985691873394653,0.08693627358269543,22,french bean,well-drained loamy soil
46153,1.2888555453011261,-1.0687588504872214,-0.09597647149880119,1.114202454544477,-1.5752171947127527,-1.1592472490451657,-1.8863863821287885,0.30890953933063264,0.3583025383642688,-0.6031337999193337,0.263435751573819,-0.2738387247964032,22,french bean,well-drained loamy soil
46178,1.2888555453011261,-1.0687588504872214,-0.09597647149880119,-0.8975029591088394,-1.421341255177312,-1.1214548321140274,-1.3575050672861815,0.6630896046444504,0.5526416660873394,-0.3724775990774589,0.5667284218815841,0.035917586943226984,22,french bean,well-drained loamy soil
46277,1.2888555453011261,-1.0687588504872214,0.9207565056983947,1.114202454544477,-1.421341255177312,-1.2461698079867833,-2.176418070913444,0.05379885837163065,0.4446754840189669,-0.06493599795495958,0.5958911786419462,-0.16451296771182783,22,french bean,well-drained loamy soil
46350,1.2888555453011261,-1.0687588504872214,0.4123900170997968,-0.8975029591088394,-1.5752171947127527,-1.2858518457644785,-0.35092450032767214,0.2617603705725334,0.3539838910815341,-0.21870679851620903,-0.37231234580207406,-0.12807104868363606,22,french bean,well-drained loamy soil
46370,1.2888555453011261,-1.0687588504872214,0.4123900170997968,-0.8975029591088394,-1.2674653156418723,-1.2102670119022023,-1.1527768163793661,0.17391697877916945,0.4360381894534969,0.45551901932927075,0.11762196777200873,-0.47062508754863874,22,french bean,well-drained loamy soil
46373,1.2888555453011261,-1.0687588504872214,-0.09597647149880119,1.114202454544477,-0.9597134365709921,-1.2216047369815435,-1.7840222566753805,0.24548268135842743,0.5180924878254604,-0.04127895171476697,0.024301146138850073,0.09786884929115286,22,french bean,well-drained loamy soil
46376,1.2888555453011261,-1.0687588504872214,-1.621075937294595,-0.8975029591088394,-1.5752171947127527,-1.3085272959231615,-2.295842883942419,0.8674026692628817,0.4619500731499067,0.31653387266814104,0.520068011065005,-0.27019453289358397,22,french bean,well-drained loamy soil
46392,1.2888555453011261,-1.0687588504872214,0.9207565056983947,-0.8975029591088394,-1.2674653156418723,-1.257507533066125,-0.9821699406236866,0.16297163603175358,0.49218060412905057,0.49987598102963127,-0.10401498360674312,-0.2592619571851265,22,french bean,well-drained loamy soil
46408,1.2888555453011261,-1.0687588504872214,-0.09597647149880119,-0.8975029591088394,-1.1135893761064315,-1.2669556372989095,-1.7669615690998126,0.31536448505346787,0.4533127785844368,0.43186197308907853,-0.05152202143809151,-0.06976397823852913,22,french bean,well-drained loamy soil
46414,1.2888555453011261,-1.0687588504872214,-0.6043429600973992,-0.8975029591088394,-1.1135893761064315,-1.2102670119022023,-1.596354693344133,0.22022419809515992,0.29352282912324523,-0.2127925369561613,0.08845921101164668,-0.011456907793422491,22,french bean,well-drained loamy soil
46415,1.2888555453011261,-1.0687588504872214,0.4123900170997968,1.114202454544477,-0.9597134365709921,-1.1233444529605845,-1.5451726306174294,0.47673812812434374,0.5569603133700741,-0.41979169155784374,-0.1740055998316118,-0.28112710860204165,22,french bean,well-drained loamy soil
46420,1.2888555453011261,-1.0687588504872214,0.4123900170997968,-0.8975029591088394,-1.2674653156418723,-1.2669556372989095,-1.5622333181929973,0.5937691005774834,0.5267297823909303,0.4496047577692226,-0.2439962160564809,-0.2118874624484773,22,french bean,well-drained loamy soil
46512,1.2888555453011261,-1.0687588504872214,0.9207565056983947,-0.8975029591088394,-1.2674653156418723,-1.2782933623782509,-0.6750775642634631,0.2976835467691804,0.38421442206067796,0.1006633257263866,-0.29065662687306,0.0650711221657803,22,french bean,well-drained loamy soil
46516,1.2888555453011261,-1.0687588504872214,-1.621075937294595,-0.8975029591088394,-1.1135893761064315,-1.1970396659763038,-0.8286237524435751,0.5216420983701526,0.1985125889030772,-0.04127895171476697,-0.22066601064819133,-0.4924902389655539,22,french bean,well-drained loamy soil
46524,1.2888555453011261,-1.0687588504872214,-0.6043429600973992,-0.8975029591088394,-0.9597134365709921,-1.1970396659763038,-2.3982070093958274,0.476176828496271,0.5137738405427251,-0.1654784444757765,-0.06318712414223608,-0.12078266487799784,22,french bean,well-drained loamy soil
46552,1.2888555453011261,-1.0687588504872214,0.9207565056983947,-0.8975029591088394,-1.5752171947127527,-1.2688452581454663,0.09265337663709511,0.054640807813739437,0.24169906173042624,-0.3754347298574832,0.4384122921359913,-0.5507973094106607,22,french bean,well-drained loamy soil
46561,1.2888555453011261,-1.0687588504872214,-1.621075937294595,1.114202454544477,-1.5752171947127527,-1.1441302822727104,-0.8115630648680069,0.13799380258252242,0.3410279492333289,-0.5942624075792615,-0.3956425512103636,-0.3685877142697019,22,french bean,well-drained loamy soil
46568,1.2888555453011261,-1.0687588504872214,-0.09597647149880119,-0.8975029591088394,-1.1135893761064315,-1.2234943578281006,-0.23149968729869652,0.7840496744940987,0.33670930195059423,0.12432037196657879,0.21677534075723945,0.04320597074886519,22,french bean,well-drained loamy soil
46569,1.2888555453011261,-1.0687588504872214,-0.6043429600973992,1.114202454544477,-1.421341255177312,-1.2367217037539988,-2.517631822424803,0.34118426794480783,0.32375336010238964,-0.16252131369575262,0.4267471894318463,-0.14264781629491272,22,french bean,well-drained loamy soil
46585,1.2888555453011261,-1.0687588504872214,0.4123900170997968,1.114202454544477,-1.421341255177312,-1.1573576281986087,-0.1973783121475601,0.857860575585647,0.4403568367362322,0.3845478806086937,0.17594748129273283,-0.5435089256050223,22,french bean,well-drained loamy soil
46590,1.2888555453011261,-1.0687588504872214,0.4123900170997968,-0.8975029591088394,-1.1135893761064315,-1.2915207083041491,-0.8968665027458468,0.19917546204243697,0.5051365459772558,0.27809117252782867,-0.13317774036710517,-0.5690182689247567,22,french bean,well-drained loamy soil
46629,1.2888555453011261,-1.0687588504872214,-0.6043429600973992,1.114202454544477,-1.1135893761064315,-1.191370803436633,0.3656243778461821,0.5744042634089781,0.3669398329297387,-0.5351197919787808,0.44424484348806337,-0.4961344308683731,22,french bean,well-drained loamy soil
46662,1.2888555453011261,-1.0687588504872214,0.9207565056983947,-0.8975029591088394,-1.729093134248192,-1.214046253595316,-1.9887505075821963,0.7105194232165865,0.267610945426836,-0.42866308389791574,0.6717143462188877,-0.49977862277119234,22,french bean,well-drained loamy soil
46700,1.2888555453011261,-1.0687588504872214,0.4123900170997968,-0.8975029591088394,-1.2674653156418723,-1.249949049679897,-0.29974243760096814,0.6299729265881665,0.522411135108195,0.07109201792614625,0.012636043434705087,-0.11713847297517861,22,french bean,well-drained loamy soil
46705,1.2888555453011261,-1.0687588504872214,0.4123900170997968,1.114202454544477,-1.1135893761064315,-1.1630264907382795,-0.9992306281992548,0.8230599986451448,0.5396857242391349,0.4496047577692226,0.4384122921359913,-0.4123180171035321,22,french bean,well-drained loamy soil
46746,1.2888555453011261,-1.0687588504872214,-1.621075937294595,-0.8975029591088394,-1.2674653156418723,-1.153578386505495,-2.2617215087912834,0.20591105757930855,0.5871908443492186,-0.3162921142570025,0.3100961623903981,-0.41960640090917034,22,french bean,well-drained loamy soil
46749,1.2888555453011261,-1.0687588504872214,-0.6043429600973992,1.114202454544477,-1.421341255177312,-1.1819226992038485,-1.9375684448554924,0.5699138663843974,0.24169906173042624,0.30766248032806903,-0.27899152416891543,-0.5398647337022033,22,french bean,well-drained loamy soil
46787,1.2888555453011261,-1.0687588504872214,0.9207565056983947,1.114202454544477,-1.421341255177312,-1.2064877702090884,-0.9480485654725508,0.189914018179239,0.5915094916319539,-0.08563591341512748,-0.1856707025357568,-0.4414715523260854,22,french bean,well-drained loamy soil
46806,1.2888555453011261,-1.0687588504872214,-1.621075937294595,-0.8975029591088394,-1.1135893761064315,-1.2102670119022023,-0.40210656305437614,0.18233647320025861,0.5396857242391349,0.08292054104624214,0.10595686506786374,-0.05518721062725248,22,french bean,well-drained loamy soil
46817,1.2888555453011261,-1.0687588504872214,0.9207565056983947,1.114202454544477,-0.9597134365709921,-1.2650660164523524,-1.6304760684952693,0.7091161741464049,0.28920418184051055,0.22486281848739612,0.5375656651212221,-0.007812715890603261,22,french bean,well-drained loamy soil
46823,1.2888555453011261,-1.0687588504872214,-0.09597647149880119,1.114202454544477,-1.421341255177312,-1.1403510405795965,-0.40210656305437614,0.09000268438231404,0.41012630575708775,-0.6090480614793816,0.5842260759378015,-0.22646423005975397,22,french bean,well-drained loamy soil
46830,1.2888555453011261,-1.0687588504872214,0.4123900170997968,-0.8975029591088394,-1.1135893761064315,-1.19326042428319,0.1097140642126627,0.6585992076198698,0.565597607935544,-0.27193515255664197,-0.3664797944500016,-0.4779134713542772,22,french bean,well-drained loamy soil
46880,1.2888555453011261,-1.0687588504872214,0.4123900170997968,-0.8975029591088394,-1.5752171947127527,-1.1819226992038485,-1.8010829442509488,0.6041531436968263,0.31511606553691973,-0.029450428594671087,0.44424484348806337,-0.026033675404699152,22,french bean,well-drained loamy soil
46902,1.2888555453011261,-1.0687588504872214,0.9207565056983947,-0.8975029591088394,-1.2674653156418723,-1.234832082907442,-0.5215313760833518,0.22050484790919628,0.4489941313017015,-0.2867208064567622,-0.37231234580207406,-0.46333670374300057,22,french bean,well-drained loamy soil
46926,1.2888555453011261,-1.0687588504872214,-1.621075937294595,-0.8975029591088394,-1.1135893761064315,-1.253728291373011,-0.0779534991185845,0.3246259289166658,0.3064787709714498,0.5353615503899197,0.5433982164732946,-0.3321457952415101,22,french bean,well-drained loamy soil
47026,0.8110716651870262,1.4177413322789671,-1.1127094486959972,1.114202454544477,0.5790459587834081,-0.7510891461888737,-0.7433203145657353,0.559529823265054,0.7988045612032292,0.899088636332876,-0.3781448971541462,-0.20459907864283886,33,peas,sandy Loamy soil
47054,0.8110716651870262,1.4177413322789671,1.9374894828955906,1.114202454544477,0.5790459587834081,-0.7567580087285444,-1.0504126909259581,0.5626169712194531,-0.013101127950932786,0.5412758119499674,0.3742542272631947,-0.47062508754863874,33,peas,sandy Loamy soil
47065,0.8110716651870262,1.4177413322789671,-1.1127094486959972,1.114202454544477,0.11741814017708838,-0.7680957338078858,0.09265337663709511,0.18261712301429497,0.4403568367362322,0.23373421082746815,-0.3489821403937841,-0.1608687758090086,33,peas,sandy Loamy soil
47103,0.8110716651870262,1.4177413322789671,1.4291229942969927,1.114202454544477,1.0406737773897279,-0.7832127005803409,-2.466449759698099,0.8533701785610663,0.677882437286652,1.076516483134318,-0.37231234580207406,-0.22646423005975397,33,peas,sandy Loamy soil
47127,0.8110716651870262,1.4177413322789671,1.4291229942969927,1.114202454544477,0.7329218983188477,-0.8776937429081865,-1.2039588791060702,0.5216420983701526,0.721068910114001,0.6447753892508087,0.40341698402355675,-0.5252879660909264,33,peas,sandy Loamy soil
47146,0.8110716651870262,1.4177413322789671,-1.1127094486959972,1.114202454544477,1.0406737773897279,-0.9173757806858815,0.7409595045086778,0.2353792880531207,0.8031232084859639,0.08883480260629029,0.6367190381064531,-0.41960640090917034,33,peas,sandy Loamy soil
47155,0.8110716651870262,1.4177413322789671,-1.1127094486959972,1.114202454544477,0.5790459587834081,-0.8776937429081865,-2.12523600818674,0.76496548713963,0.5137738405427251,0.40229066528883817,0.6250539354023081,0.00311985981785443,33,peas,sandy Loamy soil
47156,0.8110716651870262,1.4177413322789671,1.9374894828955906,1.114202454544477,-0.036457799358352465,-0.864466396982288,-0.9309878778969826,0.19019466799327536,0.16828205792393272,0.2721769109677805,-0.016526713325656965,-0.5580856932162992,33,peas,sandy Loamy soil
47162,0.8110716651870262,1.4177413322789671,1.9374894828955906,1.114202454544477,1.0406737773897279,-0.8304532217442636,-0.1632569369964243,0.2502537281970448,0.7728926775068193,0.9079600286729479,0.1817800326448049,-0.3576551385612444,33,peas,sandy Loamy soil
47185,0.8110716651870262,1.4177413322789671,-1.1127094486959972,1.114202454544477,0.11741814017708838,-0.8569079135960604,0.502109878450726,0.08607358698580582,0.1337328796620536,0.4791760655694629,0.263435751573819,-0.13900362439209374,33,peas,sandy Loamy soil
47186,0.8110716651870262,1.4177413322789671,1.9374894828955906,1.114202454544477,1.1945497169251689,-0.7491995253423166,-1.5281119430418613,0.771701082676501,0.4619500731499067,0.5117045041497271,0.3100961623903981,-0.015101099696241462,33,peas,sandy Loamy soil
47190,0.8110716651870262,1.4177413322789671,1.4291229942969927,1.114202454544477,0.7329218983188477,-0.8701352595219588,-2.3299642590935554,0.8561766767014294,0.28920418184051055,1.0528594368941258,-0.2381636647044084,-0.29205968431049906,33,peas,sandy Loamy soil
47253,0.8110716651870262,1.4177413322789671,1.4291229942969927,1.114202454544477,0.11741814017708838,-0.9117069181462107,0.877445005113221,0.6765607957181936,0.47058736771537607,1.0292023906539332,0.3859193299673393,-0.29205968431049906,33,peas,sandy Loamy soil
47262,0.8110716651870262,1.4177413322789671,1.4291229942969927,1.114202454544477,0.11741814017708838,-0.8965899513737555,-0.8968665027458468,0.15062304421415618,0.4576314258671715,0.24556273394756403,-0.3606472430979291,-0.14993620010055117,33,peas,sandy Loamy soil
47289,0.8110716651870262,1.4177413322789671,1.4291229942969927,1.114202454544477,0.5790459587834081,-0.8115570132786946,0.48504919087515835,0.23453733861101156,0.33670930195059423,0.25443412628763645,0.2051102380530949,-0.43418316852044697,33,peas,sandy Loamy soil
47304,0.8110716651870262,1.4177413322789671,1.4291229942969927,1.114202454544477,0.27129407971252784,-0.7491995253423166,-2.159357383337876,0.09196723308056831,0.07327181770376531,1.0646879600142216,0.28093340563003605,-0.3685877142697019,33,peas,sandy Loamy soil
47325,0.8110716651870262,1.4177413322789671,1.4291229942969927,1.114202454544477,1.1945497169251689,-0.7680957338078858,0.4168064405728861,0.7992047644520588,0.09054640683470457,0.7157465279713857,-0.06901967549430858,0.0942246573883339,33,peas,sandy Loamy soil
47388,0.8110716651870262,1.4177413322789671,1.4291229942969927,1.114202454544477,1.0406737773897279,-0.8928107096806417,-1.2210195666816377,0.15876188882120898,0.7685740302240848,0.8074175821521306,-0.004861610621511978,0.028629203137588523,33,peas,sandy Loamy soil
47390,0.8110716651870262,1.4177413322789671,1.9374894828955906,1.114202454544477,0.4251700192479687,-0.9098172972996538,-0.2485603748742641,0.8093081577573662,0.5094551932599904,0.638861127690761,0.3100961623903981,0.0942246573883339,33,peas,sandy Loamy soil
47446,0.8110716651870262,1.4177413322789671,-1.1127094486959972,1.114202454544477,0.27129407971252784,-0.8909210888340847,-0.18031762457199252,0.21236600330214347,0.7512994410931448,0.9996310828536928,-0.06901967549430858,-0.20824327054565808,33,peas,sandy Loamy soil
47466,0.8110716651870262,1.4177413322789671,1.4291229942969927,1.114202454544477,1.3484256564606083,-0.8115570132786946,0.46798850329959013,0.7924691689151878,0.531048429673665,0.3549765728084534,0.251770648869674,-0.10620589726672092,33,peas,sandy Loamy soil
47474,0.8110716651870262,1.4177413322789671,1.9374894828955906,1.114202454544477,-0.036457799358352465,-0.8285636008977068,0.2973816275439105,0.6507410128268534,0.32375336010238964,0.9404884672532121,0.15844982723651535,-0.09527332155826349,33,peas,sandy Loamy soil
47495,0.8110716651870262,1.4177413322789671,1.9374894828955906,1.114202454544477,0.27129407971252784,-0.7907711839665686,-2.4152676969713953,0.2746702620182035,0.4749060149981113,0.5590185966301119,-0.09818243225467063,-0.28841549240767983,33,peas,sandy Loamy soil
47501,0.8110716651870262,1.4177413322789671,1.9374894828955906,1.114202454544477,-0.036457799358352465,-0.7832127005803409,-1.9887505075821963,0.08214448958929761,0.18123799977213792,-0.011707643914526628,0.2984310596862531,-0.08434074584980605,33,peas,sandy Loamy soil
47560,0.8110716651870262,1.4177413322789671,-1.1127094486959972,1.114202454544477,0.11741814017708838,-0.7964400465062393,-0.7774416897168711,0.7189389176376756,0.6346959644593029,0.6004184275504482,0.3042636110383256,-0.09527332155826349,33,peas,sandy Loamy soil
47566,0.8110716651870262,1.4177413322789671,-1.1127094486959972,1.114202454544477,0.27129407971252784,-0.8493494302098327,-1.0674733785015265,0.4565313415137296,0.48786195684631595,0.3194910034481649,0.36258912455904974,0.04320597074886519,33,peas,sandy Loamy soil
47581,0.8110716651870262,1.4177413322789671,-1.1127094486959972,1.114202454544477,1.1945497169251689,-0.8928107096806417,-1.0674733785015265,0.6827350916269919,0.37557712749520866,0.3934192729487658,0.36842167591112224,-0.1353594324892745,33,peas,sandy Loamy soil
47584,0.8110716651870262,1.4177413322789671,-1.1127094486959972,1.114202454544477,0.7329218983188477,-0.9173757806858815,-1.1698375039549345,0.42060816531708256,0.2460177090131615,0.9582312519333566,0.2984310596862531,-0.18637811912874294,33,peas,sandy Loamy soil
47585,0.8110716651870262,1.4177413322789671,1.9374894828955906,1.114202454544477,0.8867978378542885,-0.8606871552891743,-0.9821699406236866,0.4826317742191059,0.4317195421707623,0.14206315664672284,-0.31398683228135,-0.5908834203416719,33,peas,sandy Loamy soil
47594,0.8110716651870262,1.4177413322789671,1.9374894828955906,1.114202454544477,-0.036457799358352465,-0.8228947383580362,0.024410626334822903,0.8413022365575047,0.7340248519622056,0.42003344996898223,-0.16234049712746723,-0.47062508754863874,33,peas,sandy Loamy soil
47740,0.8110716651870262,1.4177413322789671,-1.1127094486959972,1.114202454544477,0.5790459587834081,-0.7907711839665686,-0.8115630648680069,0.5216420983701526,0.10350234868290915,0.147977418206771,-0.4306378593227982,-0.3139248357274142,33,peas,sandy Loamy soil
47767,0.8110716651870262,1.4177413322789671,-1.1127094486959972,1.114202454544477,0.27129407971252784,-0.9154861598393246,-0.8456844400191428,0.12536456095088866,0.2805668872750406,0.16276307210689114,0.39758443267148424,-0.514355390382469,33,peas,sandy Loamy soil
47838,0.8110716651870262,1.4177413322789671,1.4291229942969927,1.114202454544477,0.8867978378542885,-0.7964400465062393,-1.8181436318265167,0.27663481071645746,0.5612789606528095,0.674346697051049,0.251770648869674,0.03956177884604621,33,peas,sandy Loamy soil
47919,0.8110716651870262,1.4177413322789671,1.4291229942969927,1.114202454544477,0.8867978378542885,-0.8228947383580362,-0.9139271903214149,0.14023900109481274,0.07759046498649996,0.5176187657097753,0.5317331137691496,0.01769662742913109,33,peas,sandy Loamy soil
47927,0.8110716651870262,1.4177413322789671,1.9374894828955906,1.114202454544477,0.5790459587834081,-0.7775438380406703,-0.2485603748742641,0.8112727064556204,-0.008782480668198128,1.0617308292341978,0.22260789210931195,-0.026033675404699152,33,peas,sandy Loamy soil
47929,0.8110716651870262,1.4177413322789671,-1.1127094486959972,1.114202454544477,0.4251700192479687,-0.9098172972996538,-2.0399325703089,0.4158371184784652,0.15100746879299348,0.3845478806086937,-0.40730765391450824,-0.29205968431049906,33,peas,sandy Loamy soil
47944,0.8110716651870262,1.4177413322789671,-1.1127094486959972,1.114202454544477,0.27129407971252784,-0.8285636008977068,-0.7774416897168711,0.690873936234045,0.4317195421707623,0.6359039969107366,0.6833794489230323,0.07235950597141877,33,peas,sandy Loamy soil
47953,0.8110716651870262,1.4177413322789671,-1.1127094486959972,1.114202454544477,-0.036457799358352465,-0.8928107096806417,-0.009710748816312897,0.3588652062290953,-0.00014518610272819458,1.0499023061141015,0.45590994619220837,-0.11349428107235938,33,peas,sandy Loamy soil
47973,0.8110716651870262,1.4177413322789671,1.4291229942969927,1.114202454544477,0.27129407971252784,-0.7586476295751011,-0.4874100009322159,0.7253938633605105,0.20714988346854712,0.1686773336669393,0.3450914705028327,-0.1353594324892745,33,peas,sandy Loamy soil
47994,0.8110716651870262,1.4177413322789671,1.4291229942969927,1.114202454544477,0.27129407971252784,-0.7662061129613289,-1.0845340660770946,0.340342318502699,0.3410279492333289,0.30766248032806903,0.47340760024842543,-0.14629200819773194,33,peas,sandy Loamy soil
48009,0.8110716651870262,-1.0687588504872214,-0.6043429600973992,1.114202454544477,0.4251700192479687,2.0663355360274753,1.730479383891619,0.6703864998093948,0.3064787709714498,0.6920894817311934,0.08845921101164668,-0.26655034099076497,2,annual moringa,sandy Loamy soil
48073,0.8110716651870262,-1.0687588504872214,-0.09597647149880119,1.114202454544477,1.1945497169251689,2.2817523125349632,0.5703526287529982,0.8202535005047817,0.16828205792393272,0.10362045650641047,0.10012431371579124,-0.09162912965544426,2,annual moringa,sandy Loamy soil
48134,0.8110716651870262,-1.0687588504872214,-0.6043429600973992,-0.8975029591088394,1.5023015959960477,2.1683750617415485,0.9968698181421971,0.5160291020894265,0.3669398329297387,0.9434455980332365,0.39758443267148424,-0.32121321953305265,2,annual moringa,sandy Loamy soil
48163,0.8110716651870262,-1.0687588504872214,-0.09597647149880119,1.114202454544477,0.7329218983188477,2.2893107959211907,1.3722049448046916,0.7265164626166559,0.3669398329297387,0.011949402325665564,-0.29065662687306,0.11973400070806799,2,annual moringa,sandy Loamy soil
48237,0.8110716651870262,-1.0687588504872214,0.9207565056983947,1.114202454544477,1.963929414602369,2.3951295633283776,0.7409595045086778,0.6799285934866288,0.267610945426836,1.0824307446943662,0.22260789210931195,-0.011456907793422491,2,annual moringa,sandy Loamy soil
48277,0.8110716651870262,-1.0687588504872214,0.9207565056983947,1.114202454544477,1.8100534750669282,2.3875710799421497,0.9627484429910608,0.5101354559946638,0.17691935248940266,-0.029450428594671087,0.6192213840502357,-0.4414715523260854,2,annual moringa,sandy Loamy soil
48313,0.8110716651870262,-1.0687588504872214,-0.09597647149880119,1.114202454544477,1.1945497169251689,1.9756337353927442,1.30396219450242,0.299928745281471,0.2719295927095707,0.7896747974719865,-0.3606472430979291,-0.45969251184018134,2,annual moringa,sandy Loamy soil
48402,0.8110716651870262,-1.0687588504872214,0.9207565056983947,-0.8975029591088394,1.5023015959960477,2.257187241529724,0.5191705660262941,0.1579199393791002,0.5440043715218695,0.6980037432912416,0.3800867786152672,-0.46333670374300057,2,annual moringa,sandy Loamy soil
48424,0.8110716651870262,-1.0687588504872214,-0.6043429600973992,-0.8975029591088394,0.4251700192479687,2.1324722656569675,1.3380835696535565,0.29459639881478095,0.22874311988222162,0.5738042505302321,-0.06901967549430858,0.11244561690242978,2,annual moringa,sandy Loamy soil
48428,0.8110716651870262,-1.0687588504872214,-0.09597647149880119,-0.8975029591088394,0.8867978378542885,2.028543119096337,0.8945056926887891,0.6818931421848831,0.5353670769563996,0.32836239578823734,0.10012431371579124,-0.6018159960501293,2,annual moringa,sandy Loamy soil
48437,0.8110716651870262,-1.0687588504872214,0.9207565056983947,1.114202454544477,1.3484256564606083,1.9416205601547196,0.33150300269504634,0.04818586209090453,0.3280720073851243,0.5797185120902802,0.0651290056033567,-0.30663645192177574,2,annual moringa,sandy Loamy soil
48460,0.8110716651870262,-1.0687588504872214,0.4123900170997968,-0.8975029591088394,0.27129407971252784,2.2741938291487354,0.9968698181421971,0.33781647017637234,0.4403568367362322,0.08292054104624214,0.012636043434705087,-0.03696625111315659,2,annual moringa,sandy Loamy soil
48482,0.8110716651870262,-1.0687588504872214,0.9207565056983947,-0.8975029591088394,1.5023015959960477,2.4064672884077187,0.979809130566629,0.712203322100804,0.3798957747779433,0.1598059413268673,0.15844982723651535,-0.43418316852044697,2,annual moringa,sandy Loamy soil
48505,0.8110716651870262,-1.0687588504872214,0.4123900170997968,1.114202454544477,0.5790459587834081,2.0531081901015775,0.8603843175376533,0.5620556715913804,0.3798957747779433,1.1238305756147025,0.3217612650945431,-0.27019453289358397,2,annual moringa,sandy Loamy soil
48519,0.8110716651870262,-1.0687588504872214,-0.6043429600973992,1.114202454544477,1.6561775355314885,2.2023882369795733,0.5874133163285657,0.7245519139184017,0.3583025383642688,-0.03536469015471924,-0.19150325388782927,-0.4669808956458198,2,annual moringa,sandy Loamy soil
48526,0.8110716651870262,-1.0687588504872214,-1.621075937294595,-0.8975029591088394,0.8867978378542885,2.276083449995293,0.041471313910391105,0.821937399389,0.2805668872750406,1.1060877909345583,-0.3898099998582912,-0.2009548867400196,2,annual moringa,sandy Loamy soil
48529,0.8110716651870262,-1.0687588504872214,-0.6043429600973992,1.114202454544477,1.1945497169251689,2.276083449995293,1.6963580087404837,0.6925578351182626,0.4533127785844368,0.6329468661307128,0.07096155695542919,-0.21917584625411551,2,annual moringa,sandy Loamy soil
48531,0.8110716651870262,-1.0687588504872214,-1.621075937294595,1.114202454544477,1.1945497169251689,1.9491790435409475,1.1333553187467404,0.7840496744940987,0.267610945426836,0.33723378812830934,-0.045689470086019014,-0.21917584625411551,2,annual moringa,sandy Loamy soil
48592,0.8110716651870262,-1.0687588504872214,0.9207565056983947,-0.8975029591088394,-0.19033373889379193,2.198608995286459,0.05853200148595931,0.12676781002107018,0.582872197066484,-0.002836251574454608,0.22844044346138445,-0.15722458390618962,2,annual moringa,sandy Loamy soil
48607,0.8110716651870262,-1.0687588504872214,0.9207565056983947,1.114202454544477,0.27129407971252784,2.0833421236464877,1.1845373814734443,0.11441921820347278,0.3280720073851243,0.3017482187680209,-0.3898099998582912,0.010408243623492632,2,annual moringa,sandy Loamy soil
48642,0.8110716651870262,-1.0687588504872214,0.9207565056983947,-0.8975029591088394,0.8867978378542885,1.9076073849166957,0.09265337663709511,0.5182743006017169,0.31511606553691973,1.0292023906539332,0.3159287137424706,-0.011456907793422491,2,annual moringa,sandy Loamy soil
48649,0.8110716651870262,-1.0687588504872214,-0.6043429600973992,1.114202454544477,0.11741814017708838,2.2345117913710406,0.7750808796598135,0.1537101921685556,0.21578717803401704,0.8872601132127796,0.4384122921359913,-0.20824327054565808,2,annual moringa,sandy Loamy soil
48684,0.8110716651870262,-1.0687588504872214,-0.6043429600973992,-0.8975029591088394,1.963929414602369,1.9227243516891506,0.3997457529973185,0.5398843362825125,0.24169906173042624,0.05039210246597793,-0.21483345929611883,-0.0770523620441676,2,annual moringa,sandy Loamy soil
48691,0.8110716651870262,-1.0687588504872214,-1.621075937294595,1.114202454544477,1.8100534750669282,1.9510686643875044,0.041471313910391105,0.5912432522511564,0.18987529433760725,-0.03240755937469495,-0.06318712414223608,-0.029677867307518382,2,annual moringa,sandy Loamy soil
48727,0.8110716651870262,-1.0687588504872214,0.9207565056983947,1.114202454544477,1.5023015959960477,2.198608995286459,1.2698408193512847,0.5019966113876113,0.24169906173042624,1.0617308292341978,0.40924953537562925,-0.10620589726672092,2,annual moringa,sandy Loamy soil
48730,0.8110716651870262,-1.0687588504872214,0.4123900170997968,-0.8975029591088394,1.3484256564606083,2.397019184174934,1.082173256020037,0.12199676318245285,0.5440043715218695,0.9966739520736689,0.6192213840502357,-0.33578998714432934,2,annual moringa,sandy Loamy soil
48742,0.8110716651870262,-1.0687588504872214,0.9207565056983947,-0.8975029591088394,0.8867978378542885,1.9567375269271752,0.17795681451493492,0.452321594303185,0.39717036390888316,0.5324044196098955,0.018468594786777582,0.11608980880524876,2,annual moringa,sandy Loamy soil
48746,0.8110716651870262,-1.0687588504872214,-1.621075937294595,-0.8975029591088394,0.5790459587834081,2.2004986161330162,0.3997457529973185,0.20422715869509067,0.5008178986945205,1.0587736984541736,-0.028191816029801538,-0.13171524058645528,2,annual moringa,sandy Loamy soil
48811,0.8110716651870262,-1.0687588504872214,-1.621075937294595,1.114202454544477,1.3484256564606083,2.0455497067153496,0.31444231511947873,0.4239759630855184,0.5267297823909303,0.7541892281116981,0.4325797407839188,-0.5107111984796497,2,annual moringa,sandy Loamy soil
48814,0.8110716651870262,-1.0687588504872214,-0.6043429600973992,-0.8975029591088394,0.4251700192479687,2.3006485210005323,1.611054570862644,0.1890720687371302,0.3064787709714498,1.1090449217145821,0.07679410830750169,-0.5362205417993842,2,annual moringa,sandy Loamy soil
48834,0.8110716651870262,-1.0687588504872214,-0.6043429600973992,-0.8975029591088394,1.6561775355314885,1.9491790435409475,0.33150300269504634,0.3490424627378246,0.2805668872750406,0.6684324354910013,0.6075562813460911,-0.4815576632570964,2,annual moringa,sandy Loamy soil
48864,0.8110716651870262,-1.0687588504872214,-0.6043429600973992,-0.8975029591088394,0.5790459587834081,2.068225156874033,0.6727167542064055,0.7935917681713327,0.2503363562958962,0.07404914870617012,-0.10401498360674312,-0.5763066527303952,2,annual moringa,sandy Loamy soil
48868,0.8110716651870262,-1.0687588504872214,-0.09597647149880119,-0.8975029591088394,0.8867978378542885,1.9945299438583133,0.6215346914797015,0.47673812812434374,0.5396857242391349,0.8074175821521306,-0.32565193498549455,0.024985011234769292,2,annual moringa,sandy Loamy soil
48879,0.8110716651870262,-1.0687588504872214,-0.6043429600973992,1.114202454544477,0.8867978378542885,2.1173552988845126,1.4916297578336677,0.47758007756645254,0.38853306934341325,0.2810483033078525,0.012636043434705087,-0.03696625111315659,2,annual moringa,sandy Loamy soil
48903,0.8110716651870262,-1.0687588504872214,-0.09597647149880119,1.114202454544477,-0.036457799358352465,2.268524966609065,1.6963580087404837,0.23453733861101156,0.5915094916319539,0.567889988970184,-0.016526713325656965,-0.051543018724433246,2,annual moringa,sandy Loamy soil
48906,0.8110716651870262,-1.0687588504872214,-1.621075937294595,-0.8975029591088394,0.8867978378542885,1.9378413184616061,0.5191705660262941,0.08523163754369703,0.4360381894534969,0.16276307210689114,-0.09818243225467063,0.0650711221657803,2,annual moringa,sandy Loamy soil
48946,0.8110716651870262,-1.0687588504872214,-1.621075937294595,-0.8975029591088394,0.27129407971252784,2.2004986161330162,1.4916297578336677,0.19356246576171085,0.5612789606528095,0.32836239578823734,0.27510085427796355,-0.29205968431049906,2,annual moringa,sandy Loamy soil
48960,0.8110716651870262,-1.0687588504872214,0.4123900170997968,-0.8975029591088394,-0.036457799358352465,2.3837918382490364,1.4404476951069645,0.3602684552992768,0.31511606553691973,0.93161707491314,0.14678472453237076,-0.18273392722592371,2,annual moringa,sandy Loamy soil
48973,0.8110716651870262,-1.0687588504872214,-0.09597647149880119,1.114202454544477,-0.036457799358352465,2.302538141847089,0.8603843175376533,0.7966789161257325,0.49649925141178586,1.0558165676741496,-0.25566131876062587,-0.09162912965544426,2,annual moringa,sandy Loamy soil
48986,0.8110716651870262,-1.0687588504872214,-1.621075937294595,-0.8975029591088394,1.1945497169251689,2.147589232429423,0.8603843175376533,0.49638361510688517,0.24169906173042624,1.0735593523542937,-0.1740055998316118,-0.14993620010055117,2,annual moringa,sandy Loamy soil
49033,0.8110716651870262,1.4177413322789671,1.9374894828955906,-0.8975029591088394,-0.8058374970355525,-0.6490496204748005,-1.3233836921350457,0.31620643449557667,-0.44928450350715854,0.25443412628763645,2.6781120113317964,0.5606812209491886,12,carrot,sandy Loamy soil
49040,0.14217423302728616,1.4177413322789671,1.4291229942969927,-0.8975029591088394,-0.8058374970355525,-0.6490496204748005,-1.28926231698391,0.31620643449557667,-0.41041667796254416,0.8310746283923232,2.357321686967814,1.2822312177073858,12,carrot,light Loamy soil
49054,0.14217423302728616,1.4177413322789671,1.9374894828955906,-0.8975029591088394,0.27129407971252784,-0.6490496204748005,-1.5792940057685652,0.31620643449557667,-0.14266054643297993,0.25739125706766036,2.2756659680388007,0.13431076831934463,12,carrot,light Loamy soil
49093,0.8110716651870262,1.4177413322789671,1.9374894828955906,-0.8975029591088394,-0.49808561796467227,-0.6490496204748005,-0.8286237524435751,0.31620643449557667,-0.06060624806101711,0.5974612967704243,1.371620508467577,0.2363481415982818,12,carrot,sandy Loamy soil
49099,0.8110716651870262,1.4177413322789671,1.9374894828955906,-0.8975029591088394,0.11741814017708838,-0.6490496204748005,-1.4428085051640214,0.31620643449557667,-0.3154064377423764,0.8547316746325154,0.8700210921893496,0.5789021804632846,12,carrot,sandy Loamy soil
49129,0.8110716651870262,1.4177413322789671,1.9374894828955906,-0.8975029591088394,-0.9597134365709921,-0.6490496204748005,-1.4769298803151572,0.31620643449557667,-0.2851759067632323,0.638861127690761,0.8991838489497116,0.6044115237830189,12,carrot,sandy Loamy soil
49145,0.8110716651870262,1.4177413322789671,1.4291229942969927,-0.8975029591088394,-0.036457799358352465,-0.6490496204748005,-1.6304760684952693,0.31620643449557667,-0.09083677904016156,0.026735056225785737,1.6924108328315595,0.6189882913942952,12,carrot,sandy Loamy soil
49173,0.8110716651870262,1.4177413322789671,-1.1127094486959972,-0.8975029591088394,-0.9597134365709921,-0.6490496204748005,-0.9139271903214149,0.31620643449557667,-0.30245049589417156,0.12432037196657879,1.8557222706895868,1.3478266719581309,12,carrot,sandy Loamy soil
49228,0.14217423302728616,1.4177413322789671,1.9374894828955906,-0.8975029591088394,0.27129407971252784,-0.6490496204748005,-0.9139271903214149,0.31620643449557667,-0.1340232518675106,0.5826756428703042,2.9172466167667657,0.38940420151668714,12,carrot,light Loamy soil
49313,0.8110716651870262,1.4177413322789671,1.4291229942969927,-0.8975029591088394,0.27129407971252784,-0.6490496204748005,-0.8286237524435751,0.31620643449557667,-0.06492489534375176,0.4377762346491263,2.8939164113584757,1.1510403092058956,12,carrot,sandy Loamy soil
49334,0.14217423302728616,1.4177413322789671,1.4291229942969927,-0.8975029591088394,-0.49808561796467227,-0.6490496204748005,-1.4257478175884537,0.31620643449557667,-0.4536031507898932,0.6773038278310733,2.456475059953045,0.8522165731747229,12,carrot,light Loamy soil
49346,0.14217423302728616,1.4177413322789671,1.4291229942969927,-0.8975029591088394,-0.49808561796467227,-0.6490496204748005,-1.5451726306174294,0.31620643449557667,-0.06924354262648703,1.1090449217145821,2.2698334166867276,0.2764342525292928,12,carrot,light Loamy soil
49395,0.8110716651870262,1.4177413322789671,-1.1127094486959972,-0.8975029591088394,0.11741814017708838,-0.6490496204748005,-1.1015947536526622,0.31620643449557667,-0.19448431382579892,0.5797185120902802,1.7449037950002106,1.5519014185160052,12,carrot,sandy Loamy soil
49412,0.14217423302728616,1.4177413322789671,1.4291229942969927,-0.8975029591088394,0.4251700192479687,-0.6490496204748005,-1.4598691927395895,0.31620643449557667,-0.31108779045964147,0.13910602586669896,1.7915642058167907,1.0453587440241392,12,carrot,light Loamy soil
49445,0.8110716651870262,1.4177413322789671,1.4291229942969927,-0.8975029591088394,-0.6519615575001118,-0.6490496204748005,-1.2722016294083418,0.31620643449557667,-0.2894945540459669,0.576761381310256,2.8939164113584757,0.42220192864205996,12,carrot,sandy Loamy soil
49469,0.8110716651870262,1.4177413322789671,1.4291229942969927,-0.8975029591088394,-0.3442096784292314,-0.6490496204748005,-0.9821699406236866,0.31620643449557667,-0.1340232518675106,0.27513404174780437,0.8350257840769151,0.41855773673924046,12,carrot,sandy Loamy soil
49496,0.14217423302728616,1.4177413322789671,1.4291229942969927,-0.8975029591088394,0.4251700192479687,-0.6490496204748005,-1.2210195666816377,0.31620643449557667,-0.31108779045964147,0.32836239578823734,0.875853643541422,0.7319582403816901,12,carrot,light Loamy soil
49513,0.8110716651870262,1.4177413322789671,1.9374894828955906,-0.8975029591088394,-0.9597134365709921,-0.6490496204748005,-1.0845340660770946,0.31620643449557667,-0.4622404453553631,0.9286599441331163,2.695609665388014,0.567969604754827,12,carrot,sandy Loamy soil
49518,0.14217423302728616,1.4177413322789671,-1.1127094486959972,-0.8975029591088394,-0.9597134365709921,-0.6490496204748005,-1.5451726306174294,0.31620643449557667,-0.09947407360563087,0.9552741211533323,2.514800573473769,0.6408534428112106,12,carrot,light Loamy soil
49526,0.14217423302728616,1.4177413322789671,1.4291229942969927,-0.8975029591088394,-0.036457799358352465,-0.6490496204748005,-0.9821699406236866,0.31620643449557667,-0.42337261981074903,0.18642011834708333,2.8589211032460415,0.7283140484788706,12,carrot,light Loamy soil
49575,0.8110716651870262,1.4177413322789671,-1.1127094486959972,-0.8975029591088394,-0.19033373889379193,-0.6490496204748005,-1.3745657548617498,0.31620643449557667,-0.2981318486114369,0.0030780099855935448,0.8700210921893496,0.8267072298549886,12,carrot,sandy Loamy soil
49605,0.8110716651870262,1.4177413322789671,-1.1127094486959972,-0.8975029591088394,-0.3442096784292314,-0.6490496204748005,-1.0845340660770946,0.31620643449557667,-0.15129784099844987,1.094259267814462,2.864753654598114,0.7756885432155204,12,carrot,sandy Loamy soil
49623,0.8110716651870262,1.4177413322789671,-1.1127094486959972,-0.8975029591088394,-0.3442096784292314,-0.6490496204748005,-1.4428085051640214,0.31620643449557667,-0.4579217980726282,0.3401909189083332,2.456475059953045,0.3420297067800379,12,carrot,sandy Loamy soil
49657,0.8110716651870262,1.4177413322789671,1.9374894828955906,-0.8975029591088394,-0.3442096784292314,-0.6490496204748005,-0.8798058151702786,0.31620643449557667,-0.1815283719775943,0.7541892281116981,2.7947630383732447,0.20355041447290925,12,carrot,sandy Loamy soil
49665,0.8110716651870262,1.4177413322789671,-1.1127094486959972,-0.8975029591088394,-0.3442096784292314,-0.6490496204748005,-1.3745657548617498,0.31620643449557667,-0.2203961975222087,0.665475304710977,0.9341791570621462,0.37118324200259123,12,carrot,sandy Loamy soil
49712,0.14217423302728616,1.4177413322789671,1.4291229942969927,-0.8975029591088394,-0.3442096784292314,-0.6490496204748005,-1.4598691927395895,0.31620643449557667,-0.24198943393588324,0.5264901580498473,2.450642508600973,0.8048420784380736,12,carrot,light Loamy soil
49728,0.14217423302728616,1.4177413322789671,-1.1127094486959972,-0.8975029591088394,-0.3442096784292314,-0.6490496204748005,-1.0162913157748223,0.31620643449557667,-0.3974607361143396,1.0380737829940057,2.1590149409973525,0.31652036346030354,12,carrot,light Loamy soil
49741,0.8110716651870262,1.4177413322789671,1.9374894828955906,-0.8975029591088394,0.11741814017708838,-0.6490496204748005,-1.3063230045594776,0.31620643449557667,-0.11243001545383609,1.0883450062544138,1.937377989618601,1.2275683391650982,12,carrot,sandy Loamy soil
49815,0.8110716651870262,1.4177413322789671,-1.1127094486959972,-0.8975029591088394,-0.036457799358352465,-0.6490496204748005,-1.3575050672861815,0.31620643449557667,-0.44064720894168863,1.0262452598739094,1.0566627354556666,0.8558607650775418,12,carrot,sandy Loamy soil
49821,0.8110716651870262,1.4177413322789671,-1.1127094486959972,-0.8975029591088394,-0.8058374970355525,-0.6490496204748005,-1.5110512554662934,0.31620643449557667,-0.16425378284665446,0.2041629030272278,1.954875643674818,0.9761190978705752,12,carrot,sandy Loamy soil
49829,0.8110716651870262,1.4177413322789671,1.4291229942969927,-0.8975029591088394,0.11741814017708838,-0.6490496204748005,-0.9480485654725508,0.31620643449557667,-0.06492489534375176,0.93161707491314,0.9341791570621462,0.6007673318801994,12,carrot,sandy Loamy soil
49834,0.14217423302728616,1.4177413322789671,1.9374894828955906,-0.8975029591088394,-0.8058374970355525,-0.6490496204748005,-1.5792940057685652,0.31620643449557667,-0.18584701926032898,0.3993335345088139,1.0799929408639564,1.17654965252563,12,carrot,light Loamy soil
49846,0.14217423302728616,1.4177413322789671,1.9374894828955906,-0.8975029591088394,-0.8058374970355525,-0.6490496204748005,-0.9309878778969826,0.31620643449557667,-0.3067691431769068,0.9671026442734286,0.9283466057100733,1.53003626709909,12,carrot,light Loamy soil
49932,0.14217423302728616,1.4177413322789671,-1.1127094486959972,-0.8975029591088394,-0.8058374970355525,-0.6490496204748005,-0.9992306281992548,0.31620643449557667,-0.0735621899092217,0.7601034896717462,1.2316392760178387,0.7173814727704132,12,carrot,light Loamy soil
49945,0.8110716651870262,1.4177413322789671,1.9374894828955906,-0.8975029591088394,0.4251700192479687,-0.6490496204748005,-1.613415380919701,0.31620643449557667,-0.4147353252452791,0.07996341026621827,0.9925046705828703,0.14888753593062157,12,carrot,sandy Loamy soil
49952,0.14217423302728616,1.4177413322789671,1.4291229942969927,-0.8975029591088394,-0.036457799358352465,-0.6490496204748005,-1.4939905678907253,0.31620643449557667,-0.20312160839126883,0.18050585678703562,1.5116017409173144,0.6627185942281255,12,carrot,light Loamy soil
49957,0.8110716651870262,1.4177413322789671,1.9374894828955906,-0.8975029591088394,-0.3442096784292314,-0.6490496204748005,-1.613415380919701,0.31620643449557667,-0.2722199649150271,0.7512320973316742,2.4973029194175522,0.4294903124476984,12,carrot,sandy Loamy soil
49965,0.8110716651870262,1.4177413322789671,-1.1127094486959972,-0.8975029591088394,-0.9597134365709921,-0.6490496204748005,-1.5451726306174294,0.31620643449557667,-0.24198943393588324,1.0262452598739094,2.5206331248258422,1.5628339942244627,12,carrot,sandy Loamy soil
49967,0.8110716651870262,1.4177413322789671,1.4291229942969927,-0.8975029591088394,-0.3442096784292314,-0.6490496204748005,-0.8456844400191428,0.31620643449557667,-0.07788083719195636,0.14206315664672284,1.4357785733403732,1.2494334905820135,12,carrot,sandy Loamy soil
49981,0.8110716651870262,1.4177413322789671,1.9374894828955906,-0.8975029591088394,-0.3442096784292314,-0.6490496204748005,-1.3233836921350457,0.31620643449557667,-0.31108779045964147,0.7837605359119384,2.7247724221483764,1.3040963691243013,12,carrot,sandy Loamy soil
50012,-0.14449609504117386,1.4177413322789671,1.9374894828955906,-0.8975029591088394,-0.036457799358352465,-0.8984795722203125,-0.9651092530481183,0.31620643449557667,1.1918014639321053,-0.3843061221975552,-0.4014751025624361,-0.44511574422890465,4,beetroot,friable soil
50029,-0.14449609504117386,1.4177413322789671,-1.1127094486959972,-0.8975029591088394,0.11741814017708838,-0.9948502353947146,-0.7433203145657353,0.31620643449557667,1.2393065840421895,-0.4759771763783001,-0.05735457279016359,0.046850162651684416,4,beetroot,friable soil
50049,-0.14449609504117386,1.4177413322789671,1.4291229942969927,-0.8975029591088394,-0.3442096784292314,-1.1403510405795965,-0.7774416897168711,0.31620643449557667,1.1788455220839007,0.0770062794861944,0.6250539354023081,-0.3940970575894362,4,beetroot,friable soil
50066,-0.14449609504117386,1.4177413322789671,1.9374894828955906,-0.8975029591088394,-0.8058374970355525,-1.2083773910556452,-0.9309878778969826,0.31620643449557667,1.1745268748011661,0.4170763191889584,-0.21483345929611883,-0.08069655394698683,4,beetroot,friable soil
50147,-0.14449609504117386,1.4177413322789671,1.9374894828955906,-0.8975029591088394,-0.036457799358352465,-1.1781434575107348,-0.6750775642634631,0.31620643449557667,1.2306692894767197,-0.09450730575519993,0.08845921101164668,-0.04425463491879505,4,beetroot,friable soil
50167,-0.14449609504117386,1.4177413322789671,-1.1127094486959972,-0.8975029591088394,-0.3442096784292314,-1.1138963487278,-0.9651092530481183,0.31620643449557667,1.165889580235696,-0.36952046829743507,0.1992776867010224,-0.2301084219625732,4,beetroot,friable soil
50179,-0.14449609504117386,1.4177413322789671,-1.1127094486959972,-0.8975029591088394,0.11741814017708838,-1.08933127772256,-1.0333520033503905,0.31620643449557667,1.2393065840421895,-0.4789343071583244,0.006803492082632595,-0.5580856932162992,4,beetroot,friable soil
50191,-0.14449609504117386,1.4177413322789671,-1.1127094486959972,-0.8975029591088394,-0.19033373889379193,-0.966505922696361,-0.9651092530481183,0.31620643449557667,1.1874828166493707,-0.280806544896714,0.024301146138850073,-0.16815715961464706,4,beetroot,friable soil
50219,-0.14449609504117386,1.4177413322789671,1.9374894828955906,-0.8975029591088394,0.5790459587834081,-1.0402011357120806,-0.8627451275947109,0.31620643449557667,1.2004387584975753,-0.532162661198757,-0.20316835659197385,-0.14264781629491272,4,beetroot,friable soil
50231,-0.14449609504117386,1.4177413322789671,1.9374894828955906,-0.8975029591088394,-0.49808561796467227,-1.153578386505495,-0.7603810021413029,0.31620643449557667,1.2220319949112497,0.3401909189083332,-0.28482407552098793,-0.24832938147666908,4,beetroot,friable soil
50294,-0.14449609504117386,1.4177413322789671,1.9374894828955906,-0.8975029591088394,0.4251700192479687,-1.08933127772256,-0.7262596269901671,0.31620643449557667,1.2177133476285151,-0.192092621495993,0.21677534075723945,-0.12078266487799784,4,beetroot,friable soil
50311,-0.14449609504117386,1.4177413322789671,-1.1127094486959972,-0.8975029591088394,-0.19033373889379193,-0.9570578184635765,-0.8968665027458468,0.31620643449557667,1.1918014639321053,-0.3310777681571227,-0.20316835659197385,-0.4524041280345429,4,beetroot,friable soil
50391,-0.14449609504117386,1.4177413322789671,1.4291229942969927,-0.8975029591088394,-0.3442096784292314,-1.0609869650242063,-0.9821699406236866,0.31620643449557667,1.2177133476285151,-0.47006291481825196,0.46174249754428087,-0.12442685678081682,4,beetroot,friable soil
50394,-0.14449609504117386,1.4177413322789671,1.4291229942969927,-0.8975029591088394,0.5790459587834081,-0.9986294770878285,-1.1015947536526622,0.31620643449557667,1.2004387584975753,-0.2571494986565218,-0.10401498360674312,-0.2774829166992224,4,beetroot,friable soil
50406,-0.14449609504117386,1.4177413322789671,1.4291229942969927,-0.8975029591088394,0.11741814017708838,-1.1668057324313932,-0.8627451275947109,0.31620643449557667,1.21339470034578,-0.4523201301381079,0.1934451353489499,-0.3321457952415101,4,beetroot,friable soil
50408,-0.14449609504117386,1.4177413322789671,1.9374894828955906,-0.8975029591088394,0.5790459587834081,-0.885252226294414,-0.8627451275947109,0.31620643449557667,1.2177133476285151,-0.192092621495993,0.5900586272898737,-0.22646423005975397,4,beetroot,friable soil
50417,-0.14449609504117386,1.4177413322789671,1.9374894828955906,-0.8975029591088394,-0.3442096784292314,-1.0042983396274991,-0.9651092530481183,0.31620643449557667,1.157252285670226,-0.5735624921190934,-0.1856707025357568,0.021340819331950322,4,beetroot,friable soil
50423,-0.14449609504117386,1.4177413322789671,1.9374894828955906,-0.8975029591088394,0.4251700192479687,-1.1271236946536982,-0.6921382518390313,0.31620643449557667,1.2393065840421895,-0.2955921987968342,0.28093340563003605,-0.4560483199373621,4,beetroot,friable soil
50438,-0.14449609504117386,1.4177413322789671,1.9374894828955906,-0.8975029591088394,-0.3442096784292314,-1.0855520360294462,-0.7433203145657353,0.31620643449557667,1.1788455220839007,0.4791760655694629,0.14678472453237076,-0.5435089256050223,4,beetroot,friable soil
50444,-0.14449609504117386,1.4177413322789671,1.9374894828955906,-0.8975029591088394,0.5790459587834081,-1.00996720216717,-0.9821699406236866,0.31620643449557667,1.1702082275184307,0.4939617194695831,-0.4772982701393773,-0.41596220900635106,4,beetroot,friable soil
50448,-0.14449609504117386,1.4177413322789671,1.4291229942969927,-0.8975029591088394,-0.6519615575001118,-0.866356017828845,-1.0845340660770946,0.31620643449557667,1.1788455220839007,-0.5706053613390693,0.006803492082632595,-0.09527332155826349,4,beetroot,friable soil
50500,-0.14449609504117386,1.4177413322789671,-1.1127094486959972,-0.8975029591088394,0.27129407971252784,-0.9627266810032473,-0.8115630648680069,0.31620643449557667,1.2263506421939845,-0.11816435199539212,-0.12734518901503267,0.04320597074886519,4,beetroot,friable soil
50509,-0.14449609504117386,1.4177413322789671,-1.1127094486959972,-0.8975029591088394,0.11741814017708838,-0.8984795722203125,-1.0504126909259581,0.31620643449557667,1.1918014639321053,0.5412758119499674,0.4384122921359913,-0.37587609807534034,4,beetroot,friable soil
50533,-0.14449609504117386,1.4177413322789671,-1.1127094486959972,-0.8975029591088394,-0.49808561796467227,-1.130902936346812,-0.8456844400191428,0.31620643449557667,1.21339470034578,0.2721769109677805,-0.01069416197358447,-0.2301084219625732,4,beetroot,friable soil
50543,-0.14449609504117386,1.4177413322789671,1.9374894828955906,-0.8975029591088394,0.27129407971252784,-0.9683955435429179,-1.1186554412282304,0.31620643449557667,1.2393065840421895,-0.1092929596553201,-0.32565193498549455,-0.040610443015975814,4,beetroot,friable soil
50593,-0.14449609504117386,1.4177413322789671,-1.1127094486959972,-0.8975029591088394,-0.3442096784292314,-0.9098172972996538,-0.7774416897168711,0.31620643449557667,1.2306692894767197,0.49987598102963127,-0.06901967549430858,-0.31028064382459497,4,beetroot,friable soil
50675,-0.14449609504117386,1.4177413322789671,1.9374894828955906,-0.8975029591088394,-0.8058374970355525,-1.1743642158176208,-0.6750775642634631,0.31620643449557667,1.2306692894767197,0.36089083436850156,-0.302321729577205,-0.59817180414731,4,beetroot,friable soil
50713,-0.14449609504117386,1.4177413322789671,-1.1127094486959972,-0.8975029591088394,-0.3442096784292314,-0.966505922696361,-0.7945023772924388,0.31620643449557667,1.1702082275184307,-0.35769194517733877,0.4150820867277013,-0.5398647337022033,4,beetroot,friable soil
50736,-0.14449609504117386,1.4177413322789671,1.4291229942969927,-0.8975029591088394,0.4251700192479687,-0.9513889559239058,-0.9992306281992548,0.31620643449557667,1.209076053063045,0.5353615503899197,0.21677534075723945,-0.14264781629491272,4,beetroot,friable soil
50764,-0.14449609504117386,1.4177413322789671,-1.1127094486959972,-0.8975029591088394,-0.49808561796467227,-0.9835125103153732,-1.0162913157748223,0.31620643449557667,1.157252285670226,-0.05015034405483941,0.3450914705028327,-0.01874529159906069,4,beetroot,friable soil
50809,-0.14449609504117386,1.4177413322789671,-1.1127094486959972,-0.8975029591088394,0.11741814017708838,-1.1233444529605845,-0.9480485654725508,0.31620643449557667,1.2004387584975753,-0.44640586857805975,0.17594748129273283,-0.41596220900635106,4,beetroot,friable soil
50829,-0.14449609504117386,1.4177413322789671,1.4291229942969927,-0.8975029591088394,0.27129407971252784,-1.0590973441776497,-0.8115630648680069,0.31620643449557667,1.1918014639321053,-0.09155017497517565,0.6600492435147427,-0.1353594324892745,4,beetroot,friable soil
50844,-0.14449609504117386,1.4177413322789671,1.4291229942969927,-0.8975029591088394,-0.3442096784292314,-0.8682456386754019,-0.7091989394145989,0.31620643449557667,1.2047574057803099,0.42890484230905424,-0.3898099998582912,-0.31028064382459497,4,beetroot,friable soil
50883,-0.14449609504117386,1.4177413322789671,1.4291229942969927,-0.8975029591088394,0.11741814017708838,-1.0855520360294462,-0.8798058151702786,0.31620643449557667,1.2177133476285151,0.33427665734828504,0.4967378056567154,-0.43418316852044697,4,beetroot,friable soil
50893,-0.14449609504117386,1.4177413322789671,-1.1127094486959972,-0.8975029591088394,0.11741814017708838,-1.0968897611087878,-1.1015947536526622,0.31620643449557667,1.2004387584975753,0.19824864146717966,-0.45396806473108775,-0.4669808956458198,4,beetroot,friable soil
50928,-0.14449609504117386,1.4177413322789671,1.4291229942969927,-0.8975029591088394,-0.8058374970355525,-1.151688765658938,-0.8115630648680069,0.31620643449557667,1.2177133476285151,0.5324044196098955,0.28676595698210855,-0.08069655394698683,4,beetroot,friable soil
50930,-0.14449609504117386,1.4177413322789671,1.9374894828955906,-0.8975029591088394,-0.49808561796467227,-0.8531286719029465,-1.135716128803798,0.31620643449557667,1.2393065840421895,0.32836239578823734,-0.22066601064819133,0.11973400070806799,4,beetroot,friable soil
50940,-0.14449609504117386,1.4177413322789671,1.4291229942969927,-0.8975029591088394,0.5790459587834081,-0.9929606145481579,-1.0845340660770946,0.31620643449557667,1.1831641693666353,-0.18617835993594484,0.5142354597129325,-0.24468518957384985,4,beetroot,friable soil
50953,-0.14449609504117386,1.4177413322789671,-1.1127094486959972,-0.8975029591088394,0.4251700192479687,-0.9041484347599831,-0.7262596269901671,0.31620643449557667,1.21339470034578,-0.4789343071583244,0.4325797407839188,-0.3321457952415101,4,beetroot,friable soil
50992,-0.14449609504117386,1.4177413322789671,-1.1127094486959972,-0.8975029591088394,-0.6519615575001118,-1.0666558275638771,-0.8968665027458468,0.31620643449557667,1.1874828166493707,0.4584761501092946,-0.028191816029801538,0.01769662742913109,4,beetroot,friable soil
51003,-1.482290959360654,1.4177413322789671,1.9374894828955906,-0.8975029591088394,-0.036457799358352465,-1.6694448776155306,-1.613415380919701,0.31620643449557667,1.1270217546910817,0.24260560316754018,0.030133697490922567,0.12337819261088721,35,radish,Alluvial soil
51030,1.4799690973467663,1.4177413322789671,1.9374894828955906,-0.8975029591088394,-0.9597134365709921,-1.6694448776155306,-1.2210195666816377,0.31620643449557667,1.2004387584975753,-0.32516350659707455,0.47924015160049793,-0.1353594324892745,35,radish,well-grained deep loamy moist soil
51064,1.4799690973467663,1.4177413322789671,1.4291229942969927,-0.8975029591088394,-1.2674653156418723,-1.6694448776155306,-1.7669615690998126,0.31620643449557667,1.0838352818637327,-0.41683456077781944,0.08845921101164668,-0.2774829166992224,35,radish,well-grained deep loamy moist soil
51112,1.4799690973467663,1.4177413322789671,1.4291229942969927,-0.8975029591088394,-1.729093134248192,-1.6694448776155306,-2.0399325703089,0.31620643449557667,1.131340401973817,-0.1684355752558008,0.6017237299940186,-0.32121321953305265,35,radish,well-grained deep loamy moist soil
51148,1.4799690973467663,1.4177413322789671,1.4291229942969927,-0.8975029591088394,-1.2674653156418723,-1.6694448776155306,-2.381146321820259,0.31620643449557667,1.0579233981673235,-0.12407861355544027,0.4150820867277013,-0.040610443015975814,35,radish,well-grained deep loamy moist soil
51174,1.4799690973467663,1.4177413322789671,1.9374894828955906,-0.8975029591088394,-0.9597134365709921,-1.6694448776155306,-2.3982070093958274,0.31620643449557667,1.1399776965392863,0.4141191884089341,-0.3548146917458566,-0.05518721062725248,35,radish,well-grained deep loamy moist soil
51209,-1.482290959360654,1.4177413322789671,-1.1127094486959972,-0.8975029591088394,-1.2674653156418723,-1.6694448776155306,-1.238080254257206,0.31620643449557667,1.1831641693666353,-0.4227488223378676,-0.02235926467772946,-0.16451296771182783,35,radish,Alluvial soil
51229,-1.482290959360654,1.4177413322789671,1.4291229942969927,-0.8975029591088394,-1.2674653156418723,-1.6694448776155306,-2.4835104472736673,0.31620643449557667,1.044967456319119,-0.06493599795495958,-0.302321729577205,-0.3685877142697019,35,radish,Alluvial soil
51249,-1.482290959360654,1.4177413322789671,1.9374894828955906,-0.8975029591088394,-1.1135893761064315,-1.6694448776155306,-1.9034470697043564,0.31620643449557667,1.062242045450058,-0.200964013836065,0.6250539354023081,-0.45969251184018134,35,radish,Alluvial soil
51253,-1.482290959360654,1.4177413322789671,1.4291229942969927,-0.8975029591088394,-0.8058374970355525,-1.6694448776155306,-1.5281119430418613,0.31620643449557667,1.1874828166493707,0.13023463352662695,0.27510085427796355,-0.26655034099076497,35,radish,Alluvial soil
51280,1.4799690973467663,1.4177413322789671,1.4291229942969927,-0.8975029591088394,-1.421341255177312,-1.6694448776155306,-2.364085634244691,0.31620643449557667,1.1227031074083471,0.0651777563660981,0.50840290836086,0.09786884929115286,35,radish,well-grained deep loamy moist soil
51325,-1.482290959360654,1.4177413322789671,1.4291229942969927,-0.8975029591088394,-0.036457799358352465,-1.6694448776155306,-1.9034470697043564,0.31620643449557667,1.157252285670226,-0.14773565979563247,0.28093340563003605,-0.13171524058645528,35,radish,Alluvial soil
51332,1.4799690973467663,1.4177413322789671,-1.1127094486959972,-0.8975029591088394,-0.19033373889379193,-1.6694448776155306,-1.4939905678907253,0.31620643449557667,1.1442963438220215,0.5412758119499674,0.3334263677986877,0.10880142499961055,35,radish,well-grained deep loamy moist soil
51334,1.4799690973467663,1.4177413322789671,1.4291229942969927,-0.8975029591088394,0.11741814017708838,-1.6694448776155306,-1.5281119430418613,0.31620643449557667,1.1874828166493707,0.08292054104624214,-0.1215126376629602,-0.2155316543512963,35,radish,well-grained deep loamy moist soil
51343,-1.482290959360654,1.4177413322789671,1.4291229942969927,-0.8975029591088394,-1.2674653156418723,-1.6694448776155306,-1.9716898200066284,0.31620643449557667,1.1097471655601425,0.3106196111080929,0.0651290056033567,-0.4086738252007129,35,radish,Alluvial soil
51344,1.4799690973467663,1.4177413322789671,-1.1127094486959972,-0.8975029591088394,-0.036457799358352465,-1.6694448776155306,-2.022871882733332,0.31620643449557667,1.0751979872982627,0.17163446444696318,0.5900586272898737,0.046850162651684416,35,radish,well-grained deep loamy moist soil
51345,-1.482290959360654,1.4177413322789671,1.9374894828955906,-0.8975029591088394,-0.49808561796467227,-1.6694448776155306,-1.9375684448554924,0.31620643449557667,1.0838352818637327,-0.10337869809527195,-0.15067539442332223,-0.24104099767103063,35,radish,Alluvial soil
51371,-1.482290959360654,1.4177413322789671,-1.1127094486959972,-0.8975029591088394,-0.19033373889379193,-1.6694448776155306,-2.2787821963668513,0.31620643449557667,1.1961201112148405,-0.3517776836172906,0.5142354597129325,0.010408243623492632,35,radish,Alluvial soil
51412,1.4799690973467663,1.4177413322789671,1.4291229942969927,-0.8975029591088394,-1.421341255177312,-1.6694448776155306,-1.8010829442509488,0.31620643449557667,1.1442963438220215,-0.49963422261849233,-0.2673264214647704,0.07235950597141877,35,radish,well-grained deep loamy moist soil
51443,-1.482290959360654,1.4177413322789671,-1.1127094486959972,-0.8975029591088394,-0.49808561796467227,-1.6694448776155306,-1.2722016294083418,0.31620643449557667,1.2349879367594543,0.3993335345088139,0.32759381644661517,-0.24104099767103063,35,radish,Alluvial soil
51456,1.4799690973467663,1.4177413322789671,1.9374894828955906,-0.8975029591088394,-1.421341255177312,-1.6694448776155306,-1.3233836921350457,0.31620643449557667,1.1615709329529609,-0.5676482305590452,-0.13901029171917767,-0.4086738252007129,35,radish,well-grained deep loamy moist soil
51461,-1.482290959360654,1.4177413322789671,-1.1127094486959972,-0.8975029591088394,-0.3442096784292314,-1.6694448776155306,-2.381146321820259,0.31620643449557667,1.1227031074083471,0.05926349480604995,0.5433982164732946,-0.007812715890603261,35,radish,Alluvial soil
51509,-1.482290959360654,1.4177413322789671,-1.1127094486959972,-0.8975029591088394,0.11741814017708838,-1.6694448776155306,-2.091114633035604,0.31620643449557667,1.1961201112148405,0.5146616349297514,-0.33148448633756705,0.0942246573883339,35,radish,Alluvial soil
51544,1.4799690973467663,1.4177413322789671,1.4291229942969927,-0.8975029591088394,-1.5752171947127527,-1.6694448776155306,-2.4152676969713953,0.31620643449557667,1.1486149911047563,-0.22462106007625718,-0.05735457279016359,-0.13900362439209374,35,radish,well-grained deep loamy moist soil
51552,1.4799690973467663,1.4177413322789671,1.9374894828955906,-0.8975029591088394,-0.036457799358352465,-1.6694448776155306,-1.6475367560708372,0.31620643449557667,1.2047574057803099,0.05039210246597793,-0.33731703768963955,-0.47426927945145797,35,radish,well-grained deep loamy moist soil
51554,1.4799690973467663,1.4177413322789671,-1.1127094486959972,-0.8975029591088394,-0.19033373889379193,-1.6694448776155306,-2.005811195157764,0.31620643449557667,1.131340401973817,-0.0738073902950316,0.36258912455904974,-0.27019453289358397,35,radish,well-grained deep loamy moist soil
51568,1.4799690973467663,1.4177413322789671,1.4291229942969927,-0.8975029591088394,-1.2674653156418723,-1.6694448776155306,-1.613415380919701,0.31620643449557667,1.0579233981673235,0.43186197308907853,0.059296454251284623,0.12337819261088721,35,radish,well-grained deep loamy moist soil
51658,1.4799690973467663,1.4177413322789671,1.4291229942969927,-0.8975029591088394,-0.036457799358352465,-1.6694448776155306,-1.5451726306174294,0.31620643449557667,1.1615709329529609,0.3106196111080929,-0.10984753495881562,-0.011456907793422491,35,radish,well-grained deep loamy moist soil
51663,-1.482290959360654,1.4177413322789671,1.9374894828955906,-0.8975029591088394,-0.3442096784292314,-1.6694448776155306,-1.4769298803151572,0.31620643449557667,1.1442963438220215,0.4259477115290304,-0.07485222684638107,-0.12807104868363606,35,radish,Alluvial soil
51697,-1.482290959360654,1.4177413322789671,1.4291229942969927,-0.8975029591088394,-1.1135893761064315,-1.6694448776155306,-1.3745657548617498,0.31620643449557667,1.1961201112148405,0.21894855692734796,-0.4306378593227982,-0.5216437741881075,35,radish,Alluvial soil
51704,1.4799690973467663,1.4177413322789671,-1.1127094486959972,-0.8975029591088394,-0.49808561796467227,-1.6694448776155306,-1.6475367560708372,0.31620643449557667,1.2263506421939845,-0.3399491604971947,0.263435751573819,-0.36129933046406343,35,radish,well-grained deep loamy moist soil
51723,-1.482290959360654,1.4177413322789671,1.9374894828955906,-0.8975029591088394,-0.3442096784292314,-1.6694448776155306,-1.715779506373109,0.31620643449557667,1.2306692894767197,-0.2689780217766177,-0.09234988090259813,-0.5726624608275759,35,radish,Alluvial soil
51763,-1.482290959360654,1.4177413322789671,1.4291229942969927,-0.8975029591088394,-1.2674653156418723,-1.6694448776155306,-1.7840222566753805,0.31620643449557667,1.0536047508845883,-0.532162661198757,0.3800867786152672,0.024985011234769292,35,radish,Alluvial soil
51782,1.4799690973467663,1.4177413322789671,-1.1127094486959972,-0.8975029591088394,0.27129407971252784,-1.6694448776155306,-2.12523600818674,0.31620643449557667,1.0838352818637327,0.0296921870058096,-0.4772982701393773,0.11244561690242978,35,radish,well-grained deep loamy moist soil
51783,-1.482290959360654,1.4177413322789671,1.9374894828955906,-0.8975029591088394,-0.3442096784292314,-1.6694448776155306,-1.2551409418327741,0.31620643449557667,1.2220319949112497,-0.3369920297171704,0.22260789210931195,-0.4414715523260854,35,radish,Alluvial soil
51846,1.4799690973467663,1.4177413322789671,1.9374894828955906,-0.8975029591088394,-1.421341255177312,-1.6694448776155306,-1.7840222566753805,0.31620643449557667,1.2306692894767197,0.0296921870058096,-0.1856707025357568,-0.430538976617628,35,radish,well-grained deep loamy moist soil
51868,1.4799690973467663,1.4177413322789671,1.4291229942969927,-0.8975029591088394,0.27129407971252784,-1.6694448776155306,-1.6475367560708372,0.31620643449557667,1.0492861036018535,0.03264931778583389,0.6425515894585256,-0.12078266487799784,35,radish,well-grained deep loamy moist soil
51895,-1.482290959360654,1.4177413322789671,1.4291229942969927,-0.8975029591088394,-0.8058374970355525,-1.6694448776155306,-1.5451726306174294,0.31620643449557667,1.1831641693666353,-0.41683456077781944,-0.4248053079707257,-0.5835950365360334,35,radish,Alluvial soil
51914,1.4799690973467663,1.4177413322789671,-1.1127094486959972,-0.8975029591088394,-0.8058374970355525,-1.6694448776155306,-2.3129035715179875,0.31620643449557667,1.1702082275184307,-0.6149623230394298,0.6075562813460911,-0.41960640090917034,35,radish,well-grained deep loamy moist soil
51981,-1.482290959360654,1.4177413322789671,1.9374894828955906,-0.8975029591088394,0.11741814017708838,-1.6694448776155306,-1.2210195666816377,0.31620643449557667,1.2177133476285151,0.36089083436850156,0.035966248842994646,-0.5617298851191183,35,radish,Alluvial soil
52016,1.3844123213239463,1.4177413322789671,1.4291229942969927,-0.8975029591088394,-0.19033373889379193,-0.023585120264464247,-0.0608928115430169,0.31620643449557667,0.6735637900039168,0.06813488714612197,0.6542166921626702,0.07235950597141877,48,sweet potato,well-drained soil
52036,1.3844123213239463,1.4177413322789671,1.9374894828955906,-0.8975029591088394,-1.1135893761064315,0.004759192433889368,0.1097140642126627,0.31620643449557667,0.6390146117420376,0.4614332808893189,-0.4248053079707257,-0.4378273604232662,48,sweet potato,well-drained soil
52054,1.3844123213239463,1.4177413322789671,1.9374894828955906,-0.8975029591088394,-0.036457799358352465,0.016096917513230974,-0.6068348139611915,0.31620643449557667,0.7815299720722894,0.7098322664113376,-0.45980061608316025,-0.03332205921033735,48,sweet potato,well-drained soil
52065,1.3844123213239463,1.4177413322789671,-1.1127094486959972,1.114202454544477,0.11741814017708838,-0.30513862640144335,-0.3168031251765363,0.31620643449557667,0.7469807938104102,0.1331917643066508,-0.13317774036710517,-0.4123180171035321,48,sweet potato,well-drained soil
52116,1.3844123213239463,1.4177413322789671,-1.1127094486959972,-0.8975029591088394,-0.19033373889379193,0.11246758068763316,0.12677475178823092,0.31620643449557667,0.794485913920494,0.9079600286729479,-0.03402436738187403,-0.029677867307518382,48,sweet potato,well-drained soil
52147,1.3844123213239463,1.4177413322789671,1.9374894828955906,1.114202454544477,0.11741814017708838,0.05388933444436913,0.1438354393637991,0.31620643449557667,0.7512994410931448,0.5619757274101358,0.32759381644661517,-0.13900362439209374,48,sweet potato,well-drained soil
52168,1.3844123213239463,1.4177413322789671,1.9374894828955906,-0.8975029591088394,0.11741814017708838,-0.15585857952344778,0.1950175020905025,0.31620643449557667,0.6433332590247722,0.017863663885713716,-0.4772982701393773,-0.026033675404699152,48,sweet potato,well-drained soil
52175,1.3844123213239463,1.4177413322789671,1.4291229942969927,1.114202454544477,-0.3442096784292314,-0.03870208703691946,-0.4874100009322159,0.31620643449557667,0.7037943209830612,-0.011707643914526628,-0.3839774485062187,-0.007812715890603261,48,sweet potato,well-drained soil
52185,1.3844123213239463,1.4177413322789671,-1.1127094486959972,1.114202454544477,-0.9597134365709921,0.023655400899458445,-0.6238955015367591,0.31620643449557667,0.6087840807628931,0.9818882981735487,0.15844982723651535,-0.1754455434202855,48,sweet potato,well-drained soil
52194,1.3844123213239463,1.4177413322789671,-1.1127094486959972,-0.8975029591088394,-1.2674653156418723,0.03877236767191392,-0.11207487426972029,0.31620643449557667,0.6562892008729775,0.03264931778583389,0.3450914705028327,-0.10256170536390195,48,sweet potato,well-drained soil
52203,1.3844123213239463,1.4177413322789671,-1.1127094486959972,1.114202454544477,-0.6519615575001118,0.06522705952371047,-0.23149968729869652,0.31620643449557667,0.7081129682657958,0.6299897353506885,0.14678472453237076,-0.062475594432890934,48,sweet potato,well-drained soil
52231,1.3844123213239463,1.4177413322789671,1.9374894828955906,1.114202454544477,-0.6519615575001118,-0.15018971698377684,-0.18031762457199252,0.31620643449557667,0.7642553829413501,0.017863663885713716,0.6133888326981636,-0.03332205921033735,48,sweet potato,well-drained soil
52243,1.3844123213239463,1.4177413322789671,1.9374894828955906,1.114202454544477,-0.49808561796467227,-0.19365099645458594,-0.2485603748742641,0.31620643449557667,0.6519705535902421,0.2840054340878768,-0.045689470086019014,-0.4487599361317239,48,sweet potato,well-drained soil
52260,1.3844123213239463,1.4177413322789671,-1.1127094486959972,-0.8975029591088394,-0.49808561796467227,0.15970810185155584,0.024410626334822903,0.31620643449557667,0.8031232084859639,0.836988889952371,0.1934451353489499,-0.18273392722592371,48,sweet potato,well-drained soil
52261,1.3844123213239463,1.4177413322789671,1.9374894828955906,1.114202454544477,-0.19033373889379193,-0.25033962185129316,-0.3338638127521039,0.31620643449557667,0.626058669893833,0.49987598102963127,-0.16817304847953973,-0.20459907864283886,48,sweet potato,well-drained soil
52289,1.3844123213239463,1.4177413322789671,1.4291229942969927,1.114202454544477,-0.036457799358352465,-0.16341706290967525,-0.11207487426972029,0.31620643449557667,0.6649264954384467,0.7867176666919626,0.32759381644661517,0.057782738360142104,48,sweet potato,well-drained soil
52309,1.3844123213239463,1.4177413322789671,1.9374894828955906,1.114202454544477,-0.49808561796467227,-0.30513862640144335,-0.0779534991185845,0.31620643449557667,0.7167502628312657,0.7896747974719865,0.251770648869674,-0.22282003815693474,48,sweet potato,well-drained soil
52320,1.3844123213239463,1.4177413322789671,-1.1127094486959972,-0.8975029591088394,-1.421341255177312,0.17482506862401107,-0.026771436391880492,0.31620643449557667,0.721068910114001,0.3401909189083332,0.22844044346138445,-0.22646423005975397,48,sweet potato,well-drained soil
52329,1.3844123213239463,1.4177413322789671,-1.1127094486959972,1.114202454544477,-0.8058374970355525,0.08601288883583662,0.1438354393637991,0.31620643449557667,0.6735637900039168,0.9907596905136208,0.6600492435147427,0.12337819261088721,48,sweet potato,well-drained soil
52385,1.3844123213239463,1.4177413322789671,1.4291229942969927,1.114202454544477,-1.2674653156418723,-0.21254720492015503,0.0073499387592553065,0.31620643449557667,0.7253875573967357,0.4496047577692226,0.5842260759378015,-0.5362205417993842,48,sweet potato,well-drained soil
52438,1.3844123213239463,1.4177413322789671,1.9374894828955906,-0.8975029591088394,0.11741814017708838,-0.11995578343886643,-0.45328862578107953,0.31620643449557667,0.7037943209830612,0.026735056225785737,0.32759381644661517,-0.4378273604232662,48,sweet potato,well-drained soil
52455,1.3844123213239463,1.4177413322789671,-1.1127094486959972,1.114202454544477,-1.1135893761064315,0.046330851058141394,0.12677475178823092,0.31620643449557667,0.6692451427211821,0.6004184275504482,0.04179880019506714,-0.2847713005048609,48,sweet potato,well-drained soil
52456,1.3844123213239463,1.4177413322789671,1.9374894828955906,-0.8975029591088394,-0.8058374970355525,0.1691562060843404,0.024410626334822903,0.31620643449557667,0.8074418557686991,0.7660177512317944,-0.16234049712746723,-0.2556177652823073,48,sweet potato,well-drained soil
52461,1.3844123213239463,1.4177413322789671,-1.1127094486959972,1.114202454544477,-0.49808561796467227,-0.22388492999949636,-0.6238955015367591,0.31620643449557667,0.6476519063075076,0.14206315664672284,0.030133697490922567,-0.5763066527303952,48,sweet potato,well-drained soil
52467,1.3844123213239463,1.4177413322789671,-1.1127094486959972,1.114202454544477,-0.49808561796467227,0.11435720153419023,0.16089612693936672,0.31620643449557667,0.7253875573967357,0.21303429536729981,-0.45980061608316025,-0.2957038762133183,48,sweet potato,well-drained soil
52498,1.3844123213239463,1.4177413322789671,1.9374894828955906,-0.8975029591088394,-1.2674653156418723,-0.34671028502569534,-0.35092450032767214,0.31620643449557667,0.6476519063075076,0.7098322664113376,0.08845921101164668,0.0650711221657803,48,sweet potato,well-drained soil
52505,1.3844123213239463,1.4177413322789671,1.4291229942969927,1.114202454544477,-0.19033373889379193,-0.10672843751296802,-0.3168031251765363,0.31620643449557667,0.794485913920494,0.041520710125905906,-0.2673264214647704,-0.09891751346108273,48,sweet potato,well-drained soil
52551,1.3844123213239463,1.4177413322789671,-1.1127094486959972,1.114202454544477,-0.8058374970355525,0.025545021746015514,0.1097140642126627,0.31620643449557667,0.7599367356586147,-0.03536469015471924,0.1292870704761533,-0.42325059281198957,48,sweet potato,well-drained soil
52565,1.3844123213239463,1.4177413322789671,1.4291229942969927,1.114202454544477,-0.036457799358352465,-0.22577455084605316,-0.5215313760833518,0.31620643449557667,0.721068910114001,0.147977418206771,0.29259850833418105,-0.55444150131348,48,sweet potato,well-drained soil
52647,1.3844123213239463,1.4177413322789671,-1.1127094486959972,1.114202454544477,-1.2674653156418723,-0.065156778888716,0.07559268906152691,0.31620643449557667,0.7167502628312657,0.36976222670857356,0.3042636110383256,-0.3175690276302334,48,sweet potato,well-drained soil
52658,1.3844123213239463,1.4177413322789671,1.4291229942969927,-0.8975029591088394,-0.49808561796467227,-0.3410414224860247,0.041471313910391105,0.31620643449557667,0.626058669893833,1.0824307446943662,-0.33148448633756705,-0.13171524058645528,48,sweet potato,well-drained soil
52667,1.3844123213239463,1.4177413322789671,1.4291229942969927,1.114202454544477,-0.036457799358352465,0.04066198851847072,-0.4703493133566477,0.31620643449557667,0.5958281389146886,0.7246179203114577,-0.09818243225467063,-0.514355390382469,48,sweet potato,well-drained soil
52782,1.3844123213239463,1.4177413322789671,-1.1127094486959972,-0.8975029591088394,-0.49808561796467227,-0.3202555931738985,0.1950175020905025,0.31620643449557667,0.6001467861974232,0.91683142101302,-0.3839774485062187,-0.38680867378379774,48,sweet potato,well-drained soil
52818,1.3844123213239463,1.4177413322789671,-1.1127094486959972,-0.8975029591088394,-0.8058374970355525,-0.14641047529066326,-0.23149968729869652,0.31620643449557667,0.8074418557686991,0.12727750274660266,0.47340760024842543,-0.029677867307518382,48,sweet potato,well-drained soil
52920,1.3844123213239463,1.4177413322789671,-1.1127094486959972,-0.8975029591088394,-0.9597134365709921,0.034993125978800055,-0.1461962494208567,0.31620643449557667,0.6390146117420376,0.36976222670857356,-0.10401498360674312,-0.4924902389655539,48,sweet potato,well-drained soil
52921,1.3844123213239463,1.4177413322789671,1.9374894828955906,1.114202454544477,-1.1135893761064315,0.1691562060843404,-0.0608928115430169,0.31620643449557667,0.677882437286652,0.8902172439928039,0.3159287137424706,0.01405243552631186,48,sweet potato,well-drained soil
52922,1.3844123213239463,1.4177413322789671,1.4291229942969927,-0.8975029591088394,-0.036457799358352465,0.046330851058141394,0.1950175020905025,0.31620643449557667,0.6606078481557122,0.7039180048512894,0.40924953537562925,-0.2118874624484773,48,sweet potato,well-drained soil
52952,1.3844123213239463,1.4177413322789671,1.4291229942969927,-0.8975029591088394,-0.8058374970355525,0.19183165624302334,-0.09501418669415271,0.31620643449557667,0.6735637900039168,0.5974612967704243,0.23427299481345693,-0.15722458390618962,48,sweet potato,well-drained soil
52956,1.3844123213239463,1.4177413322789671,-1.1127094486959972,-0.8975029591088394,-0.19033373889379193,-0.18042365052868753,0.024410626334822903,0.31620643449557667,0.6303773171765676,1.020330998313861,0.21677534075723945,-0.3685877142697019,48,sweet potato,well-drained soil
52964,1.3844123213239463,1.4177413322789671,1.4291229942969927,-0.8975029591088394,-0.036457799358352465,-0.14830009613722003,-0.29974243760096814,0.31620643449557667,0.7772113247895547,0.09179193338631458,0.5433982164732946,-0.14629200819773194,48,sweet potato,well-drained soil
53009,0.5244013371185662,1.4177413322789671,1.9374894828955906,1.114202454544477,-1.5752171947127527,3.0829515514750923,0.6385953790552698,0.31620643449557667,-0.6177117475338197,-0.3281206373770984,-0.4189727566186532,-0.5362205417993842,49,tapoica,red lateritic Loamy soil
53026,0.5244013371185662,1.4177413322789671,-1.1127094486959972,-0.8975029591088394,-0.3442096784292314,3.1396401768717994,0.17795681451493492,0.31620643449557667,-0.8595559953669745,-0.05310747483486328,0.10012431371579124,-0.19366650293438142,49,tapoica,red lateritic Loamy soil
53050,0.5244013371185662,1.4177413322789671,-1.1127094486959972,-0.8975029591088394,-0.3442096784292314,3.1717637312632667,0.5191705660262941,0.31620643449557667,-0.48815232905177264,-0.29854932957685804,0.10012431371579124,-0.4013854413950744,49,tapoica,red lateritic Loamy soil
53077,0.5244013371185662,1.4177413322789671,-1.1127094486959972,1.114202454544477,-1.2674653156418723,3.205776906501291,0.43386712814845435,0.31620643449557667,-0.5399760964445913,-0.07972165185507976,0.36258912455904974,0.06871531406859954,49,tapoica,red lateritic Loamy soil
53103,0.5244013371185662,1.4177413322789671,1.4291229942969927,1.114202454544477,0.11741814017708838,3.1604260061839256,0.502109878450726,0.31620643449557667,-0.8379627589533,0.36089083436850156,-0.29065662687306,-0.4013854413950744,49,tapoica,red lateritic Loamy soil
53108,0.5244013371185662,1.4177413322789671,1.9374894828955906,-0.8975029591088394,-1.1135893761064315,3.4533172374002463,0.6727167542064055,0.31620643449557667,-0.5874812165546753,-0.6149623230394298,0.28093340563003605,-0.3248574114358716,49,tapoica,red lateritic Loamy soil
53110,0.5244013371185662,1.4177413322789671,-1.1127094486959972,-0.8975029591088394,-0.49808561796467227,3.0451591345439537,0.21207818966607073,0.31620643449557667,-0.7256779296021924,0.4377762346491263,0.39175188131941174,-0.2774829166992224,49,tapoica,red lateritic Loamy soil
53111,0.5244013371185662,1.4177413322789671,1.9374894828955906,1.114202454544477,-1.729093134248192,3.396628612003539,0.43386712814845435,0.31620643449557667,-0.8120508752568905,-0.3872632529775791,0.45590994619220837,-0.062475594432890934,49,tapoica,red lateritic Loamy soil
53114,0.5244013371185662,1.4177413322789671,1.9374894828955906,-0.8975029591088394,0.5790459587834081,3.1358609351786857,0.33150300269504634,0.31620643449557667,-0.8725119372151791,0.2514769955076122,0.012636043434705087,0.00311985981785443,49,tapoica,red lateritic Loamy soil
53176,0.5244013371185662,1.4177413322789671,-1.1127094486959972,-0.8975029591088394,-1.421341255177312,3.4929992751779406,0.17795681451493492,0.31620643449557667,-0.8552373480842396,0.2159914261473237,-0.2964891782251325,-0.20459907864283886,49,tapoica,red lateritic Loamy soil
53191,0.5244013371185662,1.4177413322789671,-1.1127094486959972,1.114202454544477,-1.5752171947127527,3.5459086588815345,0.05853200148595931,0.31620643449557667,-0.5529320382927961,0.21007716458727596,0.10595686506786374,-0.06976397823852913,49,tapoica,red lateritic Loamy soil
53213,0.5244013371185662,1.4177413322789671,1.9374894828955906,1.114202454544477,-0.9597134365709921,3.3531673325327302,0.5362312536018617,0.31620643449557667,-0.8941051736288536,-0.4109202992177713,0.3217612650945431,-0.0770523620441676,49,tapoica,red lateritic Loamy soil
53227,0.5244013371185662,1.4177413322789671,-1.1127094486959972,1.114202454544477,-1.5752171947127527,3.574252971579888,0.21207818966607073,0.31620643449557667,-0.8293254643878301,0.2840054340878768,0.21094278940516697,-0.33943417904714857,49,tapoica,red lateritic Loamy soil
53299,0.5244013371185662,1.4177413322789671,-1.1127094486959972,1.114202454544477,-1.421341255177312,3.052717617930181,0.5703526287529982,0.31620643449557667,-0.6133931002510848,0.035606448565857755,0.26926830292589105,-0.47062508754863874,49,tapoica,red lateritic Loamy soil
53303,0.5244013371185662,1.4177413322789671,1.9374894828955906,1.114202454544477,0.27129407971252784,3.5704737298867744,0.2973816275439105,0.31620643449557667,-0.794776286125951,-0.21574966773618517,0.3392589191507602,-0.08798493775262503,49,tapoica,red lateritic Loamy soil
53315,0.5244013371185662,1.4177413322789671,1.9374894828955906,1.114202454544477,-0.036457799358352465,3.09617889740099,0.46798850329959013,0.31620643449557667,-0.6220303948165548,0.3579337035884777,-0.33148448633756705,0.076003697874238,49,tapoica,red lateritic Loamy soil
53335,0.5244013371185662,1.4177413322789671,-1.1127094486959972,1.114202454544477,-1.2674653156418723,3.1982184231150637,0.21207818966607073,0.31620643449557667,-0.8552373480842396,-0.20392114461608887,0.3159287137424706,-0.00416852398778403,49,tapoica,red lateritic Loamy soil
53346,0.5244013371185662,1.4177413322789671,1.4291229942969927,-0.8975029591088394,0.27129407971252784,3.2983683279825793,0.33150300269504634,0.31620643449557667,-0.8379627589533,-0.029450428594671087,0.251770648869674,-0.4013854413950744,49,tapoica,red lateritic Loamy soil
53356,0.5244013371185662,1.4177413322789671,-1.1127094486959972,-0.8975029591088394,-0.6519615575001118,3.381511645231084,0.3656243778461821,0.31620643449557667,-0.5140642127481821,-0.3192492450370264,0.3217612650945431,0.0942246573883339,49,tapoica,red lateritic Loamy soil
53364,0.5244013371185662,1.4177413322789671,1.4291229942969927,-0.8975029591088394,0.27129407971252784,3.598818042585128,0.17795681451493492,0.31620643449557667,-0.7040846931885179,0.3934192729487658,0.23427299481345693,-0.2738387247964032,49,tapoica,red lateritic Loamy soil
53374,0.5244013371185662,1.4177413322789671,-1.1127094486959972,-0.8975029591088394,-1.421341255177312,3.16987411041671,0.6897774417819738,0.31620643449557667,-0.5788439219892056,-0.21574966773618517,-0.03985691873394653,-0.5107111984796497,49,tapoica,red lateritic Loamy soil
53397,0.5244013371185662,1.4177413322789671,1.4291229942969927,1.114202454544477,0.27129407971252784,3.1037373807872184,0.4168064405728861,0.31620643449557667,-0.4924709763345076,0.5324044196098955,0.5025703570087875,-0.5690182689247567,49,tapoica,red lateritic Loamy soil
53431,0.5244013371185662,1.4177413322789671,-1.1127094486959972,1.114202454544477,0.11741814017708838,3.366394678458628,0.48504919087515835,0.31620643449557667,-0.8854678790633836,0.10953471806645862,0.6717143462188877,0.03956177884604621,49,tapoica,red lateritic Loamy soil
53490,0.5244013371185662,1.4177413322789671,1.4291229942969927,-0.8975029591088394,0.27129407971252784,3.581811454966115,0.43386712814845435,0.31620643449557667,-0.6349863366647593,-0.552862576658925,-0.4248053079707257,-0.1353594324892745,49,tapoica,red lateritic Loamy soil
53585,0.5244013371185662,1.4177413322789671,1.9374894828955906,1.114202454544477,-0.036457799358352465,3.4778823084054853,0.28032093996834234,0.31620643449557667,-0.4924709763345076,0.156848810546843,-0.4656331674352323,0.09786884929115286,49,tapoica,red lateritic Loamy soil
53589,0.5244013371185662,1.4177413322789671,1.4291229942969927,1.114202454544477,-1.1135893761064315,3.389070128617311,0.48504919087515835,0.31620643449557667,-0.8552373480842396,0.37271935748859786,0.240105546165529,-0.26655034099076497,49,tapoica,red lateritic Loamy soil
53643,0.5244013371185662,1.4177413322789671,1.4291229942969927,1.114202454544477,-0.19033373889379193,3.039490272004283,0.655656066630838,0.31620643449557667,-0.6393049839474942,-0.3636062067373869,0.07096155695542919,0.024985011234769292,49,tapoica,red lateritic Loamy soil
53648,0.5244013371185662,1.4177413322789671,1.9374894828955906,-0.8975029591088394,0.4251700192479687,3.2738032569773403,0.041471313910391105,0.31620643449557667,-0.8034135806914205,-0.2748922833366659,0.28093340563003605,-0.3722319061725211,49,tapoica,red lateritic Loamy soil
53651,0.5244013371185662,1.4177413322789671,1.9374894828955906,1.114202454544477,-1.729093134248192,3.230341977506531,0.1438354393637991,0.31620643449557667,-0.790457638843216,-0.30150646035688233,0.5667284218815841,-0.051543018724433246,49,tapoica,red lateritic Loamy soil
53674,0.5244013371185662,1.4177413322789671,-1.1127094486959972,-0.8975029591088394,-1.1135893761064315,3.2038872856547336,0.09265337663709511,0.31620643449557667,-0.7688644024295415,-0.34586342205724285,0.45590994619220837,0.04320597074886519,49,tapoica,red lateritic Loamy soil
53781,0.5244013371185662,1.4177413322789671,1.4291229942969927,1.114202454544477,0.11741814017708838,3.579921834119559,0.55329194117743,0.31620643449557667,-0.5356574491618566,0.27513404174780437,-0.2964891782251325,-0.26290614908794574,49,tapoica,red lateritic Loamy soil
53808,0.5244013371185662,1.4177413322789671,1.4291229942969927,-0.8975029591088394,-1.2674653156418723,3.2397900817393155,0.17795681451493492,0.31620643449557667,-0.5227015073136517,-0.19800688305604114,0.5259005624170775,-0.03332205921033735,49,tapoica,red lateritic Loamy soil
53822,0.5244013371185662,1.4177413322789671,1.9374894828955906,-0.8975029591088394,-1.421341255177312,3.207666527347848,0.1950175020905025,0.31620643449557667,-0.7602271078640715,-0.2482781063164494,-0.32565193498549455,-0.19731069483720037,49,tapoica,red lateritic Loamy soil
53828,0.5244013371185662,1.4177413322789671,1.9374894828955906,-0.8975029591088394,0.27129407971252784,3.149088281104584,0.31444231511947873,0.31620643449557667,-0.6133931002510848,-0.05015034405483941,0.22844044346138445,0.076003697874238,49,tapoica,red lateritic Loamy soil
53909,0.5244013371185662,1.4177413322789671,1.9374894828955906,1.114202454544477,-0.3442096784292314,3.3569465742258435,0.3656243778461821,0.31620643449557667,-0.7645457551468064,0.09179193338631458,0.5725609732336566,-0.5362205417993842,49,tapoica,red lateritic Loamy soil
53918,0.5244013371185662,1.4177413322789671,1.9374894828955906,-0.8975029591088394,0.4251700192479687,3.0451591345439537,0.5703526287529982,0.31620643449557667,-0.7040846931885179,0.5057902425896794,0.07096155695542919,-0.3831644818809785,49,tapoica,red lateritic Loamy soil
53921,0.5244013371185662,1.4177413322789671,1.9374894828955906,1.114202454544477,-1.729093134248192,3.2926994654429094,0.22913887724163892,0.31620643449557667,-0.7559084605813365,-0.32220637581705025,0.4967378056567154,0.01769662742913109,49,tapoica,red lateritic Loamy soil
53950,0.5244013371185662,1.4177413322789671,-1.1127094486959972,-0.8975029591088394,-0.49808561796467227,3.3607258159189572,0.38268506542175035,0.31620643449557667,-0.5313388018791216,0.16276307210689114,-0.3548146917458566,-0.2592619571851265,49,tapoica,red lateritic Loamy soil
53967,0.5244013371185662,1.4177413322789671,1.4291229942969927,1.114202454544477,0.4251700192479687,3.052717617930181,0.5703526287529982,0.31620643449557667,-0.6047558056856148,0.28696256486790067,-0.028191816029801538,-0.4086738252007129,49,tapoica,red lateritic Loamy soil
53997,0.5244013371185662,1.4177413322789671,1.4291229942969927,1.114202454544477,-0.036457799358352465,3.1415297977183565,0.21207818966607073,0.31620643449557667,-0.8077322279741556,0.45256188854924645,-0.08651732955052564,-0.41960640090917034,49,tapoica,red lateritic Loamy soil
54003,0.6199581131413862,1.4177413322789671,1.9374894828955906,1.114202454544477,0.11741814017708838,2.468824776344097,0.6215346914797015,0.664492853714632,0.4360381894534969,-0.3044635911369062,-0.20900090794404635,-0.2556177652823073,21,elephant foot yam,rich red Loamy soil
54005,0.6199581131413862,1.4177413322789671,-1.1127094486959972,1.114202454544477,-0.036457799358352465,2.468824776344097,0.33150300269504634,0.34960376236589696,0.479224662280846,-0.14477852901560817,-0.08651732955052564,-0.3722319061725211,21,elephant foot yam,rich red Loamy soil
54014,0.6199581131413862,1.4177413322789671,-1.1127094486959972,-0.8975029591088394,-1.2674653156418723,2.468824776344097,0.22913887724163892,1.3518042482895454,0.40148901119161784,0.4111620576289102,-0.08068477819845356,-0.49977862277119234,21,elephant foot yam,rich red Loamy soil
54045,0.6199581131413862,1.4177413322789671,1.9374894828955906,1.114202454544477,-1.2674653156418723,2.468824776344097,1.2186587566245801,0.9880820892984932,0.40580765847435246,0.07996341026621827,0.48507270295257043,0.061426930262961074,21,elephant foot yam,rich red Loamy soil
54054,0.6199581131413862,1.4177413322789671,1.9374894828955906,-0.8975029591088394,-1.5752171947127527,2.468824776344097,0.5703526287529982,0.4155564686644292,0.5008178986945205,-0.5735624921190934,0.50840290836086,0.07964788977705697,21,elephant foot yam,rich red Loamy soil
54066,0.6199581131413862,1.4177413322789671,1.9374894828955906,-0.8975029591088394,-0.19033373889379193,2.468824776344097,0.8433236299620851,1.4940937040059525,0.40148901119161784,-0.5617339689989973,-0.23233111335233592,-0.25197357337948806,21,elephant foot yam,rich red Loamy soil
54078,0.6199581131413862,1.4177413322789671,1.9374894828955906,-0.8975029591088394,-1.421341255177312,2.468824776344097,0.1097140642126627,0.41976621587497376,0.565597607935544,0.1450202874267471,0.23427299481345693,-0.36129933046406343,21,elephant foot yam,rich red Loamy soil
54083,0.6199581131413862,1.4177413322789671,-1.1127094486959972,1.114202454544477,-1.1135893761064315,2.468824776344097,1.611054570862644,1.647889802097848,0.4360381894534969,-0.192092621495993,0.26926830292589105,0.0650711221657803,21,elephant foot yam,rich red Loamy soil
54084,0.6199581131413862,1.4177413322789671,1.9374894828955906,-0.8975029591088394,-0.8058374970355525,2.468824776344097,1.628115258438211,0.4349213058329339,0.38853306934341325,0.147977418206771,0.36842167591112224,0.03956177884604621,21,elephant foot yam,rich red Loamy soil
54086,0.6199581131413862,1.4177413322789671,-1.1127094486959972,-0.8975029591088394,-0.036457799358352465,2.468824776344097,0.1950175020905025,1.3765014319247402,0.5785535497837486,-0.1891354907159687,0.09429176236371875,-0.5835950365360334,21,elephant foot yam,rich red Loamy soil
54105,0.6199581131413862,1.4177413322789671,1.9374894828955906,1.114202454544477,-0.6519615575001118,2.468824776344097,1.5428118205603711,1.5013905991708962,0.531048429673665,-0.12407861355544027,0.6017237299940186,0.0942246573883339,21,elephant foot yam,rich red Loamy soil
54112,0.6199581131413862,1.4177413322789671,1.4291229942969927,-0.8975029591088394,-0.9597134365709921,2.468824776344097,0.4509278157240219,1.3310361620508584,0.40580765847435246,0.4496047577692226,0.1409521731802983,-0.2556177652823073,21,elephant foot yam,rich red Loamy soil
54147,0.6199581131413862,1.4177413322789671,1.9374894828955906,1.114202454544477,-1.5752171947127527,2.468824776344097,0.6727167542064055,1.4685545709286483,0.41012630575708775,-0.46119152247817996,0.6483841408105977,0.07964788977705697,21,elephant foot yam,rich red Loamy soil
54169,0.6199581131413862,1.4177413322789671,1.4291229942969927,1.114202454544477,0.11741814017708838,2.468824776344097,0.4168064405728861,1.4660287226023219,0.5008178986945205,0.45551901932927075,0.5259005624170775,-0.5471531175078416,21,elephant foot yam,rich red Loamy soil
54196,0.6199581131413862,1.4177413322789671,1.4291229942969927,-0.8975029591088394,-0.6519615575001118,2.468824776344097,0.8603843175376533,1.5839016444975704,0.4446754840189669,0.2514769955076122,0.3334263677986877,-0.55444150131348,21,elephant foot yam,rich red Loamy soil
54259,0.6199581131413862,1.4177413322789671,1.4291229942969927,1.114202454544477,-0.6519615575001118,2.468824776344097,0.7068381293575413,1.3408589055421292,0.5267297823909303,-0.5025913533985166,0.1292870704761533,-0.062475594432890934,21,elephant foot yam,rich red Loamy soil
54349,0.6199581131413862,1.4177413322789671,1.4291229942969927,1.114202454544477,-0.9597134365709921,2.468824776344097,0.7750808796598135,0.7498103971816692,0.4489941313017015,-0.13590713667553617,0.04179880019506714,-0.38680867378379774,21,elephant foot yam,rich red Loamy soil
54438,0.6199581131413862,1.4177413322789671,1.9374894828955906,-0.8975029591088394,0.27129407971252784,2.468824776344097,1.2698408193512847,1.5302975300166357,0.574234902501014,0.23077708004744385,-0.25566131876062587,-0.5617298851191183,21,elephant foot yam,rich red Loamy soil
54449,0.6199581131413862,1.4177413322789671,-1.1127094486959972,1.114202454544477,-1.421341255177312,2.468824776344097,0.3656243778461821,1.6950389708559472,0.522411135108195,0.5205758964897995,0.14678472453237076,-0.16451296771182783,21,elephant foot yam,rich red Loamy soil
54520,0.6199581131413862,1.4177413322789671,1.4291229942969927,-0.8975029591088394,-0.6519615575001118,2.468824776344097,1.730479383891619,0.6035918440687541,0.574234902501014,0.5324044196098955,0.14678472453237076,0.024985011234769292,21,elephant foot yam,rich red Loamy soil
54535,0.6199581131413862,1.4177413322789671,1.4291229942969927,1.114202454544477,0.4251700192479687,2.468824776344097,0.2461995648172065,0.5073289578543007,0.4446754840189669,-0.43753447623798775,0.5783935245857291,-0.5653740770219374,21,elephant foot yam,rich red Loamy soil
54538,0.6199581131413862,1.4177413322789671,1.4291229942969927,-0.8975029591088394,0.11741814017708838,2.468824776344097,0.1438354393637991,1.615615073483673,0.4662687204326414,0.20712003380725166,-0.4248053079707257,0.0650711221657803,21,elephant foot yam,rich red Loamy soil
54540,0.6199581131413862,1.4177413322789671,1.9374894828955906,-0.8975029591088394,-0.036457799358352465,2.468824776344097,0.2973816275439105,1.4042857635143347,0.41444495303982243,0.4910045886895592,0.6250539354023081,-0.3540109466584252,21,elephant foot yam,rich red Loamy soil
54553,0.6199581131413862,1.4177413322789671,1.4291229942969927,1.114202454544477,-0.3442096784292314,2.468824776344097,0.8945056926887891,1.5274910318762727,0.5483230188046049,-0.49371996105844457,0.6308864867543806,-0.2774829166992224,21,elephant foot yam,rich red Loamy soil
54605,0.6199581131413862,1.4177413322789671,-1.1127094486959972,1.114202454544477,-1.5752171947127527,2.468824776344097,1.5598725081359395,1.3781853308089584,0.5051365459772558,0.10657758728643475,0.6192213840502357,-0.22646423005975397,21,elephant foot yam,rich red Loamy soil
54609,0.6199581131413862,1.4177413322789671,1.9374894828955906,1.114202454544477,-1.421341255177312,2.468824776344097,1.4575083826825315,1.1803272119133628,0.47058736771537607,0.21894855692734796,-0.1798381511836843,0.024985011234769292,21,elephant foot yam,rich red Loamy soil
54638,0.6199581131413862,1.4177413322789671,-1.1127094486959972,-0.8975029591088394,0.27129407971252784,2.468824776344097,1.4575083826825315,1.5210360861534378,0.582872197066484,-0.41979169155784374,-0.28482407552098793,-0.4013854413950744,21,elephant foot yam,rich red Loamy soil
54659,0.6199581131413862,1.4177413322789671,-1.1127094486959972,1.114202454544477,-1.2674653156418723,2.468824776344097,0.8262629423865175,0.3751428954432009,0.5569603133700741,0.4052477960688621,0.39758443267148424,-0.5070670065768306,21,elephant foot yam,rich red Loamy soil
54665,0.6199581131413862,1.4177413322789671,-1.1127094486959972,1.114202454544477,-0.49808561796467227,2.468824776344097,1.2357194442001485,1.3804305293212487,0.4749060149981113,-0.2482781063164494,-0.44230296202694275,-0.5252879660909264,21,elephant foot yam,rich red Loamy soil
54730,0.6199581131413862,1.4177413322789671,1.4291229942969927,-0.8975029591088394,-0.3442096784292314,2.468824776344097,1.2357194442001485,1.14103623794828,0.41012630575708775,-0.4345773454579639,0.49090525430464294,-0.594527612244491,21,elephant foot yam,rich red Loamy soil
54812,0.6199581131413862,1.4177413322789671,-1.1127094486959972,-0.8975029591088394,0.27129407971252784,2.468824776344097,0.877445005113221,0.664492853714632,0.5440043715218695,0.06222062558607423,0.1876125839968774,-0.16815715961464706,21,elephant foot yam,rich red Loamy soil
54820,0.6199581131413862,1.4177413322789671,1.4291229942969927,-0.8975029591088394,-0.49808561796467227,2.468824776344097,0.7750808796598135,1.3099874259981354,0.5094551932599904,-0.05902173639491143,-0.4014751025624361,-0.12078266487799784,21,elephant foot yam,rich red Loamy soil
54834,0.6199581131413862,1.4177413322789671,1.9374894828955906,-0.8975029591088394,-1.1135893761064315,2.468824776344097,0.48504919087515835,1.5154230898727115,0.41012630575708775,0.1598059413268673,-0.22066601064819133,-0.5726624608275759,21,elephant foot yam,rich red Loamy soil
54858,0.6199581131413862,1.4177413322789671,1.9374894828955906,-0.8975029591088394,-0.6519615575001118,2.468824776344097,0.8945056926887891,0.8598251242839012,0.4317195421707623,-0.3517776836172906,-0.261493870112698,-0.4669808956458198,21,elephant foot yam,rich red Loamy soil
54867,0.6199581131413862,1.4177413322789671,1.9374894828955906,1.114202454544477,-0.036457799358352465,2.468824776344097,1.2186587566245801,0.9600171078948626,0.47058736771537607,-0.14477852901560817,0.018468594786777582,-0.6018159960501293,21,elephant foot yam,rich red Loamy soil
54887,0.6199581131413862,1.4177413322789671,-1.1127094486959972,1.114202454544477,-1.729093134248192,2.468824776344097,1.0651125684444687,1.4952163032620973,0.3798957747779433,-0.06789312873498345,-0.06901967549430858,-0.4414715523260854,21,elephant foot yam,rich red Loamy soil
54896,0.6199581131413862,1.4177413322789671,-1.1127094486959972,-0.8975029591088394,0.4251700192479687,2.468824776344097,1.5769331957115076,1.5328233783429626,0.5612789606528095,0.48804745790953497,0.22260789210931195,-0.4524041280345429,21,elephant foot yam,rich red Loamy soil
54911,0.6199581131413862,1.4177413322789671,-1.1127094486959972,1.114202454544477,-0.19033373889379193,2.468824776344097,0.31444231511947873,0.8185696016205641,0.5871908443492186,-0.31333498347697825,0.024301146138850073,-0.26290614908794574,21,elephant foot yam,rich red Loamy soil
54936,0.6199581131413862,1.4177413322789671,1.9374894828955906,-0.8975029591088394,-0.49808561796467227,2.468824776344097,0.7750808796598135,0.509293506552555,0.574234902501014,-0.3517776836172906,-0.21483345929611883,-0.29205968431049906,21,elephant foot yam,rich red Loamy soil
54971,0.6199581131413862,1.4177413322789671,-1.1127094486959972,1.114202454544477,-0.6519615575001118,2.468824776344097,1.508690445409236,0.40180462777664994,0.4403568367362322,0.1006633257263866,0.15261727588444285,-0.35036675475560597,21,elephant foot yam,rich red Loamy soil
55044,0.8110716651870262,1.4177413322789671,-1.1127094486959972,-0.8975029591088394,-0.19033373889379193,-0.7926608048131254,-3.1318165751452494,-1.2602035709463535,1.0838352818637327,0.6861752201711453,0.44424484348806337,-0.02238948350187992,14,cauliflower,sandy Loamy soil
55064,0.8110716651870262,1.4177413322789671,1.4291229942969927,-0.8975029591088394,0.27129407971252784,-0.8153362549718084,-0.23149968729869652,-1.3811636407960013,1.157252285670226,0.026735056225785737,-0.19733580523990177,-0.6018159960501293,14,cauliflower,sandy Loamy soil
55077,0.8110716651870262,1.4177413322789671,-1.1127094486959972,1.114202454544477,0.27129407971252784,-0.4393017065069839,-3.268302075749794,-1.3180174326378324,1.070879340015528,0.5590185966301119,-0.3781448971541462,-0.4669808956458198,14,cauliflower,sandy Loamy soil
55121,0.8110716651870262,1.4177413322789671,1.4291229942969927,1.114202454544477,0.27129407971252784,-0.4185158771948578,0.38268506542175035,-1.390986384287272,1.165889580235696,1.0085024751937652,0.5900586272898737,-0.3831644818809785,14,cauliflower,sandy Loamy soil
55134,0.8110716651870262,1.4177413322789671,-1.1127094486959972,-0.8975029591088394,-0.19033373889379193,-0.8909210888340847,-2.8588455739361622,-1.2851814043955847,1.1011098709946725,0.836988889952371,0.17011492994066033,-0.4487599361317239,14,cauliflower,sandy Loamy soil
55179,0.8110716651870262,1.4177413322789671,-1.1127094486959972,1.114202454544477,-0.036457799358352465,-0.9513889559239058,-1.5110512554662934,-1.377234543399493,1.2393065840421895,0.5738042505302321,-0.15067539442332223,-0.5872392284388526,14,cauliflower,sandy Loamy soil
55207,0.8110716651870262,1.4177413322789671,1.9374894828955906,1.114202454544477,-0.19033373889379193,-0.3221452140204556,0.38268506542175035,-1.1560824899388842,1.2349879367594543,1.10017352937451,-0.44813551337901525,-0.28112710860204165,14,cauliflower,sandy Loamy soil
55210,0.8110716651870262,1.4177413322789671,1.9374894828955906,-0.8975029591088394,-0.036457799358352465,-0.21254720492015503,-1.5792940057685652,-1.1566437895669566,1.1918014639321053,0.4939617194695831,0.16428237858858785,0.024985011234769292,14,cauliflower,sandy Loamy soil
55234,0.8110716651870262,1.4177413322789671,1.9374894828955906,-0.8975029591088394,-0.036457799358352465,-0.7416410419560892,-0.4874100009322159,-1.2217545464233797,1.0967912237119373,0.2041629030272278,0.40341698402355675,0.024985011234769292,14,cauliflower,sandy Loamy soil
55262,0.8110716651870262,1.4177413322789671,1.4291229942969927,-0.8975029591088394,-0.036457799358352465,-0.7567580087285444,-1.8693256945532204,-1.1614148364055739,1.0751979872982627,0.4348191038691024,-0.05152202143809151,-0.3540109466584252,14,cauliflower,sandy Loamy soil
55338,0.8110716651870262,1.4177413322789671,-1.1127094486959972,-0.8975029591088394,-0.036457799358352465,-0.21065758407359794,-2.3299642590935554,-1.3547825582765884,1.0406488090363837,0.15093454898679526,-0.045689470086019014,0.03956177884604621,14,cauliflower,sandy Loamy soil
55342,0.8110716651870262,1.4177413322789671,1.9374894828955906,-0.8975029591088394,-0.036457799358352465,-0.4959903319036912,-0.40210656305437614,-1.195654113718003,1.2220319949112497,0.5353615503899197,0.5842260759378015,-0.5580856932162992,14,cauliflower,sandy Loamy soil
55343,0.8110716651870262,1.4177413322789671,1.4291229942969927,1.114202454544477,0.27129407971252784,-0.4411913273535407,-0.1632569369964243,-1.2778845092306408,1.027692867188179,-0.005793382354478895,0.5259005624170775,-0.14629200819773194,14,cauliflower,sandy Loamy soil
55456,0.8110716651870262,1.4177413322789671,1.9374894828955906,-0.8975029591088394,-0.19033373889379193,-0.8474598093632759,-2.978270386965138,-1.2795684081148586,1.1961201112148405,0.12727750274660266,-0.261493870112698,-0.0770523620441676,14,cauliflower,sandy Loamy soil
55470,0.8110716651870262,1.4177413322789671,-1.1127094486959972,-0.8975029591088394,0.27129407971252784,-0.24467075931162222,-0.4703493133566477,-1.1614148364055739,1.079516634580998,0.22781994926742,0.47340760024842543,-0.26290614908794574,14,cauliflower,sandy Loamy soil
55478,0.8110716651870262,1.4177413322789671,1.4291229942969927,-0.8975029591088394,0.11741814017708838,-0.6830627957128249,-1.3916264424373173,-1.3152109344974694,1.1918014639321053,0.40820492684888593,-0.2673264214647704,0.10515723309679133,14,cauliflower,sandy Loamy soil
55503,0.8110716651870262,1.4177413322789671,-1.1127094486959972,1.114202454544477,0.11741814017708838,-0.4808733651312357,-2.2446608212157155,-1.401089777592579,1.1788455220839007,-0.01762190547457478,0.39758443267148424,-0.5471531175078416,14,cauliflower,sandy Loamy soil
55524,0.8110716651870262,1.4177413322789671,-1.1127094486959972,-0.8975029591088394,0.11741814017708838,-0.5772440283056381,0.48504919087515835,-1.1529953419844847,1.21339470034578,0.147977418206771,0.5725609732336566,-0.27019453289358397,14,cauliflower,sandy Loamy soil
55540,0.8110716651870262,1.4177413322789671,1.9374894828955906,-0.8975029591088394,-0.036457799358352465,-0.7926608048131254,-0.6238955015367591,-1.1833055219004056,1.1788455220839007,0.33427665734828504,-0.16234049712746723,-0.12078266487799784,14,cauliflower,sandy Loamy soil
55578,0.8110716651870262,1.4177413322789671,-1.1127094486959972,-0.8975029591088394,-0.036457799358352465,-0.187982133914915,-2.6370566354537788,-1.2262449434479605,1.0838352818637327,0.6684324354910013,0.3800867786152672,-0.5179995822852882,14,cauliflower,sandy Loamy soil
55579,0.8110716651870262,1.4177413322789671,1.9374894828955906,1.114202454544477,0.27129407971252784,-0.7000693833318371,-1.9205077572799243,-1.4207352645751203,1.0492861036018535,1.094259267814462,-0.15650794577539473,-0.3722319061725211,14,cauliflower,sandy Loamy soil
55581,0.8110716651870262,1.4177413322789671,-1.1127094486959972,1.114202454544477,0.11741814017708838,-0.6188156869298902,-0.5385920636589193,-1.2784458088587134,1.1702082275184307,0.02377792544576145,0.3217612650945431,0.11608980880524876,14,cauliflower,sandy Loamy soil
55587,0.8110716651870262,1.4177413322789671,-1.1127094486959972,1.114202454544477,-0.19033373889379193,-0.6055883410039917,-2.7394207609071866,-1.1546792408687025,1.1529336383874915,0.9020457671128997,-0.302321729577205,-0.13171524058645528,14,cauliflower,sandy Loamy soil
55588,0.8110716651870262,1.4177413322789671,1.9374894828955906,-0.8975029591088394,-0.036457799358352465,-0.36371687264470765,-3.370666201203201,-1.4142803188522854,1.1054285182774073,0.3638479651485254,-0.045689470086019014,0.07964788977705697,14,cauliflower,sandy Loamy soil
55608,0.8110716651870262,1.4177413322789671,-1.1127094486959972,-0.8975029591088394,-0.19033373889379193,-0.9362719891514506,-1.6304760684952693,-1.3258756274308492,1.088153929146468,0.674346697051049,-0.2498287674085534,-0.3175690276302334,14,cauliflower,sandy Loamy soil
55643,0.8110716651870262,1.4177413322789671,1.4291229942969927,1.114202454544477,0.11741814017708838,-0.25033962185129316,-2.517631822424803,-1.1375596022124879,1.1961201112148405,1.0617308292341978,0.26926830292589105,-0.32850160333869083,14,cauliflower,sandy Loamy soil
55655,0.8110716651870262,1.4177413322789671,1.4291229942969927,1.114202454544477,0.11741814017708838,-0.9759540269291456,-0.3338638127521039,-1.2439258817322476,1.2263506421939845,0.8636030669725874,-0.1740055998316118,-0.09162912965544426,14,cauliflower,sandy Loamy soil
55668,0.8110716651870262,1.4177413322789671,-1.1127094486959972,-0.8975029591088394,-0.036457799358352465,-0.7624268712682151,-1.0333520033503905,-1.1142656676474745,1.0751979872982627,0.576761381310256,-0.32565193498549455,-0.5580856932162992,14,cauliflower,sandy Loamy soil
55715,0.8110716651870262,1.4177413322789671,1.4291229942969927,1.114202454544477,0.11741814017708838,-0.5129969195227032,-0.45328862578107953,-1.2994945449114363,1.1529336383874915,0.76306062045177,0.21677534075723945,-0.24104099767103063,14,cauliflower,sandy Loamy soil
55719,0.8110716651870262,1.4177413322789671,-1.1127094486959972,1.114202454544477,-0.19033373889379193,-0.37316497687749217,-0.6068348139611915,-1.1630987352897917,1.1831641693666353,0.9789311673935249,-0.4656331674352323,-0.5325763498965649,14,cauliflower,sandy Loamy soil
55738,0.8110716651870262,1.4177413322789671,1.9374894828955906,-0.8975029591088394,0.11741814017708838,-0.5262242654486016,-1.2039588791060702,-1.1137043680194019,1.131340401973817,0.5531043350700637,-0.3081542809292775,-0.44511574422890465,14,cauliflower,sandy Loamy soil
55754,0.8110716651870262,1.4177413322789671,1.4291229942969927,-0.8975029591088394,0.27129407971252784,-0.8134466341252516,-1.9205077572799243,-1.2767619099744956,1.2263506421939845,0.8281174976122989,-0.44230296202694275,0.076003697874238,14,cauliflower,sandy Loamy soil
55774,0.8110716651870262,1.4177413322789671,1.9374894828955906,-0.8975029591088394,0.11741814017708838,-0.6584977247075852,-0.5897741263856233,-1.412877069782104,1.079516634580998,0.31653387266814104,0.35675657320697723,-0.051543018724433246,14,cauliflower,sandy Loamy soil
55775,0.8110716651870262,1.4177413322789671,1.4291229942969927,1.114202454544477,-0.036457799358352465,-0.6452703787816867,0.28032093996834234,-1.2767619099744956,1.1918014639321053,0.1923343799071315,-0.4189727566186532,-0.24468518957384985,14,cauliflower,sandy Loamy soil
55786,0.8110716651870262,1.4177413322789671,1.9374894828955906,-0.8975029591088394,-0.19033373889379193,-1.0042983396274991,-0.5556527512344875,-1.2501001776410465,1.1918014639321053,0.20712003380725166,-0.03985691873394653,-0.24468518957384985,14,cauliflower,sandy Loamy soil
55823,0.8110716651870262,1.4177413322789671,1.4291229942969927,1.114202454544477,0.11741814017708838,-0.9872917520084871,-2.7052993857560503,-1.1111785196930752,1.209076053063045,0.33723378812830934,0.6250539354023081,0.09786884929115286,14,cauliflower,sandy Loamy soil
55896,0.8110716651870262,1.4177413322789671,-1.1127094486959972,-0.8975029591088394,-0.19033373889379193,-0.18231327137524433,-2.432328384546963,-1.145137147191468,1.0492861036018535,0.8517745438524911,0.1817800326448049,-0.46333670374300057,14,cauliflower,sandy Loamy soil
55948,0.8110716651870262,1.4177413322789671,1.9374894828955906,-0.8975029591088394,-0.036457799358352465,-0.8304532217442636,-2.432328384546963,-1.2492582281989375,1.165889580235696,0.08587767182626642,0.21677534075723945,-0.5034228146740116,14,cauliflower,sandy Loamy soil
55955,0.8110716651870262,1.4177413322789671,1.4291229942969927,1.114202454544477,0.11741814017708838,-0.3240348348670124,0.502109878450726,-1.234103138240977,1.1745268748011661,0.8015033205920828,-0.2731589728168429,-0.36129933046406343,14,cauliflower,sandy Loamy soil
55986,0.8110716651870262,1.4177413322789671,-1.1127094486959972,-0.8975029591088394,0.27129407971252784,-0.7397514211095321,-1.664597443646405,-1.2543099248515912,1.165889580235696,0.9671026442734286,0.5433982164732946,-0.3722319061725211,14,cauliflower,sandy Loamy soil
56069,0.8110716651870262,-1.0687588504872214,-0.6043429600973992,1.114202454544477,0.27129407971252784,-0.4770941234381221,-0.11207487426972029,-0.6104992514523055,-0.08219948447469164,0.4170763191889584,0.09429176236371875,-0.05883140253007171,41,small onion,sandy Loamy soil
56111,0.8110716651870262,-1.0687588504872214,-1.621075937294595,1.114202454544477,-0.8058374970355525,-0.620705307776447,-1.3916264424373173,-0.5392141986870835,-0.06060624806101711,-0.2127925369561613,-0.1856707025357568,-0.5763066527303952,41,small onion,sandy Loamy soil
56142,0.8110716651870262,-1.0687588504872214,0.9207565056983947,-0.8975029591088394,-0.9597134365709921,-0.3674961143378212,-1.1698375039549345,-0.39524084408645876,-0.21175890295673877,0.08883480260629029,-0.09234988090259813,-0.029677867307518382,41,small onion,sandy Loamy soil
56143,0.8110716651870262,-1.0687588504872214,-0.09597647149880119,1.114202454544477,0.11741814017708838,-0.620705307776447,-0.9992306281992548,-0.4822422864377136,-0.21607755023947342,-0.5646910997790211,-0.3664797944500016,-0.5908834203416719,41,small onion,sandy Loamy soil
56146,0.8110716651870262,-1.0687588504872214,-1.621075937294595,-0.8975029591088394,-0.19033373889379193,-0.4355224648138701,-0.9139271903214149,-0.4202186775356899,-0.10379272088836615,-0.49076283027842027,0.3159287137424706,-0.31028064382459497,41,small onion,sandy Loamy soil
56175,0.8110716651870262,-1.0687588504872214,0.4123900170997968,1.114202454544477,0.4251700192479687,-0.6773939331731542,-0.1632569369964243,-0.5742954254416218,-0.2203961975222087,0.2012057722472035,-0.33731703768963955,-0.5070670065768306,41,small onion,sandy Loamy soil
56188,0.8110716651870262,-1.0687588504872214,-0.09597647149880119,-0.8975029591088394,-0.9597134365709921,-0.5488997156072846,-1.0333520033503905,-0.6531580231858238,-0.1599351355639198,-0.12703574433546413,-0.33148448633756705,0.0650711221657803,41,small onion,sandy Loamy soil
56205,0.8110716651870262,-1.0687588504872214,0.4123900170997968,1.114202454544477,-0.8058374970355525,-0.4941007110571341,-1.4769298803151572,-0.4679291459218619,0.09918370140017449,-0.1802640983758967,-0.32565193498549455,-0.14264781629491272,41,small onion,sandy Loamy soil
56225,0.8110716651870262,-1.0687588504872214,0.4123900170997968,1.114202454544477,-0.49808561796467227,-0.5677959240728536,-1.4769298803151572,-0.5546499384590804,-0.1340232518675106,0.236691341607492,0.6133888326981636,-0.4378273604232662,41,small onion,sandy Loamy soil
56237,0.8110716651870262,-1.0687588504872214,0.9207565056983947,1.114202454544477,0.11741814017708838,-0.4411913273535407,-0.9821699406236866,-0.52125261058876,0.017129403028211056,-0.15364992135568062,-0.09818243225467063,-0.1608687758090086,41,small onion,sandy Loamy soil
56247,0.8110716651870262,-1.0687588504872214,0.9207565056983947,1.114202454544477,0.11741814017708838,-0.6320430328557883,-1.4428085051640214,-0.5678404797187869,-0.24630808121861789,-0.3488205528372667,0.45007739484013587,0.0650711221657803,41,small onion,sandy Loamy soil
56258,0.8110716651870262,-1.0687588504872214,-0.09597647149880119,-0.8975029591088394,0.11741814017708838,-0.5488997156072846,-0.3168031251765363,-0.47270019276047925,-0.2549453757840878,-0.34290629127721856,-0.01069416197358447,0.01769662742913109,41,small onion,sandy Loamy soil
56264,0.8110716651870262,-1.0687588504872214,-0.6043429600973992,-0.8975029591088394,-0.9597134365709921,-0.5394516113745,-1.0845340660770946,-0.5768212737679488,0.03872263944188558,0.4229905807490061,0.45590994619220837,-0.05883140253007171,41,small onion,sandy Loamy soil
56275,0.8110716651870262,-1.0687588504872214,0.4123900170997968,1.114202454544477,-0.19033373889379193,-0.6093675826971057,-1.4428085051640214,-0.5316366537081035,-0.02173842251640272,-0.30150646035688233,-0.01069416197358447,-0.22646423005975397,41,small onion,sandy Loamy soil
56307,0.8110716651870262,-1.0687588504872214,0.9207565056983947,1.114202454544477,-0.6519615575001118,-0.5470100947607275,-0.2656210624498323,-0.5773825733960212,-0.17720972469485965,0.18050585678703562,-0.37231234580207406,0.05049435455450364,41,small onion,sandy Loamy soil
56313,0.8110716651870262,-1.0687588504872214,-0.09597647149880119,1.114202454544477,-0.49808561796467227,-0.7132967292577356,-0.2485603748742641,-0.4976780262097104,-0.2592640230668225,0.3313195265682612,0.6308864867543806,-0.1353594324892745,41,small onion,sandy Loamy soil
56338,0.8110716651870262,-1.0687588504872214,-0.09597647149880119,-0.8975029591088394,0.4251700192479687,-0.37316497687749217,-1.3575050672861815,-0.5681211295328232,-0.1728910774121244,-0.3044635911369062,0.3450914705028327,0.05413854645732288,41,small onion,sandy Loamy soil
56349,0.8110716651870262,-1.0687588504872214,-0.6043429600973992,1.114202454544477,-0.3442096784292314,-0.7265240751836337,-0.8456844400191428,-0.5046942715606181,-0.20312160839126883,-0.6001766691393097,-0.13901029171917767,-0.45969251184018134,41,small onion,sandy Loamy soil
56353,0.8110716651870262,-1.0687588504872214,-0.09597647149880119,1.114202454544477,0.4251700192479687,-0.497879952750248,-0.9651092530481183,-0.5571757867854074,-0.2074402556740035,-0.22757819085628148,-0.28482407552098793,-0.6054601879529484,41,small onion,sandy Loamy soil
56422,0.8110716651870262,-1.0687588504872214,0.9207565056983947,-0.8975029591088394,-0.3442096784292314,-0.5262242654486016,-0.09501418669415271,-0.4087120351602013,0.06031587585556011,-0.5439911843188531,0.263435751573819,-0.5471531175078416,41,small onion,sandy Loamy soil
56433,0.8110716651870262,-1.0687588504872214,-0.09597647149880119,1.114202454544477,-0.19033373889379193,-0.5961402367712072,-0.1973783121475601,-0.4654032975955352,-0.00014518610272819458,0.3549765728084534,0.5900586272898737,-0.1608687758090086,41,small onion,sandy Loamy soil
56434,0.8110716651870262,-1.0687588504872214,-0.6043429600973992,-0.8975029591088394,-0.9597134365709921,-0.5621270615331829,-0.7091989394145989,-0.3868213496653696,-0.2074402556740035,0.1331917643066508,0.4267471894318463,0.0650711221657803,41,small onion,sandy Loamy soil
56473,0.8110716651870262,-1.0687588504872214,-0.09597647149880119,1.114202454544477,-0.6519615575001118,-0.5885817533849794,-0.2485603748742641,-0.43509311767961434,0.10350234868290915,0.5028331118096551,-0.44230296202694275,-0.35036675475560597,41,small onion,sandy Loamy soil
56474,0.8110716651870262,-1.0687588504872214,-0.6043429600973992,-0.8975029591088394,0.5790459587834081,-0.5942506159246501,-0.8115630648680069,-0.38990849761976903,-0.13834189915024528,-0.36952046829743507,0.6367190381064531,-0.14993620010055117,41,small onion,sandy Loamy soil
56478,0.8110716651870262,-1.0687588504872214,-0.09597647149880119,-0.8975029591088394,-0.9597134365709921,-0.701959004178394,-0.9309878778969826,-0.5456691444099188,0.07759046498649996,-0.2748922833366659,0.28093340563003605,-0.594527612244491,41,small onion,sandy Loamy soil
56485,0.8110716651870262,-1.0687588504872214,0.4123900170997968,1.114202454544477,-0.19033373889379193,-0.5281138862951584,-0.2826817500253999,-0.4788744886692778,0.1337328796620536,-0.3754347298574832,0.3159287137424706,-0.3722319061725211,41,small onion,sandy Loamy soil
56603,0.8110716651870262,-1.0687588504872214,-0.09597647149880119,1.114202454544477,0.4251700192479687,-0.4770941234381221,-0.7433203145657353,-0.38990849761976903,-0.10379272088836615,-0.28967793723678603,-0.31398683228135,0.05049435455450364,41,small onion,sandy Loamy soil
56667,0.8110716651870262,-1.0687588504872214,0.9207565056983947,1.114202454544477,-0.036457799358352465,-0.39395080618961803,-0.2826817500253999,-0.4196573779076175,-0.0735621899092217,-0.12999287511548802,-0.33731703768963955,-0.12078266487799784,41,small onion,sandy Loamy soil
56689,0.8110716651870262,-1.0687588504872214,-0.6043429600973992,1.114202454544477,-0.19033373889379193,-0.7114071084111785,-0.7945023772924388,-0.5515627905046813,0.10782099596564443,-0.4966770918384684,-0.3839774485062187,-0.594527612244491,41,small onion,sandy Loamy soil
56690,0.8110716651870262,-1.0687588504872214,0.4123900170997968,-0.8975029591088394,0.11741814017708838,-0.701959004178394,-0.2144389997231283,-0.48673268346229454,-0.1599351355639198,-0.014664774694550914,-0.3781448971541462,-0.01874529159906069,41,small onion,sandy Loamy soil
56697,0.8110716651870262,-1.0687588504872214,0.9207565056983947,1.114202454544477,0.4251700192479687,-0.6830627957128249,-1.4939905678907253,-0.4524934061498651,-0.16857243012938972,-0.42866308389791574,-0.3781448971541462,-0.33943417904714857,41,small onion,sandy Loamy soil
56699,0.8110716651870262,-1.0687588504872214,-0.6043429600973992,1.114202454544477,0.11741814017708838,-0.41095739380863033,-0.4874100009322159,-0.4238671251181621,-0.19016566654306424,-0.13590713667553617,-0.22066601064819133,-0.55444150131348,41,small onion,sandy Loamy soil
56720,0.8110716651870262,-1.0687588504872214,0.4123900170997968,-0.8975029591088394,-0.9597134365709921,-0.7000693833318371,-0.3850458754788079,-0.4308833704690697,-0.09515542632289622,0.24851986472758833,0.29259850833418105,-0.5398647337022033,41,small onion,sandy Loamy soil
56816,0.8110716651870262,-1.0687588504872214,-1.621075937294595,-0.8975029591088394,0.4251700192479687,-0.5394516113745,-1.2722016294083418,-0.6548419220700417,-0.09947407360563087,-0.37839186063750707,0.6600492435147427,-0.4414715523260854,41,small onion,sandy Loamy soil
56839,0.8110716651870262,-1.0687588504872214,-0.6043429600973992,1.114202454544477,-0.19033373889379193,-0.46764601920533755,-1.1015947536526622,-0.45922900168673636,-0.1728910774121244,-0.27193515255664197,0.4209146380797738,0.01769662742913109,41,small onion,sandy Loamy soil
56846,0.8110716651870262,-1.0687588504872214,-1.621075937294595,-0.8975029591088394,-0.036457799358352465,-0.4959903319036912,-0.2485603748742641,-0.60937665219616,0.06895317042103004,0.06813488714612197,0.1292870704761533,-0.5617298851191183,41,small onion,sandy Loamy soil
56886,0.8110716651870262,-1.0687588504872214,-1.621075937294595,-0.8975029591088394,0.11741814017708838,-0.6849524165593819,-0.9651092530481183,-0.5220945600308692,-0.12970460458477534,0.07996341026621827,0.047631351547139635,-0.12807104868363606,41,small onion,sandy Loamy soil
56906,0.8110716651870262,-1.0687588504872214,-1.621075937294595,-0.8975029591088394,-0.6519615575001118,-0.4959903319036912,-1.135716128803798,-0.6309866878769557,0.12941423237931896,-0.549905445878901,0.1292870704761533,-0.26655034099076497,41,small onion,sandy Loamy soil
56935,0.8110716651870262,-1.0687588504872214,0.4123900170997968,1.114202454544477,-0.6519615575001118,-0.4279639814276423,-1.0162913157748223,-0.4861713838342218,-0.26358267034955774,-0.20392114461608887,0.40924953537562925,-0.19731069483720037,41,small onion,sandy Loamy soil
56952,0.8110716651870262,-1.0687588504872214,0.9207565056983947,-0.8975029591088394,-0.036457799358352465,-0.6755043123265974,-0.6750775642634631,-0.4277962225146703,0.09486505411743984,-0.020579036254599066,0.10012431371579124,-0.3175690276302334,41,small onion,sandy Loamy soil
