source_row_id,SOIL,SEASON,SOWN,WATER_SOURCE,SOIL_PH,CROPDURATION,TEMP,WATERREQUIRED,RELATIVE_HUMIDITY,N,P,K,target,crop_label,SOIL_raw
18,-1.482290959360654,0.17449124089587287,-0.09597647149880119,-0.8975029591088394,-1.5752171947127527,0.5640869630147339,0.6385953790552698,0.595452999461701,-0.2981318486114369,0.19529151068715578,-0.03402436738187403,-0.10256170536390195,39,rice,Alluvial soil
31,-1.100063855269374,0.17449124089587287,-0.6043429600973992,1.114202454544477,-0.19033373889379193,0.35622866989347407,0.3656243778461821,1.0495443985724437,-0.3197250850251114,0.5412758119499674,-0.07485222684638107,-0.45969251184018134,39,rice,Loamy soil
47,-1.291177407315014,0.17449124089587287,-0.6043429600973992,1.114202454544477,-2.498472831925392,0.41480691613673865,0.5874133163285657,4.494520865868099,0.1855566470548726,0.25739125706766036,-0.2731589728168429,0.11973400070806799,39,rice,Clay soil
57,-1.482290959360654,0.17449124089587287,-0.6043429600973992,1.114202454544477,-1.729093134248192,0.7247047349720711,0.09265337663709511,2.270651739444411,-0.4579217980726282,0.387505011388718,0.23427299481345693,-0.5763066527303952,39,rice,Alluvial soil
103,-1.100063855269374,0.17449124089587287,-0.6043429600973992,1.114202454544477,0.27129407971252784,0.46582667899377495,-0.6238955015367591,2.4746841542488047,0.31511606553691973,0.06813488714612197,0.08262665965957418,-0.026033675404699152,39,rice,Loamy soil
145,-1.100063855269374,0.17449124089587287,-0.6043429600973992,1.114202454544477,-0.8058374970355525,0.6850226971943761,1.082173256020037,2.014418459229263,-0.2074402556740035,0.03264931778583389,-0.27899152416891543,-0.23375261386539217,39,rice,Loamy soil
149,-1.291177407315014,0.17449124089587287,-0.6043429600973992,1.114202454544477,1.1945497169251689,0.3959107076711696,0.9456877554154931,2.0301348488152966,-0.12970460458477534,0.06222062558607423,0.09429176236371875,-0.55444150131348,39,rice,Clay soil
190,-1.100063855269374,0.17449124089587287,-0.09597647149880119,-0.8975029591088394,1.6561775355314885,0.4941709916921286,2.5152710123677453,2.955717935507033,-0.36291155785246043,0.4791760655694629,0.6483841408105977,-0.14264781629491272,39,rice,Loamy soil
226,-1.100063855269374,0.17449124089587287,-0.09597647149880119,-0.8975029591088394,-0.19033373889379193,0.543301133702608,-0.0438321239674487,3.692704347166372,-0.09515542632289622,-0.029450428594671087,0.04179880019506714,-0.4815576632570964,39,rice,Loamy soil
303,-1.482290959360654,0.17449124089587287,-0.6043429600973992,1.114202454544477,-0.19033373889379193,0.6302236926442257,-0.4362279382055119,1.2474025174680394,-0.37154885241793006,0.24260560316754018,0.50840290836086,0.09786884929115286,39,rice,Alluvial soil
357,-1.482290959360654,0.17449124089587287,-0.6043429600973992,1.114202454544477,-1.8829690737836315,0.1691562060843404,-0.5215313760833518,1.3736949337843771,-0.4060980306798095,0.3520194420284295,0.28676595698210855,-0.22646423005975397,39,rice,Alluvial soil
397,-1.100063855269374,0.17449124089587287,-0.6043429600973992,1.114202454544477,1.963929414602369,0.2428514191000599,0.0073499387592553065,2.269529140188266,0.1941939416203425,0.0770062794861944,0.006803492082632595,-0.14993620010055117,39,rice,Loamy soil
404,-1.291177407315014,0.17449124089587287,-0.09597647149880119,-0.8975029591088394,-0.49808561796467227,0.5225153043904822,2.4299675744899054,4.329779425028787,-0.05196895349554718,0.3401909189083332,-0.06318712414223608,-0.37587609807534034,39,rice,Clay soil
419,-1.291177407315014,0.17449124089587287,-0.6043429600973992,1.114202454544477,-0.8058374970355525,0.09546099306862114,0.9627484429910608,1.2720997011032342,-0.41041667796254416,0.25443412628763645,-0.13901029171917767,-0.5289321579937457,39,rice,Clay soil
454,-1.100063855269374,0.17449124089587287,-0.09597647149880119,-0.8975029591088394,-1.729093134248192,0.7171462515858439,-0.1973783121475601,3.1681698447325175,-0.26358267034955774,-0.029450428594671087,0.11762196777200873,-0.18273392722592371,39,rice,Loamy soil
458,-1.291177407315014,0.17449124089587287,-0.09597647149880119,-0.8975029591088394,0.7329218983188477,0.5262945460835958,0.55329194117743,0.798082165195914,-0.3672302051351951,0.006035140765617411,0.05346390289921213,0.010408243623492632,39,rice,Clay soil
474,-1.482290959360654,0.17449124089587287,-0.09597647149880119,-0.8975029591088394,-0.6519615575001118,0.4299238829091936,2.378785511763202,0.8471958826522675,0.06463452313829537,0.011949402325665564,-0.1740055998316118,-0.5107111984796497,39,rice,Alluvial soil
483,-1.482290959360654,0.17449124089587287,-0.6043429600973992,1.114202454544477,0.5790459587834081,0.6377821760304534,1.9522683223740032,1.615895723297709,-0.1253859573020407,0.10953471806645862,-0.43647041067487025,-0.43418316852044697,39,rice,Alluvial soil
497,-1.291177407315014,0.17449124089587287,-0.6043429600973992,1.114202454544477,1.6561775355314885,0.10301947645484862,1.6451759460137791,3.1319660187218337,-0.07788083719195636,0.047434971685954064,0.0009709407305605154,-0.2957038762133183,39,rice,Clay soil
509,-1.291177407315014,0.17449124089587287,-0.6043429600973992,1.114202454544477,-1.2674653156418723,0.7473801851307543,-0.2656210624498323,4.431935957338002,-0.280857259480497,0.3638479651485254,0.40924953537562925,0.046850162651684416,39,rice,Clay soil
551,-1.291177407315014,0.17449124089587287,-0.6043429600973992,1.114202454544477,-0.8058374970355525,0.3259947363485637,1.0139305057177648,2.7382143296288963,-0.375867499700665,0.04447784090592977,-0.4248053079707257,-0.5070670065768306,39,rice,Clay soil
571,-1.100063855269374,0.17449124089587287,-0.6043429600973992,1.114202454544477,-1.421341255177312,0.4072484327505109,2.344664136612066,0.14248419960710337,0.008492108462741737,-0.03240755937469495,-0.2381636647044084,-0.5362205417993842,39,rice,Loamy soil
576,-1.482290959360654,0.17449124089587287,-0.09597647149880119,-0.8975029591088394,0.5790459587834081,0.17293544777745426,0.979809130566629,4.313221086000644,0.3669398329297387,0.4791760655694629,-0.07485222684638107,-0.5690182689247567,39,rice,Alluvial soil
602,-1.291177407315014,0.17449124089587287,-0.09597647149880119,-0.8975029591088394,1.1945497169251689,0.5943208965596449,-0.3679851879032397,1.4298248965916383,-0.06924354262648703,0.5501472042900399,-0.03985691873394653,-0.5216437741881075,39,rice,Clay soil
701,-1.291177407315014,0.17449124089587287,-0.6043429600973992,1.114202454544477,-0.49808561796467227,0.3222154946554501,0.31444231511947873,0.4467085980224589,0.23738041444769156,0.24851986472758833,-0.31981938363342205,-0.3576551385612444,39,rice,Clay soil
707,-1.291177407315014,0.17449124089587287,-0.6043429600973992,1.114202454544477,-2.190720952854512,0.11057795984107636,2.05463244782741,0.2836510560673651,0.07327181770376531,0.43186197308907853,-0.23233111335233592,-0.26290614908794574,39,rice,Clay soil
735,-1.482290959360654,0.17449124089587287,-0.6043429600973992,1.114202454544477,2.1178053541378086,0.08979213052895021,-0.6580168766878955,1.3265457650262777,0.12941423237931896,0.1331917643066508,0.17594748129273283,0.10515723309679133,39,rice,Alluvial soil
742,-1.100063855269374,0.17449124089587287,-0.09597647149880119,-0.8975029591088394,-1.2674653156418723,0.41480691613673865,1.1162946311711728,1.2016565977801217,0.3323906546678596,0.2840054340878768,0.47924015160049793,-0.5617298851191183,39,rice,Loamy soil
759,-1.482290959360654,0.17449124089587287,-0.6043429600973992,1.114202454544477,-0.3442096784292314,0.7095877681996161,0.6385953790552698,4.300030544740938,0.07327181770376531,0.07109201792614625,-0.03402436738187403,-0.5908834203416719,39,rice,Alluvial soil
778,-1.100063855269374,0.17449124089587287,-0.09597647149880119,-0.8975029591088394,0.4251700192479687,0.5621973421681772,2.464088949641042,3.027564287900327,-0.2549453757840878,0.4052477960688621,-0.09234988090259813,-0.3722319061725211,39,rice,Loamy soil
805,-1.100063855269374,0.17449124089587287,-0.6043429600973992,1.114202454544477,-1.5752171947127527,0.49795023338524214,0.3997457529973185,4.063162101694296,-0.47951503448630267,0.21303429536729981,0.6775468975709598,0.0650711221657803,39,rice,Loamy soil
824,-1.291177407315014,0.17449124089587287,-0.09597647149880119,-0.8975029591088394,-0.19033373889379193,0.6680161095753638,2.600574450245585,1.8766194005374373,-0.1815283719775943,0.236691341607492,-0.4714657187873048,-0.23375261386539217,39,rice,Clay soil
893,-1.291177407315014,0.17449124089587287,-0.6043429600973992,1.114202454544477,-0.3442096784292314,0.2598580067190719,1.0139305057177648,2.360459679936029,0.36262118564700346,0.2810483033078525,-0.03985691873394653,0.0942246573883339,39,rice,Clay soil
897,-1.482290959360654,0.17449124089587287,-0.6043429600973992,1.114202454544477,2.1178053541378086,0.48094364576623044,1.6792973211649156,3.970547663062315,0.20714988346854712,0.041520710125905906,0.21094278940516697,-0.02238948350187992,39,rice,Alluvial soil
928,-1.100063855269374,0.17449124089587287,-0.09597647149880119,-0.8975029591088394,-0.8058374970355525,0.31465701126922235,-0.5215313760833518,3.800473875756314,-0.2722199649150271,0.3401909189083332,0.5433982164732946,-0.2556177652823073,39,rice,Loamy soil
934,-1.100063855269374,0.17449124089587287,-0.09597647149880119,-0.8975029591088394,0.11741814017708838,0.4053588119039541,-0.7603810021413029,3.856323188749539,-0.19016566654306424,0.08587767182626642,-0.3956425512103636,-0.5908834203416719,39,rice,Loamy soil
944,-1.291177407315014,0.17449124089587287,-0.09597647149880119,-0.8975029591088394,0.5790459587834081,0.36945601581937276,2.259360698734226,0.1980528627862918,-0.47951503448630267,0.4939617194695831,0.14678472453237076,0.028629203137588523,39,rice,Clay soil
960,-1.482290959360654,0.17449124089587287,-0.09597647149880119,-0.8975029591088394,-2.0368450133190725,0.4431512288350923,2.361724824187634,0.9462652670070834,-0.10379272088836615,0.45551901932927075,-0.2731589728168429,-0.5179995822852882,39,rice,Alluvial soil
966,-1.482290959360654,0.17449124089587287,-0.09597647149880119,-0.8975029591088394,-0.49808561796467227,0.7643867727497665,-0.7262596269901671,3.1838862343185506,-0.00014518610272819458,0.06813488714612197,0.059296454251284623,-0.24468518957384985,39,rice,Alluvial soil
996,-1.482290959360654,0.17449124089587287,-0.09597647149880119,-0.8975029591088394,1.3484256564606083,0.3826833617452709,2.174057260856386,4.430813358081856,0.30216012368871514,0.24556273394756403,0.6133888326981636,-0.4378273604232662,39,rice,Alluvial soil
1009,1.3844123213239463,1.4177413322789671,1.9374894828955906,1.114202454544477,0.5790459587834081,-0.46575639835878047,-0.2656210624498323,-1.1670278326863,-0.4838336817690376,0.36976222670857356,0.1292870704761533,-0.00416852398778403,56,wheat,well-drained soil
1022,1.3844123213239463,1.4177413322789671,1.4291229942969927,-0.8975029591088394,-0.3442096784292314,-0.41662625634830097,-0.23149968729869652,-1.0084606877557871,-0.7127219877539874,1.0380737829940057,0.6192213840502357,-0.4013854413950744,56,wheat,well-drained soil
1026,1.3844123213239463,1.4177413322789671,-1.1127094486959972,-0.8975029591088394,-0.3442096784292314,-0.5526789573003984,-0.3168031251765363,-0.9573824216011794,-0.5961185111201452,0.00012087920556925818,0.2576032002217465,-0.2301084219625732,56,wheat,well-drained soil
1027,1.3844123213239463,1.4177413322789671,1.9374894828955906,1.114202454544477,-0.3442096784292314,-0.5356723696813861,-0.4362279382055119,-0.821267261793571,-0.6306676893820243,0.7837605359119384,0.07096155695542919,-0.2009548867400196,56,wheat,well-drained soil
1058,1.3844123213239463,1.4177413322789671,1.4291229942969927,-0.8975029591088394,-0.9597134365709921,-0.46764601920533755,-0.3168031251765363,-0.9455951294116547,-0.5054269181827121,0.006035140765617411,0.6483841408105977,0.05413854645732288,56,wheat,well-drained soil
1098,1.3844123213239463,1.4177413322789671,-1.1127094486959972,-0.8975029591088394,-0.036457799358352465,-0.45441867327943913,-0.1461962494208567,-0.6859940514280717,-0.742952518733132,0.7837605359119384,0.45590994619220837,-0.1790897353231045,56,wheat,well-drained soil
1102,1.3844123213239463,1.4177413322789671,1.9374894828955906,-0.8975029591088394,0.11741814017708838,-0.4884318485174634,-0.29974243760096814,-0.9467177286677998,-0.6306676893820243,0.25443412628763645,-0.10984753495881562,-0.2592619571851265,56,wheat,well-drained soil
1112,1.3844123213239463,1.4177413322789671,1.4291229942969927,-0.8975029591088394,-0.8058374970355525,-0.5545685781469551,-0.45328862578107953,-0.8759939755306506,-0.5313388018791216,0.3431480496883575,-0.045689470086019014,-0.34672256285278674,56,wheat,well-drained soil
1116,1.3844123213239463,1.4177413322789671,-1.1127094486959972,-0.8975029591088394,-0.49808561796467227,-0.3788338394171628,-0.5897741263856233,-0.8434385971024394,-0.6349863366647593,1.0085024751937652,0.40924953537562925,-0.36129933046406343,56,wheat,well-drained soil
1173,1.3844123213239463,1.4177413322789671,-1.1127094486959972,1.114202454544477,-0.49808561796467227,-0.4865422276709066,-0.1461962494208567,-0.993586247611863,-0.5745252747064707,0.5383186811699436,-0.3664797944500016,0.021340819331950322,56,wheat,well-drained soil
1239,1.3844123213239463,1.4177413322789671,-1.1127094486959972,1.114202454544477,0.27129407971252784,-0.5016591944433618,-0.1632569369964243,-0.7502628588423857,-0.7299965768849274,0.8961315055528516,0.5375656651212221,-0.41596220900635106,56,wheat,well-drained soil
1255,1.3844123213239463,1.4177413322789671,1.9374894828955906,1.114202454544477,-0.3442096784292314,-0.41473663550174394,-0.5897741263856233,-0.7979733272285577,-0.7084033404712529,0.45256188854924645,-0.15650794577539473,-0.4524041280345429,56,wheat,well-drained soil
1296,1.3844123213239463,1.4177413322789671,-1.1127094486959972,-0.8975029591088394,0.27129407971252784,-0.5470100947607275,-0.29974243760096814,-1.1316659561177254,-0.8077322279741556,1.1149591832746304,0.5492307678253671,-0.08069655394698683,56,wheat,well-drained soil
1299,1.3844123213239463,1.4177413322789671,-1.1127094486959972,1.114202454544477,0.4251700192479687,-0.4770941234381221,-0.2485603748742641,-1.1659052334301547,-0.5874812165546753,0.4584761501092946,0.4675750488963534,-0.03332205921033735,56,wheat,well-drained soil
1321,1.3844123213239463,1.4177413322789671,1.9374894828955906,1.114202454544477,-0.49808561796467227,-0.5262242654486016,-0.35092450032767214,-0.916688198565915,-0.781820344277746,0.5412758119499674,-0.03985691873394653,-0.05518721062725248,56,wheat,well-drained soil
1357,1.3844123213239463,1.4177413322789671,1.9374894828955906,1.114202454544477,-0.3442096784292314,-0.4449705690466546,-0.5897741263856233,-0.9310013390817666,-0.6997660459057828,0.387505011388718,-0.21483345929611883,-0.21917584625411551,56,wheat,well-drained soil
1371,1.3844123213239463,1.4177413322789671,-1.1127094486959972,1.114202454544477,-0.036457799358352465,-0.49976957359680474,-0.6409561891123273,-1.1229658118826,-0.5529320382927961,0.0296921870058096,-0.13901029171917767,-0.5471531175078416,56,wheat,well-drained soil
1389,1.3844123213239463,1.4177413322789671,-1.1127094486959972,1.114202454544477,-0.036457799358352465,-0.4185158771948578,-0.5215313760833518,-0.774398742849508,-0.777501696995011,0.576761381310256,-0.31981938363342205,-0.0770523620441676,56,wheat,well-drained soil
1428,1.3844123213239463,1.4177413322789671,-1.1127094486959972,-0.8975029591088394,-0.8058374970355525,-0.39584042703617484,-0.35092450032767214,-0.8249157093760431,-0.777501696995011,0.8547316746325154,-0.4014751025624361,0.11973400070806799,56,wheat,well-drained soil
1430,1.3844123213239463,1.4177413322789671,1.4291229942969927,-0.8975029591088394,-0.19033373889379193,-0.40528853126895936,-0.4874100009322159,-0.7612082015898016,-0.49678962361724227,1.1149591832746304,0.07096155695542919,-0.25197357337948806,56,wheat,well-drained soil
1452,1.3844123213239463,1.4177413322789671,-1.1127094486959972,-0.8975029591088394,-0.8058374970355525,-0.4185158771948578,-0.1291355618452885,-0.9512081256923808,-0.742952518733132,0.1331917643066508,-0.08068477819845356,-0.08069655394698683,56,wheat,well-drained soil
1462,1.3844123213239463,1.4177413322789671,1.9374894828955906,-0.8975029591088394,0.27129407971252784,-0.5394516113745,-0.5215313760833518,-1.0497162104191242,-0.6868101040575783,0.9671026442734286,-0.3548146917458566,0.035917586943226984,56,wheat,well-drained soil
1484,1.3844123213239463,1.4177413322789671,1.4291229942969927,-0.8975029591088394,0.4251700192479687,-0.5054384361364757,-0.3338638127521039,-0.8417546982182215,-0.6997660459057828,1.005545344413741,0.4267471894318463,0.07235950597141877,56,wheat,well-drained soil
1514,1.3844123213239463,1.4177413322789671,1.4291229942969927,-0.8975029591088394,-0.8058374970355525,-0.3901715644965042,-0.6238955015367591,-0.7707502952670359,-0.833644111670565,0.3934192729487658,0.45007739484013587,0.11608980880524876,56,wheat,well-drained soil
1516,1.3844123213239463,1.4177413322789671,1.9374894828955906,-0.8975029591088394,-0.8058374970355525,-0.41284701465518714,-0.5556527512344875,-0.8066734714636833,-0.7170406350367224,0.23077708004744385,-0.4014751025624361,0.010408243623492632,56,wheat,well-drained soil
1534,1.3844123213239463,1.4177413322789671,1.9374894828955906,-0.8975029591088394,-0.49808561796467227,-0.45063943158632525,-0.1632569369964243,-0.9164075487518789,-0.8984238209115886,0.656603912370905,0.21094278940516697,0.10880142499961055,56,wheat,well-drained soil
1542,1.3844123213239463,1.4177413322789671,-1.1127094486959972,-0.8975029591088394,-0.6519615575001118,-0.5035488152899187,-0.18031762457199252,-1.1120204691351838,-0.5011082708999772,1.0025882136337172,0.32759381644661517,0.035917586943226984,56,wheat,well-drained soil
1630,1.3844123213239463,1.4177413322789671,1.9374894828955906,-0.8975029591088394,-0.19033373889379193,-0.5488997156072846,-0.3850458754788079,-0.8740294268323967,-0.7299965768849274,1.0380737829940057,0.23427299481345693,-0.35036675475560597,56,wheat,well-drained soil
1645,1.3844123213239463,1.4177413322789671,1.9374894828955906,1.114202454544477,-0.8058374970355525,-0.4808733651312357,-0.3168031251765363,-1.035683719717309,-0.8077322279741556,0.7660177512317944,0.36842167591112224,-0.16815715961464706,56,wheat,well-drained soil
1719,1.3844123213239463,1.4177413322789671,-1.1127094486959972,1.114202454544477,-0.036457799358352465,-0.3882819436499474,-0.3679851879032397,-0.9775892082117935,-0.8379627589533,0.026735056225785737,0.251770648869674,-0.59817180414731,56,wheat,well-drained soil
1771,1.3844123213239463,1.4177413322789671,1.9374894828955906,1.114202454544477,0.5790459587834081,-0.3788338394171628,-0.6409561891123273,-1.0904104334543885,-0.7602271078640715,0.9286599441331163,-0.08651732955052564,-0.594527612244491,56,wheat,well-drained soil
1809,1.3844123213239463,1.4177413322789671,-1.1127094486959972,1.114202454544477,-0.19033373889379193,-0.49976957359680474,-0.1973783121475601,-0.8672938312955254,-0.6565795730784338,1.1267877063947267,0.6250539354023081,0.09786884929115286,56,wheat,well-drained soil
1812,1.3844123213239463,1.4177413322789671,-1.1127094486959972,-0.8975029591088394,-0.3442096784292314,-0.5526789573003984,-0.18031762457199252,-1.129420757605435,-0.833644111670565,0.6122469506705445,0.3800867786152672,-0.19002231103156217,56,wheat,well-drained soil
1857,1.3844123213239463,1.4177413322789671,-1.1127094486959972,1.114202454544477,-0.036457799358352465,-0.5413412322210568,-0.3679851879032397,-1.0572937553981043,-0.9113797627597932,0.08587767182626642,0.3042636110383256,-0.37587609807534034,56,wheat,well-drained soil
1872,1.3844123213239463,1.4177413322789671,-1.1127094486959972,-0.8975029591088394,-0.3442096784292314,-0.433632843967313,-0.1461962494208567,-0.7825375874565609,-0.7256779296021924,0.2633055186277085,0.46174249754428087,-0.29205968431049906,56,wheat,well-drained soil
1916,1.3844123213239463,1.4177413322789671,1.4291229942969927,-0.8975029591088394,0.11741814017708838,-0.41662625634830097,-0.5897741263856233,-1.0867619858719164,-0.786138991560481,0.05926349480604995,-0.016526713325656965,-0.30663645192177574,56,wheat,well-drained soil
1925,1.3844123213239463,1.4177413322789671,1.4291229942969927,1.114202454544477,0.5790459587834081,-0.42040549804141486,-0.5897741263856233,-0.7126557837615208,-0.5529320382927961,0.15389167976681914,0.22844044346138445,-0.4815576632570964,56,wheat,well-drained soil
1950,1.3844123213239463,1.4177413322789671,-1.1127094486959972,-0.8975029591088394,-0.3442096784292314,-0.3996196687292887,-0.2826817500253999,-1.1434532483072504,-0.7645457551468064,0.5176187657097753,0.22844044346138445,-0.48884604706273466,56,wheat,well-drained soil
1953,1.3844123213239463,1.4177413322789671,-1.1127094486959972,1.114202454544477,0.4251700192479687,-0.4846526068243496,-0.3338638127521039,-1.1953734639039668,-0.6133931002510848,0.17163446444696318,-0.004861610621511978,-0.5435089256050223,56,wheat,well-drained soil
1968,1.3844123213239463,1.4177413322789671,-1.1127094486959972,-0.8975029591088394,-0.6519615575001118,-0.5337827488348293,-0.5215313760833518,-1.0951814802930055,-0.8638746426497091,1.1386162295148226,0.3450914705028327,-0.5034228146740116,56,wheat,well-drained soil
2039,-1.0045070792465538,0.17449124089587287,-0.6043429600973992,1.114202454544477,0.4251700192479687,-0.0613775371956024,0.22913887724163892,-0.964398666952087,0.3583025383642688,2.6083102271867675,2.059861568012121,0.407625161030783,29,maize,Red soil
2048,-1.0045070792465538,0.17449124089587287,-0.09597647149880119,-0.8975029591088394,-1.1135893761064315,-0.042481328730033324,-0.4703493133566477,-0.2493029407875797,0.4489941313017015,1.2569014607157838,0.9283466057100733,0.6882279375478598,29,maize,Red soil
2072,-1.0045070792465538,0.17449124089587287,-0.09597647149880119,-0.8975029591088394,-0.3442096784292314,-0.01791625772479331,-0.45328862578107953,-0.3497755742125771,0.03440399215915092,2.797566597108306,1.1558161084408975,1.0089168249959475,29,maize,Red soil
2094,-1.0045070792465538,0.17449124089587287,-0.09597647149880119,-0.8975029591088394,0.4251700192479687,-0.0783841248146144,0.1438354393637991,-1.0401741167418896,-0.39314208883160456,2.318511410744412,0.8991838489497116,0.586190564268923,29,maize,Red soil
2103,-1.0045070792465538,0.17449124089587287,-0.6043429600973992,1.114202454544477,-1.729093134248192,-0.05381905380937466,-0.35092450032767214,-0.7780471904319799,0.012810755745476398,1.8956417092009756,0.7242073083875393,0.7428908160901475,29,maize,Red soil
2131,-1.0045070792465538,0.17449124089587287,-0.6043429600973992,1.114202454544477,-0.3442096784292314,-0.016026636878236508,-0.9309878778969826,-0.8128477673724818,0.04735993400735551,2.8241807741285228,1.4941040868610973,0.4622880395730707,29,maize,Red soil
2138,-1.0045070792465538,0.17449124089587287,-0.09597647149880119,-0.8975029591088394,0.11741814017708838,-0.014137016031679708,-0.3168031251765363,-0.8397901495199672,0.40580765847435246,2.4308823803853254,1.0916580435681014,0.45499965576743223,29,maize,Red soil
2145,-1.0045070792465538,0.17449124089587287,-0.6043429600973992,1.114202454544477,-0.9597134365709921,0.008538434127003237,-0.2826817500253999,-0.6803810551473456,0.4187636003225577,2.3273828030844843,1.890717578802021,1.0453587440241392,29,maize,Red soil
2147,-1.0045070792465538,0.17449124089587287,-0.6043429600973992,1.114202454544477,-0.49808561796467227,-0.042481328730033324,-0.1973783121475601,-0.6503515250454608,0.1985125889030772,2.1115122561427295,1.348290303059287,0.567969604754827,29,maize,Red soil
2165,-1.0045070792465538,0.17449124089587287,-0.6043429600973992,1.114202454544477,-0.8058374970355525,-0.05948791634904533,0.3656243778461821,-0.7207946283685736,0.5483230188046049,2.560996134706383,2.3631542383198867,0.44406708005897483,29,maize,Red soil
2245,-1.0045070792465538,0.17449124089587287,-0.6043429600973992,1.114202454544477,-1.1135893761064315,-0.02547474111102105,-0.7433203145657353,-0.8409127487761123,0.3453465965160642,1.4905147923376825,1.6340853193108356,0.6554302104224871,29,maize,Red soil
2249,-1.0045070792465538,0.17449124089587287,-0.6043429600973992,1.114202454544477,0.4251700192479687,-0.05570867465593146,-0.9309878778969826,-1.0194060305032029,0.27624823999230536,1.762570824099894,1.35412285441136,0.8449281893690844,29,maize,Red soil
2267,-1.0045070792465538,0.17449124089587287,-0.6043429600973992,1.114202454544477,-0.036457799358352465,-0.05570867465593146,-0.7945023772924388,-0.4508095072656472,0.12509558509658367,2.191354787203379,1.2024765192574767,1.1073100063720653,29,maize,Red soil
2314,-1.0045070792465538,0.17449124089587287,-0.09597647149880119,-0.8975029591088394,-1.1135893761064315,-0.065156778888716,-0.40210656305437614,-0.7564371547511846,-0.4579217980726282,2.2800687106041,1.342457751707215,0.18897364686163232,29,maize,Red soil
2328,-1.0045070792465538,0.17449124089587287,-0.09597647149880119,-0.8975029591088394,0.5790459587834081,-0.07082564142838693,-0.18031762457199252,-0.5260236574273773,0.5180924878254604,2.7768666816481375,1.1616486597929696,0.8631491488831803,29,maize,Red soil
2330,-1.0045070792465538,0.17449124089587287,-0.09597647149880119,-0.8975029591088394,0.5790459587834081,-0.06893602058182988,0.07559268906152691,-0.6301447384348469,0.1985125889030772,1.3811009534767935,1.1558161084408975,0.6554302104224871,29,maize,Red soil
2402,-1.0045070792465538,0.17449124089587287,-0.09597647149880119,-0.8975029591088394,-0.6519615575001118,-0.07271526227494374,-0.6750775642634631,-0.5731728261854766,0.5871908443492186,2.389482549464989,1.4766064328048802,0.4367786962533364,29,maize,Red soil
2410,-1.0045070792465538,0.17449124089587287,-0.09597647149880119,-0.8975029591088394,-0.8058374970355525,-0.07649450396805761,-1.0674733785015265,-0.5316366537081035,0.39717036390888316,1.549657407938163,1.7215735895919215,1.0234935926072244,29,maize,Red soil
2434,-1.0045070792465538,0.17449124089587287,-0.09597647149880119,-0.8975029591088394,-0.19033373889379193,0.004759192433889368,-0.0779534991185845,-0.3736308084056631,0.1855566470548726,1.1474876218548946,1.896550130154094,0.407625161030783,29,maize,Red soil
2436,-1.0045070792465538,0.17449124089587287,-0.09597647149880119,-0.8975029591088394,-0.3442096784292314,-0.008468153492008771,0.1097140642126627,-0.7224785272527915,-0.44928450350715854,1.248030068375712,2.2231730058701484,0.20355041447290925,29,maize,Red soil
2483,-1.0045070792465538,0.17449124089587287,-0.6043429600973992,1.114202454544477,0.5790459587834081,-0.07271526227494374,0.28032093996834234,-1.0163188825488036,0.27624823999230536,1.1800160604351593,1.4999366382131702,0.4112693529336025,29,maize,Red soil
2488,-1.0045070792465538,0.17449124089587287,-0.09597647149880119,-0.8975029591088394,-0.8058374970355525,-0.040591707883476255,-0.11207487426972029,-0.5521240901327537,0.02144805031094633,1.2953441608560963,2.0540290166600492,0.7392466241873286,29,maize,Red soil
2513,-1.0045070792465538,0.17449124089587287,-0.6043429600973992,1.114202454544477,-1.1135893761064315,-0.03870208703691946,-0.6580168766878955,-0.8799230729271591,-0.3197250850251114,2.2859829721641476,1.0333325300473772,0.6590744023253066,29,maize,Red soil
2528,-1.0045070792465538,0.17449124089587287,-0.09597647149880119,-0.8975029591088394,-1.421341255177312,-0.03870208703691946,0.0073499387592553065,-0.3643693645424651,-0.04333165893007724,1.9311272785612636,1.7099084868877765,0.666362786130945,29,maize,Red soil
2530,-1.0045070792465538,0.17449124089587287,-0.09597647149880119,-0.8975029591088394,-0.8058374970355525,-0.05948791634904533,-0.8115630648680069,-0.668874412771857,0.2546550035786308,1.798056393460182,1.342457751707215,0.7210256646732327,29,maize,Red soil
2668,-1.0045070792465538,0.17449124089587287,-0.09597647149880119,-0.8975029591088394,-0.3442096784292314,0.0009799507407757676,0.2973816275439105,-0.8891845167903571,-0.16425378284665446,2.445668034285446,1.2083090706095496,0.35296228248849537,29,maize,Red soil
2685,-1.0045070792465538,0.17449124089587287,-0.6043429600973992,1.114202454544477,-1.5752171947127527,-0.042481328730033324,-0.2826817500253999,-0.7244430759510454,-0.1340232518675106,1.8956417092009756,1.4299460219883011,1.1291751577889801,29,maize,Red soil
2723,-1.0045070792465538,0.17449124089587287,-0.6043429600973992,1.114202454544477,-1.1135893761064315,-0.04626057042314692,0.31444231511947873,-1.0710455962858834,0.3194347128196544,2.084898079122514,1.394950713875866,0.23999233350110102,29,maize,Red soil
2725,-1.0045070792465538,0.17449124089587287,-0.6043429600973992,1.114202454544477,-0.036457799358352465,-0.05948791634904533,-0.3850458754788079,-0.5619468336240244,-0.384504794266135,1.7300423855196299,0.9108489516538563,1.078156471149512,29,maize,Red soil
2736,-1.0045070792465538,0.17449124089587287,-0.09597647149880119,-0.8975029591088394,0.4251700192479687,0.004759192433889368,-0.2826817500253999,-0.5978700098206717,-0.09515542632289622,2.80052372788833,0.9575093624704354,0.8011978865352541,29,maize,Red soil
2773,-1.0045070792465538,0.17449124089587287,-0.6043429600973992,1.114202454544477,-1.1135893761064315,-0.06893602058182988,-0.1461962494208567,-0.3809277035706071,0.10782099596564443,2.268240187484004,1.4357785733403732,0.15253172783344054,29,maize,Red soil
2794,-1.0045070792465538,0.17449124089587287,-0.09597647149880119,-0.8975029591088394,0.5790459587834081,-0.08027374566117147,0.1097140642126627,-0.3242364411352735,-0.47087773992083304,2.836009297248618,2.001536054491397,1.0125610168987669,29,maize,Red soil
2801,-1.0045070792465538,0.17449124089587287,-0.6043429600973992,1.114202454544477,-0.3442096784292314,-0.008468153492008771,-0.8115630648680069,-0.41460568125496383,0.23738041444769156,1.6413284621189088,1.5524296003818214,0.17804107115317488,29,maize,Red soil
2857,-1.0045070792465538,0.17449124089587287,-0.6043429600973992,1.114202454544477,-1.2674653156418723,-0.05381905380937466,0.2973816275439105,-1.0497162104191242,0.48786195684631595,2.6437957965470558,1.33079264900307,0.9651865221621172,29,maize,Red soil
2873,-1.0045070792465538,0.17449124089587287,-0.6043429600973992,1.114202454544477,-0.49808561796467227,-0.010357774338565839,-0.1973783121475601,-0.2922423623351344,0.030085344876416262,1.1711446680950872,1.2083090706095496,1.063579703538235,29,maize,Red soil
2916,-1.0045070792465538,0.17449124089587287,-0.09597647149880119,-0.8975029591088394,-0.6519615575001118,-0.07460488312150054,0.31444231511947873,-1.0673971487034113,0.06031587585556011,1.7122996008394848,0.6892120002751048,0.7028047051591367,29,maize,Red soil
2940,-1.0045070792465538,0.17449124089587287,-0.09597647149880119,-0.8975029591088394,0.27129407971252784,-0.042481328730033324,0.17795681451493492,-1.0760972929385368,-0.4665590926380981,1.8867703168609031,1.1091556976243184,1.0162052088015858,29,maize,Red soil
2970,-1.0045070792465538,0.17449124089587287,-0.09597647149880119,-0.8975029591088394,0.11741814017708838,-0.023585120264464247,-0.5727134388100558,-0.6610162179788406,0.15100746879299348,2.019841201961985,1.4299460219883011,0.7574675837014244,29,maize,Red soil
2989,-1.0045070792465538,0.17449124089587287,-0.6043429600973992,1.114202454544477,-0.19033373889379193,-0.0613775371956024,0.041471313910391105,-0.7696276960108908,-0.09947407360563087,1.2598585914958083,1.1908114165533317,0.29101102014056923,29,maize,Red soil
2994,-1.0045070792465538,0.17449124089587287,-0.09597647149880119,-0.8975029591088394,0.11741814017708838,-0.040591707883476255,-0.45328862578107953,-0.25295138837005154,-0.2851759067632323,1.2273301529155436,1.5116017409173144,0.4477112719617943,29,maize,Red soil
3081,-1.100063855269374,0.17449124089587287,-0.6043429600973992,1.114202454544477,0.11741814017708838,-0.2182160674598257,-1.4939905678907253,-0.8757133257166145,1.0492861036018535,-0.4316202146779396,0.14678472453237076,-0.040610443015975814,43,sorghum,Loamy soil
3090,-1.100063855269374,0.17449124089587287,-0.09597647149880119,-0.8975029591088394,1.0406737773897279,-0.2201056883063825,-0.009710748816312897,-0.704797588968504,1.2177133476285151,-0.09450730575519993,-0.10984753495881562,0.05413854645732288,43,sorghum,Loamy soil
3130,-1.100063855269374,0.17449124089587287,-0.09597647149880119,-0.8975029591088394,1.0406737773897279,-0.1860925130683582,1.2186587566245801,-0.8128477673724818,1.1961201112148405,-0.6149623230394298,0.39175188131941174,-0.05883140253007171,43,sorghum,Loamy soil
3145,-1.100063855269374,0.17449124089587287,-0.6043429600973992,1.114202454544477,1.0406737773897279,-0.1086180583595251,-1.5281119430418613,-1.035683719717309,1.062242045450058,-0.11225009043534397,0.1992776867010224,-0.5507973094106607,43,sorghum,Loamy soil
3168,-1.100063855269374,0.17449124089587287,-0.09597647149880119,-0.8975029591088394,-0.036457799358352465,-0.2673462094703052,1.1333553187467404,-0.8049895725794654,0.8635842704442528,-0.44640586857805975,-0.44230296202694275,-0.47062508754863874,43,sorghum,Loamy soil
3172,-1.100063855269374,0.17449124089587287,-0.09597647149880119,-0.8975029591088394,0.5790459587834081,-0.11239730005263869,-0.6921382518390313,-0.9652406163941961,1.2177133476285151,-0.14773565979563247,-0.2439962160564809,0.05413854645732288,43,sorghum,Loamy soil
3178,-1.100063855269374,0.17449124089587287,-0.09597647149880119,-0.8975029591088394,-0.19033373889379193,-0.2352226550788377,2.464088949641042,-0.9343691368502024,0.9974623362090346,-0.04423608249479126,-0.4306378593227982,-0.051543018724433246,43,sorghum,Loamy soil
3193,-1.100063855269374,0.17449124089587287,-0.6043429600973992,1.114202454544477,-0.3442096784292314,-0.11428692089919576,-1.3745657548617498,-0.8487709435691292,1.1788455220839007,-0.1654784444757765,-0.3839774485062187,-0.5289321579937457,43,sorghum,Loamy soil
3228,-1.100063855269374,0.17449124089587287,-0.09597647149880119,-0.8975029591088394,-0.036457799358352465,-0.170975546295903,-1.0845340660770946,-1.0659938996332299,1.165889580235696,-0.3902203837576034,-0.45396806473108775,-0.24104099767103063,43,sorghum,Loamy soil
3273,-1.100063855269374,0.17449124089587287,-0.6043429600973992,1.114202454544477,1.1945497169251689,-0.2163264466132686,1.6963580087404837,-1.1375596022124879,1.044967456319119,-0.18617835993594484,0.6017237299940186,-0.011456907793422491,43,sorghum,Loamy soil
3279,-1.100063855269374,0.17449124089587287,-0.6043429600973992,1.114202454544477,-0.8058374970355525,-0.15018971698377684,1.1674766938978767,-1.0901297836403523,0.837672386747843,-0.5558197074389492,-0.1798381511836843,0.10151304119397209,43,sorghum,Loamy soil
3318,-1.100063855269374,0.17449124089587287,-0.09597647149880119,-0.8975029591088394,-0.036457799358352465,-0.19176137560802886,-0.1461962494208567,-0.8692583799937793,0.9197266851198064,-0.6179194538194539,-0.4014751025624361,-0.1754455434202855,43,sorghum,Loamy soil
3330,-1.100063855269374,0.17449124089587287,-0.09597647149880119,-0.8975029591088394,-0.8058374970355525,-0.1993198589942566,0.041471313910391105,-0.940543432759001,0.8592656231615174,-0.3872632529775791,0.240105546165529,-0.3685877142697019,43,sorghum,Loamy soil
3337,-1.100063855269374,0.17449124089587287,-0.6043429600973992,1.114202454544477,-0.49808561796467227,-0.14641047529066326,-0.8456844400191428,-1.1675891323143726,1.1615709329529609,-0.3872632529775791,0.07679410830750169,-0.10256170536390195,43,sorghum,Loamy soil
3345,-1.100063855269374,0.17449124089587287,-0.6043429600973992,1.114202454544477,0.5790459587834081,-0.10105957497329736,-1.28926231698391,-1.1013557762018045,0.9283639796852763,-0.41979169155784374,-0.004861610621511978,-0.47062508754863874,43,sorghum,Loamy soil
3363,-1.100063855269374,0.17449124089587287,-0.6043429600973992,1.114202454544477,-0.036457799358352465,-0.14452085444410617,-0.9309878778969826,-0.8866586684640304,0.8851775068579273,-0.37839186063750707,-0.4248053079707257,-0.05518721062725248,43,sorghum,Loamy soil
3366,-1.100063855269374,0.17449124089587287,-0.09597647149880119,-0.8975029591088394,1.1945497169251689,-0.17286516714245978,1.6622366335893475,-0.7109718848773029,0.8679029177269875,-0.1684355752558008,-0.2731589728168429,-0.0005243320849648004,43,sorghum,Loamy soil
3401,-1.100063855269374,0.17449124089587287,-0.6043429600973992,1.114202454544477,1.1945497169251689,-0.12940388767165098,1.9863896975251385,-0.771592244709145,1.21339470034578,-0.3192492450370264,0.50840290836086,-0.13171524058645528,43,sorghum,Loamy soil
3416,-1.100063855269374,0.17449124089587287,-0.09597647149880119,-0.8975029591088394,-0.49808561796467227,-0.1086180583595251,-0.5215313760833518,-0.9669245152784139,1.2349879367594543,-0.31333498347697825,-0.20900090794404635,-0.0005243320849648004,43,sorghum,Loamy soil
3424,-1.100063855269374,0.17449124089587287,-0.09597647149880119,-0.8975029591088394,-0.9597134365709921,-0.10672843751296802,0.07559268906152691,-0.7446498625616595,1.114065812842877,-0.06789312873498345,0.15261727588444285,-0.5179995822852882,43,sorghum,Loamy soil
3438,-1.100063855269374,0.17449124089587287,-0.09597647149880119,-0.8975029591088394,0.8867978378542885,-0.2352226550788377,0.979809130566629,-1.1235271115106726,0.9758690997953601,-0.10633582887529582,0.07096155695542919,0.08693627358269543,43,sorghum,Loamy soil
3439,-1.100063855269374,0.17449124089587287,-0.6043429600973992,1.114202454544477,-0.036457799358352465,-0.23333303423228088,2.3276034490364976,-1.1920056661355312,1.114065812842877,-0.43753447623798775,0.5492307678253671,-0.36494352236688266,43,sorghum,Loamy soil
3452,-1.100063855269374,0.17449124089587287,-0.09597647149880119,-0.8975029591088394,0.8867978378542885,-0.20309910068737047,1.4575083826825315,-0.9683277643485955,1.027692867188179,-0.11520722121536783,0.6250539354023081,-0.21917584625411551,43,sorghum,Loamy soil
3454,-1.100063855269374,0.17449124089587287,-0.09597647149880119,-0.8975029591088394,-0.19033373889379193,-0.19365099645458594,0.024410626334822903,-1.0654326000051573,0.9067707432716018,-0.22462106007625718,0.4967378056567154,-0.4815576632570964,43,sorghum,Loamy soil
3474,-1.100063855269374,0.17449124089587287,-0.09597647149880119,-0.8975029591088394,-0.49808561796467227,-0.19554061730114275,1.628115258438211,-0.9402627829449649,0.9197266851198064,-0.40796316843774744,0.4150820867277013,-0.051543018724433246,43,sorghum,Loamy soil
3475,-1.100063855269374,0.17449124089587287,-0.6043429600973992,1.114202454544477,-0.19033373889379193,-0.09916995412674055,2.3105427614609293,-1.0463484126506883,0.9456385688162156,-0.36656333751741077,-0.19150325388782927,-0.5617298851191183,43,sorghum,Loamy soil
3481,-1.100063855269374,0.17449124089587287,-0.6043429600973992,1.114202454544477,0.4251700192479687,-0.2465603801581793,1.4404476951069645,-0.9820796052363744,1.1183844601256119,-0.07085025951500731,0.50840290836086,-0.24832938147666908,43,sorghum,Loamy soil
3484,-1.100063855269374,0.17449124089587287,-0.09597647149880119,-0.8975029591088394,0.11741814017708838,-0.1577482003700046,-0.8456844400191428,-1.1036009747140947,0.8247164448996384,-0.34290629127721856,0.45007739484013587,-0.2155316543512963,43,sorghum,Loamy soil
3533,-1.100063855269374,0.17449124089587287,-0.6043429600973992,1.114202454544477,0.5790459587834081,-0.14830009613722003,-0.5044706885077835,-1.1392435010967057,1.209076053063045,-0.5765196228991175,-0.302321729577205,-0.31028064382459497,43,sorghum,Loamy soil
3630,-1.100063855269374,0.17449124089587287,-0.09597647149880119,-0.8975029591088394,0.4251700192479687,-0.2654565886237484,2.344664136612066,-1.1308240066756166,1.0060996307745045,-0.5203341380786606,0.22844044346138445,-0.3940970575894362,43,sorghum,Loamy soil
3645,-1.100063855269374,0.17449124089587287,-0.6043429600973992,1.114202454544477,-0.49808561796467227,-0.17475478798901686,1.8840255720717305,-1.0011637925908432,0.8419910340305783,-0.43753447623798775,0.4967378056567154,-0.06976397823852913,43,sorghum,Loamy soil
3651,-1.100063855269374,0.17449124089587287,-0.6043429600973992,1.114202454544477,0.27129407971252784,-0.15396895867689073,1.5257511329848041,-0.96720516509245,0.9154080378370717,-0.23053532163630536,0.11762196777200873,-0.26290614908794574,43,sorghum,Loamy soil
3680,-1.100063855269374,0.17449124089587287,-0.09597647149880119,-0.8975029591088394,0.4251700192479687,-0.16719630460278911,-1.596354693344133,-0.7572791041932934,0.9585945106644208,-0.0738073902950316,0.520068011065005,-0.4779134713542772,43,sorghum,Loamy soil
3695,-1.100063855269374,0.17449124089587287,-0.6043429600973992,1.114202454544477,-0.49808561796467227,-0.14263123359754937,0.07559268906152691,-1.080026390335045,0.837672386747843,-0.15364992135568062,0.4384122921359913,0.10515723309679133,43,sorghum,Loamy soil
3826,-1.100063855269374,0.17449124089587287,-0.09597647149880119,-0.8975029591088394,0.8867978378542885,-0.17475478798901686,0.5874133163285657,-1.195654113718003,0.8506283285960482,-0.5587768382189732,-0.3781448971541462,-0.5435089256050223,43,sorghum,Loamy soil
3847,-1.100063855269374,0.17449124089587287,-0.6043429600973992,1.114202454544477,-0.6519615575001118,-0.09916995412674055,1.6963580087404837,-0.6671905138876391,1.0060996307745045,-0.2453209755364255,-0.31981938363342205,0.05413854645732288,43,sorghum,Loamy soil
3886,-1.100063855269374,0.17449124089587287,-0.09597647149880119,-0.8975029591088394,-0.19033373889379193,-0.22388492999949636,-1.5451726306174294,-0.7797310893161978,1.1227031074083471,-0.2571494986565218,-0.4656331674352323,-0.011456907793422491,43,sorghum,Loamy soil
3934,-1.100063855269374,0.17449124089587287,-0.09597647149880119,-0.8975029591088394,-0.8058374970355525,-0.22577455084605316,-0.11207487426972029,-1.1078107219246394,1.062242045450058,-0.5410340535388289,0.6192213840502357,-0.5252879660909264,43,sorghum,Loamy soil
3951,-1.100063855269374,0.17449124089587287,-0.6043429600973992,1.114202454544477,-0.6519615575001118,-0.2201056883063825,-1.5622333181929973,-1.0923749821526425,0.8160791503341684,-0.4404916070180116,-0.4131402052665807,0.07964788977705697,43,sorghum,Loamy soil
3987,-1.100063855269374,0.17449124089587287,-0.6043429600973992,1.114202454544477,-0.6519615575001118,-0.08783222904739894,0.43386712814845435,-0.9848861033767374,1.1702082275184307,-0.0738073902950316,0.5142354597129325,-0.33943417904714857,43,sorghum,Loamy soil
4002,1.0021852172326662,0.17449124089587287,-0.09597647149880119,-0.8975029591088394,-0.036457799358352465,-0.4789837442846789,0.43386712814845435,-1.1462597464476134,0.582872197066484,-0.6800192001999587,-0.6931026701660566,-1.0901377110278991,1,Pearl millet,sandy loamy soil
4018,-1.291177407315014,0.17449124089587287,-0.09597647149880119,-0.8975029591088394,-1.2674653156418723,-0.6263741703161176,2.5323316999433136,-1.4325225567646453,0.889496154140662,-0.718461900340271,-0.6872701188139841,-1.3160776090026882,1,Pearl millet,Clay soil
4043,-0.4311664231096339,0.17449124089587287,-0.6043429600973992,1.114202454544477,-0.6519615575001118,-0.5621270615331829,-1.7840222566753805,-1.1765699263635343,0.8160791503341684,-0.9550323627421938,-1.3930088324147458,-1.0792051353194416,1,Pearl millet,clay Loamy soil
4057,-1.291177407315014,0.17449124089587287,-0.6043429600973992,1.114202454544477,-0.19033373889379193,-0.5640166823797398,2.156996573280818,-1.247854979128756,0.4317195421707623,-1.1679457789039243,-1.2355299459087907,-1.1083586705419952,1,Pearl millet,Clay soil
4069,-1.291177407315014,0.17449124089587287,-0.6043429600973992,1.114202454544477,-1.5752171947127527,-0.556458198993512,-0.35092450032767214,-1.3351370712940471,0.40580765847435246,-1.1502029942237801,-1.4921622053999766,-1.2650589223632198,1,Pearl millet,Clay soil
4095,1.0021852172326662,0.17449124089587287,-0.6043429600973992,1.114202454544477,1.1945497169251689,-0.620705307776447,1.9863896975251385,-1.3988445790802886,0.5008178986945205,-0.8219614776411123,-0.7630932863909253,-0.6710556422036936,1,Pearl millet,sandy loamy soil
4134,1.0021852172326662,0.17449124089587287,-0.09597647149880119,-0.8975029591088394,1.0406737773897279,-0.6358222745489022,3.2488805781171672,-1.3188593820799415,0.7167502628312657,-0.7450760773604873,-1.1655393296839218,-0.9079281158869403,1,Pearl millet,sandy loamy soil
4147,-1.291177407315014,0.17449124089587287,-0.6043429600973992,1.114202454544477,-0.9597134365709921,-0.516776161215817,2.2934820738853623,-1.1420499992370687,1.019055572622709,-0.7480332081405113,-1.5446551675686284,-0.8350442778305566,1,Pearl millet,Clay soil
4151,-0.4311664231096339,0.17449124089587287,-0.6043429600973992,1.114202454544477,-0.9597134365709921,-0.4903214693640202,0.05853200148595931,-1.1007944765737316,0.7988045612032292,-1.1531601250038042,-0.9672325837134597,-0.9662351863320471,1,Pearl millet,clay Loamy soil
4163,-0.4311664231096339,0.17449124089587287,-0.6043429600973992,1.114202454544477,-0.9597134365709921,-0.497879952750248,0.7921415672353811,-1.3418726668309184,0.6044654334801585,-1.0260035014627706,-0.838916453967867,-0.8095349345108225,1,Pearl millet,clay Loamy soil
4194,1.0021852172326662,0.17449124089587287,-0.09597647149880119,-0.8975029591088394,-0.9597134365709921,-0.5526789573003984,2.174057260856386,-1.4737780794279824,1.0233742199054443,-0.7657759928206557,-1.2880229080774424,-1.0318306405827924,1,Pearl millet,sandy loamy soil
4202,-0.4311664231096339,0.17449124089587287,-0.09597647149880119,-0.8975029591088394,-0.19033373889379193,-0.599919478464321,0.9627484429910608,-1.2282094921462146,0.48786195684631595,-0.8308328699811842,-1.3171856648378044,-0.7002091774262471,1,Pearl millet,clay Loamy soil
4214,-0.4311664231096339,0.17449124089587287,-0.09597647149880119,-0.8975029591088394,-0.036457799358352465,-0.6169260660833331,0.55329194117743,-1.177131225991607,0.5871908443492186,-0.7716902543807036,-1.4804971026958318,-0.9188606915953978,1,Pearl millet,clay Loamy soil
4256,-0.4311664231096339,0.17449124089587287,-0.09597647149880119,-0.8975029591088394,0.7329218983188477,-0.5451204739141706,-0.35092450032767214,-1.3974413300101072,0.6217400226110977,-1.1768171712439963,-1.083883610754908,-0.860553621150291,1,Pearl millet,clay Loamy soil
4268,-0.4311664231096339,0.17449124089587287,-0.09597647149880119,-0.8975029591088394,1.0406737773897279,-0.5262242654486016,-0.2485603748742641,-1.4468356972804968,0.4317195421707623,-1.1206316864235397,-1.4163390378230354,-1.04276321629125,1,Pearl millet,clay Loamy soil
4280,-0.4311664231096339,0.17449124089587287,-0.09597647149880119,-0.8975029591088394,-0.8058374970355525,-0.497879952750248,-0.9480485654725508,-1.1367176527703788,0.6606078481557122,-1.0141749783426746,-1.1305440215714873,-1.2322611952378473,1,Pearl millet,clay Loamy soil
4324,-1.291177407315014,0.17449124089587287,-0.09597647149880119,-0.8975029591088394,-1.1135893761064315,-0.6358222745489022,0.26326025239277473,-1.3626407530696052,0.8506283285960482,-0.718461900340271,-1.3930088324147458,-1.1520889733758253,1,Pearl millet,Clay soil
4391,-0.4311664231096339,0.17449124089587287,-0.6043429600973992,1.114202454544477,1.3484256564606083,-0.5715751657659675,2.890606139030241,-1.437854903231335,0.924045332402541,-1.1088031633034436,-0.8214187999116495,-1.188530892404017,1,Pearl millet,clay Loamy soil
4416,1.0021852172326662,0.17449124089587287,-0.09597647149880119,-0.8975029591088394,-0.19033373889379193,-0.4846526068243496,3.3512447035705755,-1.4052995248031235,0.4446754840189669,-1.2034313482642127,-1.0722185080507631,-0.900639732081302,1,Pearl millet,sandy loamy soil
4431,1.0021852172326662,0.17449124089587287,-0.6043429600973992,1.114202454544477,-0.8058374970355525,-0.5318931279882723,-1.0162913157748223,-1.4210159143891568,0.9758690997953601,-0.8367471315412324,-0.7397630809826358,-1.1812425085983786,1,Pearl millet,sandy loamy soil
4439,-0.4311664231096339,0.17449124089587287,-0.6043429600973992,1.114202454544477,-0.8058374970355525,-0.6131468243902192,-0.8115630648680069,-1.35618580734677,0.8203977976169037,-1.138374471103684,-0.6464422593494771,-0.7585162478713541,1,Pearl millet,clay Loamy soil
4463,-0.4311664231096339,0.17449124089587287,-0.6043429600973992,1.114202454544477,-1.2674653156418723,-0.599919478464321,2.13993588570525,-1.4976333136210684,0.41444495303982243,-0.6504478923997183,-1.0255580972341838,-1.3160776090026882,1,Pearl millet,clay Loamy soil
4475,-0.4311664231096339,0.17449124089587287,-0.6043429600973992,1.114202454544477,0.5790459587834081,-0.5677959240728536,1.628115258438211,-1.216702849770726,0.8290350921823736,-1.1442887326637319,-1.1013812648111252,-0.8204675102192799,1,Pearl millet,clay Loamy soil
4503,1.0021852172326662,0.17449124089587287,-0.6043429600973992,1.114202454544477,0.4251700192479687,-0.5470100947607275,3.0441523272103526,-1.26048422076039,0.7340248519622056,-0.62974797693955,-0.7514281836867808,-0.8897071563728443,1,Pearl millet,sandy loamy soil
4598,-0.4311664231096339,0.17449124089587287,-0.09597647149880119,-0.8975029591088394,-1.5752171947127527,-0.4922110902105773,2.7029385756989934,-1.313807685427288,0.7383434992449402,-1.058531940043035,-1.3755111783585285,-0.8969955401784827,1,Pearl millet,clay Loamy soil
4602,1.0021852172326662,0.17449124089587287,-0.09597647149880119,-0.8975029591088394,-0.8058374970355525,-0.6112572035436624,0.07559268906152691,-1.3595536051152057,0.47058736771537607,-0.7066333772201749,-0.815586248559577,-1.1848867005011978,1,Pearl millet,sandy loamy soil
4616,-0.4311664231096339,0.17449124089587287,-0.09597647149880119,-0.8975029591088394,1.1945497169251689,-0.5621270615331829,-0.3679851879032397,-1.271710213321842,0.6346959644593029,-0.9964321936625302,-0.5647865404204635,-1.0318306405827924,1,Pearl millet,clay Loamy soil
4701,1.0021852172326662,0.17449124089587287,-0.6043429600973992,1.114202454544477,-1.421341255177312,-0.46197715666566663,-1.9205077572799243,-1.2108092036759637,0.7037943209830612,-0.9727751474223381,-1.4863296540479043,-1.2942124575857732,1,Pearl millet,sandy loamy soil
4703,-0.4311664231096339,0.17449124089587287,-0.6043429600973992,1.114202454544477,-0.6519615575001118,-0.4846526068243496,-1.1527768163793661,-1.2969686965851095,0.8074418557686991,-1.0703604631631312,-1.4804971026958318,-1.3233659928083268,1,Pearl millet,clay Loamy soil
4708,-1.291177407315014,0.17449124089587287,-0.09597647149880119,-0.8975029591088394,0.4251700192479687,-0.5961402367712072,-0.4362279382055119,-1.2823749062552217,0.6390146117420376,-1.1472458634437561,-1.0080604431779667,-1.1958192762096556,1,Pearl millet,Clay soil
4728,1.0021852172326662,0.17449124089587287,-0.09597647149880119,-0.8975029591088394,1.0406737773897279,-0.6377118953954592,-1.0504126909259581,-1.4673231337051473,0.5440043715218695,-0.8781469624615689,-1.352180972950239,-0.762160439774173,1,Pearl millet,sandy loamy soil
4791,1.0021852172326662,0.17449124089587287,-0.6043429600973992,1.114202454544477,-1.1135893761064315,-0.5488997156072846,1.082173256020037,-1.212773752374218,0.4533127785844368,-0.7539474697005595,-1.0255580972341838,-0.6819882179121513,1,Pearl millet,sandy loamy soil
4795,-1.291177407315014,0.17449124089587287,-0.6043429600973992,1.114202454544477,-0.6519615575001118,-0.5451204739141706,2.2252393235830894,-1.3682537493503313,0.7426621465276756,-1.0644462016030831,-1.5213249621603386,-1.0063212972630582,1,Pearl millet,Clay soil
4819,-1.291177407315014,0.17449124089587287,-0.6043429600973992,1.114202454544477,-0.49808561796467227,-0.4959903319036912,0.0073499387592553065,-1.4981946132491408,0.8981334487061319,-1.1590743865638522,-0.9205721728968805,-1.068272559610984,1,Pearl millet,Clay soil
4828,-1.291177407315014,0.17449124089587287,-0.09597647149880119,-0.8975029591088394,0.11741814017708838,-0.5262242654486016,0.9115663802643573,-1.1538372914265935,0.7167502628312657,-1.0555748092630108,-1.2996880107815874,-0.8532652373446525,1,Pearl millet,Clay soil
4860,1.0021852172326662,0.17449124089587287,-0.09597647149880119,-0.8975029591088394,-0.19033373889379193,-0.6320430328557883,-1.340444379710614,-1.27339411220606,1.0060996307745045,-0.6563621539597663,-0.5297912323080289,-0.7111417531347046,1,Pearl millet,sandy loamy soil
4886,-0.4311664231096339,0.17449124089587287,-0.09597647149880119,-0.8975029591088394,-1.421341255177312,-0.5885817533849794,-0.2144389997231283,-1.1400854505388145,1.0060996307745045,-0.9934750628825062,-0.8914094161365186,-1.2395495790434854,1,Pearl millet,clay Loamy soil
4889,-0.4311664231096339,0.17449124089587287,-0.6043429600973992,1.114202454544477,0.5790459587834081,-0.639601516242016,0.6897774417819738,-1.5004398117614315,1.0233742199054443,-0.8515327854413526,-0.7280979782784908,-0.7111417531347046,1,Pearl millet,clay Loamy soil
4992,1.0021852172326662,0.17449124089587287,-0.09597647149880119,-0.8975029591088394,-1.2674653156418723,-0.5507893364538413,1.0139305057177648,-1.1849894207846234,0.49649925141178586,-0.8042186929609679,-1.1480416756277045,-0.6819882179121513,1,Pearl millet,sandy loamy soil
4996,-1.291177407315014,0.17449124089587287,-0.09597647149880119,-0.8975029591088394,1.3484256564606083,-0.4770941234381221,0.16089612693936672,-1.4353290549050084,0.617421375328363,-0.960946624302242,-1.2646927026691528,-0.762160439774173,1,Pearl millet,Clay soil
5028,-1.100063855269374,0.17449124089587287,-0.09597647149880119,-0.8975029591088394,-1.2674653156418723,-0.033033224497248784,0.07559268906152691,-0.06772251110608968,-2.280390951386758,-1.481401641586472,-1.0605534053466183,-1.2176844276265704,36,ragi,Loamy soil
5032,-0.9089503032237339,0.17449124089587287,-0.09597647149880119,-0.8975029591088394,-0.6519615575001118,0.1672665852377836,-0.3338638127521039,0.03836311859963382,-2.280390951386758,-1.4636588569063278,-1.6029806810893525,-1.1411563976673678,36,ragi,Sandy soil
5052,-0.9089503032237339,0.17449124089587287,-0.09597647149880119,-0.8975029591088394,0.11741814017708838,-0.15207933783033392,-1.7499008815242447,0.3667234010221117,-2.3322147187795768,-1.407473372085871,-1.567985372976918,-1.1921750843068362,36,ragi,Sandy soil
5058,-1.100063855269374,0.17449124089587287,-0.09597647149880119,-0.8975029591088394,2.271681293673248,-0.010357774338565839,-0.3850458754788079,0.10150932675780265,-2.3538079551932514,-1.3542450180454384,-1.1888695350922114,-1.1338680138617294,36,ragi,Loamy soil
5068,-1.100063855269374,0.17449124089587287,-0.09597647149880119,-0.8975029591088394,0.8867978378542885,-0.13129350851820776,0.2461995648172065,0.726797112430692,-2.41426901715154,-1.490273033926544,-1.2063671891484287,-1.2359053871406662,36,ragi,Loamy soil
5069,1.0977419932554862,0.17449124089587287,-0.6043429600973992,1.114202454544477,1.6561775355314885,-0.1596378212165614,-1.9546291324310603,0.48571892217350565,-2.379719838889661,-1.2684882254247414,-1.2763578053732976,-1.068272559610984,36,ragi,shallow Black Soil
5097,-0.9089503032237339,0.17449124089587287,-0.6043429600973992,1.114202454544477,0.7329218983188477,-0.1237350251319803,-0.4703493133566477,0.5817011585739218,-2.3840384861723956,-1.2537025715246213,-1.124711470219415,-1.1375122057645486,36,ragi,Sandy soil
5120,-1.0045070792465538,0.17449124089587287,-0.09597647149880119,-0.8975029591088394,-2.3445968923899527,0.023655400899458445,-1.9205077572799243,0.36307495343963986,-2.345170660627782,-1.422259025985991,-1.4571668972875422,-1.1010702867363569,36,ragi,Red soil
5133,-1.100063855269374,0.17449124089587287,-0.6043429600973992,1.114202454544477,-1.8829690737836315,0.11057795984107636,-0.026771436391880492,0.7133259213569495,-2.2458417731248788,-1.3039737947850298,-1.1597067783318493,-1.1484447814730059,36,ragi,Loamy soil
5134,1.0977419932554862,0.17449124089587287,-0.09597647149880119,-0.8975029591088394,-1.8829690737836315,0.004759192433889368,-1.8693256945532204,0.3336067229658277,-2.228567183993939,-1.4193018952059673,-1.468831999991687,-1.1775983166955595,36,ragi,shallow Black Soil
5139,1.0977419932554862,0.17449124089587287,-0.6043429600973992,1.114202454544477,0.7329218983188477,0.0009799507407757676,-0.7433203145657353,0.5946110500195922,-2.276072304104023,-1.3069309255650539,-1.28219035672537,-1.1630215490842828,36,ragi,shallow Black Soil
5171,-1.386734183337834,0.17449124089587287,-0.6043429600973992,1.114202454544477,-1.729093134248192,-0.10105957497329736,-1.0333520033503905,-0.5170428633782155,-2.280390951386758,-1.50210155704664,-1.0780510594028356,-1.0719167515138033,36,ragi,Black Soil
5177,-0.9089503032237339,0.17449124089587287,-0.6043429600973992,1.114202454544477,-0.9597134365709921,-0.04815019126970399,-0.7774416897168711,-0.43986416451823135,-2.280390951386758,-1.3158023179051261,-1.4105064864709629,-1.188530892404017,36,ragi,Sandy soil
5214,1.0977419932554862,0.17449124089587287,-0.09597647149880119,-0.8975029591088394,-0.3442096784292314,0.057668576137482996,-0.8456844400191428,0.4085402233135215,-2.310621482365902,-1.4725302492463999,-1.5854830270331353,-1.254126346654762,36,ragi,shallow Black Soil
5242,-0.9089503032237339,0.17449124089587287,-0.09597647149880119,-0.8975029591088394,1.963929414602369,0.12947416830664543,-0.7262596269901671,0.03583727027330714,-2.280390951386758,-1.2744024869847894,-1.2180322918525734,-1.228617003335028,36,ragi,Sandy soil
5256,-1.386734183337834,0.17449124089587287,-0.09597647149880119,-0.8975029591088394,-0.19033373889379193,-0.014137016031679708,-1.8522650069776525,0.3122773370990684,-2.3581266024759864,-1.422259025985991,-1.5154924108082664,-1.2869240737801348,36,ragi,Black Soil
5264,1.0977419932554862,0.17449124089587287,-0.09597647149880119,-0.8975029591088394,-2.0368450133190725,0.07089592206338113,-1.4257478175884537,0.2870188538358009,-2.3063028350831676,-1.3039737947850298,-1.2880229080774424,-1.2213286195293895,36,ragi,shallow Black Soil
5288,-1.100063855269374,0.17449124089587287,-0.09597647149880119,-0.8975029591088394,-2.3445968923899527,-0.1086180583595251,0.31444231511947873,0.7287616611289462,-2.2674350095385534,-1.4754873800264239,-1.1480416756277045,-1.1994634681124745,36,ragi,Loamy soil
5298,-1.100063855269374,0.17449124089587287,-0.09597647149880119,-0.8975029591088394,1.3484256564606083,-0.14641047529066326,-1.1186554412282304,0.6563540091075795,-2.349489307910517,-1.3690306719455585,-1.2938554594295149,-1.2978566494885924,36,ragi,Loamy soil
5337,-0.9089503032237339,0.17449124089587287,-0.6043429600973992,1.114202454544477,1.5023015959960477,0.12380530576697477,-1.135716128803798,0.05576340706988492,-2.40563172258607,-1.2418740484045252,-1.142209124275632,-1.1156470543476333,36,ragi,Sandy soil
5346,-1.386734183337834,0.17449124089587287,-0.09597647149880119,-0.8975029591088394,0.11741814017708838,-0.13318312936476484,-1.8010829442509488,-0.2130991147768963,-2.2199298894284696,-1.233002656064453,-1.4280041405271802,-1.3270101847111457,36,ragi,Black Soil
5431,-1.386734183337834,0.17449124089587287,-0.6043429600973992,1.114202454544477,-0.49808561796467227,-0.010357774338565839,-1.6987188187975408,-0.026466988442752897,-2.41426901715154,-1.3365022333652943,-1.0663859566986909,-1.2031076600152937,36,ragi,Black Soil
5432,-0.9089503032237339,0.17449124089587287,-0.09597647149880119,-0.8975029591088394,0.8867978378542885,0.14270151423254385,0.26326025239277473,0.10207062638587538,-2.2156112421457346,-1.312845187125102,-1.1188789188673425,-1.1812425085983786,36,ragi,Sandy soil
5440,-1.0045070792465538,0.17449124089587287,-0.09597647149880119,-0.8975029591088394,0.7329218983188477,0.09357137222206408,-1.9716898200066284,-0.08091305236579617,-2.327896071496842,-1.4577445953462795,-1.124711470219415,-1.1338680138617294,36,ragi,Red soil
5450,-1.0045070792465538,0.17449124089587287,-0.09597647149880119,-0.8975029591088394,0.11741814017708838,-0.16908592544934592,-0.3679851879032397,-0.10336503748870064,-2.379719838889661,-1.2596168330846693,-1.1888695350922114,-1.3160776090026882,36,ragi,Red soil
5515,-1.0045070792465538,0.17449124089587287,-0.6043429600973992,1.114202454544477,1.3484256564606083,-0.05948791634904533,-1.9546291324310603,0.8098694573854389,-2.3969944280206,-1.3779020642856306,-1.1188789188673425,-1.2978566494885924,36,ragi,Red soil
5525,-1.0045070792465538,0.17449124089587287,-0.6043429600973992,1.114202454544477,-2.0368450133190725,-0.07649450396805761,-0.9480485654725508,0.7015386291674245,-2.232885831276674,-1.2773596177648134,-1.59714812973728,-0.9698793782348663,36,ragi,Red soil
5549,1.0977419932554862,0.17449124089587287,-0.6043429600973992,1.114202454544477,-0.19033373889379193,0.017986538359787776,-0.35092450032767214,-0.24902229097354334,-2.3624452497587214,-1.230045525284429,-1.439669243231325,-1.1812425085983786,36,ragi,shallow Black Soil
5597,-0.9089503032237339,0.17449124089587287,-0.6043429600973992,1.114202454544477,-1.421341255177312,-0.033033224497248784,-1.2551409418327741,0.512100004692918,-2.241523125842144,-1.2537025715246213,-1.5621528216248457,-1.046407408194069,36,ragi,Sandy soil
5642,-0.9089503032237339,0.17449124089587287,-0.09597647149880119,-0.8975029591088394,1.0406737773897279,-0.13318312936476484,-2.3299642590935554,0.7043451273077875,-2.401313075303335,-1.3039737947850298,-1.567985372976918,-1.228617003335028,36,ragi,Sandy soil
5651,-1.386734183337834,0.17449124089587287,-0.6043429600973992,1.114202454544477,0.11741814017708838,-0.04626057042314692,-0.9480485654725508,0.01787568217498362,-2.224248536711204,-1.227088394504405,-1.0722185080507631,-1.126579630056091,36,ragi,Black Soil
5663,-1.100063855269374,0.17449124089587287,-0.6043429600973992,1.114202454544477,-1.8829690737836315,-0.02547474111102105,-0.7603810021413029,-0.37699860617409886,-2.2933468932349625,-1.395644848965775,-1.1188789188673425,-1.0063212972630582,36,ragi,Loamy soil
5686,-1.386734183337834,0.17449124089587287,-0.09597647149880119,-0.8975029591088394,-0.3442096784292314,0.016096917513230974,-2.0569932578844683,-0.1639853973205428,-2.224248536711204,-1.5168872109467604,-1.4338366918792524,-1.1848867005011978,36,ragi,Black Soil
5724,1.0977419932554862,0.17449124089587287,-0.09597647149880119,-0.8975029591088394,-1.1135893761064315,0.15214961846532837,-1.8010829442509488,0.1191902650420898,-2.409950369868805,-1.31875944868515,-1.4863296540479043,-1.272347306168858,36,ragi,shallow Black Soil
5757,-0.9089503032237339,0.17449124089587287,-0.6043429600973992,1.114202454544477,1.0406737773897279,-0.14830009613722003,-1.3233836921350457,-0.5114298670974894,-2.3581266024759864,-1.2803167485448377,-1.6204783351455698,-1.210396043820932,36,ragi,Sandy soil
5762,-0.9089503032237339,0.17449124089587287,-0.09597647149880119,-0.8975029591088394,-1.1135893761064315,-0.12184540428542323,-1.681658131221973,-0.07726460478332432,-2.2933468932349625,-1.4754873800264239,-1.3871762810626733,-1.1229354381532717,36,ragi,Sandy soil
5770,-1.0045070792465538,0.17449124089587287,-0.09597647149880119,-0.8975029591088394,-0.036457799358352465,-0.12940388767165098,-2.0569932578844683,-0.017205544579554612,-2.3365333660623118,-1.3453736257053663,-1.11304636751527,-1.246837962849124,36,ragi,Red soil
5937,-0.9089503032237339,0.17449124089587287,-0.6043429600973992,1.114202454544477,1.0406737773897279,-0.14830009613722003,-0.6409561891123273,0.21966289846708748,-2.3365333660623118,-1.2714453562047656,-1.2996880107815874,-1.0937819029307183,36,ragi,Sandy soil
5961,-1.386734183337834,0.17449124089587287,-0.6043429600973992,1.114202454544477,0.8867978378542885,0.19372127708958015,-2.142296695762308,0.033592071761016494,-2.284709598669493,-1.5139300801667361,-1.4804971026958318,-1.305145033294231,36,ragi,Black Soil
5964,1.0977419932554862,0.17449124089587287,-0.09597647149880119,-0.8975029591088394,1.6561775355314885,-0.08216336650772828,-0.2656210624498323,-0.2080474181242426,-2.2717536568212884,-1.3779020642856306,-1.5038273081041216,-1.1812425085983786,36,ragi,shallow Black Soil
6063,-0.6222799751552739,0.17449124089587287,-0.6043429600973992,1.114202454544477,-0.8058374970355525,-0.6906212790990526,0.9456877554154931,-1.5327145403756066,-2.3581266024759864,-1.478444510806448,-1.153874226979777,-1.024542256777154,32,panivaragu,black cotton soil
6064,0.8110716651870262,0.17449124089587287,-0.09597647149880119,-0.8975029591088394,-0.036457799358352465,-0.7265240751836337,-0.40210656305437614,-1.5408533849826591,-2.40563172258607,-1.2477883099645732,-1.626310886497642,-1.0026771053602388,32,panivaragu,sandy Loamy soil
6083,-0.6222799751552739,0.17449124089587287,-0.6043429600973992,1.114202454544477,0.4251700192479687,-0.701959004178394,0.33150300269504634,-1.5557278251265836,-2.228567183993939,-1.4045162413058472,-1.0780510594028356,-1.2504821547519431,32,panivaragu,black cotton soil
6091,-0.6222799751552739,0.17449124089587287,-0.6043429600973992,1.114202454544477,0.4251700192479687,-0.6603873455541419,-0.6580168766878955,-1.538608186470369,-2.41426901715154,-1.2477883099645732,-1.6146457837934973,-1.334298568516784,32,panivaragu,black cotton soil
6094,0.8110716651870262,0.17449124089587287,-0.09597647149880119,-0.8975029591088394,0.27129407971252784,-0.7057382458715078,-0.9139271903214149,-1.5102625552527023,-2.2933468932349625,-1.4725302492463999,-1.4863296540479043,-0.9953887215546006,32,panivaragu,sandy Loamy soil
6115,-0.6222799751552739,0.17449124089587287,-0.6043429600973992,1.114202454544477,-0.9597134365709921,-0.6528288621679145,2.4982103247921774,-1.5301886920492798,-2.280390951386758,-1.2389169176245012,-1.3638460756543838,-1.3233659928083268,32,panivaragu,black cotton soil
6130,0.8110716651870262,0.17449124089587287,-0.09597647149880119,-0.8975029591088394,-0.3442096784292314,-0.6584977247075852,2.9417882017569443,-1.5127884035790287,-2.228567183993939,-1.3897305874057269,-1.4221715891751077,-1.1047144786391758,32,panivaragu,sandy Loamy soil
6179,-0.6222799751552739,0.17449124089587287,-0.6043429600973992,1.114202454544477,-0.6519615575001118,-0.6755043123265974,-1.3063230045594776,-1.5088593061825206,-2.3019841878004326,-1.4045162413058472,-1.5563202702727732,-0.9917445296517814,32,panivaragu,black cotton soil
6207,-0.6222799751552739,0.17449124089587287,-0.6043429600973992,1.114202454544477,-0.3442096784292314,-0.69817976248528,0.5703526287529982,-1.5574117240108014,-2.3365333660623118,-1.3394593641453183,-1.1655393296839218,-1.2504821547519431,32,panivaragu,black cotton soil
6323,-0.6222799751552739,0.17449124089587287,-0.6043429600973992,1.114202454544477,0.11741814017708838,-0.7151863501042923,0.48504919087515835,-1.5445018325651314,-2.314940129648637,-1.5080158186066883,-1.5913155783852078,-1.0136096810686963,32,panivaragu,black cotton soil
6327,-0.6222799751552739,0.17449124089587287,-0.6043429600973992,1.114202454544477,0.11741814017708838,-0.6547184830144712,0.7068381293575413,-1.5484309299616397,-2.3538079551932514,-1.4163447644259433,-1.626310886497642,-1.272347306168858,32,panivaragu,black cotton soil
6351,-0.6222799751552739,0.17449124089587287,-0.6043429600973992,1.114202454544477,-1.1135893761064315,-0.6906212790990526,-1.7669615690998126,-1.544221182751095,-2.3883571334551306,-1.2418740484045252,-1.2121997405005012,-0.9808119539433239,32,panivaragu,black cotton soil
6398,0.8110716651870262,0.17449124089587287,-0.09597647149880119,-0.8975029591088394,-0.9597134365709921,-0.6603873455541419,0.33150300269504634,-1.5593762727090557,-2.345170660627782,-1.3897305874057269,-1.6029806810893525,-1.1338680138617294,32,panivaragu,sandy Loamy soil
6406,0.8110716651870262,0.17449124089587287,-0.09597647149880119,-0.8975029591088394,-0.6519615575001118,-0.6830627957128249,-2.176418070913444,-1.5447824823791678,-2.40563172258607,-1.499144426266616,-1.4163390378230354,-1.04276321629125,32,panivaragu,sandy Loamy soil
6411,-0.6222799751552739,0.17449124089587287,-0.6043429600973992,1.114202454544477,0.27129407971252784,-0.7057382458715078,0.7921415672353811,-1.5310306414913886,-2.310621482365902,-1.4488732030062077,-1.3580135243023115,-0.9990329134574197,32,panivaragu,black cotton soil
6469,-0.6222799751552739,0.17449124089587287,-0.6043429600973992,1.114202454544477,-1.421341255177312,-0.69817976248528,-1.9205077572799243,-1.5428179336809134,-2.280390951386758,-1.230045525284429,-1.3930088324147458,-1.305145033294231,32,panivaragu,black cotton soil
6470,0.8110716651870262,0.17449124089587287,-0.09597647149880119,-0.8975029591088394,0.27129407971252784,-0.7076278667180647,-1.2722016294083418,-1.544221182751095,-2.3322147187795768,-1.2862310101048857,-1.5329900648644836,-1.1010702867363569,32,panivaragu,sandy Loamy soil
6481,-0.6222799751552739,0.17449124089587287,-0.6043429600973992,1.114202454544477,0.4251700192479687,-0.6925108999456094,2.174057260856386,-1.522891796884336,-2.349489307910517,-1.5139300801667361,-1.0605534053466183,-1.2942124575857732,32,panivaragu,black cotton soil
6502,0.8110716651870262,0.17449124089587287,-0.09597647149880119,-0.8975029591088394,-0.6519615575001118,-0.7416410419560892,-2.364085634244691,-1.5501148288458575,-2.340852013345047,-1.398601979745799,-1.3871762810626733,-1.3015008413914115,32,panivaragu,sandy Loamy soil
6511,-0.6222799751552739,0.17449124089587287,-0.6043429600973992,1.114202454544477,-0.6519615575001118,-0.7321929377233046,0.6385953790552698,-1.5473083307054945,-2.371082544324191,-1.4695731184663758,-1.6088132324414248,-1.2067518519181129,32,panivaragu,black cotton soil
6538,0.8110716651870262,0.17449124089587287,-0.09597647149880119,-0.8975029591088394,-1.2674653156418723,-0.7359721794164182,-2.2787821963668513,-1.53243389056157,-2.2199298894284696,-1.4932301647065682,-1.4105064864709629,-1.2650589223632198,32,panivaragu,sandy Loamy soil
6569,-0.6222799751552739,0.17449124089587287,-0.6043429600973992,1.114202454544477,-1.2674653156418723,-0.6717250706334835,2.7029385756989934,-1.5268208942808439,-2.2717536568212884,-1.48731590314652,-1.3405158702460942,-1.0974260948335375,32,panivaragu,black cotton soil
6604,0.8110716651870262,0.17449124089587287,-0.09597647149880119,-0.8975029591088394,-1.1135893761064315,-0.6717250706334835,3.4536088290239833,-1.5214885478141544,-2.2890282459522275,-1.3010166640050058,-1.1305440215714873,-1.2650589223632198,32,panivaragu,sandy Loamy soil
6613,-0.6222799751552739,0.17449124089587287,-0.6043429600973992,1.114202454544477,-1.5752171947127527,-0.6603873455541419,0.26326025239277473,-1.5428179336809134,-2.2976655405176976,-1.3867734566257028,-1.124711470219415,-1.144800589570187,32,panivaragu,black cotton soil
6632,0.8110716651870262,0.17449124089587287,-0.09597647149880119,-0.8975029591088394,-0.036457799358352465,-0.7132967292577356,0.502109878450726,-1.5425372838668774,-2.228567183993939,-1.3601592796054867,-1.626310886497642,-1.1848867005011978,32,panivaragu,sandy Loamy soil
6665,-0.6222799751552739,0.17449124089587287,-0.6043429600973992,1.114202454544477,-0.036457799358352465,-0.6603873455541419,2.6176351378211535,-1.5419759842388046,-2.340852013345047,-1.3453736257053663,-1.3463484215981665,-1.2176844276265704,32,panivaragu,black cotton soil
6688,0.8110716651870262,0.17449124089587287,-0.09597647149880119,-0.8975029591088394,0.11741814017708838,-0.7359721794164182,-2.2105394460645797,-1.5565697745686926,-2.327896071496842,-1.3158023179051261,-1.2705252540212253,-1.2213286195293895,32,panivaragu,sandy Loamy soil
6700,0.8110716651870262,0.17449124089587287,-0.09597647149880119,-0.8975029591088394,0.11741814017708838,-0.7284136960301908,-0.9651092530481183,-1.5433792333089862,-2.228567183993939,-1.4932301647065682,-1.5621528216248457,-1.2359053871406662,32,panivaragu,sandy Loamy soil
6705,-0.6222799751552739,0.17449124089587287,-0.6043429600973992,1.114202454544477,-0.036457799358352465,-0.703848625024951,-2.466449759698099,-1.561621471221346,-2.3969944280206,-1.2537025715246213,-1.28219035672537,-1.0573399839025266,32,panivaragu,black cotton soil
6750,0.8110716651870262,0.17449124089587287,-0.09597647149880119,-0.8975029591088394,0.5790459587834081,-0.6490496204748005,-0.11207487426972029,-1.5546052258704384,-2.345170660627782,-1.4695731184663758,-1.352180972950239,-1.1557331652786444,32,panivaragu,sandy Loamy soil
6758,0.8110716651870262,0.17449124089587287,-0.09597647149880119,-0.8975029591088394,-0.19033373889379193,-0.701959004178394,1.6963580087404837,-1.5400114355405503,-2.41426901715154,-1.4754873800264239,-1.3055205621336596,-1.1958192762096556,32,panivaragu,sandy Loamy soil
6798,0.8110716651870262,0.17449124089587287,-0.09597647149880119,-0.8975029591088394,0.11741814017708838,-0.6698354497869264,1.2015980690490127,-1.5310306414913886,-2.2631163622558184,-1.4193018952059673,-1.3463484215981665,-1.0937819029307183,32,panivaragu,sandy Loamy soil
6810,0.8110716651870262,0.17449124089587287,-0.09597647149880119,-0.8975029591088394,-0.49808561796467227,-0.7340825585698614,1.1333553187467404,-1.5481502801476035,-2.349489307910517,-1.4666159876863516,-1.323018216189877,-1.2031076600152937,32,panivaragu,sandy Loamy soil
6814,0.8110716651870262,0.17449124089587287,-0.09597647149880119,-0.8975029591088394,-1.5752171947127527,-0.6868420374059387,3.2830019532683035,-1.5481502801476035,-2.224248536711204,-1.2832738793248617,-1.3463484215981665,-1.3270101847111457,32,panivaragu,sandy Loamy soil
6818,0.8110716651870262,0.17449124089587287,-0.09597647149880119,-0.8975029591088394,-0.9597134365709921,-0.6906212790990526,1.8499041969205952,-1.5355210385159697,-2.3667638970414564,-1.2951024024449578,-1.4629994486396145,-1.268703114266039,32,panivaragu,sandy Loamy soil
6838,0.8110716651870262,0.17449124089587287,-0.09597647149880119,-0.8975029591088394,-1.2674653156418723,-0.7114071084111785,3.112395077512624,-1.5102625552527023,-2.375401191606926,-1.2684882254247414,-1.59714812973728,-1.3233659928083268,32,panivaragu,sandy Loamy soil
6882,0.8110716651870262,0.17449124089587287,-0.09597647149880119,-0.8975029591088394,-1.421341255177312,-0.7340825585698614,-1.6475367560708372,-1.5184013998597548,-2.3581266024759864,-1.2684882254247414,-1.4571668972875422,-0.9844561458461429,32,panivaragu,sandy Loamy soil
6920,0.8110716651870262,0.17449124089587287,-0.09597647149880119,-0.8975029591088394,-1.2674653156418723,-0.6528288621679145,2.2764213863097944,-1.5198046489299362,-2.340852013345047,-1.3365022333652943,-1.5796504756810628,-1.2942124575857732,32,panivaragu,sandy Loamy soil
6938,0.8110716651870262,0.17449124089587287,-0.09597647149880119,-0.8975029591088394,0.27129407971252784,-0.7303033168767475,-2.432328384546963,-1.5214885478141544,-2.228567183993939,-1.2418740484045252,-1.5446551675686284,-0.9844561458461429,32,panivaragu,sandy Loamy soil
6953,-0.6222799751552739,0.17449124089587287,-0.6043429600973992,1.114202454544477,-0.036457799358352465,-0.7057382458715078,1.2357194442001485,-1.5473083307054945,-2.280390951386758,-1.50210155704664,-1.4513343459354697,-1.246837962849124,32,panivaragu,black cotton soil
7003,-1.100063855269374,0.17449124089587287,-0.6043429600973992,1.114202454544477,3.34881287042133,-0.4865422276709066,1.0309911932933329,-1.0286674743664013,-2.349489307910517,-1.410430502865895,-1.5796504756810628,-1.254126346654762,40,samai,Loamy soil
7009,-1.100063855269374,0.17449124089587287,-0.6043429600973992,1.114202454544477,3.5026888099567692,-0.4279639814276423,1.730479383891619,-0.7923603309478315,-2.4185876644342748,-1.413387633645919,-1.6204783351455698,-1.0026771053602388,40,samai,Loamy soil
7030,-1.100063855269374,0.17449124089587287,-0.09597647149880119,-0.8975029591088394,2.8871850518150084,-0.4846526068243496,0.2973816275439105,-0.5459497942239552,-2.327896071496842,-1.401559110525823,-1.2296973945567182,-1.2249728114322087,40,samai,Loamy soil
7049,-1.100063855269374,0.17449124089587287,-0.6043429600973992,1.114202454544477,3.34881287042133,-0.3996196687292887,0.55329194117743,-0.9966733955662621,-2.237204478559409,-1.33354510258527,-1.1013812648111252,-1.1593773571814636,40,samai,Loamy soil
7102,-1.100063855269374,0.17449124089587287,-0.09597647149880119,-0.8975029591088394,3.6565647494922087,-0.25789810523752066,1.4916297578336677,-0.60937665219616,-2.3019841878004326,-1.2537025715246213,-1.2996880107815874,-1.0974260948335375,40,samai,Loamy soil
7120,-1.100063855269374,0.17449124089587287,-0.09597647149880119,-0.8975029591088394,2.8871850518150084,-0.41284701465518714,2.566453075094449,-0.7078847369229034,-2.254479067690349,-1.2537025715246213,-1.2471950486129355,-0.9808119539433239,40,samai,Loamy soil
7143,-1.100063855269374,0.17449124089587287,-0.6043429600973992,1.114202454544477,3.041060991350448,-0.25411886354440677,1.8840255720717305,-0.5361270507326844,-2.3019841878004326,-1.5080158186066883,-1.4105064864709629,-1.268703114266039,40,samai,Loamy soil
7157,-1.100063855269374,0.17449124089587287,-0.6043429600973992,1.114202454544477,3.041060991350448,-0.3826130811102767,1.1845373814734443,-0.9888152007732457,-2.401313075303335,-1.4252161567660153,-1.4046739351188906,-1.2577705385575813,40,samai,Loamy soil
7183,-1.100063855269374,0.17449124089587287,-0.6043429600973992,1.114202454544477,2.8871850518150084,-0.3334829390997969,0.31444231511947873,-0.45193210652179266,-2.4229063117170098,-1.4400018106661354,-1.083883610754908,-1.0573399839025266,40,samai,Loamy soil
7205,-1.100063855269374,0.17449124089587287,-0.6043429600973992,1.114202454544477,3.5026888099567692,-0.1860925130683582,0.6215346914797015,-0.7690663963828184,-2.310621482365902,-1.2744024869847894,-1.4163390378230354,-0.9808119539433239,40,samai,Loamy soil
7228,-1.100063855269374,0.17449124089587287,-0.09597647149880119,-0.8975029591088394,3.6565647494922087,-0.28435279708931743,2.361724824187634,-0.4746647414587332,-2.284709598669493,-1.4518303337862315,-1.5621528216248457,-1.08649351912508,40,samai,Loamy soil
7283,-1.100063855269374,0.17449124089587287,-0.6043429600973992,1.114202454544477,3.1949369308858873,-0.23144341338572408,1.5939938832870757,-0.9837635041205923,-2.3624452497587214,-1.2596168330846693,-1.1072138161631977,-1.1739541247927403,40,samai,Loamy soil
7312,-1.100063855269374,0.17449124089587287,-0.09597647149880119,-0.8975029591088394,3.1949369308858873,-0.21065758407359794,2.122875198129683,-0.5285495057537041,-2.2631163622558184,-1.233002656064453,-1.5271575135124111,-1.2359053871406662,40,samai,Loamy soil
7333,-1.100063855269374,0.17449124089587287,-0.6043429600973992,1.114202454544477,3.1949369308858873,-0.4411913273535407,1.1333553187467404,-0.7460531116318411,-2.41426901715154,-1.3897305874057269,-1.0722185080507631,-1.246837962849124,40,samai,Loamy soil
7468,-1.100063855269374,0.17449124089587287,-0.09597647149880119,-0.8975029591088394,3.5026888099567692,-0.23711227592539477,1.5769331957115076,-1.0648713003770847,-2.4229063117170098,-1.484358772366496,-1.2880229080774424,-1.210396043820932,40,samai,Loamy soil
7471,-1.100063855269374,0.17449124089587287,-0.6043429600973992,1.114202454544477,3.041060991350448,-0.2730150720099758,1.0309911932933329,-0.7917990313197588,-2.2890282459522275,-1.50210155704664,-1.4221715891751077,-1.2031076600152937,40,samai,Loamy soil
7497,-1.100063855269374,0.17449124089587287,-0.6043429600973992,1.114202454544477,3.041060991350448,-0.4789837442846789,1.6792973211649156,-0.9683277643485955,-2.3969944280206,-1.4370446798861114,-1.4804971026958318,-1.2395495790434854,40,samai,Loamy soil
7570,-1.100063855269374,0.17449124089587287,-0.09597647149880119,-0.8975029591088394,3.34881287042133,-0.25600848439096385,2.549392387518882,-0.9040589569342812,-2.2458417731248788,-1.3512878872654144,-1.1480416756277045,-1.2942124575857732,40,samai,Loamy soil
7599,-1.100063855269374,0.17449124089587287,-0.6043429600973992,1.114202454544477,3.041060991350448,-0.18231327137524433,0.9115663802643573,-0.6517547741156423,-2.3667638970414564,-1.3719878027255827,-1.3288507675419494,-1.0937819029307183,40,samai,Loamy soil
7646,-1.100063855269374,0.17449124089587287,-0.09597647149880119,-0.8975029591088394,2.8871850518150084,-0.48276298597779277,1.2186587566245801,-0.5305140544519583,-2.41426901715154,-1.4488732030062077,-1.083883610754908,-1.0099654891658774,40,samai,Loamy soil
7647,-1.100063855269374,0.17449124089587287,-0.6043429600973992,1.114202454544477,3.1949369308858873,-0.22577455084605316,0.655656066630838,-0.9753440096995032,-2.3063028350831676,-1.3512878872654144,-1.142209124275632,-1.2614147304604006,40,samai,Loamy soil
7650,-1.100063855269374,0.17449124089587287,-0.09597647149880119,-0.8975029591088394,3.5026888099567692,-0.5035488152899187,0.7750808796598135,-0.9492435769941265,-2.2933468932349625,-1.499144426266616,-1.567985372976918,-0.9735235701376855,40,samai,Loamy soil
7673,-1.100063855269374,0.17449124089587287,-0.6043429600973992,1.114202454544477,3.34881287042133,-0.5243346446020448,0.8603843175376533,-1.0789037910788999,-2.340852013345047,-1.4400018106661354,-1.381343729710601,-1.0937819029307183,40,samai,Loamy soil
7674,-1.100063855269374,0.17449124089587287,-0.09597647149880119,-0.8975029591088394,3.34881287042133,-0.42040549804141486,2.037571760251843,-0.869819679621852,-2.280390951386758,-1.3424164949253423,-1.4046739351188906,-1.0573399839025266,40,samai,Loamy soil
7676,-1.100063855269374,0.17449124089587287,-0.09597647149880119,-0.8975029591088394,3.6565647494922087,-0.2730150720099758,0.7921415672353811,-0.44940625819546565,-2.232885831276674,-1.227088394504405,-1.2763578053732976,-1.144800589570187,40,samai,Loamy soil
7680,-1.100063855269374,0.17449124089587287,-0.09597647149880119,-0.8975029591088394,3.041060991350448,-0.3372621807929108,0.3997457529973185,-0.7410014149791877,-2.3667638970414564,-1.4725302492463999,-1.3580135243023115,-1.1411563976673678,40,samai,Loamy soil
7735,-1.100063855269374,0.17449124089587287,-0.6043429600973992,1.114202454544477,3.34881287042133,-0.45063943158632525,0.6385953790552698,-0.9422273316432188,-2.2156112421457346,-1.3305879718052462,-1.5154924108082664,-1.2905682656829538,40,samai,Loamy soil
7749,-1.100063855269374,0.17449124089587287,-0.6043429600973992,1.114202454544477,3.34881287042133,-0.18042365052868753,1.5939938832870757,-0.9888152007732457,-2.237204478559409,-1.2537025715246213,-1.2705252540212253,-1.0500516000968882,40,samai,Loamy soil
7751,-1.100063855269374,0.17449124089587287,-0.6043429600973992,1.114202454544477,3.041060991350448,-0.310807488941114,2.361724824187634,-0.41320243218478225,-2.3624452497587214,-1.4340875491060874,-1.3755111783585285,-1.330654376613965,40,samai,Loamy soil
7765,-1.100063855269374,0.17449124089587287,-0.6043429600973992,1.114202454544477,3.34881287042133,-0.40717815211551645,1.3380835696535565,-0.5035716723044729,-2.379719838889661,-1.3779020642856306,-1.1363765729235598,-1.0354748324856116,40,samai,Loamy soil
7790,-1.100063855269374,0.17449124089587287,-0.09597647149880119,-0.8975029591088394,3.041060991350448,-0.4846526068243496,1.832843509345027,-0.8521387413375646,-2.232885831276674,-1.2744024869847894,-1.5563202702727732,-1.2431937709463048,40,samai,Loamy soil
7798,-1.100063855269374,0.17449124089587287,-0.09597647149880119,-0.8975029591088394,3.34881287042133,-0.46764601920533755,1.8840255720717305,-1.0920943323386063,-2.401313075303335,-1.2951024024449578,-1.153874226979777,-1.254126346654762,40,samai,Loamy soil
7809,-1.100063855269374,0.17449124089587287,-0.6043429600973992,1.114202454544477,3.1949369308858873,-0.3826130811102767,1.6451759460137791,-0.767101847684564,-2.2501604204076138,-1.2980595332249818,-1.2880229080774424,-1.1812425085983786,40,samai,Loamy soil
7810,-1.100063855269374,0.17449124089587287,-0.09597647149880119,-0.8975029591088394,3.1949369308858873,-0.4959903319036912,0.7921415672353811,-0.7438079131195507,-2.3365333660623118,-1.3069309255650539,-1.4163390378230354,-1.0719167515138033,40,samai,Loamy soil
7822,-1.100063855269374,0.17449124089587287,-0.09597647149880119,-0.8975029591088394,3.6565647494922087,-0.40528853126895936,0.8433236299620851,-1.117352815601874,-2.3969944280206,-1.2891881408849095,-1.095548713459053,-1.144800589570187,40,samai,Loamy soil
7864,-1.100063855269374,0.17449124089587287,-0.09597647149880119,-0.8975029591088394,3.34881287042133,-0.37316497687749217,0.6897774417819738,-0.7791697896881251,-2.40563172258607,-1.4725302492463999,-1.1013812648111252,-1.1958192762096556,40,samai,Loamy soil
7867,-1.100063855269374,0.17449124089587287,-0.6043429600973992,1.114202454544477,3.041060991350448,-0.25789810523752066,2.583513762670017,-0.8614001852007629,-2.224248536711204,-1.50210155704664,-1.2121997405005012,-1.228617003335028,40,samai,Loamy soil
7905,-1.100063855269374,0.17449124089587287,-0.6043429600973992,1.114202454544477,3.34881287042133,-0.21065758407359794,1.6792973211649156,-0.719391379298392,-2.276072304104023,-1.31875944868515,-1.183036983740139,-1.2796356899744965,40,samai,Loamy soil
7920,-1.100063855269374,0.17449124089587287,-0.09597647149880119,-0.8975029591088394,3.5026888099567692,-0.3089178680945572,0.9627484429910608,-1.033999820833091,-2.237204478559409,-1.3365022333652943,-1.171371881035994,-1.1156470543476333,40,samai,Loamy soil
7931,-1.100063855269374,0.17449124089587287,-0.6043429600973992,1.114202454544477,3.5026888099567692,-0.41473663550174394,0.979809130566629,-0.9352110862923112,-2.314940129648637,-1.5139300801667361,-1.28219035672537,-1.1047144786391758,40,samai,Loamy soil
8012,-1.482290959360654,0.17449124089587287,-0.09597647149880119,-0.8975029591088394,0.4251700192479687,-0.4317432231207562,-0.7945023772924388,-0.23190265231732862,-2.3624452497587214,-1.3158023179051261,-1.2296973945567182,-1.1338680138617294,50,thinai,Alluvial soil
8046,-1.482290959360654,0.17449124089587287,-0.09597647149880119,-0.8975029591088394,0.27129407971252784,-0.42418473973452847,-0.5897741263856233,-0.9388595338747834,-2.3365333660623118,-1.3749449335056068,-1.2938554594295149,-1.188530892404017,50,thinai,Alluvial soil
8047,-1.100063855269374,0.17449124089587287,-0.6043429600973992,1.114202454544477,-0.9597134365709921,-0.36560649349126445,0.0073499387592553065,-1.0281061747383284,-2.4229063117170098,-1.478444510806448,-1.095548713459053,-1.2942124575857732,50,thinai,Loamy soil
8070,-1.482290959360654,0.17449124089587287,-0.09597647149880119,-0.8975029591088394,-1.2674653156418723,-0.41284701465518714,-0.2656210624498323,-0.1078554345132816,-2.2458417731248788,-1.3897305874057269,-1.5271575135124111,-1.0828493272222608,50,thinai,Alluvial soil
8082,-1.482290959360654,0.17449124089587287,-0.09597647149880119,-0.8975029591088394,-0.036457799358352465,-0.3788338394171628,-0.026771436391880492,-1.0281061747383284,-2.2890282459522275,-1.5139300801667361,-1.6029806810893525,-1.254126346654762,50,thinai,Alluvial soil
8089,-1.100063855269374,0.17449124089587287,-0.6043429600973992,1.114202454544477,-1.2674653156418723,-0.39395080618961803,0.05853200148595931,-0.3264816396475638,-2.323577424214107,-1.3069309255650539,-1.4105064864709629,-1.2832798818773157,50,thinai,Loamy soil
8103,-1.100063855269374,0.17449124089587287,-0.6043429600973992,1.114202454544477,-0.8058374970355525,-0.3826130811102767,-0.11207487426972029,-0.8636453837130532,-2.2976655405176976,-1.398601979745799,-1.11304636751527,-1.0828493272222608,50,thinai,Loamy soil
8233,-1.100063855269374,0.17449124089587287,-0.6043429600973992,1.114202454544477,-0.036457799358352465,-0.4468601898932114,-0.4874100009322159,-1.053364658001596,-2.241523125842144,-1.2359597868444772,-1.6029806810893525,-1.04276321629125,50,thinai,Loamy soil
8264,-1.482290959360654,0.17449124089587287,-0.09597647149880119,-0.8975029591088394,-0.036457799358352465,-0.3863923228033903,-0.5727134388100558,-0.8010604751829571,-2.2890282459522275,-1.3453736257053663,-1.4513343459354697,-1.3160776090026882,50,thinai,Alluvial soil
8291,-1.100063855269374,0.17449124089587287,-0.6043429600973992,1.114202454544477,-0.9597134365709921,-0.40906777296207325,-0.0608928115430169,-0.9739407606293217,-2.323577424214107,-1.3305879718052462,-1.4863296540479043,-1.0609841758053458,50,thinai,Loamy soil
8292,-1.482290959360654,0.17449124089587287,-0.09597647149880119,-0.8975029591088394,-1.421341255177312,-0.45252905243288205,-0.2826817500253999,-0.9130397509834431,-2.2458417731248788,-1.2803167485448377,-1.171371881035994,-1.0719167515138033,50,thinai,Alluvial soil
8325,-1.100063855269374,0.17449124089587287,-0.6043429600973992,1.114202454544477,-1.421341255177312,-0.42040549804141486,0.3656243778461821,-0.8341771532392411,-2.254479067690349,-1.4518303337862315,-1.4513343459354697,-1.2504821547519431,50,thinai,Loamy soil
8340,-1.482290959360654,0.17449124089587287,-0.09597647149880119,-0.8975029591088394,-1.729093134248192,-0.4260743605810855,-0.1291355618452885,-0.3003812069421875,-2.2933468932349625,-1.2477883099645732,-1.3871762810626733,-1.2176844276265704,50,thinai,Alluvial soil
8369,-1.100063855269374,0.17449124089587287,-0.6043429600973992,1.114202454544477,-1.5752171947127527,-0.4185158771948578,-0.1291355618452885,-0.055654569102528646,-2.379719838889661,-1.484358772366496,-1.183036983740139,-1.2395495790434854,50,thinai,Loamy soil
8382,-1.482290959360654,0.17449124089587287,-0.09597647149880119,-0.8975029591088394,-1.1135893761064315,-0.40906777296207325,0.655656066630838,-0.48252293625174997,-2.3840384861723956,-1.4725302492463999,-1.626310886497642,-1.2869240737801348,50,thinai,Alluvial soil
8407,-1.100063855269374,0.17449124089587287,-0.6043429600973992,1.114202454544477,-1.5752171947127527,-0.40528853126895936,-0.7774416897168711,-0.0980326910220109,-2.340852013345047,-1.2832738793248617,-1.3171856648378044,-1.1192912462504527,50,thinai,Loamy soil
8429,-1.100063855269374,0.17449124089587287,-0.6043429600973992,1.114202454544477,-0.036457799358352465,-0.3901715644965042,-0.7262596269901671,-0.8372643011936405,-2.319258776931372,-1.4163447644259433,-1.2646927026691528,-1.3160776090026882,50,thinai,Loamy soil
8458,-1.482290959360654,0.17449124089587287,-0.09597647149880119,-0.8975029591088394,-0.3442096784292314,-0.41095739380863033,-0.2485603748742641,-0.7884312335513234,-2.284709598669493,-1.4045162413058472,-1.5446551675686284,-1.1229354381532717,50,thinai,Alluvial soil
8467,-1.100063855269374,0.17449124089587287,-0.6043429600973992,1.114202454544477,-0.036457799358352465,-0.3693857351843783,0.024410626334822903,-0.059864316313073235,-2.375401191606926,-1.407473372085871,-1.0897161621069804,-1.0828493272222608,50,thinai,Loamy soil
8484,-1.482290959360654,0.17449124089587287,-0.09597647149880119,-0.8975029591088394,-0.6519615575001118,-0.40528853126895936,-0.5727134388100558,-0.9245463933589317,-2.40563172258607,-1.3010166640050058,-1.497994756752049,-0.9808119539433239,50,thinai,Alluvial soil
8493,-1.100063855269374,0.17449124089587287,-0.6043429600973992,1.114202454544477,-1.2674653156418723,-0.4015092895758458,-0.29974243760096814,-0.39608279352856757,-2.3581266024759864,-1.4518303337862315,-1.398841383766818,-1.3160776090026882,50,thinai,Loamy soil
8498,-1.482290959360654,0.17449124089587287,-0.09597647149880119,-0.8975029591088394,0.27129407971252784,-0.42229511888797167,0.1950175020905025,-0.05593521891656501,-2.4229063117170098,-1.2389169176245012,-1.2471950486129355,-1.210396043820932,50,thinai,Alluvial soil
8504,-1.482290959360654,0.17449124089587287,-0.09597647149880119,-0.8975029591088394,-1.2674653156418723,-0.3769442185706058,-0.2485603748742641,-0.20748611849617019,-2.3667638970414564,-1.4163447644259433,-1.2646927026691528,-1.024542256777154,50,thinai,Alluvial soil
8527,-1.100063855269374,0.17449124089587287,-0.6043429600973992,1.114202454544477,-0.19033373889379193,-0.375054597724049,0.7238988169331095,-0.2723162255385569,-2.3538079551932514,-1.3483307564853904,-1.0897161621069804,-1.126579630056091,50,thinai,Loamy soil
8539,-1.100063855269374,0.17449124089587287,-0.6043429600973992,1.114202454544477,-1.421341255177312,-0.3920611853430612,-0.7091989394145989,-0.20215377202948046,-2.4185876644342748,-1.5109729493867121,-1.5796504756810628,-1.1083586705419952,50,thinai,Loamy soil
8573,-1.100063855269374,0.17449124089587287,-0.6043429600973992,1.114202454544477,-1.729093134248192,-0.3788338394171628,0.655656066630838,-0.9175301480080241,-2.409950369868805,-1.3572021488254624,-1.1013812648111252,-1.068272559610984,50,thinai,Loamy soil
8587,-1.100063855269374,0.17449124089587287,-0.6043429600973992,1.114202454544477,-0.19033373889379193,-0.4487498107397685,0.05853200148595931,-0.6975006938035603,-2.224248536711204,-1.2921452716649338,-1.4571668972875422,-1.0026771053602388,50,thinai,Loamy soil
8611,-1.100063855269374,0.17449124089587287,-0.6043429600973992,1.114202454544477,0.4251700192479687,-0.41284701465518714,0.7068381293575413,-0.08652604864652229,-2.2458417731248788,-1.407473372085871,-1.5271575135124111,-1.2395495790434854,50,thinai,Loamy soil
8631,-1.100063855269374,0.17449124089587287,-0.6043429600973992,1.114202454544477,0.27129407971252784,-0.40528853126895936,0.2973816275439105,-0.4670871964797531,-2.310621482365902,-1.413387633645919,-1.3638460756543838,-1.0536957919997074,50,thinai,Loamy soil
8653,-1.100063855269374,0.17449124089587287,-0.6043429600973992,1.114202454544477,-1.5752171947127527,-0.4374120856604269,-0.0438321239674487,-0.8841328201377038,-2.3624452497587214,-1.2566597023046453,-1.223864843204646,-1.0354748324856116,50,thinai,Loamy soil
8693,-1.100063855269374,0.17449124089587287,-0.6043429600973992,1.114202454544477,-1.421341255177312,-0.4185158771948578,0.28032093996834234,-0.8765552751587233,-2.3019841878004326,-1.2951024024449578,-1.2996880107815874,-1.1630215490842828,50,thinai,Loamy soil
8729,-1.100063855269374,0.17449124089587287,-0.6043429600973992,1.114202454544477,-1.5752171947127527,-0.4449705690466546,-0.5044706885077835,-0.5507208410625721,-2.2458417731248788,-1.3069309255650539,-1.2763578053732976,-1.272347306168858,50,thinai,Loamy soil
8771,-1.100063855269374,0.17449124089587287,-0.6043429600973992,1.114202454544477,-1.2674653156418723,-0.4374120856604269,-0.5044706885077835,-0.2507061898577612,-2.375401191606926,-1.3069309255650539,-1.083883610754908,-1.0208980648743347,50,thinai,Loamy soil
8869,-1.100063855269374,0.17449124089587287,-0.6043429600973992,1.114202454544477,-1.1135893761064315,-0.3920611853430612,0.26326025239277473,-1.0048122401733153,-2.2199298894284696,-1.2951024024449578,-1.2413624972608632,-1.3270101847111457,50,thinai,Loamy soil
8900,-1.482290959360654,0.17449124089587287,-0.09597647149880119,-0.8975029591088394,-0.3442096784292314,-0.41662625634830097,0.55329194117743,-0.22993810361907466,-2.314940129648637,-1.312845187125102,-1.1305440215714873,-1.0609841758053458,50,thinai,Alluvial soil
8944,-1.482290959360654,0.17449124089587287,-0.09597647149880119,-0.8975029591088394,-1.421341255177312,-0.3769442185706058,0.5362312536018617,-0.21422171403304147,-2.379719838889661,-1.410430502865895,-1.1947020864442839,-1.330654376613965,50,thinai,Alluvial soil
8954,-1.482290959360654,0.17449124089587287,-0.09597647149880119,-0.8975029591088394,-1.421341255177312,-0.40528853126895936,0.6215346914797015,-1.041296715998035,-2.3538079551932514,-1.3483307564853904,-1.4046739351188906,-1.2905682656829538,50,thinai,Alluvial soil
8961,-1.100063855269374,0.17449124089587287,-0.6043429600973992,1.114202454544477,-1.5752171947127527,-0.40906777296207325,-0.5215313760833518,-0.42751557270063395,-2.3969944280206,-1.3305879718052462,-1.6379759892017869,-1.334298568516784,50,thinai,Loamy soil
8967,-1.100063855269374,0.17449124089587287,-0.6043429600973992,1.114202454544477,-0.49808561796467227,-0.3693857351843783,0.6385953790552698,-0.8173381643970627,-2.340852013345047,-1.230045525284429,-1.2355299459087907,-0.9917445296517814,50,thinai,Loamy soil
8988,-1.482290959360654,0.17449124089587287,-0.09597647149880119,-0.8975029591088394,-0.8058374970355525,-0.3882819436499474,0.4168064405728861,-0.4322866195392513,-2.2631163622558184,-1.2537025715246213,-1.4921622053999766,-1.064628367708165,50,thinai,Alluvial soil
9015,-1.291177407315014,0.17449124089587287,-0.6043429600973992,1.114202454544477,-0.49808561796467227,0.20127976047580787,0.21207818966607073,-0.649509575603352,-2.345170660627782,-1.4607017261263038,-1.2646927026691528,-1.1557331652786444,53,varagu,Clay soil
9093,-1.291177407315014,0.17449124089587287,-0.6043429600973992,1.114202454544477,-0.6519615575001118,0.20127976047580787,0.16089612693936672,-0.4480030091252841,-2.340852013345047,-1.478444510806448,-1.398841383766818,-1.0026771053602388,53,varagu,Clay soil
9111,-1.291177407315014,0.17449124089587287,-0.6043429600973992,1.114202454544477,-0.9597134365709921,0.20127976047580787,0.2973816275439105,-1.0039702907312062,-2.323577424214107,-1.4429589414461594,-1.0663859566986909,-1.0828493272222608,53,varagu,Clay soil
9123,-1.291177407315014,0.17449124089587287,-0.6043429600973992,1.114202454544477,-1.1135893761064315,0.20127976047580787,0.28032093996834234,-1.0168801821768763,-2.280390951386758,-1.2980595332249818,-1.5504877189207007,-0.9953887215546006,53,varagu,Clay soil
9126,-1.291177407315014,0.17449124089587287,-0.09597647149880119,1.114202454544477,-0.49808561796467227,0.20127976047580787,0.09265337663709511,-0.16174019880825213,-2.345170660627782,-1.3424164949253423,-1.4804971026958318,-1.330654376613965,53,varagu,Clay soil
9206,-1.291177407315014,0.17449124089587287,-0.09597647149880119,1.114202454544477,-1.729093134248192,0.20127976047580787,0.26326025239277473,-0.8894651666043935,-2.3840384861723956,-1.2744024869847894,-1.2588601513170803,-1.254126346654762,53,varagu,Clay soil
9215,-1.291177407315014,0.17449124089587287,-0.6043429600973992,1.114202454544477,-1.5752171947127527,0.20127976047580787,0.21207818966607073,-0.23162200250329257,-2.3624452497587214,-1.5168872109467604,-1.3171856648378044,-1.1229354381532717,53,varagu,Clay soil
9233,-1.291177407315014,0.17449124089587287,-0.6043429600973992,1.114202454544477,-1.5752171947127527,0.20127976047580787,0.17795681451493492,-0.5891698655855462,-2.3322147187795768,-1.3926877181857509,-1.4046739351188906,-1.0063212972630582,53,varagu,Clay soil
9241,-1.291177407315014,0.17449124089587287,-0.6043429600973992,1.114202454544477,-0.3442096784292314,0.20127976047580787,0.22913887724163892,-0.7053588885965768,-2.232885831276674,-1.4636588569063278,-1.3755111783585285,-1.0755609434166225,53,varagu,Clay soil
9260,-1.291177407315014,0.17449124089587287,-0.09597647149880119,1.114202454544477,-0.6519615575001118,0.20127976047580787,0.17795681451493492,-0.6335125362032824,-2.2458417731248788,-1.3158023179051261,-1.083883610754908,-1.08649351912508,53,varagu,Clay soil
9278,-1.291177407315014,0.17449124089587287,-0.09597647149880119,1.114202454544477,-1.2674653156418723,0.20127976047580787,0.28032093996834234,-0.16117889918017972,-2.319258776931372,-1.3069309255650539,-1.2705252540212253,-0.9881003377489622,53,varagu,Clay soil
9288,-1.291177407315014,0.17449124089587287,-0.09597647149880119,1.114202454544477,-0.8058374970355525,0.20127976047580787,0.31444231511947873,-0.44154806340244923,-2.3322147187795768,-1.478444510806448,-1.4804971026958318,-1.1156470543476333,53,varagu,Clay soil
9289,-1.291177407315014,0.17449124089587287,-0.6043429600973992,1.114202454544477,-1.1135893761064315,0.20127976047580787,0.3656243778461821,-0.5341625020344302,-2.379719838889661,-1.4193018952059673,-1.3171856648378044,-1.1083586705419952,53,varagu,Clay soil
9327,-1.291177407315014,0.17449124089587287,-0.6043429600973992,1.114202454544477,-0.19033373889379193,0.20127976047580787,0.07559268906152691,-0.24649644264721665,-2.2501604204076138,-1.499144426266616,-1.4338366918792524,-1.1229354381532717,53,varagu,Clay soil
9382,-1.291177407315014,0.17449124089587287,-0.09597647149880119,1.114202454544477,-0.49808561796467227,0.20127976047580787,0.2461995648172065,-0.4856100842061494,-2.4185876644342748,-1.398601979745799,-1.3055205621336596,-1.0792051353194416,53,varagu,Clay soil
9387,-1.291177407315014,0.17449124089587287,-0.6043429600973992,1.114202454544477,-1.1135893761064315,0.20127976047580787,0.31444231511947873,-0.8016217748110296,-2.379719838889661,-1.3572021488254624,-1.3463484215981665,-1.1775983166955595,53,varagu,Clay soil
9388,-1.291177407315014,0.17449124089587287,-0.09597647149880119,1.114202454544477,-1.421341255177312,0.20127976047580787,0.3485636902706145,-0.8512967918954558,-2.41426901715154,-1.3069309255650539,-1.6088132324414248,-1.2395495790434854,53,varagu,Clay soil
9395,-1.291177407315014,0.17449124089587287,-0.6043429600973992,1.114202454544477,-0.8058374970355525,0.20127976047580787,0.05853200148595931,-0.8389482000778584,-2.379719838889661,-1.4429589414461594,-1.4163390378230354,-1.2213286195293895,53,varagu,Clay soil
9412,-1.291177407315014,0.17449124089587287,-0.09597647149880119,1.114202454544477,-0.49808561796467227,0.20127976047580787,0.1097140642126627,-0.027870237512934427,-2.2976655405176976,-1.3365022333652943,-1.2880229080774424,-1.228617003335028,53,varagu,Clay soil
9417,-1.291177407315014,0.17449124089587287,-0.6043429600973992,1.114202454544477,-0.3442096784292314,0.20127976047580787,0.05853200148595931,-0.7118138343194117,-2.3840384861723956,-1.2744024869847894,-1.5446551675686284,-1.2431937709463048,53,varagu,Clay soil
9418,-1.291177407315014,0.17449124089587287,-0.09597647149880119,1.114202454544477,-0.19033373889379193,0.20127976047580787,0.1950175020905025,-0.8125671175584457,-2.371082544324191,-1.324673710245198,-1.4921622053999766,-1.2322611952378473,53,varagu,Clay soil
9487,-1.291177407315014,0.17449124089587287,-0.6043429600973992,1.114202454544477,-1.2674653156418723,0.20127976047580787,0.09265337663709511,-0.2417253958085993,-2.323577424214107,-1.410430502865895,-1.171371881035994,-1.0281864486799732,53,varagu,Clay soil
9523,-1.291177407315014,0.17449124089587287,-0.6043429600973992,1.114202454544477,-0.9597134365709921,0.20127976047580787,0.33150300269504634,0.0015979929608776898,-2.284709598669493,-1.3305879718052462,-1.59714812973728,-1.1047144786391758,53,varagu,Clay soil
9557,-1.291177407315014,0.17449124089587287,-0.6043429600973992,1.114202454544477,-1.2674653156418723,0.20127976047580787,0.1950175020905025,-0.2759646731210288,-2.4185876644342748,-1.496187295486592,-1.4921622053999766,-0.9844561458461429,53,varagu,Clay soil
9565,-1.291177407315014,0.17449124089587287,-0.6043429600973992,1.114202454544477,-0.6519615575001118,0.20127976047580787,0.38268506542175035,-0.5086233689571262,-2.2501604204076138,-1.233002656064453,-1.1947020864442839,-1.1010702867363569,53,varagu,Clay soil
9569,-1.291177407315014,0.17449124089587287,-0.6043429600973992,1.114202454544477,-1.2674653156418723,0.20127976047580787,0.05853200148595931,-0.6683131131437843,-2.314940129648637,-1.2211741329443568,-1.626310886497642,-0.9953887215546006,53,varagu,Clay soil
9657,-1.291177407315014,0.17449124089587287,-0.6043429600973992,1.114202454544477,-0.3442096784292314,0.20127976047580787,0.31444231511947873,-0.7802923889442706,-2.280390951386758,-1.401559110525823,-1.567985372976918,-1.1593773571814636,53,varagu,Clay soil
9681,-1.291177407315014,0.17449124089587287,-0.6043429600973992,1.114202454544477,-0.8058374970355525,0.20127976047580787,0.05853200148595931,0.030504923806617387,-2.345170660627782,-1.5139300801667361,-1.2471950486129355,-1.1557331652786444,53,varagu,Clay soil
9696,-1.291177407315014,0.17449124089587287,-0.09597647149880119,1.114202454544477,-0.49808561796467227,0.20127976047580787,0.1438354393637991,-0.32142994299491046,-2.3019841878004326,-1.3719878027255827,-1.4280041405271802,-1.1630215490842828,53,varagu,Clay soil
9711,-1.291177407315014,0.17449124089587287,-0.6043429600973992,1.114202454544477,-0.6519615575001118,0.20127976047580787,0.07559268906152691,-0.7659792484284189,-2.319258776931372,-1.5050586878266643,-1.3755111783585285,-1.2176844276265704,53,varagu,Clay soil
9792,-1.291177407315014,0.17449124089587287,-0.09597647149880119,1.114202454544477,-0.6519615575001118,0.20127976047580787,0.1950175020905025,-0.5524047399467901,-2.2717536568212884,-1.3010166640050058,-1.4863296540479043,-1.0536957919997074,53,varagu,Clay soil
9830,-1.291177407315014,0.17449124089587287,-0.09597647149880119,1.114202454544477,-1.1135893761064315,0.20127976047580787,0.1097140642126627,-0.32704293927563655,-2.2717536568212884,-1.490273033926544,-1.626310886497642,-1.254126346654762,53,varagu,Clay soil
9831,-1.291177407315014,0.17449124089587287,-0.6043429600973992,1.114202454544477,-1.5752171947127527,0.20127976047580787,0.21207818966607073,-0.05733846798674654,-2.3624452497587214,-1.3749449335056068,-1.1363765729235598,-1.0354748324856116,53,varagu,Clay soil
9832,-1.291177407315014,0.17449124089587287,-0.09597647149880119,1.114202454544477,-1.729093134248192,0.20127976047580787,0.21207818966607073,-0.4684904455499347,-2.3581266024759864,-1.2744024869847894,-1.2938554594295149,-1.254126346654762,53,varagu,Clay soil
9838,-1.291177407315014,0.17449124089587287,-0.09597647149880119,1.114202454544477,-0.8058374970355525,0.20127976047580787,0.2973816275439105,-0.26473868055957656,-2.3883571334551306,-1.31875944868515,-1.183036983740139,-1.0281864486799732,53,varagu,Clay soil
9875,-1.291177407315014,0.17449124089587287,-0.6043429600973992,1.114202454544477,-0.49808561796467227,0.20127976047580787,0.3485636902706145,-0.7763632915477621,-2.401313075303335,-1.2596168330846693,-1.3288507675419494,-1.2614147304604006,53,varagu,Clay soil
9885,-1.291177407315014,0.17449124089587287,-0.6043429600973992,1.114202454544477,-0.3442096784292314,0.20127976047580787,0.33150300269504634,-0.874310076646433,-2.3581266024759864,-1.398601979745799,-1.183036983740139,-1.330654376613965,53,varagu,Clay soil
9909,-1.291177407315014,0.17449124089587287,-0.6043429600973992,1.114202454544477,-0.3442096784292314,0.20127976047580787,0.07559268906152691,-0.7527887071687124,-2.2933468932349625,-1.321716579465174,-1.095548713459053,-1.1229354381532717,53,varagu,Clay soil
9938,-1.291177407315014,0.17449124089587287,-0.09597647149880119,1.114202454544477,-0.9597134365709921,0.20127976047580787,0.28032093996834234,-0.27035167684030265,-2.3840384861723956,-1.4163447644259433,-1.0780510594028356,-0.9844561458461429,53,varagu,Clay soil
9940,-1.291177407315014,0.17449124089587287,-0.09597647149880119,1.114202454544477,-1.5752171947127527,0.20127976047580787,0.2973816275439105,-0.1168362285624432,-2.379719838889661,-1.4518303337862315,-1.5913155783852078,-1.024542256777154,53,varagu,Clay soil
10000,-1.100063855269374,0.17449124089587287,-0.09597647149880119,1.114202454544477,-0.19033373889379193,-0.6074779618505486,-0.8115630648680069,-0.3904697972478414,-2.3581266024759864,-1.1028889017433956,-0.49479592419559437,-1.2614147304604006,28,kudiraivali,Loamy soil
10020,-1.100063855269374,0.17449124089587287,-0.09597647149880119,1.114202454544477,-1.1135893761064315,-0.6150364452367763,-0.8115630648680069,-0.33939153109323394,-2.2631163622558184,-0.8278757392011604,-1.5154924108082664,-0.7220743288431622,28,kudiraivali,Loamy soil
10074,-1.100063855269374,0.17449124089587287,-0.09597647149880119,1.114202454544477,-0.8058374970355525,-0.3334829390997969,-0.8115630648680069,-0.7480176603300954,-2.232885831276674,-0.6829763309799826,-0.8797443134323736,-1.1520889733758253,28,kudiraivali,Loamy soil
10085,-1.100063855269374,0.17449124089587287,-0.6043429600973992,1.114202454544477,-1.1135893761064315,-0.475204502591565,-0.8115630648680069,-0.9618728186257602,-2.237204478559409,-0.7746473851607276,-0.6697724647577666,-0.7330069045516197,28,kudiraivali,Loamy soil
10194,-1.100063855269374,0.17449124089587287,-0.09597647149880119,1.114202454544477,-1.2674653156418723,-0.31647635148078496,-0.8115630648680069,-0.9068654550746442,-2.3019841878004326,-0.889975485581665,-0.8214187999116495,-0.9589468025264087,28,kudiraivali,Loamy soil
10245,-1.100063855269374,0.17449124089587287,-0.6043429600973992,1.114202454544477,0.27129407971252784,-0.46953564005189435,-0.8115630648680069,-0.04498987616914915,-2.280390951386758,-0.9195467933819053,-0.7514281836867808,-1.1812425085983786,28,kudiraivali,Loamy soil
10252,-1.100063855269374,0.17449124089587287,-0.09597647149880119,1.114202454544477,-1.1135893761064315,-0.5148865403692603,-0.8115630648680069,-0.27961312070350064,-2.228567183993939,-1.1679457789039243,-1.381343729710601,-0.6091043798557677,28,kudiraivali,Loamy soil
10261,-1.100063855269374,0.17449124089587287,-0.6043429600973992,1.114202454544477,-0.6519615575001118,-0.6282637911626747,-0.8115630648680069,-0.09831334083604727,-2.310621482365902,-1.0053035860026025,-0.7514281836867808,-1.0136096810686963,28,kudiraivali,Loamy soil
10295,-1.100063855269374,0.17449124089587287,-0.6043429600973992,1.114202454544477,-1.2674653156418723,-0.4959903319036912,-0.8115630648680069,-0.12301052447124206,-2.241523125842144,-0.7480332081405113,-1.28219035672537,-0.9808119539433239,28,kudiraivali,Loamy soil
10300,-1.100063855269374,0.17449124089587287,-0.09597647149880119,1.114202454544477,-0.49808561796467227,-0.2786839345496468,-0.8115630648680069,-0.8170575145830263,-2.401313075303335,-1.0437462861429148,-1.1013812648111252,-0.7475836721628963,28,kudiraivali,Loamy soil
10315,-1.100063855269374,0.17449124089587287,-0.6043429600973992,1.114202454544477,-1.421341255177312,-0.4600875358191098,-0.8115630648680069,-0.6158315979189952,-2.2717536568212884,-0.6415765000596461,-1.6321434378497146,-0.8095349345108225,28,kudiraivali,Loamy soil
10360,-1.100063855269374,0.17449124089587287,-0.09597647149880119,1.114202454544477,-0.9597134365709921,-0.3996196687292887,-0.8115630648680069,-0.9565404721590706,-2.319258776931372,-0.8367471315412324,-0.6464422593494771,-1.1775983166955595,28,kudiraivali,Loamy soil
10363,-1.100063855269374,0.17449124089587287,-0.6043429600973992,1.114202454544477,-0.19033373889379193,-0.29569052216865876,-0.8115630648680069,-0.08456149994826802,-2.4185876644342748,-0.6474907616196942,-1.3638460756543838,-1.1557331652786444,28,kudiraivali,Loamy soil
10373,-1.100063855269374,0.17449124089587287,-0.6043429600973992,1.114202454544477,-1.421341255177312,-0.433632843967313,-0.8115630648680069,-0.6921683473368703,-2.241523125842144,-0.8692755701214968,-0.8739117620803011,-1.1958192762096556,28,kudiraivali,Loamy soil
10439,-1.100063855269374,0.17449124089587287,-0.6043429600973992,1.114202454544477,-0.8058374970355525,-0.30135938470832946,-0.8115630648680069,-0.4903811310447664,-2.3969944280206,-0.7273332926803431,-0.9672325837134597,-0.7475836721628963,28,kudiraivali,Loamy soil
10450,-1.100063855269374,0.17449124089587287,-0.09597647149880119,1.114202454544477,-0.19033373889379193,-0.4430809482000975,-0.8115630648680069,-0.6764519577508374,-2.224248536711204,-1.0851461170632513,-0.815586248559577,-1.13022382195891,28,kudiraivali,Loamy soil
10466,-1.100063855269374,0.17449124089587287,-0.09597647149880119,1.114202454544477,-1.421341255177312,-0.30324900555488654,-0.8115630648680069,-0.08203565162194133,-2.2458417731248788,-0.7332475542403912,-1.095548713459053,-0.7548720559685348,28,kudiraivali,Loamy soil
10467,-1.100063855269374,0.17449124089587287,-0.6043429600973992,1.114202454544477,-1.1135893761064315,-0.310807488941114,-0.8115630648680069,-0.8970427115833736,-2.276072304104023,-1.1442887326637319,-1.0663859566986909,-0.7366510964544389,28,kudiraivali,Loamy soil
10477,-1.100063855269374,0.17449124089587287,-0.6043429600973992,1.114202454544477,-0.19033373889379193,-0.39395080618961803,-0.8115630648680069,-0.6262156410383384,-2.379719838889661,-0.8485756546613284,-1.4863296540479043,-1.0281864486799732,28,kudiraivali,Loamy soil
10513,-1.100063855269374,0.17449124089587287,-0.6043429600973992,1.114202454544477,0.11741814017708838,-0.4600875358191098,-0.8115630648680069,-0.10280373786062791,-2.2976655405176976,-1.067403332383107,-1.223864843204646,-0.9917445296517814,28,kudiraivali,Loamy soil
10532,-1.100063855269374,0.17449124089587287,-0.09597647149880119,1.114202454544477,-0.3442096784292314,-0.34482066417913854,-0.8115630648680069,-0.9065848052606083,-2.323577424214107,-0.9461609704021218,-0.7397630809826358,-1.1229354381532717,28,kudiraivali,Loamy soil
10533,-1.100063855269374,0.17449124089587287,-0.6043429600973992,1.114202454544477,-0.036457799358352465,-0.497879952750248,-0.8115630648680069,-0.8903071160465023,-2.2933468932349625,-0.7835187775007999,-1.095548713459053,-1.1047144786391758,28,kudiraivali,Loamy soil
10599,-1.100063855269374,0.17449124089587287,-0.6043429600973992,1.114202454544477,-0.036457799358352465,-0.5262242654486016,-0.8115630648680069,-0.020292692533954042,-2.241523125842144,-1.0969746401833473,-0.838916453967867,-1.2431937709463048,28,kudiraivali,Loamy soil
10626,-1.100063855269374,0.17449124089587287,-0.09597647149880119,1.114202454544477,-0.8058374970355525,-0.31647635148078496,-0.8115630648680069,-0.7732761435933629,-2.409950369868805,-0.715504769560247,-1.1480416756277045,-0.6710556422036936,28,kudiraivali,Loamy soil
10633,-1.100063855269374,0.17449124089587287,-0.6043429600973992,1.114202454544477,0.27129407971252784,-0.3863923228033903,-0.8115630648680069,-0.5939409124241632,-2.371082544324191,-0.8633613085614487,-1.2646927026691528,-1.046407408194069,28,kudiraivali,Loamy soil
10656,-1.100063855269374,0.17449124089587287,-0.09597647149880119,1.114202454544477,-0.9597134365709921,-0.3845027019568335,-0.8115630648680069,-0.7407207651651514,-2.2674350095385534,-0.8308328699811842,-0.7630932863909253,-0.7293627126488005,28,kudiraivali,Loamy soil
10687,-1.100063855269374,0.17449124089587287,-0.6043429600973992,1.114202454544477,0.4251700192479687,-0.6055883410039917,-0.8115630648680069,-0.3901891474338054,-2.340852013345047,-0.9993893244425543,-1.6379759892017869,-0.8751303887615676,28,kudiraivali,Loamy soil
10709,-1.100063855269374,0.17449124089587287,-0.6043429600973992,1.114202454544477,-0.036457799358352465,-0.3882819436499474,-0.8115630648680069,-0.6983426432456691,-2.224248536711204,-1.1945599559241407,-0.6697724647577666,-1.1192912462504527,28,kudiraivali,Loamy soil
10722,-1.100063855269374,0.17449124089587287,-0.09597647149880119,1.114202454544477,-0.9597134365709921,-0.39395080618961803,-0.8115630648680069,-0.5195687117045421,-2.345170660627782,-0.7036762464401508,-1.468831999991687,-1.064628367708165,28,kudiraivali,Loamy soil
10743,-1.100063855269374,0.17449124089587287,-0.6043429600973992,1.114202454544477,-0.49808561796467227,-0.39395080618961803,-0.8115630648680069,-0.9933055977978267,-2.3063028350831676,-1.156117255783828,-1.1363765729235598,-0.9334374592066745,28,kudiraivali,Loamy soil
10784,-1.100063855269374,0.17449124089587287,-0.09597647149880119,1.114202454544477,-1.729093134248192,-0.3297036974066831,-0.8115630648680069,-0.8630840840849808,-2.3840384861723956,-1.0023464552225785,-1.5038273081041216,-1.2796356899744965,28,kudiraivali,Loamy soil
10792,-1.100063855269374,0.17449124089587287,-0.09597647149880119,1.114202454544477,0.5790459587834081,-0.47142526089845116,-0.8115630648680069,-0.8139703666286273,-2.228567183993939,-1.2182170021643328,-1.5329900648644836,-1.064628367708165,28,kudiraivali,Loamy soil
10888,-1.100063855269374,0.17449124089587287,-0.09597647149880119,1.114202454544477,-0.49808561796467227,-0.4393017065069839,-0.8115630648680069,-0.5117105169115257,-2.2933468932349625,-0.7450760773604873,-0.5881167458287531,-0.9152164996925787,28,kudiraivali,Loamy soil
10903,-1.100063855269374,0.17449124089587287,-0.6043429600973992,1.114202454544477,-1.2674653156418723,-0.3297036974066831,-0.8115630648680069,-0.3767179563600625,-2.401313075303335,-0.8042186929609679,-1.0255580972341838,-0.8095349345108225,28,kudiraivali,Loamy soil
10908,-1.100063855269374,0.17449124089587287,-0.09597647149880119,1.114202454544477,-0.49808561796467227,-0.3429310433325815,-0.8115630648680069,-0.7410014149791877,-2.319258776931372,-1.0703604631631312,-1.398841383766818,-0.9188606915953978,28,kudiraivali,Loamy soil
10945,-1.100063855269374,0.17449124089587287,-0.6043429600973992,1.114202454544477,-0.6519615575001118,-0.556458198993512,-0.8115630648680069,-0.21366041440496872,-2.4185876644342748,-1.1265459479835878,-0.8097536972075049,-1.188530892404017,28,kudiraivali,Loamy soil
10985,-1.100063855269374,0.17449124089587287,-0.6043429600973992,1.114202454544477,-0.6519615575001118,-0.5602374406866258,-0.8115630648680069,-0.7188300796703193,-2.4229063117170098,-1.1088031633034436,-0.9089070701927356,-0.7293627126488005,28,kudiraivali,Loamy soil
10988,-1.100063855269374,0.17449124089587287,-0.09597647149880119,1.114202454544477,-1.2674653156418723,-0.4865422276709066,-0.8115630648680069,-0.6582097198384775,-2.314940129648637,-0.7243761619003192,-1.2763578053732976,-0.8897071563728443,28,kudiraivali,Loamy soil
10992,-1.100063855269374,0.17449124089587287,-0.09597647149880119,1.114202454544477,-1.2674653156418723,-0.28624241793587424,-0.8115630648680069,-1.0095832870119323,-2.319258776931372,-0.8071758237409921,-0.6231120539411876,-0.900639732081302,28,kudiraivali,Loamy soil
10997,-1.100063855269374,0.17449124089587287,-0.6043429600973992,1.114202454544477,0.27129407971252784,-0.3826130811102767,-0.8115630648680069,-0.11543297949226167,-2.409950369868805,-0.8101329545210161,-1.4746645513437595,-0.9334374592066745,28,kudiraivali,Loamy soil
11012,-0.7178367511780939,1.4177413322789671,1.9374894828955906,-0.8975029591088394,1.6561775355314885,-0.703848625024951,0.3656243778461821,-0.44547716079895744,-2.310621482365902,-1.2596168330846693,-1.5446551675686284,-1.0536957919997074,8,blackgram,Sandy soil
11022,-0.7178367511780939,1.4177413322789671,1.4291229942969927,-0.8975029591088394,0.7329218983188477,-0.7246344543370768,0.16089612693936672,0.1264871602070338,-2.310621482365902,-1.3690306719455585,-0.7106003242222737,-1.1520889733758253,8,blackgram,Sandy soil
11026,-0.7178367511780939,1.4177413322789671,-1.1127094486959972,-0.8975029591088394,1.0406737773897279,-0.6566081038610283,2.6688172005478568,-0.3520207727248677,-2.3019841878004326,-1.584901218887313,-1.2063671891484287,-0.7074975612318853,8,blackgram,Sandy soil
11027,1.5755258733695863,1.4177413322789671,1.9374894828955906,1.114202454544477,1.1945497169251689,-0.6868420374059387,-0.1973783121475601,-0.597308710192599,-2.3063028350831676,-1.8096431581691397,-1.2588601513170803,-0.6419021069811403,8,blackgram, cotton soil
11040,-0.7178367511780939,1.4177413322789671,1.4291229942969927,-0.8975029591088394,0.27129407971252784,-0.6547184830144712,0.3656243778461821,-0.36605326342668304,-2.2976655405176976,-1.2714453562047656,-1.3638460756543838,-0.9589468025264087,8,blackgram,Sandy soil
11079,1.5755258733695863,1.4177413322789671,1.4291229942969927,1.114202454544477,0.27129407971252784,-0.7246344543370768,1.1162946311711728,-0.5209719607747236,-2.327896071496842,-1.7889432427089715,-0.5006284755476669,-1.3270101847111457,8,blackgram, cotton soil
11108,-0.7178367511780939,1.4177413322789671,1.9374894828955906,-0.8975029591088394,0.27129407971252784,-0.7114071084111785,2.566453075094449,-0.09719074157990179,-2.340852013345047,-1.3424164949253423,-0.7630932863909253,-0.9261490754010362,8,blackgram,Sandy soil
11117,1.5755258733695863,1.4177413322789671,1.9374894828955906,1.114202454544477,1.5023015959960477,-0.6868420374059387,0.43386712814845435,-0.36605326342668304,-2.3063028350831676,-1.6854436654081304,-1.3346833188940217,-1.1047144786391758,8,blackgram, cotton soil
11119,1.5755258733695863,1.4177413322789671,-1.1127094486959972,1.114202454544477,1.3484256564606083,-0.6547184830144712,1.4404476951069645,-0.120204026330879,-2.2976655405176976,-1.673615142288034,-1.2063671891484287,-1.188530892404017,8,blackgram, cotton soil
11139,1.5755258733695863,1.4177413322789671,1.4291229942969927,1.114202454544477,1.3484256564606083,-0.6566081038610283,2.7029385756989934,0.18373972227044014,-2.319258776931372,-1.6824865346281064,-0.8330839026157945,-1.0099654891658774,8,blackgram, cotton soil
11171,1.5755258733695863,1.4177413322789671,1.9374894828955906,1.114202454544477,0.7329218983188477,-0.703848625024951,0.8945056926887891,-0.6795391057052365,-2.3019841878004326,-1.4459160722261835,-1.2588601513170803,-1.272347306168858,8,blackgram, cotton soil
11182,-0.7178367511780939,1.4177413322789671,-1.1127094486959972,-0.8975029591088394,1.1945497169251689,-0.7378618002629753,-0.4362279382055119,-0.7407207651651514,-2.310621482365902,-1.4163447644259433,-1.5913155783852078,-0.9152164996925787,8,blackgram,Sandy soil
11197,1.5755258733695863,1.4177413322789671,-1.1127094486959972,1.114202454544477,1.6561775355314885,-0.6962901416387233,0.22913887724163892,-0.13676236535902098,-2.2976655405176976,-1.5405442571869525,-1.497994756752049,-1.0573399839025266,8,blackgram, cotton soil
11241,1.5755258733695863,1.4177413322789671,1.4291229942969927,1.114202454544477,1.5023015959960477,-0.7151863501042923,0.7750808796598135,-0.15921435048192545,-2.314940129648637,-1.567158434207169,-1.153874226979777,-1.1083586705419952,8,blackgram, cotton soil
11244,-0.7178367511780939,1.4177413322789671,1.4291229942969927,-0.8975029591088394,1.8100534750669282,-0.7170759709508492,1.7987221341938906,0.005527090357385908,-2.314940129648637,-1.567158434207169,-0.8330839026157945,-0.6309695312726828,8,blackgram,Sandy soil
11249,1.5755258733695863,1.4177413322789671,1.9374894828955906,1.114202454544477,1.3484256564606083,-0.7303033168767475,1.7816614466183236,0.2715831140638041,-2.310621482365902,-1.2418740484045252,-1.3288507675419494,-1.2942124575857732,8,blackgram, cotton soil
11271,1.5755258733695863,1.4177413322789671,1.4291229942969927,1.114202454544477,0.4251700192479687,-0.7284136960301908,0.43386712814845435,-0.6197606953155035,-2.3063028350831676,-1.741629150228587,-1.083883610754908,-0.7475836721628963,8,blackgram, cotton soil
11276,-0.7178367511780939,1.4177413322789671,1.9374894828955906,-0.8975029591088394,1.0406737773897279,-0.7170759709508492,0.48504919087515835,-0.5114298670974894,-2.3365333660623118,-1.649958096047842,-1.043055751290401,-0.7658046316769923,8,blackgram,Sandy soil
11307,1.5755258733695863,1.4177413322789671,1.4291229942969927,1.114202454544477,0.8867978378542885,-0.7378618002629753,2.6517565129722884,-0.30795875192116756,-2.3365333660623118,-1.2951024024449578,-0.5997818485328981,-1.1593773571814636,8,blackgram, cotton soil
11331,1.5755258733695863,1.4177413322789671,1.4291229942969927,1.114202454544477,1.3484256564606083,-0.743530662802646,0.8945056926887891,-0.38148900319867984,-2.3322147187795768,-1.5316728648468805,-0.9380698269530977,-0.6710556422036936,8,blackgram, cotton soil
11347,1.5755258733695863,1.4177413322789671,-1.1127094486959972,1.114202454544477,1.5023015959960477,-0.7397514211095321,-0.7603810021413029,-0.22095730956991275,-2.323577424214107,-1.3601592796054867,-0.5997818485328981,-1.2614147304604006,8,blackgram, cotton soil
11354,-0.7178367511780939,1.4177413322789671,1.9374894828955906,-0.8975029591088394,0.4251700192479687,-0.6906212790990526,2.3276034490364976,-0.33686568276690726,-2.3019841878004326,-1.2655310946447174,-1.0722185080507631,-0.6783440260093321,8,blackgram,Sandy soil
11378,-0.7178367511780939,1.4177413322789671,1.9374894828955906,-0.8975029591088394,0.11741814017708838,-0.7284136960301908,-0.29974243760096814,-0.0716516085025982,-2.3322147187795768,-1.661786619167938,-0.9963953404738217,-0.9662351863320471,8,blackgram,Sandy soil
11379,1.5755258733695863,1.4177413322789671,1.4291229942969927,1.114202454544477,1.5023015959960477,-0.7246344543370768,1.4404476951069645,-0.1712822924854868,-2.3322147187795768,-1.7061435808682985,-0.6056143998849705,-0.8386884697333759,8,blackgram, cotton soil
11384,-0.7178367511780939,1.4177413322789671,1.9374894828955906,-0.8975029591088394,0.27129407971252784,-0.7284136960301908,2.583513762670017,-0.17745658839428533,-2.319258776931372,-1.4370446798861114,-0.9205721728968805,-0.6346137231755018,8,blackgram,Sandy soil
11421,1.5755258733695863,1.4177413322789671,1.4291229942969927,1.114202454544477,0.5790459587834081,-0.6603873455541419,-0.5727134388100558,0.29964809546743465,-2.3019841878004326,-1.4459160722261835,-0.7280979782784908,-1.2759914980716773,8,blackgram, cotton soil
11432,-0.7178367511780939,1.4177413322789671,1.9374894828955906,-0.8975029591088394,0.8867978378542885,-0.7416410419560892,2.5323316999433136,-0.5456691444099188,-2.3365333660623118,-1.50210155704664,-1.5504877189207007,-1.1812425085983786,8,blackgram,Sandy soil
11449,1.5755258733695863,1.4177413322789671,-1.1127094486959972,1.114202454544477,0.5790459587834081,-0.7378618002629753,1.6451759460137791,-0.3250783905773823,-2.3322147187795768,-1.7475434117886348,-1.3405158702460942,-0.9844561458461429,8,blackgram, cotton soil
11451,1.5755258733695863,1.4177413322789671,1.4291229942969927,1.114202454544477,1.5023015959960477,-0.720855212643963,1.4745690702580996,-0.38401485152500653,-2.3322147187795768,-1.561244172647121,-0.6581073620536221,-1.1192912462504527,8,blackgram, cotton soil
11473,1.5755258733695863,1.4177413322789671,-1.1127094486959972,1.114202454544477,0.27129407971252784,-0.679283554019711,0.3656243778461821,0.0066496896135313874,-2.3019841878004326,-1.7593719349087313,-1.0255580972341838,-1.1047144786391758,8,blackgram, cotton soil
11569,1.5755258733695863,1.4177413322789671,-1.1127094486959972,1.114202454544477,0.27129407971252784,-0.7000693833318371,-0.7091989394145989,-0.7547532558669666,-2.3322147187795768,-1.230045525284429,-1.253027599965008,-1.1375122057645486,8,blackgram, cotton soil
11709,1.5755258733695863,1.4177413322789671,1.4291229942969927,1.114202454544477,0.4251700192479687,-0.7321929377233046,-0.6068348139611915,-0.5324786031502122,-2.340852013345047,-1.2389169176245012,-0.9497349296572426,-0.8314000859277376,8,blackgram, cotton soil
11725,1.5755258733695863,1.4177413322789671,-1.1127094486959972,1.114202454544477,0.27129407971252784,-0.7303033168767475,0.6727167542064055,-0.2591256842788504,-2.3322147187795768,-1.7712004580288274,-0.7922560431512874,-1.3270101847111457,8,blackgram, cotton soil
11732,-0.7178367511780939,1.4177413322789671,1.9374894828955906,-0.8975029591088394,1.5023015959960477,-0.7132967292577356,-0.1632569369964243,-0.0980326910220109,-2.323577424214107,-1.5080158186066883,-1.5621528216248457,-0.9953887215546006,8,blackgram,Sandy soil
11733,1.5755258733695863,1.4177413322789671,1.4291229942969927,1.114202454544477,0.11741814017708838,-0.6698354497869264,1.5939938832870757,-0.1768952887662129,-2.319258776931372,-1.5316728648468805,-1.2063671891484287,-0.6856324098149705,8,blackgram, cotton soil
11745,1.5755258733695863,1.4177413322789671,1.4291229942969927,1.114202454544477,0.27129407971252784,-0.7170759709508492,-0.11207487426972029,-0.07782590441139675,-2.323577424214107,-1.5523727803070488,-1.0022278918258942,-0.6601230664952361,8,blackgram, cotton soil
11792,-0.7178367511780939,1.4177413322789671,1.9374894828955906,-0.8975029591088394,1.8100534750669282,-0.6528288621679145,2.4470282620654737,-0.7996572261127756,-2.323577424214107,-1.6056011343474814,-1.083883610754908,-0.842332661636195,8,blackgram,Sandy soil
11808,-0.7178367511780939,1.4177413322789671,1.4291229942969927,-0.8975029591088394,0.7329218983188477,-0.6925108999456094,1.0139305057177648,-0.1078554345132816,-2.3365333660623118,-1.3838163258456788,-1.083883610754908,-0.9771677620405046,8,blackgram,Sandy soil
11946,-0.7178367511780939,1.4177413322789671,1.4291229942969927,-0.8975029591088394,0.4251700192479687,-0.7359721794164182,-0.29974243760096814,-0.17436944043988592,-2.314940129648637,-1.4252161567660153,-1.398841383766818,-1.1375122057645486,8,blackgram,Sandy soil
11969,1.5755258733695863,1.4177413322789671,1.9374894828955906,1.114202454544477,0.11741814017708838,-0.7378618002629753,0.655656066630838,0.14613264718957522,-2.3019841878004326,-1.3305879718052462,-1.0605534053466183,-0.9334374592066745,8,blackgram, cotton soil
12006,1.3844123213239463,1.4177413322789671,1.9374894828955906,-0.8975029591088394,0.8867978378542885,-0.17664440883557367,1.5598725081359395,-0.07979045310965102,-0.24630808121861789,-1.8096431581691397,-0.5181261296038844,-1.0099654891658774,24,greengram,well-drained soil
12037,0.8110716651870262,1.4177413322789671,1.4291229942969927,1.114202454544477,0.7329218983188477,-0.17664440883557367,1.4575083826825315,0.309190189144669,-0.1340232518675106,-1.673615142288034,-0.6989352215181287,-0.7293627126488005,24,greengram,sandy Loamy soil
12052,0.8110716651870262,1.4177413322789671,1.4291229942969927,-0.8975029591088394,-0.036457799358352465,-0.17664440883557367,0.9627484429910608,-0.02843153714100685,-0.328362379590581,-1.5494156495270248,-1.28219035672537,-1.2176844276265704,24,greengram,sandy Loamy soil
12058,0.8110716651870262,1.4177413322789671,1.4291229942969927,-0.8975029591088394,0.7329218983188477,-0.17664440883557367,0.48504919087515835,0.16998788138266122,-0.33268102687331597,-1.7682433272488032,-0.9322372756010252,-0.6091043798557677,24,greengram,sandy Loamy soil
12086,-0.9089503032237339,1.4177413322789671,-1.1127094486959972,-0.8975029591088394,0.8867978378542885,-0.17664440883557367,1.3551442572291246,-0.05874171705692807,-0.06492489534375176,-1.3601592796054867,-1.4513343459354697,-1.3270101847111457,24,greengram,Sandy soil
12091,0.8110716651870262,1.4177413322789671,1.4291229942969927,1.114202454544477,0.27129407971252784,-0.17664440883557367,0.6727167542064055,0.16746203305633453,-0.19880296110853418,-1.4193018952059673,-1.3463484215981665,-1.228617003335028,24,greengram,sandy Loamy soil
12111,1.3844123213239463,1.4177413322789671,1.9374894828955906,1.114202454544477,0.8867978378542885,-0.17664440883557367,0.3656243778461821,0.18373972227044014,-0.43200991437621866,-1.33354510258527,-0.7922560431512874,-1.1120028624448142,24,greengram,well-drained soil
12132,1.3844123213239463,1.4177413322789671,1.9374894828955906,-0.8975029591088394,1.0406737773897279,-0.17664440883557367,0.46798850329959013,0.03920506804174261,-0.47087773992083304,-1.2862310101048857,-1.2296973945567182,-0.6419021069811403,24,greengram,well-drained soil
12154,0.8110716651870262,1.4177413322789671,1.4291229942969927,-0.8975029591088394,0.5790459587834081,-0.17664440883557367,1.30396219450242,-0.01692489476551856,-0.3672302051351951,-1.7238863655484427,-1.095548713459053,-1.2614147304604006,24,greengram,sandy Loamy soil
12159,1.3844123213239463,1.4177413322789671,1.9374894828955906,1.114202454544477,0.4251700192479687,-0.17664440883557367,1.1504160063223086,0.12985495797546961,-0.1469791937157152,-1.738672019448563,-1.153874226979777,-0.6419021069811403,24,greengram,well-drained soil
12219,1.3844123213239463,1.4177413322789671,1.9374894828955906,1.114202454544477,1.3484256564606083,-0.17664440883557367,1.5598725081359395,0.2154531512565429,-0.2722199649150271,-1.7031864500882745,-0.6406097079974047,-0.7548720559685348,24,greengram,well-drained soil
12223,0.8110716651870262,1.4177413322789671,1.4291229942969927,1.114202454544477,0.27129407971252784,-0.17664440883557367,0.17795681451493492,-0.08091305236579617,-0.10379272088836615,-1.7830289811489235,-1.4746645513437595,-1.0026771053602388,24,greengram,sandy Loamy soil
12240,1.3844123213239463,1.4177413322789671,1.9374894828955906,-0.8975029591088394,0.4251700192479687,-0.17664440883557367,1.5257511329848041,0.2617603705725334,-0.36291155785246043,-1.2832738793248617,-0.5239586809559564,-0.9516584187207704,24,greengram,well-drained soil
12243,1.3844123213239463,1.4177413322789671,1.9374894828955906,1.114202454544477,1.1945497169251689,-0.17664440883557367,0.6215346914797015,0.035556620459270764,-0.2894945540459669,-1.48731590314652,-0.5939492971808256,-1.1156470543476333,24,greengram,well-drained soil
12257,-0.9089503032237339,1.4177413322789671,-1.1127094486959972,1.114202454544477,0.11741814017708838,-0.17664440883557367,0.17795681451493492,-0.018889443463772512,-0.44928450350715854,-1.3838163258456788,-0.7339305296305633,-0.8386884697333759,24,greengram,Sandy soil
12292,0.8110716651870262,1.4177413322789671,1.4291229942969927,-0.8975029591088394,-0.036457799358352465,-0.17664440883557367,0.21207818966607073,0.3007706947235798,-0.21175890295673877,-1.312845187125102,-0.5006284755476669,-0.9808119539433239,24,greengram,sandy Loamy soil
12315,1.3844123213239463,1.4177413322789671,1.9374894828955906,1.114202454544477,-0.19033373889379193,-0.17664440883557367,1.6792973211649156,0.20787560627756252,-0.41041667796254416,-1.2980595332249818,-0.7980885945033599,-1.2905682656829538,24,greengram,well-drained soil
12368,-0.9089503032237339,1.4177413322789671,-1.1127094486959972,-0.8975029591088394,-0.19033373889379193,-0.17664440883557367,0.43386712814845435,-0.10027788953430122,-0.3801861469834,-1.3276308410252222,-0.5997818485328981,-0.7184301369403431,24,greengram,Sandy soil
12398,-0.9089503032237339,1.4177413322789671,-1.1127094486959972,-0.8975029591088394,0.7329218983188477,-0.17664440883557367,1.6792973211649156,0.06614745018922805,-0.4536031507898932,-1.6706580115080103,-0.7339305296305633,-0.8095349345108225,24,greengram,Sandy soil
12404,-0.9089503032237339,1.4177413322789671,-1.1127094486959972,-0.8975029591088394,1.3484256564606083,-0.17664440883557367,1.628115258438211,-0.0733355073868158,-0.1815283719775943,-1.5967297420074094,-0.5764516431246085,-1.1375122057645486,24,greengram,Sandy soil
12407,-0.9089503032237339,1.4177413322789671,-1.1127094486959972,1.114202454544477,0.11741814017708838,-0.17664440883557367,1.2698408193512847,0.3148031854253951,-0.2765386121977623,-1.48731590314652,-0.9380698269530977,-0.9480142268179512,24,greengram,Sandy soil
12414,1.3844123213239463,1.4177413322789671,1.9374894828955906,-0.8975029591088394,1.0406737773897279,-0.17664440883557367,1.2015980690490127,-0.10140048879044637,-0.3154064377423764,-1.6410867037077699,-1.5329900648644836,-1.0901377110278991,24,greengram,well-drained soil
12479,-0.9089503032237339,1.4177413322789671,-1.1127094486959972,1.114202454544477,0.4251700192479687,-0.17664440883557367,1.1504160063223086,0.020120880687273943,-0.4665590926380981,-1.2951024024449578,-0.8097536972075049,-1.2796356899744965,24,greengram,Sandy soil
12527,-0.9089503032237339,1.4177413322789671,-1.1127094486959972,1.114202454544477,0.11741814017708838,-0.17664440883557367,0.7921415672353811,0.012823985522329925,-0.30245049589417156,-1.5582870418670967,-0.8797443134323736,-0.9881003377489622,24,greengram,Sandy soil
12652,0.8110716651870262,1.4177413322789671,1.4291229942969927,-0.8975029591088394,-0.036457799358352465,-0.17664440883557367,0.9456877554154931,0.07821539219278939,-0.44928450350715854,-1.324673710245198,-1.2121997405005012,-1.068272559610984,24,greengram,sandy Loamy soil
12687,1.3844123213239463,1.4177413322789671,1.9374894828955906,1.114202454544477,-0.19033373889379193,-0.17664440883557367,0.7921415672353811,0.1579199393791002,-0.06060624806101711,-1.3098880563450779,-0.9030745188406631,-1.04276321629125,24,greengram,well-drained soil
12716,-0.9089503032237339,1.4177413322789671,-1.1127094486959972,-0.8975029591088394,1.1945497169251689,-0.17664440883557367,0.655656066630838,-0.007382801088283907,-0.3672302051351951,-1.5553299110870726,-1.4746645513437595,-0.9917445296517814,24,greengram,Sandy soil
12727,0.8110716651870262,1.4177413322789671,1.4291229942969927,1.114202454544477,-0.19033373889379193,-0.17664440883557367,0.8433236299620851,0.24716658024264535,-0.280857259480497,-1.6351724421477216,-1.4513343459354697,-0.7147859450375238,24,greengram,sandy Loamy soil
12752,-0.9089503032237339,1.4177413322789671,-1.1127094486959972,-0.8975029591088394,1.0406737773897279,-0.17664440883557367,1.4404476951069645,0.2409922843338468,-0.17720972469485965,-1.741629150228587,-0.5822841944766806,-1.305145033294231,24,greengram,Sandy soil
12765,1.3844123213239463,1.4177413322789671,1.9374894828955906,1.114202454544477,0.4251700192479687,-0.17664440883557367,1.1162946311711728,0.09617698029111289,-0.20312160839126883,-1.5080158186066883,-1.083883610754908,-1.1593773571814636,24,greengram,well-drained soil
12784,0.8110716651870262,1.4177413322789671,1.4291229942969927,-0.8975029591088394,0.8867978378542885,-0.17664440883557367,1.4575083826825315,-0.018047494021663724,-0.16425378284665446,-1.410430502865895,-0.6989352215181287,-1.2942124575857732,24,greengram,sandy Loamy soil
12809,-0.9089503032237339,1.4177413322789671,-1.1127094486959972,1.114202454544477,1.0406737773897279,-0.17664440883557367,1.7134186963160507,0.12845170890528806,-0.2722199649150271,-1.401559110525823,-1.142209124275632,-0.7986023588023649,24,greengram,Sandy soil
12822,1.3844123213239463,1.4177413322789671,1.9374894828955906,-0.8975029591088394,0.11741814017708838,-0.17664440883557367,1.5257511329848041,0.0765314933085715,-0.06492489534375176,-1.6351724421477216,-1.4163390378230354,-0.8897071563728443,24,greengram,well-drained soil
12851,-0.9089503032237339,1.4177413322789671,-1.1127094486959972,1.114202454544477,0.8867978378542885,-0.17664440883557367,1.3210228820779881,0.16549748435808026,-0.25062672850135254,-1.2951024024449578,-1.3755111783585285,-1.0536957919997074,24,greengram,Sandy soil
12855,1.3844123213239463,1.4177413322789671,1.9374894828955906,1.114202454544477,0.8867978378542885,-0.17664440883557367,1.5428118205603711,0.2929124999305634,-0.280857259480497,-1.4695731184663758,-0.7864234917992149,-1.064628367708165,24,greengram,well-drained soil
12863,-0.9089503032237339,1.4177413322789671,-1.1127094486959972,1.114202454544477,0.4251700192479687,-0.17664440883557367,1.2357194442001485,0.16970723156862486,-0.19448431382579892,-1.2359597868444772,-1.497994756752049,-1.2759914980716773,24,greengram,Sandy soil
12935,-0.9089503032237339,1.4177413322789671,-1.1127094486959972,1.114202454544477,0.5790459587834081,-0.17664440883557367,0.22913887724163892,0.2800026084848933,-0.2203961975222087,-1.4725302492463999,-1.4921622053999766,-0.7876697830939073,24,greengram,Sandy soil
12954,1.3844123213239463,1.4177413322789671,1.9374894828955906,-0.8975029591088394,-0.036457799358352465,-0.17664440883557367,0.26326025239277473,-0.026747638256789268,-0.22903349208767804,-1.5435013879669766,-0.6756050161098391,-1.2577705385575813,24,greengram,well-drained soil
12967,0.8110716651870262,1.4177413322789671,1.4291229942969927,1.114202454544477,0.27129407971252784,-0.17664440883557367,0.8433236299620851,0.2929124999305634,-0.10811136817110081,-1.673615142288034,-1.3463484215981665,-0.762160439774173,24,greengram,sandy Loamy soil
12986,-0.9089503032237339,1.4177413322789671,-1.1127094486959972,-0.8975029591088394,0.7329218983188477,-0.17664440883557367,0.16089612693936672,0.10936752155081908,-0.25062672850135254,-1.2862310101048857,-1.5329900648644836,-1.1010702867363569,24,greengram,Sandy soil
13108,1.3844123213239463,1.4177413322789671,1.9374894828955906,-0.8975029591088394,-1.8829690737836315,-0.5356723696813861,0.2461995648172065,-1.2921976497464924,-0.8897865263461187,-1.067403332383107,-0.5414563350121739,-0.6273253393698636,19,cowpea,well-drained soil
13136,0.8110716651870262,1.4177413322789671,1.4291229942969927,-0.8975029591088394,-0.3442096784292314,-0.8172258758183655,0.33150300269504634,-1.1454177970055044,-0.7990949334086855,-1.2063884790442367,-0.5997818485328981,-0.9115723077897594,19,cowpea,sandy Loamy soil
13154,0.8110716651870262,1.4177413322789671,1.4291229942969927,-0.8975029591088394,-1.2674653156418723,-0.7680957338078858,-0.0608928115430169,-0.8176188142110992,-0.734315224167662,-0.8781469624615689,-1.5913155783852078,-0.9844561458461429,19,cowpea,sandy Loamy soil
13157,0.8110716651870262,1.4177413322789671,1.4291229942969927,1.114202454544477,-0.19033373889379193,-0.4185158771948578,-0.2144389997231283,-1.0626261018647942,-0.786138991560481,-0.7894330390608478,-0.7280979782784908,-0.6309695312726828,19,cowpea,sandy Loamy soil
13158,-0.8133935272009138,1.4177413322789671,-1.1127094486959972,-0.8975029591088394,-1.729093134248192,-0.3712753560309351,0.5191705660262941,-0.7323012707440621,-0.786138991560481,-1.0910603786232993,-1.153874226979777,-0.8058907426080033,19,cowpea,Sandy soil 
13204,1.3844123213239463,1.4177413322789671,1.9374894828955906,-0.8975029591088394,-2.190720952854512,-0.5942506159246501,0.3656243778461821,-0.8813263219973407,-0.7602271078640715,-1.1649886481239002,-1.5621528216248457,-1.305145033294231,19,cowpea,well-drained soil
13211,0.8110716651870262,1.4177413322789671,1.4291229942969927,1.114202454544477,-1.421341255177312,-0.885252226294414,0.4509278157240219,-1.2304546906585052,-0.7645457551468064,-0.6474907616196942,-0.8739117620803011,-1.1739541247927403,19,cowpea,sandy Loamy soil
13291,1.3844123213239463,1.4177413322789671,1.9374894828955906,1.114202454544477,-1.421341255177312,-0.516776161215817,0.31444231511947873,-0.6085347027540512,-0.7170406350367224,-1.1916028251441166,-0.9963953404738217,-0.7366510964544389,19,cowpea,well-drained soil
13296,-0.8133935272009138,1.4177413322789671,-1.1127094486959972,-0.8975029591088394,-0.49808561796467227,-0.5772440283056381,0.33150300269504634,-0.5880472663294011,-0.7213592823194575,-1.4193018952059673,-0.5881167458287531,-1.1958192762096556,19,cowpea,Sandy soil 
13299,-0.8133935272009138,1.4177413322789671,-1.1127094486959972,1.114202454544477,-1.421341255177312,-0.703848625024951,-0.4874100009322159,-0.5324786031502122,-0.7256779296021924,-1.0910603786232993,-1.381343729710601,-0.7803813992882689,19,cowpea,Sandy soil 
13328,0.8110716651870262,1.4177413322789671,1.4291229942969927,-0.8975029591088394,-0.6519615575001118,-0.7491995253423166,-0.5215313760833518,-0.9121978015413343,-0.7515898132986019,-0.7243761619003192,-1.1772044323880666,-1.144800589570187,19,cowpea,sandy Loamy soil
13330,1.3844123213239463,1.4177413322789671,1.9374894828955906,-0.8975029591088394,-2.0368450133190725,-0.6452703787816867,0.8092022548109493,-1.0864813360578802,-0.8984238209115886,-0.8190043468610881,-1.4804971026958318,-1.2577705385575813,19,cowpea,well-drained soil
13348,1.3844123213239463,1.4177413322789671,1.9374894828955906,-0.8975029591088394,-0.3442096784292314,-0.8965899513737555,0.6897774417819738,-1.3284014757571758,-0.8163695225396255,-0.8071758237409921,-1.4105064864709629,-1.1812425085983786,19,cowpea,well-drained soil
13389,-0.8133935272009138,1.4177413322789671,-1.1127094486959972,1.114202454544477,-0.9597134365709921,-0.7964400465062393,0.4509278157240219,-0.6475450269050977,-0.781820344277746,-0.9934750628825062,-1.5038273081041216,-1.1848867005011978,19,cowpea,Sandy soil 
13394,0.8110716651870262,1.4177413322789671,1.4291229942969927,-0.8975029591088394,-1.8829690737836315,-0.4770941234381221,-0.6750775642634631,-1.054206607443705,-0.7170406350367224,-0.7716902543807036,-1.2355299459087907,-0.9297932673038553,19,cowpea,sandy Loamy soil
13441,1.3844123213239463,1.4177413322789671,1.9374894828955906,1.114202454544477,-2.190720952854512,-0.6944005207921665,0.6897774417819738,-0.9944281970539718,-0.9027424681943236,-0.9579894935222178,-0.6931026701660566,-1.2796356899744965,19,cowpea,well-drained soil
13495,1.3844123213239463,1.4177413322789671,1.9374894828955906,1.114202454544477,-0.9597134365709921,-0.40528853126895936,-0.3338638127521039,-1.038770867671708,-0.8638746426497091,-0.6474907616196942,-0.8505815566720115,-1.0136096810686963,19,cowpea,well-drained soil
13521,-0.8133935272009138,1.4177413322789671,-1.1127094486959972,1.114202454544477,-0.49808561796467227,-0.3826130811102767,0.8433236299620851,-0.5930989629820544,-0.8984238209115886,-1.3483307564853904,-0.7339305296305633,-1.2322611952378473,19,cowpea,Sandy soil 
13523,0.8110716651870262,1.4177413322789671,1.4291229942969927,1.114202454544477,-0.3442096784292314,-0.907927676453097,0.7238988169331095,-0.709287985993085,-0.7559084605813365,-0.8988468779217371,-0.570619091772536,-0.6710556422036936,19,cowpea,sandy Loamy soil
13548,-0.8133935272009138,1.4177413322789671,-1.1127094486959972,-0.8975029591088394,-1.729093134248192,-0.46764601920533755,-0.3338638127521039,-1.2596422713182809,-0.8379627589533,-0.884061224021617,-1.3463484215981665,-0.8386884697333759,19,cowpea,Sandy soil 
13565,0.8110716651870262,1.4177413322789671,1.4291229942969927,1.114202454544477,-0.6519615575001118,-0.7869919422734548,0.07559268906152691,-1.363482702511714,-0.9027424681943236,-0.9579894935222178,-1.4804971026958318,-0.8678420049559294,19,cowpea,sandy Loamy soil
13608,-0.8133935272009138,1.4177413322789671,-1.1127094486959972,-0.8975029591088394,-1.2674653156418723,-0.8115570132786946,0.5874133163285657,-1.079184440892936,-0.742952518733132,-1.230045525284429,-0.9963953404738217,-0.7402952883572582,19,cowpea,Sandy soil 
13622,0.8110716651870262,1.4177413322789671,1.4291229942969927,-0.8975029591088394,-0.9597134365709921,-0.6112572035436624,0.7238988169331095,-0.6865553510561442,-0.786138991560481,-0.638619369279622,-1.171371881035994,-0.7184301369403431,19,cowpea,sandy Loamy soil
13634,0.8110716651870262,1.4177413322789671,1.4291229942969927,-0.8975029591088394,-2.498472831925392,-0.6188156869298902,0.024410626334822903,-1.1877959189249865,-0.8422814062360346,-0.9077182702618092,-0.6931026701660566,-1.1557331652786444,19,cowpea,sandy Loamy soil
13659,-0.8133935272009138,1.4177413322789671,-1.1127094486959972,1.114202454544477,-2.190720952854512,-0.4185158771948578,-0.45328862578107953,-0.9576630714152157,-0.8595559953669745,-1.3305879718052462,-0.9555674810093149,-0.7913139749967266,19,cowpea,Sandy soil 
13661,0.8110716651870262,1.4177413322789671,1.4291229942969927,1.114202454544477,-0.9597134365709921,-0.5696855449194104,0.8603843175376533,-1.3227884794764497,-0.8595559953669745,-0.8071758237409921,-1.4280041405271802,-0.9917445296517814,19,cowpea,sandy Loamy soil
13703,0.8110716651870262,1.4177413322789671,1.4291229942969927,1.114202454544477,-1.1135893761064315,-0.5337827488348293,0.26326025239277473,-1.1987412616724025,-0.9113797627597932,-1.2596168330846693,-0.5472888863642464,-1.1703099328899211,19,cowpea,sandy Loamy soil
13764,-0.8133935272009138,1.4177413322789671,-1.1127094486959972,-0.8975029591088394,-0.6519615575001118,-0.8417909468236052,-0.1291355618452885,-1.3011784437956542,-0.9027424681943236,-1.5139300801667361,-1.0488883026424736,-0.8678420049559294,19,cowpea,Sandy soil 
13767,-0.8133935272009138,1.4177413322789671,-1.1127094486959972,1.114202454544477,-0.9597134365709921,-0.4884318485174634,0.7750808796598135,-0.5307947042659944,-0.7386338714503969,-1.4488732030062077,-0.9963953404738217,-0.762160439774173,19,cowpea,Sandy soil 
13816,1.3844123213239463,1.4177413322789671,1.9374894828955906,-0.8975029591088394,-2.3445968923899527,-0.8814729846013002,-0.6750775642634631,-0.5277075563115953,-0.790457638843216,-0.9905179321024823,-1.1888695350922114,-1.144800589570187,19,cowpea,well-drained soil
13827,-0.8133935272009138,1.4177413322789671,-1.1127094486959972,1.114202454544477,-1.1135893761064315,-0.3826130811102767,-0.5897741263856233,-0.7070427874807946,-0.777501696995011,-1.0881032478432753,-0.5414563350121739,-0.7986023588023649,19,cowpea,Sandy soil 
13862,0.8110716651870262,1.4177413322789671,1.4291229942969927,-0.8975029591088394,-1.1135893761064315,-0.7265240751836337,-0.5727134388100558,-0.9907797494714999,-0.8120508752568905,-1.4193018952059673,-1.439669243231325,-1.1994634681124745,19,cowpea,sandy Loamy soil
13885,1.3844123213239463,1.4177413322789671,1.9374894828955906,1.114202454544477,-2.190720952854512,-0.4808733651312357,-0.5556527512344875,-1.3241917285466311,-0.9070611154770581,-1.3483307564853904,-1.5213249621603386,-0.6892766017177895,19,cowpea,well-drained soil
13907,0.8110716651870262,1.4177413322789671,1.4291229942969927,1.114202454544477,-2.3445968923899527,-0.5092176778295893,0.024410626334822903,-0.7202333287405008,-0.781820344277746,-1.4488732030062077,-0.9847302377696769,-0.9225048834982169,19,cowpea,sandy Loamy soil
13913,0.8110716651870262,1.4177413322789671,1.4291229942969927,1.114202454544477,-0.6519615575001118,-0.3863923228033903,-0.1291355618452885,-0.8004991755548844,-0.7386338714503969,-1.2418740484045252,-1.6379759892017869,-0.7330069045516197,19,cowpea,sandy Loamy soil
13923,-0.8133935272009138,1.4177413322789671,-1.1127094486959972,1.114202454544477,-1.2674653156418723,-0.6150364452367763,0.46798850329959013,-1.364324651953823,-0.790457638843216,-0.7302904234603671,-1.0722185080507631,-1.2650589223632198,19,cowpea,Sandy soil 
13928,0.8110716651870262,1.4177413322789671,1.4291229942969927,-0.8975029591088394,-2.0368450133190725,-0.42229511888797167,0.38268506542175035,-0.733143220186171,-0.8768305844979141,-1.0319177630228187,-0.49479592419559437,-1.1520889733758253,19,cowpea,sandy Loamy soil
13939,1.3844123213239463,1.4177413322789671,1.9374894828955906,1.114202454544477,-0.49808561796467227,-0.7246344543370768,0.041471313910391105,-0.6753293584946919,-0.777501696995011,-1.1442887326637319,-1.1013812648111252,-0.9188606915953978,19,cowpea,well-drained soil
13991,0.8110716651870262,1.4177413322789671,1.4291229942969927,1.114202454544477,-1.2674653156418723,-0.5545685781469551,0.3485636902706145,-0.9832022044925196,-0.734315224167662,-1.4488732030062077,-0.6756050161098391,-1.305145033294231,19,cowpea,sandy Loamy soil
13994,0.8110716651870262,1.4177413322789671,1.4291229942969927,-0.8975029591088394,-0.8058374970355525,-0.7095174875646216,-0.4191672506299437,-0.8456837956147297,-0.8595559953669745,-0.8456185238813044,-1.2180322918525734,-0.7986023588023649,19,cowpea,sandy Loamy soil
14005,-0.048939319018353855,1.4177413322789671,-1.1127094486959972,1.114202454544477,0.11741814017708838,-0.1086180583595251,0.2973816275439105,0.03583727027330714,-0.4838336817690376,-1.0881032478432753,-1.2471950486129355,-0.9844561458461429,5,bengalgram,heavy Black Soil
14020,0.33328778507292617,1.4177413322789671,-1.1127094486959972,-0.8975029591088394,0.5790459587834081,-0.12184540428542323,-0.5044706885077835,-0.17072099285741404,-0.4838336817690376,-1.1620315173438762,-1.013892994530039,-1.268703114266039,5,bengalgram,medium Black Soil
14022,0.33328778507292617,1.4177413322789671,1.4291229942969927,-0.8975029591088394,-1.5752171947127527,0.1332534099997593,-0.0438321239674487,-0.18980518021188272,-0.4838336817690376,-0.9018040087017613,-1.398841383766818,-0.9589468025264087,5,bengalgram,medium Black Soil
14025,-0.048939319018353855,1.4177413322789671,1.4291229942969927,1.114202454544477,0.11741814017708838,0.12002606407386089,0.0073499387592553065,0.19693026353014664,-0.4838336817690376,-1.1827314328040446,-1.3113531134857321,-1.2249728114322087,5,bengalgram,heavy Black Soil
14053,-0.048939319018353855,1.4177413322789671,-1.1127094486959972,1.114202454544477,-1.2674653156418723,-0.03492284534380558,-0.1632569369964243,-0.37559535710391734,-0.4838336817690376,-0.7835187775007999,-0.838916453967867,-1.2905682656829538,5,bengalgram,heavy Black Soil
14057,-0.048939319018353855,1.4177413322789671,1.9374894828955906,1.114202454544477,0.11741814017708838,-0.17853402968213047,0.31444231511947873,0.03920506804174261,-0.4838336817690376,-0.7243761619003192,-1.183036983740139,-0.6892766017177895,5,bengalgram,heavy Black Soil
14069,-0.048939319018353855,1.4177413322789671,1.9374894828955906,1.114202454544477,-0.036457799358352465,0.023655400899458445,0.1438354393637991,-0.13367521740462154,-0.4838336817690376,-0.7391618158004394,-0.5239586809559564,-1.2942124575857732,5,bengalgram,heavy Black Soil
14086,0.33328778507292617,1.4177413322789671,-1.1127094486959972,-0.8975029591088394,0.27129407971252784,-0.14641047529066326,-0.1973783121475601,-0.1300267698221497,-0.4838336817690376,-0.79830443140092,-1.2005346377963562,-0.7074975612318853,5,bengalgram,medium Black Soil
14113,-0.048939319018353855,1.4177413322789671,-1.1127094486959972,1.114202454544477,-1.421341255177312,-0.36371687264470765,-0.09501418669415271,-0.11150388209575346,-0.4838336817690376,-0.6800192001999587,-0.7397630809826358,-1.068272559610984,5,bengalgram,heavy Black Soil
14121,-0.048939319018353855,1.4177413322789671,1.4291229942969927,1.114202454544477,-0.9597134365709921,-0.11428692089919576,0.48504919087515835,-0.5103072678413442,-0.4838336817690376,-0.6888905925400307,-0.6872701188139841,-1.1010702867363569,5,bengalgram,heavy Black Soil
14123,-0.048939319018353855,1.4177413322789671,1.9374894828955906,1.114202454544477,-0.6519615575001118,-0.0783841248146144,0.5874133163285657,0.08074124051911608,-0.4838336817690376,-1.0200892399027226,-0.827251351263722,-0.9516584187207704,5,bengalgram,heavy Black Soil
14202,0.33328778507292617,1.4177413322789671,1.4291229942969927,-0.8975029591088394,-1.1135893761064315,0.16348734354466973,-0.8115630648680069,-0.02899283676907959,-0.4838336817690376,-0.715504769560247,-1.1480416756277045,-0.860553621150291,5,bengalgram,medium Black Soil
14311,-0.048939319018353855,1.4177413322789671,-1.1127094486959972,1.114202454544477,-1.729093134248192,-0.19176137560802886,-0.3850458754788079,0.22499524493377723,-0.4838336817690376,-1.1413316018837079,-1.3288507675419494,-0.8277558940249184,5,bengalgram,heavy Black Soil
14313,-0.048939319018353855,1.4177413322789671,1.4291229942969927,1.114202454544477,-0.9597134365709921,0.03877236767191392,0.2973816275439105,0.2179789995828696,-0.4838336817690376,-0.7125476387802229,-0.6931026701660566,-1.330654376613965,5,bengalgram,heavy Black Soil
14352,0.33328778507292617,1.4177413322789671,1.4291229942969927,-0.8975029591088394,0.11741814017708838,-0.170975546295903,0.877445005113221,-0.5341625020344302,-0.4838336817690376,-0.7894330390608478,-0.7630932863909253,-1.1630215490842828,5,bengalgram,medium Black Soil
14483,-0.048939319018353855,1.4177413322789671,1.9374894828955906,1.114202454544477,-0.9597134365709921,0.09735061391517795,0.8092022548109493,-0.13311391777654913,-0.4838336817690376,-0.7776045159407518,-0.815586248559577,-1.2650589223632198,5,bengalgram,heavy Black Soil
14490,0.33328778507292617,1.4177413322789671,1.4291229942969927,-0.8975029591088394,0.27129407971252784,-0.25033962185129316,0.6727167542064055,-0.5291108053817768,-0.4838336817690376,-1.1797743020240203,-1.497994756752049,-0.9480142268179512,5,bengalgram,medium Black Soil
14495,-0.048939319018353855,1.4177413322789671,1.9374894828955906,1.114202454544477,-0.036457799358352465,-0.010357774338565839,-0.6409561891123273,-0.46428069833939006,-0.4838336817690376,-1.2123027406042848,-1.3580135243023115,-1.1338680138617294,5,bengalgram,heavy Black Soil
14497,-0.048939319018353855,1.4177413322789671,-1.1127094486959972,1.114202454544477,-1.2674653156418723,-0.35993763095159376,-0.6580168766878955,-0.015521645695337033,-0.4838336817690376,-0.6652335462998384,-1.439669243231325,-0.8204675102192799,5,bengalgram,heavy Black Soil
14534,0.33328778507292617,1.4177413322789671,1.9374894828955906,-0.8975029591088394,-1.5752171947127527,-0.293800901322102,-0.1973783121475601,-0.6483869763472068,-0.4838336817690376,-1.1768171712439963,-0.7572607350388528,-1.046407408194069,5,bengalgram,medium Black Soil
14558,0.33328778507292617,1.4177413322789671,1.9374894828955906,-0.8975029591088394,0.11741814017708838,-0.3334829390997969,0.7409595045086778,-0.49599412732549253,-0.4838336817690376,-1.1679457789039243,-1.3871762810626733,-1.0354748324856116,5,bengalgram,medium Black Soil
14603,-0.048939319018353855,1.4177413322789671,1.9374894828955906,1.114202454544477,-1.1135893761064315,-0.28435279708931743,0.5874133163285657,-0.554088638831008,-0.4838336817690376,-0.7776045159407518,-1.253027599965008,-0.7402952883572582,5,bengalgram,heavy Black Soil
14694,0.33328778507292617,1.4177413322789671,1.4291229942969927,-0.8975029591088394,-0.036457799358352465,0.09168175137550728,0.43386712814845435,-0.4769099399710238,-0.4838336817690376,-1.2034313482642127,-1.1888695350922114,-1.1192912462504527,5,bengalgram,medium Black Soil
14725,-0.048939319018353855,1.4177413322789671,-1.1127094486959972,1.114202454544477,0.4251700192479687,0.18616279370335267,-0.5044706885077835,-0.023660490302389838,-0.4838336817690376,-0.9579894935222178,-0.7805909404471428,-0.882418772567206,5,bengalgram,heavy Black Soil
14739,-0.048939319018353855,1.4177413322789671,1.4291229942969927,1.114202454544477,-1.421341255177312,-0.35426876841192306,0.12677475178823092,-0.4384609154480498,-0.4838336817690376,-0.795347300620896,-1.2705252540212253,-0.6965649855234279,5,bengalgram,heavy Black Soil
14751,-0.048939319018353855,1.4177413322789671,1.4291229942969927,1.114202454544477,0.4251700192479687,-0.11050767920608189,-0.5215313760833518,-0.08428085013423198,-0.4838336817690376,-0.6327051077195741,-1.6438085405538594,-1.2942124575857732,5,bengalgram,heavy Black Soil
14756,0.33328778507292617,1.4177413322789671,1.9374894828955906,-0.8975029591088394,-1.5752171947127527,-0.25222924269784996,0.7409595045086778,-0.06351276389554508,-0.4838336817690376,-1.1679457789039243,-0.9847302377696769,-0.9334374592066745,5,bengalgram,medium Black Soil
14771,-0.048939319018353855,1.4177413322789671,1.9374894828955906,1.114202454544477,-1.5752171947127527,-0.18987175476147206,-0.3679851879032397,0.14893914532993827,-0.4838336817690376,-1.058531940043035,-1.3755111783585285,-1.2249728114322087,5,bengalgram,heavy Black Soil
14797,-0.048939319018353855,1.4177413322789671,-1.1127094486959972,1.114202454544477,-1.421341255177312,0.05388933444436913,0.28032093996834234,0.2095595051617804,-0.4838336817690376,-0.9047611394817852,-1.1480416756277045,-0.7512278640657156,5,bengalgram,heavy Black Soil
14798,0.33328778507292617,1.4177413322789671,1.9374894828955906,-0.8975029591088394,-1.421341255177312,-0.023585120264464247,0.4168064405728861,-0.5002038745360371,-0.4838336817690376,-1.1413316018837079,-0.6872701188139841,-1.0391190243884307,5,bengalgram,medium Black Soil
14823,-0.048939319018353855,1.4177413322789671,1.4291229942969927,1.114202454544477,-0.8058374970355525,-0.30135938470832946,-0.3850458754788079,-0.051725471706020425,-0.4838336817690376,-1.1916028251441166,-1.1363765729235598,-1.2395495790434854,5,bengalgram,heavy Black Soil
14840,0.33328778507292617,1.4177413322789671,1.9374894828955906,-0.8975029591088394,0.27129407971252784,0.08790250968239341,0.655656066630838,-0.373350158591627,-0.4838336817690376,-1.0526176784829868,-1.095548713459053,-0.8714861968587484,5,bengalgram,medium Black Soil
14880,0.33328778507292617,1.4177413322789671,1.4291229942969927,-0.8975029591088394,-0.19033373889379193,-0.0027992909523381015,-0.4874100009322159,0.3007706947235798,-0.4838336817690376,-0.7716902543807036,-0.9672325837134597,-1.246837962849124,5,bengalgram,medium Black Soil
14906,0.33328778507292617,1.4177413322789671,1.9374894828955906,-0.8975029591088394,-1.5752171947127527,-0.13507275021132165,0.2461995648172065,-0.2970134091737517,-0.4838336817690376,-0.6977619848801027,-1.59714812973728,-0.6819882179121513,5,bengalgram,medium Black Soil
14916,0.33328778507292617,1.4177413322789671,1.4291229942969927,-0.8975029591088394,-0.9597134365709921,-0.04626057042314692,-0.1461962494208567,-0.3029070552685142,-0.4838336817690376,-1.0644462016030831,-0.7747583890950703,-0.8532652373446525,5,bengalgram,medium Black Soil
14922,0.33328778507292617,1.4177413322789671,1.4291229942969927,-0.8975029591088394,0.5790459587834081,-0.08972184989395601,0.7068381293575413,-0.26277413186132226,-0.4838336817690376,-1.0851461170632513,-1.5504877189207007,-0.6856324098149705,5,bengalgram,medium Black Soil
14937,-0.048939319018353855,1.4177413322789671,1.4291229942969927,1.114202454544477,-0.6519615575001118,-0.23144341338572408,-0.29974243760096814,0.10571907396834723,-0.4838336817690376,-0.9136325318218573,-1.6029806810893525,-0.7876697830939073,5,bengalgram,heavy Black Soil
14951,-0.048939319018353855,1.4177413322789671,1.9374894828955906,1.114202454544477,-0.19033373889379193,-0.2805735553962036,-0.5044706885077835,-0.2189927608716588,-0.4838336817690376,-0.6859334617600066,-1.6321434378497146,-0.7220743288431622,5,bengalgram,heavy Black Soil
14957,-0.048939319018353855,1.4177413322789671,1.9374894828955906,1.114202454544477,0.11741814017708838,-0.2654565886237484,0.6385953790552698,-0.37054366045126397,-0.4838336817690376,-0.9875608013224582,-1.4046739351188906,-1.0281864486799732,5,bengalgram,heavy Black Soil
14997,-0.048939319018353855,1.4177413322789671,1.4291229942969927,1.114202454544477,-1.2674653156418723,0.14081189338598676,-0.2826817500253999,-0.08007110292368738,-0.4838336817690376,-1.1413316018837079,-1.0022278918258942,-1.2577705385575813,5,bengalgram,heavy Black Soil
15063,0.04661745700446615,1.4177413322789671,1.9374894828955906,1.114202454544477,-0.036457799358352465,-0.08783222904739894,1.5257511329848041,-0.24509319357703513,0.21578717803401704,-1.1797743020240203,-1.2063671891484287,-1.2614147304604006,26,horsegram,heavy soil 
15095,0.04661745700446615,1.4177413322789671,-1.1127094486959972,1.114202454544477,1.3484256564606083,-0.16719630460278911,1.8840255720717305,-0.24509319357703513,0.31079741825418505,-1.2123027406042848,-0.7339305296305633,-0.9079281158869403,26,horsegram,heavy soil 
15102,1.6710826493924062,1.4177413322789671,1.9374894828955906,1.114202454544477,-0.49808561796467227,-0.08594260820084215,1.30396219450242,-0.24509319357703513,0.07327181770376531,-0.9136325318218573,-1.2296973945567182,-0.6163927636614059,26,horsegram, light soi
15108,1.6710826493924062,1.4177413322789671,1.9374894828955906,1.114202454544477,0.5790459587834081,-0.11617654174575257,2.5152710123677453,-0.24509319357703513,-0.6393049839474942,-0.8160472160810641,-0.6231120539411876,-0.638257915078321,26,horsegram, light soi
15166,1.6710826493924062,1.4177413322789671,1.4291229942969927,1.114202454544477,0.11741814017708838,-0.11050767920608189,1.9693290099495702,-0.24509319357703513,-0.7256779296021924,-1.1886456943640924,-0.8797443134323736,-1.0974260948335375,26,horsegram, light soi
15175,0.04661745700446615,1.4177413322789671,1.4291229942969927,1.114202454544477,1.0406737773897279,-0.13507275021132165,0.3656243778461821,-0.24509319357703513,0.23738041444769156,-0.6534050231797421,-1.4338366918792524,-1.0063212972630582,26,horsegram,heavy soil 
15207,0.04661745700446615,1.4177413322789671,1.9374894828955906,1.114202454544477,0.7329218983188477,-0.09350109158706961,0.21207818966607073,-0.24509319357703513,-0.8552373480842396,-0.7450760773604873,-1.4338366918792524,-0.9953887215546006,26,horsegram,heavy soil 
15246,1.6710826493924062,1.4177413322789671,1.9374894828955906,1.114202454544477,0.7329218983188477,-0.11995578343886643,1.1162946311711728,-0.24509319357703513,-0.19448431382579892,-0.7421189465804632,-1.0663859566986909,-1.1630215490842828,26,horsegram, light soi
15283,0.04661745700446615,1.4177413322789671,1.4291229942969927,1.114202454544477,-0.19033373889379193,-0.13129350851820776,2.05463244782741,-0.24509319357703513,-0.790457638843216,-0.6415765000596461,-1.4863296540479043,-0.860553621150291,26,horsegram,heavy soil 
15341,0.04661745700446615,1.4177413322789671,-1.1127094486959972,1.114202454544477,1.1945497169251689,-0.12184540428542323,1.8157828217694587,-0.24509319357703513,-0.8595559953669745,-0.8190043468610881,-0.7455956323347083,-0.6965649855234279,26,horsegram,heavy soil 
15389,0.04661745700446615,1.4177413322789671,-1.1127094486959972,1.114202454544477,0.4251700192479687,-0.11050767920608189,1.6963580087404837,-0.24509319357703513,-0.8941051736288536,-0.9254610549419534,-1.142209124275632,-1.1739541247927403,26,horsegram,heavy soil 
15415,0.04661745700446615,1.4177413322789671,1.4291229942969927,1.114202454544477,0.7329218983188477,-0.17664440883557367,0.12677475178823092,-0.24509319357703513,-0.4579217980726282,-1.046703416922939,-1.0080604431779667,-0.6200369555642251,26,horsegram,heavy soil 
15439,0.04661745700446615,1.4177413322789671,1.4291229942969927,1.114202454544477,-0.49808561796467227,-0.170975546295903,1.4916297578336677,-0.24509319357703513,0.22442447259948697,-1.1590743865638522,-0.7805909404471428,-0.6746998341065128,26,horsegram,heavy soil 
15452,1.6710826493924062,1.4177413322789671,-1.1127094486959972,1.114202454544477,0.27129407971252784,-0.14641047529066326,2.583513762670017,-0.24509319357703513,-0.5054269181827121,-0.9757322782023621,-0.5122935782518119,-1.334298568516784,26,horsegram, light soi
15459,0.04661745700446615,1.4177413322789671,1.9374894828955906,1.114202454544477,1.3484256564606083,-0.1577482003700046,2.5323316999433136,-0.24509319357703513,-0.48815232905177264,-0.6918477233200547,-0.7572607350388528,-1.0026771053602388,26,horsegram,heavy soil 
15476,1.6710826493924062,1.4177413322789671,-1.1127094486959972,1.114202454544477,0.27129407971252784,-0.17286516714245978,2.481149637216609,-0.24509319357703513,0.10350234868290915,-0.6622764155198144,-1.468831999991687,-0.9407258430123129,26,horsegram, light soi
15480,1.6710826493924062,1.4177413322789671,1.9374894828955906,1.114202454544477,1.0406737773897279,-0.16152744206311845,0.8262629423865175,-0.24509319357703513,0.06463452313829537,-1.2182170021643328,-1.2646927026691528,-0.8714861968587484,26,horsegram, light soi
15524,1.6710826493924062,1.4177413322789671,-1.1127094486959972,1.114202454544477,1.1945497169251689,-0.12184540428542323,2.156996573280818,-0.24509319357703513,-0.22903349208767804,-0.8219614776411123,-1.4163390378230354,-0.9152164996925787,26,horsegram, light soi
15547,0.04661745700446615,1.4177413322789671,1.4291229942969927,1.114202454544477,-0.8058374970355525,-0.14830009613722003,1.6792973211649156,-0.24509319357703513,0.07759046498649996,-1.0023464552225785,-1.3113531134857321,-0.7111417531347046,26,horsegram,heavy soil 
15549,0.04661745700446615,1.4177413322789671,1.9374894828955906,1.114202454544477,-0.3442096784292314,-0.11428692089919576,1.7646007590427555,-0.24509319357703513,-0.5442947437273262,-1.0999317709633714,-1.5796504756810628,-0.8314000859277376,26,horsegram,heavy soil 
15568,1.6710826493924062,1.4177413322789671,1.4291229942969927,1.114202454544477,1.1945497169251689,-0.1369623710578787,0.6215346914797015,-0.24509319357703513,-0.48815232905177264,-1.0407891553628907,-0.8097536972075049,-1.1120028624448142,26,horsegram, light soi
15576,1.6710826493924062,1.4177413322789671,1.9374894828955906,1.114202454544477,-0.6519615575001118,-0.12184540428542323,0.43386712814845435,-0.24509319357703513,0.1466888215102582,-1.1649886481239002,-1.1597067783318493,-0.8969955401784827,26,horsegram, light soi
15581,0.04661745700446615,1.4177413322789671,-1.1127094486959972,1.114202454544477,0.27129407971252784,-0.11050767920608189,2.549392387518882,-0.24509319357703513,-0.6263490420992894,-0.9579894935222178,-1.1480416756277045,-0.762160439774173,26,horsegram,heavy soil 
15610,1.6710826493924062,1.4177413322789671,1.4291229942969927,1.114202454544477,1.0406737773897279,-0.08594260820084215,0.8262629423865175,-0.24509319357703513,-0.6652168676439038,-0.9432038396220976,-0.558953989068391,-1.2395495790434854,26,horsegram, light soi
15662,1.6710826493924062,1.4177413322789671,-1.1127094486959972,1.114202454544477,0.5790459587834081,-0.14641047529066326,1.1162946311711728,-0.24509319357703513,-0.14266054643297993,-1.0526176784829868,-0.8972419674885911,-1.13022382195891,26,horsegram, light soi
15692,1.6710826493924062,1.4177413322789671,-1.1127094486959972,1.114202454544477,0.11741814017708838,-0.08972184989395601,0.9456877554154931,-0.24509319357703513,-0.7256779296021924,-1.0082607167826263,-1.6088132324414248,-0.6163927636614059,26,horsegram, light soi
15693,0.04661745700446615,1.4177413322789671,1.9374894828955906,1.114202454544477,0.11741814017708838,-0.08783222904739894,2.0716931354029784,-0.24509319357703513,0.2589736508613661,-0.887018354801641,-1.3930088324147458,-1.0573399839025266,26,horsegram,heavy soil 
15738,1.6710826493924062,1.4177413322789671,1.9374894828955906,1.114202454544477,0.11741814017708838,-0.08783222904739894,0.8603843175376533,-0.24509319357703513,-0.48815232905177264,-1.1975170867041647,-1.5446551675686284,-0.7840255911910882,26,horsegram, light soi
15748,1.6710826493924062,1.4177413322789671,1.4291229942969927,1.114202454544477,0.27129407971252784,-0.14452085444410617,0.2461995648172065,-0.24509319357703513,-0.5702066274237357,-0.8042186929609679,-1.5796504756810628,-1.0354748324856116,26,horsegram, light soi
15754,1.6710826493924062,1.4177413322789671,1.4291229942969927,1.114202454544477,-0.49808561796467227,-0.14641047529066326,1.611054570862644,-0.24509319357703513,-0.42769126709348404,-1.0999317709633714,-1.2763578053732976,-0.9516584187207704,26,horsegram, light soi
15757,0.04661745700446615,1.4177413322789671,1.4291229942969927,1.114202454544477,-0.036457799358352465,-0.1086180583595251,1.7816614466183236,-0.24509319357703513,0.20714988346854712,-1.0910603786232993,-0.838916453967867,-1.3197218009055074,26,horsegram,heavy soil 
15797,0.04661745700446615,1.4177413322789671,-1.1127094486959972,1.114202454544477,0.8867978378542885,-0.16719630460278911,0.26326025239277473,-0.24509319357703513,0.24169906173042624,-1.1502029942237801,-1.626310886497642,-1.0536957919997074,26,horsegram,heavy soil 
15824,1.6710826493924062,1.4177413322789671,-1.1127094486959972,1.114202454544477,0.5790459587834081,-0.13507275021132165,1.935207634798435,-0.24509319357703513,-0.008782480668198128,-0.7805616467207758,-0.7572607350388528,-0.8131791264136418,26,horsegram, light soi
15853,0.04661745700446615,1.4177413322789671,1.4291229942969927,1.114202454544477,-0.3442096784292314,-0.09539071243362668,1.9522683223740032,-0.24509319357703513,-0.41041667796254416,-0.6859334617600066,-1.567985372976918,-0.7913139749967266,26,horsegram,heavy soil 
15865,0.04661745700446615,1.4177413322789671,1.4291229942969927,1.114202454544477,-0.6519615575001118,-0.11050767920608189,1.6963580087404837,-0.24509319357703513,-0.2981318486114369,-0.8219614776411123,-0.9322372756010252,-1.2504821547519431,26,horsegram,heavy soil 
15886,1.6710826493924062,1.4177413322789671,1.4291229942969927,1.114202454544477,1.0406737773897279,-0.10294919581985415,0.38268506542175035,-0.24509319357703513,0.2201058253167517,-0.8692755701214968,-1.124711470219415,-0.7220743288431622,26,horsegram, light soi
15894,1.6710826493924062,1.4177413322789671,1.9374894828955906,1.114202454544477,1.0406737773897279,-0.14263123359754937,1.2357194442001485,-0.24509319357703513,0.2805668872750406,-0.9284181857219775,-1.4105064864709629,-0.7002091774262471,26,horsegram, light soi
15968,1.6710826493924062,1.4177413322789671,-1.1127094486959972,1.114202454544477,1.0406737773897279,-0.09728033328018348,2.156996573280818,-0.24509319357703513,-0.008782480668198128,-0.884061224021617,-1.2880229080774424,-0.7366510964544389,26,horsegram, light soi
15972,1.6710826493924062,1.4177413322789671,1.9374894828955906,1.114202454544477,-0.036457799358352465,-0.14263123359754937,0.09265337663709511,-0.24509319357703513,-0.6608982203611689,-0.638619369279622,-1.171371881035994,-0.6200369555642251,26,horsegram, light soi
15974,1.6710826493924062,1.4177413322789671,-1.1127094486959972,1.114202454544477,0.11741814017708838,-0.08972184989395601,0.1438354393637991,-0.24509319357703513,-0.15129784099844987,-1.0200892399027226,-1.3871762810626733,-0.6054601879529484,26,horsegram, light soi
16000,-0.24005287106399387,1.4177413322789671,1.9374894828955906,1.114202454544477,-0.036457799358352465,0.41102767444362454,-0.0779534991185845,0.6602831065040874,0.21578717803401704,-1.1590743865638522,-0.868079210728229,-0.7694488235798115,37,redgram,deep soil
16014,-0.24005287106399387,1.4177413322789671,-1.1127094486959972,1.114202454544477,0.11741814017708838,0.5999897590993153,0.4509278157240219,1.2465605680259306,0.21146853075128177,-0.9639037550822658,-1.2063671891484287,-0.762160439774173,37,redgram,deep soil
16048,-0.24005287106399387,1.4177413322789671,1.9374894828955906,1.114202454544477,-0.036457799358352465,0.23529293571383217,0.17795681451493492,-0.6997458923158506,0.40580765847435246,-0.9875608013224582,-1.4280041405271802,-0.9261490754010362,37,redgram,deep soil
16109,0.23773100905010616,1.4177413322789671,1.4291229942969927,1.114202454544477,0.4251700192479687,0.45070971222131945,-1.1527768163793661,0.7399876536903985,0.33670930195059423,-0.9727751474223381,-0.9672325837134597,-0.6601230664952361,37,redgram,loamy soil
16113,0.23773100905010616,1.4177413322789671,-1.1127094486959972,1.114202454544477,0.4251700192479687,0.6831330763478193,-0.4874100009322159,-0.6430546298805168,0.37557712749520866,-0.7214190311202952,-0.838916453967867,-0.8314000859277376,37,redgram,loamy soil
16151,0.23773100905010616,1.4177413322789671,1.4291229942969927,1.114202454544477,-0.036457799358352465,0.705808526506502,-0.0779534991185845,0.09308983233671347,0.22442447259948697,-1.0555748092630108,-1.4163390378230354,-1.305145033294231,37,redgram,loamy soil
16158,-0.24005287106399387,1.4177413322789671,-1.1127094486959972,1.114202454544477,0.4251700192479687,0.3070985278829946,-0.18031762457199252,0.9847142915300574,0.4187636003225577,-1.0141749783426746,-1.0780510594028356,-1.1192912462504527,37,redgram,deep soil
16191,0.23773100905010616,1.4177413322789671,-1.1127094486959972,1.114202454544477,0.5790459587834081,0.6774642138081484,-0.4191672506299437,0.02825972529432675,0.3453465965160642,-1.0112178475626503,-0.5531214377163185,-0.9079281158869403,37,redgram,loamy soil
16231,0.23773100905010616,1.4177413322789671,1.9374894828955906,1.114202454544477,-0.036457799358352465,0.4998398542317995,0.1438354393637991,0.8766641131260796,0.28920418184051055,-0.9254610549419534,-1.2763578053732976,-0.962590994429228,37,redgram,loamy soil
16233,0.23773100905010616,1.4177413322789671,-1.1127094486959972,1.114202454544477,-0.036457799358352465,0.28253345687775483,0.877445005113221,-0.13283326796251277,0.2201058253167517,-0.6563621539597663,-1.5154924108082664,-0.6163927636614059,37,redgram,loamy soil
16257,0.23773100905010616,1.4177413322789671,-1.1127094486959972,1.114202454544477,0.4251700192479687,0.6793538346547058,-1.1015947536526622,1.3015679315770463,0.3280720073851243,-0.6652335462998384,-1.626310886497642,-0.7002091774262471,37,redgram,loamy soil
16259,0.23773100905010616,1.4177413322789671,1.4291229942969927,1.114202454544477,0.4251700192479687,0.6736849721150348,0.3656243778461821,1.2883773903173406,0.23738041444769156,-0.8663184393414728,-0.7514281836867808,-1.2176844276265704,37,redgram,loamy soil
16317,0.23773100905010616,1.4177413322789671,-1.1127094486959972,1.114202454544477,0.5790459587834081,0.42614464121608,-0.5215313760833518,1.3840789769037205,0.3669398329297387,-1.1738600404639723,-0.9497349296572426,-1.2796356899744965,37,redgram,loamy soil
16327,0.23773100905010616,1.4177413322789671,1.9374894828955906,1.114202454544477,-0.19033373889379193,0.5848727923268603,0.31444231511947873,-0.005698902204066327,0.3928517166261479,-1.061489070823059,-1.095548713459053,-1.0172538729715157,37,redgram,loamy soil
16344,-0.24005287106399387,1.4177413322789671,-1.1127094486959972,1.114202454544477,-0.19033373889379193,0.5149568210042544,-1.1015947536526622,-0.2812970195877185,0.21578717803401704,-1.1206316864235397,-1.2938554594295149,-0.7002091774262471,37,redgram,deep soil
16375,0.23773100905010616,1.4177413322789671,1.9374894828955906,1.114202454544477,0.5790459587834081,0.4544889539144336,-0.8456844400191428,0.7902239704028975,0.39717036390888316,-0.8308328699811842,-1.083883610754908,-1.126579630056091,37,redgram,loamy soil
16423,0.23773100905010616,1.4177413322789671,1.9374894828955906,1.114202454544477,0.5790459587834081,0.7492698059773111,0.3485636902706145,0.690593286420009,0.41444495303982243,-0.795347300620896,-1.1480416756277045,-0.7366510964544389,37,redgram,loamy soil
16470,-0.24005287106399387,1.4177413322789671,-1.1127094486959972,1.114202454544477,-0.036457799358352465,0.24852028163973056,-0.0608928115430169,1.239544322675023,0.3410279492333289,-0.6445336308396702,-1.3696786270064563,-0.8969955401784827,37,redgram,deep soil
16511,0.23773100905010616,1.4177413322789671,1.4291229942969927,1.114202454544477,-0.036457799358352465,0.3770144992056005,-0.0608928115430169,-0.5754180246977673,0.28920418184051055,-0.8456185238813044,-1.4921622053999766,-0.9698793782348663,37,redgram,loamy soil
16529,0.23773100905010616,1.4177413322789671,1.4291229942969927,1.114202454544477,-0.036457799358352465,0.3373324614279053,-0.3338638127521039,0.6675800016690318,0.21146853075128177,-1.1442887326637319,-1.3755111783585285,-0.8532652373446525,37,redgram,loamy soil
16540,-0.24005287106399387,1.4177413322789671,1.9374894828955906,1.114202454544477,-0.19033373889379193,0.40346919105739676,0.502109878450726,0.09814152898936684,0.23738041444769156,-1.1502029942237801,-0.6756050161098391,-1.1848867005011978,37,redgram,deep soil
16560,-0.24005287106399387,1.4177413322789671,-1.1127094486959972,1.114202454544477,0.4251700192479687,0.6396717968770103,-0.6068348139611915,0.09056398401038679,0.21146853075128177,-0.6918477233200547,-0.570619091772536,-0.9152164996925787,37,redgram,deep soil
16585,0.23773100905010616,1.4177413322789671,1.9374894828955906,1.114202454544477,0.5790459587834081,0.5527492379353925,0.3485636902706145,-0.7042362893404316,0.33670930195059423,-0.9077182702618092,-0.7922560431512874,-0.9079281158869403,37,redgram,loamy soil
16604,-0.24005287106399387,1.4177413322789671,1.4291229942969927,1.114202454544477,0.11741814017708838,0.5073983376180267,-0.026771436391880492,0.9454233175649746,0.27624823999230536,-1.1502029942237801,-0.5822841944766806,-1.0974260948335375,37,redgram,deep soil
16607,0.23773100905010616,1.4177413322789671,1.4291229942969927,1.114202454544477,-0.036457799358352465,0.7568282893635389,0.1438354393637991,0.8814351599646969,0.3798957747779433,-0.8751898316815447,-1.2938554594295149,-0.7439394802600772,37,redgram,loamy soil
16616,-0.24005287106399387,1.4177413322789671,1.4291229942969927,1.114202454544477,0.4251700192479687,0.3505598073538037,0.8262629423865175,1.3916565218827008,0.3539838910815341,-1.0969746401833473,-0.9847302377696769,-1.1338680138617294,37,redgram,deep soil
16645,0.23773100905010616,1.4177413322789671,1.9374894828955906,1.114202454544477,-0.036457799358352465,0.29387118195709644,0.3656243778461821,-0.7460531116318411,0.32375336010238964,-0.638619369279622,-0.9497349296572426,-0.802246550705184,37,redgram,loamy soil
16649,0.23773100905010616,1.4177413322789671,1.4291229942969927,1.114202454544477,-0.036457799358352465,0.6699057304219211,-1.1186554412282304,0.6689832507392133,0.32375336010238964,-1.0023464552225785,-0.8972419674885911,-1.2577705385575813,37,redgram,loamy soil
16655,0.23773100905010616,1.4177413322789671,1.4291229942969927,1.114202454544477,-0.036457799358352465,0.7454905642841975,0.48504919087515835,1.3913758720686642,0.31079741825418505,-0.8722327009015209,-0.9380698269530977,-1.2942124575857732,37,redgram,loamy soil
16711,0.23773100905010616,1.4177413322789671,1.9374894828955906,1.114202454544477,-0.036457799358352465,0.6699057304219211,0.8092022548109493,0.9908885874388562,0.40580765847435246,-1.1916028251441166,-0.9205721728968805,-0.6929207936206087,37,redgram,loamy soil
16794,-0.24005287106399387,1.4177413322789671,-1.1127094486959972,1.114202454544477,-0.036457799358352465,0.3826833617452709,-0.18031762457199252,-0.2838228679140452,0.38853306934341325,-0.7894330390608478,-1.4338366918792524,-0.9990329134574197,37,redgram,deep soil
16800,-0.24005287106399387,1.4177413322789671,-1.1127094486959972,1.114202454544477,0.4251700192479687,0.2560787650259583,-0.9139271903214149,0.9687172521299878,0.40580765847435246,-0.9698180166423139,-1.2355299459087907,-0.6710556422036936,37,redgram,deep soil
16834,-0.24005287106399387,1.4177413322789671,1.9374894828955906,1.114202454544477,-0.036457799358352465,0.31465701126922235,-0.7091989394145989,1.1502976818114778,0.3410279492333289,-0.9550323627421938,-0.815586248559577,-1.0536957919997074,37,redgram,deep soil
16837,0.23773100905010616,1.4177413322789671,1.9374894828955906,1.114202454544477,-0.036457799358352465,0.6283340717976689,-0.0608928115430169,-0.25631918613848736,0.3496652437987988,-0.7598617312606075,-0.9147396215448081,-0.7366510964544389,37,redgram,loamy soil
16858,-0.24005287106399387,1.4177413322789671,1.9374894828955906,1.114202454544477,0.4251700192479687,0.7095877681996161,0.8262629423865175,0.6069596418371893,0.267610945426836,-0.7923901698408718,-1.3580135243023115,-0.7257185207459812,37,redgram,deep soil
16881,0.23773100905010616,1.4177413322789671,-1.1127094486959972,1.114202454544477,0.5790459587834081,0.6075482424855431,-0.4362279382055119,0.5634589206615619,0.3410279492333289,-1.0762747247231792,-0.5531214377163185,-0.6856324098149705,37,redgram,loamy soil
16900,-0.24005287106399387,1.4177413322789671,1.9374894828955906,1.114202454544477,0.4251700192479687,0.484722887459344,0.5874133163285657,-0.4328479191673237,0.40148901119161784,-1.2123027406042848,-0.49479592419559437,-0.882418772567206,37,redgram,deep soil
16932,-0.24005287106399387,1.4177413322789671,-1.1127094486959972,1.114202454544477,0.27129407971252784,0.5735350672475185,-0.6580168766878955,0.06586680037519167,0.2546550035786308,-0.9284181857219775,-0.5764516431246085,-0.9808119539433239,37,redgram,deep soil
16935,0.23773100905010616,1.4177413322789671,-1.1127094486959972,1.114202454544477,0.5790459587834081,0.6434510385701244,-0.5897741263856233,0.8544927778172112,0.3669398329297387,-1.1856885635840684,-0.6056143998849705,-1.1411563976673678,37,redgram,loamy soil
16994,-0.24005287106399387,1.4177413322789671,1.4291229942969927,1.114202454544477,-0.036457799358352465,0.5924312757130875,-0.7774416897168711,0.12283871262456196,0.2503363562958962,-0.9579894935222178,-1.0605534053466183,-0.9370816511094937,37,redgram,deep soil
17045,0.23773100905010616,0.17449124089587287,-0.6043429600973992,1.114202454544477,0.27129407971252784,-0.1860925130683582,-0.5044706885077835,-0.6427739800664807,0.3798957747779433,-0.718461900340271,-0.838916453967867,-0.8350442778305566,44,soyabean,loamy soil
17046,1.3844123213239463,0.17449124089587287,-0.09597647149880119,-0.8975029591088394,-0.036457799358352465,-0.31647635148078496,0.3485636902706145,-1.2242803947497063,0.6692451427211821,-0.6622764155198144,-0.6231120539411876,-1.0828493272222608,44,soyabean,well-drained soil
17052,1.3844123213239463,0.17449124089587287,-0.09597647149880119,-0.8975029591088394,-0.49808561796467227,-0.21254720492015503,-0.6580168766878955,-0.8226705108637525,0.26329229814410077,-0.5055484841785405,-0.6639399134056946,-0.8314000859277376,44,soyabean,well-drained soil
17080,1.3844123213239463,0.17449124089587287,-0.09597647149880119,-0.8975029591088394,-0.3442096784292314,-0.2163264466132686,-0.9139271903214149,-1.0589776542823222,0.6606078481557122,-0.6593192847397903,-1.626310886497642,-0.8532652373446525,44,soyabean,well-drained soil
17158,1.3844123213239463,0.17449124089587287,-0.09597647149880119,-0.8975029591088394,-0.19033373889379193,-0.2163264466132686,-0.8286237524435751,-0.5425819964555193,0.6001467861974232,-0.7421189465804632,-1.4338366918792524,-1.0208980648743347,44,soyabean,well-drained soil
17241,0.23773100905010616,0.17449124089587287,-0.6043429600973992,1.114202454544477,-0.6519615575001118,-0.18231327137524433,0.928627067839925,-1.1210012631843458,0.617421375328363,-0.79830443140092,-1.0897161621069804,-0.6236811474670444,44,soyabean,loamy soil
17260,1.3844123213239463,0.17449124089587287,-0.09597647149880119,-0.8975029591088394,0.4251700192479687,-0.36371687264470765,-1.238080254257206,-0.8260383086321883,0.5483230188046049,-0.2482781063164494,-1.0372231999383288,-1.272347306168858,44,soyabean,well-drained soil
17284,1.3844123213239463,0.17449124089587287,-0.09597647149880119,-0.8975029591088394,-0.036457799358352465,-0.19554061730114275,-0.0608928115430169,-1.1490662445879765,0.6044654334801585,-0.4434487377980359,-0.8855768647844461,-0.9771677620405046,44,soyabean,well-drained soil
17293,0.23773100905010616,0.17449124089587287,-0.6043429600973992,1.114202454544477,-0.036457799358352465,-0.2597877260840777,0.09265337663709511,-0.5265849570554498,0.28920418184051055,-0.6504478923997183,-1.2121997405005012,-0.6601230664952361,44,soyabean,loamy soil
17354,1.3844123213239463,0.17449124089587287,-0.09597647149880119,-0.8975029591088394,-0.19033373889379193,-0.2900216596289881,1.1845373814734443,-1.06066155316654,0.3453465965160642,-0.8249186084211363,-1.3171856648378044,-1.144800589570187,44,soyabean,well-drained soil
17391,0.23773100905010616,0.17449124089587287,-0.6043429600973992,1.114202454544477,0.11741814017708838,-0.30513862640144335,-1.6304760684952693,-0.8055508722075381,0.8722215650097227,-0.7628188620406315,-0.7572607350388528,-1.1192912462504527,44,soyabean,loamy soil
17433,0.23773100905010616,0.17449124089587287,-0.6043429600973992,1.114202454544477,0.11741814017708838,-0.3297036974066831,-0.8115630648680069,-0.5479143429222091,0.8203977976169037,-0.8012615621809439,-0.6056143998849705,-0.6419021069811403,44,soyabean,loamy soil
17456,1.3844123213239463,0.17449124089587287,-0.09597647149880119,-0.8975029591088394,-0.49808561796467227,-0.28435279708931743,-1.238080254257206,-0.8886232171622844,0.6649264954384467,-0.2689780217766177,-1.183036983740139,-1.1120028624448142,44,soyabean,well-drained soil
17458,1.3844123213239463,0.17449124089587287,-0.09597647149880119,-0.8975029591088394,0.4251700192479687,-0.24089151761850863,0.6727167542064055,-0.7839408365267424,0.28488553455777527,-0.7362046850204153,-1.3346833188940217,-0.6783440260093321,44,soyabean,well-drained soil
17474,1.3844123213239463,0.17449124089587287,-0.09597647149880119,-0.8975029591088394,-0.6519615575001118,-0.18231327137524433,-0.9821699406236866,-0.5914150640978365,0.2460177090131615,-0.7628188620406315,-0.9030745188406631,-0.8751303887615676,44,soyabean,well-drained soil
17478,1.3844123213239463,0.17449124089587287,-0.09597647149880119,-0.8975029591088394,-0.19033373889379193,-0.28435279708931743,1.1162946311711728,-0.9295980900115851,0.6303773171765676,-0.3044635911369062,-0.6989352215181287,-1.2942124575857732,44,soyabean,well-drained soil
17516,1.3844123213239463,0.17449124089587287,-0.09597647149880119,-0.8975029591088394,-0.036457799358352465,-0.2824631762427604,0.48504919087515835,-0.6930102967789794,0.7081129682657958,-0.30150646035688233,-1.095548713459053,-1.3233659928083268,44,soyabean,well-drained soil
17524,1.3844123213239463,0.17449124089587287,-0.09597647149880119,-0.8975029591088394,-0.6519615575001118,-0.20120947984081342,-0.1973783121475601,-0.978992457281975,0.5396857242391349,-0.7036762464401508,-0.7805909404471428,-1.0208980648743347,44,soyabean,well-drained soil
17551,0.23773100905010616,0.17449124089587287,-0.6043429600973992,1.114202454544477,-0.3442096784292314,-0.26923583031686227,-0.0438321239674487,-0.6913263978947615,0.8419910340305783,-0.22757819085628148,-1.626310886497642,-1.1156470543476333,44,soyabean,loamy soil
17572,1.3844123213239463,0.17449124089587287,-0.09597647149880119,-0.8975029591088394,-0.6519615575001118,-0.35993763095159376,-0.026771436391880492,-0.9475596781099086,0.008492108462741737,-0.4789343071583244,-1.4863296540479043,-1.0136096810686963,44,soyabean,well-drained soil
17576,1.3844123213239463,0.17449124089587287,-0.09597647149880119,-0.8975029591088394,-0.9597134365709921,-0.30513862640144335,-0.18031762457199252,-1.0699229970297381,0.7599367356586147,-0.27784941411668973,-1.468831999991687,-0.6710556422036936,44,soyabean,well-drained soil
17582,1.3844123213239463,0.17449124089587287,-0.09597647149880119,-0.8975029591088394,0.11741814017708838,-0.2201056883063825,-0.7603810021413029,-0.9208979457764596,0.5612789606528095,-0.42570595311789144,-0.6347771566453325,-1.0208980648743347,44,soyabean,well-drained soil
17612,1.3844123213239463,0.17449124089587287,-0.09597647149880119,-0.8975029591088394,0.11741814017708838,-0.29946976386177265,0.6215346914797015,-0.8122864677444094,0.565597607935544,-0.07085025951500731,-1.142209124275632,-1.0974260948335375,44,soyabean,well-drained soil
17640,1.3844123213239463,0.17449124089587287,-0.09597647149880119,-0.8975029591088394,0.4251700192479687,-0.3372621807929108,-1.6475367560708372,-0.8232318104918253,-0.03037571708187265,-0.7628188620406315,-1.2063671891484287,-0.6455462988839594,44,soyabean,well-drained soil
17680,1.3844123213239463,0.17449124089587287,-0.09597647149880119,-0.8975029591088394,-0.8058374970355525,-0.18987175476147206,-0.5556527512344875,-0.99835729445048,0.16396341064119807,-0.7657759928206557,-0.9089070701927356,-0.6309695312726828,44,soyabean,well-drained soil
17705,0.23773100905010616,0.17449124089587287,-0.6043429600973992,1.114202454544477,-0.9597134365709921,-0.36371687264470765,0.3997457529973185,-0.8319319547269508,0.32375336010238964,-0.10337869809527195,-0.5006284755476669,-1.126579630056091,44,soyabean,loamy soil
17709,0.23773100905010616,0.17449124089587287,-0.6043429600973992,1.114202454544477,-0.036457799358352465,-0.31269710978767107,0.7921415672353811,-1.1819022728302242,0.18123799977213792,-0.6622764155198144,-1.0722185080507631,-0.8386884697333759,44,soyabean,loamy soil
17748,1.3844123213239463,0.17449124089587287,-0.09597647149880119,-0.8975029591088394,-0.19033373889379193,-0.3372621807929108,1.1162946311711728,-1.215580250514581,0.880858859575192,-0.6770620694199346,-0.7164328755743462,-1.0609841758053458,44,soyabean,well-drained soil
17754,1.3844123213239463,0.17449124089587287,-0.09597647149880119,-0.8975029591088394,0.11741814017708838,-0.3391518016394676,-0.009710748816312897,-0.9868506520749915,0.14237017422752354,-0.42866308389791574,-1.3463484215981665,-0.6856324098149705,44,soyabean,well-drained soil
17759,0.23773100905010616,0.17449124089587287,-0.6043429600973992,1.114202454544477,-0.19033373889379193,-0.20309910068737047,0.8262629423865175,-1.1692730311985904,-0.03037571708187265,-0.9225039241619294,-0.7630932863909253,-0.6564788745924169,44,soyabean,loamy soil
17761,0.23773100905010616,0.17449124089587287,-0.6043429600973992,1.114202454544477,0.4251700192479687,-0.21254720492015503,0.9115663802643573,-0.7578404038213661,0.6562892008729775,-0.6800192001999587,-1.3405158702460942,-0.6163927636614059,44,soyabean,loamy soil
17781,0.23773100905010616,0.17449124089587287,-0.6043429600973992,1.114202454544477,0.11741814017708838,-0.31647635148078496,0.21207818966607073,-0.9155655993097698,0.38421442206067796,-0.5765196228991175,-1.626310886497642,-1.1812425085983786,44,soyabean,loamy soil
17796,1.3844123213239463,0.17449124089587287,-0.09597647149880119,-0.8975029591088394,-0.19033373889379193,-0.3240348348670124,0.26326025239277473,-1.0362450193453814,0.8549469758787829,-0.1654784444757765,-1.3463484215981665,-0.9480142268179512,44,soyabean,well-drained soil
17849,0.23773100905010616,0.17449124089587287,-0.6043429600973992,1.114202454544477,-0.3442096784292314,-0.34482066417913854,-1.5281119430418613,-1.114826967275547,0.1855566470548726,-0.44640586857805975,-0.7280979782784908,-0.8386884697333759,44,soyabean,loamy soil
17854,1.3844123213239463,0.17449124089587287,-0.09597647149880119,-0.8975029591088394,0.5790459587834081,-0.20120947984081342,1.1162946311711728,-0.9133204007974794,0.5871908443492186,-0.5913052767992376,-1.4105064864709629,-1.0573399839025266,44,soyabean,well-drained soil
17859,0.23773100905010616,0.17449124089587287,-0.6043429600973992,1.114202454544477,0.11741814017708838,-0.36182725179815056,0.5362312536018617,-0.9862893524469191,0.4489941313017015,-0.2955921987968342,-0.5881167458287531,-1.2140402357237514,44,soyabean,loamy soil
17902,1.3844123213239463,0.17449124089587287,-0.09597647149880119,-0.8975029591088394,-0.8058374970355525,-0.1860925130683582,-1.5622333181929973,-1.0407354163699623,0.4187636003225577,-0.7332475542403912,-1.6029806810893525,-1.254126346654762,44,soyabean,well-drained soil
17966,1.3844123213239463,0.17449124089587287,-0.09597647149880119,-0.8975029591088394,0.27129407971252784,-0.2597877260840777,-1.3063230045594776,-0.6396868321120812,0.8506283285960482,-0.638619369279622,-1.4163390378230354,-1.0500516000968882,44,soyabean,well-drained soil
17975,0.23773100905010616,0.17449124089587287,-0.6043429600973992,1.114202454544477,-0.036457799358352465,-0.3334829390997969,1.1333553187467404,-0.9702923130468495,0.8247164448996384,-0.7214190311202952,-0.4831308214914498,-1.305145033294231,44,soyabean,loamy soil
17977,0.23773100905010616,0.17449124089587287,-0.6043429600973992,1.114202454544477,0.11741814017708838,-0.29946976386177265,-0.6409561891123273,-0.877116574786796,0.012810755745476398,-0.8397042623212565,-0.7572607350388528,-0.7949581668995458,44,soyabean,loamy soil
18002,0.9066284412098462,0.17449124089587287,-0.09597647149880119,-0.8975029591088394,0.11741814017708838,0.6151067258717707,1.4404476951069645,-1.021089929387421,-0.2679013176322924,-0.3931775145376272,0.3450914705028327,-0.2155316543512963,25,groundnut,sandy clay Loamy soil 
18006,1.3844123213239463,0.17449124089587287,-0.09597647149880119,-0.8975029591088394,0.11741814017708838,0.711477389046173,3.095334389937056,-0.9728181613731761,-0.2679013176322924,-0.6534050231797421,-0.44813551337901525,-0.20824327054565808,25,groundnut,well-drained soil
18023,0.9066284412098462,0.17449124089587287,-0.6043429600973992,1.114202454544477,-0.19033373889379193,0.7076981473530594,1.0992339435956047,-0.9427886312712916,-0.2679013176322924,-0.6031337999193337,-0.31981938363342205,-0.32850160333869083,25,groundnut,sandy clay Loamy soil 
18130,0.8110716651870262,0.17449124089587287,-0.09597647149880119,-0.8975029591088394,0.4251700192479687,0.6850226971943761,-1.715779506373109,-0.8254770090041156,-0.2679013176322924,-0.795347300620896,-0.3781448971541462,-0.22282003815693474,25,groundnut,sandy Loamy soil
18151,0.8110716651870262,0.17449124089587287,-0.6043429600973992,1.114202454544477,0.5790459587834081,0.613217105025214,-0.45328862578107953,-0.7137783830176659,-0.2679013176322924,-0.1773069675958728,-0.44230296202694275,-0.430538976617628,25,groundnut,sandy Loamy soil
18161,0.9066284412098462,0.17449124089587287,-0.6043429600973992,1.114202454544477,-0.036457799358352465,0.7492698059773111,-0.45328862578107953,-0.9158462491238062,-0.2679013176322924,-0.2867208064567622,0.6600492435147427,-0.22282003815693474,25,groundnut,sandy clay Loamy soil 
18200,0.9066284412098462,0.17449124089587287,-0.09597647149880119,-0.8975029591088394,0.5790459587834081,0.5848727923268603,1.2357194442001485,-0.9495242268081628,-0.2679013176322924,-0.7273332926803431,0.46174249754428087,-0.3722319061725211,25,groundnut,sandy clay Loamy soil 
18240,1.3844123213239463,0.17449124089587287,-0.09597647149880119,-0.8975029591088394,0.4251700192479687,0.5924312757130875,-1.2551409418327741,-0.8131284171865182,-0.2679013176322924,-0.7805616467207758,0.6192213840502357,-0.3940970575894362,25,groundnut,well-drained soil
18257,0.9066284412098462,0.17449124089587287,-0.6043429600973992,1.114202454544477,0.5790459587834081,0.7398217017445265,2.788242013576833,-0.5554918879011895,-0.2679013176322924,-0.22757819085628148,-0.4772982701393773,-0.3831644818809785,25,groundnut,sandy clay Loamy soil 
18266,0.9066284412098462,0.17449124089587287,-0.09597647149880119,-0.8975029591088394,-0.19033373889379193,0.6245548301045553,-0.3168031251765363,-0.7132170833895932,-0.2679013176322924,-0.8633613085614487,0.15261727588444285,-0.16815715961464706,25,groundnut,sandy clay Loamy soil 
18269,0.9066284412098462,0.17449124089587287,-0.6043429600973992,1.114202454544477,-0.036457799358352465,0.6982500431202748,-1.4257478175884537,-0.9489629271800901,-0.2679013176322924,-0.27784941411668973,-0.2731589728168429,-0.19366650293438142,25,groundnut,sandy clay Loamy soil 
18274,0.8110716651870262,0.17449124089587287,-0.09597647149880119,-0.8975029591088394,0.4251700192479687,0.7209254932789575,2.822363388727968,-1.0665551992613025,-0.2679013176322924,-0.5114627457385886,0.3042636110383256,-0.1353594324892745,25,groundnut,sandy Loamy soil
18313,0.8110716651870262,0.17449124089587287,-0.6043429600973992,1.114202454544477,0.11741814017708838,0.6377821760304534,-0.35092450032767214,-0.9778698580258298,-0.2679013176322924,-0.04127895171476697,-0.2381636647044084,-0.28112710860204165,25,groundnut,sandy Loamy soil
18392,0.9066284412098462,0.17449124089587287,-0.09597647149880119,-0.8975029591088394,-0.036457799358352465,0.7039189056599452,-2.3129035715179875,-0.892832964372829,-0.2679013176322924,-0.7421189465804632,-0.22649856200026383,-0.40502963329789365,25,groundnut,sandy clay Loamy soil 
18409,0.8110716651870262,0.17449124089587287,-0.6043429600973992,1.114202454544477,0.11741814017708838,0.730373597511742,1.0651125684444687,-0.5888892157715099,-0.2679013176322924,-0.5794767536791413,0.48507270295257043,-0.30299226001895674,25,groundnut,sandy Loamy soil
18424,0.8110716651870262,0.17449124089587287,-0.09597647149880119,-0.8975029591088394,-0.036457799358352465,0.6642368678822502,-1.28926231698391,-0.9913410490995724,-0.2679013176322924,-0.49963422261849233,-0.14484284307124975,-0.44511574422890465,25,groundnut,sandy Loamy soil
18502,0.8110716651870262,0.17449124089587287,-0.09597647149880119,-0.8975029591088394,0.4251700192479687,0.7492698059773111,1.4575083826825315,-0.5754180246977673,-0.2679013176322924,-0.2689780217766177,0.6133888326981636,-0.08798493775262503,25,groundnut,sandy Loamy soil
18516,1.3844123213239463,0.17449124089587287,-0.09597647149880119,-0.8975029591088394,0.4251700192479687,0.7265943558186284,-2.3129035715179875,-0.7373529673967155,-0.2679013176322924,-0.1891354907159687,0.520068011065005,-0.01874529159906069,25,groundnut,well-drained soil
18532,0.8110716651870262,0.17449124089587287,-0.09597647149880119,-0.8975029591088394,-0.036457799358352465,0.6264444509511121,3.6071550172040947,-0.9130397509834431,-0.2679013176322924,-0.889975485581665,0.1934451353489499,-0.47426927945145797,25,groundnut,sandy Loamy soil
18546,1.3844123213239463,0.17449124089587287,-0.09597647149880119,-0.8975029591088394,0.27129407971252784,0.6566783844960226,-0.4703493133566477,-0.6812230045894544,-0.2679013176322924,-0.8130900853010402,0.28093340563003605,-0.4524041280345429,25,groundnut,well-drained soil
18582,1.3844123213239463,0.17449124089587287,-0.09597647149880119,-0.8975029591088394,-0.19033373889379193,0.6812434555012625,-0.11207487426972029,-0.7511048082844944,-0.2679013176322924,-0.2541923678764975,-0.37231234580207406,-0.09891751346108273,25,groundnut,well-drained soil
18596,0.9066284412098462,0.17449124089587287,-0.09597647149880119,-0.8975029591088394,-0.036457799358352465,0.6850226971943761,0.38268506542175035,-0.9065848052606083,-0.2679013176322924,-0.4878056994983964,0.5025703570087875,-0.3430783709499675,25,groundnut,sandy clay Loamy soil 
18603,1.3844123213239463,0.17449124089587287,-0.6043429600973992,1.114202454544477,-0.036457799358352465,0.6491199011097948,1.3722049448046916,-1.0836748379175172,-0.2679013176322924,-0.34586342205724285,0.1351196218282258,-0.3430783709499675,25,groundnut,well-drained soil
18618,1.3844123213239463,0.17449124089587287,-0.09597647149880119,-0.8975029591088394,-0.036457799358352465,0.6774642138081484,1.9181469472228667,-1.0696423472157017,-0.2679013176322924,-0.7243761619003192,0.6133888326981636,-0.1353594324892745,25,groundnut,well-drained soil
18667,0.8110716651870262,0.17449124089587287,-0.6043429600973992,1.114202454544477,0.4251700192479687,0.7398217017445265,3.7777618929597745,-0.7749600424775805,-0.2679013176322924,-0.22166392929623333,0.012636043434705087,0.11973400070806799,25,groundnut,sandy Loamy soil
18684,1.3844123213239463,0.17449124089587287,-0.09597647149880119,-0.8975029591088394,0.4251700192479687,0.7228151141255142,1.9522683223740032,-0.709287985993085,-0.2679013176322924,-0.11225009043534397,0.15261727588444285,-0.3940970575894362,25,groundnut,well-drained soil
18724,0.8110716651870262,0.17449124089587287,-0.09597647149880119,-0.8975029591088394,0.11741814017708838,0.6944708014271607,1.1845373814734443,-0.8100412692321187,-0.2679013176322924,-0.21574966773618517,0.5900586272898737,-0.00416852398778403,25,groundnut,sandy Loamy soil
18761,0.9066284412098462,0.17449124089587287,-0.6043429600973992,1.114202454544477,0.27129407971252784,0.6472302802632379,-0.6580168766878955,-0.8086380201619372,-0.2679013176322924,-0.8071758237409921,-0.3839774485062187,-0.2118874624484773,25,groundnut,sandy clay Loamy soil 
18789,1.3844123213239463,0.17449124089587287,-0.6043429600973992,1.114202454544477,-0.19033373889379193,0.7322632183582988,3.6753977675063663,-0.8532613405937101,-0.2679013176322924,-0.6859334617600066,0.5550633191774396,-0.5908834203416719,25,groundnut,well-drained soil
18794,0.9066284412098462,0.17449124089587287,-0.09597647149880119,-0.8975029591088394,0.27129407971252784,0.5810935506337462,2.4982103247921774,-0.8962007621412648,-0.2679013176322924,-0.1773069675958728,0.2051102380530949,-0.20459907864283886,25,groundnut,sandy clay Loamy soil 
18829,0.8110716651870262,0.17449124089587287,-0.6043429600973992,1.114202454544477,-0.036457799358352465,0.6056586216389862,2.2934820738853623,-0.8905877658605387,-0.2679013176322924,-0.6948048541000789,0.3159287137424706,-0.14264781629491272,25,groundnut,sandy Loamy soil
18832,0.8110716651870262,0.17449124089587287,-0.09597647149880119,-0.8975029591088394,0.4251700192479687,0.6434510385701244,0.33150300269504634,-0.9399821331309286,-0.2679013176322924,-0.41979169155784374,-0.14484284307124975,-0.35036675475560597,25,groundnut,sandy Loamy soil
18845,0.9066284412098462,0.17449124089587287,-0.6043429600973992,1.114202454544477,-0.19033373889379193,0.6850226971943761,-0.7945023772924388,-0.9026557078640997,-0.2679013176322924,-0.3990917760976754,0.4209146380797738,-0.47062508754863874,25,groundnut,sandy clay Loamy soil 
18846,1.3844123213239463,0.17449124089587287,-0.09597647149880119,-0.8975029591088394,0.5790459587834081,0.7228151141255142,1.406326319955828,-0.8122864677444094,-0.2679013176322924,-0.7273332926803431,0.3800867786152672,-0.594527612244491,25,groundnut,well-drained soil
18849,1.3844123213239463,0.17449124089587287,-0.6043429600973992,1.114202454544477,0.4251700192479687,0.6377821760304534,-1.681658131221973,-0.7022717406421773,-0.2679013176322924,-0.14773565979563247,-0.4714657187873048,-0.13171524058645528,25,groundnut,well-drained soil
18875,0.9066284412098462,0.17449124089587287,-0.6043429600973992,1.114202454544477,0.27129407971252784,0.652899142802909,-2.022871882733332,-0.8397901495199672,-0.2679013176322924,-0.6179194538194539,-0.37231234580207406,-0.02238948350187992,25,groundnut,sandy clay Loamy soil 
18890,0.9066284412098462,0.17449124089587287,-0.09597647149880119,-0.8975029591088394,0.5790459587834081,0.6151067258717707,0.655656066630838,-1.054206607443705,-0.2679013176322924,-0.7362046850204153,-0.44230296202694275,-0.430538976617628,25,groundnut,sandy clay Loamy soil 
18901,0.8110716651870262,0.17449124089587287,-0.6043429600973992,1.114202454544477,0.4251700192479687,0.7417113225910834,1.935207634798435,-0.7174268306001378,-0.2679013176322924,-0.1654784444757765,0.35675657320697723,-0.08434074584980605,25,groundnut,sandy Loamy soil
18930,1.3844123213239463,0.17449124089587287,-0.09597647149880119,-0.8975029591088394,-0.19033373889379193,0.6453406594166812,0.46798850329959013,-0.637722283413827,-0.2679013176322924,-0.8249186084211363,0.2984310596862531,0.11973400070806799,25,groundnut,well-drained soil
18974,0.9066284412098462,0.17449124089587287,-0.09597647149880119,-0.8975029591088394,0.5790459587834081,0.6113274841786566,1.832843509345027,-0.7101299354351941,-0.2679013176322924,-0.2334924524163292,-0.34314958904171206,-0.3722319061725211,25,groundnut,sandy clay Loamy soil 
19010,-0.4311664231096339,0.17449124089587287,-0.09597647149880119,-0.8975029591088394,1.963929414602369,-0.458197914972553,-0.7262596269901671,-1.1021977256439133,0.4662687204326414,-0.47006291481825196,-0.844749005319939,-0.6491904907867787,47,sunflower,clay Loamy soil
19019,0.7155148891642061,0.17449124089587287,-0.6043429600973992,1.114202454544477,1.5023015959960477,-0.3996196687292887,-0.6068348139611915,-1.2329805389848318,0.4446754840189669,-1.0733175939431552,-1.4804971026958318,-1.1593773571814636,47,sunflower,salty clay Loamy soil
19036,-1.100063855269374,0.17449124089587287,-0.09597647149880119,-0.8975029591088394,-0.19033373889379193,-0.3712753560309351,-0.5044706885077835,-1.4594649389121306,1.0838352818637327,-1.138374471103684,-1.323018216189877,-0.6163927636614059,47,sunflower,Loamy soil
19077,1.1932987692783061,0.17449124089587287,-0.6043429600973992,1.114202454544477,2.1178053541378086,-0.458197914972553,-0.6921382518390313,-1.3949154816837803,1.0579233981673235,-0.9698180166423139,-0.5764516431246085,-0.9735235701376855,47,sunflower,silty Loamy soil
19079,0.7155148891642061,0.17449124089587287,-0.6043429600973992,1.114202454544477,0.27129407971252784,-0.42040549804141486,-0.4362279382055119,-1.1238077613247088,0.721068910114001,-0.5232912688586847,-1.043055751290401,-1.0792051353194416,47,sunflower,salty clay Loamy soil
19112,-1.100063855269374,0.17449124089587287,-0.09597647149880119,-0.8975029591088394,-0.036457799358352465,-0.42229511888797167,-0.4703493133566477,-1.4625520868665303,0.479224662280846,-0.36952046829743507,-0.9730651350655322,-1.1520889733758253,47,sunflower,Loamy soil
19128,-1.100063855269374,0.17449124089587287,-0.09597647149880119,-0.8975029591088394,0.7329218983188477,-0.3769442185706058,-0.29974243760096814,-1.1485049449599036,0.5612789606528095,-0.6208765845994779,-0.6056143998849705,-0.7366510964544389,47,sunflower,Loamy soil
19174,-0.4311664231096339,0.17449124089587287,-0.09597647149880119,-0.8975029591088394,0.4251700192479687,-0.4487498107397685,-0.5044706885077835,-1.4274708601119919,0.48354330956358127,-0.44936299935808405,-1.153874226979777,-0.6929207936206087,47,sunflower,clay Loamy soil
19185,1.1932987692783061,0.17449124089587287,-0.6043429600973992,1.114202454544477,1.3484256564606083,-0.36182725179815056,-0.6921382518390313,-1.2773232096025682,0.38421442206067796,-0.5173770072986368,-1.59714812973728,-0.8860629644700253,47,sunflower,silty Loamy soil
19215,0.7155148891642061,0.17449124089587287,-0.6043429600973992,1.114202454544477,1.1945497169251689,-0.3145867306342279,-0.8115630648680069,-1.5001591619473948,0.427400894888027,-0.9165896626018815,-1.6088132324414248,-0.6236811474670444,47,sunflower,salty clay Loamy soil
19283,0.7155148891642061,0.17449124089587287,-0.6043429600973992,1.114202454544477,1.3484256564606083,-0.271125451163419,-0.18031762457199252,-1.1344724542580884,0.6994756737003265,-0.12407861355544027,-1.4921622053999766,-1.330654376613965,47,sunflower,salty clay Loamy soil
19357,1.1932987692783061,0.17449124089587287,-0.6043429600973992,1.114202454544477,0.7329218983188477,-0.3693857351843783,-0.2656210624498323,-1.188918518181132,0.8765402122924574,-0.47302004559827626,-1.1480416756277045,-1.1010702867363569,47,sunflower,silty Loamy soil
19426,-0.4311664231096339,0.17449124089587287,-0.09597647149880119,-0.8975029591088394,1.0406737773897279,-0.28624241793587424,-0.5385920636589193,-1.151592092914303,1.0492861036018535,-0.4523201301381079,-1.5738179243289905,-1.2249728114322087,47,sunflower,clay Loamy soil
19441,1.1932987692783061,0.17449124089587287,-0.6043429600973992,1.114202454544477,0.8867978378542885,-0.4374120856604269,-0.7774416897168711,-1.2458904304305018,1.114065812842877,-0.05310747483486328,-0.8855768647844461,-0.8678420049559294,47,sunflower,silty Loamy soil
19456,-1.100063855269374,0.17449124089587287,-0.09597647149880119,-0.8975029591088394,0.8867978378542885,-0.4430809482000975,0.041471313910391105,-1.2228771456795247,0.5051365459772558,-1.1295030787636118,-0.6756050161098391,-1.3015008413914115,47,sunflower,Loamy soil
19496,-1.100063855269374,0.17449124089587287,-0.09597647149880119,-0.8975029591088394,0.11741814017708838,-0.3712753560309351,-0.009710748816312897,-1.3626407530696052,0.7383434992449402,-0.8337900007612083,-1.2763578053732976,-1.046407408194069,47,sunflower,Loamy soil
19523,0.7155148891642061,0.17449124089587287,-0.6043429600973992,1.114202454544477,1.8100534750669282,-0.42229511888797167,0.0073499387592553065,-1.288268552349984,0.9585945106644208,-1.1235888172035637,-0.5764516431246085,-1.2905682656829538,47,sunflower,salty clay Loamy soil
19525,1.1932987692783061,0.17449124089587287,-0.6043429600973992,1.114202454544477,1.0406737773897279,-0.40906777296207325,-0.23149968729869652,-1.2809716571850402,1.1529336383874915,-0.7923901698408718,-0.868079210728229,-0.8897071563728443,47,sunflower,silty Loamy soil
19582,-0.4311664231096339,0.17449124089587287,-0.09597647149880119,-0.8975029591088394,0.27129407971252784,-0.40906777296207325,-0.23149968729869652,-1.3118431367290337,1.0147369253399745,-1.0053035860026025,-0.6989352215181287,-0.6892766017177895,47,sunflower,clay Loamy soil
19593,1.1932987692783061,0.17449124089587287,-0.6043429600973992,1.114202454544477,0.7329218983188477,-0.3429310433325815,-0.7262596269901671,-1.4106318712698134,0.8679029177269875,-0.6031337999193337,-1.1072138161631977,-1.1010702867363569,47,sunflower,silty Loamy soil
19595,0.7155148891642061,0.17449124089587287,-0.6043429600973992,1.114202454544477,1.1945497169251689,-0.4393017065069839,-0.7262596269901671,-1.270868263879733,1.079516634580998,-0.40204890687769923,-1.626310886497642,-1.210396043820932,47,sunflower,salty clay Loamy soil
19598,-0.4311664231096339,0.17449124089587287,-0.09597647149880119,-0.8975029591088394,0.11741814017708838,-0.4449705690466546,-0.7774416897168711,-1.4473969969085694,0.5353670769563996,-1.0112178475626503,-0.6172795025891151,-0.6163927636614059,47,sunflower,clay Loamy soil
19603,0.7155148891642061,0.17449124089587287,-0.6043429600973992,1.114202454544477,1.6561775355314885,-0.41473663550174394,0.024410626334822903,-1.2784458088587134,0.617421375328363,-1.061489070823059,-1.124711470219415,-0.7913139749967266,47,sunflower,salty clay Loamy soil
19621,1.1932987692783061,0.17449124089587287,-0.6043429600973992,1.114202454544477,1.1945497169251689,-0.31647635148078496,-0.7774416897168711,-1.1355950535142336,0.5008178986945205,-0.7066333772201749,-0.9147396215448081,-1.0500516000968882,47,sunflower,silty Loamy soil
19634,-0.4311664231096339,0.17449124089587287,-0.09597647149880119,-0.8975029591088394,1.1945497169251689,-0.4279639814276423,-0.40210656305437614,-1.2978106460272185,0.7772113247895547,-1.0082607167826263,-1.4455017945833974,-1.2504821547519431,47,sunflower,clay Loamy soil
19718,-0.4311664231096339,0.17449124089587287,-0.09597647149880119,-0.8975029591088394,0.27129407971252784,-0.41662625634830097,-0.45328862578107953,-1.454413242259477,1.0233742199054443,-0.6238337153795018,-0.5239586809559564,-0.7949581668995458,47,sunflower,clay Loamy soil
19746,-0.4311664231096339,0.17449124089587287,-0.09597647149880119,-0.8975029591088394,0.27129407971252784,-0.4260743605810855,-0.5385920636589193,-1.3275595263150668,0.49649925141178586,-0.3872632529775791,-0.6172795025891151,-1.0755609434166225,47,sunflower,clay Loamy soil
19749,1.1932987692783061,0.17449124089587287,-0.6043429600973992,1.114202454544477,2.1178053541378086,-0.4317432231207562,-0.2144389997231283,-1.19284761557764,0.6692451427211821,-1.0141749783426746,-1.5796504756810628,-1.330654376613965,47,sunflower,silty Loamy soil
19755,0.7155148891642061,0.17449124089587287,-0.6043429600973992,1.114202454544477,0.8867978378542885,-0.4015092895758458,-0.1461962494208567,-1.2655359174130434,0.39717036390888316,-0.6741049386399105,-0.7514281836867808,-1.0573399839025266,47,sunflower,salty clay Loamy soil
19781,1.1932987692783061,0.17449124089587287,-0.6043429600973992,1.114202454544477,1.5023015959960477,-0.3372621807929108,-0.6068348139611915,-1.412035120339995,0.7815299720722894,-1.1679457789039243,-1.28219035672537,-0.7439394802600772,47,sunflower,silty Loamy soil
19794,-0.4311664231096339,0.17449124089587287,-0.09597647149880119,-0.8975029591088394,1.1945497169251689,-0.3882819436499474,-0.3168031251765363,-1.3152109344974694,0.5094551932599904,-0.7036762464401508,-0.9672325837134597,-1.2869240737801348,47,sunflower,clay Loamy soil
19803,0.7155148891642061,0.17449124089587287,-0.6043429600973992,1.114202454544477,0.8867978378542885,-0.45441867327943913,-0.7603810021413029,-1.485565371617507,0.721068910114001,-0.5913052767992376,-0.6522748107015496,-0.8897071563728443,47,sunflower,salty clay Loamy soil
19812,-1.100063855269374,0.17449124089587287,-0.09597647149880119,-0.8975029591088394,0.5790459587834081,-0.45630829412599594,0.041471313910391105,-1.0884458847561342,0.5526416660873394,-0.7657759928206557,-1.2121997405005012,-0.6200369555642251,47,sunflower,Loamy soil
19846,-0.4311664231096339,0.17449124089587287,-0.09597647149880119,-0.8975029591088394,1.963929414602369,-0.3580480101050367,-0.4703493133566477,-1.1574857390090656,0.5137738405427251,-0.6356622384995981,-0.5122935782518119,-0.7767372073854499,47,sunflower,clay Loamy soil
19883,0.7155148891642061,0.17449124089587287,-0.6043429600973992,1.114202454544477,1.5023015959960477,-0.45441867327943913,-0.7945023772924388,-1.3991252288943248,0.9456385688162156,-0.9077182702618092,-1.3171856648378044,-0.7548720559685348,47,sunflower,salty clay Loamy soil
19911,0.7155148891642061,0.17449124089587287,-0.6043429600973992,1.114202454544477,1.0406737773897279,-0.42418473973452847,-0.6750775642634631,-1.2315772899146502,0.3928517166261479,-0.13590713667553617,-0.9905627891217494,-0.6819882179121513,47,sunflower,salty clay Loamy soil
19925,1.1932987692783061,0.17449124089587287,-0.6043429600973992,1.114202454544477,1.1945497169251689,-0.40339891042240256,-0.11207487426972029,-1.4103512214557772,0.5871908443492186,-0.9727751474223381,-0.5297912323080289,-1.1010702867363569,47,sunflower,silty Loamy soil
19929,1.1932987692783061,0.17449124089587287,-0.6043429600973992,1.114202454544477,0.4251700192479687,-0.3977300478827319,-0.09501418669415271,-1.0920943323386063,1.1399776965392863,-0.5558197074389492,-0.5881167458287531,-1.0937819029307183,47,sunflower,silty Loamy soil
19940,-1.100063855269374,0.17449124089587287,-0.09597647149880119,-0.8975029591088394,2.1178053541378086,-0.3882819436499474,-0.09501418669415271,-1.4030543262908333,0.932682626968011,-0.4671057840382281,-1.3871762810626733,-1.330654376613965,47,sunflower,Loamy soil
19972,-1.100063855269374,0.17449124089587287,-0.09597647149880119,-0.8975029591088394,1.0406737773897279,-0.35426876841192306,-0.1973783121475601,-1.2529066757814096,0.38421442206067796,-0.4966770918384684,-1.2180322918525734,-0.9917445296517814,47,sunflower,Loamy soil
20032,-1.100063855269374,0.17449124089587287,-0.09597647149880119,-0.8975029591088394,0.11741814017708838,-0.4355224648138701,0.5703526287529982,-1.4159642177365033,0.8938148014233972,-1.4370446798861114,-0.6114469512370426,-1.1156470543476333,23,gingely,Loamy soil
20035,0.7155148891642061,0.17449124089587287,-0.6043429600973992,1.114202454544477,-1.5752171947127527,-0.4487498107397685,1.6451759460137791,-1.3820055902381103,0.8722215650097227,-1.8066860273891157,-1.2005346377963562,-1.0136096810686963,23,gingely,salty clay Loamy soil
20059,0.7155148891642061,0.17449124089587287,-0.6043429600973992,1.114202454544477,-0.036457799358352465,-0.3693857351843783,0.2973816275439105,-1.451606744119114,0.3928517166261479,-1.6026440035674572,-1.083883610754908,-0.6491904907867787,23,gingely,salty clay Loamy soil
20125,1.1932987692783061,0.17449124089587287,-0.6043429600973992,1.114202454544477,-0.6519615575001118,-0.40906777296207325,0.979809130566629,-1.414841618480358,0.8031232084859639,-1.312845187125102,-0.6756050161098391,-1.305145033294231,23,gingely,silty Loamy soil
20132,-1.100063855269374,0.17449124089587287,-0.09597647149880119,-0.8975029591088394,-0.9597134365709921,-0.45063943158632525,0.6727167542064055,-1.4622714370524936,1.1745268748011661,-1.324673710245198,-1.4513343459354697,-1.2176844276265704,23,gingely,Loamy soil
20139,0.7155148891642061,0.17449124089587287,-0.6043429600973992,1.114202454544477,1.963929414602369,-0.4449705690466546,1.1504160063223086,-1.4291547589962095,0.5353670769563996,-1.3365022333652943,-0.6406097079974047,-1.2905682656829538,23,gingely,salty clay Loamy soil
20172,-1.100063855269374,0.17449124089587287,-0.09597647149880119,-0.8975029591088394,-0.036457799358352465,-0.3769442185706058,0.05853200148595931,-1.4246643619716288,0.5483230188046049,-1.4252161567660153,-1.468831999991687,-1.2577705385575813,23,gingely,Loamy soil
20185,1.1932987692783061,0.17449124089587287,-0.6043429600973992,1.114202454544477,-1.1135893761064315,-0.41662625634830097,0.8603843175376533,-1.4190513656909027,1.0233742199054443,-1.2625739638646933,-0.5239586809559564,-0.802246550705184,23,gingely,silty Loamy soil
20200,-1.100063855269374,0.17449124089587287,-0.09597647149880119,-0.8975029591088394,-0.9597134365709921,-0.3845027019568335,1.1845373814734443,-1.485565371617507,1.1054285182774073,-1.753457673348683,-1.439669243231325,-1.2832798818773157,23,gingely,Loamy soil
20262,-0.4311664231096339,0.17449124089587287,-0.09597647149880119,-0.8975029591088394,0.5790459587834081,-0.3712753560309351,0.928627067839925,-1.4179287664347573,1.209076053063045,-1.3424164949253423,-1.0372231999383288,-1.210396043820932,23,gingely,clay Loamy soil
20267,0.7155148891642061,0.17449124089587287,-0.6043429600973992,1.114202454544477,-1.1135893761064315,-0.3882819436499474,1.5769331957115076,-1.4196126653189753,1.1702082275184307,-1.2891881408849095,-0.5881167458287531,-0.7767372073854499,23,gingely,salty clay Loamy soil
20301,1.1932987692783061,0.17449124089587287,-0.6043429600973992,1.114202454544477,-0.19033373889379193,-0.39395080618961803,1.0651125684444687,-1.3758312943293114,0.6951570264175913,-1.7800718503688993,-1.323018216189877,-1.210396043820932,23,gingely,silty Loamy soil
20306,-0.4311664231096339,0.17449124089587287,-0.09597647149880119,-0.8975029591088394,-0.19033373889379193,-0.4317432231207562,1.4745690702580996,-1.3791990920977473,1.1270217546910817,-1.5346299956269045,-1.3930088324147458,-0.8678420049559294,23,gingely,clay Loamy soil
20316,-1.100063855269374,0.17449124089587287,-0.09597647149880119,-0.8975029591088394,-1.1135893761064315,-0.3863923228033903,0.9968698181421971,-1.36909569879244,0.7081129682657958,-1.3838163258456788,-1.5621528216248457,-0.7548720559685348,23,gingely,Loamy soil
20360,-1.100063855269374,0.17449124089587287,-0.09597647149880119,-0.8975029591088394,0.7329218983188477,-0.4015092895758458,0.2973816275439105,-1.4187707158768663,0.96723180522989,-1.5405442571869525,-1.013892994530039,-0.8241117021220992,23,gingely,Loamy soil
20384,-1.100063855269374,0.17449124089587287,-0.09597647149880119,-0.8975029591088394,1.963929414602369,-0.3901715644965042,1.6622366335893475,-1.412035120339995,0.932682626968011,-1.7623290656887551,-1.1013812648111252,-0.7257185207459812,23,gingely,Loamy soil
20389,1.1932987692783061,0.17449124089587287,-0.6043429600973992,1.114202454544477,-0.036457799358352465,-0.4317432231207562,1.2869015069268517,-1.3893024854030542,1.1702082275184307,-1.2477883099645732,-1.5096598594561939,-1.2577705385575813,23,gingely,silty Loamy soil
20396,-1.100063855269374,0.17449124089587287,-0.09597647149880119,-0.8975029591088394,1.6561775355314885,-0.3788338394171628,0.48504919087515835,-1.4681650831472564,0.9801877470780953,-1.6203867882476015,-0.9905627891217494,-0.6091043798557677,23,gingely,Loamy soil
20405,1.1932987692783061,0.17449124089587287,-0.6043429600973992,1.114202454544477,0.8867978378542885,-0.41473663550174394,1.6792973211649156,-1.463674686122675,0.9801877470780953,-1.2773596177648134,-1.6088132324414248,-0.6236811474670444,23,gingely,silty Loamy soil
20421,1.1932987692783061,0.17449124089587287,-0.6043429600973992,1.114202454544477,-0.036457799358352465,-0.37316497687749217,0.3485636902706145,-1.4754619783122,1.1874828166493707,-1.7830289811489235,-1.5096598594561939,-1.0208980648743347,23,gingely,silty Loamy soil
20436,-1.100063855269374,0.17449124089587287,-0.09597647149880119,-0.8975029591088394,0.4251700192479687,-0.45630829412599594,0.8262629423865175,-1.3915476839153447,0.889496154140662,-1.4695731184663758,-0.9380698269530977,-0.802246550705184,23,gingely,Loamy soil
20483,0.7155148891642061,0.17449124089587287,-0.6043429600973992,1.114202454544477,-0.9597134365709921,-0.4355224648138701,1.3380835696535565,-1.3940735322416713,1.019055572622709,-1.6322153113676976,-0.7339305296305633,-0.6674114503008746,23,gingely,salty clay Loamy soil
20501,1.1932987692783061,0.17449124089587287,-0.6043429600973992,1.114202454544477,0.27129407971252784,-0.4374120856604269,1.7475400714671872,-1.4019317270346878,0.880858859575192,-1.4518303337862315,-1.124711470219415,-1.0828493272222608,23,gingely,silty Loamy soil
20544,-1.100063855269374,0.17449124089587287,-0.09597647149880119,-0.8975029591088394,-0.9597134365709921,-0.41095739380863033,0.5874133163285657,-1.4614294876103848,0.7124316155485311,-1.5109729493867121,-1.3346833188940217,-0.8459768535390143,23,gingely,Loamy soil
20558,-0.4311664231096339,0.17449124089587287,-0.09597647149880119,-0.8975029591088394,0.8867978378542885,-0.4374120856604269,0.5703526287529982,-1.4656392348209293,0.6346959644593029,-1.5346299956269045,-0.7397630809826358,-0.7402952883572582,23,gingely,clay Loamy soil
20613,1.1932987692783061,0.17449124089587287,-0.6043429600973992,1.114202454544477,-0.3442096784292314,-0.45630829412599594,1.3380835696535565,-1.4625520868665303,1.2393065840421895,-1.2507454407445973,-1.2063671891484287,-0.9188606915953978,23,gingely,silty Loamy soil
20649,1.1932987692783061,0.17449124089587287,-0.6043429600973992,1.114202454544477,1.0406737773897279,-0.4317432231207562,1.6622366335893475,-1.505491508414085,0.7253875573967357,-1.3749449335056068,-0.5822841944766806,-1.1994634681124745,23,gingely,silty Loamy soil
20669,1.1932987692783061,0.17449124089587287,-0.6043429600973992,1.114202454544477,-0.6519615575001118,-0.3996196687292887,0.38268506542175035,-1.4586229894700218,0.677882437286652,-1.7209292347684186,-1.3871762810626733,-0.9881003377489622,23,gingely,silty Loamy soil
20670,-0.4311664231096339,0.17449124089587287,-0.09597647149880119,-0.8975029591088394,-0.49808561796467227,-0.42229511888797167,0.1950175020905025,-1.398283279452216,0.7815299720722894,-1.576029826547241,-0.5122935782518119,-0.8241117021220992,23,gingely,clay Loamy soil
20692,-1.100063855269374,0.17449124089587287,-0.09597647149880119,-0.8975029591088394,0.7329218983188477,-0.375054597724049,0.28032093996834234,-1.4732167797999096,1.027692867188179,-1.321716579465174,-1.28219035672537,-1.1958192762096556,23,gingely,Loamy soil
20762,-0.4311664231096339,0.17449124089587287,-0.09597647149880119,-0.8975029591088394,-0.8058374970355525,-0.41473663550174394,0.8262629423865175,-1.4967913641789594,0.7685740302240848,-1.6233439190276255,-0.7106003242222737,-1.272347306168858,23,gingely,clay Loamy soil
20824,-1.100063855269374,0.17449124089587287,-0.09597647149880119,-0.8975029591088394,-1.421341255177312,-0.45441867327943913,0.041471313910391105,-1.4471163470945334,0.8333537394651083,-1.7741575888088514,-1.0488883026424736,-0.9188606915953978,23,gingely,Loamy soil
20825,1.1932987692783061,0.17449124089587287,-0.6043429600973992,1.114202454544477,0.5790459587834081,-0.4430809482000975,0.2973816275439105,-1.460587538168276,1.0536047508845883,-1.4193018952059673,-1.6204783351455698,-0.6163927636614059,23,gingely,silty Loamy soil
20871,0.7155148891642061,0.17449124089587287,-0.6043429600973992,1.114202454544477,-0.19033373889379193,-0.42229511888797167,0.8262629423865175,-1.5060528080421576,0.8938148014233972,-1.4695731184663758,-1.1072138161631977,-0.7439394802600772,23,gingely,salty clay Loamy soil
20894,-0.4311664231096339,0.17449124089587287,-0.09597647149880119,-0.8975029591088394,-0.036457799358352465,-0.3693857351843783,0.928627067839925,-1.367973099536295,1.0492861036018535,-1.2891881408849095,-0.9205721728968805,-0.962590994429228,23,gingely,clay Loamy soil
20904,-1.100063855269374,0.17449124089587287,-0.09597647149880119,-0.8975029591088394,0.4251700192479687,-0.39584042703617484,0.2461995648172065,-1.414841618480358,1.1529336383874915,-1.422259025985991,-1.5446551675686284,-1.2249728114322087,23,gingely,Loamy soil
20936,-1.100063855269374,0.17449124089587287,-0.09597647149880119,-0.8975029591088394,1.1945497169251689,-0.3788338394171628,0.43386712814845435,-1.4117544705259586,0.6822010845693867,-1.561244172647121,-0.6931026701660566,-1.0792051353194416,23,gingely,Loamy soil
20946,-0.4311664231096339,0.17449124089587287,-0.09597647149880119,-0.8975029591088394,-0.3442096784292314,-0.4015092895758458,1.611054570862644,-1.4269095604839193,0.9801877470780953,-1.3601592796054867,-0.7572607350388528,-0.8277558940249184,23,gingely,clay Loamy soil
20947,0.7155148891642061,0.17449124089587287,-0.6043429600973992,1.114202454544477,0.27129407971252784,-0.41662625634830097,1.5598725081359395,-1.4530099931892955,0.7901672666377593,-1.3394593641453183,-1.6029806810893525,-1.0719167515138033,23,gingely,salty clay Loamy soil
20955,0.7155148891642061,0.17449124089587287,-0.6043429600973992,1.114202454544477,1.0406737773897279,-0.4260743605810855,1.2527801317757166,-1.4499228452348965,0.9542758633816855,-1.413387633645919,-1.381343729710601,-1.3160776090026882,23,gingely,salty clay Loamy soil
21006,-0.4311664231096339,0.17449124089587287,-0.09597647149880119,-0.8975029591088394,-2.3445968923899527,0.5338530294698235,-0.4191672506299437,-1.0870426356859528,1.0665606927327933,-0.5853910152391895,-1.2646927026691528,-1.0281864486799732,13,castor,clay Loamy soil
21054,-0.4311664231096339,0.17449124089587287,-0.09597647149880119,-0.8975029591088394,1.0406737773897279,0.613217105025214,-0.35092450032767214,-1.0870426356859528,0.721068910114001,-0.2867208064567622,-0.926404724248953,-0.7111417531347046,13,castor,clay Loamy soil
21055,0.7155148891642061,0.17449124089587287,-0.6043429600973992,1.114202454544477,-2.0368450133190725,0.770055635289437,0.12677475178823092,-1.0870426356859528,0.6390146117420376,-0.4345773454579639,-0.5297912323080289,-1.2067518519181129,13,castor,salty clay Loamy soil
21070,-0.4311664231096339,0.17449124089587287,-0.09597647149880119,-0.8975029591088394,1.5023015959960477,0.613217105025214,-0.45328862578107953,-1.0870426356859528,0.5051365459772558,-0.6208765845994779,-0.6522748107015496,-1.0281864486799732,13,castor,clay Loamy soil
21151,0.7155148891642061,0.17449124089587287,-0.6043429600973992,1.114202454544477,-1.729093134248192,0.3959107076711696,-0.3168031251765363,-1.0870426356859528,0.7599367356586147,-0.5439911843188531,-1.1772044323880666,-0.9225048834982169,13,castor,salty clay Loamy soil
21175,0.7155148891642061,0.17449124089587287,-0.6043429600973992,1.114202454544477,-1.5752171947127527,0.23151369402071828,0.16089612693936672,-1.0870426356859528,0.9974623362090346,-0.1092929596553201,-0.5822841944766806,-0.9334374592066745,13,castor,salty clay Loamy soil
21178,-0.4311664231096339,0.17449124089587287,-0.09597647149880119,-0.8975029591088394,2.271681293673248,0.2447410399466167,-0.2826817500253999,-1.0870426356859528,0.5612789606528095,-0.884061224021617,-1.6379759892017869,-1.2213286195293895,13,castor,clay Loamy soil
21192,-1.100063855269374,0.17449124089587287,-0.09597647149880119,-0.8975029591088394,2.271681293673248,0.35433904904691726,0.12677475178823092,-1.0870426356859528,0.6865197318521213,-0.5794767536791413,-0.5239586809559564,-0.6892766017177895,13,castor,Loamy soil
21215,0.7155148891642061,0.17449124089587287,-0.6043429600973992,1.114202454544477,1.0406737773897279,0.7624971519032092,0.1438354393637991,-1.0870426356859528,1.0536047508845883,-0.8367471315412324,-1.142209124275632,-1.1047144786391758,13,castor,salty clay Loamy soil
21217,1.1932987692783061,0.17449124089587287,-0.6043429600973992,1.114202454544477,-0.6519615575001118,0.8191857772999165,-0.2826817500253999,-1.0870426356859528,0.38421442206067796,-1.1265459479835878,-0.62894460529326,-0.6637672583980554,13,castor,silty Loamy soil
21280,-1.100063855269374,0.17449124089587287,-0.09597647149880119,-0.8975029591088394,1.963929414602369,0.671795351268478,-0.1291355618452885,-1.0870426356859528,0.9413199215334809,-0.04719321327481513,-1.142209124275632,-0.6564788745924169,13,castor,Loamy soil
21293,1.1932987692783061,0.17449124089587287,-0.6043429600973992,1.114202454544477,0.27129407971252784,0.21072786470859242,0.07559268906152691,-1.0870426356859528,0.9456385688162156,-0.5617339689989973,-0.5414563350121739,-0.882418772567206,13,castor,silty Loamy soil
21309,1.1932987692783061,0.17449124089587287,-0.6043429600973992,1.114202454544477,1.8100534750669282,0.22206558978793375,-0.29974243760096814,-1.0870426356859528,0.98450639436083,-0.47302004559827626,-1.095548713459053,-1.246837962849124,13,castor,silty Loamy soil
21345,1.1932987692783061,0.17449124089587287,-0.6043429600973992,1.114202454544477,-1.421341255177312,0.23340331486727536,-0.2656210624498323,-1.0870426356859528,1.00178098349177,-0.360649075957363,-1.1655393296839218,-1.1775983166955595,13,castor,silty Loamy soil
21353,1.1932987692783061,0.17449124089587287,-0.6043429600973992,1.114202454544477,0.4251700192479687,0.524404925237039,0.12677475178823092,-1.0870426356859528,0.8938148014233972,-0.889975485581665,-1.5854830270331353,-1.068272559610984,13,castor,silty Loamy soil
21373,1.1932987692783061,0.17449124089587287,-0.6043429600973992,1.114202454544477,0.5790459587834081,0.9098875779346483,-0.3850458754788079,-1.0870426356859528,1.079516634580998,-0.34290629127721856,-1.567985372976918,-0.8933513482756635,13,castor,silty Loamy soil
21377,1.1932987692783061,0.17449124089587287,-0.6043429600973992,1.114202454544477,-1.421341255177312,0.3978003285177264,-0.1291355618452885,-1.0870426356859528,1.079516634580998,-0.07085025951500731,-0.7280979782784908,-1.3270101847111457,13,castor,silty Loamy soil
21382,-0.4311664231096339,0.17449124089587287,-0.09597647149880119,-0.8975029591088394,-1.5752171947127527,0.5943208965596449,-0.09501418669415271,-1.0870426356859528,0.7426621465276756,-0.2660208909965938,-0.5939492971808256,-0.8314000859277376,13,castor,clay Loamy soil
21407,0.7155148891642061,0.17449124089587287,-0.6043429600973992,1.114202454544477,-2.0368450133190725,0.911777198781205,-0.1632569369964243,-1.0870426356859528,1.2220319949112497,-0.3902203837576034,-1.2880229080774424,-1.1047144786391758,13,castor,salty clay Loamy soil
21496,-1.100063855269374,0.17449124089587287,-0.09597647149880119,-0.8975029591088394,0.7329218983188477,0.6736849721150348,-0.3168031251765363,-1.0870426356859528,0.6476519063075076,-0.5439911843188531,-0.7397630809826358,-0.900639732081302,13,castor,Loamy soil
21536,-1.100063855269374,0.17449124089587287,-0.09597647149880119,-0.8975029591088394,2.1178053541378086,0.5810935506337462,0.16089612693936672,-1.0870426356859528,0.7599367356586147,-1.0526176784829868,-1.1655393296839218,-0.8131791264136418,13,castor,Loamy soil
21547,0.7155148891642061,0.17449124089587287,-0.6043429600973992,1.114202454544477,1.1945497169251689,0.6037690007924295,-0.009710748816312897,-1.0870426356859528,0.8981334487061319,-0.9165896626018815,-0.856414108024084,-0.6892766017177895,13,castor,salty clay Loamy soil
21559,0.7155148891642061,0.17449124089587287,-0.6043429600973992,1.114202454544477,-0.6519615575001118,0.22206558978793375,-0.11207487426972029,-1.0870426356859528,0.522411135108195,-0.7894330390608478,-0.9905627891217494,-1.2869240737801348,13,castor,salty clay Loamy soil
21615,0.7155148891642061,0.17449124089587287,-0.6043429600973992,1.114202454544477,-1.421341255177312,0.8002895688343474,-0.4362279382055119,-1.0870426356859528,0.6562892008729775,-0.7362046850204153,-1.5446551675686284,-1.0792051353194416,13,castor,salty clay Loamy soil
21628,-1.100063855269374,0.17449124089587287,-0.09597647149880119,-0.8975029591088394,-1.421341255177312,0.7795037395222215,-0.4191672506299437,-1.0870426356859528,0.889496154140662,-0.62974797693955,-1.2063671891484287,-1.08649351912508,13,castor,Loamy soil
21638,-0.4311664231096339,0.17449124089587287,-0.09597647149880119,-0.8975029591088394,1.3484256564606083,0.44882009137476264,-0.11207487426972029,-1.0870426356859528,1.2436252313249243,-1.0792318555032032,-0.9788976864176047,-0.9079281158869403,13,castor,clay Loamy soil
21668,-1.100063855269374,0.17449124089587287,-0.09597647149880119,-0.8975029591088394,1.6561775355314885,0.23151369402071828,0.09265337663709511,-1.0870426356859528,0.7556180883758802,-0.15364992135568062,-1.5563202702727732,-1.0099654891658774,13,castor,Loamy soil
21670,-0.4311664231096339,0.17449124089587287,-0.09597647149880119,-0.8975029591088394,2.4255572332086874,0.4771644040731163,0.024410626334822903,-1.0870426356859528,0.8592656231615174,-0.9668608858622899,-0.9847302377696769,-0.6674114503008746,13,castor,clay Loamy soil
21675,0.7155148891642061,0.17449124089587287,-0.6043429600973992,1.114202454544477,2.733309112279569,0.7190358724324006,-0.09501418669415271,-1.0870426356859528,0.9456385688162156,-0.1891354907159687,-0.6639399134056946,-0.8751303887615676,13,castor,salty clay Loamy soil
21691,0.7155148891642061,0.17449124089587287,-0.6043429600973992,1.114202454544477,1.6561775355314885,0.7757244978291079,0.09265337663709511,-1.0870426356859528,0.5180924878254604,-0.8190043468610881,-1.5563202702727732,-0.904283923984121,13,castor,salty clay Loamy soil
21700,-1.100063855269374,0.17449124089587287,-0.09597647149880119,-0.8975029591088394,2.4255572332086874,0.7436009434376402,-0.3679851879032397,-1.0870426356859528,0.8635842704442528,-0.43753447623798775,-0.8214187999116495,-0.7439394802600772,13,castor,Loamy soil
21714,-0.4311664231096339,0.17449124089587287,-0.09597647149880119,-0.8975029591088394,1.6561775355314885,0.6415614177235676,-0.2656210624498323,-1.0870426356859528,0.8117605030514338,-0.12703574433546413,-1.1305440215714873,-0.6127485717585869,13,castor,clay Loamy soil
21774,-0.4311664231096339,0.17449124089587287,-0.09597647149880119,-0.8975029591088394,-1.5752171947127527,0.9155564404743192,0.09265337663709511,-1.0870426356859528,0.4187636003225577,-0.43753447623798775,-0.6172795025891151,-1.024542256777154,13,castor,clay Loamy soil
21843,0.7155148891642061,0.17449124089587287,-0.6043429600973992,1.114202454544477,-1.8829690737836315,0.9212253030139896,0.07559268906152691,-1.0870426356859528,0.38421442206067796,-0.9165896626018815,-1.2180322918525734,-0.9771677620405046,13,castor,salty clay Loamy soil
21859,0.7155148891642061,0.17449124089587287,-0.6043429600973992,1.114202454544477,0.11741814017708838,0.7228151141255142,0.21207818966607073,-1.0870426356859528,1.079516634580998,-0.7509903389205355,-1.5738179243289905,-0.9553026106235897,13,castor,salty clay Loamy soil
21871,0.7155148891642061,0.17449124089587287,-0.6043429600973992,1.114202454544477,-0.3442096784292314,0.8796536443897378,-0.0608928115430169,-1.0870426356859528,0.4533127785844368,-0.6977619848801027,-1.1305440215714873,-0.8860629644700253,13,castor,salty clay Loamy soil
21899,0.7155148891642061,0.17449124089587287,-0.6043429600973992,1.114202454544477,0.5790459587834081,0.29576080280365324,-0.2656210624498323,-1.0870426356859528,0.7297062046794703,-1.0260035014627706,-1.0313906485862563,-0.9662351863320471,13,castor,salty clay Loamy soil
21910,-0.4311664231096339,0.17449124089587287,-0.09597647149880119,-0.8975029591088394,-2.0368450133190725,0.6604576261891366,0.1097140642126627,-1.0870426356859528,0.4533127785844368,-0.07972165185507976,-0.6522748107015496,-0.8241117021220992,13,castor,clay Loamy soil
21952,-1.100063855269374,0.17449124089587287,-0.09597647149880119,-0.8975029591088394,-0.036457799358352465,0.6755745929615916,-0.3850458754788079,-1.0870426356859528,1.1356590492565517,-0.5706053613390693,-1.3463484215981665,-0.8459768535390143,13,castor,Loamy soil
21999,0.7155148891642061,0.17449124089587287,-0.6043429600973992,1.114202454544477,-0.3442096784292314,0.2693061109518564,-0.2144389997231283,-1.0870426356859528,1.209076053063045,-0.8958897471417131,-0.8797443134323736,-0.7986023588023649,13,castor,salty clay Loamy soil
22002,-1.482290959360654,0.17449124089587287,-0.09597647149880119,-0.8975029591088394,0.7329218983188477,0.484722887459344,-0.5556527512344875,-0.035728432305950866,0.5267297823909303,0.27809117252782867,0.4209146380797738,-0.594527612244491,18,cotton,Alluvial soil
22028,-1.0045070792465538,0.17449124089587287,-0.09597647149880119,-0.8975029591088394,0.8867978378542885,0.548969996242279,-0.18031762457199252,-0.06772251110608968,0.7081129682657958,0.9079600286729479,0.39175188131941174,0.11608980880524876,18,cotton,Red soil
22032,-1.482290959360654,0.17449124089587287,-0.09597647149880119,-0.8975029591088394,1.8100534750669282,0.5149568210042544,0.12677475178823092,0.49554166566477637,0.3798957747779433,0.19529151068715578,0.2459380975176015,-0.40502963329789365,18,cotton,Alluvial soil
22042,-1.386734183337834,0.17449124089587287,-0.09597647149880119,-0.8975029591088394,1.963929414602369,0.5603077213216203,-0.3850458754788079,-0.016082945323409453,0.172600705206668,0.3017482187680209,-0.2731589728168429,-0.59817180414731,18,cotton,Black Soil
22043,-1.0045070792465538,0.17449124089587287,-0.6043429600973992,1.114202454544477,0.8867978378542885,0.5621973421681772,-0.6238955015367591,1.0719963836953483,0.7988045612032292,0.3668050959285497,-0.1740055998316118,0.010408243623492632,18,cotton,Red soil
22051,-1.386734183337834,0.17449124089587287,-0.6043429600973992,1.114202454544477,1.5023015959960477,0.5092879584645841,0.16089612693936672,0.8008886633362771,0.18123799977213792,0.06813488714612197,0.5433982164732946,-0.41596220900635106,18,cotton,Black Soil
22063,-1.386734183337834,0.17449124089587287,-0.6043429600973992,1.114202454544477,1.8100534750669282,0.5678662047078481,0.22913887724163892,0.28729950364983725,0.20714988346854712,0.5146616349297514,0.4150820867277013,0.07964788977705697,18,cotton,Black Soil
22071,-1.482290959360654,0.17449124089587287,-0.6043429600973992,1.114202454544477,1.5023015959960477,0.4941709916921286,0.0073499387592553065,-0.11627492893437077,0.7988045612032292,0.3431480496883575,-0.10401498360674312,-0.0005243320849648004,18,cotton,Alluvial soil
22120,-1.386734183337834,0.17449124089587287,-0.09597647149880119,-0.8975029591088394,0.8867978378542885,0.5300737877767099,-0.2656210624498323,0.9215680833718886,0.26329229814410077,0.34906231124840525,0.4967378056567154,-0.3321457952415101,18,cotton,Black Soil
22145,-1.0045070792465538,0.17449124089587287,-0.6043429600973992,1.114202454544477,1.6561775355314885,0.5470803753957222,-0.29974243760096814,0.9414942201684661,0.2805668872750406,0.04447784090592977,0.27510085427796355,-0.5289321579937457,18,cotton,Red soil
22184,-1.0045070792465538,0.17449124089587287,-0.09597647149880119,-0.8975029591088394,1.6561775355314885,0.5716454464009617,-0.29974243760096814,0.8196922008767097,0.6908383791348566,0.9671026442734286,0.2459380975176015,-0.051543018724433246,18,cotton,Red soil
22223,-1.0045070792465538,0.17449124089587287,-0.6043429600973992,1.114202454544477,0.8867978378542885,0.5281841669301531,0.7580201920842453,1.0481411495022623,-0.03037571708187265,0.5442329427299918,0.3800867786152672,-0.02238948350187992,18,cotton,Red soil
22232,-1.0045070792465538,0.17449124089587287,-0.09597647149880119,-0.8975029591088394,0.8867978378542885,0.5470803753957222,-0.0608928115430169,0.7282003615008735,0.7772113247895547,0.6477325200308329,0.6250539354023081,-0.18273392722592371,18,cotton,Red soil
22240,-1.386734183337834,0.17449124089587287,-0.09597647149880119,-0.8975029591088394,0.8867978378542885,0.5073983376180267,0.024410626334822903,-0.2582837348367416,0.12509558509658367,0.017863663885713716,0.09429176236371875,-0.029677867307518382,18,cotton,Black Soil
22336,-1.386734183337834,0.17449124089587287,-0.09597647149880119,-0.8975029591088394,1.8100534750669282,0.524404925237039,0.8433236299620851,0.4545667928154753,0.5008178986945205,0.665475304710977,-0.2673264214647704,-0.11713847297517861,18,cotton,Black Soil
22379,-1.0045070792465538,0.17449124089587287,-0.6043429600973992,1.114202454544477,0.8867978378542885,0.5262945460835958,-0.5897741263856233,-0.2697903772122299,0.2201058253167517,0.46439041166934275,-0.4248053079707257,-0.19731069483720037,18,cotton,Red soil
22383,-1.482290959360654,0.17449124089587287,-0.6043429600973992,1.114202454544477,0.5790459587834081,0.49039174999901497,-0.1632569369964243,1.0091308253512161,0.48354330956358127,0.4496047577692226,-0.44813551337901525,-0.3795202899781593,18,cotton,Alluvial soil
22416,-1.482290959360654,0.17449124089587287,-0.09597647149880119,-0.8975029591088394,1.3484256564606083,0.4941709916921286,0.7068381293575413,0.24800852968475445,0.37557712749520866,0.8281174976122989,0.2459380975176015,-0.5617298851191183,18,cotton,Alluvial soil
22433,-1.0045070792465538,0.17449124089587287,-0.6043429600973992,1.114202454544477,2.1178053541378086,0.5716454464009617,-0.5044706885077835,0.6588798574339059,0.36262118564700346,0.4703046732293909,-0.3898099998582912,-0.5216437741881075,18,cotton,Red soil
22478,-1.0045070792465538,0.17449124089587287,-0.09597647149880119,-0.8975029591088394,1.5023015959960477,0.5130672001576977,-0.5385920636589193,0.44334080025402306,0.37557712749520866,0.7601034896717462,0.6017237299940186,-0.47062508754863874,18,cotton,Red soil
22491,-1.482290959360654,0.17449124089587287,-0.6043429600973992,1.114202454544477,1.963929414602369,0.4885021291524576,-0.4703493133566477,0.5345519898158225,0.721068910114001,0.2633055186277085,-0.19733580523990177,0.0832920816798762,18,cotton,Alluvial soil
22545,-1.482290959360654,0.17449124089587287,-0.6043429600973992,1.114202454544477,1.3484256564606083,0.5470803753957222,0.33150300269504634,-0.020292692533954042,0.10782099596564443,0.18642011834708333,-0.37231234580207406,0.04320597074886519,18,cotton,Alluvial soil
22582,-1.386734183337834,0.17449124089587287,-0.09597647149880119,-0.8975029591088394,2.1178053541378086,0.548969996242279,0.655656066630838,0.1601651378913905,0.28488553455777527,0.16572020288691544,-0.02235926467772946,-0.37587609807534034,18,cotton,Black Soil
22634,-1.0045070792465538,0.17449124089587287,-0.09597647149880119,-0.8975029591088394,0.7329218983188477,0.484722887459344,0.21207818966607073,1.0882740729094538,0.2460177090131615,0.2810483033078525,-0.045689470086019014,0.00311985981785443,18,cotton,Red soil
22710,-1.482290959360654,0.17449124089587287,-0.09597647149880119,-0.8975029591088394,1.8100534750669282,0.5508596170888358,-0.23149968729869652,-0.018889443463772512,0.5137738405427251,0.6092898198905206,-0.22066601064819133,-0.5362205417993842,18,cotton,Alluvial soil
22726,-1.386734183337834,0.17449124089587287,-0.09597647149880119,-0.8975029591088394,1.3484256564606083,0.4922813708455718,-0.4191672506299437,-0.31637824634225675,0.5440043715218695,0.9611883827133805,0.39175188131941174,-0.17180135151746628,18,cotton,Black Soil
22733,-1.0045070792465538,0.17449124089587287,-0.6043429600973992,1.114202454544477,1.6561775355314885,0.5735350672475185,-0.5044706885077835,0.5163097519034626,0.38421442206067796,-0.03240755937469495,0.251770648869674,-0.4524041280345429,18,cotton,Red soil
22747,-1.386734183337834,0.17449124089587287,-0.6043429600973992,1.114202454544477,1.5023015959960477,0.5640869630147339,-0.35092450032767214,0.774507580816864,-0.02173842251640272,0.6359039969107366,0.36842167591112224,-0.14993620010055117,18,cotton,Black Soil
22749,-1.482290959360654,0.17449124089587287,-0.6043429600973992,1.114202454544477,1.1945497169251689,0.5262945460835958,0.6727167542064055,0.9765754469230042,0.5612789606528095,1.1297448371747505,0.018468594786777582,-0.4487599361317239,18,cotton,Alluvial soil
22753,-1.386734183337834,0.17449124089587287,-0.6043429600973992,1.114202454544477,1.0406737773897279,0.4941709916921286,-0.1973783121475601,0.5898400031809748,0.47058736771537607,0.7334893126515297,-0.016526713325656965,-0.029677867307518382,18,cotton,Black Soil
22767,-1.482290959360654,0.17449124089587287,-0.6043429600973992,1.114202454544477,1.5023015959960477,0.5225153043904822,-0.2656210624498323,0.38777213707483466,0.10782099596564443,-0.029450428594671087,-0.28482407552098793,-0.015101099696241462,18,cotton,Alluvial soil
22769,-1.0045070792465538,0.17449124089587287,-0.6043429600973992,1.114202454544477,1.8100534750669282,0.5792039297871894,-0.3850458754788079,-0.49487152806934737,0.617421375328363,0.9523169903733084,0.251770648869674,0.11244561690242978,18,cotton,Red soil
22791,-1.482290959360654,0.17449124089587287,-0.6043429600973992,1.114202454544477,1.1945497169251689,0.5508596170888358,-0.2656210624498323,0.3919818842853792,0.40580765847435246,1.1120020524946064,0.1234545191240808,-0.5252879660909264,18,cotton,Alluvial soil
22803,-1.482290959360654,0.17449124089587287,-0.6043429600973992,1.114202454544477,1.5023015959960477,0.4885021291524576,-0.5727134388100558,1.033266709358338,0.677882437286652,0.9404884672532121,0.45007739484013587,-0.3795202899781593,18,cotton,Alluvial soil
22814,-1.0045070792465538,0.17449124089587287,-0.09597647149880119,-0.8975029591088394,0.5790459587834081,0.5395218920094944,0.09265337663709511,0.25193762708126266,0.6131027280456284,0.2041629030272278,-0.302321729577205,-0.28112710860204165,18,cotton,Red soil
22827,-1.482290959360654,0.17449124089587287,-0.6043429600973992,1.114202454544477,1.8100534750669282,0.5584181004750636,0.1950175020905025,1.0548767450391339,0.7340248519622056,0.6122469506705445,-0.016526713325656965,-0.00416852398778403,18,cotton,Alluvial soil
22857,-1.482290959360654,0.17449124089587287,-0.6043429600973992,1.114202454544477,0.8867978378542885,0.5168464418508112,0.7750808796598135,-0.3711049600793364,0.3496652437987988,0.10657758728643475,-0.08068477819845356,-0.10985008916954016,18,cotton,Alluvial soil
22858,-1.386734183337834,0.17449124089587287,-0.09597647149880119,-0.8975029591088394,1.6561775355314885,0.5508596170888358,0.12677475178823092,0.9249358811403243,0.2201058253167517,0.03264931778583389,0.018468594786777582,-0.1790897353231045,18,cotton,Black Soil
22967,-1.0045070792465538,0.17449124089587287,-0.6043429600973992,1.114202454544477,1.0406737773897279,0.4960606125386854,0.26326025239277473,0.23706318693733827,0.721068910114001,0.08883480260629029,-0.32565193498549455,-0.08069655394698683,18,cotton,Red soil
22993,-1.386734183337834,0.17449124089587287,-0.6043429600973992,1.114202454544477,1.8100534750669282,0.5300737877767099,-0.5385920636589193,0.18121387394411345,0.582872197066484,1.0173738675338373,-0.4189727566186532,-0.21917584625411551,18,cotton,Black Soil
23016,-0.9089503032237339,0.17449124089587287,-0.09597647149880119,-0.8975029591088394,-0.6519615575001118,0.20127976047580787,1.0651125684444687,0.789101371146752,0.41444495303982243,0.4052477960688621,-0.9730651350655322,-0.3831644818809785,27,jute,Sandy soil
23047,-0.4311664231096339,0.17449124089587287,-0.6043429600973992,1.114202454544477,-0.49808561796467227,0.3883522242849418,0.7068381293575413,0.42004686568900984,0.3583025383642688,0.2159914261473237,-0.33731703768963955,-0.6127485717585869,27,jute,clay Loamy soil
23050,-0.9089503032237339,0.17449124089587287,-0.09597647149880119,-0.8975029591088394,-0.6519615575001118,0.4866125083059008,0.21207818966607073,0.9280230290947235,0.030085344876416262,-0.46414865325820426,0.035966248842994646,-0.27019453289358397,27,jute,Sandy soil
23064,-0.9089503032237339,0.17449124089587287,-0.09597647149880119,-0.8975029591088394,0.4251700192479687,0.5659765838612912,0.8092022548109493,1.0677866364848037,-0.02173842251640272,0.041520710125905906,0.024301146138850073,-0.30663645192177574,27,jute,Sandy soil
23088,-0.9089503032237339,0.17449124089587287,-0.09597647149880119,-0.8975029591088394,0.11741814017708838,0.22206558978793375,1.0480518808689006,0.6838576908831373,0.6476519063075076,-0.32516350659707455,-0.10401498360674312,-0.6674114503008746,27,jute,Sandy soil
23150,-0.9089503032237339,0.17449124089587287,-0.09597647149880119,-0.8975029591088394,-0.3442096784292314,0.20883824386203562,0.6215346914797015,0.6804898931147015,-0.03901301164734258,-0.3902203837576034,-0.3781448971541462,-0.24468518957384985,27,jute,Sandy soil
23169,-0.4311664231096339,0.17449124089587287,-0.6043429600973992,1.114202454544477,0.27129407971252784,0.5565284796285067,0.28032093996834234,0.9838723420879486,0.48354330956358127,0.20712003380725166,-0.25566131876062587,-0.7074975612318853,27,jute,clay Loamy soil
23179,-0.4311664231096339,0.17449124089587287,-0.6043429600973992,1.114202454544477,0.11741814017708838,0.2239552106344908,0.22913887724163892,0.5008740121314658,0.49218060412905057,0.49987598102963127,-0.25566131876062587,-0.7330069045516197,27,jute,clay Loamy soil
23238,-0.9089503032237339,0.17449124089587287,-0.09597647149880119,-0.8975029591088394,1.1945497169251689,0.45070971222131945,0.0073499387592553065,0.5519522782860736,0.531048429673665,0.18937724912710763,-0.15650794577539473,-0.8314000859277376,27,jute,Sandy soil
23247,-0.4311664231096339,0.17449124089587287,-0.6043429600973992,1.114202454544477,-0.3442096784292314,0.5414115128560513,0.8945056926887891,0.9457039673790106,-0.01741977523366806,-0.002836251574454608,-0.9963953404738217,-0.802246550705184,27,jute,clay Loamy soil
23269,-0.4311664231096339,0.17449124089587287,-0.6043429600973992,1.114202454544477,1.3484256564606083,0.20694862301547853,0.5362312536018617,0.7335327079675636,0.574234902501014,0.3934192729487658,-0.2964891782251325,-0.9407258430123129,27,jute,clay Loamy soil
23283,-0.4311664231096339,0.17449124089587287,-0.6043429600973992,1.114202454544477,-0.49808561796467227,0.30898814872955166,1.9010862596472986,0.5224840478122614,0.1596447633584634,-0.07676452107505546,-0.6931026701660566,-0.27019453289358397,27,jute,clay Loamy soil
23295,-0.4311664231096339,0.17449124089587287,-0.6043429600973992,1.114202454544477,0.27129407971252784,0.4941709916921286,0.6897774417819738,1.0411249041513546,0.6131027280456284,-0.35473481439731486,-0.9205721728968805,-0.33578998714432934,27,jute,clay Loamy soil
23306,-0.9089503032237339,0.17449124089587287,-0.09597647149880119,-0.8975029591088394,0.4251700192479687,0.4450408496816491,0.9627484429910608,0.7444780507149792,0.4533127785844368,0.09179193338631458,-0.2498287674085534,-0.8095349345108225,27,jute,Sandy soil
23393,-0.4311664231096339,0.17449124089587287,-0.6043429600973992,1.114202454544477,0.7329218983188477,0.3070985278829946,0.4509278157240219,0.6776833949743385,0.21578717803401704,-0.42570595311789144,-0.9905627891217494,-0.8241117021220992,27,jute,clay Loamy soil
23418,-0.9089503032237339,0.17449124089587287,-0.09597647149880119,-0.8975029591088394,-0.3442096784292314,0.3996899493642832,1.1845373814734443,0.9044484447156735,0.5915094916319539,-0.4878056994983964,-0.016526713325656965,-0.7002091774262471,27,jute,Sandy soil
23419,-0.4311664231096339,0.17449124089587287,-0.6043429600973992,1.114202454544477,-0.49808561796467227,0.3316635988882346,1.6622366335893475,0.9681559525019151,0.38853306934341325,-0.19800688305604114,-0.7747583890950703,-0.4268947847148088,27,jute,clay Loamy soil
23433,-0.4311664231096339,0.17449124089587287,-0.6043429600973992,1.114202454544477,-0.8058374970355525,0.3335532197347914,1.30396219450242,0.9544041116141365,0.4360381894534969,0.1450202874267471,-0.05152202143809151,-0.6892766017177895,27,jute,clay Loamy soil
23444,-0.9089503032237339,0.17449124089587287,-0.09597647149880119,-0.8975029591088394,0.4251700192479687,0.2919815611105394,0.9115663802643573,0.5454973325632387,0.6001467861974232,-0.3902203837576034,0.059296454251284623,-0.31028064382459497,27,jute,Sandy soil
23463,-0.4311664231096339,0.17449124089587287,-0.6043429600973992,1.114202454544477,0.5790459587834081,0.5640869630147339,1.9522683223740032,0.7919078692871151,0.6476519063075076,-0.552862576658925,0.0651290056033567,-0.8496210454418335,27,jute,clay Loamy soil
23473,-0.4311664231096339,0.17449124089587287,-0.6043429600973992,1.114202454544477,1.3484256564606083,0.25229952333284444,1.2357194442001485,0.6793672938585568,0.5180924878254604,-0.47006291481825196,-0.7922560431512874,-0.5835950365360334,27,jute,clay Loamy soil
23482,-0.9089503032237339,0.17449124089587287,-0.09597647149880119,-0.8975029591088394,0.11741814017708838,0.29576080280365324,1.3210228820779881,0.5280970440929876,0.004173461180006464,-0.21574966773618517,-0.8097536972075049,-0.8095349345108225,27,jute,Sandy soil
23496,-0.9089503032237339,0.17449124089587287,-0.09597647149880119,-0.8975029591088394,0.4251700192479687,0.46204743730066133,1.935207634798435,0.6580379079917971,0.5180924878254604,0.30766248032806903,-0.4014751025624361,-0.7949581668995458,27,jute,Sandy soil
23598,-0.9089503032237339,0.17449124089587287,-0.09597647149880119,-0.8975029591088394,0.5790459587834081,0.3845729825918277,0.4168064405728861,0.786294873006389,0.7772113247895547,-0.29854932957685804,0.08845921101164668,-0.5908834203416719,27,jute,Sandy soil
23633,-0.4311664231096339,0.17449124089587287,-0.6043429600973992,1.114202454544477,0.11741814017708838,0.4242550203695232,1.8499041969205952,0.8805932105225875,0.27624823999230536,-0.06493599795495958,-0.19733580523990177,-0.9589468025264087,27,jute,clay Loamy soil
23675,-0.4311664231096339,0.17449124089587287,-0.6043429600973992,1.114202454544477,1.1945497169251689,0.3184362529623362,1.0651125684444687,0.4896480195700136,0.1855566470548726,-0.2571494986565218,-0.1798381511836843,-0.6674114503008746,27,jute,clay Loamy soil
23694,-0.9089503032237339,0.17449124089587287,-0.09597647149880119,-0.8975029591088394,-0.8058374970355525,0.320325873808893,1.0480518808689006,0.8985547986209114,0.3194347128196544,-0.5676482305590452,-0.2964891782251325,-0.32121321953305265,27,jute,Sandy soil
23710,-0.9089503032237339,0.17449124089587287,-0.09597647149880119,-0.8975029591088394,0.27129407971252784,0.5697558255544048,1.7816614466183236,0.7815238261677717,0.5483230188046049,-0.11816435199539212,0.018468594786777582,-0.5325763498965649,27,jute,Sandy soil
23729,-0.4311664231096339,0.17449124089587287,-0.6043429600973992,1.114202454544477,1.3484256564606083,0.2919815611105394,1.5257511329848041,0.9406522707263573,0.5440043715218695,-0.3931775145376272,-1.0255580972341838,-0.3977412494922552,27,jute,clay Loamy soil
23734,-0.9089503032237339,0.17449124089587287,-0.09597647149880119,-0.8975029591088394,0.5790459587834081,0.2636372484121858,0.21207818966607073,0.8674026692628817,0.14237017422752354,-0.3902203837576034,-0.7805909404471428,-0.4779134713542772,27,jute,Sandy soil
23756,-0.9089503032237339,0.17449124089587287,-0.09597647149880119,-0.8975029591088394,0.8867978378542885,0.36945601581937276,0.9115663802643573,1.0554380446672067,0.6390146117420376,0.37271935748859786,-0.6056143998849705,-0.6601230664952361,27,jute,Sandy soil
23782,-0.9089503032237339,0.17449124089587287,-0.09597647149880119,-0.8975029591088394,0.5790459587834081,0.40346919105739676,0.502109878450726,0.46130238835234694,0.28920418184051055,0.05334923324600179,-0.2731589728168429,-0.6419021069811403,27,jute,Sandy soil
23787,-0.4311664231096339,0.17449124089587287,-0.6043429600973992,1.114202454544477,0.4251700192479687,0.4790540249196731,1.8157828217694587,0.8497217309785938,0.27624823999230536,-0.4878056994983964,0.08845921101164668,-0.638257915078321,27,jute,clay Loamy soil
23820,-0.9089503032237339,0.17449124089587287,-0.09597647149880119,-0.8975029591088394,-0.3442096784292314,0.3996899493642832,1.6622366335893475,1.0203568179126683,0.5915094916319539,-0.11816435199539212,-0.20900090794404635,-0.30663645192177574,27,jute,Sandy soil
23826,-0.9089503032237339,0.17449124089587287,-0.09597647149880119,-0.8975029591088394,0.4251700192479687,0.3978003285177264,0.1097140642126627,0.5631782708475258,0.7512994410931448,0.02377792544576145,-0.6522748107015496,-0.6892766017177895,27,jute,Sandy soil
23879,-0.4311664231096339,0.17449124089587287,-0.6043429600973992,1.114202454544477,1.0406737773897279,0.2579683858725151,1.1674766938978767,0.3998400790783957,0.7426621465276756,-0.5144198765186127,-0.6581073620536221,-0.9115723077897594,27,jute,clay Loamy soil
23888,-0.9089503032237339,0.17449124089587287,-0.09597647149880119,-0.8975029591088394,1.1945497169251689,0.26552686925874286,1.2357194442001485,1.0329860595443021,0.6433332590247722,-0.30150646035688233,-0.6931026701660566,-0.8496210454418335,27,jute,Sandy soil
23904,-0.9089503032237339,0.17449124089587287,-0.09597647149880119,-0.8975029591088394,-0.8058374970355525,0.25229952333284444,0.22913887724163892,0.6086435407214075,0.626058669893833,-0.5883481460192136,-0.9788976864176047,-0.28112710860204165,27,jute,Sandy soil
23913,-0.4311664231096339,0.17449124089587287,-0.6043429600973992,1.114202454544477,-0.8058374970355525,0.31465701126922235,0.3997457529973185,0.3608297549273492,0.7383434992449402,-0.40796316843774744,-0.21483345929611883,-0.41596220900635106,27,jute,clay Loamy soil
23946,-0.9089503032237339,0.17449124089587287,-0.09597647149880119,-0.8975029591088394,-0.6519615575001118,0.3770144992056005,2.1058145105541146,0.9754528476668595,0.5440043715218695,-0.04127895171476697,-0.9730651350655322,-0.5435089256050223,27,jute,Sandy soil
24034,0.42884456109574615,0.17449124089587287,-0.09597647149880119,-0.8975029591088394,0.27129407971252784,4.054216666605342,-0.3168031251765363,1.8631482094636949,0.27624823999230536,2.4929821267658303,1.359955405763432,3.341199642800222,46,sugarcane,red Loamy soil
24051,-0.5267231991324539,0.17449124089587287,-0.6043429600973992,-0.8975029591088394,1.8100534750669282,4.127911879621062,-0.1461962494208567,3.467061896681182,0.030085344876416262,2.2771115798240764,1.0508301841035943,2.339046869524948,46,sugarcane,brown Loamy soil
24059,-0.5267231991324539,0.17449124089587287,-0.6043429600973992,-0.8975029591088394,1.963929414602369,3.880371548722107,-0.2144389997231283,3.3651860141860035,-0.047650306212812514,2.034626855862105,1.35412285441136,2.448372626609523,46,sugarcane,brown Loamy soil
24087,-0.5267231991324539,0.17449124089587287,-0.6043429600973992,-0.8975029591088394,1.6561775355314885,3.714084914225099,-0.1291355618452885,3.8630587842864106,0.2805668872750406,2.1440406947229946,0.9108489516538563,2.430151667095427,46,sugarcane,brown Loamy soil
24133,-0.6222799751552739,0.17449124089587287,-0.6043429600973992,-0.8975029591088394,0.27129407971252784,3.6668443930611763,-0.1291355618452885,3.7516408081139963,0.22442447259948697,3.1967792524115506,2.7072747680921583,2.9512711091985695,46,sugarcane,black cotton soil
24144,-0.4311664231096339,0.17449124089587287,-0.09597647149880119,-0.8975029591088394,1.8100534750669282,4.146808088086631,-0.3850458754788079,3.146559809051721,0.32375336010238964,3.4481353687135936,1.2316392760178387,3.1225481286310712,46,sugarcane,clay Loamy soil
24150,0.42884456109574615,0.17449124089587287,-0.09597647149880119,-0.8975029591088394,0.27129407971252784,3.8784819278755505,-0.35092450032767214,2.077564667387432,0.3194347128196544,3.190864990851502,1.5174342922693873,2.696177676001227,46,sugarcane,red Loamy soil
24174,0.42884456109574615,0.17449124089587287,-0.09597647149880119,-0.8975029591088394,2.1178053541378086,3.7235330184578834,-0.18031762457199252,2.2785099342374275,0.1596447633584634,3.0104800132700364,0.7008771029792498,3.3011135318692104,46,sugarcane,red Loamy soil
24196,-0.4311664231096339,0.17449124089587287,-0.09597647149880119,-0.8975029591088394,1.963929414602369,3.950287520044712,-0.3168031251765363,3.077239304984754,0.37557712749520866,3.176079336951382,2.1590149409973525,3.2865367642579346,46,sugarcane,clay Loamy soil
24241,-0.6222799751552739,0.17449124089587287,-0.6043429600973992,-0.8975029591088394,0.27129407971252784,3.7386499852303388,-0.5385920636589193,2.6164123103371395,0.03872263944188558,3.069622628870517,2.3631542383198867,2.674312524584312,46,sugarcane,black cotton soil
24244,-0.4311664231096339,0.17449124089587287,-0.09597647149880119,-0.8975029591088394,1.963929414602369,3.8123451982460588,-0.5215313760833518,1.7632368756667696,0.14237017422752354,2.924723220649339,1.4941040868610973,3.370353178022775,46,sugarcane,clay Loamy soil
24260,-0.4311664231096339,0.17449124089587287,-0.09597647149880119,-0.8975029591088394,-0.036457799358352465,4.090119462689924,-0.6068348139611915,2.098613403440155,-0.13834189915024528,2.8034808586683537,1.6865782814794867,3.2938251480635725,46,sugarcane,clay Loamy soil
24285,-0.6222799751552739,0.17449124089587287,-0.6043429600973992,-0.8975029591088394,0.5790459587834081,3.8406895109444124,-0.09501418669415271,2.7704890582430717,-0.23767078665314795,2.9779515746897722,0.7008771029792498,2.528544848471545,46,sugarcane,black cotton soil
24297,-0.6222799751552739,0.17449124089587287,-0.6043429600973992,-0.8975029591088394,0.5790459587834081,4.065554391684684,-0.11207487426972029,2.2192928234757665,0.2546550035786308,2.0582839021022976,1.8265595139292248,3.0933945934085174,46,sugarcane,black cotton soil
24299,-0.5267231991324539,0.17449124089587287,-0.6043429600973992,-0.8975029591088394,-0.036457799358352465,4.167593917398757,0.041471313910391105,4.305643541021665,-0.06492489534375176,3.229307690991815,0.8641885408372771,3.1444132800479863,46,sugarcane,brown Loamy soil
24305,-0.6222799751552739,0.17449124089587287,-0.6043429600973992,-0.8975029591088394,1.6561775355314885,3.8539168568703106,0.05853200148595931,4.09852397826287,0.051678581290090786,2.9631659207896517,0.9983372219349423,2.430151667095427,46,sugarcane,black cotton soil
24347,-0.5267231991324539,0.17449124089587287,-0.6043429600973992,-0.8975029591088394,0.4251700192479687,4.082560979303696,-0.1632569369964243,2.870400392039996,0.11213964324837908,3.1672079446113104,1.6107551139025456,2.9950014120324,46,sugarcane,brown Loamy soil
24404,-0.4311664231096339,0.17449124089587287,-0.09597647149880119,-0.8975029591088394,1.0406737773897279,3.6460585637490506,0.33150300269504634,2.4932070419752015,0.2201058253167517,2.2771115798240764,2.9172466167667657,2.3536236371362245,46,sugarcane,clay Loamy soil
24425,-0.6222799751552739,0.17449124089587287,-0.6043429600973992,-0.8975029591088394,0.27129407971252784,3.863364961103095,-0.0438321239674487,3.7976673776159506,-0.1469791937157152,3.3564643145328485,1.33079264900307,3.373997369925594,46,sugarcane,black cotton soil
24522,0.42884456109574615,0.17449124089587287,-0.09597647149880119,-0.8975029591088394,1.5023015959960477,4.143028846393518,-0.5897741263856233,3.0671359116794474,-0.19448431382579892,2.7029384121475366,2.46814016265719,2.6415147974589392,46,sugarcane,red Loamy soil
24541,-0.6222799751552739,0.17449124089587287,-0.6043429600973992,-0.8975029591088394,0.8867978378542885,4.161925054859087,-0.5897741263856233,1.7963535537230542,0.24169906173042624,2.853752081928763,1.890717578802021,3.206364542395912,46,sugarcane,black cotton soil
24543,-0.5267231991324539,0.17449124089587287,-0.6043429600973992,-0.8975029591088394,0.27129407971252784,3.954066761737827,-0.4874100009322159,2.3119072621077477,0.025766697593680988,2.2475402720238358,2.1240196328849175,2.5941403027222902,46,sugarcane,brown Loamy soil
24564,-0.4311664231096339,0.17449124089587287,-0.09597647149880119,-0.8975029591088394,1.0406737773897279,3.6649547722146196,-0.026771436391880492,2.133413980380657,-0.22471484480494336,2.853752081928763,3.004734887047852,3.34848802660586,46,sugarcane,clay Loamy soil
24595,-0.5267231991324539,0.17449124089587287,-0.6043429600973992,-0.8975029591088394,0.11741814017708838,3.9880799369758506,-0.1291355618452885,2.2973134717778603,-0.09515542632289622,2.838966428028643,2.8355908978377515,3.34848802660586,46,sugarcane,brown Loamy soil
24603,-0.5267231991324539,0.17449124089587287,-0.6043429600973992,-0.8975029591088394,1.8100534750669282,3.9446186575050426,-0.3168031251765363,2.479735850901459,-0.00014518610272819458,2.7532096354079454,2.473972714009262,3.1699226233677202,46,sugarcane,brown Loamy soil
24630,0.42884456109574615,0.17449124089587287,-0.09597647149880119,-0.8975029591088394,1.1945497169251689,4.109015671155493,0.12677475178823092,2.247357804879397,0.008492108462741737,3.247050475671959,1.925712886914456,2.6014286865279286,46,sugarcane,red Loamy soil
24647,-0.5267231991324539,0.17449124089587287,-0.6043429600973992,-0.8975029591088394,1.3484256564606083,4.1562561923194155,0.09265337663709511,2.2423061082267437,-0.21175890295673877,2.339211326204581,2.8822513086543307,2.5176122727630874,46,sugarcane,brown Loamy soil
24662,0.42884456109574615,0.17449124089587287,-0.09597647149880119,-0.8975029591088394,0.5790459587834081,3.887930032108335,-0.2656210624498323,3.555466588102618,-0.04333165893007724,3.4451782379335696,0.9225140543580012,3.035087522963411,46,sugarcane,red Loamy soil
24667,-0.5267231991324539,0.17449124089587287,-0.6043429600973992,-0.8975029591088394,0.8867978378542885,4.078781737610583,-0.3338638127521039,2.7261463876253353,-0.11243001545383609,2.2445831412438113,1.0274999786953045,2.856522119725271,46,sugarcane,brown Loamy soil
24732,-0.4311664231096339,0.17449124089587287,-0.09597647149880119,-0.8975029591088394,1.5023015959960477,3.6649547722146196,-0.3338638127521039,2.820444725141534,0.09918370140017449,3.208607775531647,1.6457504220149803,3.210008734298731,46,sugarcane,clay Loamy soil
24752,-0.4311664231096339,0.17449124089587287,-0.09597647149880119,-0.8975029591088394,1.0406737773897279,4.088229841843367,-0.5556527512344875,2.5709470404632584,-0.00014518610272819458,2.1499549562830422,2.1823451464056416,2.973136260615484,46,sugarcane,clay Loamy soil
24761,-0.6222799751552739,0.17449124089587287,-0.6043429600973992,-0.8975029591088394,1.8100534750669282,3.8917092738014487,-0.4703493133566477,1.7834436622773837,0.20714988346854712,3.0223085363901325,1.3016298922427079,2.623293837944843,46,sugarcane,black cotton soil
24776,-0.4311664231096339,0.17449124089587287,-0.09597647149880119,-0.8975029591088394,0.5790459587834081,3.967294107663725,0.1097140642126627,3.2032510714870557,-0.22903349208767804,2.47819647286571,1.2433043787219837,3.344843834703041,46,sugarcane,clay Loamy soil
24826,0.42884456109574615,0.17449124089587287,-0.09597647149880119,-0.8975029591088394,0.4251700192479687,3.6403897012093798,-0.09501418669415271,1.7304008474245223,0.22442447259948697,2.765038158528042,1.1908114165533317,3.2172971181043697,46,sugarcane,red Loamy soil
24860,-0.4311664231096339,0.17449124089587287,-0.09597647149880119,-0.8975029591088394,0.7329218983188477,3.746208468616567,0.28032093996834234,2.8302674686328047,0.030085344876416262,3.4895351996339303,3.016399989751997,3.0861062096028795,46,sugarcane,clay Loamy soil
24866,0.42884456109574615,0.17449124089587287,-0.09597647149880119,-0.8975029591088394,1.0406737773897279,4.088229841843367,0.28032093996834234,4.311537187116427,0.06463452313829537,3.4570067610536652,1.4066158165800111,2.7435521707378765,46,sugarcane,red Loamy soil
24876,-0.4311664231096339,0.17449124089587287,-0.09597647149880119,-0.8975029591088394,2.1178053541378086,3.923832828192916,0.09265337663709511,3.973073511388642,0.18987529433760725,3.1701650753913344,1.2608020327782008,3.3266228751889453,46,sugarcane,clay Loamy soil
24885,-0.6222799751552739,0.17449124089587287,-0.6043429600973992,-0.8975029591088394,0.7329218983188477,3.887930032108335,-0.11207487426972029,2.297874771405932,0.05599722857282544,2.4634108189655897,1.400783265227939,3.2428064614241037,46,sugarcane,black cotton soil
24965,-0.6222799751552739,0.17449124089587287,-0.6043429600973992,-0.8975029591088394,1.963929414602369,3.715974535071656,0.21207818966607073,1.9018778838007049,0.051678581290090786,2.5521247423663107,2.4856378167134072,3.253739037132562,46,sugarcane,black cotton soil
24988,-0.4311664231096339,0.17449124089587287,-0.09597647149880119,-0.8975029591088394,2.1178053541378086,3.8047867148598304,-0.4874100009322159,4.157741089024531,0.08190911226923463,2.0405411174221535,2.876418757302259,2.4410842428038846,46,sugarcane,clay Loamy soil
25020,-0.33560964708681384,0.17449124089587287,-0.09597647149880119,-0.8975029591088394,0.8867978378542885,1.0251544495746194,-1.4769298803151572,-0.3834535518969338,0.10782099596564443,2.0257554635220334,0.7708677192041185,0.30558778775184614,45,sugarbeet,clay Loamy soil 
25029,-0.33560964708681384,0.17449124089587287,-0.6043429600973992,-0.8975029591088394,-0.19033373889379193,1.2840325055529163,-0.9651092530481183,-0.2880326151245898,0.12077693781384902,2.016884071181961,0.6892120002751048,0.33838551487721896,45,sugarbeet,clay Loamy soil 
25076,0.8110716651870262,0.17449124089587287,-0.09597647149880119,-0.8975029591088394,0.7329218983188477,1.0497195205798595,-1.596354693344133,-0.34388192811781493,-0.09947407360563087,1.7862278703400858,1.2957973408906358,0.6044115237830189,45,sugarbeet,sandy Loamy soil
25100,0.8110716651870262,0.17449124089587287,-0.09597647149880119,-0.8975029591088394,0.5790459587834081,1.1801033589922862,-0.7945023772924388,-0.4384609154480498,0.37557712749520866,1.8276277012604225,1.4591087787486632,0.6007673318801994,45,sugarbeet,sandy Loamy soil
25119,-0.33560964708681384,0.17449124089587287,-0.6043429600973992,-0.8975029591088394,-0.49808561796467227,1.1007392834368959,-0.8115630648680069,-0.3685791117530097,0.15532611607572813,1.780313608780038,1.0333325300473772,0.24728071730673923,45,sugarbeet,clay Loamy soil 
25134,-0.33560964708681384,0.17449124089587287,-0.09597647149880119,-0.8975029591088394,1.0406737773897279,1.138531700368034,-1.0162913157748223,-0.45979030131480914,-0.24630808121861789,0.6418182584707848,0.9691744651745803,0.4404228881561558,45,sugarbeet,clay Loamy soil 
25146,-0.33560964708681384,0.17449124089587287,-0.09597647149880119,-0.8975029591088394,-0.9597134365709921,1.221675017616538,-1.3745657548617498,-0.3360237333247982,-0.03901301164734258,0.5619757274101358,0.9400117084142182,0.5497486452407312,45,sugarbeet,clay Loamy soil 
25155,-0.33560964708681384,0.17449124089587287,-0.6043429600973992,-0.8975029591088394,0.8867978378542885,0.7757244978291079,-0.8968665027458468,-0.7878699339232507,-0.1728910774121244,1.6679426391391243,1.6224202166066906,0.7720443513127009,45,sugarbeet,clay Loamy soil 
25178,0.8110716651870262,0.17449124089587287,-0.09597647149880119,-0.8975029591088394,-0.8058374970355525,0.858867815077612,-1.0504126909259581,-0.38626005003729685,0.15100746879299348,0.7127893971913618,1.7274061409439936,0.2764342525292928,45,sugarbeet,sandy Loamy soil
25187,0.8110716651870262,0.17449124089587287,-0.6043429600973992,-0.8975029591088394,-0.19033373889379193,1.0534987622729732,-0.9139271903214149,-0.45445795484811935,-0.09515542632289622,1.0646879600142216,1.1266533516805355,0.26914586872365437,45,sugarbeet,sandy Loamy soil
25213,1.3844123213239463,0.17449124089587287,-0.6043429600973992,-0.8975029591088394,1.1945497169251689,1.3123768182512698,-1.6304760684952693,-0.45277405596390147,-0.03469436436460731,1.7862278703400858,1.1558161084408975,0.24363652540392,45,sugarbeet,well-drained soil
25224,-0.33560964708681384,0.17449124089587287,-0.09597647149880119,-0.8975029591088394,-0.9597134365709921,1.178213738145729,-0.5385920636589193,-0.25407398762619704,0.36262118564700346,2.0227983327420085,1.7915642058167907,0.6517860185196681,45,sugarbeet,clay Loamy soil 
25225,1.3844123213239463,0.17449124089587287,-0.6043429600973992,-0.8975029591088394,-0.19033373889379193,1.2084476716906398,-0.6580168766878955,-0.5237784589150867,0.3410279492333289,0.825160366832275,1.7390712436481386,0.4112693529336025,45,sugarbeet,well-drained soil
25231,1.3844123213239463,0.17449124089587287,-0.6043429600973992,-0.8975029591088394,1.8100534750669282,1.2197853967699812,-0.3850458754788079,-0.36549196379861026,0.03872263944188558,0.9848454289535726,1.2491369300740558,0.38576000961386814,45,sugarbeet,well-drained soil
25255,1.3844123213239463,0.17449124089587287,-0.6043429600973992,-0.8975029591088394,0.8867978378542885,1.2008891883044122,-1.4086871300128856,-0.30010055712815115,-0.13834189915024528,1.798056393460182,1.5815923571421835,0.4659322314758902,45,sugarbeet,well-drained soil
25270,1.3844123213239463,0.17449124089587287,-0.09597647149880119,-0.8975029591088394,0.5790459587834081,0.8267442606861442,-0.29974243760096814,-0.5507208410625721,-0.1728910774121244,0.8192461052722269,0.8233606813727701,0.21448299018136668,45,sugarbeet,well-drained soil
25409,0.8110716651870262,0.17449124089587287,-0.6043429600973992,-0.8975029591088394,-0.6519615575001118,1.1271939752886926,-1.2039588791060702,-0.7513854580985309,-0.1210673100193054,1.0913021370344382,1.6165876652546183,0.12702238451370645,45,sugarbeet,sandy Loamy soil
25442,0.8110716651870262,0.17449124089587287,-0.09597647149880119,-0.8975029591088394,0.11741814017708838,0.7719452561359937,-0.2826817500253999,-0.5866440172592196,0.3669398329297387,1.094259267814462,0.7475375137958289,0.7866211189239778,45,sugarbeet,sandy Loamy soil
25471,1.3844123213239463,0.17449124089587287,-0.6043429600973992,-0.8975029591088394,0.4251700192479687,1.246240088621778,-1.4086871300128856,-0.5526853897608264,0.2546550035786308,1.1149591832746304,1.6399178706629076,0.2982994039462077,45,sugarbeet,well-drained soil
25519,1.3844123213239463,0.17449124089587287,-0.6043429600973992,-0.8975029591088394,0.11741814017708838,1.1290835961352494,0.0073499387592553065,-0.45782575261655484,0.09486505411743984,0.9552741211533323,1.7624014490564286,0.7756885432155204,45,sugarbeet,well-drained soil
25551,-0.33560964708681384,0.17449124089587287,-0.6043429600973992,-0.8975029591088394,-0.6519615575001118,1.3123768182512698,-0.8456844400191428,-0.7482983101441314,0.2719295927095707,1.354486776456577,1.5815923571421835,0.5606812209491886,45,sugarbeet,clay Loamy soil 
25574,0.8110716651870262,0.17449124089587287,-0.09597647149880119,-0.8975029591088394,1.8100534750669282,1.061057245659201,-0.5044706885077835,-0.27961312070350064,0.10350234868290915,0.7098322664113376,1.4591087787486632,0.3310971310715805,45,sugarbeet,sandy Loamy soil
25590,-0.33560964708681384,0.17449124089587287,-0.09597647149880119,-0.8975029591088394,0.11741814017708838,1.3123768182512698,-1.6475367560708372,-0.5344431518484666,0.05599722857282544,1.4343293075172263,1.0100023246390875,0.15617591973625977,45,sugarbeet,clay Loamy soil 
25632,-0.33560964708681384,0.17449124089587287,-0.09597647149880119,-0.8975029591088394,-0.8058374970355525,1.07995345412477,-1.6475367560708372,-0.6461417778349161,-0.10379272088836615,1.4018008689369614,0.7067096543313218,0.4149135448364215,45,sugarbeet,clay Loamy soil 
25649,0.8110716651870262,0.17449124089587287,-0.6043429600973992,-0.8975029591088394,1.5023015959960477,1.2651362970873472,-0.8115630648680069,-0.3958021437145315,0.06895317042103004,1.0646879600142216,1.7915642058167907,0.6007673318801994,45,sugarbeet,sandy Loamy soil
25690,1.3844123213239463,0.17449124089587287,-0.09597647149880119,-0.8975029591088394,1.8100534750669282,1.1952203257647411,-0.18031762457199252,-0.688239249940362,0.04735993400735551,0.9523169903733084,0.6892120002751048,0.48779738289280505,45,sugarbeet,well-drained soil
25717,1.3844123213239463,0.17449124089587287,-0.6043429600973992,-0.8975029591088394,-0.8058374970355525,1.07995345412477,-0.6238955015367591,-0.24986424041565244,0.2546550035786308,0.8961315055528516,1.4066158165800111,0.5242393019209969,45,sugarbeet,well-drained soil
25721,0.8110716651870262,0.17449124089587287,-0.6043429600973992,-0.8975029591088394,0.5790459587834081,1.0364921746539608,-1.186898191530502,-0.33462048425461666,-0.02605706979913799,1.549657407938163,1.4357785733403732,0.8303514217578081,45,sugarbeet,sandy Loamy soil
25748,0.8110716651870262,0.17449124089587287,-0.09597647149880119,-0.8975029591088394,-0.036457799358352465,1.3104871974047125,-0.6580168766878955,-0.46820979573589827,-0.23767078665314795,1.9399986709013362,1.389118162523794,0.1816852630559941,45,sugarbeet,sandy Loamy soil
25783,1.3844123213239463,0.17449124089587287,-0.6043429600973992,-0.8975029591088394,1.0406737773897279,1.0138167244952783,-1.6304760684952693,-0.3480916753283595,-0.04333165893007724,1.2155016297954477,1.6165876652546183,0.6991605132563173,45,sugarbeet,well-drained soil
25785,-0.33560964708681384,0.17449124089587287,-0.6043429600973992,-0.8975029591088394,0.4251700192479687,0.8059584313740183,0.024410626334822903,-0.37952445450042555,-0.23767078665314795,1.7566565625398454,0.8933512975976392,0.26550167682083514,45,sugarbeet,clay Loamy soil 
25812,-0.33560964708681384,0.17449124089587287,-0.09597647149880119,-0.8975029591088394,1.963929414602369,1.221675017616538,-0.1461962494208567,-0.47101629387626137,-0.1210673100193054,1.818756308920351,1.2374718273699117,0.5242393019209969,45,sugarbeet,clay Loamy soil 
25838,0.8110716651870262,0.17449124089587287,-0.09597647149880119,-0.8975029591088394,-0.3442096784292314,0.8947706111621928,-0.6238955015367591,-0.36324676528631994,0.017129403028211056,1.23915867603564,0.7708677192041185,0.5461044533379117,45,sugarbeet,sandy Loamy soil
25857,-0.33560964708681384,0.17449124089587287,-0.6043429600973992,-0.8975029591088394,0.4251700192479687,1.074284591585099,-0.3679851879032397,-0.4794357882973505,-0.24198943393588324,1.1415733602948468,1.5057691895652423,0.6590744023253066,45,sugarbeet,clay Loamy soil 
25897,1.3844123213239463,0.17449124089587287,-0.6043429600973992,-0.8975029591088394,1.3484256564606083,0.7965103271412338,-1.5110512554662934,-0.7053588885965768,0.008492108462741737,1.5023433154577788,1.5524296003818214,0.7975536946324352,45,sugarbeet,well-drained soil
25919,0.8110716651870262,0.17449124089587287,-0.6043429600973992,-0.8975029591088394,0.27129407971252784,0.770055635289437,-0.9651092530481183,-0.49964257490796465,0.31511606553691973,1.248030068375712,1.2433043787219837,0.4404228881561558,45,sugarbeet,sandy Loamy soil
25946,0.8110716651870262,0.17449124089587287,-0.09597647149880119,-0.8975029591088394,0.27129407971252784,0.8437508483051565,-1.2039588791060702,-0.33181398611425356,-0.21175890295673877,0.8902172439928039,1.389118162523794,0.327452939168761,45,sugarbeet,sandy Loamy soil
25955,0.8110716651870262,0.17449124089587287,-0.6043429600973992,-0.8975029591088394,-0.9597134365709921,0.9590177199451277,-1.4257478175884537,-0.7157429317159202,-0.19448431382579892,1.9192987554411673,0.7533700651479014,0.7793327351183393,45,sugarbeet,sandy Loamy soil
25992,-0.33560964708681384,0.17449124089587287,-0.09597647149880119,-0.8975029591088394,-0.3442096784292314,1.144200562907705,-0.6921382518390313,-0.612183150336523,0.043041286724620854,2.0050555480618644,1.365787957115504,0.8449281893690844,45,sugarbeet,clay Loamy soil 
25997,0.8110716651870262,0.17449124089587287,-0.6043429600973992,-0.8975029591088394,0.27129407971252784,0.7681660144428801,-0.7091989394145989,-0.47438409164469714,0.030085344876416262,1.7182138623995336,1.1266533516805355,0.8485723812719039,45,sugarbeet,sandy Loamy soil
26103,0.8110716651870262,-1.0687588504872214,-0.09597647149880119,1.114202454544477,0.7329218983188477,0.13892227253943,0.4168064405728861,-0.637722283413827,0.4317195421707623,1.2953441608560963,0.46174249754428087,1.3624034395694078,52,tomato,sandy Loamy soil
26123,0.8110716651870262,-1.0687588504872214,-0.09597647149880119,1.114202454544477,0.8867978378542885,-0.09728033328018348,-0.9480485654725508,-0.5313560038940671,0.2719295927095707,0.6033755583304724,1.2549694814261287,1.7741971245879748,52,tomato,sandy Loamy soil
26141,0.8110716651870262,-1.0687588504872214,-1.621075937294595,1.114202454544477,1.1945497169251689,0.12569492661353157,-1.0504126909259581,-0.6655066150034212,0.4360381894534969,0.9966739520736689,0.3334263677986877,2.036578941590956,52,tomato,sandy Loamy soil
26157,0.8110716651870262,-1.0687588504872214,0.9207565056983947,1.114202454544477,0.11741814017708838,-0.00657853264545197,-0.35092450032767214,-0.6424933302524443,0.22874311988222162,1.2066302374553752,0.09429176236371875,1.675803943211857,52,tomato,sandy Loamy soil
26184,0.8110716651870262,-1.0687588504872214,-0.6043429600973992,-0.8975029591088394,0.7329218983188477,-0.2805735553962036,-0.1461962494208567,-0.2849454671701907,0.2460177090131615,1.7389137778597015,0.4675750488963534,1.8543693464499968,52,tomato,sandy Loamy soil
26203,0.8110716651870262,-1.0687588504872214,-0.09597647149880119,1.114202454544477,0.8867978378542885,0.36945601581937276,0.4168064405728861,-0.5658759310205326,0.23738041444769156,1.1888874527752311,0.3217612650945431,1.7450435893654217,52,tomato,sandy Loamy soil
26227,0.8110716651870262,-1.0687588504872214,0.9207565056983947,1.114202454544477,1.1945497169251689,-0.3240348348670124,-0.8798058151702786,-0.788150583737287,0.3280720073851243,0.7098322664113376,0.1934451353489499,1.872590305964093,52,tomato,sandy Loamy soil
26241,0.8110716651870262,-1.0687588504872214,-1.621075937294595,1.114202454544477,0.4251700192479687,-0.11428692089919576,0.7580201920842453,-0.43593506712172314,0.18987529433760725,0.76306062045177,-0.4248053079707257,1.6393620241836653,52,tomato,sandy Loamy soil
26296,0.8110716651870262,-1.0687588504872214,-1.621075937294595,-0.8975029591088394,1.1945497169251689,-0.10483881666641122,0.21207818966607073,-0.3621241660301748,0.3323906546678596,1.9015559707610232,0.9341791570621462,1.7741971245879748,52,tomato,sandy Loamy soil
26359,0.8110716651870262,-1.0687588504872214,-0.6043429600973992,1.114202454544477,0.27129407971252784,0.029324263439129382,-0.3679851879032397,-0.4976780262097104,0.39717036390888316,1.9725271094816004,1.4649413301007352,1.3988453585975997,52,tomato,sandy Loamy soil
26385,0.8110716651870262,-1.0687588504872214,0.4123900170997968,1.114202454544477,-0.19033373889379193,-0.24278113846506544,0.5191705660262941,-0.3003812069421875,0.5051365459772558,1.182973191215183,0.5725609732336566,1.9236089926035616,52,tomato,sandy Loamy soil
26399,0.8110716651870262,-1.0687588504872214,-0.6043429600973992,1.114202454544477,0.7329218983188477,0.5319634086232667,-0.8115630648680069,-0.7376336172107519,0.5915094916319539,1.0410309137740295,1.5815923571421835,1.9928486387571256,52,tomato,sandy Loamy soil
26401,0.8110716651870262,-1.0687588504872214,-1.621075937294595,1.114202454544477,1.1945497169251689,0.25229952333284444,-0.1291355618452885,-0.2532320381840879,0.48354330956358127,1.9695699787015764,-0.31398683228135,1.7851297002964324,52,tomato,sandy Loamy soil
26446,0.8110716651870262,-1.0687588504872214,-1.621075937294595,-0.8975029591088394,1.1945497169251689,-0.35993763095159376,-1.0504126909259581,-0.4317253199111785,0.16828205792393272,1.8985988399809994,0.794197924612408,2.2734514152742022,52,tomato,sandy Loamy soil
26449,0.8110716651870262,-1.0687588504872214,-0.6043429600973992,1.114202454544477,0.27129407971252784,-0.12940388767165098,0.7409595045086778,-0.6096573020101964,0.41012630575708775,1.8364990936004948,1.7332386922960665,0.9797632897733941,52,tomato,sandy Loamy soil
26458,0.8110716651870262,-1.0687588504872214,-0.09597647149880119,-0.8975029591088394,1.3484256564606083,-0.2465603801581793,-0.1632569369964243,-0.6812230045894544,0.42308224760529234,0.7748891435718663,0.875853643541422,2.036578941590956,52,tomato,sandy Loamy soil
26480,0.8110716651870262,-1.0687588504872214,0.4123900170997968,-0.8975029591088394,1.0406737773897279,-0.31836597232734176,-0.6921382518390313,-0.3511788232827586,0.4749060149981113,1.907470232321072,0.9050164003017841,1.1510403092058956,52,tomato,sandy Loamy soil
26496,0.8110716651870262,-1.0687588504872214,-1.621075937294595,-0.8975029591088394,0.4251700192479687,-0.3429310433325815,0.6897774417819738,-0.3941182448303136,0.522411135108195,1.5289574924779952,0.36842167591112224,1.5373246509047283,52,tomato,sandy Loamy soil
26507,0.8110716651870262,-1.0687588504872214,0.9207565056983947,1.114202454544477,0.27129407971252784,0.35811829074003143,-0.6921382518390313,-0.28270026865790004,0.18123799977213792,1.6028857619785961,1.0566627354556666,1.522747883293452,52,tomato,sandy Loamy soil
26540,0.8110716651870262,-1.0687588504872214,0.4123900170997968,-0.8975029591088394,1.0406737773897279,-0.17853402968213047,-0.8968665027458468,-0.6921683473368703,0.5440043715218695,1.60584289275862,0.29259850833418105,2.2552304557601066,52,tomato,sandy Loamy soil
26553,0.8110716651870262,-1.0687588504872214,-0.09597647149880119,1.114202454544477,-0.036457799358352465,0.5055087167714699,0.3485636902706145,-0.26642257944379444,0.565597607935544,1.5881001080784758,-0.09818243225467063,2.0730208606191476,52,tomato,sandy Loamy soil
26558,0.8110716651870262,-1.0687588504872214,-0.09597647149880119,-0.8975029591088394,0.11741814017708838,-0.02547474111102105,-1.0674733785015265,-0.623970442526048,0.26329229814410077,1.7891850011201105,0.3450914705028327,1.034426168315682,52,tomato,sandy Loamy soil
26568,0.8110716651870262,-1.0687588504872214,-0.09597647149880119,-0.8975029591088394,0.7329218983188477,0.41291729529018134,-0.6409561891123273,-0.3806470537565707,0.40580765847435246,1.0410309137740295,0.3800867786152672,1.2712986419989285,52,tomato,sandy Loamy soil
26570,0.8110716651870262,-1.0687588504872214,0.4123900170997968,-0.8975029591088394,-0.036457799358352465,0.057668576137482996,0.0073499387592553065,-0.3334978849984715,0.5612789606528095,1.5733144541783557,0.22260789210931195,1.1984148039425448,52,tomato,sandy Loamy soil
26610,0.8110716651870262,-1.0687588504872214,0.4123900170997968,-0.8975029591088394,1.1945497169251689,-0.12184540428542323,-0.9992306281992548,-0.6848714521719266,0.38853306934341325,0.7601034896717462,1.6515829733670526,1.0125610168987669,52,tomato,sandy Loamy soil
26613,0.8110716651870262,-1.0687588504872214,-0.09597647149880119,1.114202454544477,1.1945497169251689,-0.1369623710578787,-0.4703493133566477,-0.7718728945231814,0.4360381894534969,1.0972163985944863,1.7973967571688627,1.2348567229707366,52,tomato,sandy Loamy soil
26665,0.8110716651870262,-1.0687588504872214,0.4123900170997968,1.114202454544477,0.4251700192479687,-0.11806616259230963,-0.2826817500253999,-0.24789969171739817,0.4533127785844368,0.674346697051049,0.6075562813460911,0.9724749059677557,52,tomato,sandy Loamy soil
26675,0.8110716651870262,-1.0687588504872214,0.4123900170997968,1.114202454544477,-0.036457799358352465,0.04255160936502752,0.502109878450726,-0.5049749213746544,0.5526416660873394,1.5969715004185483,0.7592026164999739,1.2968079853186627,52,tomato,sandy Loamy soil
26687,0.8110716651870262,-1.0687588504872214,0.9207565056983947,1.114202454544477,0.7329218983188477,0.08790250968239341,-0.18031762457199252,-0.5526853897608264,0.17691935248940266,1.570357323398332,1.2024765192574767,1.2712986419989285,52,tomato,sandy Loamy soil
26688,0.8110716651870262,-1.0687588504872214,-0.09597647149880119,-0.8975029591088394,1.1945497169251689,0.20694862301547853,0.2461995648172065,-0.5863633674451831,0.3194347128196544,0.7748891435718663,0.16428237858858785,2.1896350015093615,52,tomato,sandy Loamy soil
26729,0.8110716651870262,-1.0687588504872214,-0.6043429600973992,1.114202454544477,0.8867978378542885,0.36756639497281596,-0.8286237524435751,-0.4828035860657863,0.47058736771537607,0.9611883827133805,-0.22649856200026383,2.040223133493775,52,tomato,sandy Loamy soil
26731,0.8110716651870262,-1.0687588504872214,-1.621075937294595,1.114202454544477,0.4251700192479687,0.06522705952371047,0.6727167542064055,-0.2953295102895338,0.28920418184051055,1.3574439072366011,0.32759381644661517,1.8762344978669119,52,tomato,sandy Loamy soil
26828,0.8110716651870262,-1.0687588504872214,-0.09597647149880119,-0.8975029591088394,-0.036457799358352465,-0.08783222904739894,-0.3850458754788079,-0.28775196531055375,0.27624823999230536,1.5023433154577788,1.7565688977043556,1.770552932685156,52,tomato,sandy Loamy soil
26829,0.8110716651870262,-1.0687588504872214,-0.6043429600973992,1.114202454544477,1.0406737773897279,0.4922813708455718,0.1438354393637991,-0.48055838755349567,0.3064787709714498,1.5053004462378026,0.8291932327248426,1.2858754096102054,52,tomato,sandy Loamy soil
26832,0.8110716651870262,-1.0687588504872214,0.9207565056983947,-0.8975029591088394,0.27129407971252784,0.3845729825918277,-0.0779534991185845,-0.4000118909250761,0.41012630575708775,0.7571463588917223,-0.15650794577539473,2.200567577217819,52,tomato,sandy Loamy soil
26867,0.8110716651870262,-1.0687588504872214,0.9207565056983947,1.114202454544477,0.5790459587834081,0.31087776957610846,-0.7945023772924388,-0.4263929734444888,0.5051365459772558,0.91683142101302,-0.2964891782251325,1.8252158112274437,52,tomato,sandy Loamy soil
26882,0.8110716651870262,-1.0687588504872214,0.9207565056983947,-0.8975029591088394,0.5790459587834081,0.03877236767191392,0.7238988169331095,-0.6503515250454608,0.4187636003225577,1.0351166522139814,1.6049225625504735,0.9105236436198295,52,tomato,sandy Loamy soil
26907,0.8110716651870262,-1.0687588504872214,0.9207565056983947,1.114202454544477,0.5790459587834081,-0.17286516714245978,-0.8286237524435751,-0.6845908023578902,0.5353670769563996,1.3988437381569374,1.359955405763432,1.7377552055597831,52,tomato,sandy Loamy soil
26960,0.8110716651870262,-1.0687588504872214,0.4123900170997968,-0.8975029591088394,-0.19033373889379193,-0.010357774338565839,0.6897774417819738,-0.3896278478057326,0.3712584802124734,1.95774145558148,-0.4014751025624361,2.1313279310642543,52,tomato,sandy Loamy soil
26970,0.8110716651870262,-1.0687588504872214,0.4123900170997968,-0.8975029591088394,0.8867978378542885,-0.016026636878236508,-0.8968665027458468,-0.4204993273497263,0.3583025383642688,1.7152567316195098,1.4999366382131702,1.675803943211857,52,tomato,sandy Loamy soil
27010,-1.100063855269374,-1.0687588504872214,0.4123900170997968,-0.8975029591088394,-0.8058374970355525,0.1219156849204177,-0.5897741263856233,-1.2363483367532675,0.4619500731499067,1.4846005307776347,0.45007739484013587,2.2588746476629256,31,onion,Loamy soil
27041,-1.100063855269374,-1.0687588504872214,-1.621075937294595,1.114202454544477,-0.6519615575001118,0.197500518782694,-0.0608928115430169,-1.448800245978751,0.4533127785844368,1.1977588451153032,-0.1856707025357568,1.4425756614314298,31,onion,Loamy soil
27115,-1.100063855269374,-1.0687588504872214,0.4123900170997968,1.114202454544477,-1.1135893761064315,-0.1388519919044355,-0.3679851879032397,-1.1594502877073196,0.479224662280846,0.8074175821521306,0.6425515894585256,1.446219853334249,31,onion,Loamy soil
27170,-1.100063855269374,-1.0687588504872214,0.4123900170997968,-0.8975029591088394,-0.6519615575001118,0.12380530576697477,-0.1632569369964243,-1.2703069642516605,0.3323906546678596,1.8778989245208315,-0.3548146917458566,0.914167835522649,31,onion,Loamy soil
27173,-1.100063855269374,-1.0687588504872214,-0.09597647149880119,1.114202454544477,-0.9597134365709921,-0.014137016031679708,-0.026771436391880492,-0.9798344067240838,0.5008178986945205,1.5260003616979714,1.0799929408639564,1.7122458622400487,31,onion,Loamy soil
27178,-1.100063855269374,-1.0687588504872214,-0.09597647149880119,-0.8975029591088394,-0.8058374970355525,0.06711668037026754,-0.6409561891123273,-0.9969540453802985,0.32375336010238964,1.62062854665874,0.9925046705828703,1.0745122792466926,31,onion,Loamy soil
27218,-1.100063855269374,-1.0687588504872214,-0.09597647149880119,-0.8975029591088394,-1.1135893761064315,0.1672665852377836,-0.3850458754788079,-1.368815048978404,0.38421442206067796,1.1267877063947267,-0.23233111335233592,1.4207105100145145,31,onion,Loamy soil
27222,-1.100063855269374,-1.0687588504872214,0.9207565056983947,-0.8975029591088394,-1.1135893761064315,-0.04626057042314692,0.024410626334822903,-1.3803216913538925,0.3280720073851243,1.3071726839761926,1.4882715355090252,1.489950156168079,31,onion,Loamy soil
27236,-1.100063855269374,-1.0687588504872214,-1.621075937294595,-0.8975029591088394,-0.9597134365709921,0.13136378915320224,-0.5556527512344875,-1.3241917285466311,0.38853306934341325,1.1534018834149427,-0.4656331674352323,0.914167835522649,31,onion,Loamy soil
27240,-1.100063855269374,-1.0687588504872214,0.4123900170997968,-0.8975029591088394,-0.3442096784292314,-0.050039812116260796,-0.0608928115430169,-1.2576777226200269,0.5440043715218695,1.1267877063947267,1.2957973408906358,1.6320736403780274,31,onion,Loamy soil
27262,-1.100063855269374,-1.0687588504872214,0.9207565056983947,-0.8975029591088394,-0.9597134365709921,0.029324263439129382,-0.5897741263856233,-1.1167915159738013,0.48354330956358127,1.5260003616979714,-0.16234049712746723,1.3696918233750464,31,onion,Loamy soil
27308,-1.100063855269374,-1.0687588504872214,-0.09597647149880119,-0.8975029591088394,-0.19033373889379193,0.08034402629616567,-0.09501418669415271,-1.3542212586485158,0.3798957747779433,1.1297448371747505,1.6574155247191247,1.672159751309038,31,onion,Loamy soil
27323,-1.100063855269374,-1.0687588504872214,-0.09597647149880119,1.114202454544477,-0.9597134365709921,-0.17286516714245978,-0.3338638127521039,-1.2961267471430007,0.531048429673665,0.6270326045706647,1.5699272544380385,1.2968079853186627,31,onion,Loamy soil
27340,-1.100063855269374,-1.0687588504872214,0.4123900170997968,-0.8975029591088394,-0.9597134365709921,0.1219156849204177,-0.4874100009322159,-1.3230691292904861,0.3453465965160642,1.9370415401213121,1.4241134706362282,1.2567218743876516,31,onion,Loamy soil
27361,-1.100063855269374,-1.0687588504872214,-1.621075937294595,1.114202454544477,-0.49808561796467227,-0.08216336650772828,-0.45328862578107953,-1.038770867671708,0.4576314258671715,0.7246179203114577,-0.21483345929611883,1.8252158112274437,31,onion,Loamy soil
27384,-1.100063855269374,-1.0687588504872214,-0.6043429600973992,-0.8975029591088394,-0.8058374970355525,-0.11617654174575257,-0.6238955015367591,-1.0839554877315534,0.4619500731499067,1.7477851701997738,1.35412285441136,2.058444093007871,31,onion,Loamy soil
27494,-1.100063855269374,-1.0687588504872214,-0.6043429600973992,-0.8975029591088394,-0.3442096784292314,0.06522705952371047,-0.2826817500253999,-1.2764812601604592,0.5915094916319539,0.6713895662710252,1.0799929408639564,1.2057031877481832,31,onion,Loamy soil
27501,-1.100063855269374,-1.0687588504872214,-1.621075937294595,1.114202454544477,-0.49808561796467227,-0.05759829550248853,-0.7433203145657353,-1.4987559128772132,0.18123799977213792,1.7862278703400858,0.16428237858858785,1.9600509116317533,31,onion,Loamy soil
27526,-1.100063855269374,-1.0687588504872214,-1.621075937294595,-0.8975029591088394,-0.49808561796467227,0.1483703767722145,-0.026771436391880492,-1.0160382327347675,0.5612789606528095,1.8305848320404463,0.39175188131941174,1.165617076817172,31,onion,Loamy soil
27537,-1.100063855269374,-1.0687588504872214,0.9207565056983947,1.114202454544477,-1.1135893761064315,0.010428054973560306,-0.3850458754788079,-1.2593616215042445,0.49649925141178586,1.0262452598739094,-0.3898099998582912,1.1692612687199915,31,onion,Loamy soil
27564,-1.100063855269374,-1.0687588504872214,-0.6043429600973992,-0.8975029591088394,-0.3442096784292314,0.10490909730140568,-0.45328862578107953,-1.2694650148095517,0.5396857242391349,0.8192461052722269,1.5815923571421835,1.2530776824848324,31,onion,Loamy soil
27589,-1.100063855269374,-1.0687588504872214,-0.6043429600973992,1.114202454544477,-0.8058374970355525,0.1086883389945193,-0.6238955015367591,-0.992744298169754,0.1985125889030772,0.6536467815908811,-0.4248053079707257,1.8252158112274437,31,onion,Loamy soil
27591,-1.100063855269374,-1.0687588504872214,-1.621075937294595,1.114202454544477,-0.8058374970355525,0.010428054973560306,-0.1973783121475601,-1.439538802115553,0.32375336010238964,1.5762715849583795,0.6133888326981636,0.9761190978705752,31,onion,Loamy soil
27602,-1.100063855269374,-1.0687588504872214,0.9207565056983947,-0.8975029591088394,-0.49808561796467227,0.1370326516928729,-0.09501418669415271,-1.2065994564654192,0.30216012368871514,1.0085024751937652,1.0449976327515216,1.3733360152778653,31,onion,Loamy soil
27630,-1.100063855269374,-1.0687588504872214,0.4123900170997968,-0.8975029591088394,-1.1135893761064315,-0.15207933783033392,-0.0438321239674487,-0.9660825658363049,0.5440043715218695,1.2805585069559762,-0.3606472430979291,1.9673392954373912,31,onion,Loamy soil
27688,-1.100063855269374,-1.0687588504872214,-0.09597647149880119,-0.8975029591088394,-1.2674653156418723,-0.04815019126970399,-0.3850458754788079,-0.9823602550504108,0.4489941313017015,0.6004184275504482,1.1558161084408975,2.1058185877445204,31,onion,Loamy soil
27694,-1.100063855269374,-1.0687588504872214,-0.6043429600973992,-0.8975029591088394,-0.3442096784292314,0.029324263439129382,-0.7945023772924388,-1.1341918044440522,0.4317195421707623,0.9286599441331163,0.5783935245857291,2.2370094962460105,31,onion,Loamy soil
27704,-1.100063855269374,-1.0687588504872214,-0.6043429600973992,-0.8975029591088394,-1.1135893761064315,-0.00657853264545197,-0.0608928115430169,-1.018283431247058,0.2805668872750406,0.6092898198905206,1.2374718273699117,1.1364635415946187,31,onion,Loamy soil
27722,-1.100063855269374,-1.0687588504872214,0.9207565056983947,-0.8975029591088394,-0.3442096784292314,0.15592886015844198,-0.2826817500253999,-0.9739407606293217,0.4403568367362322,1.978441371041648,0.9691744651745803,1.2385009148735555,31,onion,Loamy soil
27757,-1.100063855269374,-1.0687588504872214,0.9207565056983947,1.114202454544477,-0.8058374970355525,0.05577895529092593,-0.6750775642634631,-1.490897718084197,0.21146853075128177,1.8631132706207114,1.0449976327515216,2.262518839565745,31,onion,Loamy soil
27763,-1.100063855269374,-1.0687588504872214,-0.09597647149880119,1.114202454544477,-0.9597134365709921,-0.16152744206311845,-0.5897741263856233,-1.094620180664933,0.5483230188046049,1.9045131015410472,1.2957973408906358,1.6247852565723888,31,onion,Loamy soil
27784,-1.100063855269374,-1.0687588504872214,-0.6043429600973992,-0.8975029591088394,-0.6519615575001118,0.18994203539646654,-0.5897741263856233,-1.2172641493987986,0.30216012368871514,0.9464027288132603,1.4882715355090252,1.7158900541428683,31,onion,Loamy soil
27787,-1.100063855269374,-1.0687588504872214,0.9207565056983947,1.114202454544477,-1.2674653156418723,-0.051929432962817865,-0.2485603748742641,-1.427751509926028,0.574234902501014,0.8222032360522508,-0.45980061608316025,1.3368940962496736,31,onion,Loamy soil
27811,-1.100063855269374,-1.0687588504872214,-1.621075937294595,1.114202454544477,-0.6519615575001118,0.19183165624302334,-0.009710748816312897,-1.0693616974016655,0.4317195421707623,1.8364990936004948,0.8116955786686255,1.0854448549551505,31,onion,Loamy soil
27815,-1.100063855269374,-1.0687588504872214,0.4123900170997968,1.114202454544477,-0.3442096784292314,0.06711668037026754,-0.1632569369964243,-1.2801297077429312,0.3410279492333289,1.011459605973789,1.1616486597929696,2.14954889057835,31,onion,Loamy soil
27835,-1.100063855269374,-1.0687588504872214,0.4123900170997968,1.114202454544477,-0.49808561796467227,-0.1086180583595251,-0.6068348139611915,-1.0864813360578802,0.39717036390888316,1.0351166522139814,-0.13901029171917767,1.489950156168079,31,onion,Loamy soil
27917,-1.100063855269374,-1.0687588504872214,0.9207565056983947,1.114202454544477,-0.49808561796467227,0.11435720153419023,-0.11207487426972029,-0.9902184498434272,0.479224662280846,1.0558165676741496,0.15844982723651535,2.0875976282304247,31,onion,Loamy soil
27926,-1.100063855269374,-1.0687588504872214,-1.621075937294595,-0.8975029591088394,-0.3442096784292314,0.08223364714272274,-0.0608928115430169,-1.3609568541853874,0.40148901119161784,1.6413284621189088,0.39758443267148424,2.058444093007871,31,onion,Loamy soil
27945,-1.100063855269374,-1.0687588504872214,0.4123900170997968,1.114202454544477,-0.3442096784292314,0.1823835520102388,-0.5385920636589193,-1.213896351630363,0.2719295927095707,0.7837605359119384,-0.06901967549430858,1.5664781861272816,31,onion,Loamy soil
27984,-1.100063855269374,-1.0687588504872214,-0.6043429600973992,-0.8975029591088394,-0.49808561796467227,0.08412326798927955,-0.18031762457199252,-1.4709715812876194,0.5526416660873394,1.2184587605754715,-0.15067539442332223,1.938185760214838,31,onion,Loamy soil
28038,-1.100063855269374,-1.0687588504872214,-0.09597647149880119,-0.8975029591088394,-0.9597134365709921,0.20127976047580787,0.7068381293575413,-1.0870426356859528,0.5440043715218695,1.5467002771581393,-0.07485222684638107,1.1473961173030762,15,chillies,Loamy soil
28054,-1.100063855269374,-1.0687588504872214,-0.6043429600973992,-0.8975029591088394,-0.49808561796467227,0.20127976047580787,-0.1973783121475601,-1.0870426356859528,0.5871908443492186,1.4372864382972503,1.7798991031126457,1.952762527826115,15,chillies,Loamy soil
28073,-1.195620631292194,-1.0687588504872214,-0.09597647149880119,1.114202454544477,-0.19033373889379193,0.20127976047580787,-0.29974243760096814,-1.0870426356859528,0.582872197066484,1.8838131860808793,0.788365373260336,1.4207105100145145,15,chillies,Laterite soil
28078,-1.100063855269374,-1.0687588504872214,-0.09597647149880119,-0.8975029591088394,-0.6519615575001118,0.20127976047580787,0.31444231511947873,-1.0870426356859528,0.22442447259948697,1.354486776456577,0.04179880019506714,1.8434367707415396,15,chillies,Loamy soil
28094,-1.100063855269374,-1.0687588504872214,-0.6043429600973992,-0.8975029591088394,-0.8058374970355525,0.20127976047580787,0.38268506542175035,-1.0870426356859528,0.5612789606528095,0.5531043350700637,1.394950713875866,1.4535082371398873,15,chillies,Loamy soil
28102,-1.100063855269374,-1.0687588504872214,0.9207565056983947,-0.8975029591088394,-0.8058374970355525,0.20127976047580787,0.0073499387592553065,-1.0870426356859528,0.18123799977213792,0.6980037432912416,0.27510085427796355,1.3915569747919612,15,chillies,Loamy soil
28133,-1.195620631292194,-1.0687588504872214,-0.09597647149880119,1.114202454544477,0.11741814017708838,0.20127976047580787,0.48504919087515835,-1.0870426356859528,0.4360381894534969,0.727575051091482,-0.06318712414223608,1.6502945998921232,15,chillies,Laterite soil
28147,-1.195620631292194,-1.0687588504872214,0.9207565056983947,1.114202454544477,-0.8058374970355525,0.20127976047580787,0.2973816275439105,-1.0870426356859528,0.3496652437987988,0.9818882981735487,0.4325797407839188,1.0562913197325967,15,chillies,Laterite soil
28160,-1.100063855269374,-1.0687588504872214,0.4123900170997968,-0.8975029591088394,-0.3442096784292314,0.20127976047580787,0.6385953790552698,-1.0870426356859528,0.1985125889030772,0.8103747129321549,1.5524296003818214,1.5774107618357396,15,chillies,Loamy soil
28180,-1.100063855269374,-1.0687588504872214,0.4123900170997968,-0.8975029591088394,-0.6519615575001118,0.20127976047580787,0.09265337663709511,-1.0870426356859528,0.5569603133700741,1.4106722612770337,0.8000304759644805,1.934541568312019,15,chillies,Loamy soil
28188,-1.100063855269374,-1.0687588504872214,-0.09597647149880119,-0.8975029591088394,-0.036457799358352465,0.20127976047580787,0.7921415672353811,-1.0870426356859528,0.1941939416203425,1.907470232321072,0.36842167591112224,2.1896350015093615,15,chillies,Loamy soil
28198,-1.100063855269374,-1.0687588504872214,-0.09597647149880119,-0.8975029591088394,-0.3442096784292314,0.20127976047580787,0.17795681451493492,-1.0870426356859528,0.4662687204326414,0.7157465279713857,0.07096155695542919,1.668515559406219,15,chillies,Loamy soil
28216,-1.100063855269374,-1.0687588504872214,-1.621075937294595,-0.8975029591088394,0.11741814017708838,0.20127976047580787,-0.18031762457199252,-1.0870426356859528,0.3496652437987988,0.7719320127918425,-0.3606472430979291,1.952762527826115,15,chillies,Loamy soil
28218,-1.100063855269374,-1.0687588504872214,-0.09597647149880119,-0.8975029591088394,0.11741814017708838,0.20127976047580787,0.48504919087515835,-1.0870426356859528,0.4360381894534969,1.9695699787015764,-0.3489821403937841,1.832504195033082,15,chillies,Loamy soil
28251,-1.195620631292194,-1.0687588504872214,-1.621075937294595,1.114202454544477,-0.3442096784292314,0.20127976047580787,0.8262629423865175,-1.0870426356859528,0.5483230188046049,1.5082575770178273,1.5640947030859664,1.1473961173030762,15,chillies,Laterite soil
28272,-1.100063855269374,-1.0687588504872214,0.9207565056983947,-0.8975029591088394,-0.49808561796467227,0.20127976047580787,0.43386712814845435,-1.0870426356859528,0.3323906546678596,1.549657407938163,-0.06901967549430858,1.3368940962496736,15,chillies,Loamy soil
28341,-1.195620631292194,-1.0687588504872214,-1.621075937294595,1.114202454544477,-0.036457799358352465,0.20127976047580787,-0.1632569369964243,-1.0870426356859528,0.574234902501014,1.4018008689369614,0.27510085427796355,1.3587592476665888,15,chillies,Laterite soil
28346,-1.100063855269374,-1.0687588504872214,-1.621075937294595,-0.8975029591088394,-0.6519615575001118,0.20127976047580787,0.05853200148595931,-1.0870426356859528,0.38421442206067796,1.6620283775790767,1.377453059819649,1.610208488961112,15,chillies,Loamy soil
28347,-1.195620631292194,-1.0687588504872214,0.9207565056983947,1.114202454544477,0.11741814017708838,0.20127976047580787,0.22913887724163892,-1.0870426356859528,0.48354330956358127,1.6708997699191492,-0.1740055998316118,2.2042117691206378,15,chillies,Laterite soil
28362,-1.100063855269374,-1.0687588504872214,0.9207565056983947,-0.8975029591088394,-0.6519615575001118,0.20127976047580787,0.2973816275439105,-1.0870426356859528,0.4360381894534969,1.1474876218548946,1.359955405763432,2.0730208606191476,15,chillies,Loamy soil
28364,-1.100063855269374,-1.0687588504872214,-0.6043429600973992,-0.8975029591088394,0.11741814017708838,0.20127976047580787,0.024410626334822903,-1.0870426356859528,0.48786195684631595,0.6861752201711453,-0.16234049712746723,1.5846991456413775,15,chillies,Loamy soil
28423,-1.195620631292194,-1.0687588504872214,-0.09597647149880119,1.114202454544477,-0.036457799358352465,0.20127976047580787,-0.0779534991185845,-1.0870426356859528,0.36262118564700346,0.7748891435718663,0.776700270556191,1.063579703538235,15,chillies,Laterite soil
28482,-1.100063855269374,-1.0687588504872214,0.9207565056983947,-0.8975029591088394,-0.8058374970355525,0.20127976047580787,0.17795681451493492,-1.0870426356859528,0.3798957747779433,1.4136293920570577,-0.4714657187873048,1.6612271756005805,15,chillies,Loamy soil
28573,-1.195620631292194,-1.0687588504872214,-0.09597647149880119,1.114202454544477,0.11741814017708838,0.20127976047580787,-0.0779534991185845,-1.0870426356859528,0.4749060149981113,1.3249154686563367,-0.4714657187873048,1.8142832355189862,15,chillies,Laterite soil
28628,-1.100063855269374,-1.0687588504872214,-0.09597647149880119,-0.8975029591088394,-0.49808561796467227,0.20127976047580787,-0.1461962494208567,-1.0870426356859528,0.565597607935544,1.182973191215183,-0.06318712414223608,2.280739799079841,15,chillies,Loamy soil
28657,-1.195620631292194,-1.0687588504872214,0.9207565056983947,1.114202454544477,-0.6519615575001118,0.20127976047580787,-0.18031762457199252,-1.0870426356859528,0.5699162552182794,1.0085024751937652,1.6632480760711974,2.1714140419952654,15,chillies,Laterite soil
28675,-1.195620631292194,-1.0687588504872214,0.4123900170997968,1.114202454544477,-0.036457799358352465,0.20127976047580787,0.0073499387592553065,-1.0870426356859528,0.21578717803401704,1.2095873682353995,1.1266533516805355,1.1729054606228104,15,chillies,Laterite soil
28685,-1.195620631292194,-1.0687588504872214,0.4123900170997968,1.114202454544477,-0.6519615575001118,0.20127976047580787,0.041471313910391105,-1.0870426356859528,0.33670930195059423,1.8571990090606627,0.22844044346138445,1.7851297002964324,15,chillies,Laterite soil
28690,-1.100063855269374,-1.0687588504872214,0.4123900170997968,-0.8975029591088394,-0.6519615575001118,0.20127976047580787,-0.0779534991185845,-1.0870426356859528,0.42308224760529234,1.8217134397003747,0.08262665965957418,0.9688307140649367,15,chillies,Loamy soil
28691,-1.195620631292194,-1.0687588504872214,-1.621075937294595,1.114202454544477,-0.19033373889379193,0.20127976047580787,-0.2656210624498323,-1.0870426356859528,0.5958281389146886,1.387015215036841,0.48507270295257043,1.9236089926035616,15,chillies,Laterite soil
28692,-1.100063855269374,-1.0687588504872214,0.9207565056983947,-0.8975029591088394,-0.036457799358352465,0.20127976047580787,0.8945056926887891,-1.0870426356859528,0.40580765847435246,0.9966739520736689,1.342457751707215,1.3478266719581309,15,chillies,Loamy soil
28705,-1.195620631292194,-1.0687588504872214,0.4123900170997968,1.114202454544477,-0.8058374970355525,0.20127976047580787,0.21207818966607073,-1.0870426356859528,0.427400894888027,1.2125444990154233,1.2666345841302737,1.8106390436161668,15,chillies,Laterite soil
28713,-1.195620631292194,-1.0687588504872214,-0.09597647149880119,1.114202454544477,0.11741814017708838,0.20127976047580787,-0.0438321239674487,-1.0870426356859528,0.30216012368871514,1.8453704859405664,0.8000304759644805,2.1276837391614354,15,chillies,Laterite soil
28745,-1.195620631292194,-1.0687588504872214,0.4123900170997968,1.114202454544477,-0.3442096784292314,0.20127976047580787,0.46798850329959013,-1.0870426356859528,0.522411135108195,1.8276277012604225,0.9808395678787253,2.2953165666911173,15,chillies,Laterite soil
28756,-1.100063855269374,-1.0687588504872214,-1.621075937294595,-0.8975029591088394,-0.036457799358352465,0.20127976047580787,0.2461995648172065,-1.0870426356859528,0.31079741825418505,1.7329995162996537,-0.06901967549430858,1.8908112654781888,15,chillies,Loamy soil
28815,-1.195620631292194,-1.0687588504872214,0.4123900170997968,1.114202454544477,-0.6519615575001118,0.20127976047580787,-0.2144389997231283,-1.0870426356859528,0.31511606553691973,1.425457915177154,-0.10401498360674312,0.9323887950367449,15,chillies,Laterite soil
28855,-1.195620631292194,-1.0687588504872214,0.4123900170997968,1.114202454544477,-0.49808561796467227,0.20127976047580787,0.7750808796598135,-1.0870426356859528,0.5526416660873394,1.2007159758953274,-0.06318712414223608,1.7377552055597831,15,chillies,Laterite soil
28876,-1.100063855269374,-1.0687588504872214,-1.621075937294595,-0.8975029591088394,0.11741814017708838,0.20127976047580787,0.655656066630838,-1.0870426356859528,0.2546550035786308,1.7684850856599417,0.8350257840769151,2.0256463658824986,15,chillies,Loamy soil
28906,-1.100063855269374,-1.0687588504872214,-1.621075937294595,-0.8975029591088394,-0.036457799358352465,0.20127976047580787,0.12677475178823092,-1.0870426356859528,0.2546550035786308,0.7896747974719865,-0.27899152416891543,1.511815307584994,15,chillies,Loamy soil
28977,-1.195620631292194,-1.0687588504872214,0.9207565056983947,1.114202454544477,-0.036457799358352465,0.20127976047580787,0.5191705660262941,-1.0870426356859528,0.22874311988222162,0.7039180048512894,0.4209146380797738,1.9782718711458491,15,chillies,Laterite soil
29005,0.8110716651870262,-1.0687588504872214,0.4123900170997968,-0.8975029591088394,-0.8058374970355525,0.484722887459344,-1.7669615690998126,-1.3654472512099682,1.2004387584975753,1.8424133551605426,2.6547818059235073,2.3026049504967556,0,Cabbage,sandy Loamy soil
29007,0.8110716651870262,-1.0687588504872214,0.9207565056983947,-0.8975029591088394,-0.49808561796467227,0.025545021746015514,-1.8693256945532204,-1.1047235739702401,1.2177133476285151,1.8276277012604225,2.3281589302074517,2.000137022562764,0,Cabbage,sandy Loamy soil
29046,0.8110716651870262,-1.0687588504872214,-1.621075937294595,-0.8975029591088394,-0.3442096784292314,0.47338516238000267,-1.5792940057685652,-1.2776038594166044,1.0967912237119373,1.6235856774387638,1.98403840043518,1.2530776824848324,0,Cabbage,sandy Loamy soil
29060,0.8110716651870262,-1.0687588504872214,0.4123900170997968,-0.8975029591088394,-0.6519615575001118,1.1423109420611481,0.38268506542175035,-1.334014472037902,1.0233742199054443,1.871984662960783,2.538130778882059,0.9761190978705752,0,Cabbage,sandy Loamy soil
29088,0.8110716651870262,-1.0687588504872214,-0.09597647149880119,-0.8975029591088394,-0.49808561796467227,0.8418612274585997,-3.029452449691842,-1.287145953093839,1.1183844601256119,1.1977588451153032,2.2640008653346557,2.1714140419952654,0,Cabbage,sandy Loamy soil
29158,0.8110716651870262,-1.0687588504872214,-0.09597647149880119,-0.8975029591088394,-0.6519615575001118,-0.4317432231207562,-0.4874100009322159,-1.2700263144376243,0.9542758633816855,0.7601034896717462,1.3132949949468529,0.8886584922029147,0,Cabbage,sandy Loamy soil
29220,0.8110716651870262,-1.0687588504872214,0.4123900170997968,-0.8975029591088394,-0.8058374970355525,0.15025999761877132,-0.8286237524435751,-1.2700263144376243,1.0492861036018535,1.3958866073769136,0.9866721192307973,1.3587592476665888,0,Cabbage,sandy Loamy soil
29292,0.8110716651870262,-1.0687588504872214,0.9207565056983947,-0.8975029591088394,-0.6519615575001118,-0.36560649349126445,-0.45328862578107953,-1.1125817687632567,0.9629131579471555,1.443200699857298,1.3249600976509979,0.9797632897733941,0,Cabbage,sandy Loamy soil
29300,0.8110716651870262,-1.0687588504872214,0.4123900170997968,-0.8975029591088394,-0.19033373889379193,-0.1369623710578787,-1.0674733785015265,-1.2933202490026376,1.1529336383874915,1.4520720921973704,1.7274061409439936,1.9454741440204764,0,Cabbage,sandy Loamy soil
29302,0.8110716651870262,-1.0687588504872214,0.9207565056983947,-0.8975029591088394,-0.6519615575001118,-0.00657853264545197,-1.0845340660770946,-1.3039849419360172,0.9974623362090346,0.9493598595932846,1.6807457301274145,1.5628339942244627,0,Cabbage,sandy Loamy soil
29314,0.8110716651870262,-1.0687588504872214,-0.6043429600973992,-0.8975029591088394,-0.49808561796467227,0.29954004449676713,-2.6541173230293467,-1.3205432809641593,1.1918014639321053,0.8902172439928039,2.0656941193641933,1.9782718711458491,0,Cabbage,sandy Loamy soil
29340,0.8110716651870262,-1.0687588504872214,0.4123900170997968,-0.8975029591088394,-0.19033373889379193,-0.46386677751222366,-1.2722016294083418,-1.1058461732263851,0.96723180522989,0.8340317591723471,2.672279459979724,1.7122458622400487,0,Cabbage,sandy Loamy soil
29380,0.8110716651870262,-1.0687588504872214,0.4123900170997968,-0.8975029591088394,-0.8058374970355525,-0.22955379253916702,-2.517631822424803,-1.3065107902623438,0.9715504525126254,0.7808034051319145,1.9782058490831071,1.770552932685156,0,Cabbage,sandy Loamy soil
29420,0.8110716651870262,-1.0687588504872214,0.4123900170997968,-0.8975029591088394,-0.8058374970355525,-0.3334829390997969,-0.6238955015367591,-1.266097217041116,0.8981334487061319,1.4284150459571778,2.392316995080249,1.7851297002964324,0,Cabbage,sandy Loamy soil
29422,0.8110716651870262,-1.0687588504872214,0.9207565056983947,-0.8975029591088394,-0.6519615575001118,1.0723949707385423,-2.7052993857560503,-1.296407396957037,1.1702082275184307,2.0227983327420085,1.937377989618601,1.2530776824848324,0,Cabbage,sandy Loamy soil
29438,0.8110716651870262,-1.0687588504872214,-0.09597647149880119,-0.8975029591088394,-0.9597134365709921,1.1649863922198307,-0.8968665027458468,-1.2071607560934916,1.0320115144709137,1.0410309137740295,1.98403840043518,0.9506097545508408,0,Cabbage,sandy Loamy soil
29453,0.8110716651870262,-1.0687588504872214,-0.09597647149880119,-0.8975029591088394,-0.8058374970355525,-0.023585120264464247,-2.500571134849235,-1.1181947650439827,1.2436252313249243,1.7359566470796775,1.1499835570888255,1.7013132865315914,0,Cabbage,sandy Loamy soil
29499,0.8110716651870262,-1.0687588504872214,-0.6043429600973992,-0.8975029591088394,-0.49808561796467227,0.858867815077612,-1.1698375039549345,-1.293600898816674,1.157252285670226,1.3840580842568173,1.7449037950002106,0.8704375326888187,0,Cabbage,sandy Loamy soil
29501,0.8110716651870262,-1.0687588504872214,-1.621075937294595,-0.8975029591088394,-0.8058374970355525,-0.1086180583595251,-2.3129035715179875,-1.365166601395932,0.8549469758787829,0.6211183430106165,2.2581683139825834,2.2260769205375532,0,Cabbage,sandy Loamy soil
29539,0.8110716651870262,-1.0687588504872214,-0.6043429600973992,-0.8975029591088394,-0.49808561796467227,0.45070971222131945,-0.7091989394145989,-1.228490141960251,1.0924725764292025,1.0824307446943662,1.0216674273432325,1.8908112654781888,0,Cabbage,sandy Loamy soil
29552,0.8110716651870262,-1.0687588504872214,0.9207565056983947,-0.8975029591088394,-0.3442096784292314,0.5584181004750636,-2.6541173230293467,-1.4013704274066154,1.2393065840421895,0.7926319282520105,0.8000304759644805,1.409777934306057,0,Cabbage,sandy Loamy soil
29554,0.8110716651870262,-1.0687588504872214,-0.6043429600973992,-0.8975029591088394,-0.49808561796467227,-0.05381905380937466,-2.193478758489012,-1.2068801062794554,1.019055572622709,1.9104273631010957,2.042363913955904,1.2202799553594597,0,Cabbage,sandy Loamy soil
29621,0.8110716651870262,-1.0687588504872214,-1.621075937294595,-0.8975029591088394,-0.3442096784292314,0.20883824386203562,0.17795681451493492,-1.1369983025844153,1.1227031074083471,0.9523169903733084,0.875853643541422,1.4389314695286104,0,Cabbage,sandy Loamy soil
29652,0.8110716651870262,-1.0687588504872214,0.9207565056983947,-0.8975029591088394,-0.3442096784292314,0.2428514191000599,-0.9309878778969826,-1.3062301404483077,1.157252285670226,1.2894298992960485,1.943210540970673,1.8033506598105282,0,Cabbage,sandy Loamy soil
29659,0.8110716651870262,-1.0687588504872214,-0.6043429600973992,-0.8975029591088394,-0.8058374970355525,1.0251544495746194,-1.6475367560708372,-1.3789184422837109,1.1054285182774073,1.1711446680950872,0.8700210921893496,0.8704375326888187,0,Cabbage,sandy Loamy soil
29667,0.8110716651870262,-1.0687588504872214,0.9207565056983947,-0.8975029591088394,-0.3442096784292314,0.5338530294698235,-1.9205077572799243,-1.3999671783364338,1.0406488090363837,0.7068751356313137,2.473972714009262,1.6174968727667502,0,Cabbage,sandy Loamy soil
29682,0.8110716651870262,-1.0687588504872214,0.9207565056983947,-0.8975029591088394,-0.6519615575001118,0.7473801851307543,-2.841784886360595,-1.2186673984689802,0.8160791503341684,0.9996310828536928,2.042363913955904,2.1787024258009042,0,Cabbage,sandy Loamy soil
29685,0.8110716651870262,-1.0687588504872214,0.4123900170997968,-0.8975029591088394,-0.19033373889379193,0.9212253030139896,-2.7735421360583223,-1.3859346876346186,0.9154080378370717,0.7423607049916021,2.6314516005152173,2.2260769205375532,0,Cabbage,sandy Loamy soil
29694,0.8110716651870262,-1.0687588504872214,-0.6043429600973992,-0.8975029591088394,-0.49808561796467227,0.21072786470859242,-1.5451726306174294,-1.3345757716659745,0.9499572160989509,0.8517745438524911,2.5206331248258422,1.17654965252563,0,Cabbage,sandy Loamy soil
29705,0.8110716651870262,-1.0687588504872214,0.4123900170997968,-0.8975029591088394,-0.3442096784292314,0.25040990248628736,-0.5897741263856233,-1.3065107902623438,1.0536047508845883,0.7660177512317944,2.7597677302608106,1.6247852565723888,0,Cabbage,sandy Loamy soil
29800,0.8110716651870262,-1.0687588504872214,0.4123900170997968,-0.8975029591088394,-0.3442096784292314,-0.39584042703617484,-1.3916264424373173,-1.3545019084625523,0.8722215650097227,1.9725271094816004,1.7449037950002106,1.0927332387607884,0,Cabbage,sandy Loamy soil
29845,0.8110716651870262,-1.0687588504872214,0.4123900170997968,-0.8975029591088394,-0.8058374970355525,1.093180800050668,-1.5451726306174294,-1.2952847977008917,1.2177133476285151,0.9937168212936451,1.8382246166333698,1.1328193496917998,0,Cabbage,sandy Loamy soil
29852,0.8110716651870262,-1.0687588504872214,0.9207565056983947,-0.8975029591088394,-0.6519615575001118,0.3316635988882346,-0.6068348139611915,-1.3637633523257504,1.0147369253399745,1.7122996008394848,1.0274999786953045,1.2202799553594597,0,Cabbage,sandy Loamy soil
29866,0.8110716651870262,-1.0687588504872214,-1.621075937294595,-0.8975029591088394,-0.8058374970355525,0.30520890703643777,-0.9309878778969826,-1.4198933151330115,0.9370012742507463,1.25394432993576,0.8933512975976392,1.3769802071806847,0,Cabbage,sandy Loamy soil
29879,0.8110716651870262,-1.0687588504872214,-0.6043429600973992,-0.8975029591088394,-0.9597134365709921,1.1555382879870462,-0.5044706885077835,-1.1044429241562037,1.1918014639321053,1.2421158068156637,1.4416111246924461,2.3062491423995755,0,Cabbage,sandy Loamy soil
29899,0.8110716651870262,-1.0687588504872214,-0.6043429600973992,-0.8975029591088394,-0.6519615575001118,-0.11239730005263869,-1.596354693344133,-1.2857427040236573,1.2349879367594543,1.25394432993576,2.1356847355890625,1.4753733885568021,0,Cabbage,sandy Loamy soil
29904,0.8110716651870262,-1.0687588504872214,-0.6043429600973992,-0.8975029591088394,-0.6519615575001118,-0.4865422276709066,-2.551753197575939,-1.3761119441433478,1.114065812842877,1.2835156377360004,2.2931636220950176,1.340538288152493,0,Cabbage,sandy Loamy soil
29919,0.8110716651870262,-1.0687588504872214,-0.6043429600973992,-0.8975029591088394,-0.6519615575001118,0.11057795984107636,-2.6882386981804824,-1.153275991798521,1.131340401973817,1.10017352937451,1.966540746378963,1.0125610168987669,0,Cabbage,sandy Loamy soil
29959,0.8110716651870262,-1.0687588504872214,-0.6043429600973992,-0.8975029591088394,-0.6519615575001118,0.280643836031198,-2.2787821963668513,-1.3255949776168128,1.1831641693666353,1.8749417937408068,2.433144854544756,1.344182480055312,0,Cabbage,sandy Loamy soil
29970,0.8110716651870262,-1.0687588504872214,0.4123900170997968,-0.8975029591088394,-0.8058374970355525,1.00058937856938,-1.4939905678907253,-1.1998638609285477,0.8635842704442528,1.9932270249417683,2.683944562683869,2.142260506772712,0,Cabbage,sandy Loamy soil
30057,-1.195620631292194,-1.0687588504872214,0.9207565056983947,1.114202454544477,-0.49808561796467227,-1.0194153063999545,0.28032093996834234,1.7068262630454722,1.062242045450058,1.2835156377360004,2.1006894274766283,1.2968079853186627,6,bhendi,Laterite soil
30058,-1.100063855269374,-1.0687588504872214,-0.09597647149880119,-0.8975029591088394,-0.49808561796467227,-0.8569079135960604,0.3656243778461821,1.2097954423871748,1.0320115144709137,1.0025882136337172,1.3249600976509979,1.2676544500961093,6,bhendi,Loamy soil
30096,-1.100063855269374,-1.0687588504872214,-1.621075937294595,-0.8975029591088394,-0.036457799358352465,-0.9872917520084871,0.041471313910391105,3.222896558469597,1.044967456319119,1.6827282930392446,1.7507363463522836,2.083953436327605,6,bhendi,Loamy soil
30116,-1.100063855269374,-1.0687588504872214,-1.621075937294595,-0.8975029591088394,0.27129407971252784,-0.8399013259770481,-0.0608928115430169,3.3562052201368413,1.0751979872982627,1.245072937595688,2.660614357275579,0.8631491488831803,6,bhendi,Loamy soil
30149,-1.195620631292194,-1.0687588504872214,-0.6043429600973992,1.114202454544477,-0.8058374970355525,-0.9306031266117798,0.1438354393637991,1.5126165917323484,1.1918014639321053,1.0528594368941258,1.4824389841569523,1.5992759132526544,6,bhendi,Laterite soil
30200,-1.100063855269374,-1.0687588504872214,0.4123900170997968,-0.8975029591088394,-0.19033373889379193,-0.9117069181462107,0.0073499387592553065,2.2790712338655004,1.1529336383874915,1.8749417937408068,1.4299460219883011,0.9979842492874901,6,bhendi,Loamy soil
30218,-1.100063855269374,-1.0687588504872214,-0.09597647149880119,-0.8975029591088394,-0.6519615575001118,-1.0118568230137268,-0.11207487426972029,1.4525575315285795,1.1615709329529609,0.8813458516527314,2.2756659680388007,2.1349721229670737,6,bhendi,Loamy soil
30232,-1.100063855269374,-1.0687588504872214,0.9207565056983947,-0.8975029591088394,0.11741814017708838,-0.9249342640721091,0.1950175020905025,1.0293376119618296,1.1442963438220215,1.9459129324613837,2.34565658426367,1.591987529447016,6,bhendi,Loamy soil
30241,-1.195620631292194,-1.0687588504872214,-1.621075937294595,1.114202454544477,-0.3442096784292314,-0.9532785767704628,0.21207818966607073,2.037993043608313,1.114065812842877,1.549657407938163,2.8122606924294624,1.5628339942244627,6,bhendi,Laterite soil
30287,-1.195620631292194,-1.0687588504872214,0.9207565056983947,1.114202454544477,-0.6519615575001118,-0.9929606145481579,0.1097140642126627,1.0447733517338265,1.1961201112148405,1.0173738675338373,1.7157410382398488,1.8653019221584544,6,bhendi,Laterite soil
30306,-1.100063855269374,-1.0687588504872214,-1.621075937294595,-0.8975029591088394,-0.3442096784292314,-0.8531286719029465,0.17795681451493492,1.7500463344070636,1.1961201112148405,2.002098417281841,2.024866259899687,1.901743841186646,6,bhendi,Loamy soil
30322,-1.100063855269374,-1.0687588504872214,0.9207565056983947,-0.8975029591088394,0.11741814017708838,-1.0269737897861821,0.2461995648172065,3.0996912901076588,1.1745268748011661,1.8808560553008553,1.2899647895385629,0.9834074816762131,6,bhendi,Loamy soil
30360,-1.100063855269374,-1.0687588504872214,0.4123900170997968,-0.8975029591088394,-0.3442096784292314,-1.0156360647068405,0.16089612693936672,1.8454672711794076,1.088153929146468,0.7098322664113376,1.6165876652546183,1.5373246509047283,6,bhendi,Loamy soil
30361,-1.195620631292194,-1.0687588504872214,-1.621075937294595,1.114202454544477,-0.036457799358352465,-0.907927676453097,0.2461995648172065,3.5908284646711937,1.2047574057803099,1.8956417092009756,1.6690806274232697,2.215144344829096,6,bhendi,Laterite soil
30362,-1.100063855269374,-1.0687588504872214,0.9207565056983947,-0.8975029591088394,-0.036457799358352465,-0.9759540269291456,0.1438354393637991,2.282719681447972,1.1874828166493707,0.6980037432912416,1.5699272544380385,1.8944554573810077,6,bhendi,Loamy soil
30374,-1.100063855269374,-1.0687588504872214,-0.6043429600973992,-0.8975029591088394,-0.6519615575001118,-0.9627266810032473,0.12677475178823092,2.2759840859111007,1.1788455220839007,1.854241878280639,2.5089680221216972,2.262518839565745,6,bhendi,Loamy soil
30400,-1.100063855269374,-1.0687588504872214,0.4123900170997968,-0.8975029591088394,0.27129407971252784,-0.9570578184635765,0.22913887724163892,2.265319392977721,1.1918014639321053,1.2835156377360004,0.9925046705828703,1.8288600031302626,6,bhendi,Loamy soil
30449,-1.195620631292194,-1.0687588504872214,-0.6043429600973992,1.114202454544477,-0.036457799358352465,-0.9891813728550439,0.1097140642126627,1.2603124089137099,1.0579233981673235,0.6122469506705445,1.6165876652546183,1.1073100063720653,6,bhendi,Laterite soil
30471,-1.195620631292194,-1.0687588504872214,-1.621075937294595,1.114202454544477,-0.19033373889379193,-0.9532785767704628,0.3485636902706145,2.5406368605473366,1.0492861036018535,0.5738042505302321,2.019033708547614,1.9454741440204764,6,bhendi,Laterite soil
30481,-1.195620631292194,-1.0687588504872214,-1.621075937294595,1.114202454544477,-0.49808561796467227,-0.9117069181462107,-0.0779534991185845,3.1659246462202266,1.0838352818637327,0.7009608740712655,1.914047784210311,1.7486877812682406,6,bhendi,Laterite soil
30528,-1.100063855269374,-1.0687588504872214,-0.09597647149880119,-0.8975029591088394,-0.6519615575001118,-1.0024087187809423,-0.0608928115430169,2.0250831521626433,1.1529336383874915,1.9902698941617443,2.059861568012121,2.280739799079841,6,bhendi,Loamy soil
30571,-1.195620631292194,-1.0687588504872214,-1.621075937294595,1.114202454544477,-0.6519615575001118,-1.0156360647068405,-0.11207487426972029,1.5867081426379335,1.0579233981673235,0.9582312519333566,1.7332386922960665,1.8288600031302626,6,bhendi,Laterite soil
30585,-1.195620631292194,-1.0687588504872214,0.4123900170997968,1.114202454544477,-0.3442096784292314,-0.9400512308445643,0.31444231511947873,2.5080814821191257,1.1788455220839007,1.1149591832746304,1.6807457301274145,1.7997064679077093,6,bhendi,Laterite soil
30587,-1.195620631292194,-1.0687588504872214,0.9207565056983947,1.114202454544477,0.27129407971252784,-0.9268238849186661,0.2973816275439105,2.9750827726755387,1.2220319949112497,1.854241878280639,1.8032293085209348,1.3806243990835037,6,bhendi,Laterite soil
30625,-1.195620631292194,-1.0687588504872214,0.4123900170997968,1.114202454544477,-0.036457799358352465,-0.8776937429081865,0.07559268906152691,2.7258657378112985,1.1831641693666353,1.4402435690772741,1.995703503139325,1.2129915715538218,6,bhendi,Laterite soil
30648,-1.100063855269374,-1.0687588504872214,-0.09597647149880119,-0.8975029591088394,-0.036457799358352465,-0.9117069181462107,0.2461995648172065,3.172660241757098,1.165889580235696,1.4698148768775146,1.6224202166066906,1.511815307584994,6,bhendi,Loamy soil
30654,-1.100063855269374,-1.0687588504872214,-0.6043429600973992,-0.8975029591088394,-0.8058374970355525,-0.864466396982288,0.31444231511947873,1.6389090080486861,1.2306692894767197,0.656603912370905,1.4416111246924461,1.3113847529299392,6,bhendi,Loamy soil
30661,-1.195620631292194,-1.0687588504872214,-1.621075937294595,1.114202454544477,-0.3442096784292314,-0.9551681976170197,-0.026771436391880492,2.519307474680578,1.1918014639321053,1.7566565625398454,1.1499835570888255,1.4790175804596217,6,bhendi,Laterite soil
30686,-1.100063855269374,-1.0687588504872214,-1.621075937294595,-0.8975029591088394,-0.036457799358352465,-0.9570578184635765,0.041471313910391105,1.2774320475699243,1.0536047508845883,1.020330998313861,0.8816861948934942,1.3514708638609505,6,bhendi,Loamy soil
30745,-1.195620631292194,-1.0687588504872214,0.4123900170997968,1.114202454544477,0.27129407971252784,-0.9400512308445643,0.05853200148595931,1.0298989115899024,1.1702082275184307,1.5910572388584998,2.8064281410773897,1.340538288152493,6,bhendi,Laterite soil
30759,-1.195620631292194,-1.0687588504872214,-0.6043429600973992,1.114202454544477,-0.036457799358352465,-0.9041484347599831,-0.0438321239674487,1.3394556564719475,1.1874828166493707,1.6827282930392446,2.573126086994493,1.2676544500961093,6,bhendi,Laterite soil
30784,-1.100063855269374,-1.0687588504872214,-0.6043429600973992,-0.8975029591088394,-0.8058374970355525,-0.9457200933842351,0.3656243778461821,1.3532074973597268,1.0320115144709137,0.7601034896717462,2.094856876124555,1.063579703538235,6,bhendi,Loamy soil
30839,-1.195620631292194,-1.0687588504872214,-0.6043429600973992,1.114202454544477,-0.8058374970355525,-0.8587975344426173,-0.09501418669415271,1.060770391133896,1.0838352818637327,1.9192987554411673,2.549795881586204,1.2968079853186627,6,bhendi,Laterite soil
30871,-1.195620631292194,-1.0687588504872214,-1.621075937294595,1.114202454544477,-0.19033373889379193,-1.0024087187809423,0.12677475178823092,2.7407401779552236,1.2004387584975753,1.2036731066753514,0.9866721192307973,1.4425756614314298,6,bhendi,Laterite soil
30925,-1.195620631292194,-1.0687588504872214,0.4123900170997968,1.114202454544477,-0.49808561796467227,-0.9400512308445643,0.28032093996834234,2.140710875545601,1.2220319949112497,0.8340317591723471,2.333991481559525,1.5992759132526544,6,bhendi,Laterite soil
30938,-1.100063855269374,-1.0687588504872214,-0.09597647149880119,-0.8975029591088394,-0.19033373889379193,-0.9362719891514506,0.1950175020905025,1.5639755077009923,1.0751979872982627,1.1090449217145821,1.890717578802021,1.194770612039726,6,bhendi,Loamy soil
30950,-1.100063855269374,-1.0687588504872214,0.4123900170997968,-0.8975029591088394,-0.3442096784292314,-0.9041484347599831,0.12677475178823092,1.4926904549357711,1.1270217546910817,1.1179163140546542,0.6950445516271773,2.0292905577853175,6,bhendi,Loamy soil
30973,-1.195620631292194,-1.0687588504872214,-0.09597647149880119,1.114202454544477,0.27129407971252784,-0.9551681976170197,0.2973816275439105,1.093325769562108,1.062242045450058,1.656114116019029,0.7242073083875393,2.2042117691206378,6,bhendi,Laterite soil
30983,-1.195620631292194,-1.0687588504872214,-0.09597647149880119,1.114202454544477,0.11741814017708838,-0.9041484347599831,0.28032093996834234,2.197402137980935,1.157252285670226,1.6620283775790767,0.6892120002751048,1.952762527826115,6,bhendi,Laterite soil
30987,-1.195620631292194,-1.0687588504872214,0.9207565056983947,1.114202454544477,0.27129407971252784,-0.9003691930668692,0.16089612693936672,2.47356155499266,1.114065812842877,1.4491149614173466,2.4448099572489,2.3026049504967556,6,bhendi,Laterite soil
31149,-1.195620631292194,-1.0687588504872214,-0.6043429600973992,1.114202454544477,-0.036457799358352465,-0.08216336650772828,-0.4362279382055119,0.6585992076198698,0.8117605030514338,1.7300423855196299,1.2083090706095496,0.9068794517170106,10,brinjal,Laterite soil
31152,-1.100063855269374,-1.0687588504872214,0.9207565056983947,-0.8975029591088394,-0.036457799358352465,-0.12940388767165098,0.604474003904134,0.4885254203138687,0.8117605030514338,0.8133318437121787,1.6457504220149803,1.9418299521176574,10,brinjal,Loamy soil
31227,-1.195620631292194,-1.0687588504872214,0.9207565056983947,1.114202454544477,-0.8058374970355525,0.5092879584645841,-0.5897741263856233,0.5171517013455714,0.8117605030514338,0.7394035742115779,-0.44230296202694275,1.832504195033082,10,brinjal,Laterite soil
31232,-1.100063855269374,-1.0687588504872214,0.9207565056983947,-0.8975029591088394,0.8867978378542885,0.35622866989347407,-0.1632569369964243,0.2597958218742791,0.8117605030514338,1.8512847475006151,1.336625200355142,1.6539387917949422,10,brinjal,Loamy soil
31235,-1.195620631292194,-1.0687588504872214,0.4123900170997968,1.114202454544477,1.0406737773897279,-0.11806616259230963,0.33150300269504634,0.6052757429529717,0.8117605030514338,1.2095873682353995,0.6950445516271773,1.4024895505004187,10,brinjal,Laterite soil
31258,-1.100063855269374,-1.0687588504872214,-0.09597647149880119,-0.8975029591088394,0.11741814017708838,0.2693061109518564,-1.0845340660770946,0.5393230366544398,0.8117605030514338,0.8488174130724673,-0.1215126376629602,0.8704375326888187,10,brinjal,Loamy soil
31261,-1.195620631292194,-1.0687588504872214,-1.621075937294595,1.114202454544477,0.8867978378542885,0.06900630121682434,0.7068381293575413,0.5856302559704303,0.8117605030514338,1.9636557171415279,0.22844044346138445,2.167769850092446,10,brinjal,Laterite soil
31295,-1.195620631292194,-1.0687588504872214,0.4123900170997968,1.114202454544477,1.1945497169251689,0.7152566307392866,0.3485636902706145,0.6633702544584872,0.8117605030514338,0.7039180048512894,1.3249600976509979,1.2275683391650982,10,brinjal,Laterite soil
31315,-1.195620631292194,-1.0687588504872214,0.4123900170997968,1.114202454544477,-0.19033373889379193,0.25229952333284444,-0.1461962494208567,0.26989921517958615,0.8117605030514338,1.3219583378763127,-0.2673264214647704,1.3952011666947808,10,brinjal,Laterite soil
31341,-1.195620631292194,-1.0687588504872214,-1.621075937294595,1.114202454544477,0.7329218983188477,0.4450408496816491,-0.23149968729869652,0.6945223838165169,0.8117605030514338,1.0469451753340777,0.6950445516271773,1.3551150557637694,10,brinjal,Laterite soil
31370,-1.100063855269374,-1.0687588504872214,0.4123900170997968,-0.8975029591088394,0.27129407971252784,-0.0632671580421592,0.7750808796598135,0.7764721295151183,0.8117605030514338,1.4786862692175868,1.7332386922960665,1.83979257883872,10,brinjal,Loamy soil
31371,-1.195620631292194,-1.0687588504872214,-1.621075937294595,1.114202454544477,-0.3442096784292314,0.3411117031210191,-0.5044706885077835,0.6086435407214075,0.8117605030514338,0.576761381310256,1.5465970490297494,1.606564297058293,10,brinjal,Laterite soil
31377,-1.195620631292194,-1.0687588504872214,0.9207565056983947,1.114202454544477,0.5790459587834081,0.40913805359706773,0.17795681451493492,0.8738576149857166,0.8117605030514338,1.8778989245208315,1.6457504220149803,1.4571524290427063,10,brinjal,Laterite soil
31390,-1.100063855269374,-1.0687588504872214,0.4123900170997968,-0.8975029591088394,-0.8058374970355525,-0.15207933783033392,0.16089612693936672,0.8761028134980069,0.8117605030514338,1.0351166522139814,0.3334263677986877,1.8835228816725502,10,brinjal,Loamy soil
31393,-1.195620631292194,-1.0687588504872214,-0.09597647149880119,1.114202454544477,-0.6519615575001118,0.7265943558186284,0.7409595045086778,0.16886528212651605,0.8117605030514338,1.3722295611367215,0.3100961623903981,1.522747883293452,10,brinjal,Laterite soil
31406,-1.100063855269374,-1.0687588504872214,-1.621075937294595,-0.8975029591088394,-0.6519615575001118,0.16348734354466973,0.7238988169331095,0.3653201519519302,0.8117605030514338,0.6477325200308329,1.1908114165533317,2.185990809606542,10,brinjal,Loamy soil
31407,-1.195620631292194,-1.0687588504872214,0.9207565056983947,1.114202454544477,0.8867978378542885,0.008538434127003237,0.041471313910391105,0.1932818159476748,0.8117605030514338,1.9015559707610232,1.6049225625504735,2.1058185877445204,10,brinjal,Laterite soil
31428,-1.100063855269374,-1.0687588504872214,-0.09597647149880119,-0.8975029591088394,0.5790459587834081,0.2730853526449703,0.1438354393637991,0.8345666410206337,0.8117605030514338,1.9636557171415279,0.5025703570087875,2.058444093007871,10,brinjal,Loamy soil
31435,-1.195620631292194,-1.0687588504872214,0.4123900170997968,1.114202454544477,0.27129407971252784,0.17482506862401107,0.1438354393637991,0.18486232152658563,0.8117605030514338,1.9104273631010957,0.9516768111183632,0.9105236436198295,10,brinjal,Laterite soil
31441,-1.195620631292194,-1.0687588504872214,-1.621075937294595,1.114202454544477,-0.49808561796467227,0.601879379945872,-0.8798058151702786,0.1618490367756084,0.8117605030514338,1.9252130170012158,0.030133697490922567,1.901743841186646,10,brinjal,Laterite soil
31475,-1.195620631292194,-1.0687588504872214,0.4123900170997968,1.114202454544477,-0.19033373889379193,0.30898814872955166,-0.6409561891123273,0.036959869529452294,0.8117605030514338,1.0025882136337172,1.33079264900307,0.8959468760085532,10,brinjal,Laterite soil
31495,-1.195620631292194,-1.0687588504872214,0.4123900170997968,1.114202454544477,0.11741814017708838,-0.0027992909523381015,0.7580201920842453,0.2839317058814015,0.8117605030514338,1.6294999389988125,-0.33731703768963955,1.610208488961112,10,brinjal,Laterite soil
31556,-1.100063855269374,-1.0687588504872214,-1.621075937294595,-0.8975029591088394,0.5790459587834081,0.46393705814721814,0.5362312536018617,0.750652346623778,0.8117605030514338,1.8069277858002546,1.8148944112250798,0.8886584922029147,10,brinjal,Loamy soil
31579,-1.195620631292194,-1.0687588504872214,-0.6043429600973992,1.114202454544477,0.5790459587834081,0.6434510385701244,0.05853200148595931,0.767771985279993,0.8117605030514338,1.159316144974991,0.3334263677986877,1.4790175804596217,10,brinjal,Laterite soil
31658,-1.100063855269374,-1.0687588504872214,-0.09597647149880119,-0.8975029591088394,-0.036457799358352465,0.010428054973560306,0.6727167542064055,0.7952756670555509,0.8117605030514338,1.4727720076575384,-0.2673264214647704,1.5810549537385585,10,brinjal,Loamy soil
31710,-1.100063855269374,-1.0687588504872214,0.4123900170997968,-0.8975029591088394,0.27129407971252784,0.025545021746015514,0.7921415672353811,0.41724036754864674,0.8117605030514338,0.6329468661307128,-0.10401498360674312,1.53003626709909,10,brinjal,Loamy soil
31724,-1.100063855269374,-1.0687588504872214,-0.6043429600973992,-0.8975029591088394,0.8867978378542885,-0.04437094957659012,0.12677475178823092,0.48431567310332413,0.8117605030514338,1.6294999389988125,1.394950713875866,0.8850143003000958,10,brinjal,Loamy soil
31726,-1.100063855269374,-1.0687588504872214,-1.621075937294595,-0.8975029591088394,-0.9597134365709921,0.5962105174062017,0.1438354393637991,0.06249900260675619,0.8117605030514338,0.7423607049916021,0.21094278940516697,0.8813701083972763,10,brinjal,Loamy soil
31738,-1.100063855269374,-1.0687588504872214,-0.09597647149880119,-0.8975029591088394,0.11741814017708838,0.4072484327505109,-0.7603810021413029,0.043695465066323574,0.8117605030514338,0.8902172439928039,0.1817800326448049,1.9199648007007422,10,brinjal,Loamy soil
31739,-1.195620631292194,-1.0687588504872214,-0.6043429600973992,1.114202454544477,0.7329218983188477,0.6151067258717707,-0.8627451275947109,0.5513909786580008,0.8117605030514338,1.1327019679547743,-0.2439962160564809,1.7341110136569642,10,brinjal,Laterite soil
31749,-1.195620631292194,-1.0687588504872214,-0.6043429600973992,1.114202454544477,1.3484256564606083,0.6056586216389862,0.7238988169331095,0.47758007756645254,0.8117605030514338,0.6329468661307128,1.7740665517605727,1.1182425820805229,10,brinjal,Laterite soil
31774,-1.100063855269374,-1.0687588504872214,-0.6043429600973992,-0.8975029591088394,1.0406737773897279,0.548969996242279,0.2461995648172065,0.7868561726344617,0.8117605030514338,1.2362015452556157,0.9516768111183632,1.6211410646695694,10,brinjal,Loamy soil
31786,-1.100063855269374,-1.0687588504872214,-1.621075937294595,-0.8975029591088394,-0.036457799358352465,0.04066198851847072,0.38268506542175035,0.5965755987178465,0.8117605030514338,2.0109698096219133,-0.37231234580207406,1.3551150557637694,10,brinjal,Loamy soil
31807,-1.195620631292194,-1.0687588504872214,0.9207565056983947,1.114202454544477,0.5790459587834081,-0.012247395185122639,0.4168064405728861,0.4545667928154753,0.8117605030514338,1.8453704859405664,0.28093340563003605,1.3186731367355775,10,brinjal,Laterite soil
31809,-1.195620631292194,-1.0687588504872214,-0.6043429600973992,1.114202454544477,0.11741814017708838,-0.02547474111102105,-0.3338638127521039,0.44446339951016856,0.8117605030514338,1.6176714158787162,0.28676595698210855,0.8886584922029147,10,brinjal,Laterite soil
31832,-1.100063855269374,-1.0687588504872214,0.9207565056983947,-0.8975029591088394,1.3484256564606083,-0.14452085444410617,-0.9480485654725508,0.4175210173626828,0.8117605030514338,1.1060877909345583,1.2491369300740558,2.098530203938882,10,brinjal,Loamy soil
31835,-1.195620631292194,-1.0687588504872214,0.4123900170997968,1.114202454544477,-0.49808561796467227,0.046330851058141394,-0.4191672506299437,0.7913465696590424,0.8117605030514338,1.9902698941617443,-0.02235926467772946,1.8653019221584544,10,brinjal,Laterite soil
31909,-1.195620631292194,-1.0687588504872214,-0.6043429600973992,1.114202454544477,0.7329218983188477,0.20316938132236467,-0.4191672506299437,0.1865462204108032,0.8117605030514338,1.8098849165802784,-0.10984753495881562,1.7924180841020707,10,brinjal,Laterite soil
31995,-1.195620631292194,-1.0687588504872214,0.4123900170997968,1.114202454544477,-0.19033373889379193,0.5886520340199739,-0.5215313760833518,0.5996627466722456,0.8117605030514338,1.833541962820471,1.1791463138491876,2.215144344829096,10,brinjal,Laterite soil
31998,-1.100063855269374,-1.0687588504872214,-0.09597647149880119,-0.8975029591088394,-0.19033373889379193,0.5565284796285067,-1.1527768163793661,0.8107114068275477,0.8117605030514338,0.567889988970184,0.5375656651212221,2.2880281828854794,10,brinjal,Loamy soil
32015,-1.195620631292194,-1.0687588504872214,0.4123900170997968,-0.8975029591088394,-1.1135893761064315,-0.9324927474583368,0.43386712814845435,-0.14546250959414653,0.9456385688162156,0.6181612122305926,0.46174249754428087,1.6284294484752078,11,capsicum,Laterite soil
32049,-1.195620631292194,-1.0687588504872214,-0.6043429600973992,-0.8975029591088394,0.5790459587834081,-0.9324927474583368,0.3997457529973185,-0.8369836513796042,0.880858859575192,1.1238305756147025,1.6749131787753424,1.3587592476665888,11,capsicum,Laterite soil
32070,-1.100063855269374,-1.0687588504872214,0.4123900170997968,-0.8975029591088394,-0.6519615575001118,-0.9324927474583368,-0.1973783121475601,0.14697459663168433,0.9585945106644208,0.93161707491314,0.2576032002217465,1.9236089926035616,11,capsicum,Loamy soil
32078,-1.100063855269374,-1.0687588504872214,-0.09597647149880119,-0.8975029591088394,-1.421341255177312,-0.9324927474583368,-0.0438321239674487,0.6086435407214075,0.932682626968011,0.9050028978929241,0.10595686506786374,1.4498640452370684,11,capsicum,Loamy soil
32082,-1.100063855269374,-1.0687588504872214,0.9207565056983947,-0.8975029591088394,-1.2674653156418723,-0.9324927474583368,-0.5044706885077835,-0.010750598856719706,0.9024520959888666,1.7950992626801583,0.5842260759378015,1.1328193496917998,11,capsicum,Loamy soil
32144,-1.100063855269374,-1.0687588504872214,-0.6043429600973992,-0.8975029591088394,0.11741814017708838,-0.9324927474583368,-0.8627451275947109,-0.28270026865790004,0.8722215650097227,1.0824307446943662,1.5757598057901114,1.4389314695286104,11,capsicum,Loamy soil
32165,-1.195620631292194,-1.0687588504872214,0.4123900170997968,-0.8975029591088394,-1.2674653156418723,-0.9324927474583368,-0.11207487426972029,0.4570926411418023,0.8290350921823736,1.1327019679547743,1.6399178706629076,0.9068794517170106,11,capsicum,Laterite soil
32174,-1.100063855269374,-1.0687588504872214,-0.6043429600973992,-0.8975029591088394,0.4251700192479687,-0.9324927474583368,0.7921415672353811,0.48459632291736016,0.880858859575192,1.425457915177154,-0.4248053079707257,1.1291751577889801,11,capsicum,Loamy soil
32185,-1.195620631292194,-1.0687588504872214,0.4123900170997968,-0.8975029591088394,-0.3442096784292314,-0.9324927474583368,-0.4874100009322159,-1.0690810475876293,0.8722215650097227,1.1888874527752311,1.7099084868877765,1.8762344978669119,11,capsicum,Laterite soil
32196,-1.100063855269374,-1.0687588504872214,-1.621075937294595,-0.8975029591088394,0.11741814017708838,-0.9324927474583368,-0.3338638127521039,-0.9034976573062088,1.0147369253399745,1.5407860155980915,1.0158348759911595,1.6539387917949422,11,capsicum,Loamy soil
32219,-1.195620631292194,-1.0687588504872214,-0.6043429600973992,-0.8975029591088394,0.5790459587834081,-0.9324927474583368,-1.3063230045594776,-0.5024490730483278,0.8290350921823736,2.002098417281841,0.8700210921893496,1.9782718711458491,11,capsicum,Laterite soil
32267,-1.195620631292194,-1.0687588504872214,0.9207565056983947,-0.8975029591088394,-1.2674653156418723,-0.9324927474583368,-1.3916264424373173,-0.9893765004013184,0.8981334487061319,1.0173738675338373,1.7915642058167907,1.4535082371398873,11,capsicum,Laterite soil
32273,-1.195620631292194,-1.0687588504872214,-0.09597647149880119,-0.8975029591088394,-0.9597134365709921,-0.9324927474583368,-0.09501418669415271,-0.5352851012905754,0.8160791503341684,1.245072937595688,1.5640947030859664,1.832504195033082,11,capsicum,Laterite soil
32342,-1.100063855269374,-1.0687588504872214,0.9207565056983947,-0.8975029591088394,-0.6519615575001118,-0.9324927474583368,-0.6409561891123273,-0.5063781704448359,0.9197266851198064,0.8724744593126594,1.5349319463256044,1.4024895505004187,11,capsicum,Loamy soil
32386,-1.100063855269374,-1.0687588504872214,-1.621075937294595,-0.8975029591088394,-0.49808561796467227,-0.9324927474583368,-1.3916264424373173,0.466915384633073,0.98450639436083,1.2894298992960485,0.1409521731802983,1.916320608797923,11,capsicum,Loamy soil
32404,-1.100063855269374,-1.0687588504872214,-0.6043429600973992,-0.8975029591088394,-0.19033373889379193,-0.9324927474583368,-1.186898191530502,-0.23976084711034537,0.880858859575192,1.8128420473603022,0.22260789210931195,1.2530776824848324,11,capsicum,Loamy soil
32409,-1.195620631292194,-1.0687588504872214,-0.6043429600973992,-0.8975029591088394,-0.9597134365709921,-0.9324927474583368,-0.6409561891123273,-0.4917843801149479,0.9024520959888666,1.262815722275832,0.14678472453237076,0.9433213707452024,11,capsicum,Laterite soil
32457,-1.195620631292194,-1.0687588504872214,0.9207565056983947,-0.8975029591088394,-1.1135893761064315,-0.9324927474583368,-0.0608928115430169,-0.279893770517537,0.8851775068579273,0.8783887208727076,-0.15067539442332223,2.0110695982712214,11,capsicum,Laterite soil
32532,-1.100063855269374,-1.0687588504872214,0.9207565056983947,-0.8975029591088394,-0.8058374970355525,-0.9324927474583368,-1.4086871300128856,0.7958369666836237,0.8938148014233972,1.4875576615576585,1.2724671354823458,1.522747883293452,11,capsicum,Loamy soil
32546,-1.100063855269374,-1.0687588504872214,-1.621075937294595,-0.8975029591088394,0.27129407971252784,-0.9324927474583368,-1.3063230045594776,0.8584218752137197,0.9974623362090346,1.6531569852390042,0.22260789210931195,1.1218867739833422,11,capsicum,Loamy soil
32552,-1.100063855269374,-1.0687588504872214,0.9207565056983947,-0.8975029591088394,-0.19033373889379193,-0.9324927474583368,-0.4362279382055119,-0.8288448067725513,0.98450639436083,0.7719320127918425,0.875853643541422,1.1036658144692464,11,capsicum,Loamy soil
32553,-1.195620631292194,-1.0687588504872214,-0.09597647149880119,-0.8975029591088394,0.27129407971252784,-0.9324927474583368,0.3656243778461821,0.6184662842126782,0.8333537394651083,1.26872998383588,-0.4131402052665807,1.4207105100145145,11,capsicum,Laterite soil
32559,-1.195620631292194,-1.0687588504872214,-0.6043429600973992,-0.8975029591088394,-1.1135893761064315,-0.9324927474583368,0.3656243778461821,-0.12497507316949633,1.019055572622709,1.076516483134318,1.7215735895919215,1.916320608797923,11,capsicum,Laterite soil
32563,-1.195620631292194,-1.0687588504872214,-0.09597647149880119,-0.8975029591088394,-1.2674653156418723,-0.9324927474583368,-1.3575050672861815,-0.2928036619632071,0.9715504525126254,0.6625181739309531,1.4649413301007352,1.0490029359269588,11,capsicum,Laterite soil
32594,-1.100063855269374,-1.0687588504872214,-0.6043429600973992,-0.8975029591088394,0.27129407971252784,-0.9324927474583368,0.2973816275439105,0.20759495646352613,0.8506283285960482,0.9109171594529718,0.8350257840769151,2.043867325396594,11,capsicum,Loamy soil
32649,-1.195620631292194,-1.0687588504872214,-0.6043429600973992,-0.8975029591088394,-0.036457799358352465,-0.9324927474583368,-1.0845340660770946,-0.7749600424775805,0.96723180522989,0.8310746283923232,1.1616486597929696,1.934541568312019,11,capsicum,Laterite soil
32651,-1.195620631292194,-1.0687588504872214,-1.621075937294595,-0.8975029591088394,-1.1135893761064315,-0.9324927474583368,0.12677475178823092,0.7234293146622562,0.9370012742507463,0.8458602822924434,0.27510085427796355,1.555545610418824,11,capsicum,Laterite soil
32653,-1.195620631292194,-1.0687588504872214,-0.09597647149880119,-0.8975029591088394,-1.5752171947127527,-0.9324927474583368,-0.9821699406236866,0.6684219511111406,0.8851775068579273,1.1090449217145821,1.7565688977043556,1.3624034395694078,11,capsicum,Laterite soil
32673,-1.195620631292194,-1.0687588504872214,-0.09597647149880119,-0.8975029591088394,-0.8058374970355525,-0.9324927474583368,-0.8115630648680069,-0.4204993273497263,1.019055572622709,0.9227456825730681,0.21677534075723945,1.3551150557637694,11,capsicum,Laterite soil
32705,-1.195620631292194,-1.0687588504872214,0.4123900170997968,-0.8975029591088394,-0.8058374970355525,-0.9324927474583368,0.655656066630838,-0.15837240103981667,0.8117605030514338,0.8695173285326355,1.6632480760711974,1.0818006630523311,11,capsicum,Laterite soil
32709,-1.195620631292194,-1.0687588504872214,-0.6043429600973992,-0.8975029591088394,-0.6519615575001118,-0.9324927474583368,-1.3233836921350457,0.6566346589216155,0.924045332402541,1.0617308292341978,1.7857316544647177,1.5737665699329202,11,capsicum,Laterite soil
32755,-1.195620631292194,-1.0687588504872214,0.4123900170997968,-0.8975029591088394,0.27129407971252784,-0.9324927474583368,0.6385953790552698,-0.4600709511288455,0.8463096813133129,1.9813985018216727,-0.13901029171917767,2.1787024258009042,11,capsicum,Laterite soil
32761,-1.195620631292194,-1.0687588504872214,-1.621075937294595,-0.8975029591088394,-0.3442096784292314,-0.9324927474583368,0.12677475178823092,-0.8327739041690596,0.8419910340305783,1.1208734448346784,0.9983372219349423,1.2129915715538218,11,capsicum,Laterite soil
32762,-1.100063855269374,-1.0687588504872214,0.9207565056983947,-0.8975029591088394,-0.036457799358352465,-0.9324927474583368,0.7238988169331095,0.2617603705725334,0.9024520959888666,1.5230432309179474,0.3509240218549051,2.0693766687163286,11,capsicum,Loamy soil
32771,-1.195620631292194,-1.0687588504872214,-1.621075937294595,-0.8975029591088394,-0.6519615575001118,-0.9324927474583368,0.09265337663709511,0.21966289846708748,0.889496154140662,0.8222032360522508,-0.03402436738187403,1.8908112654781888,11,capsicum,Laterite soil
32773,-1.195620631292194,-1.0687588504872214,-0.09597647149880119,-0.8975029591088394,-0.6519615575001118,-0.9324927474583368,0.1097140642126627,-0.5891698655855462,1.0147369253399745,0.9671026442734286,-0.03985691873394653,1.2712986419989285,11,capsicum,Laterite soil
32867,-1.195620631292194,-1.0687588504872214,0.9207565056983947,-0.8975029591088394,-1.421341255177312,-0.9324927474583368,-0.009710748816312897,-1.0376482684155628,0.9154080378370717,0.91683142101302,-0.25566131876062587,2.1131069715501583,11,capsicum,Laterite soil
32899,-1.195620631292194,-1.0687588504872214,-0.6043429600973992,-0.8975029591088394,-0.19033373889379193,-0.9324927474583368,-0.3168031251765363,-0.6815036544034908,0.8722215650097227,0.6092898198905206,-0.19733580523990177,1.114598390177704,11,capsicum,Laterite soil
32921,-1.195620631292194,-1.0687588504872214,-1.621075937294595,-0.8975029591088394,-0.3442096784292314,-0.9324927474583368,0.604474003904134,0.7587911912308312,1.0147369253399745,1.4491149614173466,-0.20900090794404635,1.9819160630486683,11,capsicum,Laterite soil
32924,-1.100063855269374,-1.0687588504872214,-0.6043429600973992,-0.8975029591088394,-0.9597134365709921,-0.9324927474583368,-0.0608928115430169,0.44530534895227736,0.8722215650097227,2.0050555480618644,-0.3548146917458566,2.1094627796473393,11,capsicum,Loamy soil
33002,-1.100063855269374,-1.0687588504872214,0.9207565056983947,-0.8975029591088394,0.4251700192479687,0.19183165624302334,-0.7262596269901671,0.43856975341540577,-0.2722199649150271,-0.4138774299977956,1.5349319463256044,0.15253172783344054,34,pumpkin,Loamy soil
33023,-1.195620631292194,-1.0687588504872214,-0.09597647149880119,1.114202454544477,0.5790459587834081,0.12380530576697477,-0.0608928115430169,0.13294210592986905,-0.40177938339707453,-0.4404916070180116,-0.08651732955052564,1.3332499043468546,34,pumpkin,Laterite soil
33073,-1.195620631292194,-1.0687588504872214,-0.09597647149880119,1.114202454544477,-0.19033373889379193,0.17671468947056812,0.3656243778461821,0.643163467847873,-0.47087773992083304,0.03856357934588162,-0.12734518901503267,1.3077405610271202,34,pumpkin,Laterite soil
33104,-1.100063855269374,-1.0687588504872214,-0.6043429600973992,-0.8975029591088394,-0.036457799358352465,0.18616279370335267,-0.7262596269901671,0.4671960344471091,-0.3197250850251114,0.2012057722472035,-0.32565193498549455,0.41855773673924046,34,pumpkin,Loamy soil
33106,-1.100063855269374,-1.0687588504872214,-1.621075937294595,-0.8975029591088394,-0.036457799358352465,0.12947416830664543,-0.2485603748742641,0.5511103288439648,-0.47087773992083304,-0.061978867174935295,0.7533700651479014,1.3514708638609505,34,pumpkin,Loamy soil
33154,-1.100063855269374,-1.0687588504872214,-0.6043429600973992,-0.8975029591088394,0.27129407971252784,0.1691562060843404,-0.7945023772924388,0.40910152294159363,-0.18584701926032898,-0.5469483150988771,-0.27899152416891543,1.1984148039425448,34,pumpkin,Loamy soil
33173,-1.195620631292194,-1.0687588504872214,-0.09597647149880119,1.114202454544477,0.27129407971252784,0.15403923931188518,0.024410626334822903,0.6243599303074404,-0.3154064377423764,0.01490653310568943,1.2199741733136937,1.0234935926072244,34,pumpkin,Laterite soil
33189,-1.195620631292194,-1.0687588504872214,-0.6043429600973992,1.114202454544477,-0.49808561796467227,0.11813644322730382,-0.4191672506299437,0.5937691005774834,-0.39314208883160456,-0.5617339689989973,1.1091556976243184,0.2764342525292928,34,pumpkin,Laterite soil
33193,-1.195620631292194,-1.0687588504872214,-0.09597647149880119,1.114202454544477,0.11741814017708838,0.197500518782694,-0.026771436391880492,0.6788059942304839,-0.08219948447469164,-0.03832182093474311,0.1817800326448049,0.7793327351183393,34,pumpkin,Laterite soil
33204,-1.100063855269374,-1.0687588504872214,-0.6043429600973992,-0.8975029591088394,-0.8058374970355525,0.1332534099997593,-0.1973783121475601,0.5008740121314658,-0.42769126709348404,0.08587767182626642,1.342457751707215,0.491441574795624,34,pumpkin,Loamy soil
33246,-1.100063855269374,-1.0687588504872214,-1.621075937294595,-0.8975029591088394,0.4251700192479687,0.18994203539646654,0.3656243778461821,0.47561552886819825,-0.44928450350715854,0.30766248032806903,1.7040759355357045,0.17439687925035566,34,pumpkin,Loamy soil
33252,-1.100063855269374,-1.0687588504872214,0.9207565056983947,-0.8975029591088394,-0.19033373889379193,0.197500518782694,-1.1527768163793661,0.20029806129858244,-0.2981318486114369,-0.19504975227601684,0.251770648869674,0.6262766751999337,34,pumpkin,Loamy soil
33253,-1.195620631292194,-1.0687588504872214,-0.09597647149880119,1.114202454544477,-0.19033373889379193,0.15970810185155584,0.3485636902706145,0.5258518455806973,-0.2203961975222087,0.5028331118096551,0.8291932327248426,0.2764342525292928,34,pumpkin,Laterite soil
33306,-1.100063855269374,-1.0687588504872214,-1.621075937294595,-0.8975029591088394,-0.036457799358352465,0.1956108979361372,-0.5727134388100558,0.4267824612258814,-0.3672302051351951,0.5028331118096551,0.7708677192041185,0.327452939168761,34,pumpkin,Loamy soil
33322,-1.100063855269374,-1.0687588504872214,0.9207565056983947,-0.8975029591088394,-0.3442096784292314,0.12947416830664543,-0.5727134388100558,0.41050477201177515,-0.25062672850135254,-0.4227488223378676,1.7624014490564286,1.3186731367355775,34,pumpkin,Loamy soil
33348,-1.100063855269374,-1.0687588504872214,-0.09597647149880119,-0.8975029591088394,-0.49808561796467227,0.12947416830664543,-0.6068348139611915,0.6507410128268534,-0.25062672850135254,0.12727750274660266,1.4707738814528082,1.340538288152493,34,pumpkin,Loamy soil
33359,-1.195620631292194,-1.0687588504872214,-0.6043429600973992,1.114202454544477,-0.6519615575001118,0.12002606407386089,-0.4191672506299437,0.08326708884544276,-0.20312160839126883,0.0651777563660981,1.4182809192841561,1.2093473796510024,34,pumpkin,Laterite soil
33364,-1.100063855269374,-1.0687588504872214,-0.6043429600973992,-0.8975029591088394,-0.036457799358352465,0.15403923931188518,0.1950175020905025,0.32602917798684733,-0.2333521393704133,-0.41979169155784374,1.5815923571421835,0.29101102014056923,34,pumpkin,Loamy soil
33374,-1.100063855269374,-1.0687588504872214,-0.6043429600973992,-0.8975029591088394,-0.8058374970355525,0.1691562060843404,-0.40210656305437614,0.7725430321186098,-0.1728910774121244,0.298791087987997,0.21677534075723945,1.3988453585975997,34,pumpkin,Loamy soil
33395,-1.195620631292194,-1.0687588504872214,0.4123900170997968,1.114202454544477,-0.9597134365709921,0.17860431031712493,-0.4191672506299437,0.643444117661909,-0.24198943393588324,0.06222062558607423,1.0624952868077393,0.9724749059677557,34,pumpkin,Laterite soil
33400,-1.100063855269374,-1.0687588504872214,0.4123900170997968,-0.8975029591088394,-0.036457799358352465,0.1691562060843404,0.31444231511947873,0.4262211615978087,-0.21607755023947342,0.236691341607492,-0.29065662687306,0.6444976347140297,34,pumpkin,Loamy soil
33441,-1.195620631292194,-1.0687588504872214,-1.621075937294595,1.114202454544477,0.11741814017708838,0.15970810185155584,-0.8798058151702786,0.8500023807926306,-0.34563696872152055,-0.23940671397637736,0.9750070165266532,0.8011978865352541,34,pumpkin,Laterite soil
33462,-1.100063855269374,-1.0687588504872214,0.9207565056983947,-0.8975029591088394,0.4251700192479687,0.1842731728567956,0.31444231511947873,0.7846109741221714,-0.34131832143878593,-0.15660705213570447,0.9691744651745803,1.3915569747919612,34,pumpkin,Loamy soil
33488,-1.100063855269374,-1.0687588504872214,-0.09597647149880119,-0.8975029591088394,-0.6519615575001118,0.14648075592565743,-0.8456844400191428,0.04650196320668663,-0.1815283719775943,0.3224481342281892,-0.31981938363342205,1.504526923779356,34,pumpkin,Loamy soil
33497,-1.195620631292194,-1.0687588504872214,0.9207565056983947,1.114202454544477,0.11741814017708838,0.14081189338598676,0.07559268906152691,0.13462600481408663,-0.42769126709348404,-0.05015034405483941,0.9866721192307973,0.6116999075886573,34,pumpkin,Laterite soil
33562,-1.100063855269374,-1.0687588504872214,0.9207565056983947,-0.8975029591088394,-0.49808561796467227,0.12002606407386089,0.1438354393637991,0.5567233251246909,-0.3888234415488696,-0.3369920297171704,-0.32565193498549455,1.522747883293452,34,pumpkin,Loamy soil
33608,-1.100063855269374,-1.0687588504872214,-0.09597647149880119,-0.8975029591088394,0.4251700192479687,0.15025999761877132,0.2973816275439105,0.33781647017637234,-0.4147353252452791,0.2840054340878768,-0.3606472430979291,0.7064488970619558,34,pumpkin,Loamy soil
33632,-1.100063855269374,-1.0687588504872214,0.9207565056983947,-0.8975029591088394,-0.3442096784292314,0.12569492661353157,0.2973816275439105,0.2993674456533983,-0.22903349208767804,0.32836239578823734,1.2608020327782008,1.4972385399737176,34,pumpkin,Loamy soil
33648,-1.100063855269374,-1.0687588504872214,-0.09597647149880119,-0.8975029591088394,0.27129407971252784,0.10679871814796249,0.16089612693936672,0.7921885191011512,-0.4363285616589536,0.035606448565857755,-0.3489821403937841,0.6772953618394024,34,pumpkin,Loamy soil
33669,-1.195620631292194,-1.0687588504872214,-0.6043429600973992,1.114202454544477,-0.036457799358352465,0.1653769643912265,-0.5897741263856233,0.8160437532942372,-0.34131832143878593,-0.18617835993594484,0.23427299481345693,1.1692612687199915,34,pumpkin,Laterite soil
33834,-1.100063855269374,-1.0687588504872214,-0.6043429600973992,-0.8975029591088394,0.11741814017708838,0.11057795984107636,0.024410626334822903,0.657757258177761,-0.13834189915024528,-0.5203341380786606,1.2666345841302737,1.4316430857229725,34,pumpkin,Loamy soil
33861,-1.195620631292194,-1.0687588504872214,-1.621075937294595,1.114202454544477,0.27129407971252784,0.1351430308463161,-0.9309878778969826,0.16072643751946325,-0.4751963872035677,-0.061978867174935295,-0.05735457279016359,0.327452939168761,34,pumpkin,Laterite soil
33867,-1.195620631292194,-1.0687588504872214,0.9207565056983947,1.114202454544477,-0.036457799358352465,0.12002606407386089,0.041471313910391105,0.15932318844928173,-0.19448431382579892,0.25739125706766036,1.6340853193108356,1.5701223780301012,34,pumpkin,Laterite soil
33889,-1.195620631292194,-1.0687588504872214,-0.6043429600973992,1.114202454544477,0.4251700192479687,0.14648075592565743,-0.8627451275947109,0.4458666485803501,-0.2851759067632323,-0.35769194517733877,1.7682340004085007,1.3952011666947808,34,pumpkin,Laterite soil
33903,-1.195620631292194,-1.0687588504872214,-0.09597647149880119,1.114202454544477,0.11741814017708838,0.1842731728567956,-0.1632569369964243,0.557003974938727,-0.2722199649150271,0.17459159522698744,1.1499835570888255,0.9542539464536598,34,pumpkin,Laterite soil
33920,-1.100063855269374,-1.0687588504872214,0.4123900170997968,-0.8975029591088394,-0.3442096784292314,0.1956108979361372,0.1950175020905025,0.07147979665591779,-0.3888234415488696,0.1006633257263866,1.2724671354823458,1.0052726330931285,34,pumpkin,Loamy soil
33963,-1.195620631292194,-1.0687588504872214,-0.09597647149880119,1.114202454544477,0.11741814017708838,0.1370326516928729,-0.09501418669415271,0.118348315599981,-0.25062672850135254,0.020820794665737583,1.2724671354823458,0.3092319796546651,34,pumpkin,Laterite soil
33966,-1.100063855269374,-1.0687588504872214,-1.621075937294595,-0.8975029591088394,-0.49808561796467227,0.19939013962925106,-0.2656210624498323,0.04566001376457784,-0.20312160839126883,-0.4552772609181318,0.2576032002217465,1.0490029359269588,34,pumpkin,Loamy soil
33968,-1.100063855269374,-1.0687588504872214,-0.09597647149880119,-0.8975029591088394,0.11741814017708838,0.13136378915320224,-0.35092450032767214,0.23874708582155615,-0.19880296110853418,0.1006633257263866,0.8233606813727701,1.504526923779356,34,pumpkin,Loamy soil
33971,-1.195620631292194,-1.0687588504872214,-1.621075937294595,1.114202454544477,-0.3442096784292314,0.11057795984107636,0.28032093996834234,0.20871755571967163,-0.4665590926380981,-0.35473481439731486,0.04179880019506714,1.5191036913906324,34,pumpkin,Laterite soil
34025,-1.195620631292194,-1.0687588504872214,0.4123900170997968,1.114202454544477,-0.8058374970355525,-0.36560649349126445,-0.0608928115430169,0.5014353117595385,0.6994756737003265,-0.5676482305590452,-0.028191816029801538,1.0453587440241392,42,snake gourd,Laterite soil
34110,-1.100063855269374,-1.0687588504872214,0.4123900170997968,-0.8975029591088394,-0.19033373889379193,-0.36560649349126445,-0.35092450032767214,0.7512136462518507,0.7901672666377593,-0.4227488223378676,-0.34314958904171206,0.5461044533379117,42,snake gourd,Loamy soil
34111,-1.195620631292194,-1.0687588504872214,-1.621075937294595,1.114202454544477,-0.6519615575001118,-0.36560649349126445,0.28032093996834234,0.29796419658321677,0.6519705535902421,0.47326180400941475,1.377453059819649,0.9469655626480213,42,snake gourd,Laterite soil
34117,-1.195620631292194,-1.0687588504872214,0.9207565056983947,1.114202454544477,-0.3442096784292314,-0.36560649349126445,0.1438354393637991,0.836531189718888,0.8074418557686991,-0.03240755937469495,0.8641885408372771,1.3077405610271202,42,snake gourd,Laterite soil
34133,-1.195620631292194,-1.0687588504872214,-0.09597647149880119,1.114202454544477,-0.19033373889379193,-0.36560649349126445,-0.7603810021413029,0.31031278840081417,0.617421375328363,0.3520194420284295,0.6542166921626702,1.4170663181116956,42,snake gourd,Laterite soil
34199,-1.195620631292194,-1.0687588504872214,-0.6043429600973992,1.114202454544477,-0.036457799358352465,-0.36560649349126445,0.26326025239277473,0.04818586209090453,0.6390146117420376,0.5294472888298716,0.2459380975176015,0.15253172783344054,42,snake gourd,Laterite soil
34211,-1.195620631292194,-1.0687588504872214,-1.621075937294595,1.114202454544477,-0.8058374970355525,-0.36560649349126445,-0.2826817500253999,0.7756301800730095,0.7685740302240848,0.00012087920556925818,-0.32565193498549455,1.245789298679194,42,snake gourd,Laterite soil
34226,-1.100063855269374,-1.0687588504872214,-1.621075937294595,-0.8975029591088394,0.11741814017708838,-0.36560649349126445,-0.11207487426972029,0.3108740880288869,0.8031232084859639,-0.14182139823558432,-0.13901029171917767,1.4826617723624407,42,snake gourd,Loamy soil
34299,-1.195620631292194,-1.0687588504872214,-0.6043429600973992,1.114202454544477,-0.6519615575001118,-0.36560649349126445,0.05853200148595931,0.8702091674032447,0.677882437286652,0.4821331963494868,1.4066158165800111,0.8886584922029147,42,snake gourd,Laterite soil
34319,-1.195620631292194,-1.0687588504872214,-0.6043429600973992,1.114202454544477,-0.19033373889379193,-0.36560649349126445,-0.9139271903214149,0.33978101887462625,0.7167502628312657,-0.20392114461608887,0.21677534075723945,0.8412839974662655,42,snake gourd,Laterite soil
34334,-1.100063855269374,-1.0687588504872214,-0.6043429600973992,-0.8975029591088394,-0.9597134365709921,-0.36560649349126445,0.17795681451493492,0.3512876612501149,0.7469807938104102,0.36976222670857356,0.5142354597129325,0.17439687925035566,42,snake gourd,Loamy soil
34352,-1.100063855269374,-1.0687588504872214,0.9207565056983947,-0.8975029591088394,-0.49808561796467227,-0.36560649349126445,-0.9992306281992548,0.75963314067294,0.5958281389146886,0.11249184884648249,1.2258067246657667,0.8850143003000958,42,snake gourd,Loamy soil
34405,-1.195620631292194,-1.0687588504872214,0.4123900170997968,1.114202454544477,-0.19033373889379193,-0.36560649349126445,-0.9480485654725508,0.38721083744676194,0.6390146117420376,0.25739125706766036,1.2433043787219837,1.001628441190309,42,snake gourd,Laterite soil
34414,-1.100063855269374,-1.0687588504872214,-0.6043429600973992,-0.8975029591088394,-0.6519615575001118,-0.36560649349126445,-0.8627451275947109,0.6165017355144239,0.7728926775068193,0.17459159522698744,0.14678472453237076,1.2421451067763751,42,snake gourd,Loamy soil
34447,-1.195620631292194,-1.0687588504872214,0.9207565056983947,1.114202454544477,-0.6519615575001118,-0.36560649349126445,-0.9139271903214149,0.5019966113876113,0.721068910114001,-0.0974644365352238,0.4267471894318463,1.143751925400257,42,snake gourd,Laterite soil
34487,-1.195620631292194,-1.0687588504872214,0.9207565056983947,1.114202454544477,-0.49808561796467227,-0.36560649349126445,-0.6068348139611915,0.7944337176134422,0.7297062046794703,0.020820794665737583,1.2957973408906358,1.1692612687199915,42,snake gourd,Laterite soil
34488,-1.100063855269374,-1.0687588504872214,-0.09597647149880119,-0.8975029591088394,-0.9597134365709921,-0.36560649349126445,-0.40210656305437614,0.8255858469714719,0.6994756737003265,0.047434971685954064,1.7915642058167907,0.8595049569803613,42,snake gourd,Loamy soil
34497,-1.195620631292194,-1.0687588504872214,0.9207565056983947,1.114202454544477,-0.8058374970355525,-0.36560649349126445,-0.2144389997231283,0.22836304270221303,0.7556180883758802,0.4703046732293909,1.6982433841836317,1.4316430857229725,42,snake gourd,Laterite soil
34500,-1.100063855269374,-1.0687588504872214,0.4123900170997968,-0.8975029591088394,-0.6519615575001118,-0.36560649349126445,-0.0779534991185845,0.22106614753726903,0.6390146117420376,-0.3813489914175309,-0.20316835659197385,0.39304839341950665,42,snake gourd,Loamy soil
34529,-1.195620631292194,-1.0687588504872214,-0.6043429600973992,1.114202454544477,-0.3442096784292314,-0.36560649349126445,-0.7091989394145989,0.1553940910527735,0.721068910114001,0.25443412628763645,1.8323920652812968,1.180193844428449,42,snake gourd,Laterite soil
34570,-1.100063855269374,-1.0687588504872214,0.4123900170997968,-0.8975029591088394,-0.036457799358352465,-0.36560649349126445,-0.35092450032767214,0.6423215184057642,0.7772113247895547,-0.4316202146779396,0.04179880019506714,1.3587592476665888,42,snake gourd,Loamy soil
34580,-1.100063855269374,-1.0687588504872214,0.4123900170997968,-0.8975029591088394,-0.19033373889379193,-0.36560649349126445,-0.4703493133566477,0.5224840478122614,0.6476519063075076,-0.40204890687769923,1.2024765192574767,0.9396771788423833,42,snake gourd,Loamy soil
34586,-1.100063855269374,-1.0687588504872214,-1.621075937294595,-0.8975029591088394,-0.49808561796467227,-0.36560649349126445,-0.9821699406236866,0.6117306886758066,0.6390146117420376,-0.5735624921190934,1.4532762273965902,1.5701223780301012,42,snake gourd,Loamy soil
34598,-1.100063855269374,-1.0687588504872214,-0.09597647149880119,-0.8975029591088394,-0.036457799358352465,-0.36560649349126445,-1.1527768163793661,0.04706326283475937,0.677882437286652,0.2810483033078525,1.348290303059287,0.7756885432155204,42,snake gourd,Loamy soil
34647,-1.195620631292194,-1.0687588504872214,0.9207565056983947,1.114202454544477,0.11741814017708838,-0.36560649349126445,-0.1461962494208567,0.6628089548304145,0.677882437286652,0.3135767418881172,0.4209146380797738,0.42220192864205996,42,snake gourd,Laterite soil
34653,-1.195620631292194,-1.0687588504872214,-0.09597647149880119,1.114202454544477,-0.8058374970355525,-0.36560649349126445,0.3656243778461821,0.466915384633073,0.6908383791348566,0.3638479651485254,-0.4306378593227982,0.18532945495881334,42,snake gourd,Laterite soil
34671,-1.195620631292194,-1.0687588504872214,-1.621075937294595,1.114202454544477,-0.49808561796467227,-0.36560649349126445,-0.6580168766878955,0.20338520925298156,0.7383434992449402,0.3756764882686217,-0.14484284307124975,0.6481418266168492,42,snake gourd,Laterite soil
34680,-1.100063855269374,-1.0687588504872214,0.4123900170997968,-0.8975029591088394,-0.6519615575001118,-0.36560649349126445,-0.4362279382055119,0.32630982780088374,0.6087840807628931,-0.5410340535388289,-0.16817304847953973,0.5060183424069009,42,snake gourd,Loamy soil
34689,-1.195620631292194,-1.0687588504872214,-0.6043429600973992,1.114202454544477,-0.3442096784292314,-0.36560649349126445,-0.1632569369964243,0.4242566128995544,0.7037943209830612,0.4466476269891987,1.0566627354556666,1.508171115682175,42,snake gourd,Laterite soil
34706,-1.100063855269374,-1.0687588504872214,-1.621075937294595,-0.8975029591088394,-0.3442096784292314,-0.36560649349126445,-0.9651092530481183,0.583665707272176,0.7426621465276756,-0.23940671397637736,0.251770648869674,0.9979842492874901,42,snake gourd,Loamy soil
34714,-1.100063855269374,-1.0687588504872214,-0.6043429600973992,-0.8975029591088394,-0.036457799358352465,-0.36560649349126445,-0.8798058151702786,0.06053445390850193,0.6217400226110977,0.2840054340878768,1.0158348759911595,0.3310971310715805,42,snake gourd,Loamy soil
34741,-1.195620631292194,-1.0687588504872214,-1.621075937294595,1.114202454544477,-0.9597134365709921,-0.36560649349126445,-1.1015947536526622,0.6002240463003183,0.6908383791348566,-0.1092929596553201,-0.2964891782251325,0.7283140484788706,42,snake gourd,Laterite soil
34798,-1.100063855269374,-1.0687588504872214,-0.09597647149880119,-0.8975029591088394,-0.9597134365709921,-0.36560649349126445,0.2973816275439105,0.15062304421415618,0.6303773171765676,0.5264901580498473,0.5667284218815841,0.8412839974662655,42,snake gourd,Loamy soil
34813,-1.195620631292194,-1.0687588504872214,-0.09597647149880119,1.114202454544477,-0.9597134365709921,-0.36560649349126445,-0.4703493133566477,0.13181950667372355,0.6390146117420376,0.13023463352662695,1.2141416219616217,0.9651865221621172,42,snake gourd,Laterite soil
34816,-1.100063855269374,-1.0687588504872214,-1.621075937294595,-0.8975029591088394,-0.6519615575001118,-0.36560649349126445,-0.7603810021413029,0.18121387394411345,0.7426621465276756,0.006035140765617411,0.875853643541422,0.5570370290463696,42,snake gourd,Loamy soil
34856,-1.100063855269374,-1.0687588504872214,-1.621075937294595,-0.8975029591088394,-0.19033373889379193,-0.36560649349126445,-1.0162913157748223,0.0970189297332217,0.7728926775068193,0.006035140765617411,0.9516768111183632,0.407625161030783,42,snake gourd,Loamy soil
34873,-1.195620631292194,-1.0687588504872214,-0.09597647149880119,1.114202454544477,-0.9597134365709921,-0.36560649349126445,-0.009710748816312897,0.3902979854011617,0.7556180883758802,-0.6238337153795018,1.1908114165533317,1.4972385399737176,42,snake gourd,Laterite soil
34938,-1.100063855269374,-1.0687588504872214,-0.09597647149880119,-0.8975029591088394,-0.19033373889379193,-0.36560649349126445,-0.009710748816312897,0.37149444786072905,0.6044654334801585,0.2041629030272278,0.16428237858858785,0.5205951100181778,42,snake gourd,Loamy soil
34939,-1.195620631292194,-1.0687588504872214,-0.6043429600973992,1.114202454544477,-0.3442096784292314,-0.36560649349126445,-0.2826817500253999,0.8418635361855774,0.794485913920494,-0.03536469015471924,-0.05152202143809151,0.4404228881561558,42,snake gourd,Laterite soil
34991,-1.195620631292194,-1.0687588504872214,-1.621075937294595,1.114202454544477,-0.8058374970355525,-0.36560649349126445,-0.23149968729869652,0.042292215996142045,0.794485913920494,-0.2689780217766177,0.024301146138850073,1.0417145521213202,42,snake gourd,Laterite soil
35043,0.8110716651870262,-1.0687588504872214,-0.09597647149880119,1.114202454544477,0.8867978378542885,0.29576080280365324,0.7750808796598135,0.7441974009009431,0.20283123618581245,0.47621893478943905,0.030133697490922567,1.1546845011087146,38,ribbed gourd,sandy Loamy soil
35088,0.8110716651870262,-1.0687588504872214,-0.09597647149880119,-0.8975029591088394,0.27129407971252784,0.29576080280365324,0.38268506542175035,0.7023805786095333,0.22874311988222162,0.2840054340878768,0.2576032002217465,0.24363652540392,38,ribbed gourd,sandy Loamy soil
35098,0.8110716651870262,-1.0687588504872214,-0.09597647149880119,-0.8975029591088394,0.7329218983188477,0.29576080280365324,1.3380835696535565,0.11245466950521851,0.3669398329297387,-0.3488205528372667,1.6165876652546183,0.3966925853223256,38,ribbed gourd,sandy Loamy soil
35118,0.8110716651870262,-1.0687588504872214,-0.09597647149880119,-0.8975029591088394,0.7329218983188477,0.29576080280365324,0.07559268906152691,0.1882301192950211,0.3496652437987988,-0.35473481439731486,0.1817800326448049,1.0526471278297778,38,ribbed gourd,sandy Loamy soil
35135,0.8110716651870262,-1.0687588504872214,0.4123900170997968,1.114202454544477,0.5790459587834081,0.29576080280365324,1.3210228820779881,0.11020947099292819,0.5915094916319539,0.13910602586669896,1.5349319463256044,1.0417145521213202,38,ribbed gourd,sandy Loamy soil
35215,0.8110716651870262,-1.0687588504872214,0.4123900170997968,1.114202454544477,0.5790459587834081,0.29576080280365324,1.5598725081359395,0.6501797131987807,0.5396857242391349,0.4466476269891987,-0.19733580523990177,0.5351718776294543,38,ribbed gourd,sandy Loamy soil
35216,0.8110716651870262,-1.0687588504872214,-1.621075937294595,-0.8975029591088394,0.11741814017708838,0.29576080280365324,0.5703526287529982,0.06053445390850193,0.37557712749520866,0.035606448565857755,-0.01069416197358447,0.8740817245916378,38,ribbed gourd,sandy Loamy soil
35222,0.8110716651870262,-1.0687588504872214,0.9207565056983947,-0.8975029591088394,0.5790459587834081,0.29576080280365324,0.1950175020905025,0.34735856385360664,0.49218060412905057,0.3106196111080929,-0.33148448633756705,1.3514708638609505,38,ribbed gourd,sandy Loamy soil
35277,0.8110716651870262,-1.0687588504872214,0.9207565056983947,1.114202454544477,1.0406737773897279,0.29576080280365324,0.7238988169331095,0.43464065601889784,0.479224662280846,-0.31037785269695434,0.263435751573819,0.6481418266168492,38,ribbed gourd,sandy Loamy soil
35286,0.8110716651870262,-1.0687588504872214,-1.621075937294595,-0.8975029591088394,1.1945497169251689,0.29576080280365324,1.5939938832870757,0.46186368798041966,0.28920418184051055,-0.07972165185507976,-0.028191816029801538,0.7793327351183393,38,ribbed gourd,sandy Loamy soil
35289,0.8110716651870262,-1.0687588504872214,-0.6043429600973992,1.114202454544477,0.11741814017708838,0.29576080280365324,1.2527801317757166,0.8351279406487064,0.48786195684631595,0.10953471806645862,-0.2498287674085534,1.4316430857229725,38,ribbed gourd,sandy Loamy soil
35331,0.8110716651870262,-1.0687588504872214,-1.621075937294595,1.114202454544477,1.1945497169251689,0.29576080280365324,0.9627484429910608,0.8511249800487755,0.5180924878254604,0.2012057722472035,1.1208208003284634,0.407625161030783,38,ribbed gourd,sandy Loamy soil
35338,0.8110716651870262,-1.0687588504872214,-0.09597647149880119,-0.8975029591088394,0.11741814017708838,0.29576080280365324,0.8433236299620851,0.7461619495991973,0.3583025383642688,0.5235330272698234,1.33079264900307,1.0890890468579695,38,ribbed gourd,sandy Loamy soil
35343,0.8110716651870262,-1.0687588504872214,-0.09597647149880119,1.114202454544477,0.27129407971252784,0.29576080280365324,1.2015980690490127,0.5606524225211988,0.5051365459772558,0.05039210246597793,1.5932574598463285,1.2895196015130244,38,ribbed gourd,sandy Loamy soil
35347,0.8110716651870262,-1.0687588504872214,0.9207565056983947,1.114202454544477,1.1945497169251689,0.29576080280365324,0.17795681451493492,0.8373731391609968,0.40580765847435246,-0.20983540617613702,-0.20316835659197385,0.22541556588982412,38,ribbed gourd,sandy Loamy soil
35392,0.8110716651870262,-1.0687588504872214,0.9207565056983947,-0.8975029591088394,0.8867978378542885,0.29576080280365324,0.6215346914797015,0.6389537206373284,0.28488553455777527,-0.46119152247817996,1.0041697732870152,0.9979842492874901,38,ribbed gourd,sandy Loamy soil
35430,0.8110716651870262,-1.0687588504872214,0.4123900170997968,-0.8975029591088394,0.11741814017708838,0.29576080280365324,0.46798850329959013,0.07176044646995416,0.22442447259948697,-0.15956418291572835,1.4182809192841561,0.21083879827854743,38,ribbed gourd,sandy Loamy soil
35443,0.8110716651870262,-1.0687588504872214,-0.09597647149880119,1.114202454544477,1.0406737773897279,0.29576080280365324,0.28032093996834234,0.4416569013698055,0.48786195684631595,0.026735056225785737,0.36842167591112224,1.0307819764128627,38,ribbed gourd,sandy Loamy soil
35467,0.8110716651870262,-1.0687588504872214,0.9207565056983947,1.114202454544477,-0.036457799358352465,0.29576080280365324,1.7134186963160507,0.5805785593177769,0.17691935248940266,-0.2453209755364255,1.4357785733403732,1.1255309658861612,38,ribbed gourd,sandy Loamy soil
35484,0.8110716651870262,-1.0687588504872214,-0.6043429600973992,-0.8975029591088394,0.7329218983188477,0.29576080280365324,0.604474003904134,0.7739462811887913,0.3712584802124734,0.40820492684888593,0.6950445516271773,1.4024895505004187,38,ribbed gourd,sandy Loamy soil
35492,0.8110716651870262,-1.0687588504872214,0.9207565056983947,-0.8975029591088394,0.4251700192479687,0.29576080280365324,1.1162946311711728,0.7164130693113486,0.42308224760529234,0.24556273394756403,0.8875187462455667,1.3769802071806847,38,ribbed gourd,sandy Loamy soil
35510,0.8110716651870262,-1.0687588504872214,0.4123900170997968,-0.8975029591088394,0.11741814017708838,0.29576080280365324,0.8092022548109493,0.7775947287712638,0.2589736508613661,0.4614332808893189,1.33079264900307,1.3915569747919612,38,ribbed gourd,sandy Loamy soil
35560,0.8110716651870262,-1.0687588504872214,0.4123900170997968,-0.8975029591088394,0.4251700192479687,0.29576080280365324,0.8262629423865175,0.32266138021841156,0.40148901119161784,-0.1743498368158485,1.0100023246390875,1.2166357634566407,38,ribbed gourd,sandy Loamy soil
35606,0.8110716651870262,-1.0687588504872214,-1.621075937294595,-0.8975029591088394,0.5790459587834081,0.29576080280365324,0.43386712814845435,0.04537936395054147,0.21146853075128177,-0.49371996105844457,-0.1798381511836843,0.6590744023253066,38,ribbed gourd,sandy Loamy soil
35622,0.8110716651870262,-1.0687588504872214,0.9207565056983947,-0.8975029591088394,0.4251700192479687,0.29576080280365324,1.2357194442001485,0.8536508283751024,0.4489941313017015,-0.5469483150988771,0.36842167591112224,1.3150289448327586,38,ribbed gourd,sandy Loamy soil
35634,0.8110716651870262,-1.0687588504872214,-0.6043429600973992,-0.8975029591088394,0.27129407971252784,0.29576080280365324,0.16089612693936672,0.21012080478985315,0.5353670769563996,-0.13590713667553617,0.15844982723651535,1.0417145521213202,38,ribbed gourd,sandy Loamy soil
35666,0.8110716651870262,-1.0687588504872214,-1.621075937294595,-0.8975029591088394,-0.036457799358352465,0.29576080280365324,1.5769331957115076,0.8143598544100196,0.4662687204326414,-0.4759771763783001,0.5317331137691496,0.13795496022216389,38,ribbed gourd,sandy Loamy soil
35677,0.8110716651870262,-1.0687588504872214,0.9207565056983947,1.114202454544477,0.27129407971252784,0.29576080280365324,1.7475400714671872,0.5435327838649844,0.5699162552182794,-0.49963422261849233,1.319127546298925,1.2275683391650982,38,ribbed gourd,sandy Loamy soil
35689,0.8110716651870262,-1.0687588504872214,-0.6043429600973992,1.114202454544477,1.0406737773897279,0.29576080280365324,0.3997457529973185,0.3577426069729498,0.21578717803401704,0.4170763191889584,-0.2439962160564809,0.5825463723661035,38,ribbed gourd,sandy Loamy soil
35750,0.8110716651870262,-1.0687588504872214,0.4123900170997968,-0.8975029591088394,0.11741814017708838,0.29576080280365324,0.5191705660262941,0.3759848448853097,0.4317195421707623,0.1686773336669393,0.024301146138850073,0.2181271820841859,38,ribbed gourd,sandy Loamy soil
35775,0.8110716651870262,-1.0687588504872214,0.4123900170997968,1.114202454544477,0.7329218983188477,0.29576080280365324,1.3210228820779881,0.39366578316959683,0.16828205792393272,0.36976222670857356,1.0858254922160286,1.3842685909863228,38,ribbed gourd,sandy Loamy soil
35792,0.8110716651870262,-1.0687588504872214,0.9207565056983947,-0.8975029591088394,0.11741814017708838,0.29576080280365324,1.2869015069268517,0.05576340706988492,0.40148901119161784,-0.5706053613390693,0.14678472453237076,1.4717291966539832,38,ribbed gourd,sandy Loamy soil
35815,0.8110716651870262,-1.0687588504872214,0.4123900170997968,1.114202454544477,-0.036457799358352465,0.29576080280365324,1.5428118205603711,0.7686139347221018,0.5267297823909303,0.020820794665737583,0.9516768111183632,0.33474132297439946,38,ribbed gourd,sandy Loamy soil
35874,0.8110716651870262,-1.0687588504872214,-0.6043429600973992,-0.8975029591088394,0.4251700192479687,0.29576080280365324,0.17795681451493492,0.6136952373740608,0.3669398329297387,0.0296921870058096,0.2576032002217465,1.2385009148735555,38,ribbed gourd,sandy Loamy soil
35905,0.8110716651870262,-1.0687588504872214,0.4123900170997968,1.114202454544477,1.1945497169251689,0.29576080280365324,0.1438354393637991,0.5948916998336282,0.4533127785844368,0.1686773336669393,0.8466908867810601,0.7210256646732327,38,ribbed gourd,sandy Loamy soil
35917,0.8110716651870262,-1.0687588504872214,0.9207565056983947,1.114202454544477,0.8867978378542885,0.29576080280365324,0.3485636902706145,0.6863835392094644,0.39717036390888316,-0.3902203837576034,0.5142354597129325,1.0380703602185009,38,ribbed gourd,sandy Loamy soil
35954,0.8110716651870262,-1.0687588504872214,-0.6043429600973992,-0.8975029591088394,0.7329218983188477,0.29576080280365324,0.7068381293575413,0.058008605582175236,0.1985125889030772,-0.14477852901560817,0.6717143462188877,0.2181271820841859,38,ribbed gourd,sandy Loamy soil
35955,0.8110716651870262,-1.0687588504872214,0.4123900170997968,1.114202454544477,1.0406737773897279,0.29576080280365324,1.3551442572291246,0.8323214425083434,0.40580765847435246,-0.47302004559827626,1.412448367932084,1.2348567229707366,38,ribbed gourd,sandy Loamy soil
35968,0.8110716651870262,-1.0687588504872214,-0.09597647149880119,-0.8975029591088394,-0.036457799358352465,0.29576080280365324,0.43386712814845435,0.810150107199475,0.5871908443492186,-0.05015034405483941,0.875853643541422,0.5461044533379117,38,ribbed gourd,sandy Loamy soil
35989,0.8110716651870262,-1.0687588504872214,-0.6043429600973992,1.114202454544477,1.3484256564606083,0.29576080280365324,0.5191705660262941,0.49357711696652207,0.22442447259948697,0.3845478806086937,1.336625200355142,0.502374150504082,38,ribbed gourd,sandy Loamy soil
36050,0.8110716651870262,-1.0687588504872214,0.4123900170997968,-0.8975029591088394,-0.6519615575001118,0.20127976047580787,-0.8627451275947109,0.8704898172172808,0.5915094916319539,-0.5292055304187329,0.3042636110383256,0.19626203066727077,9,bottle gourd,sandy Loamy soil
36088,0.8110716651870262,-1.0687588504872214,-0.09597647149880119,-0.8975029591088394,-0.8058374970355525,0.20127976047580787,-0.1632569369964243,0.4739316299839807,0.32375336010238964,-0.09450730575519993,0.6717143462188877,0.6080557156858378,9,bottle gourd,sandy Loamy soil
36099,0.8110716651870262,-1.0687588504872214,-0.6043429600973992,1.114202454544477,-0.49808561796467227,0.20127976047580787,-0.35092450032767214,0.6179049845846055,0.22442447259948697,-0.4848485687183721,0.50840290836086,0.9433213707452024,9,bottle gourd,sandy Loamy soil
36107,0.8110716651870262,-1.0687588504872214,0.9207565056983947,1.114202454544477,-0.8058374970355525,0.20127976047580787,-0.9480485654725508,0.11806766578594463,0.38853306934341325,0.041520710125905906,1.8090618598730077,0.8303514217578081,9,bottle gourd,sandy Loamy soil
36148,0.8110716651870262,-1.0687588504872214,-0.09597647149880119,-0.8975029591088394,-0.3442096784292314,0.20127976047580787,-0.7603810021413029,0.06755069925940957,0.40148901119161784,-0.03832182093474311,1.8323920652812968,1.3004521772214817,9,bottle gourd,sandy Loamy soil
36166,0.8110716651870262,-1.0687588504872214,-1.621075937294595,-0.8975029591088394,-0.036457799358352465,0.20127976047580787,-0.6068348139611915,0.8522475793049209,0.3280720073851243,-0.15364992135568062,0.29259850833418105,0.6299208671027532,9,bottle gourd,sandy Loamy soil
36174,0.8110716651870262,-1.0687588504872214,-0.6043429600973992,-0.8975029591088394,-0.49808561796467227,0.20127976047580787,-0.9480485654725508,0.3529715601343328,0.3583025383642688,-0.3044635911369062,0.6658817948668152,1.1984148039425448,9,bottle gourd,sandy Loamy soil
36195,0.8110716651870262,-1.0687588504872214,0.4123900170997968,1.114202454544477,-0.3442096784292314,0.20127976047580787,-0.3168031251765363,0.15679734012295504,0.16828205792393272,0.47326180400941475,1.1908114165533317,1.1182425820805229,9,bottle gourd,sandy Loamy soil
36236,0.8110716651870262,-1.0687588504872214,-1.621075937294595,-0.8975029591088394,-0.19033373889379193,0.20127976047580787,-0.45328862578107953,0.173355679151097,0.2460177090131615,0.30470534954804473,1.4066158165800111,0.8777259164944572,9,bottle gourd,sandy Loamy soil
36253,0.8110716651870262,-1.0687588504872214,-0.09597647149880119,1.114202454544477,-0.49808561796467227,0.20127976047580787,0.17795681451493492,0.1290130085333605,0.37557712749520866,-0.4050060376577235,-0.27899152416891543,0.2946552120433887,9,bottle gourd,sandy Loamy soil
36278,0.8110716651870262,-1.0687588504872214,-0.09597647149880119,-0.8975029591088394,-0.6519615575001118,0.20127976047580787,-0.35092450032767214,0.5802979095037403,0.5094551932599904,-0.32220637581705025,0.39175188131941174,1.5373246509047283,9,bottle gourd,sandy Loamy soil
36306,0.8110716651870262,-1.0687588504872214,-1.621075937294595,-0.8975029591088394,-0.6519615575001118,0.20127976047580787,-0.3679851879032397,0.49357711696652207,0.39717036390888316,-0.04719321327481513,1.2666345841302737,0.8084862703408926,9,bottle gourd,sandy Loamy soil
36314,0.8110716651870262,-1.0687588504872214,-0.6043429600973992,-0.8975029591088394,-0.8058374970355525,0.20127976047580787,-0.2144389997231283,0.48628022180157776,0.38421442206067796,-0.08859304419515178,0.1351196218282258,1.526392075196271,9,bottle gourd,sandy Loamy soil
36315,0.8110716651870262,-1.0687588504872214,0.4123900170997968,1.114202454544477,-0.036457799358352465,0.20127976047580787,-0.4191672506299437,0.32181943077630276,0.36262118564700346,0.0651777563660981,-0.1798381511836843,0.2727900606264733,9,bottle gourd,sandy Loamy soil
36319,0.8110716651870262,-1.0687588504872214,-0.6043429600973992,1.114202454544477,-0.49808561796467227,0.20127976047580787,-0.9992306281992548,0.3995594292643596,0.2719295927095707,0.4466476269891987,-0.1798381511836843,1.1255309658861612,9,bottle gourd,sandy Loamy soil
36383,0.8110716651870262,-1.0687588504872214,-0.09597647149880119,1.114202454544477,-0.49808561796467227,0.20127976047580787,-0.0438321239674487,0.6094854901635163,0.48354330956358127,0.19824864146717966,1.0858254922160286,0.6335650590055721,9,bottle gourd,sandy Loamy soil
36406,0.8110716651870262,-1.0687588504872214,-1.621075937294595,-0.8975029591088394,-0.19033373889379193,0.20127976047580787,-0.6580168766878955,0.13378405537197782,0.172600705206668,-0.21574966773618517,0.817528130020698,0.40398096912796405,9,bottle gourd,sandy Loamy soil
36425,0.8110716651870262,-1.0687588504872214,0.4123900170997968,1.114202454544477,-0.19033373889379193,0.20127976047580787,-0.7603810021413029,0.0787766918208618,0.479224662280846,0.236691341607492,0.9225140543580012,1.0745122792466926,9,bottle gourd,sandy Loamy soil
36459,0.8110716651870262,-1.0687588504872214,-0.6043429600973992,1.114202454544477,-0.3442096784292314,0.20127976047580787,-0.1632569369964243,0.4977868641770667,0.2805668872750406,-0.3754347298574832,1.7682340004085007,1.0307819764128627,9,bottle gourd,sandy Loamy soil
36463,0.8110716651870262,-1.0687588504872214,-0.09597647149880119,1.114202454544477,-0.9597134365709921,0.20127976047580787,-1.0504126909259581,0.807343609059112,0.38421442206067796,-0.27193515255664197,0.9166815030059288,0.5643254128520075,9,bottle gourd,sandy Loamy soil
36468,0.8110716651870262,-1.0687588504872214,-0.09597647149880119,-0.8975029591088394,-0.6519615575001118,0.20127976047580787,-0.0779534991185845,0.8253051971574358,0.5785535497837486,-0.08859304419515178,-0.28482407552098793,0.8850143003000958,9,bottle gourd,sandy Loamy soil
36482,0.8110716651870262,-1.0687588504872214,0.9207565056983947,-0.8975029591088394,-0.9597134365709921,0.20127976047580787,-0.2826817500253999,0.4178016671767195,0.2201058253167517,-0.2689780217766177,0.15844982723651535,0.7829769270211583,9,bottle gourd,sandy Loamy soil
36507,0.8110716651870262,-1.0687588504872214,0.9207565056983947,1.114202454544477,-0.19033373889379193,0.20127976047580787,-0.09501418669415271,0.8095888075714023,0.4489941313017015,0.2396484723875163,0.2576032002217465,1.140107733497438,9,bottle gourd,sandy Loamy soil
36525,0.8110716651870262,-1.0687588504872214,0.4123900170997968,1.114202454544477,-0.19033373889379193,0.20127976047580787,0.2461995648172065,0.27663481071645746,0.36262118564700346,0.2159914261473237,0.6367190381064531,0.4622880395730707,9,bottle gourd,sandy Loamy soil
36549,0.8110716651870262,-1.0687588504872214,-0.6043429600973992,1.114202454544477,-0.8058374970355525,0.20127976047580787,-0.35092450032767214,0.15595539068084593,0.2201058253167517,-0.3517776836172906,0.26926830292589105,0.7356024322845091,9,bottle gourd,sandy Loamy soil
36633,0.8110716651870262,-1.0687588504872214,-0.09597647149880119,1.114202454544477,0.11741814017708838,0.20127976047580787,0.2461995648172065,0.3574619571589137,0.33670930195059423,-0.20983540617613702,0.05346390289921213,0.4112693529336025,9,bottle gourd,sandy Loamy soil
36635,0.8110716651870262,-1.0687588504872214,0.4123900170997968,1.114202454544477,-0.49808561796467227,0.20127976047580787,-0.29974243760096814,0.5940497503915194,0.40580765847435246,-0.5439911843188531,0.7592026164999739,0.753823391798605,9,bottle gourd,sandy Loamy soil
36666,0.8110716651870262,-1.0687588504872214,-1.621075937294595,-0.8975029591088394,-0.036457799358352465,0.20127976047580787,-0.1973783121475601,0.16886528212651605,0.3539838910815341,0.17163446444696318,1.0449976327515216,0.8595049569803613,9,bottle gourd,sandy Loamy soil
36669,0.8110716651870262,-1.0687588504872214,-0.6043429600973992,1.114202454544477,-0.49808561796467227,0.20127976047580787,-0.026771436391880492,0.39619163149592385,0.16396341064119807,0.035606448565857755,1.1266533516805355,0.45864384767025174,9,bottle gourd,sandy Loamy soil
36744,0.8110716651870262,-1.0687588504872214,-0.6043429600973992,-0.8975029591088394,-0.8058374970355525,0.20127976047580787,-0.9480485654725508,0.521361448556116,0.4533127785844368,-0.5765196228991175,1.0274999786953045,0.25092490920955846,9,bottle gourd,sandy Loamy soil
36749,0.8110716651870262,-1.0687588504872214,-0.6043429600973992,1.114202454544477,-0.8058374970355525,0.20127976047580787,-0.2144389997231283,0.7416715525746161,0.5699162552182794,-0.5942624075792615,1.5990900111984006,0.6408534428112106,9,bottle gourd,sandy Loamy soil
36755,0.8110716651870262,-1.0687588504872214,0.4123900170997968,1.114202454544477,-0.8058374970355525,0.20127976047580787,-0.29974243760096814,0.2844930055094742,0.49218060412905057,-0.18322122915592096,0.4209146380797738,0.35296228248849537,9,bottle gourd,sandy Loamy soil
36796,0.8110716651870262,-1.0687588504872214,-1.621075937294595,-0.8975029591088394,-0.3442096784292314,0.20127976047580787,-0.2826817500253999,0.5769301117353051,0.28920418184051055,-0.42570595311789144,0.805863027316553,0.4622880395730707,9,bottle gourd,sandy Loamy soil
36812,0.8110716651870262,-1.0687588504872214,0.9207565056983947,-0.8975029591088394,-0.8058374970355525,0.20127976047580787,-0.35092450032767214,0.5022772612016473,0.3064787709714498,-0.5262483996387088,0.035966248842994646,1.1109541982748843,9,bottle gourd,sandy Loamy soil
36866,0.8110716651870262,-1.0687588504872214,-1.621075937294595,-0.8975029591088394,-0.8058374970355525,0.20127976047580787,-0.1291355618452885,0.4326761073206436,0.29784147640597985,0.23373421082746815,0.8700210921893496,1.063579703538235,9,bottle gourd,sandy Loamy soil
36887,0.8110716651870262,-1.0687588504872214,0.9207565056983947,1.114202454544477,0.11741814017708838,0.20127976047580787,-0.5727134388100558,0.5050837593420103,0.5612789606528095,-0.552862576658925,0.7125422056833943,0.2837226363349313,9,bottle gourd,sandy Loamy soil
36912,0.8110716651870262,-1.0687588504872214,0.9207565056983947,-0.8975029591088394,-0.036457799358352465,0.20127976047580787,0.12677475178823092,0.18458167171254924,0.5180924878254604,0.5176187657097753,1.7040759355357045,0.22905975779264334,9,bottle gourd,sandy Loamy soil
36913,0.8110716651870262,-1.0687588504872214,-0.09597647149880119,1.114202454544477,-0.036457799358352465,0.20127976047580787,-0.9480485654725508,0.47084448202958096,0.5051365459772558,-0.4966770918384684,0.012636043434705087,1.0271377845100433,9,bottle gourd,sandy Loamy soil
36923,0.8110716651870262,-1.0687588504872214,-0.09597647149880119,1.114202454544477,-0.6519615575001118,0.20127976047580787,-1.1015947536526622,0.094493081406895,0.5051365459772558,0.22190568770737185,0.8641885408372771,0.6918721294506789,9,bottle gourd,sandy Loamy soil
36963,0.8110716651870262,-1.0687588504872214,-0.09597647149880119,1.114202454544477,-0.49808561796467227,0.20127976047580787,0.09265337663709511,0.48235112440506983,0.5353670769563996,0.3106196111080929,1.4824389841569523,1.1911264201369063,9,bottle gourd,sandy Loamy soil
37019,1.2888555453011261,-1.0687588504872214,-0.6043429600973992,1.114202454544477,0.11741814017708838,-0.9986294770878285,0.7580201920842453,0.7186582678236395,0.7037943209830612,-0.11816435199539212,0.9050164003017841,0.8412839974662655,7,bitter gourd,well-drained loamy soil
37047,1.2888555453011261,-1.0687588504872214,0.9207565056983947,1.114202454544477,0.4251700192479687,-0.9835125103153732,0.7409595045086778,0.8253051971574358,0.6346959644593029,-0.5587768382189732,1.1324859030326075,0.4367786962533364,7,bitter gourd,well-drained loamy soil
37088,1.2888555453011261,-1.0687588504872214,-0.09597647149880119,-0.8975029591088394,0.5790459587834081,-0.9400512308445643,0.3997457529973185,0.6799285934866288,0.7512994410931448,0.041520710125905906,0.1992776867010224,1.3842685909863228,7,bitter gourd,well-drained loamy soil
37097,1.2888555453011261,-1.0687588504872214,0.9207565056983947,1.114202454544477,-0.036457799358352465,-1.0250841689396253,0.7750808796598135,0.7728236819326465,0.5094551932599904,0.4052477960688621,-0.33148448633756705,0.3821158177110487,7,bitter gourd,well-drained loamy soil
37141,1.2888555453011261,-1.0687588504872214,-1.621075937294595,1.114202454544477,0.27129407971252784,-0.9438304725376782,0.4168064405728861,0.2350986382390843,0.4662687204326414,-0.12112148277541598,-0.16234049712746723,1.078156471149512,7,bitter gourd,well-drained loamy soil
37166,1.2888555453011261,-1.0687588504872214,-1.621075937294595,-0.8975029591088394,-0.036457799358352465,-0.9419408516911213,0.43386712814845435,0.4329567571346796,0.8463096813133129,-0.07972165185507976,1.4182809192841561,1.3186731367355775,7,bitter gourd,well-drained loamy soil
37181,1.2888555453011261,-1.0687588504872214,-1.621075937294595,1.114202454544477,-0.19033373889379193,-0.9570578184635765,0.7921415672353811,0.5067676582262286,0.6908383791348566,-0.03240755937469495,0.6542166921626702,0.5388160695322738,7,bitter gourd,well-drained loamy soil
37244,1.2888555453011261,-1.0687588504872214,-0.6043429600973992,-0.8975029591088394,-0.036457799358352465,-1.006187960474056,0.17795681451493492,0.7318488090833454,0.5699162552182794,-0.62974797693955,-0.05735457279016359,1.5154594994878134,7,bitter gourd,well-drained loamy soil
37253,1.2888555453011261,-1.0687588504872214,-0.09597647149880119,1.114202454544477,0.4251700192479687,-0.9816228894688164,0.6727167542064055,0.6515829622689622,0.7815299720722894,0.4170763191889584,0.0009709407305605154,0.8595049569803613,7,bitter gourd,well-drained loamy soil
37260,1.2888555453011261,-1.0687588504872214,0.4123900170997968,-0.8975029591088394,0.27129407971252784,-1.00996720216717,0.31444231511947873,0.08214448958929761,0.5915094916319539,0.1686773336669393,0.36258912455904974,0.9578981383564793,7,bitter gourd,well-drained loamy soil
37278,1.2888555453011261,-1.0687588504872214,-0.09597647149880119,-0.8975029591088394,0.11741814017708838,-1.0118568230137268,0.3997457529973185,0.07372499516820843,0.8592656231615174,-0.34586342205724285,0.7067096543313218,1.4024895505004187,7,bitter gourd,well-drained loamy soil
37286,1.2888555453011261,-1.0687588504872214,-1.621075937294595,-0.8975029591088394,-0.036457799358352465,-0.9570578184635765,0.3997457529973185,0.25530542484969815,0.880858859575192,-0.36952046829743507,0.8700210921893496,0.4513554638646133,7,bitter gourd,well-drained loamy soil
37298,1.2888555453011261,-1.0687588504872214,-0.09597647149880119,-0.8975029591088394,0.4251700192479687,-1.00996720216717,0.16089612693936672,0.36251365381156714,0.574234902501014,0.2633055186277085,0.6192213840502357,0.6444976347140297,7,bitter gourd,well-drained loamy soil
37328,1.2888555453011261,-1.0687588504872214,-0.09597647149880119,-0.8975029591088394,0.5790459587834081,-1.006187960474056,0.8262629423865175,0.4242566128995544,0.880858859575192,-0.18617835993594484,0.7708677192041185,0.30194359584902714,7,bitter gourd,well-drained loamy soil
37342,1.2888555453011261,-1.0687588504872214,0.9207565056983947,-0.8975029591088394,-0.036457799358352465,-0.9702851643894749,0.16089612693936672,0.4742122797980167,0.5180924878254604,-0.44640586857805975,1.0216674273432325,0.8048420784380736,7,bitter gourd,well-drained loamy soil
37361,1.2888555453011261,-1.0687588504872214,-1.621075937294595,1.114202454544477,0.4251700192479687,-0.947609714230792,0.655656066630838,0.2884221029059824,0.48354330956358127,-0.20392114461608887,0.8466908867810601,0.8267072298549886,7,bitter gourd,well-drained loamy soil
37362,1.2888555453011261,-1.0687588504872214,0.9207565056983947,-0.8975029591088394,0.5790459587834081,-0.947609714230792,0.3656243778461821,0.8342859912065971,0.5526416660873394,0.19529151068715578,1.5465970490297494,0.6153440994914763,7,bitter gourd,well-drained loamy soil
37438,1.2888555453011261,-1.0687588504872214,-0.09597647149880119,-0.8975029591088394,-0.036457799358352465,-0.9570578184635765,0.2461995648172065,0.4102241221977391,0.3798957747779433,0.1923343799071315,0.8000304759644805,0.7829769270211583,7,bitter gourd,well-drained loamy soil
37455,1.2888555453011261,-1.0687588504872214,0.4123900170997968,1.114202454544477,0.4251700192479687,-0.9532785767704628,0.655656066630838,0.6243599303074404,0.8117605030514338,-0.5055484841785405,0.9458442597662912,1.1364635415946187,7,bitter gourd,well-drained loamy soil
37500,1.2888555453011261,-1.0687588504872214,0.4123900170997968,-0.8975029591088394,-0.036457799358352465,-0.9929606145481579,0.3656243778461821,0.5081709072964101,0.4360381894534969,0.5324044196098955,0.8816861948934942,0.3821158177110487,7,bitter gourd,well-drained loamy soil
37532,1.2888555453011261,-1.0687588504872214,0.9207565056983947,-0.8975029591088394,0.5790459587834081,-0.9702851643894749,0.55329194117743,0.03864376841367019,0.40148901119161784,-0.005793382354478895,1.7215735895919215,1.5373246509047283,7,bitter gourd,well-drained loamy soil
37539,1.2888555453011261,-1.0687588504872214,-0.6043429600973992,1.114202454544477,0.11741814017708838,-0.9438304725376782,0.12677475178823092,0.2350986382390843,0.837672386747843,-0.18617835993594484,0.035966248842994646,1.3624034395694078,7,bitter gourd,well-drained loamy soil
37542,1.2888555453011261,-1.0687588504872214,0.9207565056983947,-0.8975029591088394,0.11741814017708838,-0.9854021311619301,0.38268506542175035,0.2833704062533287,0.522411135108195,-0.16252131369575262,1.6865782814794867,1.034426168315682,7,bitter gourd,well-drained loamy soil
37607,1.2888555453011261,-1.0687588504872214,0.9207565056983947,1.114202454544477,0.4251700192479687,-1.00996720216717,0.07559268906152691,0.8676833190769178,0.3712584802124734,-0.3754347298574832,0.8700210921893496,0.2181271820841859,7,bitter gourd,well-drained loamy soil
37613,1.2888555453011261,-1.0687588504872214,-0.09597647149880119,1.114202454544477,-0.036457799358352465,-0.9457200933842351,0.1438354393637991,0.09056398401038679,0.3712584802124734,0.4614332808893189,0.09429176236371875,0.3128761715574846,7,bitter gourd,well-drained loamy soil
37624,1.2888555453011261,-1.0687588504872214,-0.6043429600973992,-0.8975029591088394,-0.036457799358352465,-0.9494993350773488,0.31444231511947873,0.6813318425568103,0.29784147640597985,-0.5055484841785405,0.9750070165266532,0.5971231399773804,7,bitter gourd,well-drained loamy soil
37641,1.2888555453011261,-1.0687588504872214,-1.621075937294595,1.114202454544477,0.5790459587834081,-0.9589474393101334,0.46798850329959013,0.5926465013213379,0.677882437286652,0.026735056225785737,1.5057691895652423,0.6226324832971147,7,bitter gourd,well-drained loamy soil
37684,1.2888555453011261,-1.0687588504872214,-0.6043429600973992,-0.8975029591088394,-0.036457799358352465,-0.9740644060825887,0.6215346914797015,0.12059351411227132,0.8160791503341684,-0.3517776836172906,-0.2498287674085534,0.5278834938238158,7,bitter gourd,well-drained loamy soil
37745,1.2888555453011261,-1.0687588504872214,0.4123900170997968,1.114202454544477,0.4251700192479687,-0.9362719891514506,0.7750808796598135,0.05969250446639313,0.6735637900039168,-0.360649075957363,1.7332386922960665,1.0927332387607884,7,bitter gourd,well-drained loamy soil
37763,1.2888555453011261,-1.0687588504872214,-0.09597647149880119,1.114202454544477,0.4251700192479687,-0.9381616099980074,0.09265337663709511,0.7060290261920058,0.5612789606528095,-0.061978867174935295,0.3334263677986877,0.2800784444321118,7,bitter gourd,well-drained loamy soil
37800,1.2888555453011261,-1.0687588504872214,0.4123900170997968,-0.8975029591088394,0.5790459587834081,-1.008077581320613,0.46798850329959013,0.8093081577573662,0.7426621465276756,0.2928768264279488,1.7040759355357045,0.8850143003000958,7,bitter gourd,well-drained loamy soil
37805,1.2888555453011261,-1.0687588504872214,0.4123900170997968,1.114202454544477,-0.19033373889379193,-0.9910709937016009,0.55329194117743,0.7349359570377452,0.3539838910815341,-0.22166392929623333,0.3509240218549051,0.8485723812719039,7,bitter gourd,well-drained loamy soil
37862,1.2888555453011261,-1.0687588504872214,0.9207565056983947,-0.8975029591088394,-0.036457799358352465,-0.9797332686222594,0.604474003904134,0.6179049845846055,0.574234902501014,-0.5617339689989973,0.9983372219349423,0.2071946063757282,7,bitter gourd,well-drained loamy soil
37882,1.2888555453011261,-1.0687588504872214,0.9207565056983947,-0.8975029591088394,0.4251700192479687,-0.9740644060825887,0.7068381293575413,0.8556153770733567,0.3453465965160642,0.4229905807490061,1.4766064328048802,0.3310971310715805,7,bitter gourd,well-drained loamy soil
37907,1.2888555453011261,-1.0687588504872214,0.9207565056983947,1.114202454544477,0.11741814017708838,-0.9721747852360318,0.1438354393637991,0.3305195750114283,0.3280720073851243,0.44369049620917445,-0.2381636647044084,0.8230630379521696,7,bitter gourd,well-drained loamy soil
37921,1.2888555453011261,-1.0687588504872214,-1.621075937294595,1.114202454544477,0.5790459587834081,-1.00996720216717,0.8603843175376533,0.2951576984428537,0.7512994410931448,-0.15364992135568062,0.2459380975176015,1.0307819764128627,7,bitter gourd,well-drained loamy soil
37940,1.2888555453011261,-1.0687588504872214,0.4123900170997968,-0.8975029591088394,0.5790459587834081,-0.9513889559239058,0.38268506542175035,0.6751575466480121,0.8635842704442528,-0.41683456077781944,-0.4714657187873048,0.9578981383564793,7,bitter gourd,well-drained loamy soil
37964,1.2888555453011261,-1.0687588504872214,-0.6043429600973992,-0.8975029591088394,0.27129407971252784,-0.9948502353947146,0.05853200148595931,0.4228533638293729,0.574234902501014,0.387505011388718,1.1383184543846805,1.3879127828891422,7,bitter gourd,well-drained loamy soil
37973,1.2888555453011261,-1.0687588504872214,-0.09597647149880119,1.114202454544477,0.27129407971252784,-0.9419408516911213,0.8262629423865175,0.6156597860723152,0.889496154140662,-0.6149623230394298,0.5900586272898737,0.49872995860126246,7,bitter gourd,well-drained loamy soil
37988,1.2888555453011261,-1.0687588504872214,-0.09597647149880119,-0.8975029591088394,-0.036457799358352465,-0.9513889559239058,0.09265337663709511,0.34820051329571544,0.6908383791348566,-0.11520722121536783,1.7274061409439936,0.5497486452407312,7,bitter gourd,well-drained loamy soil
38011,0.8110716651870262,-1.0687588504872214,-1.621075937294595,1.114202454544477,-0.6519615575001118,0.20127976047580787,0.7921415672353811,0.3190129326359397,-0.3154064377423764,0.14206315664672284,0.5608958705295116,1.446219853334249,3,ash gourd,sandy Loamy soil
38036,0.8110716651870262,-1.0687588504872214,-1.621075937294595,-0.8975029591088394,-0.6519615575001118,0.20127976047580787,0.3485636902706145,0.6956449830726623,-0.5831625692719403,-0.5232912688586847,0.0009709407305605154,0.2873668282377502,3,ash gourd,sandy Loamy soil
38042,0.8110716651870262,-1.0687588504872214,0.9207565056983947,-0.8975029591088394,-0.8058374970355525,0.20127976047580787,0.43386712814845435,0.7189389176376756,-0.786138991560481,-0.2660208909965938,0.4267471894318463,1.555545610418824,3,ash gourd,sandy Loamy soil
38051,0.8110716651870262,-1.0687588504872214,-1.621075937294595,1.114202454544477,-0.9597134365709921,0.20127976047580787,0.38268506542175035,0.31396123598328635,-0.2765386121977623,-0.2867208064567622,0.22260789210931195,0.6517860185196681,3,ash gourd,sandy Loamy soil
38084,0.8110716651870262,-1.0687588504872214,-0.6043429600973992,-0.8975029591088394,-0.3442096784292314,0.20127976047580787,0.09265337663709511,0.6936804343744081,0.02144805031094633,-0.4434487377980359,0.5259005624170775,0.8449281893690844,3,ash gourd,sandy Loamy soil
38104,0.8110716651870262,-1.0687588504872214,-0.6043429600973992,-0.8975029591088394,-0.49808561796467227,0.20127976047580787,0.16089612693936672,0.37149444786072905,-0.1469791937157152,0.08883480260629029,-0.06901967549430858,0.7829769270211583,3,ash gourd,sandy Loamy soil
38106,0.8110716651870262,-1.0687588504872214,-1.621075937294595,-0.8975029591088394,-0.036457799358352465,0.20127976047580787,0.9968698181421971,0.664492853714632,-0.19016566654306424,-0.3990917760976754,0.3159287137424706,0.2800784444321118,3,ash gourd,sandy Loamy soil
38122,0.8110716651870262,-1.0687588504872214,0.9207565056983947,-0.8975029591088394,-0.036457799358352465,0.20127976047580787,0.43386712814845435,0.18486232152658563,-0.44064720894168863,0.22190568770737185,1.8440571679854418,1.0089168249959475,3,ash gourd,sandy Loamy soil
38176,0.8110716651870262,-1.0687588504872214,-1.621075937294595,-0.8975029591088394,-0.8058374970355525,0.20127976047580787,0.0073499387592553065,0.1357486040702321,-0.03469436436460731,0.44369049620917445,-0.028191816029801538,1.3879127828891422,3,ash gourd,sandy Loamy soil
38185,0.8110716651870262,-1.0687588504872214,0.4123900170997968,1.114202454544477,-0.19033373889379193,0.20127976047580787,0.9115663802643573,0.8042564611047128,-0.8638746426497091,0.2810483033078525,1.33079264900307,1.5482572266131858,3,ash gourd,sandy Loamy soil
38211,0.8110716651870262,-1.0687588504872214,-1.621075937294595,1.114202454544477,-0.19033373889379193,0.20127976047580787,0.26326025239277473,0.2359405876811931,-0.7645457551468064,0.09474906416633845,-0.02235926467772946,0.327452939168761,3,ash gourd,sandy Loamy soil
38224,0.8110716651870262,-1.0687588504872214,-0.6043429600973992,-0.8975029591088394,-0.19033373889379193,0.20127976047580787,0.3997457529973185,0.8045371109187489,-0.8768305844979141,0.11840611040653064,1.1966439679054046,1.3879127828891422,3,ash gourd,sandy Loamy soil
38256,0.8110716651870262,-1.0687588504872214,-1.621075937294595,-0.8975029591088394,-0.49808561796467227,0.20127976047580787,0.5191705660262941,0.7088355243323688,-0.8163695225396255,0.5324044196098955,0.39758443267148424,1.3988453585975997,3,ash gourd,sandy Loamy soil
38260,0.8110716651870262,-1.0687588504872214,0.4123900170997968,-0.8975029591088394,-0.19033373889379193,0.20127976047580787,0.3485636902706145,0.8157631034802011,-0.328362379590581,0.12136324118655492,1.7682340004085007,0.6262766751999337,3,ash gourd,sandy Loamy soil
38320,0.8110716651870262,-1.0687588504872214,0.4123900170997968,-0.8975029591088394,0.11741814017708838,0.20127976047580787,0.024410626334822903,0.2600764716883155,-0.22471484480494336,-0.4109202992177713,1.0041697732870152,1.325961520541216,3,ash gourd,sandy Loamy soil
38340,0.8110716651870262,-1.0687588504872214,0.4123900170997968,-0.8975029591088394,-0.49808561796467227,0.20127976047580787,0.48504919087515835,0.6397956700794372,-0.5874812165546753,0.4496047577692226,0.40341698402355675,0.4622880395730707,3,ash gourd,sandy Loamy soil
38414,0.8110716651870262,-1.0687588504872214,-0.6043429600973992,-0.8975029591088394,-0.49808561796467227,0.20127976047580787,0.1950175020905025,0.44053430211366,-0.5140642127481821,-0.49076283027842027,1.2841322381864908,0.502374150504082,3,ash gourd,sandy Loamy soil
38461,0.8110716651870262,-1.0687588504872214,-1.621075937294595,1.114202454544477,-0.036457799358352465,0.20127976047580787,0.024410626334822903,0.416679067920574,-0.2592640230668225,0.4229905807490061,0.6075562813460911,1.511815307584994,3,ash gourd,sandy Loamy soil
38487,0.8110716651870262,-1.0687588504872214,0.9207565056983947,1.114202454544477,-0.49808561796467227,0.20127976047580787,0.7238988169331095,0.5738429637809053,-0.42337261981074903,-0.2837636756767379,0.11178941641993623,1.5664781861272816,3,ash gourd,sandy Loamy soil
38498,0.8110716651870262,-1.0687588504872214,-0.09597647149880119,-0.8975029591088394,-0.8058374970355525,0.20127976047580787,0.16089612693936672,0.6153791362582784,-0.5486133910100612,0.0977061949463623,0.8233606813727701,1.1182425820805229,3,ash gourd,sandy Loamy soil
38537,0.8110716651870262,-1.0687588504872214,0.9207565056983947,1.114202454544477,-0.8058374970355525,0.20127976047580787,0.6897774417819738,0.6330600745425663,-0.22471484480494336,0.4791760655694629,1.377453059819649,0.21083879827854743,3,ash gourd,sandy Loamy soil
38581,0.8110716651870262,-1.0687588504872214,-1.621075937294595,1.114202454544477,-0.9597134365709921,0.20127976047580787,0.21207818966607073,0.6490571139426352,-0.8595559953669745,0.07404914870617012,0.8116955786686255,1.2676544500961093,3,ash gourd,sandy Loamy soil
38634,0.8110716651870262,-1.0687588504872214,-0.6043429600973992,-0.8975029591088394,-0.19033373889379193,0.20127976047580787,0.4168064405728861,0.8387763882311783,-0.4060980306798095,-0.24236384475640166,1.0041697732870152,1.1036658144692464,3,ash gourd,sandy Loamy soil
38646,0.8110716651870262,-1.0687588504872214,-1.621075937294595,-0.8975029591088394,-0.8058374970355525,0.20127976047580787,0.5191705660262941,0.6832963912550646,-0.8725119372151791,-0.23053532163630536,-0.3898099998582912,0.159820111639079,3,ash gourd,sandy Loamy soil
38741,0.8110716651870262,-1.0687588504872214,-1.621075937294595,1.114202454544477,-0.9597134365709921,0.20127976047580787,-0.0779534991185845,0.8157631034802011,-0.2203961975222087,-0.16252131369575262,0.40924953537562925,0.6080557156858378,3,ash gourd,sandy Loamy soil
38748,0.8110716651870262,-1.0687588504872214,-0.09597647149880119,-0.8975029591088394,-0.8058374970355525,0.20127976047580787,0.6727167542064055,0.6782446946024112,-0.2765386121977623,-0.2837636756767379,-0.22649856200026383,0.3602506662941338,3,ash gourd,sandy Loamy soil
38764,0.8110716651870262,-1.0687588504872214,-0.6043429600973992,-0.8975029591088394,-0.49808561796467227,0.20127976047580787,0.8433236299620851,0.4102241221977391,-0.06492489534375176,0.3934192729487658,1.7332386922960665,0.502374150504082,3,ash gourd,sandy Loamy soil
38765,0.8110716651870262,-1.0687588504872214,0.4123900170997968,1.114202454544477,-0.6519615575001118,0.20127976047580787,0.55329194117743,0.33781647017637234,-0.5658879801410008,-0.4434487377980359,0.07679410830750169,1.183838036331268,3,ash gourd,sandy Loamy soil
38775,0.8110716651870262,-1.0687588504872214,0.4123900170997968,1.114202454544477,-0.9597134365709921,0.20127976047580787,0.3997457529973185,0.7099581235885136,-0.7386338714503969,-0.27193515255664197,0.07096155695542919,1.4790175804596217,3,ash gourd,sandy Loamy soil
38776,0.8110716651870262,-1.0687588504872214,-1.621075937294595,-0.8975029591088394,-0.49808561796467227,0.20127976047580787,0.8092022548109493,0.1059997237823836,0.12509558509658367,0.17459159522698744,1.383285611171722,0.7064488970619558,3,ash gourd,sandy Loamy soil
38823,0.8110716651870262,-1.0687588504872214,-0.09597647149880119,1.114202454544477,-0.3442096784292314,0.20127976047580787,0.7750808796598135,0.6470925652443815,-0.01741977523366806,-0.5735624921190934,0.6250539354023081,1.5409688428075479,3,ash gourd,sandy Loamy soil
38848,0.8110716651870262,-1.0687588504872214,-0.09597647149880119,-0.8975029591088394,-0.3442096784292314,0.20127976047580787,0.9115663802643573,0.3535328597624052,-0.3542742632869905,-0.4878056994983964,-0.06318712414223608,0.7939095027296162,3,ash gourd,sandy Loamy soil
38866,0.8110716651870262,-1.0687588504872214,-1.621075937294595,-0.8975029591088394,-0.3442096784292314,0.20127976047580787,0.09265337663709511,0.21825964939690595,-0.47087773992083304,-0.47302004559827626,0.5783935245857291,0.38576000961386814,3,ash gourd,sandy Loamy soil
38877,0.8110716651870262,-1.0687588504872214,0.9207565056983947,1.114202454544477,-0.49808561796467227,0.20127976047580787,0.5703526287529982,0.2308888910285397,-0.31108779045964147,0.13023463352662695,-0.2673264214647704,0.8412839974662655,3,ash gourd,sandy Loamy soil
38896,0.8110716651870262,-1.0687588504872214,-1.621075937294595,-0.8975029591088394,-0.036457799358352465,0.20127976047580787,0.604474003904134,0.2763541609024211,-0.004463833385463468,0.36976222670857356,0.45590994619220837,1.522747883293452,3,ash gourd,sandy Loamy soil
38960,0.8110716651870262,-1.0687588504872214,0.4123900170997968,-0.8975029591088394,-0.036457799358352465,0.20127976047580787,1.0309911932933329,0.8443893845119045,-0.6177117475338197,0.23077708004744385,1.6865782814794867,0.23999233350110102,3,ash gourd,sandy Loamy soil
38962,0.8110716651870262,-1.0687588504872214,0.9207565056983947,-0.8975029591088394,-0.8058374970355525,0.20127976047580787,0.0073499387592553065,0.7481264982974517,-0.47951503448630267,-0.34290629127721856,-0.11568008631088769,1.5154594994878134,3,ash gourd,sandy Loamy soil
38984,0.8110716651870262,-1.0687588504872214,-0.6043429600973992,-0.8975029591088394,-0.49808561796467227,0.20127976047580787,0.3656243778461821,0.8135179049679108,0.10350234868290915,0.0651777563660981,0.8350257840769151,1.5628339942244627,3,ash gourd,sandy Loamy soil
38995,0.8110716651870262,-1.0687588504872214,0.4123900170997968,1.114202454544477,-0.6519615575001118,0.20127976047580787,0.3656243778461821,0.4725283809137992,-0.8206881698223601,-0.24236384475640166,0.6717143462188877,0.4622880395730707,3,ash gourd,sandy Loamy soil
38999,0.8110716651870262,-1.0687588504872214,-0.6043429600973992,1.114202454544477,-0.49808561796467227,0.20127976047580787,0.979809130566629,0.8382150886031056,-0.4579217980726282,-0.44936299935808405,0.5550633191774396,1.063579703538235,3,ash gourd,sandy Loamy soil
39014,-1.100063855269374,-1.0687588504872214,-0.6043429600973992,-0.8975029591088394,0.5790459587834081,0.20127976047580787,1.0139305057177648,1.0930451197480713,-0.1815283719775943,0.07404914870617012,-0.29065662687306,0.046850162651684416,20,cucumber,Loamy soil
39035,-1.100063855269374,-1.0687588504872214,0.4123900170997968,-0.8975029591088394,0.11741814017708838,0.20127976047580787,1.1162946311711728,0.9095001413683276,-0.24630808121861789,0.5353615503899197,0.05346390289921213,-0.5908834203416719,20,cucumber,Loamy soil
39068,-1.100063855269374,-1.0687588504872214,-0.09597647149880119,-0.8975029591088394,0.8867978378542885,0.20127976047580787,0.7580201920842453,1.4536801307847242,-0.12970460458477534,0.2603483878476842,-0.32565193498549455,-0.16815715961464706,20,cucumber,Loamy soil
39069,-1.100063855269374,-1.0687588504872214,-0.6043429600973992,-0.8975029591088394,0.8867978378542885,0.20127976047580787,0.7409595045086778,0.9403716209123212,-0.2938132013287016,-0.549905445878901,0.26926830292589105,-0.30299226001895674,20,cucumber,Loamy soil
39094,-1.100063855269374,-1.0687588504872214,-0.6043429600973992,-0.8975029591088394,0.8867978378542885,0.20127976047580787,0.4168064405728861,1.1418781873903887,-0.1599351355639198,-0.01762190547457478,-0.4014751025624361,-0.1754455434202855,20,cucumber,Loamy soil
39160,-1.100063855269374,-1.0687588504872214,0.4123900170997968,-0.8975029591088394,0.7329218983188477,0.20127976047580787,0.604474003904134,1.6504156504241752,-0.47087773992083304,0.1331917643066508,0.3217612650945431,-0.05883140253007171,20,cucumber,Loamy soil
39195,-1.100063855269374,-1.0687588504872214,0.4123900170997968,-0.8975029591088394,0.27129407971252784,0.20127976047580787,1.30396219450242,0.9611397071510074,-0.2765386121977623,0.3135767418881172,-0.37231234580207406,-0.3831644818809785,20,cucumber,Loamy soil
39244,-1.100063855269374,-1.0687588504872214,-0.6043429600973992,-0.8975029591088394,0.5790459587834081,0.20127976047580787,0.55329194117743,1.0428088030355729,-0.44064720894168863,-0.49963422261849233,-0.261493870112698,0.11608980880524876,20,cucumber,Loamy soil
39261,-1.100063855269374,-1.0687588504872214,-1.621075937294595,-0.8975029591088394,0.27129407971252784,0.20127976047580787,0.22913887724163892,1.4236506006828393,-0.09083677904016156,-0.21870679851620903,-0.3781448971541462,-0.5653740770219374,20,cucumber,Loamy soil
39268,-1.100063855269374,-1.0687588504872214,-0.09597647149880119,-0.8975029591088394,0.11741814017708838,0.20127976047580787,1.2698408193512847,0.9341973250035224,-0.336999674156051,0.3017482187680209,0.520068011065005,-0.2993480681161375,20,cucumber,Loamy soil
39320,-1.100063855269374,-1.0687588504872214,0.4123900170997968,-0.8975029591088394,1.0406737773897279,0.20127976047580787,0.12677475178823092,0.9510363138457006,-0.4838336817690376,-0.44640586857805975,-0.09234988090259813,-0.30299226001895674,20,cucumber,Loamy soil
39327,-1.100063855269374,-1.0687588504872214,0.9207565056983947,-0.8975029591088394,1.0406737773897279,0.20127976047580787,0.1438354393637991,1.71384250839638,-0.18584701926032898,0.11249184884648249,-0.16234049712746723,-0.015101099696241462,20,cucumber,Loamy soil
39335,-1.100063855269374,-1.0687588504872214,0.4123900170997968,-0.8975029591088394,0.27129407971252784,0.20127976047580787,0.3997457529973185,1.1463685844149694,-0.4622404453553631,-0.4878056994983964,0.10012431371579124,-0.24468518957384985,20,cucumber,Loamy soil
39339,-1.100063855269374,-1.0687588504872214,-0.6043429600973992,-0.8975029591088394,0.27129407971252784,0.20127976047580787,0.8433236299620851,1.2586285100294916,-0.056287600778281835,0.21303429536729981,0.263435751573819,-0.007812715890603261,20,cucumber,Loamy soil
39342,-1.100063855269374,-1.0687588504872214,0.9207565056983947,-0.8975029591088394,0.5790459587834081,0.20127976047580787,0.6215346914797015,0.8862062068033136,-0.17720972469485965,0.5117045041497271,0.3450914705028327,-0.35036675475560597,20,cucumber,Loamy soil
39386,-1.100063855269374,-1.0687588504872214,-1.621075937294595,-0.8975029591088394,0.7329218983188477,0.20127976047580787,1.2869015069268517,1.5008292995428236,-0.3197250850251114,0.4939617194695831,0.6017237299940186,0.08693627358269543,20,cucumber,Loamy soil
39389,-1.100063855269374,-1.0687588504872214,-0.6043429600973992,-0.8975029591088394,0.4251700192479687,0.20127976047580787,0.38268506542175035,1.4312281456618199,-0.3888234415488696,0.03264931778583389,-0.4248053079707257,-0.17180135151746628,20,cucumber,Loamy soil
39433,-1.100063855269374,-1.0687588504872214,-0.09597647149880119,-0.8975029591088394,1.1945497169251689,0.20127976047580787,1.5939938832870757,1.3692045367597965,-0.31108779045964147,0.02377792544576145,0.21677534075723945,-0.1608687758090086,20,cucumber,Loamy soil
39441,-1.100063855269374,-1.0687588504872214,-1.621075937294595,-0.8975029591088394,0.11741814017708838,0.20127976047580787,1.2698408193512847,1.2078308936889206,-0.13834189915024528,0.24851986472758833,0.4675750488963534,-0.2155316543512963,20,cucumber,Loamy soil
39524,-1.100063855269374,-1.0687588504872214,-0.6043429600973992,-0.8975029591088394,0.27129407971252784,0.20127976047580787,0.7750808796598135,1.039721655081173,-0.21607755023947342,-0.17139270603582465,0.6192213840502357,-0.05518721062725248,20,cucumber,Loamy soil
39546,-1.100063855269374,-1.0687588504872214,-1.621075937294595,-0.8975029591088394,1.0406737773897279,0.20127976047580787,0.12677475178823092,1.2356152252785144,-0.2894945540459669,0.2899196956479245,-0.028191816029801538,-0.28841549240767983,20,cucumber,Loamy soil
39579,-1.100063855269374,-1.0687588504872214,-0.6043429600973992,-0.8975029591088394,1.3484256564606083,0.20127976047580787,0.2973816275439105,1.1129712565446492,-0.280857259480497,-0.5025913533985166,0.6075562813460911,-0.28112710860204165,20,cucumber,Loamy soil
39594,-1.100063855269374,-1.0687588504872214,-0.6043429600973992,-0.8975029591088394,0.7329218983188477,0.20127976047580787,1.0309911932933329,1.1556300282781673,-0.07788083719195636,-0.37839186063750707,0.08262665965957418,-0.32850160333869083,20,cucumber,Loamy soil
39618,-1.100063855269374,-1.0687588504872214,-0.09597647149880119,-0.8975029591088394,1.1945497169251689,0.20127976047580787,0.928627067839925,1.2695738527769078,-0.09947407360563087,-0.6120051922594058,0.40341698402355675,0.07235950597141877,20,cucumber,Loamy soil
39641,-1.100063855269374,-1.0687588504872214,-1.621075937294595,-0.8975029591088394,0.5790459587834081,0.20127976047580787,1.3551442572291246,1.167978620095765,-0.36291155785246043,-0.16252131369575262,-0.28482407552098793,0.04320597074886519,20,cucumber,Loamy soil
39658,-1.100063855269374,-1.0687588504872214,-0.09597647149880119,-0.8975029591088394,0.7329218983188477,0.20127976047580787,0.3485636902706145,1.2055856951766302,-0.1728910774121244,-0.5646910997790211,-0.045689470086019014,-0.430538976617628,20,cucumber,Loamy soil
39685,-1.100063855269374,-1.0687588504872214,0.4123900170997968,-0.8975029591088394,1.1945497169251689,0.20127976047580787,0.6897774417819738,1.511213342662167,-0.2722199649150271,0.4703046732293909,0.17011492994066033,-0.14264781629491272,20,cucumber,Loamy soil
39743,-1.100063855269374,-1.0687588504872214,-0.09597647149880119,-0.8975029591088394,0.4251700192479687,0.20127976047580787,0.604474003904134,1.0077275762810345,-0.34131832143878593,-0.12407861355544027,-0.23233111335233592,-0.05518721062725248,20,cucumber,Loamy soil
39747,-1.100063855269374,-1.0687588504872214,0.9207565056983947,-0.8975029591088394,-0.19033373889379193,0.20127976047580787,1.4404476951069645,1.2468412178399666,-0.3154064377423764,-0.1684355752558008,0.14678472453237076,0.057782738360142104,20,cucumber,Loamy soil
39752,-1.100063855269374,-1.0687588504872214,0.9207565056983947,-0.8975029591088394,0.11741814017708838,0.20127976047580787,0.3485636902706145,1.6293669143714522,-0.19016566654306424,0.2633055186277085,-0.12734518901503267,-0.09891751346108273,20,cucumber,Loamy soil
39790,-1.100063855269374,-1.0687588504872214,0.4123900170997968,-0.8975029591088394,0.5790459587834081,0.20127976047580787,1.1845373814734443,0.9524395629158822,-0.4190539725280141,-0.5913052767992376,0.35675657320697723,-0.19002231103156217,20,cucumber,Loamy soil
39807,-1.100063855269374,-1.0687588504872214,0.9207565056983947,-0.8975029591088394,1.1945497169251689,0.20127976047580787,1.2527801317757166,0.9347586246315951,-0.3197250850251114,-0.37839186063750707,-0.44230296202694275,-0.1353594324892745,20,cucumber,Loamy soil
39849,-1.100063855269374,-1.0687588504872214,-0.6043429600973992,-0.8975029591088394,0.5790459587834081,0.20127976047580787,1.0480518808689006,1.326826414840314,-0.4449658562244236,0.18346298756705948,0.04179880019506714,-0.22282003815693474,20,cucumber,Loamy soil
39860,-1.100063855269374,-1.0687588504872214,0.4123900170997968,-0.8975029591088394,1.0406737773897279,0.20127976047580787,0.9456877554154931,0.962542956221189,-0.3672302051351951,-0.19504975227601684,0.3509240218549051,-0.4268947847148088,20,cucumber,Loamy soil
39879,-1.100063855269374,-1.0687588504872214,-0.6043429600973992,-0.8975029591088394,-0.036457799358352465,0.20127976047580787,0.43386712814845435,1.1225133502218834,-0.09947407360563087,-0.36952046829743507,0.5259005624170775,-0.04425463491879505,20,cucumber,Loamy soil
39886,-1.100063855269374,-1.0687588504872214,-1.621075937294595,-0.8975029591088394,1.3484256564606083,0.20127976047580787,0.48504919087515835,0.8833997086629506,-0.43200991437621866,0.5353615503899197,0.5142354597129325,-0.5252879660909264,20,cucumber,Loamy soil
39912,-1.100063855269374,-1.0687588504872214,0.9207565056983947,-0.8975029591088394,0.7329218983188477,0.20127976047580787,0.7750808796598135,1.1848176089379434,-0.4838336817690376,0.1361488950866751,0.035966248842994646,-0.11713847297517861,20,cucumber,Loamy soil
39918,-1.100063855269374,-1.0687588504872214,-0.09597647149880119,-0.8975029591088394,0.4251700192479687,0.20127976047580787,0.979809130566629,1.3756594824826314,-0.10379272088836615,0.5442329427299918,0.047631351547139635,0.07235950597141877,20,cucumber,Loamy soil
39927,-1.100063855269374,-1.0687588504872214,0.9207565056983947,-0.8975029591088394,1.1945497169251689,0.20127976047580787,0.5191705660262941,1.6984067686243831,-0.11243001545383609,-0.3724775990774589,0.024301146138850073,-0.12442685678081682,20,cucumber,Loamy soil
39934,-1.100063855269374,-1.0687588504872214,-0.6043429600973992,-0.8975029591088394,1.0406737773897279,0.20127976047580787,1.2015980690490127,1.6756741336874426,-0.2549453757840878,-0.04423608249479126,0.3100961623903981,-0.34672256285278674,20,cucumber,Loamy soil
40041,-0.9089503032237339,-1.0687588504872214,-1.621075937294595,-0.8975029591088394,0.11741814017708838,-0.4808733651312357,0.31444231511947873,0.688067438093682,0.1855566470548726,0.5205758964897995,-0.22066601064819133,0.9506097545508408,55,watermelon,Sandy soil
40071,-0.9089503032237339,-1.0687588504872214,-1.621075937294595,-0.8975029591088394,0.8867978378542885,-0.537561990527943,0.05853200148595931,0.17896867543182313,0.2503363562958962,0.4466476269891987,0.520068011065005,0.2873668282377502,55,watermelon,Sandy soil
40083,-0.9089503032237339,-1.0687588504872214,-0.09597647149880119,-0.8975029591088394,1.1945497169251689,-0.7189655917974063,-0.0438321239674487,0.15735863975102746,0.3928517166261479,0.8074175821521306,-0.40730765391450824,0.33474132297439946,55,watermelon,Sandy soil
40120,-0.9089503032237339,-1.0687588504872214,0.4123900170997968,-0.8975029591088394,1.3484256564606083,-0.4884318485174634,0.21207818966607073,0.2696185653655498,0.29784147640597985,0.3017482187680209,-0.05152202143809151,0.3128761715574846,55,watermelon,Sandy soil
40152,-0.9089503032237339,-1.0687588504872214,0.9207565056983947,-0.8975029591088394,1.1945497169251689,-0.7114071084111785,0.2973816275439105,0.14697459663168433,0.3410279492333289,0.576761381310256,0.09429176236371875,0.5533928371435501,55,watermelon,Sandy soil
40164,-0.9089503032237339,-1.0687588504872214,-0.6043429600973992,-0.8975029591088394,0.5790459587834081,-0.5696855449194104,0.05853200148595931,0.6094854901635163,0.49218060412905057,0.42003344996898223,0.0651290056033567,0.9287446031339255,55,watermelon,Sandy soil
40172,-0.9089503032237339,-1.0687588504872214,0.9207565056983947,-0.8975029591088394,0.11741814017708838,-0.5696855449194104,-0.0438321239674487,0.2112434040459983,0.574234902501014,0.32540526500821304,-0.06318712414223608,0.13431076831934463,55,watermelon,Sandy soil
40174,-0.9089503032237339,-1.0687588504872214,-0.6043429600973992,-0.8975029591088394,0.5790459587834081,-0.5092176778295893,0.09265337663709511,0.7986434648239867,0.2805668872750406,0.46439041166934275,0.09429176236371875,0.8412839974662655,55,watermelon,Sandy soil
40194,-0.9089503032237339,-1.0687588504872214,-0.6043429600973992,-0.8975029591088394,0.27129407971252784,-0.6773939331731542,-0.026771436391880492,0.2409922843338468,0.574234902501014,-0.03832182093474311,-0.4306378593227982,0.8230630379521696,55,watermelon,Sandy soil
40208,-0.9089503032237339,-1.0687588504872214,-0.09597647149880119,-0.8975029591088394,0.4251700192479687,-0.6414911370885729,0.17795681451493492,0.08074124051911608,0.16396341064119807,1.1415733602948468,0.024301146138850073,0.6044115237830189,55,watermelon,Sandy soil
40246,-0.9089503032237339,-1.0687588504872214,-1.621075937294595,-0.8975029591088394,-0.49808561796467227,-0.5092176778295893,0.1097140642126627,0.7832077250519899,0.427400894888027,0.6980037432912416,0.6892120002751048,1.3368940962496736,55,watermelon,Sandy soil
40264,-0.9089503032237339,-1.0687588504872214,-0.6043429600973992,-0.8975029591088394,0.11741814017708838,-0.6962901416387233,0.22913887724163892,0.3653201519519302,0.522411135108195,0.6773038278310733,0.1234545191240808,0.9251004112311064,55,watermelon,Sandy soil
40273,-0.9089503032237339,-1.0687588504872214,-0.09597647149880119,-0.8975029591088394,0.7329218983188477,-0.720855212643963,0.024410626334822903,0.45821524039794714,0.5051365459772558,0.7867176666919626,0.35675657320697723,1.5373246509047283,55,watermelon,Sandy soil
40342,-0.9089503032237339,-1.0687588504872214,0.9207565056983947,-0.8975029591088394,-0.6519615575001118,-0.7284136960301908,0.3485636902706145,0.261479720758497,0.20714988346854712,0.8044604513721068,-0.44230296202694275,1.3952011666947808,55,watermelon,Sandy soil
40345,-0.9089503032237339,-1.0687588504872214,0.4123900170997968,-0.8975029591088394,-0.6519615575001118,-0.5545685781469551,0.09265337663709511,0.04060831711192414,0.2330617671649563,0.6181612122305926,-0.3956425512103636,0.327452939168761,55,watermelon,Sandy soil
40372,-0.9089503032237339,-1.0687588504872214,0.9207565056983947,-0.8975029591088394,-0.3442096784292314,-0.5035488152899187,0.1950175020905025,0.5258518455806973,0.3539838910815341,0.6684324354910013,-0.302321729577205,1.2968079853186627,55,watermelon,Sandy soil
40378,-0.9089503032237339,-1.0687588504872214,-0.09597647149880119,-0.8975029591088394,0.4251700192479687,-0.6868420374059387,0.1438354393637991,0.5095741563665916,0.3669398329297387,0.39637640372879,0.5667284218815841,1.0162052088015858,55,watermelon,Sandy soil
40385,-0.9089503032237339,-1.0687588504872214,0.4123900170997968,-0.8975029591088394,-0.3442096784292314,-0.7170759709508492,0.0073499387592553065,0.6535475109672164,0.2330617671649563,0.4466476269891987,0.006803492082632595,0.37118324200259123,55,watermelon,Sandy soil
40426,-0.9089503032237339,-1.0687588504872214,-1.621075937294595,-0.8975029591088394,0.27129407971252784,-0.743530662802646,0.07559268906152691,0.20927885534774404,0.3798957747779433,0.638861127690761,-0.3489821403937841,1.0745122792466926,55,watermelon,Sandy soil
40441,-0.9089503032237339,-1.0687588504872214,-1.621075937294595,-0.8975029591088394,1.1945497169251689,-0.4884318485174634,0.33150300269504634,0.22471459511974087,0.21578717803401704,0.48509032712951106,-0.25566131876062587,1.0052726330931285,55,watermelon,Sandy soil
40456,-0.9089503032237339,-1.0687588504872214,-1.621075937294595,-0.8975029591088394,0.27129407971252784,-0.6244845494695608,0.024410626334822903,0.8488797815364851,0.5612789606528095,0.07109201792614625,-0.16817304847953973,0.5205951100181778,55,watermelon,Sandy soil
40468,-0.9089503032237339,-1.0687588504872214,-0.09597647149880119,-0.8975029591088394,-0.036457799358352465,-0.6358222745489022,-0.009710748816312897,0.5511103288439648,0.42308224760529234,0.24260560316754018,0.1992776867010224,0.6226324832971147,55,watermelon,Sandy soil
40601,-0.9089503032237339,-1.0687588504872214,-1.621075937294595,-0.8975029591088394,0.8867978378542885,-0.5772440283056381,-0.0438321239674487,0.07204109628399052,0.5180924878254604,0.2603483878476842,-0.3489821403937841,1.245789298679194,55,watermelon,Sandy soil
40619,-0.9089503032237339,-1.0687588504872214,-0.6043429600973992,-0.8975029591088394,-0.6519615575001118,-0.4846526068243496,0.26326025239277473,0.5466199318193835,0.2330617671649563,0.9286599441331163,0.6367190381064531,1.5482572266131858,55,watermelon,Sandy soil
40627,-0.9089503032237339,-1.0687588504872214,0.9207565056983947,-0.8975029591088394,-0.9597134365709921,-0.6773939331731542,0.33150300269504634,0.043695465066323574,0.1941939416203425,0.27809117252782867,-0.3664797944500016,0.39304839341950665,55,watermelon,Sandy soil
40680,-0.9089503032237339,-1.0687588504872214,0.4123900170997968,-0.8975029591088394,-0.19033373889379193,-0.5602374406866258,0.09265337663709511,0.3369745207342632,0.3496652437987988,0.00012087920556925818,0.4209146380797738,1.0818006630523311,55,watermelon,Sandy soil
40681,-0.9089503032237339,-1.0687588504872214,-1.621075937294595,-0.8975029591088394,1.1945497169251689,-0.5394516113745,-0.0779534991185845,0.07568954386646237,0.5569603133700741,0.1331917643066508,0.2459380975176015,0.3566064743913148,55,watermelon,Sandy soil
40730,-0.9089503032237339,-1.0687588504872214,0.4123900170997968,-0.8975029591088394,0.8867978378542885,-0.5129969195227032,-0.026771436391880492,0.3206968315201576,0.38421442206067796,0.8310746283923232,0.08262665965957418,0.6627185942281255,55,watermelon,Sandy soil
40760,-0.9089503032237339,-1.0687588504872214,0.4123900170997968,-0.8975029591088394,-0.19033373889379193,-0.701959004178394,0.07559268906152691,0.8595444744698646,0.38853306934341325,0.5412758119499674,0.6308864867543806,0.7137372808675942,55,watermelon,Sandy soil
40776,-0.9089503032237339,-1.0687588504872214,-1.621075937294595,-0.8975029591088394,-0.49808561796467227,-0.6452703787816867,0.07559268906152691,0.3874914872607986,0.582872197066484,0.9759740366135006,0.240105546165529,1.001628441190309,55,watermelon,Sandy soil
40785,-0.9089503032237339,-1.0687588504872214,0.4123900170997968,-0.8975029591088394,1.0406737773897279,-0.6698354497869264,0.2973816275439105,0.39591098168188776,0.2589736508613661,0.8695173285326355,0.04179880019506714,0.25092490920955846,55,watermelon,Sandy soil
40835,-0.9089503032237339,-1.0687588504872214,0.4123900170997968,-0.8975029591088394,-0.19033373889379193,-0.4865422276709066,0.31444231511947873,0.29263185011652704,0.5440043715218695,0.3845478806086937,-0.06318712414223608,1.3769802071806847,55,watermelon,Sandy soil
40860,-0.9089503032237339,-1.0687588504872214,0.4123900170997968,-0.8975029591088394,0.27129407971252784,-0.6358222745489022,0.07559268906152691,0.040327667297888094,0.5440043715218695,0.9434455980332365,-0.15650794577539473,1.1182425820805229,55,watermelon,Sandy soil
40861,-0.9089503032237339,-1.0687588504872214,-1.621075937294595,-0.8975029591088394,0.5790459587834081,-0.5677959240728536,-0.0608928115430169,0.1455713475615028,0.49649925141178586,0.5205758964897995,-0.07485222684638107,1.5664781861272816,55,watermelon,Sandy soil
40872,-0.9089503032237339,-1.0687588504872214,0.9207565056983947,-0.8975029591088394,-0.19033373889379193,-0.6018090993108779,0.26326025239277473,0.487964120685796,0.2330617671649563,0.4348191038691024,-0.2381636647044084,0.7975536946324352,55,watermelon,Sandy soil
40913,-0.9089503032237339,-1.0687588504872214,-0.09597647149880119,-0.8975029591088394,0.27129407971252784,-0.5300035071417154,0.05853200148595931,0.04201156618210567,0.23738041444769156,-0.03832182093474311,-0.45396806473108775,1.1692612687199915,55,watermelon,Sandy soil
40959,-0.9089503032237339,-1.0687588504872214,-0.6043429600973992,-0.8975029591088394,0.4251700192479687,-0.6717250706334835,0.09265337663709511,0.7035031778656787,0.531048429673665,0.6625181739309531,-0.45396806473108775,0.7975536946324352,55,watermelon,Sandy soil
40960,-0.9089503032237339,-1.0687588504872214,0.4123900170997968,-0.8975029591088394,-0.8058374970355525,-0.7359721794164182,-0.009710748816312897,0.6956449830726623,0.20283123618581245,1.0706022215742699,0.2459380975176015,0.6080557156858378,55,watermelon,Sandy soil
40974,-0.9089503032237339,-1.0687588504872214,-0.6043429600973992,-0.8975029591088394,0.27129407971252784,-0.5772440283056381,0.024410626334822903,0.35718130734487735,0.3410279492333289,0.46439041166934275,0.5259005624170775,0.7356024322845091,55,watermelon,Sandy soil
40975,-0.9089503032237339,-1.0687588504872214,0.4123900170997968,-0.8975029591088394,-0.6519615575001118,-0.6320430328557883,-0.026771436391880492,0.6788059942304839,0.4360381894534969,1.0883450062544138,0.5783935245857291,0.8850143003000958,55,watermelon,Sandy soil
41004,0.8110716651870262,-1.0687588504872214,-0.6043429600973992,-0.8975029591088394,0.8867978378542885,-0.620705307776447,1.611054570862644,0.17981062487393193,0.32375336010238964,0.8133318437121787,-0.3664797944500016,0.3784716258082297,30,muskmelon,sandy Loamy soil
41019,0.8110716651870262,-1.0687588504872214,-0.6043429600973992,-0.8975029591088394,1.1945497169251689,-0.25789810523752066,0.1950175020905025,0.20029806129858244,0.5526416660873394,0.913874290232996,0.5608958705295116,0.8522165731747229,30,muskmelon,sandy Loamy soil
41033,0.8110716651870262,-1.0687588504872214,-0.09597647149880119,-0.8975029591088394,1.0406737773897279,-0.22199530915293955,1.0139305057177648,0.04397611488035994,0.5483230188046049,0.19824864146717966,-0.44813551337901525,1.53003626709909,30,muskmelon,sandy Loamy soil
41058,0.8110716651870262,-1.0687588504872214,-0.09597647149880119,-0.8975029591088394,-0.19033373889379193,-0.458197914972553,1.0139305057177648,0.7778753785852999,0.3323906546678596,0.05334923324600179,-0.4248053079707257,1.4170663181116956,30,muskmelon,sandy Loamy soil
41059,0.8110716651870262,-1.0687588504872214,-0.6043429600973992,-0.8975029591088394,0.27129407971252784,-0.4846526068243496,0.6897774417819738,0.7910659198450063,0.38853306934341325,1.0972163985944863,0.240105546165529,1.5737665699329202,30,muskmelon,sandy Loamy soil
41060,0.8110716651870262,-1.0687588504872214,0.4123900170997968,-0.8975029591088394,-0.036457799358352465,-0.6566081038610283,1.1333553187467404,0.2146112018144338,0.1941939416203425,0.13023463352662695,0.49090525430464294,0.6590744023253066,30,muskmelon,sandy Loamy soil
41069,0.8110716651870262,-1.0687588504872214,-0.6043429600973992,-0.8975029591088394,1.1945497169251689,-0.4411913273535407,0.6897774417819738,0.6796479436725927,0.18987529433760725,0.16276307210689114,-0.19733580523990177,1.0562913197325967,30,muskmelon,sandy Loamy soil
41081,0.8110716651870262,-1.0687588504872214,-1.621075937294595,-0.8975029591088394,0.5790459587834081,-0.20876796322704114,1.6963580087404837,0.6274470782618401,0.4749060149981113,0.6506896508108568,0.263435751573819,1.059935511635416,30,muskmelon,sandy Loamy soil
41147,0.8110716651870262,-1.0687588504872214,0.9207565056983947,-0.8975029591088394,0.8867978378542885,-0.3278140765601263,0.7580201920842453,0.45372484337336655,0.2460177090131615,0.43186197308907853,-0.2673264214647704,1.555545610418824,30,muskmelon,sandy Loamy soil
41152,0.8110716651870262,-1.0687588504872214,0.9207565056983947,-0.8975029591088394,0.11741814017708838,-0.28435279708931743,1.5598725081359395,0.8550540774452839,0.17691935248940266,0.8902172439928039,0.6133888326981636,1.019849400704405,30,muskmelon,sandy Loamy soil
41157,0.8110716651870262,-1.0687588504872214,0.9207565056983947,-0.8975029591088394,1.3484256564606083,-0.5715751657659675,0.31444231511947873,0.38356238986429003,0.4533127785844368,0.4052477960688621,0.35675657320697723,0.9688307140649367,30,muskmelon,sandy Loamy soil
41167,0.8110716651870262,-1.0687588504872214,0.9207565056983947,-0.8975029591088394,0.7329218983188477,-0.18231327137524433,1.1504160063223086,0.12396131188070712,0.48786195684631595,-0.008750513134502761,0.28676595698210855,1.1692612687199915,30,muskmelon,sandy Loamy soil
41193,0.8110716651870262,-1.0687588504872214,-0.09597647149880119,-0.8975029591088394,-0.036457799358352465,-0.45441867327943913,0.31444231511947873,0.24155358396191923,0.5871908443492186,1.1149591832746304,0.006803492082632595,1.1328193496917998,30,muskmelon,sandy Loamy soil
41210,0.8110716651870262,-1.0687588504872214,0.4123900170997968,-0.8975029591088394,0.4251700192479687,-0.4430809482000975,1.0480518808689006,0.3148031854253951,0.36262118564700346,0.12136324118655492,-0.20900090794404635,0.39304839341950665,30,muskmelon,sandy Loamy soil
41211,0.8110716651870262,-1.0687588504872214,-1.621075937294595,-0.8975029591088394,0.7329218983188477,-0.20120947984081342,1.0992339435956047,0.14697459663168433,0.1985125889030772,0.9227456825730681,0.11178941641993623,0.37482743390541073,30,muskmelon,sandy Loamy soil
41223,0.8110716651870262,-1.0687588504872214,-0.09597647149880119,-0.8975029591088394,0.4251700192479687,-0.743530662802646,0.6897774417819738,0.5104161058087004,0.31079741825418505,0.8074175821521306,0.5142354597129325,1.3551150557637694,30,muskmelon,sandy Loamy soil
41319,0.8110716651870262,-1.0687588504872214,-0.6043429600973992,-0.8975029591088394,0.5790459587834081,-0.3410414224860247,0.8092022548109493,0.6179049845846055,0.38421442206067796,1.1415733602948468,0.059296454251284623,0.502374150504082,30,muskmelon,sandy Loamy soil
41341,0.8110716651870262,-1.0687588504872214,-1.621075937294595,-0.8975029591088394,0.4251700192479687,-0.5300035071417154,0.5703526287529982,0.5463392820053474,0.41444495303982243,0.23077708004744385,-0.25566131876062587,1.53003626709909,30,muskmelon,sandy Loamy soil
41370,0.8110716651870262,-1.0687588504872214,0.4123900170997968,-0.8975029591088394,-0.19033373889379193,-0.17853402968213047,1.0480518808689006,0.6019079451845359,0.3410279492333289,0.2810483033078525,-0.004861610621511978,0.7720443513127009,30,muskmelon,sandy Loamy soil
41378,0.8110716651870262,-1.0687588504872214,-0.09597647149880119,-0.8975029591088394,0.7329218983188477,-0.4355224648138701,0.33150300269504634,0.24772787987071807,0.2201058253167517,0.7985461898120586,-0.34314958904171206,0.13795496022216389,30,muskmelon,sandy Loamy soil
41407,0.8110716651870262,-1.0687588504872214,0.9207565056983947,-0.8975029591088394,1.0406737773897279,-0.3788338394171628,0.55329194117743,0.05099236023126759,0.479224662280846,0.8399460207323952,0.047631351547139635,0.33838551487721896,30,muskmelon,sandy Loamy soil
41440,0.8110716651870262,-1.0687588504872214,0.4123900170997968,-0.8975029591088394,0.11741814017708838,-0.5092176778295893,1.3892656323802597,0.44614729839438616,0.21578717803401704,0.4259477115290304,-0.2731589728168429,1.17654965252563,30,muskmelon,sandy Loamy soil
41519,0.8110716651870262,-1.0687588504872214,-0.6043429600973992,-0.8975029591088394,0.8867978378542885,-0.2597877260840777,0.31444231511947873,0.7489684477395604,0.4489941313017015,0.3845478806086937,-0.3606472430979291,0.7283140484788706,30,muskmelon,sandy Loamy soil
41534,0.8110716651870262,-1.0687588504872214,-0.6043429600973992,-0.8975029591088394,-0.036457799358352465,-0.29569052216865876,0.5874133163285657,0.8558960268873927,0.3323906546678596,1.0617308292341978,0.6250539354023081,0.29101102014056923,30,muskmelon,sandy Loamy soil
41537,0.8110716651870262,-1.0687588504872214,0.9207565056983947,-0.8975029591088394,0.27129407971252784,-0.2465603801581793,1.0139305057177648,0.6324987749144935,0.4533127785844368,0.4939617194695831,-0.03985691873394653,1.183838036331268,30,muskmelon,sandy Loamy soil
41550,0.8110716651870262,-1.0687588504872214,0.4123900170997968,-0.8975029591088394,0.4251700192479687,-0.4865422276709066,1.1845373814734443,0.5278163942789516,0.16828205792393272,0.7305321818715058,-0.045689470086019014,0.19990622257009,30,muskmelon,sandy Loamy soil
41566,0.8110716651870262,-1.0687588504872214,-1.621075937294595,-0.8975029591088394,0.27129407971252784,-0.25411886354440677,0.7409595045086778,0.09028333419635041,0.48786195684631595,1.0883450062544138,0.27510085427796355,1.2421451067763751,30,muskmelon,sandy Loamy soil
41570,0.8110716651870262,-1.0687588504872214,0.4123900170997968,-0.8975029591088394,-0.19033373889379193,-0.6018090993108779,1.4233870075313961,0.8558960268873927,0.36262118564700346,1.014416736753813,0.018468594786777582,1.3806243990835037,30,muskmelon,sandy Loamy soil
41580,0.8110716651870262,-1.0687588504872214,0.4123900170997968,-0.8975029591088394,1.0406737773897279,-0.19743023814769953,1.6451759460137791,0.7293229607570191,0.4489941313017015,0.5176187657097753,-0.08651732955052564,0.8121304622437121,30,muskmelon,sandy Loamy soil
41665,0.8110716651870262,-1.0687588504872214,0.4123900170997968,-0.8975029591088394,0.5790459587834081,-0.23711227592539477,0.8262629423865175,0.828672994925871,0.32375336010238964,0.43186197308907853,-0.4189727566186532,1.0125610168987669,30,muskmelon,sandy Loamy soil
41696,0.8110716651870262,-1.0687588504872214,-1.621075937294595,-0.8975029591088394,0.7329218983188477,-0.4279639814276423,0.7068381293575413,0.23874708582155615,0.37557712749520866,0.8724744593126594,0.4150820867277013,1.1218867739833422,30,muskmelon,sandy Loamy soil
41727,0.8110716651870262,-1.0687588504872214,0.9207565056983947,-0.8975029591088394,0.4251700192479687,-0.35615838925847987,1.6792973211649156,0.08803813568406009,0.5871908443492186,0.4141191884089341,0.22260789210931195,0.7028047051591367,30,muskmelon,sandy Loamy soil
41755,0.8110716651870262,-1.0687588504872214,0.4123900170997968,-0.8975029591088394,1.0406737773897279,-0.47331488174500824,1.4575083826825315,0.4458666485803501,0.2719295927095707,-0.03240755937469495,0.5958911786419462,0.15617591973625977,30,muskmelon,sandy Loamy soil
41761,0.8110716651870262,-1.0687588504872214,-1.621075937294595,-0.8975029591088394,0.7329218983188477,-0.7095174875646216,0.09265337663709511,0.7966789161257325,0.20714988346854712,0.6152040814505684,-0.3956425512103636,0.38576000961386814,30,muskmelon,sandy Loamy soil
41809,0.8110716651870262,-1.0687588504872214,-0.6043429600973992,-0.8975029591088394,0.5790459587834081,-0.2597877260840777,0.5874133163285657,0.5766494619212684,0.479224662280846,0.4141191884089341,0.40341698402355675,1.078156471149512,30,muskmelon,sandy Loamy soil
41824,0.8110716651870262,-1.0687588504872214,-0.6043429600973992,-0.8975029591088394,0.8867978378542885,-0.4808733651312357,0.8433236299620851,0.7161324194973125,0.22874311988222162,0.7571463588917223,0.22260789210931195,1.2202799553594597,30,muskmelon,sandy Loamy soil
41832,0.8110716651870262,-1.0687588504872214,0.9207565056983947,-0.8975029591088394,-0.19033373889379193,-0.6944005207921665,0.3997457529973185,0.07681214312260785,0.4403568367362322,0.9966739520736689,0.49090525430464294,0.5971231399773804,30,muskmelon,sandy Loamy soil
41856,0.8110716651870262,-1.0687588504872214,-1.621075937294595,-0.8975029591088394,0.11741814017708838,-0.31647635148078496,0.8945056926887891,0.08186383977526124,0.4403568367362322,0.13023463352662695,-0.11568008631088769,0.7720443513127009,30,muskmelon,sandy Loamy soil
41915,0.8110716651870262,-1.0687588504872214,0.4123900170997968,-0.8975029591088394,0.11741814017708838,-0.6320430328557883,1.3380835696535565,0.1758815274774237,0.5699162552182794,0.6950466125112174,0.5492307678253671,1.2275683391650982,30,muskmelon,sandy Loamy soil
41979,0.8110716651870262,-1.0687588504872214,-0.6043429600973992,-0.8975029591088394,1.0406737773897279,-0.6660562080938128,0.2461995648172065,0.22976629177239458,0.5569603133700741,0.42890484230905424,-0.14484284307124975,0.9360329869395639,30,muskmelon,sandy Loamy soil
42043,0.8110716651870262,-1.0687588504872214,-0.09597647149880119,-0.8975029591088394,1.0406737773897279,-0.743530662802646,0.7068381293575413,0.3016126441656886,0.267610945426836,0.08883480260629029,-0.1856707025357568,-0.4013854413950744,51,tinda,sandy Loamy soil
42094,0.8110716651870262,-1.0687588504872214,-0.6043429600973992,-0.8975029591088394,0.5790459587834081,-0.743530662802646,0.8603843175376533,0.7874174722625344,0.27624823999230536,-0.20392114461608887,-0.14484284307124975,-0.3248574114358716,51,tinda,sandy Loamy soil
42110,0.8110716651870262,-1.0687588504872214,0.4123900170997968,-0.8975029591088394,1.0406737773897279,-0.743530662802646,0.6215346914797015,0.2830897564392927,0.5915094916319539,0.03264931778583389,-0.2673264214647704,-0.594527612244491,51,tinda,sandy Loamy soil
42143,0.8110716651870262,-1.0687588504872214,-0.09597647149880119,-0.8975029591088394,0.27129407971252784,-0.743530662802646,0.6897774417819738,0.8087468581292935,0.2589736508613661,0.298791087987997,0.11178941641993623,0.10880142499961055,51,tinda,sandy Loamy soil
42162,0.8110716651870262,-1.0687588504872214,0.9207565056983947,-0.8975029591088394,0.5790459587834081,-0.743530662802646,0.26326025239277473,0.7865755228204251,0.4360381894534969,-0.1773069675958728,-0.44230296202694275,-0.18637811912874294,51,tinda,sandy Loamy soil
42167,0.8110716651870262,-1.0687588504872214,0.9207565056983947,-0.8975029591088394,0.7329218983188477,-0.743530662802646,0.5874133163285657,0.19945611185647333,0.4662687204326414,0.03856357934588162,0.6483841408105977,-0.22646423005975397,51,tinda,sandy Loamy soil
42172,0.8110716651870262,-1.0687588504872214,0.9207565056983947,-0.8975029591088394,1.3484256564606083,-0.743530662802646,0.22913887724163892,0.7108000730306224,0.48786195684631595,-0.21574966773618517,0.1292870704761533,-0.5799508446332141,51,tinda,sandy Loamy soil
42176,0.8110716651870262,-1.0687588504872214,-1.621075937294595,-0.8975029591088394,1.1945497169251689,-0.743530662802646,0.3656243778461821,0.0787766918208618,0.33670930195059423,0.20712003380725166,0.1934451353489499,-0.33943417904714857,51,tinda,sandy Loamy soil
42179,0.8110716651870262,-1.0687588504872214,-0.6043429600973992,-0.8975029591088394,1.1945497169251689,-0.743530662802646,0.28032093996834234,0.49526101585073967,0.5353670769563996,-0.6031337999193337,-0.12734518901503267,0.024985011234769292,51,tinda,sandy Loamy soil
42182,0.8110716651870262,-1.0687588504872214,0.9207565056983947,-0.8975029591088394,0.8867978378542885,-0.743530662802646,0.877445005113221,0.3313615244535371,0.41444495303982243,-0.4227488223378676,0.47924015160049793,-0.20459907864283886,51,tinda,sandy Loamy soil
42199,0.8110716651870262,-1.0687588504872214,-0.6043429600973992,-0.8975029591088394,-0.036457799358352465,-0.743530662802646,0.2461995648172065,0.5104161058087004,0.2719295927095707,-0.15660705213570447,0.47924015160049793,0.09058046548551466,51,tinda,sandy Loamy soil
42235,0.8110716651870262,-1.0687588504872214,0.4123900170997968,-0.8975029591088394,0.11741814017708838,-0.743530662802646,0.09265337663709511,0.657757258177761,0.479224662280846,0.01490653310568943,0.024301146138850073,0.10880142499961055,51,tinda,sandy Loamy soil
42274,0.8110716651870262,-1.0687588504872214,-0.6043429600973992,-0.8975029591088394,1.3484256564606083,-0.743530662802646,0.5191705660262941,0.5525135779141463,0.17691935248940266,0.3549765728084534,0.26926830292589105,-0.015101099696241462,51,tinda,sandy Loamy soil
42308,0.8110716651870262,-1.0687588504872214,-0.09597647149880119,-0.8975029591088394,0.27129407971252784,-0.743530662802646,0.3485636902706145,0.2426761832180644,0.582872197066484,-0.3488205528372667,0.4209146380797738,-0.4560483199373621,51,tinda,sandy Loamy soil
42320,0.8110716651870262,-1.0687588504872214,0.4123900170997968,-0.8975029591088394,0.8867978378542885,-0.743530662802646,0.43386712814845435,0.7809625265396989,0.38853306934341325,-0.08563591341512748,0.5375656651212221,-0.18273392722592371,51,tinda,sandy Loamy soil
42321,0.8110716651870262,-1.0687588504872214,-1.621075937294595,-0.8975029591088394,0.4251700192479687,-0.743530662802646,0.16089612693936672,0.1643748851019351,0.16396341064119807,-0.626790846159526,-0.3898099998582912,-0.6018159960501293,51,tinda,sandy Loamy soil
42338,0.8110716651870262,-1.0687588504872214,-0.09597647149880119,-0.8975029591088394,1.1945497169251689,-0.743530662802646,0.041471313910391105,0.6400763198934739,0.3453465965160642,-0.5262483996387088,0.46174249754428087,-0.1535803920033704,51,tinda,sandy Loamy soil
42398,0.8110716651870262,-1.0687588504872214,-0.09597647149880119,-0.8975029591088394,0.27129407971252784,-0.743530662802646,0.8433236299620851,0.09954477805954838,0.17691935248940266,-0.3872632529775791,-0.19733580523990177,-0.07340817014134837,51,tinda,sandy Loamy soil
42423,0.8110716651870262,-1.0687588504872214,-0.09597647149880119,-0.8975029591088394,-0.036457799358352465,-0.743530662802646,0.7068381293575413,0.41499516903635647,0.41012630575708775,-0.12112148277541598,0.09429176236371875,-0.22282003815693474,51,tinda,sandy Loamy soil
42440,0.8110716651870262,-1.0687588504872214,0.4123900170997968,-0.8975029591088394,1.0406737773897279,-0.743530662802646,0.6727167542064055,0.22724044344606756,0.3194347128196544,0.4229905807490061,-0.21483345929611883,-0.5617298851191183,51,tinda,sandy Loamy soil
42487,0.8110716651870262,-1.0687588504872214,0.9207565056983947,-0.8975029591088394,0.7329218983188477,-0.743530662802646,0.3485636902706145,0.08158318996122486,0.42308224760529234,0.5294472888298716,-0.4014751025624361,-0.12078266487799784,51,tinda,sandy Loamy soil
42492,0.8110716651870262,-1.0687588504872214,0.9207565056983947,-0.8975029591088394,-0.19033373889379193,-0.743530662802646,0.2973816275439105,0.5320261414894961,0.28920418184051055,-0.4138774299977956,-0.14484284307124975,-0.5726624608275759,51,tinda,sandy Loamy soil
42500,0.8110716651870262,-1.0687588504872214,0.4123900170997968,-0.8975029591088394,-0.036457799358352465,-0.743530662802646,0.7409595045086778,0.6002240463003183,0.26329229814410077,-0.5942624075792615,-0.4656331674352323,-0.5289321579937457,51,tinda,sandy Loamy soil
42603,0.8110716651870262,-1.0687588504872214,-0.09597647149880119,-0.8975029591088394,0.8867978378542885,-0.743530662802646,0.8092022548109493,0.23313408954083004,0.18987529433760725,0.37863361904864556,0.15261727588444285,-0.08434074584980605,51,tinda,sandy Loamy soil
42625,0.8110716651870262,-1.0687588504872214,0.4123900170997968,-0.8975029591088394,1.0406737773897279,-0.743530662802646,0.5191705660262941,0.32097748133419396,0.4662687204326414,0.035606448565857755,-0.20316835659197385,-0.09891751346108273,51,tinda,sandy Loamy soil
42662,0.8110716651870262,-1.0687588504872214,0.9207565056983947,-0.8975029591088394,-0.036457799358352465,-0.743530662802646,0.041471313910391105,0.33781647017637234,0.565597607935544,0.298791087987997,-0.4014751025624361,-0.5726624608275759,51,tinda,sandy Loamy soil
42686,0.8110716651870262,-1.0687588504872214,-1.621075937294595,-0.8975029591088394,-0.036457799358352465,-0.743530662802646,0.55329194117743,0.2954383482568901,0.5267297823909303,-0.5853910152391895,-0.19150325388782927,0.0650711221657803,51,tinda,sandy Loamy soil
42694,0.8110716651870262,-1.0687588504872214,-0.6043429600973992,-0.8975029591088394,1.1945497169251689,-0.743530662802646,0.22913887724163892,0.693399784560372,0.5483230188046049,0.3106196111080929,-0.44813551337901525,-0.5362205417993842,51,tinda,sandy Loamy soil
42725,0.8110716651870262,-1.0687588504872214,0.4123900170997968,-0.8975029591088394,0.27129407971252784,-0.743530662802646,0.31444231511947873,0.6448473667320905,0.38853306934341325,-0.3754347298574832,0.6250539354023081,-0.03332205921033735,51,tinda,sandy Loamy soil
42728,0.8110716651870262,-1.0687588504872214,-0.09597647149880119,-0.8975029591088394,0.8867978378542885,-0.743530662802646,0.502109878450726,0.588998053738866,0.47058736771537607,-0.42866308389791574,0.10012431371579124,-0.5289321579937457,51,tinda,sandy Loamy soil
42752,0.8110716651870262,-1.0687588504872214,0.9207565056983947,-0.8975029591088394,1.0406737773897279,-0.743530662802646,0.46798850329959013,0.14276484942113973,0.4749060149981113,0.38159074982866986,-0.03402436738187403,0.010408243623492632,51,tinda,sandy Loamy soil
42769,0.8110716651870262,-1.0687588504872214,-0.6043429600973992,-0.8975029591088394,1.0406737773897279,-0.743530662802646,0.7238988169331095,0.7579492417887224,0.531048429673665,-0.26010662943654567,-0.16234049712746723,-0.4669808956458198,51,tinda,sandy Loamy soil
42796,0.8110716651870262,-1.0687588504872214,-1.621075937294595,-0.8975029591088394,0.11741814017708838,-0.743530662802646,0.28032093996834234,0.5640202202896346,0.39717036390888316,0.13910602586669896,-0.28482407552098793,-0.25197357337948806,51,tinda,sandy Loamy soil
42841,0.8110716651870262,-1.0687588504872214,-1.621075937294595,-0.8975029591088394,0.8867978378542885,-0.743530662802646,0.5191705660262941,0.4062950248012306,0.3496652437987988,0.0296921870058096,0.17594748129273283,-0.14629200819773194,51,tinda,sandy Loamy soil
42848,0.8110716651870262,-1.0687588504872214,-0.09597647149880119,-0.8975029591088394,0.4251700192479687,-0.743530662802646,0.2973816275439105,0.8446700343259405,0.16828205792393272,-0.3872632529775791,0.6250539354023081,-0.22282003815693474,51,tinda,sandy Loamy soil
42861,0.8110716651870262,-1.0687588504872214,-1.621075937294595,-0.8975029591088394,-0.036457799358352465,-0.743530662802646,0.12677475178823092,0.7879787718906066,0.3928517166261479,0.4821331963494868,0.5608958705295116,-0.5908834203416719,51,tinda,sandy Loamy soil
42900,0.8110716651870262,-1.0687588504872214,0.4123900170997968,-0.8975029591088394,1.0406737773897279,-0.743530662802646,0.7409595045086778,0.08663488661387857,0.5785535497837486,0.33723378812830934,0.5433982164732946,-0.33943417904714857,51,tinda,sandy Loamy soil
42921,0.8110716651870262,-1.0687588504872214,-1.621075937294595,-0.8975029591088394,0.8867978378542885,-0.743530662802646,0.502109878450726,0.43464065601889784,0.3410279492333289,-0.5765196228991175,0.4209146380797738,-0.5799508446332141,51,tinda,sandy Loamy soil
42941,0.8110716651870262,-1.0687588504872214,-1.621075937294595,-0.8975029591088394,0.27129407971252784,-0.743530662802646,0.5703526287529982,0.3658814515800029,0.40148901119161784,0.39046214216874187,-0.004861610621511978,-0.18637811912874294,51,tinda,sandy Loamy soil
42976,0.8110716651870262,-1.0687588504872214,-1.621075937294595,-0.8975029591088394,0.8867978378542885,-0.743530662802646,0.604474003904134,0.7683332849080652,0.3798957747779433,-0.3369920297171704,0.5667284218815841,-0.2009548867400196,51,tinda,sandy Loamy soil
43004,-1.100063855269374,-1.0687588504872214,-0.6043429600973992,-0.8975029591088394,-0.3442096784292314,0.7681660144428801,-0.6750775642634631,0.9103420908104364,0.522411135108195,-0.37839186063750707,-0.4014751025624361,-0.5070670065768306,16,chowchow,Loamy soil
43091,-1.195620631292194,-1.0687588504872214,-1.621075937294595,1.114202454544477,-0.3442096784292314,0.7681660144428801,-0.8115630648680069,1.6144924742275275,0.38853306934341325,-0.5706053613390693,0.6833794489230323,-0.27019453289358397,16,chowchow,Laterite soil
43097,-1.195620631292194,-1.0687588504872214,0.9207565056983947,1.114202454544477,-0.8058374970355525,0.7681660144428801,-0.8456844400191428,1.6459252533995938,0.18987529433760725,0.10657758728643475,0.024301146138850073,-0.3540109466584252,16,chowchow,Laterite soil
43216,-1.100063855269374,-1.0687588504872214,-1.621075937294595,-0.8975029591088394,-1.5752171947127527,0.7681660144428801,-0.4874100009322159,1.6029858318520391,0.2201058253167517,-0.06493599795495958,0.1817800326448049,-0.5617298851191183,16,chowchow,Loamy soil
43237,-1.195620631292194,-1.0687588504872214,0.9207565056983947,1.114202454544477,-1.5752171947127527,0.7681660144428801,-0.8456844400191428,1.0416862037794274,0.21146853075128177,0.3579337035884777,-0.09818243225467063,-0.2847713005048609,16,chowchow,Laterite soil
43254,-1.100063855269374,-1.0687588504872214,-0.6043429600973992,-0.8975029591088394,-1.729093134248192,0.7681660144428801,-1.1015947536526622,1.072277033509385,0.21578717803401704,0.035606448565857755,-0.22066601064819133,0.0832920816798762,16,chowchow,Loamy soil
43274,-1.100063855269374,-1.0687588504872214,-0.6043429600973992,-0.8975029591088394,-0.19033373889379193,0.7681660144428801,-0.9139271903214149,1.414669806633678,0.28920418184051055,0.25739125706766036,0.5725609732336566,-0.4013854413950744,16,chowchow,Loamy soil
43316,-1.100063855269374,-1.0687588504872214,-1.621075937294595,-0.8975029591088394,-1.5752171947127527,0.7681660144428801,-0.8456844400191428,1.0680672862988403,0.31511606553691973,0.18642011834708333,-0.11568008631088769,-0.5580856932162992,16,chowchow,Loamy soil
43322,-1.100063855269374,-1.0687588504872214,0.9207565056983947,-0.8975029591088394,-1.5752171947127527,0.7681660144428801,-0.7945023772924388,1.3939017203949913,0.5051365459772558,-0.2453209755364255,0.047631351547139635,-0.02238948350187992,16,chowchow,Loamy soil
43327,-1.195620631292194,-1.0687588504872214,0.9207565056983947,1.114202454544477,-1.1135893761064315,0.7681660144428801,-0.8115630648680069,1.3088648267419907,0.5353670769563996,0.2810483033078525,0.5842260759378015,-0.5325763498965649,16,chowchow,Laterite soil
43378,-1.100063855269374,-1.0687588504872214,-0.09597647149880119,-0.8975029591088394,-1.2674653156418723,0.7681660144428801,-1.1015947536526622,1.5608883597465932,0.5094551932599904,-0.061978867174935295,-0.07485222684638107,-0.4414715523260854,16,chowchow,Loamy soil
43385,-1.195620631292194,-1.0687588504872214,0.4123900170997968,1.114202454544477,-1.729093134248192,0.7681660144428801,-0.9309878778969826,1.2507703152364753,0.5526416660873394,0.3135767418881172,-0.3956425512103636,-0.4852018551599157,16,chowchow,Laterite soil
43431,-1.195620631292194,-1.0687588504872214,-1.621075937294595,1.114202454544477,-0.9597134365709921,0.7681660144428801,-0.7091989394145989,1.5482591181149594,0.5353670769563996,0.4910045886895592,0.1876125839968774,0.09058046548551466,16,chowchow,Laterite soil
43442,-1.100063855269374,-1.0687588504872214,0.9207565056983947,-0.8975029591088394,-0.9597134365709921,0.7681660144428801,-0.6921382518390313,1.29904208325072,0.41012630575708775,-0.01762190547457478,-0.06318712414223608,0.05049435455450364,16,chowchow,Loamy soil
43454,-1.100063855269374,-1.0687588504872214,-0.6043429600973992,-0.8975029591088394,-1.5752171947127527,0.7681660144428801,-0.6750775642634631,1.528332981318382,0.26329229814410077,0.4259477115290304,0.10012431371579124,-0.2993480681161375,16,chowchow,Loamy soil
43475,-1.195620631292194,-1.0687588504872214,0.4123900170997968,1.114202454544477,-0.3442096784292314,0.7681660144428801,-1.0333520033503905,1.385201576159866,0.1855566470548726,0.21303429536729981,-0.11568008631088769,0.11244561690242978,16,chowchow,Laterite soil
43492,-1.100063855269374,-1.0687588504872214,0.9207565056983947,-0.8975029591088394,-0.19033373889379193,0.7681660144428801,-0.5385920636589193,1.609160127760838,0.31511606553691973,0.09179193338631458,-0.01069416197358447,-0.4815576632570964,16,chowchow,Loamy soil
43547,-1.195620631292194,-1.0687588504872214,0.9207565056983947,1.114202454544477,-0.49808561796467227,0.7681660144428801,-1.1186554412282304,1.385201576159866,0.33670930195059423,-0.49963422261849233,-0.31398683228135,-0.5690182689247567,16,chowchow,Laterite soil
43570,-1.100063855269374,-1.0687588504872214,0.4123900170997968,-0.8975029591088394,-1.5752171947127527,0.7681660144428801,-0.7091989394145989,1.3248618661420601,0.38853306934341325,0.5146616349297514,0.40341698402355675,-0.37587609807534034,16,chowchow,Loamy soil
43583,-1.195620631292194,-1.0687588504872214,-0.09597647149880119,1.114202454544477,-0.6519615575001118,0.7681660144428801,-1.0674733785015265,1.5709917530519,0.5008178986945205,-0.4316202146779396,-0.3548146917458566,-0.3139248357274142,16,chowchow,Laterite soil
43587,-1.195620631292194,-1.0687588504872214,0.9207565056983947,1.114202454544477,-1.5752171947127527,0.7681660144428801,-0.7945023772924388,1.2979194839945745,0.18123799977213792,-0.4404916070180116,-0.44230296202694275,-0.2957038762133183,16,chowchow,Laterite soil
43611,-1.195620631292194,-1.0687588504872214,-1.621075937294595,1.114202454544477,-0.9597134365709921,0.7681660144428801,-0.8456844400191428,1.5802531969150986,0.479224662280846,0.1006633257263866,0.3159287137424706,-0.09891751346108273,16,chowchow,Laterite soil
43617,-1.195620631292194,-1.0687588504872214,0.9207565056983947,1.114202454544477,-0.9597134365709921,0.7681660144428801,-1.1527768163793661,1.7174909559788518,0.23738041444769156,-0.5292055304187329,-0.43647041067487025,-0.12078266487799784,16,chowchow,Laterite soil
43679,-1.195620631292194,-1.0687588504872214,-0.6043429600973992,1.114202454544477,-1.1135893761064315,0.7681660144428801,-0.8968665027458468,1.3759401322966673,0.5871908443492186,-0.22166392929623333,-0.20316835659197385,-0.4852018551599157,16,chowchow,Laterite soil
43698,-1.100063855269374,-1.0687588504872214,-0.09597647149880119,-0.8975029591088394,-0.49808561796467227,0.7681660144428801,-1.1527768163793661,1.0422475034075,0.22442447259948697,0.2159914261473237,0.5317331137691496,-0.3722319061725211,16,chowchow,Loamy soil
43714,-1.100063855269374,-1.0687588504872214,-0.6043429600973992,-0.8975029591088394,-1.421341255177312,0.7681660144428801,-0.6750775642634631,1.6888646749471485,0.3539838910815341,0.011949402325665564,-0.1215126376629602,-0.5435089256050223,16,chowchow,Loamy soil
43734,-1.100063855269374,-1.0687588504872214,-0.6043429600973992,-0.8975029591088394,-0.49808561796467227,0.7681660144428801,-0.6409561891123273,1.2457186185838218,0.38421442206067796,-0.5735624921190934,0.6658817948668152,-0.6054601879529484,16,chowchow,Loamy soil
43764,-1.100063855269374,-1.0687588504872214,-0.6043429600973992,-0.8975029591088394,-1.5752171947127527,0.7681660144428801,-0.6750775642634631,1.0021145800003084,0.4533127785844368,-0.552862576658925,0.4267471894318463,-0.3139248357274142,16,chowchow,Loamy soil
43806,-1.100063855269374,-1.0687588504872214,-1.621075937294595,-0.8975029591088394,-0.49808561796467227,0.7681660144428801,-1.135716128803798,1.6318927626977784,0.20283123618581245,-0.5883481460192136,0.28676595698210855,-0.36129933046406343,16,chowchow,Loamy soil
43844,-1.100063855269374,-1.0687588504872214,-0.6043429600973992,-0.8975029591088394,-0.49808561796467227,0.7681660144428801,-0.6238955015367591,1.2880967405033037,0.26329229814410077,0.4052477960688621,0.0651290056033567,-0.24468518957384985,16,chowchow,Loamy soil
43855,-1.195620631292194,-1.0687588504872214,0.4123900170997968,1.114202454544477,-0.49808561796467227,0.7681660144428801,-0.5215313760833518,1.5996180340836033,0.39717036390888316,-0.0974644365352238,-0.3081542809292775,-0.41596220900635106,16,chowchow,Laterite soil
43867,-1.195620631292194,-1.0687588504872214,0.9207565056983947,1.114202454544477,-0.6519615575001118,0.7681660144428801,-0.6238955015367591,1.4034438140722258,0.22874311988222162,0.2928768264279488,-0.3548146917458566,-0.4779134713542772,16,chowchow,Laterite soil
43894,-1.100063855269374,-1.0687588504872214,-0.6043429600973992,-0.8975029591088394,-0.49808561796467227,0.7681660144428801,-0.8798058151702786,1.650976950052247,0.5440043715218695,0.06813488714612197,-0.20316835659197385,-0.17180135151746628,16,chowchow,Loamy soil
43908,-1.100063855269374,-1.0687588504872214,-0.09597647149880119,-0.8975029591088394,-1.421341255177312,0.7681660144428801,-0.9992306281992548,1.102025913797233,0.172600705206668,-0.3931775145376272,-0.16817304847953973,-0.47426927945145797,16,chowchow,Loamy soil
43909,-1.195620631292194,-1.0687588504872214,-0.6043429600973992,1.114202454544477,-0.49808561796467227,0.7681660144428801,-0.8627451275947109,1.234211976208333,0.28488553455777527,0.19529151068715578,-0.27899152416891543,0.09058046548551466,16,chowchow,Laterite soil
43919,-1.195620631292194,-1.0687588504872214,-0.6043429600973992,1.114202454544477,-1.1135893761064315,0.7681660144428801,-0.5044706885077835,1.6024245322239663,0.172600705206668,0.2899196956479245,0.012636043434705087,-0.2774829166992224,16,chowchow,Laterite soil
43957,-1.195620631292194,-1.0687588504872214,0.9207565056983947,1.114202454544477,-0.19033373889379193,0.7681660144428801,-0.5727134388100558,1.704861714347218,0.5785535497837486,-0.34290629127721856,-0.19733580523990177,-0.05883140253007171,16,chowchow,Laterite soil
43965,-1.195620631292194,-1.0687588504872214,0.4123900170997968,1.114202454544477,-1.2674653156418723,0.7681660144428801,-0.8798058151702786,0.9852755911581301,0.172600705206668,0.00012087920556925818,-0.45980061608316025,-0.13900362439209374,16,chowchow,Laterite soil
43966,-1.100063855269374,-1.0687588504872214,-1.621075937294595,-0.8975029591088394,-0.49808561796467227,0.7681660144428801,-0.4874100009322159,1.4441380371074903,0.36262118564700346,-0.43753447623798775,-0.12734518901503267,-0.24832938147666908,16,chowchow,Loamy soil
43990,-1.100063855269374,-1.0687588504872214,0.4123900170997968,-0.8975029591088394,-0.3442096784292314,0.7681660144428801,-0.9309878778969826,1.3975501679774631,0.3323906546678596,0.0977061949463623,0.08262665965957418,-0.20459907864283886,16,chowchow,Loamy soil
44028,0.8110716651870262,-1.0687588504872214,-0.09597647149880119,-0.8975029591088394,2.4255572332086874,-0.9173757806858815,-0.4191672506299437,0.22471459511974087,0.21146853075128177,-0.47302004559827626,0.263435751573819,-0.4524041280345429,17,cluster bean,sandy Loamy soil
44029,0.8110716651870262,-1.0687588504872214,-0.6043429600973992,1.114202454544477,1.1945497169251689,-0.4355224648138701,-0.40210656305437614,0.8244632477153263,0.4403568367362322,-0.5085056149585647,0.2576032002217465,-0.28841549240767983,17,cluster bean,sandy Loamy soil
44030,0.8110716651870262,-1.0687588504872214,0.4123900170997968,-0.8975029591088394,1.5023015959960477,-0.5583478198400691,-0.3850458754788079,0.1528682427264465,0.5785535497837486,-0.2660208909965938,0.6250539354023081,0.046850162651684416,17,cluster bean,sandy Loamy soil
44053,0.8110716651870262,-1.0687588504872214,-0.09597647149880119,1.114202454544477,2.271681293673248,-0.7454202836492028,0.0073499387592553065,0.40433047610297695,0.22442447259948697,0.5028331118096551,-0.19150325388782927,-0.33578998714432934,17,cluster bean,sandy Loamy soil
44058,0.8110716651870262,-1.0687588504872214,-0.09597647149880119,-0.8975029591088394,2.271681293673248,-0.5394516113745,-0.1291355618452885,0.3198548820780485,0.28920418184051055,-0.1891354907159687,0.6658817948668152,-0.5653740770219374,17,cluster bean,sandy Loamy soil
44062,0.8110716651870262,-1.0687588504872214,0.9207565056983947,-0.8975029591088394,0.8867978378542885,-0.6755043123265974,-0.35092450032767214,0.5320261414894961,0.40148901119161784,-0.22462106007625718,-0.20316835659197385,0.09786884929115286,17,cluster bean,sandy Loamy soil
44094,0.8110716651870262,-1.0687588504872214,-0.6043429600973992,-0.8975029591088394,1.3484256564606083,-0.5356723696813861,-0.2826817500253999,0.26288296982867854,0.2589736508613661,-0.552862576658925,0.05346390289921213,-0.047898826821614275,17,cluster bean,sandy Loamy soil
44110,0.8110716651870262,-1.0687588504872214,0.4123900170997968,-0.8975029591088394,2.1178053541378086,-0.7397514211095321,-0.5215313760833518,0.20366585906701792,0.20714988346854712,-0.44936299935808405,0.17011492994066033,0.09058046548551466,17,cluster bean,sandy Loamy soil
44203,0.8110716651870262,-1.0687588504872214,-0.09597647149880119,1.114202454544477,2.8871850518150084,-0.4959903319036912,-0.0779534991185845,0.3512876612501149,0.4187636003225577,0.21303429536729981,0.17011492994066033,-0.20459907864283886,17,cluster bean,sandy Loamy soil
44208,0.8110716651870262,-1.0687588504872214,-0.09597647149880119,-0.8975029591088394,0.8867978378542885,-0.5111072986761463,-0.0608928115430169,0.550268379401856,0.5699162552182794,-0.12703574433546413,0.1409521731802983,0.03227339504040776,17,cluster bean,sandy Loamy soil
44217,0.8110716651870262,-1.0687588504872214,0.9207565056983947,1.114202454544477,1.5023015959960477,-0.5507893364538413,-0.3679851879032397,0.44306015043998703,0.2460177090131615,-0.023536167034622933,0.32759381644661517,-0.051543018724433246,17,cluster bean,sandy Loamy soil
44220,0.8110716651870262,-1.0687588504872214,0.4123900170997968,-0.8975029591088394,0.8867978378542885,-0.9022588139134262,-0.18031762457199252,0.12396131188070712,0.1985125889030772,0.45256188854924645,0.5958911786419462,-0.4086738252007129,17,cluster bean,sandy Loamy soil
44221,0.8110716651870262,-1.0687588504872214,-1.621075937294595,1.114202454544477,2.271681293673248,-0.3674961143378212,-0.2485603748742641,0.8149211540380923,0.3798957747779433,-0.32220637581705025,0.4209146380797738,-0.37587609807534034,17,cluster bean,sandy Loamy soil
44224,0.8110716651870262,-1.0687588504872214,-0.6043429600973992,-0.8975029591088394,0.8867978378542885,-0.8285636008977068,-0.5727134388100558,0.15848123900717262,0.48354330956358127,0.2041629030272278,-0.13317774036710517,-0.48884604706273466,17,cluster bean,sandy Loamy soil
44229,0.8110716651870262,-1.0687588504872214,-0.6043429600973992,1.114202454544477,1.5023015959960477,-0.864466396982288,-0.09501418669415271,0.05379885837163065,0.3712584802124734,0.47621893478943905,0.21677534075723945,-0.47426927945145797,17,cluster bean,sandy Loamy soil
44236,0.8110716651870262,-1.0687588504872214,-1.621075937294595,-0.8975029591088394,1.8100534750669282,-0.45630829412599594,0.0073499387592553065,0.6184662842126782,0.2330617671649563,-0.3872632529775791,0.15261727588444285,-0.30663645192177574,17,cluster bean,sandy Loamy soil
44240,0.8110716651870262,-1.0687588504872214,0.4123900170997968,-0.8975029591088394,2.271681293673248,-0.5111072986761463,-0.1973783121475601,0.21629510069865168,0.4749060149981113,-0.014664774694550914,0.263435751573819,-0.040610443015975814,17,cluster bean,sandy Loamy soil
44243,0.8110716651870262,-1.0687588504872214,-0.09597647149880119,1.114202454544477,1.3484256564606083,-0.9022588139134262,-0.23149968729869652,0.7728236819326465,0.2460177090131615,-0.10633582887529582,0.263435751573819,-0.514355390382469,17,cluster bean,sandy Loamy soil
44255,0.8110716651870262,-1.0687588504872214,0.4123900170997968,1.114202454544477,1.1945497169251689,-0.8493494302098327,-0.4874100009322159,0.43576325527504267,0.5094551932599904,-0.5824338844591654,-0.05152202143809151,-0.33578998714432934,17,cluster bean,sandy Loamy soil
44258,0.8110716651870262,-1.0687588504872214,-0.09597647149880119,-0.8975029591088394,0.8867978378542885,-0.5432308530676139,-0.5215313760833518,0.4655121355628915,0.4360381894534969,0.04447784090592977,0.09429176236371875,-0.011456907793422491,17,cluster bean,sandy Loamy soil
44330,0.8110716651870262,-1.0687588504872214,0.4123900170997968,-0.8975029591088394,2.5794331727441295,-0.5337827488348293,-0.4362279382055119,0.24211488358999195,0.565597607935544,-0.3310777681571227,-0.2731589728168429,-0.48884604706273466,17,cluster bean,sandy Loamy soil
44433,0.8110716651870262,-1.0687588504872214,-0.09597647149880119,1.114202454544477,2.8871850518150084,-0.6301534120092315,-0.18031762457199252,0.5794559600616315,0.23738041444769156,-0.2867208064567622,0.44424484348806337,-0.13900362439209374,17,cluster bean,sandy Loamy soil
44444,0.8110716651870262,-1.0687588504872214,-0.6043429600973992,-0.8975029591088394,1.1945497169251689,-0.887141847140971,-0.5727134388100558,0.7582298916027584,0.479224662280846,-0.14477852901560817,0.04179880019506714,-0.2009548867400196,17,cluster bean,sandy Loamy soil
44451,0.8110716651870262,-1.0687588504872214,-1.621075937294595,1.114202454544477,1.1945497169251689,-0.703848625024951,-0.23149968729869652,0.08663488661387857,0.29352282912324523,0.10953471806645862,-0.3081542809292775,-0.04425463491879505,17,cluster bean,sandy Loamy soil
44514,0.8110716651870262,-1.0687588504872214,-0.6043429600973992,-0.8975029591088394,1.1945497169251689,-0.6925108999456094,-0.2656210624498323,0.7498103971816692,0.5526416660873394,-0.49076283027842027,0.07096155695542919,-0.040610443015975814,17,cluster bean,sandy Loamy soil
44550,0.8110716651870262,-1.0687588504872214,0.4123900170997968,-0.8975029591088394,0.7329218983188477,-0.9135965389927676,-0.6409561891123273,0.743916751086907,0.29352282912324523,0.236691341607492,-0.43647041067487025,-0.0005243320849648004,17,cluster bean,sandy Loamy soil
44580,0.8110716651870262,-1.0687588504872214,0.4123900170997968,-0.8975029591088394,0.7329218983188477,-0.6660562080938128,-0.45328862578107953,0.05351820855759428,0.16828205792393272,0.22486281848739612,0.012636043434705087,-0.33578998714432934,17,cluster bean,sandy Loamy soil
44589,0.8110716651870262,-1.0687588504872214,-0.6043429600973992,1.114202454544477,1.6561775355314885,-0.7473099044957598,-0.1973783121475601,0.6768414455322297,0.5267297823909303,0.48804745790953497,0.40341698402355675,-0.30299226001895674,17,cluster bean,sandy Loamy soil
44618,0.8110716651870262,-1.0687588504872214,-0.09597647149880119,-0.8975029591088394,0.8867978378542885,-0.6962901416387233,-0.5727134388100558,0.38019459209585427,0.27624823999230536,0.18642011834708333,-0.14484284307124975,-0.12807104868363606,17,cluster bean,sandy Loamy soil
44706,0.8110716651870262,-1.0687588504872214,-1.621075937294595,-0.8975029591088394,1.3484256564606083,-0.7132967292577356,-0.4191672506299437,0.7851722737502436,0.48786195684631595,0.12136324118655492,-0.3606472430979291,-0.34672256285278674,17,cluster bean,sandy Loamy soil
44712,0.8110716651870262,-1.0687588504872214,0.9207565056983947,-0.8975029591088394,1.5023015959960477,-0.7869919422734548,-0.35092450032767214,0.04285351562421478,0.16828205792393272,-0.20687827539611314,0.1292870704761533,-0.5398647337022033,17,cluster bean,sandy Loamy soil
44772,0.8110716651870262,-1.0687588504872214,0.9207565056983947,-0.8975029591088394,2.271681293673248,-0.6074779618505486,-0.4874100009322159,0.19468506501785632,0.4317195421707623,-0.2364495831963535,0.5317331137691496,-0.03332205921033735,17,cluster bean,sandy Loamy soil
44790,0.8110716651870262,-1.0687588504872214,0.4123900170997968,-0.8975029591088394,0.7329218983188477,-0.6830627957128249,-0.4703493133566477,0.41920491624690104,0.21146853075128177,0.26626264940773237,0.4967378056567154,-0.30299226001895674,17,cluster bean,sandy Loamy soil
44796,0.8110716651870262,-1.0687588504872214,-1.621075937294595,-0.8975029591088394,2.733309112279569,-0.5148865403692603,-0.4874100009322159,0.8306375436241252,0.41012630575708775,0.5412758119499674,0.3450914705028327,-0.2592619571851265,17,cluster bean,sandy Loamy soil
44830,0.8110716651870262,-1.0687588504872214,0.4123900170997968,-0.8975029591088394,2.733309112279569,-0.6755043123265974,-0.4703493133566477,0.09252853270864073,0.49649925141178586,0.16572020288691544,-0.3548146917458566,-0.13900362439209374,17,cluster bean,sandy Loamy soil
44854,0.8110716651870262,-1.0687588504872214,-0.6043429600973992,-0.8975029591088394,1.963929414602369,-0.7888815631200119,-0.2144389997231283,0.7259551629885832,0.3496652437987988,-0.23940671397637736,0.4150820867277013,-0.47062508754863874,17,cluster bean,sandy Loamy soil
44893,0.8110716651870262,-1.0687588504872214,-0.09597647149880119,1.114202454544477,2.733309112279569,-0.8417909468236052,-0.11207487426972029,0.8239019480872543,0.31079741825418505,0.3224481342281892,-0.37231234580207406,-0.5507973094106607,17,cluster bean,sandy Loamy soil
44977,0.8110716651870262,-1.0687588504872214,0.9207565056983947,1.114202454544477,2.5794331727441295,-0.42229511888797167,-0.5727134388100558,0.24800852968475445,0.3194347128196544,-0.5913052767992376,-0.15067539442332223,-0.41960640090917034,17,cluster bean,sandy Loamy soil
44978,0.8110716651870262,-1.0687588504872214,-0.09597647149880119,-0.8975029591088394,1.6561775355314885,-0.9306031266117798,-0.2485603748742641,0.09814152898936684,0.21146853075128177,-0.4878056994983964,-0.028191816029801538,-0.16451296771182783,17,cluster bean,sandy Loamy soil
44991,0.8110716651870262,-1.0687588504872214,-1.621075937294595,1.114202454544477,1.0406737773897279,-0.887141847140971,-0.1632569369964243,0.201701310368764,0.5180924878254604,-0.2837636756767379,-0.4014751025624361,-0.16815715961464706,17,cluster bean,sandy Loamy soil
45024,0.8110716651870262,-1.0687588504872214,-0.6043429600973992,-0.8975029591088394,-1.421341255177312,-0.8002192881993532,-0.6580168766878955,0.04790521227686816,0.17691935248940266,-0.5853910152391895,0.5259005624170775,-0.19731069483720037,54,vegetable cowpea,sandy Loamy soil
45066,0.8110716651870262,-1.0687588504872214,-1.621075937294595,-0.8975029591088394,-0.9597134365709921,-1.1403510405795965,0.12677475178823092,0.6698252001813221,0.4489941313017015,-0.15956418291572835,0.240105546165529,-0.051543018724433246,54,vegetable cowpea,sandy Loamy soil
45081,0.8110716651870262,-1.0687588504872214,-1.621075937294595,1.114202454544477,-1.421341255177312,-0.3920611853430612,-0.4191672506299437,0.7972402157538052,0.5353670769563996,0.147977418206771,-0.4248053079707257,-0.1608687758090086,54,vegetable cowpea,sandy Loamy soil
45087,0.8110716651870262,-1.0687588504872214,0.9207565056983947,1.114202454544477,-1.421341255177312,-1.2045981493625315,0.48504919087515835,0.16662008361422573,0.3453465965160642,-0.19800688305604114,0.4150820867277013,-0.14629200819773194,54,vegetable cowpea,sandy Loamy soil
45109,0.8110716651870262,-1.0687588504872214,-0.6043429600973992,1.114202454544477,-1.5752171947127527,-1.0968897611087878,-0.0779534991185845,0.30049004490954345,0.33670930195059423,-0.532162661198757,0.28676595698210855,-0.3722319061725211,54,vegetable cowpea,sandy Loamy soil
45190,0.8110716651870262,-1.0687588504872214,0.4123900170997968,-0.8975029591088394,-1.1135893761064315,-0.803998529892467,-0.0438321239674487,0.14276484942113973,0.1941939416203425,-0.6060909306993578,-0.4248053079707257,-0.5580856932162992,54,vegetable cowpea,sandy Loamy soil
45213,0.8110716651870262,-1.0687588504872214,-0.09597647149880119,1.114202454544477,-1.2674653156418723,-1.1554680073520518,-0.2826817500253999,0.5749655630370508,0.37557712749520866,0.17163446444696318,0.08262665965957418,-0.5690182689247567,54,vegetable cowpea,sandy Loamy soil
45250,0.8110716651870262,-1.0687588504872214,0.4123900170997968,-0.8975029591088394,-1.421341255177312,-0.41095739380863033,-0.0779534991185845,0.27270571331994925,0.4317195421707623,0.0651777563660981,-0.3606472430979291,0.0650711221657803,54,vegetable cowpea,sandy Loamy soil
45258,0.8110716651870262,-1.0687588504872214,-0.09597647149880119,-0.8975029591088394,-1.1135893761064315,-0.5337827488348293,-0.4874100009322159,0.8570186261435382,0.1985125889030772,0.5294472888298716,0.11178941641993623,-0.06976397823852913,54,vegetable cowpea,sandy Loamy soil
45310,0.8110716651870262,-1.0687588504872214,0.4123900170997968,-0.8975029591088394,-0.9597134365709921,-1.1460199031192673,-0.40210656305437614,0.5163097519034626,0.565597607935544,-0.2334924524163292,0.6192213840502357,-0.45969251184018134,54,vegetable cowpea,sandy Loamy soil
45313,0.8110716651870262,-1.0687588504872214,-0.09597647149880119,1.114202454544477,-1.421341255177312,-0.7340825585698614,0.5874133163285657,0.15090369402819254,0.5440043715218695,-0.36656333751741077,0.09429176236371875,-0.28841549240767983,54,vegetable cowpea,sandy Loamy soil
45344,0.8110716651870262,-1.0687588504872214,-0.6043429600973992,-0.8975029591088394,-0.9597134365709921,-0.4468601898932114,-0.2826817500253999,0.8727350157295711,0.22874311988222162,0.18642011834708333,0.5550633191774396,-0.029677867307518382,54,vegetable cowpea,sandy Loamy soil
45346,0.8110716651870262,-1.0687588504872214,-1.621075937294595,-0.8975029591088394,-1.1135893761064315,-0.4393017065069839,-0.7774416897168711,0.05379885837163065,0.5483230188046049,-0.03240755937469495,0.5375656651212221,-0.3831644818809785,54,vegetable cowpea,sandy Loamy soil
45355,0.8110716651870262,-1.0687588504872214,0.4123900170997968,1.114202454544477,-1.421341255177312,-0.6320430328557883,-0.0608928115430169,0.7672106856519203,0.3928517166261479,-0.0264932978146468,-0.13901029171917767,-0.4560483199373621,54,vegetable cowpea,sandy Loamy soil
45365,0.8110716651870262,-1.0687588504872214,0.4123900170997968,1.114202454544477,-1.1135893761064315,-1.095000140262231,-0.0779534991185845,0.464389536306746,0.4317195421707623,-0.3813489914175309,0.4675750488963534,-0.03332205921033735,54,vegetable cowpea,sandy Loamy soil
45368,0.8110716651870262,-1.0687588504872214,-0.09597647149880119,-0.8975029591088394,-1.2674653156418723,-0.8587975344426173,-0.23149968729869652,0.37149444786072905,0.18987529433760725,0.1006633257263866,-0.2964891782251325,-0.4779134713542772,54,vegetable cowpea,sandy Loamy soil
45406,0.8110716651870262,-1.0687588504872214,-1.621075937294595,-0.8975029591088394,-1.421341255177312,-0.8096673924321377,0.7409595045086778,0.8572992759575743,0.33670930195059423,-0.49076283027842027,-0.19150325388782927,-0.44511574422890465,54,vegetable cowpea,sandy Loamy soil
45414,0.8110716651870262,-1.0687588504872214,-0.6043429600973992,-0.8975029591088394,-1.5752171947127527,-0.8096673924321377,-0.6580168766878955,0.13181950667372355,0.16396341064119807,-0.08267878263510363,0.024301146138850073,-0.43418316852044697,54,vegetable cowpea,sandy Loamy soil
45460,0.8110716651870262,-1.0687588504872214,0.4123900170997968,-0.8975029591088394,-1.421341255177312,-0.556458198993512,0.655656066630838,0.37542354525723726,0.37557712749520866,0.2840054340878768,0.5317331137691496,-0.36494352236688266,54,vegetable cowpea,sandy Loamy soil
45478,0.8110716651870262,-1.0687588504872214,-0.09597647149880119,-0.8975029591088394,-1.5752171947127527,-0.8606871552891743,-0.5556527512344875,0.7206228165218932,0.3712584802124734,0.05039210246597793,-0.43647041067487025,-0.2373968057682114,54,vegetable cowpea,sandy Loamy soil
45503,0.8110716651870262,-1.0687588504872214,-0.09597647149880119,1.114202454544477,-1.2674653156418723,-0.7132967292577356,-0.5044706885077835,0.8530895287470297,0.28920418184051055,-0.5883481460192136,-0.33731703768963955,0.0942246573883339,54,vegetable cowpea,sandy Loamy soil
45522,0.8110716651870262,-1.0687588504872214,0.9207565056983947,-0.8975029591088394,-0.9597134365709921,-1.0798831734897754,0.0073499387592553065,0.37205574748880144,0.2330617671649563,-0.46119152247817996,0.251770648869674,-0.15722458390618962,54,vegetable cowpea,sandy Loamy soil
45524,0.8110716651870262,-1.0687588504872214,-0.6043429600973992,-0.8975029591088394,-1.421341255177312,-0.3826130811102767,-0.009710748816312897,0.7248325637324378,0.41012630575708775,0.36089083436850156,0.3392589191507602,-0.16815715961464706,54,vegetable cowpea,sandy Loamy soil
45530,0.8110716651870262,-1.0687588504872214,0.4123900170997968,-0.8975029591088394,-1.421341255177312,-1.2045981493625315,0.17795681451493492,0.7391457042482897,0.5180924878254604,0.04447784090592977,0.45590994619220837,-0.3175690276302334,54,vegetable cowpea,sandy Loamy soil
45564,0.8110716651870262,-1.0687588504872214,-0.6043429600973992,-0.8975029591088394,-1.421341255177312,-1.0005190979343854,0.55329194117743,0.676280145904157,0.3539838910815341,0.07996341026621827,-0.11568008631088769,-0.10985008916954016,54,vegetable cowpea,sandy Loamy soil
45581,0.8110716651870262,-1.0687588504872214,-1.621075937294595,1.114202454544477,-0.9597134365709921,-1.1951500451297468,-0.3168031251765363,0.2098401549758168,0.4446754840189669,0.21894855692734796,-0.3664797944500016,-0.08069655394698683,54,vegetable cowpea,sandy Loamy soil
45642,0.8110716651870262,-1.0687588504872214,0.9207565056983947,-0.8975029591088394,-0.9597134365709921,-0.6301534120092315,0.7580201920842453,0.8401796373013598,0.267610945426836,-0.3517776836172906,-0.37231234580207406,-0.2556177652823073,54,vegetable cowpea,sandy Loamy soil
45651,0.8110716651870262,-1.0687588504872214,-1.621075937294595,1.114202454544477,-1.2674653156418723,-1.1422406614261535,-0.8115630648680069,0.36167170436945834,0.1941939416203425,0.13023463352662695,0.50840290836086,0.01769662742913109,54,vegetable cowpea,sandy Loamy soil
45668,0.8110716651870262,-1.0687588504872214,-0.09597647149880119,-0.8975029591088394,-1.1135893761064315,-0.5356723696813861,-0.35092450032767214,0.07316369554013569,0.3064787709714498,0.08587767182626642,-0.14484284307124975,-0.2592619571851265,54,vegetable cowpea,sandy Loamy soil
45674,0.8110716651870262,-1.0687588504872214,-0.6043429600973992,-0.8975029591088394,-1.1135893761064315,-0.6131468243902192,0.2461995648172065,0.5881561042967574,0.479224662280846,-0.4878056994983964,-0.2731589728168429,0.061426930262961074,54,vegetable cowpea,sandy Loamy soil
45699,0.8110716651870262,-1.0687588504872214,-0.6043429600973992,1.114202454544477,-1.5752171947127527,-0.7340825585698614,0.4509278157240219,0.1890720687371302,0.4489941313017015,-0.12703574433546413,0.520068011065005,-0.10620589726672092,54,vegetable cowpea,sandy Loamy soil
45714,0.8110716651870262,-1.0687588504872214,-0.6043429600973992,-0.8975029591088394,-0.9597134365709921,-0.7737645963475563,-0.6068348139611915,0.5233259972543702,0.4403568367362322,-0.5706053613390693,-0.4189727566186532,-0.5179995822852882,54,vegetable cowpea,sandy Loamy soil
45786,0.8110716651870262,-1.0687588504872214,-1.621075937294595,-0.8975029591088394,-1.421341255177312,-0.7983296673527964,-0.45328862578107953,0.45176029467511225,0.28488553455777527,0.5383186811699436,0.45007739484013587,-0.41960640090917034,54,vegetable cowpea,sandy Loamy soil
45804,0.8110716651870262,-1.0687588504872214,-0.6043429600973992,-0.8975029591088394,-0.9597134365709921,-0.7000693833318371,0.3997457529973185,0.17223307989495185,0.28920418184051055,-0.4671057840382281,0.22844044346138445,-0.34672256285278674,54,vegetable cowpea,sandy Loamy soil
45805,0.8110716651870262,-1.0687588504872214,0.4123900170997968,1.114202454544477,-1.2674653156418723,-1.1875915617435193,0.6385953790552698,0.41050477201177515,0.4619500731499067,0.020820794665737583,0.2051102380530949,-0.09162912965544426,54,vegetable cowpea,sandy Loamy soil
45893,0.8110716651870262,-1.0687588504872214,-0.09597647149880119,1.114202454544477,-0.9597134365709921,-0.9117069181462107,-0.6409561891123273,0.17307502933706065,0.582872197066484,0.5324044196098955,0.3159287137424706,-0.3175690276302334,54,vegetable cowpea,sandy Loamy soil
45895,0.8110716651870262,-1.0687588504872214,0.4123900170997968,1.114202454544477,-1.1135893761064315,-0.9287135057652228,-0.5727134388100558,0.15651669030891865,0.30216012368871514,0.14206315664672284,-0.29065662687306,-0.05883140253007171,54,vegetable cowpea,sandy Loamy soil
45929,0.8110716651870262,-1.0687588504872214,-0.6043429600973992,1.114202454544477,-1.2674653156418723,-0.5507893364538413,0.7238988169331095,0.25137632745318994,0.5396857242391349,-0.10337869809527195,0.4675750488963534,-0.1608687758090086,54,vegetable cowpea,sandy Loamy soil
45943,0.8110716651870262,-1.0687588504872214,-0.09597647149880119,1.114202454544477,-0.9597134365709921,-1.0383115148655235,0.1097140642126627,0.8390570380452144,0.5180924878254604,0.42890484230905424,0.3450914705028327,-0.5507973094106607,54,vegetable cowpea,sandy Loamy soil
45959,0.8110716651870262,-1.0687588504872214,-0.6043429600973992,1.114202454544477,-1.421341255177312,-1.1176755904209137,-0.35092450032767214,0.720061516893821,0.2460177090131615,-0.1743498368158485,0.6367190381064531,-0.21917584625411551,54,vegetable cowpea,sandy Loamy soil
46000,1.2888555453011261,-1.0687588504872214,0.4123900170997968,-0.8975029591088394,-0.9597134365709921,-1.1875915617435193,-1.8522650069776525,0.726797112430692,0.21578717803401704,0.5412758119499674,0.32759381644661517,-0.09527332155826349,22,french bean,well-drained loamy soil
46017,1.2888555453011261,-1.0687588504872214,0.9207565056983947,1.114202454544477,-1.421341255177312,-1.2688452581454663,-2.108175320611172,0.6341826737987111,0.5440043715218695,0.4584761501092946,0.21677534075723945,0.0942246573883339,22,french bean,well-drained loamy soil
46063,1.2888555453011261,-1.0687588504872214,-0.09597647149880119,1.114202454544477,-1.1135893761064315,-1.257507533066125,-0.7262596269901671,0.4135919199661749,0.42308224760529234,-0.6238337153795018,-0.33731703768963955,0.03956177884604621,22,french bean,well-drained loamy soil
46114,1.2888555453011261,-1.0687588504872214,-0.6043429600973992,-0.8975029591088394,-1.729093134248192,-1.3047480542300476,0.2461995648172065,0.6033111942547175,0.4749060149981113,-0.3636062067373869,0.23427299481345693,-0.47062508754863874,22,french bean,well-drained loamy soil
46140,1.2888555453011261,-1.0687588504872214,0.4123900170997968,-0.8975029591088394,-1.2674653156418723,-1.1271236946536982,-1.9887505075821963,0.5132226039490635,0.31511606553691973,-0.5765196228991175,0.5608958705295116,-0.3430783709499675,22,french bean,well-drained loamy soil
46145,1.2888555453011261,-1.0687588504872214,0.4123900170997968,1.114202454544477,-1.2674653156418723,-1.1365717988864827,-2.12523600818674,0.26372491927078734,0.47058736771537607,0.21303429536729981,0.5608958705295116,-0.10256170536390195,22,french bean,well-drained loamy soil
46202,1.2888555453011261,-1.0687588504872214,0.9207565056983947,-0.8975029591088394,-1.1135893761064315,-1.172474594971064,0.22913887724163892,0.3776687437695276,0.48786195684631595,-0.5765196228991175,-0.2381636647044084,-0.26655034099076497,22,french bean,well-drained loamy soil
46208,1.2888555453011261,-1.0687588504872214,-0.09597647149880119,-0.8975029591088394,-1.5752171947127527,-1.2877414666110354,0.17795681451493492,0.7015386291674245,0.2503363562958962,0.19529151068715578,0.15261727588444285,-0.29205968431049906,22,french bean,well-drained loamy soil
46231,1.2888555453011261,-1.0687588504872214,-1.621075937294595,1.114202454544477,-1.1135893761064315,-1.1894811825900762,-1.8181436318265167,0.3902979854011617,0.39717036390888316,0.047434971685954064,-0.03402436738187403,-0.2957038762133183,22,french bean,well-drained loamy soil
46272,1.2888555453011261,-1.0687588504872214,0.9207565056983947,-0.8975029591088394,-1.2674653156418723,-1.1762538366641777,-1.1186554412282304,0.7079935748902594,0.479224662280846,0.15389167976681914,-0.2381636647044084,-0.11349428107235938,22,french bean,well-drained loamy soil
46306,1.2888555453011261,-1.0687588504872214,-1.621075937294595,-0.8975029591088394,-1.421341255177312,-1.2083773910556452,-2.074053945460036,0.1405196509088491,0.30216012368871514,-0.6060909306993578,0.3042636110383256,-0.12442685678081682,22,french bean,well-drained loamy soil
46308,1.2888555453011261,-1.0687588504872214,-0.09597647149880119,-0.8975029591088394,-1.2674653156418723,-1.2858518457644785,-0.4362279382055119,0.09982542787358475,0.4489941313017015,0.1686773336669393,0.3800867786152672,-0.5362205417993842,22,french bean,well-drained loamy soil
46316,1.2888555453011261,-1.0687588504872214,-1.621075937294595,-0.8975029591088394,-1.5752171947127527,-1.2253839786746574,-1.4769298803151572,0.7700171837922833,0.267610945426836,0.43186197308907853,0.0009709407305605154,-0.047898826821614275,22,french bean,well-drained loamy soil
46317,1.2888555453011261,-1.0687588504872214,0.9207565056983947,1.114202454544477,-1.421341255177312,-1.2612867747592387,0.28032093996834234,0.5062063585981559,0.40580765847435246,0.4584761501092946,-0.2964891782251325,-0.12807104868363606,22,french bean,well-drained loamy soil
46328,1.2888555453011261,-1.0687588504872214,-0.09597647149880119,-0.8975029591088394,-1.5752171947127527,-1.257507533066125,-0.8798058151702786,0.5648621697317434,0.47058736771537607,0.25443412628763645,0.28093340563003605,-0.38680867378379774,22,french bean,well-drained loamy soil
46362,1.2888555453011261,-1.0687588504872214,0.9207565056983947,-0.8975029591088394,-1.1135893761064315,-1.2216047369815435,-0.40210656305437614,0.3437101162711345,0.31079741825418505,0.1598059413268673,0.40341698402355675,-0.5872392284388526,22,french bean,well-drained loamy soil
46369,1.2888555453011261,-1.0687588504872214,-0.6043429600973992,1.114202454544477,-1.1135893761064315,-1.2197151161349868,-0.4874100009322159,0.5699138663843974,0.5008178986945205,-0.23053532163630536,-0.06901967549430858,0.03227339504040776,22,french bean,well-drained loamy soil
46443,1.2888555453011261,-1.0687588504872214,-0.09597647149880119,1.114202454544477,-1.2674653156418723,-1.1970396659763038,-0.9651092530481183,0.7599137904869759,0.3928517166261479,0.4584761501092946,0.6192213840502357,-0.08798493775262503,22,french bean,well-drained loamy soil
46462,1.2888555453011261,-1.0687588504872214,0.9207565056983947,-0.8975029591088394,-1.2674653156418723,-1.2064877702090884,0.0073499387592553065,0.3364132211061908,0.3194347128196544,-0.5735624921190934,0.21677534075723945,-0.10985008916954016,22,french bean,well-drained loamy soil
46514,1.2888555453011261,-1.0687588504872214,-0.6043429600973992,-0.8975029591088394,-1.5752171947127527,-1.295299949997263,-0.4191672506299437,0.4267824612258814,0.2503363562958962,0.31653387266814104,-0.09818243225467063,-0.17180135151746628,22,french bean,well-drained loamy soil
46547,1.2888555453011261,-1.0687588504872214,0.9207565056983947,1.114202454544477,-1.421341255177312,-1.1346821780399259,-1.6304760684952693,0.6347439734267838,0.4317195421707623,0.0296921870058096,0.45007739484013587,-0.01874529159906069,22,french bean,well-drained loamy soil
46577,1.2888555453011261,-1.0687588504872214,0.9207565056983947,1.114202454544477,-1.1135893761064315,-1.231052841214328,-0.4703493133566477,0.21152405386003467,0.21578717803401704,0.4377762346491263,-0.33731703768963955,-0.48884604706273466,22,french bean,well-drained loamy soil
46581,1.2888555453011261,-1.0687588504872214,-1.621075937294595,1.114202454544477,-1.421341255177312,-1.1743642158176208,-1.9546291324310603,0.2724250635059129,0.5871908443492186,-0.20687827539611314,0.4150820867277013,-0.4669808956458198,22,french bean,well-drained loamy soil
46616,1.2888555453011261,-1.0687588504872214,-1.621075937294595,-0.8975029591088394,-1.421341255177312,-1.1573576281986087,-1.6475367560708372,0.4231340136434089,0.427400894888027,0.4791760655694629,0.5608958705295116,-0.5471531175078416,22,french bean,well-drained loamy soil
46620,1.2888555453011261,-1.0687588504872214,0.4123900170997968,-0.8975029591088394,-1.421341255177312,-1.2027085285159744,0.33150300269504634,0.15932318844928173,0.29784147640597985,-0.5380769227588049,0.5317331137691496,-0.19731069483720037,22,french bean,well-drained loamy soil
46637,1.2888555453011261,-1.0687588504872214,0.9207565056983947,1.114202454544477,-1.2674653156418723,-1.2556179122195679,-1.715779506373109,0.3622330039975307,0.2201058253167517,0.236691341607492,-0.13901029171917767,-0.47062508754863874,22,french bean,well-drained loamy soil
46647,1.2888555453011261,-1.0687588504872214,0.9207565056983947,1.114202454544477,-1.421341255177312,-1.299079191690377,-1.9205077572799243,0.47000253258747215,0.48786195684631595,0.5324044196098955,-0.14484284307124975,-0.2301084219625732,22,french bean,well-drained loamy soil
46671,1.2888555453011261,-1.0687588504872214,-1.621075937294595,1.114202454544477,-1.1135893761064315,-1.2027085285159744,0.0073499387592553065,0.6437247674759458,0.3496652437987988,-0.4848485687183721,0.17594748129273283,0.061426930262961074,22,french bean,well-drained loamy soil
46725,1.2888555453011261,-1.0687588504872214,0.4123900170997968,1.114202454544477,-1.1135893761064315,-1.1800330783572917,-0.18031762457199252,0.7702978336063194,0.5871908443492186,0.0296921870058096,-0.3898099998582912,-0.2774829166992224,22,french bean,well-drained loamy soil
46780,1.2888555453011261,-1.0687588504872214,0.4123900170997968,-0.8975029591088394,-0.9597134365709921,-1.234832082907442,0.28032093996834234,0.18065257431604104,0.29784147640597985,-0.27193515255664197,-0.45980061608316025,0.05413854645732288,22,french bean,well-drained loamy soil
46791,1.2888555453011261,-1.0687588504872214,-1.621075937294595,1.114202454544477,-1.421341255177312,-1.280182983224808,-0.4191672506299437,0.5283776939070236,0.18123799977213792,0.39046214216874187,0.1292870704761533,-0.5799508446332141,22,french bean,well-drained loamy soil
46839,1.2888555453011261,-1.0687588504872214,-0.6043429600973992,1.114202454544477,-0.9597134365709921,-1.1686953532779503,-1.681658131221973,0.45176029467511225,0.3539838910815341,0.34906231124840525,-0.20900090794404635,-0.3248574114358716,22,french bean,well-drained loamy soil
46848,1.2888555453011261,-1.0687588504872214,-0.09597647149880119,-0.8975029591088394,-1.5752171947127527,-1.1611368698917226,-0.1461962494208567,0.1363099036983045,0.1855566470548726,-0.34290629127721856,0.1876125839968774,-0.28112710860204165,22,french bean,well-drained loamy soil
46852,1.2888555453011261,-1.0687588504872214,0.9207565056983947,-0.8975029591088394,-1.421341255177312,-1.1346821780399259,-1.340444379710614,0.3790719928397091,0.3928517166261479,-0.21574966773618517,-0.16234049712746723,-0.49977862277119234,22,french bean,well-drained loamy soil
46859,1.2888555453011261,-1.0687588504872214,-0.6043429600973992,1.114202454544477,-1.5752171947127527,-1.249949049679897,-2.364085634244691,0.28561560476561937,0.3194347128196544,0.3638479651485254,-0.15650794577539473,-0.3722319061725211,22,french bean,well-drained loamy soil
46899,1.2888555453011261,-1.0687588504872214,-0.6043429600973992,1.114202454544477,-1.2674653156418723,-1.232942462060885,-1.4428085051640214,0.43632455490311545,0.5699162552182794,0.45256188854924645,0.0651290056033567,-0.14264781629491272,22,french bean,well-drained loamy soil
46919,1.2888555453011261,-1.0687588504872214,-0.6043429600973992,1.114202454544477,-1.5752171947127527,-1.1497991448123812,-2.517631822424803,0.7975208655678412,0.2503363562958962,-0.1092929596553201,0.6542166921626702,-0.5908834203416719,22,french bean,well-drained loamy soil
46937,1.2888555453011261,-1.0687588504872214,0.9207565056983947,1.114202454544477,-1.421341255177312,-1.2650660164523524,-2.142296695762308,0.6291309771460577,0.41444495303982243,-0.2867208064567622,0.520068011065005,-0.00416852398778403,22,french bean,well-drained loamy soil
46942,1.2888555453011261,-1.0687588504872214,0.9207565056983947,-0.8975029591088394,-1.729093134248192,-1.1252340738071414,-1.9375684448554924,0.392543183913452,0.20283123618581245,-0.2482781063164494,0.6308864867543806,-0.2301084219625732,22,french bean,well-drained loamy soil
46954,1.2888555453011261,-1.0687588504872214,-0.6043429600973992,-0.8975029591088394,-1.2674653156418723,-1.27262449983858,-2.159357383337876,0.4573732909558384,0.5396857242391349,-0.49076283027842027,0.15844982723651535,-0.46333670374300057,22,french bean,well-drained loamy soil
47029,0.8110716651870262,1.4177413322789671,-1.1127094486959972,1.114202454544477,-0.036457799358352465,-0.9098172972996538,-0.3338638127521039,0.8558960268873927,0.4446754840189669,1.0676450907942459,0.5433982164732946,0.010408243623492632,33,peas,sandy Loamy soil
47034,0.8110716651870262,1.4177413322789671,1.4291229942969927,1.114202454544477,0.11741814017708838,-0.8399013259770481,0.5191705660262941,0.559529823265054,0.7858486193550246,0.0030780099855935448,-0.09818243225467063,-0.5580856932162992,33,peas,sandy Loamy soil
47042,0.8110716651870262,1.4177413322789671,1.9374894828955906,1.114202454544477,0.11741814017708838,-0.9098172972996538,-0.3850458754788079,0.729603610571055,0.09486505411743984,1.014416736753813,0.3450914705028327,-0.28112710860204165,33,peas,sandy Loamy soil
47062,0.8110716651870262,1.4177413322789671,-1.1127094486959972,1.114202454544477,0.5790459587834081,-0.743530662802646,-2.022871882733332,0.7818044759818084,0.28488553455777527,0.298791087987997,0.45590994619220837,-0.59817180414731,33,peas,sandy Loamy soil
47089,0.8110716651870262,1.4177413322789671,-1.1127094486959972,1.114202454544477,0.5790459587834081,-0.8153362549718084,-0.7774416897168711,0.12536456095088866,-0.03037571708187265,0.2899196956479245,-0.15650794577539473,-0.13171524058645528,33,peas,sandy Loamy soil
47094,0.8110716651870262,1.4177413322789671,1.4291229942969927,1.114202454544477,1.1945497169251689,-0.8228947383580362,0.48504919087515835,0.7514942960658868,0.7340248519622056,0.9404884672532121,-0.06318712414223608,-0.040610443015975814,33,peas,sandy Loamy soil
47108,0.8110716651870262,1.4177413322789671,1.9374894828955906,1.114202454544477,0.7329218983188477,-0.7718749755009996,-2.108175320611172,0.6844189905112101,0.18123799977213792,0.3401909189083332,0.3450914705028327,-0.41596220900635106,33,peas,sandy Loamy soil
47130,0.8110716651870262,1.4177413322789671,1.4291229942969927,1.114202454544477,0.8867978378542885,-0.8587975344426173,-0.6580168766878955,0.7882594217046432,0.10782099596564443,-0.008750513134502761,0.49090525430464294,-0.46333670374300057,33,peas,sandy Loamy soil
47143,0.8110716651870262,1.4177413322789671,-1.1127094486959972,1.114202454544477,0.8867978378542885,-0.8909210888340847,0.1950175020905025,0.7063096760060418,0.06895317042103004,0.6477325200308329,-0.43647041067487025,-0.2155316543512963,33,peas,sandy Loamy soil
47157,0.8110716651870262,1.4177413322789671,1.4291229942969927,1.114202454544477,1.1945497169251689,-0.8304532217442636,0.5703526287529982,0.6117306886758066,0.043041286724620854,1.1060877909345583,0.6658817948668152,-0.4013854413950744,33,peas,sandy Loamy soil
47191,0.8110716651870262,1.4177413322789671,-1.1127094486959972,1.114202454544477,0.11741814017708838,-0.8814729846013002,-2.0569932578844683,0.21769834976883323,-0.008782480668198128,0.8044604513721068,0.28676595698210855,0.028629203137588523,33,peas,sandy Loamy soil
47214,0.8110716651870262,1.4177413322789671,1.4291229942969927,1.114202454544477,0.7329218983188477,-0.8380117051304914,0.502109878450726,0.26877661592344104,0.29352282912324523,0.638861127690761,-0.33148448633756705,-0.4669808956458198,33,peas,sandy Loamy soil
47248,0.8110716651870262,1.4177413322789671,-1.1127094486959972,1.114202454544477,0.7329218983188477,-0.8493494302098327,-1.3745657548617498,0.42145011475919136,0.7728926775068193,0.8517745438524911,-0.10984753495881562,-0.5835950365360334,33,peas,sandy Loamy soil
47271,0.8110716651870262,1.4177413322789671,1.4291229942969927,1.114202454544477,-0.19033373889379193,-0.9230446432255522,0.5191705660262941,0.2510956776391536,0.7815299720722894,0.2633055186277085,0.47924015160049793,-0.2118874624484773,33,peas,sandy Loamy soil
47316,0.8110716651870262,1.4177413322789671,1.4291229942969927,1.114202454544477,0.8867978378542885,-0.7983296673527964,0.0073499387592553065,0.6316568254723847,0.6433332590247722,0.06813488714612197,0.15261727588444285,-0.29205968431049906,33,peas,sandy Loamy soil
47336,0.8110716651870262,1.4177413322789671,1.9374894828955906,1.114202454544477,0.5790459587834081,-0.9287135057652228,-0.8798058151702786,0.1725137297089879,0.18123799977213792,1.1149591832746304,0.6600492435147427,-0.41960640090917034,33,peas,sandy Loamy soil
47352,0.8110716651870262,1.4177413322789671,1.4291229942969927,1.114202454544477,1.1945497169251689,-0.8361220842839345,-0.09501418669415271,0.5154678024613538,0.030085344876416262,0.8310746283923232,-0.28482407552098793,-0.4524041280345429,33,peas,sandy Loamy soil
47367,0.8110716651870262,1.4177413322789671,1.4291229942969927,1.114202454544477,0.4251700192479687,-0.7926608048131254,-1.596354693344133,0.7554233934623954,0.18123799977213792,0.5531043350700637,-0.4248053079707257,0.05049435455450364,33,peas,sandy Loamy soil
47370,0.8110716651870262,1.4177413322789671,1.4291229942969927,1.114202454544477,0.8867978378542885,-0.8058881507390239,-2.2787821963668513,0.4004013787064684,0.1466888215102582,0.7068751356313137,0.21677534075723945,-0.040610443015975814,33,peas,sandy Loamy soil
47395,0.8110716651870262,1.4177413322789671,-1.1127094486959972,1.114202454544477,-0.036457799358352465,-0.7964400465062393,-2.2617215087912834,0.280844557927002,0.6433332590247722,0.9907596905136208,0.5142354597129325,0.01769662742913109,33,peas,sandy Loamy soil
47419,0.8110716651870262,1.4177413322789671,-1.1127094486959972,1.114202454544477,0.27129407971252784,-0.9249342640721091,0.7750808796598135,0.3221000805903391,0.06031587585556011,0.7246179203114577,-0.2439962160564809,-0.6054601879529484,33,peas,sandy Loamy soil
47432,0.8110716651870262,1.4177413322789671,1.9374894828955906,1.114202454544477,0.7329218983188477,-0.8550182927495036,-0.3338638127521039,0.5699138663843974,0.6951570264175913,0.9079600286729479,-0.19150325388782927,-0.11713847297517861,33,peas,sandy Loamy soil
47444,0.8110716651870262,1.4177413322789671,1.9374894828955906,1.114202454544477,0.7329218983188477,-0.9003691930668692,-0.45328862578107953,0.1118933698771461,0.7297062046794703,0.76306062045177,0.3450914705028327,-0.04425463491879505,33,peas,sandy Loamy soil
47450,0.8110716651870262,1.4177413322789671,1.9374894828955906,1.114202454544477,0.27129407971252784,-0.7624268712682151,-0.9139271903214149,0.1528682427264465,0.36262118564700346,0.576761381310256,-0.004861610621511978,-0.05518721062725248,33,peas,sandy Loamy soil
47478,0.8110716651870262,1.4177413322789671,1.4291229942969927,1.114202454544477,-0.036457799358352465,-0.8928107096806417,0.48504919087515835,0.7116420224727319,0.5137738405427251,0.4821331963494868,0.5375656651212221,-0.5690182689247567,33,peas,sandy Loamy soil
47480,0.8110716651870262,1.4177413322789671,1.9374894828955906,1.114202454544477,-0.036457799358352465,-0.8210051175114791,0.024410626334822903,0.11441921820347278,0.4749060149981113,0.7423607049916021,0.6717143462188877,-0.5398647337022033,33,peas,sandy Loamy soil
47496,0.8110716651870262,1.4177413322789671,1.4291229942969927,1.114202454544477,0.5790459587834081,-0.8380117051304914,-2.3129035715179875,0.667018702040959,0.16396341064119807,0.6033755583304724,0.17011492994066033,-0.5835950365360334,33,peas,sandy Loamy soil
47506,0.8110716651870262,1.4177413322789671,-1.1127094486959972,1.114202454544477,-0.036457799358352465,-0.7756542171941134,-0.9651092530481183,0.42818571029606295,0.2503363562958962,0.6980037432912416,0.6133888326981636,-0.18637811912874294,33,peas,sandy Loamy soil
47550,0.8110716651870262,1.4177413322789671,1.4291229942969927,1.114202454544477,1.0406737773897279,-0.7680957338078858,0.5191705660262941,0.7102387734025504,0.8031232084859639,0.00012087920556925818,-0.028191816029801538,0.06871531406859954,33,peas,sandy Loamy soil
47555,0.8110716651870262,1.4177413322789671,1.9374894828955906,1.114202454544477,0.7329218983188477,-0.8758041220616295,-2.3129035715179875,0.16549748435808026,-0.047650306212812514,0.8517745438524911,0.0009709407305605154,-0.1754455434202855,33,peas,sandy Loamy soil
47621,0.8110716651870262,1.4177413322789671,1.9374894828955906,1.114202454544477,0.27129407971252784,-0.7454202836492028,-0.9651092530481183,0.6751575466480121,0.06895317042103004,1.014416736753813,0.5259005624170775,-0.31028064382459497,33,peas,sandy Loamy soil
47685,0.8110716651870262,1.4177413322789671,1.4291229942969927,1.114202454544477,0.8867978378542885,-0.7756542171941134,-2.159357383337876,0.2227500464214869,0.4619500731499067,0.05334923324600179,0.07679410830750169,-0.36129933046406343,33,peas,sandy Loamy soil
47728,0.8110716651870262,1.4177413322789671,-1.1127094486959972,1.114202454544477,1.3484256564606083,-0.7907711839665686,-1.4769298803151572,0.09140593345249558,0.27624823999230536,0.4348191038691024,0.36842167591112224,-0.5763066527303952,33,peas,sandy Loamy soil
47784,0.8110716651870262,1.4177413322789671,1.4291229942969927,1.114202454544477,1.0406737773897279,-0.8323428425908207,-1.5281119430418613,0.18037192450200468,0.37557712749520866,0.06813488714612197,-0.2964891782251325,-0.28112710860204165,33,peas,sandy Loamy soil
47787,0.8110716651870262,1.4177413322789671,1.4291229942969927,1.114202454544477,0.4251700192479687,-0.9154861598393246,0.7580201920842453,0.1604457877054269,0.7124316155485311,0.8340317591723471,-0.3839774485062187,-0.38680867378379774,33,peas,sandy Loamy soil
47831,0.8110716651870262,1.4177413322789671,1.9374894828955906,1.114202454544477,0.7329218983188477,-0.8115570132786946,-1.664597443646405,0.08691553642791461,0.6044654334801585,0.6270326045706647,0.28093340563003605,-0.55444150131348,33,peas,sandy Loamy soil
47901,0.8110716651870262,1.4177413322789671,1.4291229942969927,1.114202454544477,1.0406737773897279,-0.7548683878819873,-0.6409561891123273,0.2073143066494901,-0.00014518610272819458,0.899088636332876,-0.03402436738187403,-0.25197357337948806,33,peas,sandy Loamy soil
47948,0.8110716651870262,1.4177413322789671,1.9374894828955906,1.114202454544477,-0.036457799358352465,-0.8323428425908207,0.7409595045086778,0.5339906901877498,0.39717036390888316,0.4496047577692226,0.09429176236371875,-0.19366650293438142,33,peas,sandy Loamy soil
47979,0.8110716651870262,1.4177413322789671,1.4291229942969927,1.114202454544477,0.4251700192479687,-0.8587975344426173,-0.6068348139611915,0.4730896805418719,0.7081129682657958,0.5974612967704243,-0.3548146917458566,-0.5216437741881075,33,peas,sandy Loamy soil
47991,0.8110716651870262,1.4177413322789671,1.4291229942969927,1.114202454544477,0.5790459587834081,-0.7813230797337841,0.8092022548109493,0.36391690288174866,0.7253875573967357,1.0735593523542937,0.3217612650945431,-0.03696625111315659,33,peas,sandy Loamy soil
48004,0.8110716651870262,-1.0687588504872214,-0.6043429600973992,-0.8975029591088394,0.5790459587834081,2.002088427244541,0.9115663802643573,0.3010513445376162,0.40148901119161784,0.727575051091482,0.0651290056033567,-0.48884604706273466,2,annual moringa,sandy Loamy soil
48005,0.8110716651870262,-1.0687588504872214,0.4123900170997968,1.114202454544477,0.5790459587834081,2.145699611582866,0.9627484429910608,0.5772107615493411,0.5612789606528095,0.8399460207323952,-0.045689470086019014,-0.30663645192177574,2,annual moringa,sandy Loamy soil
48008,0.8110716651870262,-1.0687588504872214,-0.09597647149880119,-0.8975029591088394,1.963929414602369,2.0701147777205895,0.46798850329959013,0.278038059786639,0.3583025383642688,0.3017482187680209,0.5842260759378015,0.06871531406859954,2,annual moringa,sandy Loamy soil
48070,0.8110716651870262,-1.0687588504872214,0.4123900170997968,-0.8975029591088394,1.1945497169251689,2.043660085868793,1.4233870075313961,0.7848916239362075,0.5958281389146886,0.6063326891104963,0.1876125839968774,0.01405243552631186,2,annual moringa,sandy Loamy soil
48145,0.8110716651870262,-1.0687588504872214,0.4123900170997968,1.114202454544477,1.8100534750669282,2.041770465022236,0.5874133163285657,0.41274997052406615,0.574234902501014,0.8813458516527314,0.45007739484013587,0.07235950597141877,2,annual moringa,sandy Loamy soil
48148,0.8110716651870262,-1.0687588504872214,-0.09597647149880119,-0.8975029591088394,1.0406737773897279,1.9094970057632525,0.9968698181421971,0.430992208436426,0.24169906173042624,0.9464027288132603,-0.07485222684638107,-0.3940970575894362,2,annual moringa,sandy Loamy soil
48171,0.8110716651870262,-1.0687588504872214,-1.621075937294595,1.114202454544477,0.8867978378542885,2.3630060089369103,0.09265337663709511,0.11722571634383584,0.5915094916319539,0.03264931778583389,0.4675750488963534,-0.01874529159906069,2,annual moringa,sandy Loamy soil
48175,0.8110716651870262,-1.0687588504872214,0.4123900170997968,1.114202454544477,0.27129407971252784,2.123024161424183,1.5428118205603711,0.8575799257716109,0.267610945426836,0.25443412628763645,0.49090525430464294,-0.37587609807534034,2,annual moringa,sandy Loamy soil
48212,0.8110716651870262,-1.0687588504872214,0.9207565056983947,-0.8975029591088394,1.963929414602369,2.1381411281966383,0.33150300269504634,0.3939464329836335,0.4749060149981113,-0.008750513134502761,-0.25566131876062587,-0.3576551385612444,2,annual moringa,sandy Loamy soil
48224,0.8110716651870262,-1.0687588504872214,-0.6043429600973992,-0.8975029591088394,0.7329218983188477,2.449928567878528,0.6897774417819738,0.4890867199419408,0.38853306934341325,0.8754315900926837,-0.08651732955052564,-0.029677867307518382,2,annual moringa,sandy Loamy soil
48261,0.8110716651870262,-1.0687588504872214,-1.621075937294595,1.114202454544477,1.0406737773897279,2.397019184174934,0.928627067839925,0.14753589625975674,0.18123799977213792,1.0321595214339574,-0.3839774485062187,-0.062475594432890934,2,annual moringa,sandy Loamy soil
48269,0.8110716651870262,-1.0687588504872214,-0.6043429600973992,1.114202454544477,0.11741814017708838,1.9850818396255288,0.9968698181421971,0.5699138663843974,0.23738041444769156,0.7068751356313137,-0.1856707025357568,-0.47062508754863874,2,annual moringa,sandy Loamy soil
48289,0.8110716651870262,-1.0687588504872214,-0.6043429600973992,1.114202454544477,1.0406737773897279,2.374343734016252,1.2527801317757166,0.49413841659459484,0.5180924878254604,0.32540526500821304,0.5550633191774396,-0.5471531175078416,2,annual moringa,sandy Loamy soil
48300,0.8110716651870262,-1.0687588504872214,0.4123900170997968,-0.8975029591088394,1.8100534750669282,2.005867668937655,1.082173256020037,0.36054910511331284,0.5699162552182794,0.5087473733697032,0.5142354597129325,-0.35036675475560597,2,annual moringa,sandy Loamy soil
48378,0.8110716651870262,-1.0687588504872214,-0.09597647149880119,-0.8975029591088394,0.8867978378542885,2.106017573805171,0.7580201920842453,0.17195243008091549,0.5699162552182794,0.76306062045177,-0.016526713325656965,-0.00416852398778403,2,annual moringa,sandy Loamy soil
48386,0.8110716651870262,-1.0687588504872214,-1.621075937294595,-0.8975029591088394,0.7329218983188477,1.9453998018478338,0.05853200148595931,0.07989929107700697,0.32375336010238964,0.5560614658500876,-0.13317774036710517,-0.21917584625411551,2,annual moringa,sandy Loamy soil
48397,0.8110716651870262,-1.0687588504872214,0.9207565056983947,1.114202454544477,0.11741814017708838,1.9453998018478338,0.3656243778461821,0.46158303816638296,0.5612789606528095,0.24260560316754018,-0.004861610621511978,-0.5216437741881075,2,annual moringa,sandy Loamy soil
48399,0.8110716651870262,-1.0687588504872214,-0.6043429600973992,1.114202454544477,0.27129407971252784,2.449928567878528,1.730479383891619,0.08214448958929761,0.3453465965160642,0.32540526500821304,0.4209146380797738,-0.43418316852044697,2,annual moringa,sandy Loamy soil
48415,0.8110716651870262,-1.0687588504872214,0.4123900170997968,1.114202454544477,0.4251700192479687,2.3535579047041257,1.5939938832870757,0.7935917681713327,0.3410279492333289,1.0351166522139814,0.10595686506786374,-0.09162912965544426,2,annual moringa,sandy Loamy soil
48420,0.8110716651870262,-1.0687588504872214,0.4123900170997968,-0.8975029591088394,0.4251700192479687,2.1116864363448413,0.55329194117743,0.5182743006017169,0.20283123618581245,0.8695173285326355,-0.4248053079707257,-0.41960640090917034,2,annual moringa,sandy Loamy soil
48422,0.8110716651870262,-1.0687588504872214,0.9207565056983947,-0.8975029591088394,1.5023015959960477,2.423473876026731,1.4404476951069645,0.49189321808230385,0.3410279492333289,0.2633055186277085,0.059296454251284623,-0.5325763498965649,2,annual moringa,sandy Loamy soil
48425,0.8110716651870262,-1.0687588504872214,0.4123900170997968,1.114202454544477,0.4251700192479687,1.9227243516891506,1.2698408193512847,0.6336213741706384,0.5526416660873394,0.26626264940773237,0.08845921101164668,-0.08069655394698683,2,annual moringa,sandy Loamy soil
48498,0.8110716651870262,-1.0687588504872214,-0.09597647149880119,-0.8975029591088394,1.8100534750669282,1.9964195647048701,0.979809130566629,0.6120113384898433,0.172600705206668,0.13910602586669896,-0.11568008631088769,-0.2993480681161375,2,annual moringa,sandy Loamy soil
48546,0.8110716651870262,-1.0687588504872214,-1.621075937294595,-0.8975029591088394,0.5790459587834081,2.4423700844923,0.55329194117743,0.597978847788028,0.2719295927095707,0.7098322664113376,0.17594748129273283,-0.18273392722592371,2,annual moringa,sandy Loamy soil
48557,0.8110716651870262,-1.0687588504872214,0.9207565056983947,1.114202454544477,-0.19033373889379193,1.979412977085858,1.1845373814734443,0.6875061384656092,0.5526416660873394,0.9700597750534524,-0.14484284307124975,-0.007812715890603261,2,annual moringa,sandy Loamy soil
48585,0.8110716651870262,-1.0687588504872214,0.4123900170997968,1.114202454544477,1.1945497169251689,2.0266534982497806,0.8603843175376533,0.21208535348810711,0.3280720073851243,0.5945041659904005,-0.2964891782251325,0.006764051720673401,2,annual moringa,sandy Loamy soil
48589,0.8110716651870262,-1.0687588504872214,-0.6043429600973992,1.114202454544477,-0.036457799358352465,2.3195447294661014,0.6727167542064055,0.3190129326359397,0.3798957747779433,0.19824864146717966,0.6717143462188877,-0.27019453289358397,2,annual moringa,sandy Loamy soil
48605,0.8110716651870262,-1.0687588504872214,0.4123900170997968,1.114202454544477,1.5023015959960477,2.3308824545454425,0.877445005113221,0.17082983082477032,0.33670930195059423,0.42890484230905424,0.3159287137424706,-0.08069655394698683,2,annual moringa,sandy Loamy soil
48610,0.8110716651870262,-1.0687588504872214,0.4123900170997968,-0.8975029591088394,1.5023015959960477,2.268524966609065,1.4745690702580996,0.8275503956697261,0.48786195684631595,0.7098322664113376,-0.3664797944500016,-0.0005243320849648004,2,annual moringa,sandy Loamy soil
48614,0.8110716651870262,-1.0687588504872214,-0.6043429600973992,-0.8975029591088394,1.963929414602369,2.2704145874556216,1.0139305057177648,0.5553200760545094,0.267610945426836,0.7305321818715058,0.251770648869674,-0.1754455434202855,2,annual moringa,sandy Loamy soil
48625,0.8110716651870262,-1.0687588504872214,0.4123900170997968,1.114202454544477,0.7329218983188477,2.0644459151809187,1.2527801317757166,0.39759488056610537,0.4360381894534969,1.1238305756147025,-0.15650794577539473,-0.5398647337022033,2,annual moringa,sandy Loamy soil
48629,0.8110716651870262,-1.0687588504872214,-0.6043429600973992,1.114202454544477,0.5790459587834081,2.009646910630768,1.406326319955828,0.1537101921685556,0.20714988346854712,0.5028331118096551,0.3042636110383256,0.01405243552631186,2,annual moringa,sandy Loamy soil
48635,0.8110716651870262,-1.0687588504872214,0.4123900170997968,1.114202454544477,0.27129407971252784,2.147589232429423,0.9968698181421971,0.8623509726102276,0.1855566470548726,0.2928768264279488,0.6075562813460911,-0.09891751346108273,2,annual moringa,sandy Loamy soil
48709,0.8110716651870262,-1.0687588504872214,-0.6043429600973992,1.114202454544477,0.4251700192479687,2.4385908427991865,0.502109878450726,0.1357486040702321,0.40148901119161784,0.5028331118096551,0.22844044346138445,-0.3576551385612444,2,annual moringa,sandy Loamy soil
48726,0.8110716651870262,-1.0687588504872214,-1.621075937294595,-0.8975029591088394,0.7329218983188477,1.998309185551427,1.1162946311711728,0.7158517696832765,0.3453465965160642,0.9552741211533323,-0.05735457279016359,-0.14993620010055117,2,annual moringa,sandy Loamy soil
48773,0.8110716651870262,-1.0687588504872214,-0.09597647149880119,1.114202454544477,0.5790459587834081,2.0342119816360085,0.5874133163285657,0.7349359570377452,0.21146853075128177,0.6152040814505684,0.251770648869674,-0.22646423005975397,2,annual moringa,sandy Loamy soil
48779,0.8110716651870262,-1.0687588504872214,-0.6043429600973992,1.114202454544477,0.7329218983188477,1.9435101810012765,1.1333553187467404,0.43632455490311545,0.5051365459772558,0.5560614658500876,-0.06901967549430858,-0.0770523620441676,2,annual moringa,sandy Loamy soil
48787,0.8110716651870262,-1.0687588504872214,0.9207565056983947,1.114202454544477,-0.19033373889379193,1.9661856311599597,1.5428118205603711,0.10880622192274667,0.5267297823909303,0.5294472888298716,0.08262665965957418,-0.09891751346108273,2,annual moringa,sandy Loamy soil
48980,0.8110716651870262,-1.0687588504872214,0.4123900170997968,-0.8975029591088394,-0.19033373889379193,2.4083569092542763,0.9456877554154931,0.11890961522805374,0.49649925141178586,0.02377792544576145,-0.4189727566186532,-0.34672256285278674,2,annual moringa,sandy Loamy soil
48994,0.8110716651870262,-1.0687588504872214,-0.6043429600973992,-0.8975029591088394,1.5023015959960477,1.9283932142288216,0.8603843175376533,0.7116420224727319,0.267610945426836,0.6802609586110971,-0.2498287674085534,0.010408243623492632,2,annual moringa,sandy Loamy soil
49036,0.14217423302728616,1.4177413322789671,1.9374894828955906,-0.8975029591088394,-0.9597134365709921,-0.6490496204748005,-1.6475367560708372,0.31620643449557667,-0.18584701926032898,0.4229905807490061,1.9898709517872522,1.0708680873438736,12,carrot,light Loamy soil
49121,0.8110716651870262,1.4177413322789671,1.4291229942969927,-0.8975029591088394,0.11741814017708838,-0.6490496204748005,-1.596354693344133,0.31620643449557667,-0.13834189915024528,1.1415733602948468,1.5465970490297494,1.0708680873438736,12,carrot,sandy Loamy soil
49162,0.14217423302728616,1.4177413322789671,1.9374894828955906,-0.8975029591088394,0.4251700192479687,-0.6490496204748005,-1.135716128803798,0.31620643449557667,-0.41041667796254416,0.9700597750534524,1.1616486597929696,0.8522165731747229,12,carrot,light Loamy soil
49232,0.14217423302728616,1.4177413322789671,1.4291229942969927,-0.8975029591088394,-0.19033373889379193,-0.6490496204748005,-1.2210195666816377,0.31620643449557667,-0.34131832143878593,0.48804745790953497,2.2698334166867276,1.5008827318765365,12,carrot,light Loamy soil
49243,0.8110716651870262,1.4177413322789671,1.9374894828955906,-0.8975029591088394,0.4251700192479687,-0.6490496204748005,-1.0674733785015265,0.31620643449557667,-0.11674866273657075,0.0030780099855935448,2.2931636220950176,0.9761190978705752,12,carrot,sandy Loamy soil
49275,0.8110716651870262,1.4177413322789671,-1.1127094486959972,-0.8975029591088394,-0.6519615575001118,-0.6490496204748005,-1.2039588791060702,0.31620643449557667,-0.2333521393704133,0.9937168212936451,2.46814016265719,1.0234935926072244,12,carrot,sandy Loamy soil
49294,0.14217423302728616,1.4177413322789671,1.9374894828955906,-0.8975029591088394,-0.19033373889379193,-0.6490496204748005,-0.9139271903214149,0.31620643449557667,-0.22903349208767804,0.4791760655694629,2.0890243247724833,0.9360329869395639,12,carrot,light Loamy soil
49316,0.14217423302728616,1.4177413322789671,1.4291229942969927,-0.8975029591088394,-0.6519615575001118,-0.6490496204748005,-1.1698375039549345,0.31620643449557667,-0.15129784099844987,1.1238305756147025,2.368986789671959,1.019849400704405,12,carrot,light Loamy soil
49335,0.8110716651870262,1.4177413322789671,-1.1127094486959972,-0.8975029591088394,0.27129407971252784,-0.6490496204748005,-1.5110512554662934,0.31620643449557667,-0.11243001545383609,0.28696256486790067,0.9341791570621462,1.555545610418824,12,carrot,sandy Loamy soil
49341,0.8110716651870262,1.4177413322789671,-1.1127094486959972,-0.8975029591088394,0.4251700192479687,-0.6490496204748005,-0.8798058151702786,0.31620643449557667,-0.23767078665314795,0.12136324118655492,1.1966439679054046,0.5424602614350927,12,carrot,sandy Loamy soil
49350,0.14217423302728616,1.4177413322789671,-1.1127094486959972,-0.8975029591088394,-0.8058374970355525,-0.6490496204748005,-1.5451726306174294,0.31620643449557667,-0.4449658562244236,0.5915470352103761,1.2141416219616217,0.4950857666984435,12,carrot,light Loamy soil
49356,0.14217423302728616,1.4177413322789671,-1.1127094486959972,-0.8975029591088394,-0.036457799358352465,-0.6490496204748005,-1.28926231698391,0.31620643449557667,-0.10379272088836615,0.0770062794861944,2.46814016265719,1.063579703538235,12,carrot,light Loamy soil
49368,0.14217423302728616,1.4177413322789671,-1.1127094486959972,-0.8975029591088394,0.11741814017708838,-0.6490496204748005,-1.4598691927395895,0.31620643449557667,-0.41041667796254416,0.18050585678703562,1.6690806274232697,1.4316430857229725,12,carrot,light Loamy soil
49373,0.8110716651870262,1.4177413322789671,1.4291229942969927,-0.8975029591088394,-0.19033373889379193,-0.6490496204748005,-1.664597443646405,0.31620643449557667,-0.3888234415488696,0.4466476269891987,2.2873310707429457,1.3368940962496736,12,carrot,sandy Loamy soil
49383,0.8110716651870262,1.4177413322789671,-1.1127094486959972,-0.8975029591088394,-0.6519615575001118,-0.6490496204748005,-1.1527768163793661,0.31620643449557667,-0.15561648828118513,0.12432037196657879,1.2374718273699117,0.6153440994914763,12,carrot,sandy Loamy soil
49415,0.8110716651870262,1.4177413322789671,1.4291229942969927,-0.8975029591088394,-0.036457799358352465,-0.6490496204748005,-1.186898191530502,0.31620643449557667,-0.12970460458477534,1.0617308292341978,3.004734887047852,0.7356024322845091,12,carrot,sandy Loamy soil
49451,0.8110716651870262,1.4177413322789671,1.4291229942969927,-0.8975029591088394,-0.9597134365709921,-0.6490496204748005,-1.5622333181929973,0.31620643449557667,-0.328362379590581,1.0173738675338373,2.357321686967814,0.7100930889647747,12,carrot,sandy Loamy soil
49460,0.14217423302728616,1.4177413322789671,1.4291229942969927,-0.8975029591088394,-0.19033373889379193,-0.6490496204748005,-1.135716128803798,0.31620643449557667,-0.08651813175742629,0.5531043350700637,0.805863027316553,0.8267072298549886,12,carrot,light Loamy soil
49486,0.14217423302728616,1.4177413322789671,1.9374894828955906,-0.8975029591088394,-0.036457799358352465,-0.6490496204748005,-1.1527768163793661,0.31620643449557667,-0.31108779045964147,0.06813488714612197,1.6224202166066906,0.31652036346030354,12,carrot,light Loamy soil
49488,0.14217423302728616,1.4177413322789671,-1.1127094486959972,-0.8975029591088394,0.11741814017708838,-0.6490496204748005,-1.186898191530502,0.31620643449557667,-0.12970460458477534,-0.0264932978146468,0.9808395678787253,0.7210256646732327,12,carrot,light Loamy soil
49525,0.8110716651870262,1.4177413322789671,1.9374894828955906,-0.8975029591088394,-0.3442096784292314,-0.6490496204748005,-1.238080254257206,0.31620643449557667,-0.20312160839126883,0.6004184275504482,1.6982433841836317,1.48630596426526,12,carrot,sandy Loamy soil
49566,0.14217423302728616,1.4177413322789671,-1.1127094486959972,-0.8975029591088394,0.11741814017708838,-0.6490496204748005,-1.5110512554662934,0.31620643449557667,-0.3197250850251114,0.4910045886895592,2.32232637885538,1.1510403092058956,12,carrot,light Loamy soil
49617,0.8110716651870262,1.4177413322789671,-1.1127094486959972,-0.8975029591088394,-0.6519615575001118,-0.6490496204748005,-1.4428085051640214,0.31620643449557667,-0.18584701926032898,0.8399460207323952,1.6982433841836317,0.833995613660627,12,carrot,sandy Loamy soil
49627,0.8110716651870262,1.4177413322789671,1.9374894828955906,-0.8975029591088394,-0.3442096784292314,-0.6490496204748005,-1.0504126909259581,0.31620643449557667,-0.2765386121977623,0.567889988970184,2.3164938275033076,1.3551150557637694,12,carrot,sandy Loamy soil
49629,0.8110716651870262,1.4177413322789671,-1.1127094486959972,-0.8975029591088394,-0.49808561796467227,-0.6490496204748005,-0.8798058151702786,0.31620643449557667,-0.43200991437621866,0.4673475424493666,2.1006894274766283,0.567969604754827,12,carrot,sandy Loamy soil
49633,0.8110716651870262,1.4177413322789671,1.9374894828955906,-0.8975029591088394,-0.9597134365709921,-0.6490496204748005,-1.2722016294083418,0.31620643449557667,-0.20312160839126883,-0.005793382354478895,1.6282527679587626,1.0417145521213202,12,carrot,sandy Loamy soil
49693,0.8110716651870262,1.4177413322789671,1.9374894828955906,-0.8975029591088394,0.11741814017708838,-0.6490496204748005,-1.5110512554662934,0.31620643449557667,-0.2765386121977623,0.5264901580498473,2.526465676177914,1.3696918233750464,12,carrot,sandy Loamy soil
49758,0.14217423302728616,1.4177413322789671,-1.1127094486959972,-0.8975029591088394,0.4251700192479687,-0.6490496204748005,-1.5792940057685652,0.31620643449557667,-0.4579217980726282,0.0770062794861944,1.0391650813994495,1.4352872776257914,12,carrot,light Loamy soil
49765,0.8110716651870262,1.4177413322789671,1.9374894828955906,-0.8975029591088394,-0.19033373889379193,-0.6490496204748005,-1.5792940057685652,0.31620643449557667,-0.34995561600425557,0.8813458516527314,1.5290993949735323,0.815774654146531,12,carrot,sandy Loamy soil
49783,0.8110716651870262,1.4177413322789671,1.9374894828955906,-0.8975029591088394,-0.9597134365709921,-0.6490496204748005,-1.664597443646405,0.31620643449557667,-0.4536031507898932,0.0296921870058096,0.9108489516538563,0.4258461205448789,12,carrot,sandy Loamy soil
49825,0.8110716651870262,1.4177413322789671,1.9374894828955906,-0.8975029591088394,-0.3442096784292314,-0.6490496204748005,-1.3233836921350457,0.31620643449557667,-0.40177938339707453,0.017863663885713716,1.0683278381598114,0.6517860185196681,12,carrot,sandy Loamy soil
49844,0.14217423302728616,1.4177413322789671,1.4291229942969927,-0.8975029591088394,-0.3442096784292314,-0.6490496204748005,-0.8115630648680069,0.31620643449557667,-0.2679013176322924,0.12432037196657879,1.7040759355357045,0.37118324200259123,12,carrot,light Loamy soil
49870,0.14217423302728616,1.4177413322789671,1.9374894828955906,-0.8975029591088394,-0.49808561796467227,-0.6490496204748005,-1.4598691927395895,0.31620643449557667,-0.4838336817690376,0.298791087987997,2.007368605843469,0.41855773673924046,12,carrot,light Loamy soil
49940,0.14217423302728616,1.4177413322789671,1.4291229942969927,-0.8975029591088394,0.11741814017708838,-0.6490496204748005,-1.4769298803151572,0.31620643449557667,-0.09515542632289622,0.5797185120902802,2.479805265361335,1.2202799553594597,12,carrot,light Loamy soil
49955,0.8110716651870262,1.4177413322789671,1.4291229942969927,-0.8975029591088394,0.11741814017708838,-0.6490496204748005,-1.238080254257206,0.31620643449557667,-0.3542742632869905,0.10953471806645862,0.7242073083875393,0.8084862703408926,12,carrot,sandy Loamy soil
49958,0.14217423302728616,1.4177413322789671,1.4291229942969927,-0.8975029591088394,-0.9597134365709921,-0.6490496204748005,-1.5281119430418613,0.31620643449557667,-0.19448431382579892,0.30470534954804473,2.403982097784394,1.4535082371398873,12,carrot,light Loamy soil
49961,0.8110716651870262,1.4177413322789671,1.4291229942969927,-0.8975029591088394,-0.8058374970355525,-0.6490496204748005,-0.8456844400191428,0.31620643449557667,-0.06492489534375176,0.6359039969107366,1.949043092322745,0.32016455536312305,12,carrot,sandy Loamy soil
49989,0.8110716651870262,1.4177413322789671,-1.1127094486959972,-0.8975029591088394,-0.8058374970355525,-0.6490496204748005,-0.9651092530481183,0.31620643449557667,-0.43200991437621866,0.6004184275504482,2.5206331248258422,1.2129915715538218,12,carrot,sandy Loamy soil
49990,0.14217423302728616,1.4177413322789671,1.9374894828955906,-0.8975029591088394,-0.19033373889379193,-0.6490496204748005,-0.9139271903214149,0.31620643449557667,-0.06492489534375176,0.8576888054125392,1.0216674273432325,1.4535082371398873,12,carrot,light Loamy soil
49992,0.14217423302728616,1.4177413322789671,-1.1127094486959972,-0.8975029591088394,-0.6519615575001118,-0.6490496204748005,-1.1698375039549345,0.31620643449557667,-0.33268102687331597,1.076516483134318,1.1849788652012596,0.44406708005897483,12,carrot,light Loamy soil
50046,-0.14449609504117386,1.4177413322789671,1.4291229942969927,-0.8975029591088394,-0.49808561796467227,-1.2083773910556452,-1.1015947536526622,0.31620643449557667,1.209076053063045,-0.18322122915592096,0.6367190381064531,-0.31028064382459497,4,beetroot,friable soil
50059,-0.14449609504117386,1.4177413322789671,-1.1127094486959972,-0.8975029591088394,-0.19033373889379193,-1.1649161115848363,-0.6580168766878955,0.31620643449557667,1.2306692894767197,-0.12112148277541598,0.263435751573819,0.05049435455450364,4,beetroot,friable soil
50064,-0.14449609504117386,1.4177413322789671,1.4291229942969927,-0.8975029591088394,-0.49808561796467227,-0.9098172972996538,-0.8456844400191428,0.31620643449557667,1.2004387584975753,0.15389167976681914,0.40341698402355675,-0.0005243320849648004,4,beetroot,friable soil
50100,-0.14449609504117386,1.4177413322789671,1.4291229942969927,-0.8975029591088394,-0.19033373889379193,-1.0345322731724098,-0.8627451275947109,0.31620643449557667,1.2263506421939845,-0.10337869809527195,-0.004861610621511978,-0.36494352236688266,4,beetroot,friable soil
50151,-0.14449609504117386,1.4177413322789671,1.4291229942969927,-0.8975029591088394,-0.036457799358352465,-1.191370803436633,-0.6409561891123273,0.31620643449557667,1.2047574057803099,0.48509032712951106,0.5259005624170775,-0.5107111984796497,4,beetroot,friable soil
50159,-0.14449609504117386,1.4177413322789671,1.9374894828955906,-0.8975029591088394,-0.9597134365709921,-1.091220898569117,-1.1186554412282304,0.31620643449557667,1.2306692894767197,-0.04423608249479126,-0.10984753495881562,-0.22646423005975397,4,beetroot,friable soil
50187,-0.14449609504117386,1.4177413322789671,1.4291229942969927,-0.8975029591088394,-0.49808561796467227,-1.1592472490451657,-0.8627451275947109,0.31620643449557667,1.1874828166493707,0.05039210246597793,-0.19733580523990177,-0.05883140253007171,4,beetroot,friable soil
50193,-0.14449609504117386,1.4177413322789671,1.4291229942969927,-0.8975029591088394,-0.3442096784292314,-1.0175256855533976,-0.8286237524435751,0.31620643449557667,1.1961201112148405,-0.1802640983758967,-0.4131402052665807,0.07235950597141877,4,beetroot,friable soil
50238,-0.14449609504117386,1.4177413322789671,1.4291229942969927,-0.8975029591088394,-0.8058374970355525,-0.887141847140971,-0.7262596269901671,0.31620643449557667,1.209076053063045,-0.11816435199539212,0.0651290056033567,-0.4852018551599157,4,beetroot,friable soil
50242,-0.14449609504117386,1.4177413322789671,-1.1127094486959972,-0.8975029591088394,0.27129407971252784,-0.9041484347599831,-0.9992306281992548,0.31620643449557667,1.2306692894767197,-0.20983540617613702,-0.16234049712746723,-0.19366650293438142,4,beetroot,friable soil
50287,-0.14449609504117386,1.4177413322789671,-1.1127094486959972,-0.8975029591088394,-0.19033373889379193,-1.0250841689396253,-0.9651092530481183,0.31620643449557667,1.1788455220839007,0.48509032712951106,0.3800867786152672,-0.06976397823852913,4,beetroot,friable soil
50339,-0.14449609504117386,1.4177413322789671,1.9374894828955906,-0.8975029591088394,-0.6519615575001118,-1.1630264907382795,-0.9821699406236866,0.31620643449557667,1.1745268748011661,-0.4316202146779396,-0.2731589728168429,-0.5908834203416719,4,beetroot,friable soil
50364,-0.14449609504117386,1.4177413322789671,1.4291229942969927,-0.8975029591088394,0.11741814017708838,-1.0326426523258527,-0.9480485654725508,0.31620643449557667,1.2177133476285151,-0.20687827539611314,-0.20316835659197385,-0.007812715890603261,4,beetroot,friable soil
50416,-0.14449609504117386,1.4177413322789671,-1.1127094486959972,-0.8975029591088394,-0.6519615575001118,-1.047759619098308,-0.9309878778969826,0.31620643449557667,1.209076053063045,0.05039210246597793,-0.19150325388782927,-0.4268947847148088,4,beetroot,friable soil
50425,-0.14449609504117386,1.4177413322789671,-1.1127094486959972,-0.8975029591088394,-0.6519615575001118,-0.9740644060825887,-1.0504126909259581,0.31620643449557667,1.165889580235696,0.21007716458727596,-0.23233111335233592,-0.14993620010055117,4,beetroot,friable soil
50441,-0.14449609504117386,1.4177413322789671,1.9374894828955906,-0.8975029591088394,-0.036457799358352465,-0.947609714230792,-1.0333520033503905,0.31620643449557667,1.2306692894767197,0.32836239578823734,0.6542166921626702,-0.43418316852044697,4,beetroot,friable soil
50452,-0.14449609504117386,1.4177413322789671,-1.1127094486959972,-0.8975029591088394,-0.19033373889379193,-0.8455701885167191,-0.7774416897168711,0.31620643449557667,1.157252285670226,-0.1654784444757765,-0.01069416197358447,-0.1790897353231045,4,beetroot,friable soil
50454,-0.14449609504117386,1.4177413322789671,1.4291229942969927,-0.8975029591088394,-0.49808561796467227,-0.9929606145481579,-0.8968665027458468,0.31620643449557667,1.2349879367594543,-0.19504975227601684,0.2459380975176015,-0.4961344308683731,4,beetroot,friable soil
50462,-0.14449609504117386,1.4177413322789671,1.9374894828955906,-0.8975029591088394,-0.19033373889379193,-0.9854021311619301,-0.7433203145657353,0.31620643449557667,1.209076053063045,-0.5262483996387088,0.22844044346138445,-0.32121321953305265,4,beetroot,friable soil
50491,-0.14449609504117386,1.4177413322789671,-1.1127094486959972,-0.8975029591088394,-0.19033373889379193,-0.8758041220616295,-0.8286237524435751,0.31620643449557667,1.2004387584975753,-0.2482781063164494,0.50840290836086,-0.03332205921033735,4,beetroot,friable soil
50502,-0.14449609504117386,1.4177413322789671,1.4291229942969927,-0.8975029591088394,0.27129407971252784,-1.1441302822727104,-0.7091989394145989,0.31620643449557667,1.1874828166493707,-0.42570595311789144,0.15261727588444285,-0.514355390382469,4,beetroot,friable soil
50536,-0.14449609504117386,1.4177413322789671,-1.1127094486959972,-0.8975029591088394,0.27129407971252784,-0.9816228894688164,-0.9309878778969826,0.31620643449557667,1.1615709329529609,0.3106196111080929,0.10595686506786374,-0.14993620010055117,4,beetroot,friable soil
50594,-0.14449609504117386,1.4177413322789671,1.9374894828955906,-0.8975029591088394,-0.6519615575001118,-1.0005190979343854,-0.7945023772924388,0.31620643449557667,1.2177133476285151,0.34906231124840525,0.47924015160049793,0.046850162651684416,4,beetroot,friable soil
50603,-0.14449609504117386,1.4177413322789671,1.9374894828955906,-0.8975029591088394,-0.19033373889379193,-1.0761039317966616,-0.7774416897168711,0.31620643449557667,1.1831641693666353,-0.03832182093474311,0.11762196777200873,-0.4378273604232662,4,beetroot,friable soil
50616,-0.14449609504117386,1.4177413322789671,1.4291229942969927,-0.8975029591088394,0.4251700192479687,-1.1686953532779503,-0.7433203145657353,0.31620643449557667,1.2047574057803099,0.02377792544576145,-0.34314958904171206,0.021340819331950322,4,beetroot,friable soil
50645,-0.14449609504117386,1.4177413322789671,1.9374894828955906,-0.8975029591088394,0.4251700192479687,-1.1781434575107348,-0.9139271903214149,0.31620643449557667,1.2220319949112497,-0.6149623230394298,0.3334263677986877,-0.36129933046406343,4,beetroot,friable soil
50646,-0.14449609504117386,1.4177413322789671,1.4291229942969927,-0.8975029591088394,-0.036457799358352465,-1.0666558275638771,-0.9139271903214149,0.31620643449557667,1.165889580235696,0.07109201792614625,0.08262665965957418,-0.25197357337948806,4,beetroot,friable soil
50656,-0.14449609504117386,1.4177413322789671,-1.1127094486959972,-0.8975029591088394,0.5790459587834081,-1.0779935526432187,-0.9992306281992548,0.31620643449557667,1.1615709329529609,-0.3369920297171704,0.6308864867543806,-0.062475594432890934,4,beetroot,friable soil
50677,-0.14449609504117386,1.4177413322789671,-1.1127094486959972,-0.8975029591088394,0.27129407971252784,-1.030753031479296,-1.0674733785015265,0.31620643449557667,1.2436252313249243,0.5235330272698234,-0.3664797944500016,-0.3321457952415101,4,beetroot,friable soil
50682,-0.14449609504117386,1.4177413322789671,1.4291229942969927,-0.8975029591088394,-0.036457799358352465,-1.0458699982517512,-1.1186554412282304,0.31620643449557667,1.2047574057803099,0.236691341607492,-0.2381636647044084,-0.20459907864283886,4,beetroot,friable soil
50746,-0.14449609504117386,1.4177413322789671,-1.1127094486959972,-0.8975029591088394,-0.49808561796467227,-1.1573576281986087,-0.9309878778969826,0.31620643449557667,1.1702082275184307,0.041520710125905906,0.4150820867277013,-0.5908834203416719,4,beetroot,friable soil
50754,-0.14449609504117386,1.4177413322789671,1.4291229942969927,-0.8975029591088394,-0.49808561796467227,-1.1857019408969622,-1.0845340660770946,0.31620643449557667,1.1615709329529609,0.10657758728643475,-0.45980061608316025,-0.18273392722592371,4,beetroot,friable soil
50794,-0.14449609504117386,1.4177413322789671,-1.1127094486959972,-0.8975029591088394,-0.3442096784292314,-1.215935874441873,-0.9139271903214149,0.31620643449557667,1.2047574057803099,0.10362045650641047,-0.31398683228135,-0.2009548867400196,4,beetroot,friable soil
50804,-0.14449609504117386,1.4177413322789671,1.9374894828955906,-0.8975029591088394,-0.8058374970355525,-0.9230446432255522,-0.7945023772924388,0.31620643449557667,1.1831641693666353,-0.31333498347697825,0.2576032002217465,-0.2592619571851265,4,beetroot,friable soil
50846,-0.14449609504117386,1.4177413322789671,1.9374894828955906,-0.8975029591088394,-0.49808561796467227,-1.1857019408969622,-1.0674733785015265,0.31620643449557667,1.2177133476285151,-0.4966770918384684,0.05346390289921213,-0.5398647337022033,4,beetroot,friable soil
50849,-0.14449609504117386,1.4177413322789671,1.9374894828955906,-0.8975029591088394,-0.3442096784292314,-1.0987793819553446,-0.9651092530481183,0.31620643449557667,1.209076053063045,0.05630636402602608,0.6250539354023081,-0.040610443015975814,4,beetroot,friable soil
50948,-0.14449609504117386,1.4177413322789671,1.9374894828955906,-0.8975029591088394,0.11741814017708838,-1.0269737897861821,-0.8627451275947109,0.31620643449557667,1.2047574057803099,0.4229905807490061,-0.34314958904171206,-0.5872392284388526,4,beetroot,friable soil
50966,-0.14449609504117386,1.4177413322789671,1.9374894828955906,-0.8975029591088394,-0.49808561796467227,-1.2045981493625315,-0.8115630648680069,0.31620643449557667,1.1615709329529609,-0.5735624921190934,-0.4131402052665807,0.024985011234769292,4,beetroot,friable soil
50981,-0.14449609504117386,1.4177413322789671,1.9374894828955906,-0.8975029591088394,-0.036457799358352465,-1.1441302822727104,-0.7091989394145989,0.31620643449557667,1.1615709329529609,-0.13590713667553617,0.1817800326448049,-0.14629200819773194,4,beetroot,friable soil
50984,-0.14449609504117386,1.4177413322789671,1.9374894828955906,-0.8975029591088394,-0.9597134365709921,-1.0534284816379789,-0.8286237524435751,0.31620643449557667,1.1961201112148405,0.5057902425896794,0.3509240218549051,-0.5835950365360334,4,beetroot,friable soil
51051,-1.482290959360654,1.4177413322789671,1.9374894828955906,-0.8975029591088394,-1.5752171947127527,-1.6694448776155306,-1.6987188187975408,0.31620643449557667,1.1399776965392863,-0.1743498368158485,0.17011492994066033,-0.4123180171035321,35,radish,Alluvial soil
51099,-1.482290959360654,1.4177413322789671,1.9374894828955906,-0.8975029591088394,0.27129407971252784,-1.6694448776155306,-2.4152676969713953,0.31620643449557667,1.0536047508845883,-0.2334924524163292,0.10595686506786374,-0.1535803920033704,35,radish,Alluvial soil
51102,1.4799690973467663,1.4177413322789671,1.9374894828955906,-0.8975029591088394,-0.3442096784292314,-1.6694448776155306,-1.4598691927395895,0.31620643449557667,1.2263506421939845,-0.011707643914526628,0.2984310596862531,-0.015101099696241462,35,radish,well-grained deep loamy moist soil
51131,-1.482290959360654,1.4177413322789671,-1.1127094486959972,-0.8975029591088394,-1.421341255177312,-1.6694448776155306,-1.596354693344133,0.31620643449557667,1.1097471655601425,-0.5262483996387088,0.6600492435147427,0.08693627358269543,35,radish,Alluvial soil
51144,1.4799690973467663,1.4177413322789671,1.9374894828955906,-0.8975029591088394,-1.1135893761064315,-1.6694448776155306,-1.5792940057685652,0.31620643449557667,1.1745268748011661,0.24556273394756403,0.0009709407305605154,0.01769662742913109,35,radish,well-grained deep loamy moist soil
51155,-1.482290959360654,1.4177413322789671,-1.1127094486959972,-0.8975029591088394,-1.729093134248192,-1.6694448776155306,-1.4769298803151572,0.31620643449557667,1.0967912237119373,-0.4138774299977956,-0.3081542809292775,-0.08434074584980605,35,radish,Alluvial soil
51175,-1.482290959360654,1.4177413322789671,1.4291229942969927,-0.8975029591088394,-1.5752171947127527,-1.6694448776155306,-1.186898191530502,0.31620643449557667,1.044967456319119,0.5117045041497271,-0.08651732955052564,0.024985011234769292,35,radish,Alluvial soil
51192,1.4799690973467663,1.4177413322789671,1.9374894828955906,-0.8975029591088394,-1.421341255177312,-1.6694448776155306,-1.5451726306174294,0.31620643449557667,1.21339470034578,0.4348191038691024,-0.08068477819845356,-0.3685877142697019,35,radish,well-grained deep loamy moist soil
51195,-1.482290959360654,1.4177413322789671,1.9374894828955906,-0.8975029591088394,-1.1135893761064315,-1.6694448776155306,-1.613415380919701,0.31620643449557667,1.1918014639321053,0.3017482187680209,0.6658817948668152,-0.21917584625411551,35,radish,Alluvial soil
51196,1.4799690973467663,1.4177413322789671,1.4291229942969927,-0.8975029591088394,-1.421341255177312,-1.6694448776155306,-2.0569932578844683,0.31620643449557667,1.2004387584975753,0.33427665734828504,0.6833794489230323,-0.23375261386539217,35,radish,well-grained deep loamy moist soil
51226,1.4799690973467663,1.4177413322789671,1.4291229942969927,-0.8975029591088394,0.27129407971252784,-1.6694448776155306,-1.1698375039549345,0.31620643449557667,1.1270217546910817,-0.05310747483486328,0.240105546165529,0.10515723309679133,35,radish,well-grained deep loamy moist soil
51265,-1.482290959360654,1.4177413322789671,1.4291229942969927,-0.8975029591088394,0.27129407971252784,-1.6694448776155306,-1.8863863821287885,0.31620643449557667,1.1745268748011661,0.0770062794861944,-0.4714657187873048,0.03227339504040776,35,radish,Alluvial soil
51294,1.4799690973467663,1.4177413322789671,1.9374894828955906,-0.8975029591088394,0.11741814017708838,-1.6694448776155306,-2.295842883942419,0.31620643449557667,1.131340401973817,-0.2541923678764975,0.6017237299940186,-0.11349428107235938,35,radish,well-grained deep loamy moist soil
51307,-1.482290959360654,1.4177413322789671,1.4291229942969927,-0.8975029591088394,-1.5752171947127527,-1.6694448776155306,-1.7328401939486768,0.31620643449557667,1.1745268748011661,-0.280806544896714,-0.44813551337901525,-0.1535803920033704,35,radish,Alluvial soil
51318,1.4799690973467663,1.4177413322789671,1.9374894828955906,-0.8975029591088394,-0.8058374970355525,-1.6694448776155306,-2.2276001336401476,0.31620643449557667,1.0751979872982627,-0.46119152247817996,0.10595686506786374,-0.4123180171035321,35,radish,well-grained deep loamy moist soil
51335,-1.482290959360654,1.4177413322789671,-1.1127094486959972,-0.8975029591088394,-1.2674653156418723,-1.6694448776155306,-2.381146321820259,0.31620643449557667,1.0320115144709137,-0.4552772609181318,0.006803492082632595,-0.4378273604232662,35,radish,Alluvial soil
51350,1.4799690973467663,1.4177413322789671,-1.1127094486959972,-0.8975029591088394,-0.9597134365709921,-1.6694448776155306,-2.4152676969713953,0.31620643449557667,1.1529336383874915,-0.20983540617613702,-0.09818243225467063,-0.5034228146740116,35,radish,well-grained deep loamy moist soil
51372,1.4799690973467663,1.4177413322789671,1.9374894828955906,-0.8975029591088394,0.27129407971252784,-1.6694448776155306,-2.176418070913444,0.31620643449557667,1.079516634580998,0.25739125706766036,0.39758443267148424,0.11973400070806799,35,radish,well-grained deep loamy moist soil
51415,-1.482290959360654,1.4177413322789671,1.4291229942969927,-0.8975029591088394,-1.421341255177312,-1.6694448776155306,-2.381146321820259,0.31620643449557667,1.0320115144709137,-0.2926350680168099,-0.43647041067487025,0.09786884929115286,35,radish,Alluvial soil
51422,1.4799690973467663,1.4177413322789671,-1.1127094486959972,-0.8975029591088394,-0.6519615575001118,-1.6694448776155306,-1.6475367560708372,0.31620643449557667,1.062242045450058,0.3756764882686217,0.6367190381064531,-0.3940970575894362,35,radish,well-grained deep loamy moist soil
51444,1.4799690973467663,1.4177413322789671,1.9374894828955906,-0.8975029591088394,-0.6519615575001118,-1.6694448776155306,-1.4257478175884537,0.31620643449557667,1.1874828166493707,0.5176187657097753,-0.21483345929611883,0.057782738360142104,35,radish,well-grained deep loamy moist soil
51480,1.4799690973467663,1.4177413322789671,1.9374894828955906,-0.8975029591088394,-1.421341255177312,-1.6694448776155306,-1.7328401939486768,0.31620643449557667,1.1788455220839007,0.1006633257263866,-0.3081542809292775,-0.5653740770219374,35,radish,well-grained deep loamy moist soil
51521,-1.482290959360654,1.4177413322789671,-1.1127094486959972,-0.8975029591088394,-0.6519615575001118,-1.6694448776155306,-1.186898191530502,0.31620643449557667,1.0536047508845883,0.18050585678703562,-0.3548146917458566,0.010408243623492632,35,radish,Alluvial soil
51563,-1.482290959360654,1.4177413322789671,-1.1127094486959972,-0.8975029591088394,-0.036457799358352465,-1.6694448776155306,-1.9887505075821963,0.31620643449557667,1.1227031074083471,0.31653387266814104,-0.05735457279016359,-0.41960640090917034,35,radish,Alluvial soil
51574,1.4799690973467663,1.4177413322789671,1.4291229942969927,-0.8975029591088394,-1.729093134248192,-1.6694448776155306,-1.4086871300128856,0.31620643449557667,1.036330161753649,0.147977418206771,0.07679410830750169,-0.10256170536390195,35,radish,well-grained deep loamy moist soil
51584,1.4799690973467663,1.4177413322789671,-1.1127094486959972,-0.8975029591088394,-1.1135893761064315,-1.6694448776155306,-2.2787821963668513,0.31620643449557667,1.2393065840421895,0.02377792544576145,0.22844044346138445,-0.21917584625411551,35,radish,well-grained deep loamy moist soil
51591,-1.482290959360654,1.4177413322789671,1.9374894828955906,-0.8975029591088394,0.11741814017708838,-1.6694448776155306,-2.2787821963668513,0.31620643449557667,1.2047574057803099,-0.2837636756767379,0.15844982723651535,-0.2301084219625732,35,radish,Alluvial soil
51638,1.4799690973467663,1.4177413322789671,-1.1127094486959972,-0.8975029591088394,0.27129407971252784,-1.6694448776155306,-1.9034470697043564,0.31620643449557667,1.1702082275184307,0.00012087920556925818,-0.13317774036710517,-0.35036675475560597,35,radish,well-grained deep loamy moist soil
51648,1.4799690973467663,1.4177413322789671,1.9374894828955906,-0.8975029591088394,-1.5752171947127527,-1.6694448776155306,-2.364085634244691,0.31620643449557667,1.1486149911047563,0.236691341607492,-0.33148448633756705,-0.3831644818809785,35,radish,well-grained deep loamy moist soil
51666,1.4799690973467663,1.4177413322789671,1.9374894828955906,-0.8975029591088394,-0.3442096784292314,-1.6694448776155306,-1.5622333181929973,0.31620643449557667,1.2306692894767197,0.1006633257263866,-0.4714657187873048,-0.2009548867400196,35,radish,well-grained deep loamy moist soil
51682,1.4799690973467663,1.4177413322789671,1.4291229942969927,-0.8975029591088394,-0.6519615575001118,-1.6694448776155306,-1.9716898200066284,0.31620643449557667,1.1831641693666353,0.2721769109677805,0.10012431371579124,-0.2738387247964032,35,radish,well-grained deep loamy moist soil
51758,1.4799690973467663,1.4177413322789671,-1.1127094486959972,-0.8975029591088394,-0.3442096784292314,-1.6694448776155306,-2.3129035715179875,0.31620643449557667,1.044967456319119,-0.12999287511548802,0.251770648869674,-0.1353594324892745,35,radish,well-grained deep loamy moist soil
51774,1.4799690973467663,1.4177413322789671,1.9374894828955906,-0.8975029591088394,-0.9597134365709921,-1.6694448776155306,-2.176418070913444,0.31620643449557667,1.1270217546910817,0.10362045650641047,0.23427299481345693,-0.05518721062725248,35,radish,well-grained deep loamy moist soil
51789,-1.482290959360654,1.4177413322789671,1.9374894828955906,-0.8975029591088394,-1.2674653156418723,-1.6694448776155306,-1.4257478175884537,0.31620643449557667,1.1011098709946725,-0.07676452107505546,-0.028191816029801538,0.07964788977705697,35,radish,Alluvial soil
51800,1.4799690973467663,1.4177413322789671,-1.1127094486959972,-0.8975029591088394,-0.49808561796467227,-1.6694448776155306,-2.4152676969713953,0.31620643449557667,1.0406488090363837,0.3549765728084534,0.2576032002217465,-0.22282003815693474,35,radish,well-grained deep loamy moist soil
51820,1.4799690973467663,1.4177413322789671,1.4291229942969927,-0.8975029591088394,-1.1135893761064315,-1.6694448776155306,-1.6987188187975408,0.31620643449557667,1.079516634580998,-0.11225009043534397,0.35675657320697723,-0.34672256285278674,35,radish,well-grained deep loamy moist soil
51822,1.4799690973467663,1.4177413322789671,1.9374894828955906,-0.8975029591088394,-0.036457799358352465,-1.6694448776155306,-2.0569932578844683,0.31620643449557667,1.0967912237119373,0.17459159522698744,0.15844982723651535,0.0832920816798762,35,radish,well-grained deep loamy moist soil
51849,-1.482290959360654,1.4177413322789671,1.9374894828955906,-0.8975029591088394,-1.421341255177312,-1.6694448776155306,-1.186898191530502,0.31620643449557667,1.0665606927327933,-0.62974797693955,0.09429176236371875,-0.12807104868363606,35,radish,Alluvial soil
51866,1.4799690973467663,1.4177413322789671,-1.1127094486959972,-0.8975029591088394,-1.1135893761064315,-1.6694448776155306,-1.2039588791060702,0.31620643449557667,1.1788455220839007,-0.35769194517733877,0.6833794489230323,-0.1353594324892745,35,radish,well-grained deep loamy moist soil
51972,1.4799690973467663,1.4177413322789671,1.9374894828955906,-0.8975029591088394,-0.19033373889379193,-1.6694448776155306,-1.5792940057685652,0.31620643449557667,1.21339470034578,-0.21574966773618517,0.6775468975709598,0.10880142499961055,35,radish,well-grained deep loamy moist soil
52006,1.3844123213239463,1.4177413322789671,1.9374894828955906,-0.8975029591088394,-0.3442096784292314,-0.23711227592539477,-0.4703493133566477,0.31620643449557667,0.7297062046794703,0.9611883827133805,-0.45396806473108775,0.10880142499961055,48,sweet potato,well-drained soil
52049,1.3844123213239463,1.4177413322789671,1.4291229942969927,1.114202454544477,-0.49808561796467227,-0.02547474111102105,0.17795681451493492,0.31620643449557667,0.617421375328363,0.05334923324600179,0.23427299481345693,-0.5471531175078416,48,sweet potato,well-drained soil
52056,1.3844123213239463,1.4177413322789671,-1.1127094486959972,-0.8975029591088394,-1.2674653156418723,0.06900630121682434,-0.4362279382055119,0.31620643449557667,0.6087840807628931,0.9730169058334768,0.15844982723651535,-0.22282003815693474,48,sweet potato,well-drained soil
52058,1.3844123213239463,1.4177413322789671,1.4291229942969927,-0.8975029591088394,-0.49808561796467227,0.06711668037026754,-0.1973783121475601,0.31620643449557667,0.6001467861974232,0.1686773336669393,-0.3606472430979291,0.11608980880524876,48,sweet potato,well-drained soil
52085,1.3844123213239463,1.4177413322789671,1.4291229942969927,1.114202454544477,-0.8058374970355525,0.180493931163682,-0.5044706885077835,0.31620643449557667,0.6131027280456284,0.7926319282520105,0.251770648869674,-0.10985008916954016,48,sweet potato,well-drained soil
52124,1.3844123213239463,1.4177413322789671,1.4291229942969927,-0.8975029591088394,-1.1135893761064315,-0.2673462094703052,-0.4191672506299437,0.31620643449557667,0.6087840807628931,0.6211183430106165,-0.3664797944500016,-0.33578998714432934,48,sweet potato,well-drained soil
52155,1.3844123213239463,1.4177413322789671,-1.1127094486959972,1.114202454544477,-1.2674653156418723,0.010428054973560306,-0.5897741263856233,0.31620643449557667,0.7512994410931448,0.576761381310256,0.15261727588444285,-0.03332205921033735,48,sweet potato,well-drained soil
52182,1.3844123213239463,1.4177413322789671,-1.1127094486959972,-0.8975029591088394,-1.1135893761064315,0.07089592206338113,0.041471313910391105,0.31620643449557667,0.7599367356586147,0.8961315055528516,-0.13901029171917767,-0.37587609807534034,48,sweet potato,well-drained soil
52183,1.3844123213239463,1.4177413322789671,1.9374894828955906,1.114202454544477,-1.2674653156418723,-0.30324900555488654,-0.3338638127521039,0.31620643449557667,0.7426621465276756,0.6625181739309531,-0.08651732955052564,-0.3940970575894362,48,sweet potato,well-drained soil
52197,1.3844123213239463,1.4177413322789671,-1.1127094486959972,1.114202454544477,-1.421341255177312,-0.14263123359754937,0.07559268906152691,0.31620643449557667,0.7167502628312657,0.3638479651485254,0.3217612650945431,0.11973400070806799,48,sweet potato,well-drained soil
52228,1.3844123213239463,1.4177413322789671,1.9374894828955906,-0.8975029591088394,-0.3442096784292314,0.1483703767722145,0.09265337663709511,0.31620643449557667,0.7081129682657958,0.3579337035884777,-0.3898099998582912,-0.5799508446332141,48,sweet potato,well-drained soil
52234,1.3844123213239463,1.4177413322789671,1.9374894828955906,-0.8975029591088394,-1.2674653156418723,-0.0009096701057813012,-0.29974243760096814,0.31620643449557667,0.7815299720722894,0.2041629030272278,0.04179880019506714,-0.09162912965544426,48,sweet potato,well-drained soil
52268,1.3844123213239463,1.4177413322789671,1.4291229942969927,-0.8975029591088394,0.11741814017708838,-0.21065758407359794,-0.09501418669415271,0.31620643449557667,0.7253875573967357,0.45551901932927075,0.3159287137424706,-0.11349428107235938,48,sweet potato,well-drained soil
52299,1.3844123213239463,1.4177413322789671,-1.1127094486959972,1.114202454544477,-0.49808561796467227,0.1086883389945193,-0.2485603748742641,0.31620643449557667,0.6994756737003265,1.1238305756147025,-0.13317774036710517,-0.30663645192177574,48,sweet potato,well-drained soil
52301,1.3844123213239463,1.4177413322789671,1.4291229942969927,1.114202454544477,-1.421341255177312,0.027434642592572313,-0.2144389997231283,0.31620643449557667,0.626058669893833,0.7778462743518902,-0.45396806473108775,-0.5617298851191183,48,sweet potato,well-drained soil
52315,1.3844123213239463,1.4177413322789671,1.9374894828955906,1.114202454544477,-0.036457799358352465,0.027434642592572313,0.05853200148595931,0.31620643449557667,0.6822010845693867,0.3431480496883575,-0.20900090794404635,-0.12807104868363606,48,sweet potato,well-drained soil
52327,1.3844123213239463,1.4177413322789671,1.9374894828955906,1.114202454544477,-0.9597134365709921,-0.05381905380937466,-0.2485603748742641,0.31620643449557667,0.6606078481557122,0.6152040814505684,-0.40730765391450824,-0.5435089256050223,48,sweet potato,well-drained soil
52422,1.3844123213239463,1.4177413322789671,-1.1127094486959972,-0.8975029591088394,-1.1135893761064315,-0.24467075931162222,0.17795681451493492,0.31620643449557667,0.617421375328363,0.8310746283923232,0.28676595698210855,-0.04425463491879505,48,sweet potato,well-drained soil
52451,1.3844123213239463,1.4177413322789671,1.4291229942969927,1.114202454544477,-1.2674653156418723,0.025545021746015514,-0.009710748816312897,0.31620643449557667,0.6390146117420376,0.7098322664113376,0.22260789210931195,-0.007812715890603261,48,sweet potato,well-drained soil
52509,1.3844123213239463,1.4177413322789671,-1.1127094486959972,1.114202454544477,-0.036457799358352465,-0.3259244557135695,-0.6238955015367591,0.31620643449557667,0.7556180883758802,0.5797185120902802,-0.03985691873394653,-0.5362205417993842,48,sweet potato,well-drained soil
52519,1.3844123213239463,1.4177413322789671,1.9374894828955906,1.114202454544477,-0.036457799358352465,0.15403923931188518,-0.0779534991185845,0.31620643449557667,0.7037943209830612,1.1415733602948468,-0.2439962160564809,-0.594527612244491,48,sweet potato,well-drained soil
52540,1.3844123213239463,1.4177413322789671,1.9374894828955906,-0.8975029591088394,-0.3442096784292314,-0.1369623710578787,-0.2826817500253999,0.31620643449557667,0.6735637900039168,0.3401909189083332,0.047631351547139635,-0.5653740770219374,48,sweet potato,well-drained soil
52569,1.3844123213239463,1.4177413322789671,-1.1127094486959972,1.114202454544477,0.11741814017708838,-0.10105957497329736,-0.40210656305437614,0.31620643449557667,0.6735637900039168,0.6092898198905206,0.3800867786152672,-0.2301084219625732,48,sweet potato,well-drained soil
52589,1.3844123213239463,1.4177413322789671,1.4291229942969927,1.114202454544477,-0.8058374970355525,-0.027364361957577847,-0.11207487426972029,0.31620643449557667,0.626058669893833,0.7601034896717462,0.030133697490922567,-0.42325059281198957,48,sweet potato,well-drained soil
52613,1.3844123213239463,1.4177413322789671,1.4291229942969927,1.114202454544477,-0.3442096784292314,-0.3070282472480004,-0.2826817500253999,0.31620643449557667,0.7901672666377593,1.0617308292341978,0.5492307678253671,-0.5107111984796497,48,sweet potato,well-drained soil
52635,1.3844123213239463,1.4177413322789671,-1.1127094486959972,1.114202454544477,-0.8058374970355525,-0.05759829550248853,0.1097140642126627,0.31620643449557667,0.6303773171765676,0.2721769109677805,0.6775468975709598,-0.33578998714432934,48,sweet potato,well-drained soil
52660,1.3844123213239463,1.4177413322789671,1.9374894828955906,-0.8975029591088394,-0.3442096784292314,-0.30135938470832946,0.12677475178823092,0.31620643449557667,0.6519705535902421,0.45551901932927075,-0.3956425512103636,-0.55444150131348,48,sweet potato,well-drained soil
52703,1.3844123213239463,1.4177413322789671,1.4291229942969927,1.114202454544477,-0.9597134365709921,-0.0632671580421592,0.024410626334822903,0.31620643449557667,0.7081129682657958,0.5353615503899197,0.23427299481345693,-0.026033675404699152,48,sweet potato,well-drained soil
52726,1.3844123213239463,1.4177413322789671,1.9374894828955906,-0.8975029591088394,-0.19033373889379193,-0.18231327137524433,-0.026771436391880492,0.31620643449557667,0.6001467861974232,0.5945041659904005,0.1351196218282258,-0.5872392284388526,48,sweet potato,well-drained soil
52736,1.3844123213239463,1.4177413322789671,1.4291229942969927,-0.8975029591088394,0.11741814017708838,0.1332534099997593,-0.29974243760096814,0.31620643449557667,0.721068910114001,0.8576888054125392,-0.016526713325656965,0.061426930262961074,48,sweet potato,well-drained soil
52744,1.3844123213239463,1.4177413322789671,1.9374894828955906,-0.8975029591088394,-0.9597134365709921,-0.16719630460278911,-0.35092450032767214,0.31620643449557667,0.6087840807628931,1.1090449217145821,-0.4306378593227982,-0.12078266487799784,48,sweet potato,well-drained soil
52747,1.3844123213239463,1.4177413322789671,1.9374894828955906,1.114202454544477,-0.8058374970355525,-0.08972184989395601,0.17795681451493492,0.31620643449557667,0.7556180883758802,1.0883450062544138,0.5725609732336566,0.09786884929115286,48,sweet potato,well-drained soil
52795,1.3844123213239463,1.4177413322789671,1.9374894828955906,1.114202454544477,-0.9597134365709921,-0.3372621807929108,-0.1291355618452885,0.31620643449557667,0.6649264954384467,0.11249184884648249,-0.10401498360674312,-0.10620589726672092,48,sweet potato,well-drained soil
52827,1.3844123213239463,1.4177413322789671,-1.1127094486959972,1.114202454544477,-1.2674653156418723,0.025545021746015514,-0.5215313760833518,0.31620643449557667,0.6692451427211821,0.09474906416633845,0.5492307678253671,-0.5362205417993842,48,sweet potato,well-drained soil
52840,1.3844123213239463,1.4177413322789671,1.9374894828955906,-0.8975029591088394,-0.6519615575001118,0.180493931163682,-0.0608928115430169,0.31620643449557667,0.7728926775068193,1.08538787547439,-0.1856707025357568,-0.05518721062725248,48,sweet potato,well-drained soil
52915,1.3844123213239463,1.4177413322789671,1.9374894828955906,1.114202454544477,-0.8058374970355525,-0.18987175476147206,-0.5385920636589193,0.31620643449557667,0.7253875573967357,0.008992271545641278,-0.261493870112698,-0.2738387247964032,48,sweet potato,well-drained soil
52939,1.3844123213239463,1.4177413322789671,1.9374894828955906,1.114202454544477,0.11741814017708838,-0.031143603650691715,-0.4191672506299437,0.31620643449557667,0.7469807938104102,0.5442329427299918,-0.08651732955052564,-0.4013854413950744,48,sweet potato,well-drained soil
52953,1.3844123213239463,1.4177413322789671,-1.1127094486959972,1.114202454544477,-1.421341255177312,-0.16341706290967525,-0.5385920636589193,0.31620643449557667,0.7642553829413501,0.9079600286729479,-0.004861610621511978,-0.5398647337022033,48,sweet potato,well-drained soil
52971,1.3844123213239463,1.4177413322789671,-1.1127094486959972,1.114202454544477,-0.9597134365709921,0.10490909730140568,-0.6238955015367591,0.31620643449557667,0.6735637900039168,1.0380737829940057,-0.028191816029801538,-0.5726624608275759,48,sweet potato,well-drained soil
52995,1.3844123213239463,1.4177413322789671,-1.1127094486959972,1.114202454544477,-0.036457799358352465,0.15025999761877132,0.024410626334822903,0.31620643449557667,0.8117605030514338,0.7748891435718663,0.15844982723651535,-0.08798493775262503,48,sweet potato,well-drained soil
53037,0.5244013371185662,1.4177413322789671,1.4291229942969927,1.114202454544477,0.27129407971252784,3.5534671422677615,0.502109878450726,0.31620643449557667,-0.5702066274237357,-0.3990917760976754,0.15844982723651535,-0.22282003815693474,49,tapoica,red lateritic Loamy soil
53059,0.5244013371185662,1.4177413322789671,-1.1127094486959972,1.114202454544477,-0.8058374970355525,3.440089891474347,0.4509278157240219,0.31620643449557667,-0.6997660459057828,0.44369049620917445,0.1409521731802983,0.03956177884604621,49,tapoica,red lateritic Loamy soil
53064,0.5244013371185662,1.4177413322789671,1.4291229942969927,-0.8975029591088394,0.27129407971252784,3.400407853696653,0.604474003904134,0.31620643449557667,-0.881149231780649,-0.0974644365352238,-0.20316835659197385,-0.029677867307518382,49,tapoica,red lateritic Loamy soil
53068,0.5244013371185662,1.4177413322789671,-1.1127094486959972,-0.8975029591088394,-1.1135893761064315,3.3248230198343767,0.1950175020905025,0.31620643449557667,-0.5140642127481821,0.27809117252782867,0.39175188131941174,-0.4669808956458198,49,tapoica,red lateritic Loamy soil
53072,0.5244013371185662,1.4177413322789671,1.9374894828955906,-0.8975029591088394,0.11741814017708838,3.326712640680933,0.43386712814845435,0.31620643449557667,-0.5270201545963867,0.19824864146717966,0.11762196777200873,-0.30663645192177574,49,tapoica,red lateritic Loamy soil
53165,0.5244013371185662,1.4177413322789671,1.9374894828955906,1.114202454544477,0.11741814017708838,3.2700240152842257,0.31444231511947873,0.31620643449557667,-0.781820344277746,0.18346298756705948,-0.3781448971541462,-0.2957038762133183,49,tapoica,red lateritic Loamy soil
53168,0.5244013371185662,1.4177413322789671,1.9374894828955906,-0.8975029591088394,-0.036457799358352465,3.3002579488291364,0.09265337663709511,0.31620643449557667,-0.7386338714503969,-0.5144198765186127,0.49090525430464294,-0.59817180414731,49,tapoica,red lateritic Loamy soil
53211,0.5244013371185662,1.4177413322789671,1.4291229942969927,1.114202454544477,-1.5752171947127527,3.3512777116861727,0.5362312536018617,0.31620643449557667,-0.734315224167662,-0.4878056994983964,0.5608958705295116,-0.19731069483720037,49,tapoica,red lateritic Loamy soil
53212,0.5244013371185662,1.4177413322789671,-1.1127094486959972,-0.8975029591088394,-1.421341255177312,3.2038872856547336,0.09265337663709511,0.31620643449557667,-0.6479422785129639,0.37863361904864556,0.047631351547139635,0.04320597074886519,49,tapoica,red lateritic Loamy soil
53231,0.5244013371185662,1.4177413322789671,1.9374894828955906,1.114202454544477,-0.036457799358352465,3.443869133167462,0.7068381293575413,0.31620643449557667,-0.6393049839474942,0.2633055186277085,0.047631351547139635,0.010408243623492632,49,tapoica,red lateritic Loamy soil
53236,0.5244013371185662,1.4177413322789671,-1.1127094486959972,-0.8975029591088394,-1.5752171947127527,3.3550569533792864,0.12677475178823092,0.31620643449557667,-0.6608982203611689,-0.1891354907159687,-0.25566131876062587,-0.4378273604232662,49,tapoica,red lateritic Loamy soil
53266,0.5244013371185662,1.4177413322789671,-1.1127094486959972,-0.8975029591088394,-0.8058374970355525,3.0470487553905112,0.21207818966607073,0.31620643449557667,-0.5486133910100612,-0.020579036254599066,0.16428237858858785,-0.45969251184018134,49,tapoica,red lateritic Loamy soil
53269,0.5244013371185662,1.4177413322789671,-1.1127094486959972,1.114202454544477,0.4251700192479687,3.347498469993059,0.17795681451493492,0.31620643449557667,-0.881149231780649,0.07404914870617012,0.1934451353489499,-0.3175690276302334,49,tapoica,red lateritic Loamy soil
53375,0.5244013371185662,1.4177413322789671,1.9374894828955906,1.114202454544477,-0.8058374970355525,3.4533172374002463,0.7068381293575413,0.31620643449557667,-0.7602271078640715,-0.2630637602165696,0.3159287137424706,-0.2118874624484773,49,tapoica,red lateritic Loamy soil
53376,0.5244013371185662,1.4177413322789671,1.4291229942969927,-0.8975029591088394,0.4251700192479687,3.243569323432429,0.26326025239277473,0.31620643449557667,-0.6608982203611689,0.1686773336669393,-0.4131402052665807,-0.6018159960501293,49,tapoica,red lateritic Loamy soil
53413,0.5244013371185662,1.4177413322789671,-1.1127094486959972,1.114202454544477,-1.1135893761064315,3.464654962479587,0.1438354393637991,0.31620643449557667,-0.6263490420992894,-0.1743498368158485,-0.01069416197358447,-0.19002231103156217,49,tapoica,red lateritic Loamy soil
53420,0.5244013371185662,1.4177413322789671,1.9374894828955906,-0.8975029591088394,-0.036457799358352465,3.14530903941147,0.655656066630838,0.31620643449557667,-0.5399760964445913,-0.32516350659707455,0.09429176236371875,-0.2373968057682114,49,tapoica,red lateritic Loamy soil
53424,0.5244013371185662,1.4177413322789671,1.4291229942969927,-0.8975029591088394,0.4251700192479687,3.264355152744556,0.4168064405728861,0.31620643449557667,-0.6781728094921083,0.3431480496883575,0.6250539354023081,-0.03696625111315659,49,tapoica,red lateritic Loamy soil
53432,0.5244013371185662,1.4177413322789671,1.9374894828955906,-0.8975029591088394,-0.036457799358352465,3.5893699383523434,0.1950175020905025,0.31620643449557667,-0.8034135806914205,-0.1773069675958728,0.5608958705295116,-0.00416852398778403,49,tapoica,red lateritic Loamy soil
53449,0.5244013371185662,1.4177413322789671,-1.1127094486959972,1.114202454544477,0.4251700192479687,3.475992687558929,0.655656066630838,0.31620643449557667,-0.8034135806914205,-0.09155017497517565,0.6133888326981636,-0.21917584625411551,49,tapoica,red lateritic Loamy soil
53485,0.5244013371185662,1.4177413322789671,-1.1127094486959972,1.114202454544477,-1.729093134248192,3.2738032569773403,0.05853200148595931,0.31620643449557667,-0.8984238209115886,-0.2127925369561613,0.5667284218815841,-0.40502963329789365,49,tapoica,red lateritic Loamy soil
53503,0.5244013371185662,1.4177413322789671,-1.1127094486959972,1.114202454544477,-0.49808561796467227,3.494888896024498,0.3656243778461821,0.31620643449557667,-0.734315224167662,0.3845478806086937,-0.4656331674352323,-0.05518721062725248,49,tapoica,red lateritic Loamy soil
53514,0.5244013371185662,1.4177413322789671,1.4291229942969927,-0.8975029591088394,-1.2674653156418723,3.173653352109824,0.09265337663709511,0.31620643449557667,-0.8509187008015046,-0.23940671397637736,-0.43647041067487025,-0.28112710860204165,49,tapoica,red lateritic Loamy soil
53564,0.5244013371185662,1.4177413322789671,1.9374894828955906,-0.8975029591088394,-0.036457799358352465,3.3437192282999457,0.5703526287529982,0.31620643449557667,-0.8422814062360346,0.3431480496883575,0.3392589191507602,-0.34672256285278674,49,tapoica,red lateritic Loamy soil
53571,0.5244013371185662,1.4177413322789671,1.4291229942969927,1.114202454544477,-0.3442096784292314,3.115075105866559,0.43386712814845435,0.31620643449557667,-0.881149231780649,-0.4345773454579639,-0.09818243225467063,-0.4815576632570964,49,tapoica,red lateritic Loamy soil
53630,0.5244013371185662,1.4177413322789671,1.9374894828955906,-0.8975029591088394,0.11741814017708838,3.464654962479587,0.05853200148595931,0.31620643449557667,-0.7990949334086855,-0.32516350659707455,0.08262665965957418,0.10880142499961055,49,tapoica,red lateritic Loamy soil
53647,0.5244013371185662,1.4177413322789671,-1.1127094486959972,1.114202454544477,-0.9597134365709921,3.188770318882279,0.6215346914797015,0.31620643449557667,-0.8509187008015046,-0.26010662943654567,-0.4714657187873048,-0.5726624608275759,49,tapoica,red lateritic Loamy soil
53655,0.5244013371185662,1.4177413322789671,1.4291229942969927,1.114202454544477,0.4251700192479687,3.107516622480332,0.26326025239277473,0.31620643449557667,-0.825006817105095,0.0770062794861944,-0.4306378593227982,-0.28112710860204165,49,tapoica,red lateritic Loamy soil
53672,0.5244013371185662,1.4177413322789671,1.9374894828955906,-0.8975029591088394,-1.1135893761064315,3.0413798928508404,0.7068381293575413,0.31620643449557667,-0.5270201545963867,-0.30150646035688233,-0.004861610621511978,-0.4852018551599157,49,tapoica,red lateritic Loamy soil
53684,0.5244013371185662,1.4177413322789671,1.9374894828955906,-0.8975029591088394,-0.49808561796467227,3.0546072387767382,0.6897774417819738,0.31620643449557667,-0.6522609257956988,0.3756764882686217,-0.3489821403937841,0.0650711221657803,49,tapoica,red lateritic Loamy soil
53688,0.5244013371185662,1.4177413322789671,1.4291229942969927,-0.8975029591088394,-1.2674653156418723,3.596928421738571,0.502109878450726,0.31620643449557667,-0.8120508752568905,0.06222062558607423,0.1817800326448049,-0.41596220900635106,49,tapoica,red lateritic Loamy soil
53758,0.5244013371185662,1.4177413322789671,-1.1127094486959972,-0.8975029591088394,-0.6519615575001118,3.593149180045457,0.43386712814845435,0.31620643449557667,-0.6177117475338197,0.33427665734828504,0.5317331137691496,-0.4852018551599157,49,tapoica,red lateritic Loamy soil
53795,0.5244013371185662,1.4177413322789671,1.9374894828955906,1.114202454544477,0.27129407971252784,3.3531673325327302,0.6215346914797015,0.31620643449557667,-0.8034135806914205,-0.08859304419515178,-0.3548146917458566,-0.24468518957384985,49,tapoica,red lateritic Loamy soil
53806,0.5244013371185662,1.4177413322789671,-1.1127094486959972,-0.8975029591088394,-0.3442096784292314,3.479771929252043,0.46798850329959013,0.31620643449557667,-0.786138991560481,-0.6001766691393097,0.240105546165529,0.09058046548551466,49,tapoica,red lateritic Loamy soil
53831,0.5244013371185662,1.4177413322789671,1.9374894828955906,1.114202454544477,-1.1135893761064315,3.0867307931682055,0.1950175020905025,0.31620643449557667,-0.6911287513403129,-0.4759771763783001,0.11762196777200873,-0.09162912965544426,49,tapoica,red lateritic Loamy soil
53878,0.5244013371185662,1.4177413322789671,-1.1127094486959972,-0.8975029591088394,0.11741814017708838,3.385290886924197,0.33150300269504634,0.31620643449557667,-0.6306676893820243,-0.26010662943654567,-0.4189727566186532,-0.5471531175078416,49,tapoica,red lateritic Loamy soil
53892,0.5244013371185662,1.4177413322789671,1.4291229942969927,-0.8975029591088394,0.27129407971252784,3.415524820469108,0.22913887724163892,0.31620643449557667,-0.7645457551468064,-0.44936299935808405,0.36258912455904974,-0.4669808956458198,49,tapoica,red lateritic Loamy soil
53954,0.5244013371185662,1.4177413322789671,1.9374894828955906,-0.8975029591088394,-0.3442096784292314,3.2227834941203026,0.26326025239277473,0.31620643449557667,-0.8725119372151791,0.387505011388718,0.3334263677986877,-0.5690182689247567,49,tapoica,red lateritic Loamy soil
53962,0.5244013371185662,1.4177413322789671,-1.1127094486959972,-0.8975029591088394,-0.6519615575001118,3.0659449638560803,0.604474003904134,0.31620643449557667,-0.6911287513403129,0.2721769109677805,0.024301146138850073,-0.0770523620441676,49,tapoica,red lateritic Loamy soil
53999,0.5244013371185662,1.4177413322789671,1.9374894828955906,1.114202454544477,-1.2674653156418723,3.598818042585128,0.48504919087515835,0.31620643449557667,-0.8509187008015046,-0.200964013836065,-0.31981938363342205,0.0650711221657803,49,tapoica,red lateritic Loamy soil
54013,0.6199581131413862,1.4177413322789671,1.4291229942969927,1.114202454544477,-0.8058374970355525,2.468824776344097,1.6792973211649156,0.9981854826037999,0.5180924878254604,-0.3162921142570025,0.48507270295257043,-0.051543018724433246,21,elephant foot yam,rich red Loamy soil
54121,0.6199581131413862,1.4177413322789671,1.4291229942969927,1.114202454544477,-0.49808561796467227,2.468824776344097,0.07559268906152691,1.3989534170476445,0.5094551932599904,-0.32516350659707455,0.6192213840502357,-0.36494352236688266,21,elephant foot yam,rich red Loamy soil
54150,0.6199581131413862,1.4177413322789671,1.9374894828955906,-0.8975029591088394,-0.49808561796467227,2.468824776344097,1.5939938832870757,0.6162210857003879,0.4489941313017015,-0.5380769227588049,0.2051102380530949,-0.31028064382459497,21,elephant foot yam,rich red Loamy soil
54167,0.6199581131413862,1.4177413322789671,-1.1127094486959972,1.114202454544477,-0.8058374970355525,2.468824776344097,0.26326025239277473,1.329632912980677,0.49649925141178586,-0.5972195383592855,0.3509240218549051,-0.5726624608275759,21,elephant foot yam,rich red Loamy soil
54173,0.6199581131413862,1.4177413322789671,-1.1127094486959972,1.114202454544477,-1.5752171947127527,2.468824776344097,0.5362312536018617,1.582779045241425,0.5699162552182794,-0.3310777681571227,0.11178941641993623,-0.05883140253007171,21,elephant foot yam,rich red Loamy soil
54191,0.6199581131413862,1.4177413322789671,-1.1127094486959972,1.114202454544477,-0.3442096784292314,2.468824776344097,1.5428118205603711,1.1427201368324975,0.574234902501014,-0.08859304419515178,0.44424484348806337,-0.23375261386539217,21,elephant foot yam,rich red Loamy soil
54282,0.6199581131413862,1.4177413322789671,1.9374894828955906,-0.8975029591088394,-0.19033373889379193,2.468824776344097,1.4404476951069645,0.8707704670313168,0.4360381894534969,0.008992271545641278,-0.16817304847953973,0.05413854645732288,21,elephant foot yam,rich red Loamy soil
54306,0.6199581131413862,1.4177413322789671,1.9374894828955906,-0.8975029591088394,0.11741814017708838,2.468824776344097,1.5428118205603711,1.5878307418940782,0.41444495303982243,-0.06493599795495958,0.4209146380797738,-0.06611978633571017,21,elephant foot yam,rich red Loamy soil
54328,0.6199581131413862,1.4177413322789671,1.4291229942969927,-0.8975029591088394,-0.9597134365709921,2.468824776344097,0.48504919087515835,1.7009326169507102,0.5440043715218695,0.46439041166934275,-0.1856707025357568,0.024985011234769292,21,elephant foot yam,rich red Loamy soil
54362,0.6199581131413862,1.4177413322789671,-1.1127094486959972,-0.8975029591088394,-0.9597134365709921,2.468824776344097,0.17795681451493492,1.2894999895734853,0.531048429673665,-0.08267878263510363,0.2984310596862531,0.11608980880524876,21,elephant foot yam,rich red Loamy soil
54372,0.6199581131413862,1.4177413322789671,1.9374894828955906,-0.8975029591088394,-0.036457799358352465,2.468824776344097,0.26326025239277473,1.0829417264427645,0.4446754840189669,-0.10633582887529582,0.2459380975176015,-0.47062508754863874,21,elephant foot yam,rich red Loamy soil
54429,0.6199581131413862,1.4177413322789671,1.9374894828955906,1.114202454544477,-1.1135893761064315,2.468824776344097,0.7750808796598135,0.8393376878592511,0.5440043715218695,0.5442329427299918,-0.05152202143809151,0.07235950597141877,21,elephant foot yam,rich red Loamy soil
54450,0.6199581131413862,1.4177413322789671,1.9374894828955906,-0.8975029591088394,-1.2674653156418723,2.468824776344097,0.55329194117743,1.5802531969150986,0.4317195421707623,0.38159074982866986,-0.45396806473108775,0.11973400070806799,21,elephant foot yam,rich red Loamy soil
54468,0.6199581131413862,1.4177413322789671,1.9374894828955906,-0.8975029591088394,-0.036457799358352465,2.468824776344097,0.7921415672353811,1.0200761680986317,0.4317195421707623,-0.3310777681571227,0.4967378056567154,-0.4268947847148088,21,elephant foot yam,rich red Loamy soil
54517,0.6199581131413862,1.4177413322789671,1.4291229942969927,1.114202454544477,0.4251700192479687,2.468824776344097,1.4233870075313961,0.4312728582504621,0.48786195684631595,0.4377762346491263,0.23427299481345693,-0.5799508446332141,21,elephant foot yam,rich red Loamy soil
54551,0.6199581131413862,1.4177413322789671,-1.1127094486959972,1.114202454544477,-0.3442096784292314,2.468824776344097,1.30396219450242,1.0228826662389947,0.565597607935544,0.5501472042900399,-0.15067539442332223,0.05049435455450364,21,elephant foot yam,rich red Loamy soil
54554,0.6199581131413862,1.4177413322789671,-1.1127094486959972,-0.8975029591088394,-0.036457799358352465,2.468824776344097,1.6792973211649156,0.4559700418856569,0.5871908443492186,0.05630636402602608,0.15261727588444285,-0.05518721062725248,21,elephant foot yam,rich red Loamy soil
54557,0.6199581131413862,1.4177413322789671,-1.1127094486959972,1.114202454544477,0.27129407971252784,2.468824776344097,1.0651125684444687,1.125600498176283,0.41444495303982243,0.4614332808893189,0.39175188131941174,-0.594527612244491,21,elephant foot yam,rich red Loamy soil
54586,0.6199581131413862,1.4177413322789671,1.4291229942969927,-0.8975029591088394,0.11741814017708838,2.468824776344097,1.4916297578336677,1.5241232341078375,0.565597607935544,-0.020579036254599066,0.5608958705295116,-0.3722319061725211,21,elephant foot yam,rich red Loamy soil
54592,0.6199581131413862,1.4177413322789671,1.4291229942969927,-0.8975029591088394,-0.3442096784292314,2.468824776344097,0.9968698181421971,0.7402683035044346,0.49649925141178586,0.17459159522698744,0.6308864867543806,-0.5362205417993842,21,elephant foot yam,rich red Loamy soil
54608,0.6199581131413862,1.4177413322789671,-1.1127094486959972,-0.8975029591088394,-0.3442096784292314,2.468824776344097,0.12677475178823092,1.6784806318278056,0.5353670769563996,0.5501472042900399,-0.4714657187873048,-0.27019453289358397,21,elephant foot yam,rich red Loamy soil
54631,0.6199581131413862,1.4177413322789671,1.4291229942969927,1.114202454544477,0.4251700192479687,2.468824776344097,0.6385953790552698,1.132055443899118,0.5699162552182794,0.2721769109677805,0.39758443267148424,-0.5908834203416719,21,elephant foot yam,rich red Loamy soil
54634,0.6199581131413862,1.4177413322789671,1.4291229942969927,-0.8975029591088394,-0.6519615575001118,2.468824776344097,0.4509278157240219,0.9229713324420701,0.427400894888027,-0.46414865325820426,0.3159287137424706,0.01769662742913109,21,elephant foot yam,rich red Loamy soil
54640,0.6199581131413862,1.4177413322789671,1.4291229942969927,-0.8975029591088394,-0.036457799358352465,2.468824776344097,0.8945056926887891,1.504758396939332,0.4187636003225577,0.2633055186277085,-0.2964891782251325,0.028629203137588523,21,elephant foot yam,rich red Loamy soil
54653,0.6199581131413862,1.4177413322789671,-1.1127094486959972,1.114202454544477,0.5790459587834081,2.468824776344097,0.9115663802643573,1.1006226647270516,0.38853306934341325,0.0977061949463623,-0.05152202143809151,-0.4560483199373621,21,elephant foot yam,rich red Loamy soil
54699,0.6199581131413862,1.4177413322789671,1.9374894828955906,1.114202454544477,-0.6519615575001118,2.468824776344097,0.07559268906152691,1.0012726305581992,0.531048429673665,-0.31333498347697825,-0.37231234580207406,-0.59817180414731,21,elephant foot yam,rich red Loamy soil
54703,0.6199581131413862,1.4177413322789671,1.4291229942969927,1.114202454544477,-1.5752171947127527,2.468824776344097,0.5703526287529982,1.2151277888538643,0.4403568367362322,0.30470534954804473,0.6250539354023081,0.0832920816798762,21,elephant foot yam,rich red Loamy soil
54741,0.6199581131413862,1.4177413322789671,1.9374894828955906,1.114202454544477,0.27129407971252784,2.468824776344097,0.8262629423865175,1.3265457650262777,0.49218060412905057,0.03264931778583389,-0.1740055998316118,-0.05518721062725248,21,elephant foot yam,rich red Loamy soil
54755,0.6199581131413862,1.4177413322789671,-1.1127094486959972,1.114202454544477,-0.3442096784292314,2.468824776344097,0.8433236299620851,1.5530301649535767,0.38853306934341325,-0.3044635911369062,0.3042636110383256,-0.13900362439209374,21,elephant foot yam,rich red Loamy soil
54756,0.6199581131413862,1.4177413322789671,1.9374894828955906,-0.8975029591088394,-0.9597134365709921,2.468824776344097,0.31444231511947873,1.7174909559788518,0.4619500731499067,-0.4138774299977956,-0.16234049712746723,-0.3685877142697019,21,elephant foot yam,rich red Loamy soil
54766,0.6199581131413862,1.4177413322789671,1.4291229942969927,-0.8975029591088394,-1.1135893761064315,2.468824776344097,1.1333553187467404,0.7708591332343921,0.40148901119161784,-0.31333498347697825,-0.3489821403937841,-0.22282003815693474,21,elephant foot yam,rich red Loamy soil
54852,0.6199581131413862,1.4177413322789671,1.9374894828955906,-0.8975029591088394,-0.3442096784292314,2.468824776344097,0.33150300269504634,0.38131719135199976,0.49649925141178586,0.1331917643066508,-0.10984753495881562,-0.08069655394698683,21,elephant foot yam,rich red Loamy soil
54856,0.6199581131413862,1.4177413322789671,1.4291229942969927,-0.8975029591088394,0.5790459587834081,2.468824776344097,1.7134186963160507,0.7551427436483593,0.5483230188046049,-0.6060909306993578,-0.2673264214647704,-0.2957038762133183,21,elephant foot yam,rich red Loamy soil
54884,0.6199581131413862,1.4177413322789671,-1.1127094486959972,-0.8975029591088394,-1.1135893761064315,2.468824776344097,1.082173256020037,1.1817304609835442,0.4403568367362322,-0.5144198765186127,0.6367190381064531,-0.18637811912874294,21,elephant foot yam,rich red Loamy soil
54891,0.6199581131413862,1.4177413322789671,1.9374894828955906,1.114202454544477,-1.729093134248192,2.468824776344097,1.3210228820779881,1.0980968164007245,0.4317195421707623,-0.4523201301381079,0.6775468975709598,0.024985011234769292,21,elephant foot yam,rich red Loamy soil
54904,0.6199581131413862,1.4177413322789671,1.4291229942969927,-0.8975029591088394,-1.729093134248192,2.468824776344097,1.30396219450242,1.1724690171203456,0.5137738405427251,0.4229905807490061,0.1409521731802983,0.061426930262961074,21,elephant foot yam,rich red Loamy soil
54945,0.6199581131413862,1.4177413322789671,1.9374894828955906,1.114202454544477,-0.036457799358352465,2.468824776344097,1.0139305057177648,1.4825870616304637,0.40148901119161784,-0.11816435199539212,0.2459380975176015,-0.48884604706273466,21,elephant foot yam,rich red Loamy soil
54962,0.6199581131413862,1.4177413322789671,-1.1127094486959972,-0.8975029591088394,0.11741814017708838,2.468824776344097,1.5428118205603711,0.9869594900423477,0.49218060412905057,-0.34586342205724285,-0.261493870112698,0.11973400070806799,21,elephant foot yam,rich red Loamy soil
54964,0.6199581131413862,1.4177413322789671,1.4291229942969927,-0.8975029591088394,-0.9597134365709921,2.468824776344097,0.48504919087515835,0.9878014394844565,0.5612789606528095,-0.06493599795495958,0.4267471894318463,0.11244561690242978,21,elephant foot yam,rich red Loamy soil
54980,0.6199581131413862,1.4177413322789671,-1.1127094486959972,-0.8975029591088394,-1.5752171947127527,2.468824776344097,1.5428118205603711,0.9580525591966084,0.49649925141178586,0.5057902425896794,-0.4014751025624361,-0.12078266487799784,21,elephant foot yam,rich red Loamy soil
55037,0.8110716651870262,1.4177413322789671,1.4291229942969927,1.114202454544477,-0.036457799358352465,-0.5829128908453088,-0.0438321239674487,-1.3112818371009611,1.0924725764292025,0.7926319282520105,-0.2381636647044084,0.006764051720673401,14,cauliflower,sandy Loamy soil
55048,0.8110716651870262,1.4177413322789671,1.9374894828955906,-0.8975029591088394,-0.036457799358352465,-0.9324927474583368,0.0073499387592553065,-1.2397161345217032,1.062242045450058,1.0085024751937652,-0.23233111335233592,-0.062475594432890934,14,cauliflower,sandy Loamy soil
55065,0.8110716651870262,1.4177413322789671,-1.1127094486959972,1.114202454544477,0.27129407971252784,-0.7756542171941134,-0.8798058151702786,-1.3575890564169515,1.1831641693666353,0.9493598595932846,-0.045689470086019014,-0.5799508446332141,14,cauliflower,sandy Loamy soil
55089,0.8110716651870262,1.4177413322789671,-1.1127094486959972,1.114202454544477,-0.036457799358352465,-0.4884318485174634,0.5191705660262941,-1.126894909279108,1.036330161753649,0.5471900735100156,-0.13317774036710517,-0.1608687758090086,14,cauliflower,sandy Loamy soil
55103,0.8110716651870262,1.4177413322789671,1.4291229942969927,1.114202454544477,0.27129407971252784,-0.9306031266117798,-1.9205077572799243,-1.411193170897886,1.0320115144709137,0.7127893971913618,0.14678472453237076,-0.31028064382459497,14,cauliflower,sandy Loamy soil
55112,0.8110716651870262,1.4177413322789671,1.4291229942969927,-0.8975029591088394,-0.036457799358352465,-0.41284701465518714,-2.3129035715179875,-1.2315772899146502,1.2263506421939845,0.34610518046838135,0.45007739484013587,-0.14993620010055117,14,cauliflower,sandy Loamy soil
55138,0.8110716651870262,1.4177413322789671,1.9374894828955906,-0.8975029591088394,-0.036457799358352465,-0.6717250706334835,-0.0438321239674487,-1.2610455203884625,1.1831641693666353,-0.01762190547457478,0.1934451353489499,-0.10620589726672092,14,cauliflower,sandy Loamy soil
55173,0.8110716651870262,1.4177413322789671,-1.1127094486959972,1.114202454544477,0.27129407971252784,-0.18042365052868753,-2.7052993857560503,-1.1066881226684941,1.1054285182774073,0.6773038278310733,0.3159287137424706,-0.19366650293438142,14,cauliflower,sandy Loamy soil
55189,0.8110716651870262,1.4177413322789671,1.9374894828955906,1.114202454544477,-0.036457799358352465,-0.9929606145481579,0.26326025239277473,-1.2335418386129045,1.1183844601256119,0.6270326045706647,-0.12734518901503267,-0.20824327054565808,14,cauliflower,sandy Loamy soil
55191,0.8110716651870262,1.4177413322789671,-1.1127094486959972,1.114202454544477,-0.19033373889379193,-0.9948502353947146,-1.6304760684952693,-1.1659052334301547,1.0665606927327933,0.8044604513721068,0.3742542272631947,-0.4487599361317239,14,cauliflower,sandy Loamy soil
55251,0.8110716651870262,1.4177413322789671,-1.1127094486959972,1.114202454544477,0.27129407971252784,-0.7567580087285444,-2.022871882733332,-1.1757279769214255,1.1918014639321053,0.6625181739309531,0.27510085427796355,0.021340819331950322,14,cauliflower,sandy Loamy soil
55269,0.8110716651870262,1.4177413322789671,-1.1127094486959972,1.114202454544477,-0.19033373889379193,-0.34671028502569534,-2.7052993857560503,-1.4036156259189059,1.1270217546910817,1.0025882136337172,0.030133697490922567,-0.5325763498965649,14,cauliflower,sandy Loamy soil
55294,0.8110716651870262,1.4177413322789671,1.9374894828955906,-0.8975029591088394,-0.036457799358352465,-0.5942506159246501,-2.142296695762308,-1.2893911516061294,1.1874828166493707,0.76306062045177,0.5433982164732946,-0.10620589726672092,14,cauliflower,sandy Loamy soil
55325,0.8110716651870262,1.4177413322789671,1.4291229942969927,1.114202454544477,-0.036457799358352465,-0.662276966400699,0.1438354393637991,-1.3626407530696052,1.0320115144709137,0.6033755583304724,-0.44230296202694275,-0.015101099696241462,14,cauliflower,sandy Loamy soil
55420,0.8110716651870262,1.4177413322789671,1.9374894828955906,-0.8975029591088394,0.11741814017708838,-0.36560649349126445,-2.7735421360583223,-1.212773752374218,1.1270217546910817,0.745317835771626,0.012636043434705087,-0.5690182689247567,14,cauliflower,sandy Loamy soil
55424,0.8110716651870262,1.4177413322789671,1.4291229942969927,-0.8975029591088394,-0.036457799358352465,-0.9192654015324383,-2.9100276366628663,-1.1280175085352535,1.062242045450058,0.19529151068715578,-0.3548146917458566,-0.5289321579937457,14,cauliflower,sandy Loamy soil
55432,0.8110716651870262,1.4177413322789671,1.9374894828955906,-0.8975029591088394,-0.036457799358352465,-0.335372559946354,0.502109878450726,-1.3303660244554298,1.1831641693666353,0.5324044196098955,0.14678472453237076,-0.15722458390618962,14,cauliflower,sandy Loamy soil
55490,0.8110716651870262,1.4177413322789671,1.4291229942969927,-0.8975029591088394,-0.036457799358352465,-0.7945504256596825,-2.074053945460036,-1.3704989478626217,1.2436252313249243,0.2041629030272278,-0.4248053079707257,-0.4268947847148088,14,cauliflower,sandy Loamy soil
55505,0.8110716651870262,1.4177413322789671,1.4291229942969927,1.114202454544477,0.11741814017708838,-0.17853402968213047,0.1950175020905025,-1.3620794534415326,1.1442963438220215,0.02377792544576145,0.17011492994066033,-0.09162912965544426,14,cauliflower,sandy Loamy soil
55514,0.8110716651870262,1.4177413322789671,1.4291229942969927,-0.8975029591088394,0.11741814017708838,-0.6547184830144712,-2.534692510000371,-1.4067027738733051,1.027692867188179,0.8281174976122989,0.2051102380530949,-0.12807104868363606,14,cauliflower,sandy Loamy soil
55522,0.8110716651870262,1.4177413322789671,1.9374894828955906,-0.8975029591088394,-0.036457799358352465,-0.9816228894688164,-0.4874100009322159,-1.118475414858019,1.2349879367594543,0.7512320973316742,0.1292870704761533,-0.26290614908794574,14,cauliflower,sandy Loamy soil
55612,0.8110716651870262,1.4177413322789671,1.9374894828955906,-0.8975029591088394,-0.036457799358352465,-0.8247843592045929,-1.715779506373109,-1.164221334545937,1.1615709329529609,0.8458602822924434,-0.32565193498549455,-0.5908834203416719,14,cauliflower,sandy Loamy soil
55616,0.8110716651870262,1.4177413322789671,1.4291229942969927,-0.8975029591088394,0.27129407971252784,-0.3769442185706058,0.16089612693936672,-1.388179886146909,1.1961201112148405,0.0770062794861944,0.1351196218282258,-0.01874529159906069,14,cauliflower,sandy Loamy soil
55676,0.8110716651870262,1.4177413322789671,1.4291229942969927,-0.8975029591088394,-0.036457799358352465,-0.8776937429081865,-0.4703493133566477,-1.1577663888231018,1.1486149911047563,0.5619757274101358,0.4384122921359913,-0.5034228146740116,14,cauliflower,sandy Loamy soil
55688,0.8110716651870262,1.4177413322789671,1.4291229942969927,-0.8975029591088394,-0.19033373889379193,-0.9551681976170197,0.09265337663709511,-1.391828333729381,1.088153929146468,0.18346298756705948,0.36842167591112224,-0.34672256285278674,14,cauliflower,sandy Loamy soil
55728,0.8110716651870262,1.4177413322789671,-1.1127094486959972,-0.8975029591088394,0.27129407971252784,-0.8512390510563898,-0.5727134388100558,-1.2961267471430007,1.0320115144709137,0.2603483878476842,0.2051102380530949,-0.10620589726672092,14,cauliflower,sandy Loamy soil
55776,0.8110716651870262,1.4177413322789671,-1.1127094486959972,-0.8975029591088394,0.11741814017708838,-0.29758014301521585,-3.182998637871954,-1.4162448675505397,1.1788455220839007,0.9050028978929241,-0.2964891782251325,-0.16451296771182783,14,cauliflower,sandy Loamy soil
55791,0.8110716651870262,1.4177413322789671,-1.1127094486959972,1.114202454544477,0.11741814017708838,-1.0042983396274991,-2.0399325703089,-1.3629214028836414,1.1227031074083471,0.47621893478943905,0.1351196218282258,-0.03696625111315659,14,cauliflower,sandy Loamy soil
55798,0.8110716651870262,1.4177413322789671,1.9374894828955906,-0.8975029591088394,0.11741814017708838,-0.21065758407359794,-2.3982070093958274,-1.4159642177365033,1.0665606927327933,0.6004184275504482,0.035966248842994646,0.09058046548551466,14,cauliflower,sandy Loamy soil
55802,0.8110716651870262,1.4177413322789671,1.4291229942969927,-0.8975029591088394,0.11741814017708838,-0.8002192881993532,-0.9821699406236866,-1.115668916717656,1.1874828166493707,0.6625181739309531,-0.302321729577205,-0.4013854413950744,14,cauliflower,sandy Loamy soil
55819,0.8110716651870262,1.4177413322789671,1.9374894828955906,1.114202454544477,0.27129407971252784,-0.45630829412599594,-0.7262596269901671,-1.311001187286925,1.070879340015528,0.9552741211533323,0.09429176236371875,-0.5252879660909264,14,cauliflower,sandy Loamy soil
55837,0.8110716651870262,1.4177413322789671,1.9374894828955906,1.114202454544477,0.11741814017708838,-0.883362605447857,-0.3679851879032397,-1.321385230406268,1.2177133476285151,0.3224481342281892,-0.3606472430979291,-0.3795202899781593,14,cauliflower,sandy Loamy soil
55839,0.8110716651870262,1.4177413322789671,-1.1127094486959972,1.114202454544477,-0.19033373889379193,-0.7699853546544427,0.1097140642126627,-1.2321385895427228,1.1788455220839007,0.8724744593126594,-0.4131402052665807,-0.5435089256050223,14,cauliflower,sandy Loamy soil
55845,0.8110716651870262,1.4177413322789671,-1.1127094486959972,1.114202454544477,-0.036457799358352465,-0.3410414224860247,0.2461995648172065,-1.2206319471672344,1.1745268748011661,0.22486281848739612,-0.3664797944500016,-0.13171524058645528,14,cauliflower,sandy Loamy soil
55857,0.8110716651870262,1.4177413322789671,-1.1127094486959972,1.114202454544477,0.27129407971252784,-0.8795833637547433,-0.45328862578107953,-1.1858313702267325,1.2220319949112497,-0.011707643914526628,0.46174249754428087,-0.2774829166992224,14,cauliflower,sandy Loamy soil
55888,0.8110716651870262,1.4177413322789671,1.9374894828955906,-0.8975029591088394,-0.036457799358352465,-1.0175256855533976,-1.0674733785015265,-1.2742360616481687,1.1183844601256119,0.7541892281116981,0.3742542272631947,-0.4560483199373621,14,cauliflower,sandy Loamy soil
55939,0.8110716651870262,1.4177413322789671,1.9374894828955906,1.114202454544477,-0.036457799358352465,-0.7510891461888737,-0.1461962494208567,-1.1305433568615801,1.070879340015528,0.5590185966301119,-0.3489821403937841,-0.5799508446332141,14,cauliflower,sandy Loamy soil
55944,0.8110716651870262,1.4177413322789671,-1.1127094486959972,-0.8975029591088394,0.27129407971252784,-0.5885817533849794,-0.6921382518390313,-1.0999525271316228,1.0320115144709137,0.03264931778583389,0.26926830292589105,-0.2592619571851265,14,cauliflower,sandy Loamy soil
55979,0.8110716651870262,1.4177413322789671,1.4291229942969927,1.114202454544477,0.11741814017708838,-0.9400512308445643,-2.074053945460036,-1.3079140393325255,1.165889580235696,0.25739125706766036,0.5025703570087875,0.028629203137588523,14,cauliflower,sandy Loamy soil
55981,0.8110716651870262,1.4177413322789671,1.9374894828955906,1.114202454544477,-0.036457799358352465,-0.556458198993512,-0.7945023772924388,-1.2804103575569674,1.2047574057803099,0.8488174130724673,-0.11568008631088769,-0.5653740770219374,14,cauliflower,sandy Loamy soil
56041,0.8110716651870262,-1.0687588504872214,-1.621075937294595,1.114202454544477,-0.49808561796467227,-0.7416410419560892,-1.1527768163793661,-0.6629807666770945,0.10782099596564443,-0.22757819085628148,-0.32565193498549455,-0.2009548867400196,41,small onion,sandy Loamy soil
56138,0.8110716651870262,-1.0687588504872214,-0.09597647149880119,-0.8975029591088394,-0.3442096784292314,-0.5942506159246501,-1.3916264424373173,-0.5728921763714403,-0.0735621899092217,0.5353615503899197,0.16428237858858785,-0.6018159960501293,41,small onion,sandy Loamy soil
56164,0.8110716651870262,-1.0687588504872214,-0.6043429600973992,-0.8975029591088394,0.4251700192479687,-0.6112572035436624,-0.1973783121475601,-0.4741034418306608,-0.16857243012938972,0.1450202874267471,0.6542166921626702,-0.47426927945145797,41,small onion,sandy Loamy soil
56185,0.8110716651870262,-1.0687588504872214,0.4123900170997968,1.114202454544477,-0.8058374970355525,-0.4846526068243496,-0.8286237524435751,-0.39215369613205936,-0.22471484480494336,-0.19504975227601684,0.5142354597129325,0.021340819331950322,41,small onion,sandy Loamy soil
56193,0.8110716651870262,-1.0687588504872214,-0.09597647149880119,1.114202454544477,0.11741814017708838,-0.3845027019568335,-1.2039588791060702,-0.4148863310690002,0.12077693781384902,-0.6001766691393097,0.28676595698210855,-0.3175690276302334,41,small onion,sandy Loamy soil
56204,0.8110716651870262,-1.0687588504872214,-0.6043429600973992,-0.8975029591088394,0.11741814017708838,-0.4317432231207562,-0.4362279382055119,-0.48420683513596785,0.0862277595519699,-0.22757819085628148,-0.09234988090259813,-0.32850160333869083,41,small onion,sandy Loamy soil
56209,0.8110716651870262,-1.0687588504872214,-0.6043429600973992,1.114202454544477,0.4251700192479687,-0.4411913273535407,-0.9651092530481183,-0.5484756425502818,0.10782099596564443,-0.5025913533985166,-0.3081542809292775,-0.4779134713542772,41,small onion,sandy Loamy soil
56215,0.8110716651870262,-1.0687588504872214,0.4123900170997968,1.114202454544477,-0.6519615575001118,-0.6773939331731542,-0.0779534991185845,-0.43144467009714216,-0.06924354262648703,0.298791087987997,0.2576032002217465,0.08693627358269543,41,small onion,sandy Loamy soil
56253,0.8110716651870262,-1.0687588504872214,-0.09597647149880119,1.114202454544477,-0.6519615575001118,-0.46764601920533755,-0.6750775642634631,-0.4684904455499347,-0.008782480668198128,0.2810483033078525,0.28093340563003605,-0.22282003815693474,41,small onion,sandy Loamy soil
56254,0.8110716651870262,-1.0687588504872214,-0.6043429600973992,-0.8975029591088394,0.11741814017708838,-0.7132967292577356,-1.3233836921350457,-0.49318762918512943,-0.16857243012938972,-0.056064605614887145,-0.03985691873394653,-0.4268947847148088,41,small onion,sandy Loamy soil
56287,0.8110716651870262,-1.0687588504872214,0.9207565056983947,1.114202454544477,-0.9597134365709921,-0.497879952750248,-1.135716128803798,-0.6295834388067741,-0.10811136817110081,-0.06789312873498345,0.024301146138850073,-0.4779134713542772,41,small onion,sandy Loamy soil
56306,0.8110716651870262,-1.0687588504872214,-1.621075937294595,-0.8975029591088394,-0.49808561796467227,-0.4959903319036912,-0.6238955015367591,-0.40225708943736643,-0.004463833385463468,0.31653387266814104,0.3334263677986877,-0.10256170536390195,41,small onion,sandy Loamy soil
56308,0.8110716651870262,-1.0687588504872214,-0.09597647149880119,-0.8975029591088394,-0.19033373889379193,-0.5923609950780934,-0.09501418669415271,-0.49599412732549253,0.1337328796620536,0.1331917643066508,0.3859193299673393,-0.0770523620441676,41,small onion,sandy Loamy soil
56312,0.8110716651870262,-1.0687588504872214,0.9207565056983947,-0.8975029591088394,-0.8058374970355525,-0.4393017065069839,-0.3168031251765363,-0.4665258968516804,-0.004463833385463468,-0.3192492450370264,0.14678472453237076,-0.051543018724433246,41,small onion,sandy Loamy soil
56347,0.8110716651870262,-1.0687588504872214,0.9207565056983947,1.114202454544477,-0.19033373889379193,-0.6906212790990526,-0.18031762457199252,-0.542301346641483,0.11213964324837908,-0.25123523709647366,-0.3606472430979291,-0.17180135151746628,41,small onion,sandy Loamy soil
56382,0.8110716651870262,-1.0687588504872214,0.9207565056983947,-0.8975029591088394,-0.19033373889379193,-0.620705307776447,-0.6238955015367591,-0.45137080689371994,-0.21175890295673877,-0.3902203837576034,-0.22066601064819133,-0.19002231103156217,41,small onion,sandy Loamy soil
56386,0.8110716651870262,-1.0687588504872214,-1.621075937294595,-0.8975029591088394,-0.036457799358352465,-0.5961402367712072,-0.9480485654725508,-0.6506321748594971,-0.21175890295673877,0.37863361904864556,0.6483841408105977,-0.062475594432890934,41,small onion,sandy Loamy soil
56439,0.8110716651870262,-1.0687588504872214,-0.6043429600973992,1.114202454544477,-0.8058374970355525,-0.5545685781469551,-0.8286237524435751,-0.5190074120764697,-0.15561648828118513,0.49691885024960697,0.3509240218549051,-0.1608687758090086,41,small onion,sandy Loamy soil
56450,0.8110716651870262,-1.0687588504872214,0.4123900170997968,-0.8975029591088394,-0.3442096784292314,-0.6887316582524955,-1.4428085051640214,-0.6259349912243023,-0.11243001545383609,-0.07972165185507976,0.5317331137691496,0.09786884929115286,41,small onion,sandy Loamy soil
56484,0.8110716651870262,-1.0687588504872214,-0.6043429600973992,-0.8975029591088394,0.27129407971252784,-0.4770941234381221,-1.1015947536526622,-0.6147089986628501,-0.23767078665314795,0.33427665734828504,0.40341698402355675,-0.2155316543512963,41,small onion,sandy Loamy soil
56525,0.8110716651870262,-1.0687588504872214,0.4123900170997968,1.114202454544477,0.11741814017708838,-0.537561990527943,-1.1527768163793661,-0.5905731146557277,0.008492108462741737,0.44073336542915054,-0.15650794577539473,-0.3139248357274142,41,small onion,sandy Loamy soil
56577,0.8110716651870262,-1.0687588504872214,0.9207565056983947,1.114202454544477,-0.8058374970355525,-0.6452703787816867,-0.45328862578107953,-0.4561418537323373,0.07327181770376531,-0.14182139823558432,0.32759381644661517,-0.15722458390618962,41,small onion,sandy Loamy soil
56581,0.8110716651870262,-1.0687588504872214,-1.621075937294595,1.114202454544477,-0.6519615575001118,-0.5488997156072846,-0.2656210624498323,-0.5860827176311467,0.09486505411743984,-0.2571494986565218,-0.16817304847953973,-0.4779134713542772,41,small onion,sandy Loamy soil
56588,0.8110716651870262,-1.0687588504872214,-0.09597647149880119,-0.8975029591088394,-0.19033373889379193,-0.40528853126895936,-0.29974243760096814,-0.3949601942724224,-0.19880296110853418,-0.3872632529775791,0.6483841408105977,-0.24832938147666908,41,small onion,sandy Loamy soil
56591,0.8110716651870262,-1.0687588504872214,-1.621075937294595,1.114202454544477,-0.49808561796467227,-0.5659063032262965,-0.5556527512344875,-0.6307060380629194,-0.02173842251640272,0.22486281848739612,0.6833794489230323,0.076003697874238,41,small onion,sandy Loamy soil
56624,0.8110716651870262,-1.0687588504872214,-0.6043429600973992,-0.8975029591088394,-0.49808561796467227,-0.620705307776447,-0.6409561891123273,-0.6155509481049589,0.10350234868290915,0.5471900735100156,0.6075562813460911,0.06871531406859954,41,small onion,sandy Loamy soil
56662,0.8110716651870262,-1.0687588504872214,0.9207565056983947,-0.8975029591088394,0.11741814017708838,-0.6509392413213574,-0.6750775642634631,-0.4971167265816377,-0.22903349208767804,-0.18617835993594484,-0.13901029171917767,-0.38680867378379774,41,small onion,sandy Loamy soil
56787,0.8110716651870262,-1.0687588504872214,0.9207565056983947,1.114202454544477,-0.036457799358352465,-0.4941007110571341,-0.7774416897168711,-0.41993802772165356,0.02144805031094633,0.2958339572079727,-0.08068477819845356,-0.12078266487799784,41,small onion,sandy Loamy soil
56794,0.8110716651870262,-1.0687588504872214,-0.6043429600973992,-0.8975029591088394,-0.49808561796467227,-0.6736146914800403,-0.5385920636589193,-0.437618966005941,0.09918370140017449,0.4259477115290304,0.45590994619220837,-0.5763066527303952,41,small onion,sandy Loamy soil
56824,0.8110716651870262,-1.0687588504872214,-0.6043429600973992,-0.8975029591088394,0.11741814017708838,-0.458197914972553,-0.5215313760833518,-0.5310753540800307,-0.21607755023947342,-0.01762190547457478,0.520068011065005,0.0942246573883339,41,small onion,sandy Loamy soil
56833,0.8110716651870262,-1.0687588504872214,-0.09597647149880119,1.114202454544477,-0.49808561796467227,-0.3845027019568335,-1.238080254257206,-0.6152702982909225,-0.1469791937157152,-0.28967793723678603,-0.3548146917458566,-0.5799508446332141,41,small onion,sandy Loamy soil
56840,0.8110716651870262,-1.0687588504872214,0.4123900170997968,-0.8975029591088394,-0.6519615575001118,-0.41284701465518714,-0.0779534991185845,-0.485329434392113,-0.1253859573020407,-0.3369920297171704,-0.3781448971541462,-0.5763066527303952,41,small onion,sandy Loamy soil
56845,0.8110716651870262,-1.0687588504872214,0.4123900170997968,1.114202454544477,0.5790459587834081,-0.41095739380863033,-1.1015947536526622,-0.6074121034979061,-0.07788083719195636,-0.2748922833366659,0.08262665965957418,-0.0770523620441676,41,small onion,sandy Loamy soil
56854,0.8110716651870262,-1.0687588504872214,-0.6043429600973992,-0.8975029591088394,0.5790459587834081,-0.5583478198400691,-1.2210195666816377,-0.633231886389246,-0.13834189915024528,-0.13590713667553617,-0.20900090794404635,-0.4524041280345429,41,small onion,sandy Loamy soil
56872,0.8110716651870262,-1.0687588504872214,0.9207565056983947,-0.8975029591088394,-0.036457799358352465,-0.3901715644965042,-1.3916264424373173,-0.3896278478057326,-0.013101127950932786,0.4259477115290304,0.6542166921626702,-0.011456907793422491,41,small onion,sandy Loamy soil
56879,0.8110716651870262,-1.0687588504872214,-0.6043429600973992,1.114202454544477,0.27129407971252784,-0.46197715666566663,-0.8456844400191428,-0.44968690800950206,-0.14266054643297993,-0.01762190547457478,-0.13317774036710517,-0.3977412494922552,41,small onion,sandy Loamy soil
56918,0.8110716651870262,-1.0687588504872214,-0.09597647149880119,-0.8975029591088394,0.27129407971252784,-0.39395080618961803,-1.3233836921350457,-0.47859383885524176,-0.15129784099844987,-0.5617339689989973,-0.2498287674085534,0.057782738360142104,41,small onion,sandy Loamy soil
56920,0.8110716651870262,-1.0687588504872214,0.4123900170997968,-0.8975029591088394,-0.036457799358352465,-0.42040549804141486,-1.28926231698391,-0.6438965793226259,0.15100746879299348,0.21007716458727596,-0.302321729577205,0.010408243623492632,41,small onion,sandy Loamy soil
56942,0.8110716651870262,-1.0687588504872214,0.9207565056983947,-0.8975029591088394,-0.6519615575001118,-0.701959004178394,-0.6068348139611915,-0.4033796886935116,-0.09515542632289622,0.36976222670857356,-0.09818243225467063,-0.4013854413950744,41,small onion,sandy Loamy soil
56959,0.8110716651870262,-1.0687588504872214,-0.6043429600973992,1.114202454544477,0.5790459587834081,-0.4770941234381221,-1.340444379710614,-0.5338818522203939,-0.22471484480494336,-0.4434487377980359,-0.1215126376629602,-0.5653740770219374,41,small onion,sandy Loamy soil
